+ define_corners nom_fast_1p32V_m40C
Reading timing models for corner nom_fast_1p32V_m40C…
Reading cell library for the 'nom_fast_1p32V_m40C' corner at '/home/designer/projects/CNN4IC/IHP-Open-PDK/ihp-sg13g2/libs.ref/sg13g2_stdcell/lib/sg13g2_stdcell_fast_1p32V_m40C.lib'…
Reading cell library for the 'nom_fast_1p32V_m40C' corner at '/home/designer/projects/CNN4IC/IHP-Open-PDK/ihp-sg13g2/libs.ref/sg13g2_io/lib/sg13g2_io_fast_1p32V_3p6V_m40C.lib'…
Reading top-level netlist at '/home/designer/projects/CNN4IC/unic_cass_wrapper_user_project/user_project_example/runs/user_project_run/06-yosys-synthesis/user_project_example.nl.v'…
Linking design 'user_project_example' from netlist…
Reading design constraints file at '/nix/store/w99sjyq5j8hvscxr5zh2x597anf2hadx-python3-3.13.9-env/lib/python3.13/site-packages/librelane/scripts/base.sdc'…
[INFO] Using clock clk_i…
[INFO] Setting output delay to: 2
[INFO] Setting input delay to: 2
[INFO] Setting load to: 0.006
[INFO] Setting clock uncertainty to: 0.25
[INFO] Setting clock transition to: 0.15
[INFO] Setting timing derate to: 5%
%OL_CREATE_REPORT min.rpt

===========================================================================
report_checks -path_delay min (Hold)
============================================================================
======================= nom_fast_1p32V_m40C Corner ===================================

Startpoint: _200_ (rising edge-triggered flip-flop clocked by clk_i)
Endpoint: _199_ (rising edge-triggered flip-flop clocked by clk_i)
Path Group: clk_i
Path Type: min

Fanout         Cap        Slew       Delay        Time   Description
---------------------------------------------------------------------------------------------
                      0.150000    0.000000    0.000000   clock clk_i (rise edge)
                                  0.000000    0.000000   clock network delay (ideal)
                      0.150000    0.000000    0.000000 ^ _200_/CLK (sg13g2_dfrbpq_1)
     2    0.008522    0.024804    0.160609    0.160609 v _200_/Q (sg13g2_dfrbpq_1)
                                                         spm_inst.tcmp.z (net)
                      0.024804    0.000000    0.160609 v _164_/A (sg13g2_xnor2_1)
     1    0.001523    0.018182    0.038503    0.199111 v _164_/Y (sg13g2_xnor2_1)
                                                         _015_ (net)
                      0.018182    0.000000    0.199111 v _199_/D (sg13g2_dfrbpq_1)
                                              0.199111   data arrival time

                      0.150000    0.000000    0.000000   clock clk_i (rise edge)
                                  0.000000    0.000000   clock network delay (ideal)
                                  0.250000    0.250000   clock uncertainty
                                  0.000000    0.250000   clock reconvergence pessimism
                                              0.250000 ^ _199_/CLK (sg13g2_dfrbpq_1)
                                 -0.001011    0.248989   library hold time
                                              0.248989   data required time
---------------------------------------------------------------------------------------------
                                              0.248989   data required time
                                             -0.199111   data arrival time
---------------------------------------------------------------------------------------------
                                             -0.049878   slack (VIOLATED)


Startpoint: _200_ (rising edge-triggered flip-flop clocked by clk_i)
Endpoint: _200_ (rising edge-triggered flip-flop clocked by clk_i)
Path Group: clk_i
Path Type: min

Fanout         Cap        Slew       Delay        Time   Description
---------------------------------------------------------------------------------------------
                      0.150000    0.000000    0.000000   clock clk_i (rise edge)
                                  0.000000    0.000000   clock network delay (ideal)
                      0.150000    0.000000    0.000000 ^ _200_/CLK (sg13g2_dfrbpq_1)
     2    0.008522    0.024804    0.160609    0.160609 v _200_/Q (sg13g2_dfrbpq_1)
                                                         spm_inst.tcmp.z (net)
                      0.024804    0.000000    0.160609 v _163_/A_N (sg13g2_nand2b_1)
     1    0.001523    0.017845    0.047592    0.208201 v _163_/Y (sg13g2_nand2b_1)
                                                         _016_ (net)
                      0.017845    0.000000    0.208201 v _200_/D (sg13g2_dfrbpq_1)
                                              0.208201   data arrival time

                      0.150000    0.000000    0.000000   clock clk_i (rise edge)
                                  0.000000    0.000000   clock network delay (ideal)
                                  0.250000    0.250000   clock uncertainty
                                  0.000000    0.250000   clock reconvergence pessimism
                                              0.250000 ^ _200_/CLK (sg13g2_dfrbpq_1)
                                 -0.000932    0.249068   library hold time
                                              0.249068   data required time
---------------------------------------------------------------------------------------------
                                              0.249068   data required time
                                             -0.208201   data arrival time
---------------------------------------------------------------------------------------------
                                             -0.040867   slack (VIOLATED)


Startpoint: _171_ (rising edge-triggered flip-flop clocked by clk_i)
Endpoint: _171_ (rising edge-triggered flip-flop clocked by clk_i)
Path Group: clk_i
Path Type: min

Fanout         Cap        Slew       Delay        Time   Description
---------------------------------------------------------------------------------------------
                      0.150000    0.000000    0.000000   clock clk_i (rise edge)
                                  0.000000    0.000000   clock network delay (ideal)
                      0.150000    0.000000    0.000000 ^ _171_/CLK (sg13g2_dfrbpq_1)
     3    0.012625    0.032847    0.167391    0.167391 v _171_/Q (sg13g2_dfrbpq_1)
                                                         spm_inst.genblk1[14].csa.sc (net)
                      0.032847    0.000000    0.167391 v _079_/A (sg13g2_nand2_1)
     1    0.003500    0.019759    0.024212    0.191603 ^ _079_/Y (sg13g2_nand2_1)
                                                         _066_ (net)
                      0.019759    0.000000    0.191603 ^ _083_/B1 (sg13g2_o21ai_1)
     1    0.001523    0.017007    0.024358    0.215961 v _083_/Y (sg13g2_o21ai_1)
                                                         _005_ (net)
                      0.017007    0.000000    0.215961 v _171_/D (sg13g2_dfrbpq_1)
                                              0.215961   data arrival time

                      0.150000    0.000000    0.000000   clock clk_i (rise edge)
                                  0.000000    0.000000   clock network delay (ideal)
                                  0.250000    0.250000   clock uncertainty
                                  0.000000    0.250000   clock reconvergence pessimism
                                              0.250000 ^ _171_/CLK (sg13g2_dfrbpq_1)
                                 -0.000736    0.249264   library hold time
                                              0.249264   data required time
---------------------------------------------------------------------------------------------
                                              0.249264   data required time
                                             -0.215961   data arrival time
---------------------------------------------------------------------------------------------
                                             -0.033303   slack (VIOLATED)


Startpoint: _173_ (rising edge-triggered flip-flop clocked by clk_i)
Endpoint: _173_ (rising edge-triggered flip-flop clocked by clk_i)
Path Group: clk_i
Path Type: min

Fanout         Cap        Slew       Delay        Time   Description
---------------------------------------------------------------------------------------------
                      0.150000    0.000000    0.000000   clock clk_i (rise edge)
                                  0.000000    0.000000   clock network delay (ideal)
                      0.150000    0.000000    0.000000 ^ _173_/CLK (sg13g2_dfrbpq_1)
     3    0.012625    0.032847    0.167391    0.167391 v _173_/Q (sg13g2_dfrbpq_1)
                                                         spm_inst.genblk1[13].csa.sc (net)
                      0.032847    0.000000    0.167391 v _085_/A (sg13g2_nand2_1)
     1    0.003500    0.019759    0.024212    0.191603 ^ _085_/Y (sg13g2_nand2_1)
                                                         _070_ (net)
                      0.019759    0.000000    0.191603 ^ _089_/B1 (sg13g2_o21ai_1)
     1    0.001523    0.017007    0.024358    0.215961 v _089_/Y (sg13g2_o21ai_1)
                                                         _004_ (net)
                      0.017007    0.000000    0.215961 v _173_/D (sg13g2_dfrbpq_1)
                                              0.215961   data arrival time

                      0.150000    0.000000    0.000000   clock clk_i (rise edge)
                                  0.000000    0.000000   clock network delay (ideal)
                                  0.250000    0.250000   clock uncertainty
                                  0.000000    0.250000   clock reconvergence pessimism
                                              0.250000 ^ _173_/CLK (sg13g2_dfrbpq_1)
                                 -0.000736    0.249264   library hold time
                                              0.249264   data required time
---------------------------------------------------------------------------------------------
                                              0.249264   data required time
                                             -0.215961   data arrival time
---------------------------------------------------------------------------------------------
                                             -0.033303   slack (VIOLATED)


Startpoint: _175_ (rising edge-triggered flip-flop clocked by clk_i)
Endpoint: _175_ (rising edge-triggered flip-flop clocked by clk_i)
Path Group: clk_i
Path Type: min

Fanout         Cap        Slew       Delay        Time   Description
---------------------------------------------------------------------------------------------
                      0.150000    0.000000    0.000000   clock clk_i (rise edge)
                                  0.000000    0.000000   clock network delay (ideal)
                      0.150000    0.000000    0.000000 ^ _175_/CLK (sg13g2_dfrbpq_1)
     3    0.012625    0.032847    0.167391    0.167391 v _175_/Q (sg13g2_dfrbpq_1)
                                                         spm_inst.genblk1[12].csa.sc (net)
                      0.032847    0.000000    0.167391 v _091_/A (sg13g2_nand2_1)
     1    0.003500    0.019759    0.024212    0.191603 ^ _091_/Y (sg13g2_nand2_1)
                                                         _074_ (net)
                      0.019759    0.000000    0.191603 ^ _095_/B1 (sg13g2_o21ai_1)
     1    0.001523    0.017007    0.024358    0.215961 v _095_/Y (sg13g2_o21ai_1)
                                                         _003_ (net)
                      0.017007    0.000000    0.215961 v _175_/D (sg13g2_dfrbpq_1)
                                              0.215961   data arrival time

                      0.150000    0.000000    0.000000   clock clk_i (rise edge)
                                  0.000000    0.000000   clock network delay (ideal)
                                  0.250000    0.250000   clock uncertainty
                                  0.000000    0.250000   clock reconvergence pessimism
                                              0.250000 ^ _175_/CLK (sg13g2_dfrbpq_1)
                                 -0.000736    0.249264   library hold time
                                              0.249264   data required time
---------------------------------------------------------------------------------------------
                                              0.249264   data required time
                                             -0.215961   data arrival time
---------------------------------------------------------------------------------------------
                                             -0.033303   slack (VIOLATED)


Startpoint: _177_ (rising edge-triggered flip-flop clocked by clk_i)
Endpoint: _177_ (rising edge-triggered flip-flop clocked by clk_i)
Path Group: clk_i
Path Type: min

Fanout         Cap        Slew       Delay        Time   Description
---------------------------------------------------------------------------------------------
                      0.150000    0.000000    0.000000   clock clk_i (rise edge)
                                  0.000000    0.000000   clock network delay (ideal)
                      0.150000    0.000000    0.000000 ^ _177_/CLK (sg13g2_dfrbpq_1)
     3    0.012625    0.032847    0.167391    0.167391 v _177_/Q (sg13g2_dfrbpq_1)
                                                         spm_inst.genblk1[11].csa.sc (net)
                      0.032847    0.000000    0.167391 v _097_/A (sg13g2_nand2_1)
     1    0.003500    0.019759    0.024212    0.191603 ^ _097_/Y (sg13g2_nand2_1)
                                                         _017_ (net)
                      0.019759    0.000000    0.191603 ^ _101_/B1 (sg13g2_o21ai_1)
     1    0.001523    0.017007    0.024358    0.215961 v _101_/Y (sg13g2_o21ai_1)
                                                         _002_ (net)
                      0.017007    0.000000    0.215961 v _177_/D (sg13g2_dfrbpq_1)
                                              0.215961   data arrival time

                      0.150000    0.000000    0.000000   clock clk_i (rise edge)
                                  0.000000    0.000000   clock network delay (ideal)
                                  0.250000    0.250000   clock uncertainty
                                  0.000000    0.250000   clock reconvergence pessimism
                                              0.250000 ^ _177_/CLK (sg13g2_dfrbpq_1)
                                 -0.000736    0.249264   library hold time
                                              0.249264   data required time
---------------------------------------------------------------------------------------------
                                              0.249264   data required time
                                             -0.215961   data arrival time
---------------------------------------------------------------------------------------------
                                             -0.033303   slack (VIOLATED)


Startpoint: _179_ (rising edge-triggered flip-flop clocked by clk_i)
Endpoint: _179_ (rising edge-triggered flip-flop clocked by clk_i)
Path Group: clk_i
Path Type: min

Fanout         Cap        Slew       Delay        Time   Description
---------------------------------------------------------------------------------------------
                      0.150000    0.000000    0.000000   clock clk_i (rise edge)
                                  0.000000    0.000000   clock network delay (ideal)
                      0.150000    0.000000    0.000000 ^ _179_/CLK (sg13g2_dfrbpq_1)
     3    0.012625    0.032847    0.167391    0.167391 v _179_/Q (sg13g2_dfrbpq_1)
                                                         spm_inst.genblk1[10].csa.sc (net)
                      0.032847    0.000000    0.167391 v _103_/A (sg13g2_nand2_1)
     1    0.003500    0.019759    0.024212    0.191603 ^ _103_/Y (sg13g2_nand2_1)
                                                         _021_ (net)
                      0.019759    0.000000    0.191603 ^ _107_/B1 (sg13g2_o21ai_1)
     1    0.001523    0.017007    0.024358    0.215961 v _107_/Y (sg13g2_o21ai_1)
                                                         _001_ (net)
                      0.017007    0.000000    0.215961 v _179_/D (sg13g2_dfrbpq_1)
                                              0.215961   data arrival time

                      0.150000    0.000000    0.000000   clock clk_i (rise edge)
                                  0.000000    0.000000   clock network delay (ideal)
                                  0.250000    0.250000   clock uncertainty
                                  0.000000    0.250000   clock reconvergence pessimism
                                              0.250000 ^ _179_/CLK (sg13g2_dfrbpq_1)
                                 -0.000736    0.249264   library hold time
                                              0.249264   data required time
---------------------------------------------------------------------------------------------
                                              0.249264   data required time
                                             -0.215961   data arrival time
---------------------------------------------------------------------------------------------
                                             -0.033303   slack (VIOLATED)


Startpoint: _181_ (rising edge-triggered flip-flop clocked by clk_i)
Endpoint: _181_ (rising edge-triggered flip-flop clocked by clk_i)
Path Group: clk_i
Path Type: min

Fanout         Cap        Slew       Delay        Time   Description
---------------------------------------------------------------------------------------------
                      0.150000    0.000000    0.000000   clock clk_i (rise edge)
                                  0.000000    0.000000   clock network delay (ideal)
                      0.150000    0.000000    0.000000 ^ _181_/CLK (sg13g2_dfrbpq_1)
     3    0.012625    0.032847    0.167391    0.167391 v _181_/Q (sg13g2_dfrbpq_1)
                                                         spm_inst.genblk1[9].csa.sc (net)
                      0.032847    0.000000    0.167391 v _109_/A (sg13g2_nand2_1)
     1    0.003500    0.019759    0.024212    0.191603 ^ _109_/Y (sg13g2_nand2_1)
                                                         _025_ (net)
                      0.019759    0.000000    0.191603 ^ _113_/B1 (sg13g2_o21ai_1)
     1    0.001523    0.017007    0.024358    0.215961 v _113_/Y (sg13g2_o21ai_1)
                                                         _014_ (net)
                      0.017007    0.000000    0.215961 v _181_/D (sg13g2_dfrbpq_1)
                                              0.215961   data arrival time

                      0.150000    0.000000    0.000000   clock clk_i (rise edge)
                                  0.000000    0.000000   clock network delay (ideal)
                                  0.250000    0.250000   clock uncertainty
                                  0.000000    0.250000   clock reconvergence pessimism
                                              0.250000 ^ _181_/CLK (sg13g2_dfrbpq_1)
                                 -0.000736    0.249264   library hold time
                                              0.249264   data required time
---------------------------------------------------------------------------------------------
                                              0.249264   data required time
                                             -0.215961   data arrival time
---------------------------------------------------------------------------------------------
                                             -0.033303   slack (VIOLATED)


Startpoint: _183_ (rising edge-triggered flip-flop clocked by clk_i)
Endpoint: _183_ (rising edge-triggered flip-flop clocked by clk_i)
Path Group: clk_i
Path Type: min

Fanout         Cap        Slew       Delay        Time   Description
---------------------------------------------------------------------------------------------
                      0.150000    0.000000    0.000000   clock clk_i (rise edge)
                                  0.000000    0.000000   clock network delay (ideal)
                      0.150000    0.000000    0.000000 ^ _183_/CLK (sg13g2_dfrbpq_1)
     3    0.012625    0.032847    0.167391    0.167391 v _183_/Q (sg13g2_dfrbpq_1)
                                                         spm_inst.genblk1[8].csa.sc (net)
                      0.032847    0.000000    0.167391 v _115_/A (sg13g2_nand2_1)
     1    0.003500    0.019759    0.024212    0.191603 ^ _115_/Y (sg13g2_nand2_1)
                                                         _029_ (net)
                      0.019759    0.000000    0.191603 ^ _119_/B1 (sg13g2_o21ai_1)
     1    0.001523    0.017007    0.024358    0.215961 v _119_/Y (sg13g2_o21ai_1)
                                                         _013_ (net)
                      0.017007    0.000000    0.215961 v _183_/D (sg13g2_dfrbpq_1)
                                              0.215961   data arrival time

                      0.150000    0.000000    0.000000   clock clk_i (rise edge)
                                  0.000000    0.000000   clock network delay (ideal)
                                  0.250000    0.250000   clock uncertainty
                                  0.000000    0.250000   clock reconvergence pessimism
                                              0.250000 ^ _183_/CLK (sg13g2_dfrbpq_1)
                                 -0.000736    0.249264   library hold time
                                              0.249264   data required time
---------------------------------------------------------------------------------------------
                                              0.249264   data required time
                                             -0.215961   data arrival time
---------------------------------------------------------------------------------------------
                                             -0.033303   slack (VIOLATED)


Startpoint: _185_ (rising edge-triggered flip-flop clocked by clk_i)
Endpoint: _185_ (rising edge-triggered flip-flop clocked by clk_i)
Path Group: clk_i
Path Type: min

Fanout         Cap        Slew       Delay        Time   Description
---------------------------------------------------------------------------------------------
                      0.150000    0.000000    0.000000   clock clk_i (rise edge)
                                  0.000000    0.000000   clock network delay (ideal)
                      0.150000    0.000000    0.000000 ^ _185_/CLK (sg13g2_dfrbpq_1)
     3    0.012625    0.032847    0.167391    0.167391 v _185_/Q (sg13g2_dfrbpq_1)
                                                         spm_inst.genblk1[7].csa.sc (net)
                      0.032847    0.000000    0.167391 v _121_/A (sg13g2_nand2_1)
     1    0.003500    0.019759    0.024212    0.191603 ^ _121_/Y (sg13g2_nand2_1)
                                                         _033_ (net)
                      0.019759    0.000000    0.191603 ^ _125_/B1 (sg13g2_o21ai_1)
     1    0.001523    0.017007    0.024358    0.215961 v _125_/Y (sg13g2_o21ai_1)
                                                         _012_ (net)
                      0.017007    0.000000    0.215961 v _185_/D (sg13g2_dfrbpq_1)
                                              0.215961   data arrival time

                      0.150000    0.000000    0.000000   clock clk_i (rise edge)
                                  0.000000    0.000000   clock network delay (ideal)
                                  0.250000    0.250000   clock uncertainty
                                  0.000000    0.250000   clock reconvergence pessimism
                                              0.250000 ^ _185_/CLK (sg13g2_dfrbpq_1)
                                 -0.000736    0.249264   library hold time
                                              0.249264   data required time
---------------------------------------------------------------------------------------------
                                              0.249264   data required time
                                             -0.215961   data arrival time
---------------------------------------------------------------------------------------------
                                             -0.033303   slack (VIOLATED)


Startpoint: _187_ (rising edge-triggered flip-flop clocked by clk_i)
Endpoint: _187_ (rising edge-triggered flip-flop clocked by clk_i)
Path Group: clk_i
Path Type: min

Fanout         Cap        Slew       Delay        Time   Description
---------------------------------------------------------------------------------------------
                      0.150000    0.000000    0.000000   clock clk_i (rise edge)
                                  0.000000    0.000000   clock network delay (ideal)
                      0.150000    0.000000    0.000000 ^ _187_/CLK (sg13g2_dfrbpq_1)
     3    0.012625    0.032847    0.167391    0.167391 v _187_/Q (sg13g2_dfrbpq_1)
                                                         spm_inst.genblk1[6].csa.sc (net)
                      0.032847    0.000000    0.167391 v _127_/A (sg13g2_nand2_1)
     1    0.003500    0.019759    0.024212    0.191603 ^ _127_/Y (sg13g2_nand2_1)
                                                         _037_ (net)
                      0.019759    0.000000    0.191603 ^ _131_/B1 (sg13g2_o21ai_1)
     1    0.001523    0.017007    0.024358    0.215961 v _131_/Y (sg13g2_o21ai_1)
                                                         _011_ (net)
                      0.017007    0.000000    0.215961 v _187_/D (sg13g2_dfrbpq_1)
                                              0.215961   data arrival time

                      0.150000    0.000000    0.000000   clock clk_i (rise edge)
                                  0.000000    0.000000   clock network delay (ideal)
                                  0.250000    0.250000   clock uncertainty
                                  0.000000    0.250000   clock reconvergence pessimism
                                              0.250000 ^ _187_/CLK (sg13g2_dfrbpq_1)
                                 -0.000736    0.249264   library hold time
                                              0.249264   data required time
---------------------------------------------------------------------------------------------
                                              0.249264   data required time
                                             -0.215961   data arrival time
---------------------------------------------------------------------------------------------
                                             -0.033303   slack (VIOLATED)


Startpoint: _189_ (rising edge-triggered flip-flop clocked by clk_i)
Endpoint: _189_ (rising edge-triggered flip-flop clocked by clk_i)
Path Group: clk_i
Path Type: min

Fanout         Cap        Slew       Delay        Time   Description
---------------------------------------------------------------------------------------------
                      0.150000    0.000000    0.000000   clock clk_i (rise edge)
                                  0.000000    0.000000   clock network delay (ideal)
                      0.150000    0.000000    0.000000 ^ _189_/CLK (sg13g2_dfrbpq_1)
     3    0.012625    0.032847    0.167391    0.167391 v _189_/Q (sg13g2_dfrbpq_1)
                                                         spm_inst.genblk1[5].csa.sc (net)
                      0.032847    0.000000    0.167391 v _133_/A (sg13g2_nand2_1)
     1    0.003500    0.019759    0.024212    0.191603 ^ _133_/Y (sg13g2_nand2_1)
                                                         _041_ (net)
                      0.019759    0.000000    0.191603 ^ _137_/B1 (sg13g2_o21ai_1)
     1    0.001523    0.017007    0.024358    0.215961 v _137_/Y (sg13g2_o21ai_1)
                                                         _010_ (net)
                      0.017007    0.000000    0.215961 v _189_/D (sg13g2_dfrbpq_1)
                                              0.215961   data arrival time

                      0.150000    0.000000    0.000000   clock clk_i (rise edge)
                                  0.000000    0.000000   clock network delay (ideal)
                                  0.250000    0.250000   clock uncertainty
                                  0.000000    0.250000   clock reconvergence pessimism
                                              0.250000 ^ _189_/CLK (sg13g2_dfrbpq_1)
                                 -0.000736    0.249264   library hold time
                                              0.249264   data required time
---------------------------------------------------------------------------------------------
                                              0.249264   data required time
                                             -0.215961   data arrival time
---------------------------------------------------------------------------------------------
                                             -0.033303   slack (VIOLATED)


Startpoint: _191_ (rising edge-triggered flip-flop clocked by clk_i)
Endpoint: _191_ (rising edge-triggered flip-flop clocked by clk_i)
Path Group: clk_i
Path Type: min

Fanout         Cap        Slew       Delay        Time   Description
---------------------------------------------------------------------------------------------
                      0.150000    0.000000    0.000000   clock clk_i (rise edge)
                                  0.000000    0.000000   clock network delay (ideal)
                      0.150000    0.000000    0.000000 ^ _191_/CLK (sg13g2_dfrbpq_1)
     3    0.012625    0.032847    0.167391    0.167391 v _191_/Q (sg13g2_dfrbpq_1)
                                                         spm_inst.genblk1[4].csa.sc (net)
                      0.032847    0.000000    0.167391 v _139_/A (sg13g2_nand2_1)
     1    0.003500    0.019759    0.024212    0.191603 ^ _139_/Y (sg13g2_nand2_1)
                                                         _045_ (net)
                      0.019759    0.000000    0.191603 ^ _143_/B1 (sg13g2_o21ai_1)
     1    0.001523    0.017007    0.024358    0.215961 v _143_/Y (sg13g2_o21ai_1)
                                                         _009_ (net)
                      0.017007    0.000000    0.215961 v _191_/D (sg13g2_dfrbpq_1)
                                              0.215961   data arrival time

                      0.150000    0.000000    0.000000   clock clk_i (rise edge)
                                  0.000000    0.000000   clock network delay (ideal)
                                  0.250000    0.250000   clock uncertainty
                                  0.000000    0.250000   clock reconvergence pessimism
                                              0.250000 ^ _191_/CLK (sg13g2_dfrbpq_1)
                                 -0.000736    0.249264   library hold time
                                              0.249264   data required time
---------------------------------------------------------------------------------------------
                                              0.249264   data required time
                                             -0.215961   data arrival time
---------------------------------------------------------------------------------------------
                                             -0.033303   slack (VIOLATED)


Startpoint: _193_ (rising edge-triggered flip-flop clocked by clk_i)
Endpoint: _193_ (rising edge-triggered flip-flop clocked by clk_i)
Path Group: clk_i
Path Type: min

Fanout         Cap        Slew       Delay        Time   Description
---------------------------------------------------------------------------------------------
                      0.150000    0.000000    0.000000   clock clk_i (rise edge)
                                  0.000000    0.000000   clock network delay (ideal)
                      0.150000    0.000000    0.000000 ^ _193_/CLK (sg13g2_dfrbpq_1)
     3    0.012625    0.032847    0.167391    0.167391 v _193_/Q (sg13g2_dfrbpq_1)
                                                         spm_inst.genblk1[3].csa.sc (net)
                      0.032847    0.000000    0.167391 v _145_/A (sg13g2_nand2_1)
     1    0.003500    0.019759    0.024212    0.191603 ^ _145_/Y (sg13g2_nand2_1)
                                                         _049_ (net)
                      0.019759    0.000000    0.191603 ^ _149_/B1 (sg13g2_o21ai_1)
     1    0.001523    0.017007    0.024358    0.215961 v _149_/Y (sg13g2_o21ai_1)
                                                         _008_ (net)
                      0.017007    0.000000    0.215961 v _193_/D (sg13g2_dfrbpq_1)
                                              0.215961   data arrival time

                      0.150000    0.000000    0.000000   clock clk_i (rise edge)
                                  0.000000    0.000000   clock network delay (ideal)
                                  0.250000    0.250000   clock uncertainty
                                  0.000000    0.250000   clock reconvergence pessimism
                                              0.250000 ^ _193_/CLK (sg13g2_dfrbpq_1)
                                 -0.000736    0.249264   library hold time
                                              0.249264   data required time
---------------------------------------------------------------------------------------------
                                              0.249264   data required time
                                             -0.215961   data arrival time
---------------------------------------------------------------------------------------------
                                             -0.033303   slack (VIOLATED)


Startpoint: _195_ (rising edge-triggered flip-flop clocked by clk_i)
Endpoint: _195_ (rising edge-triggered flip-flop clocked by clk_i)
Path Group: clk_i
Path Type: min

Fanout         Cap        Slew       Delay        Time   Description
---------------------------------------------------------------------------------------------
                      0.150000    0.000000    0.000000   clock clk_i (rise edge)
                                  0.000000    0.000000   clock network delay (ideal)
                      0.150000    0.000000    0.000000 ^ _195_/CLK (sg13g2_dfrbpq_1)
     3    0.012625    0.032847    0.167391    0.167391 v _195_/Q (sg13g2_dfrbpq_1)
                                                         spm_inst.genblk1[2].csa.sc (net)
                      0.032847    0.000000    0.167391 v _151_/A (sg13g2_nand2_1)
     1    0.003500    0.019759    0.024212    0.191603 ^ _151_/Y (sg13g2_nand2_1)
                                                         _053_ (net)
                      0.019759    0.000000    0.191603 ^ _155_/B1 (sg13g2_o21ai_1)
     1    0.001523    0.017007    0.024358    0.215961 v _155_/Y (sg13g2_o21ai_1)
                                                         _007_ (net)
                      0.017007    0.000000    0.215961 v _195_/D (sg13g2_dfrbpq_1)
                                              0.215961   data arrival time

                      0.150000    0.000000    0.000000   clock clk_i (rise edge)
                                  0.000000    0.000000   clock network delay (ideal)
                                  0.250000    0.250000   clock uncertainty
                                  0.000000    0.250000   clock reconvergence pessimism
                                              0.250000 ^ _195_/CLK (sg13g2_dfrbpq_1)
                                 -0.000736    0.249264   library hold time
                                              0.249264   data required time
---------------------------------------------------------------------------------------------
                                              0.249264   data required time
                                             -0.215961   data arrival time
---------------------------------------------------------------------------------------------
                                             -0.033303   slack (VIOLATED)


Startpoint: _197_ (rising edge-triggered flip-flop clocked by clk_i)
Endpoint: _197_ (rising edge-triggered flip-flop clocked by clk_i)
Path Group: clk_i
Path Type: min

Fanout         Cap        Slew       Delay        Time   Description
---------------------------------------------------------------------------------------------
                      0.150000    0.000000    0.000000   clock clk_i (rise edge)
                                  0.000000    0.000000   clock network delay (ideal)
                      0.150000    0.000000    0.000000 ^ _197_/CLK (sg13g2_dfrbpq_1)
     3    0.012625    0.032847    0.167391    0.167391 v _197_/Q (sg13g2_dfrbpq_1)
                                                         spm_inst.genblk1[1].csa.sc (net)
                      0.032847    0.000000    0.167391 v _157_/A (sg13g2_nand2_1)
     1    0.003500    0.019759    0.024212    0.191603 ^ _157_/Y (sg13g2_nand2_1)
                                                         _057_ (net)
                      0.019759    0.000000    0.191603 ^ _161_/B1 (sg13g2_o21ai_1)
     1    0.001523    0.017007    0.024358    0.215961 v _161_/Y (sg13g2_o21ai_1)
                                                         _006_ (net)
                      0.017007    0.000000    0.215961 v _197_/D (sg13g2_dfrbpq_1)
                                              0.215961   data arrival time

                      0.150000    0.000000    0.000000   clock clk_i (rise edge)
                                  0.000000    0.000000   clock network delay (ideal)
                                  0.250000    0.250000   clock uncertainty
                                  0.000000    0.250000   clock reconvergence pessimism
                                              0.250000 ^ _197_/CLK (sg13g2_dfrbpq_1)
                                 -0.000736    0.249264   library hold time
                                              0.249264   data required time
---------------------------------------------------------------------------------------------
                                              0.249264   data required time
                                             -0.215961   data arrival time
---------------------------------------------------------------------------------------------
                                             -0.033303   slack (VIOLATED)


Startpoint: _201_ (rising edge-triggered flip-flop clocked by clk_i)
Endpoint: _201_ (rising edge-triggered flip-flop clocked by clk_i)
Path Group: clk_i
Path Type: min

Fanout         Cap        Slew       Delay        Time   Description
---------------------------------------------------------------------------------------------
                      0.150000    0.000000    0.000000   clock clk_i (rise edge)
                                  0.000000    0.000000   clock network delay (ideal)
                      0.150000    0.000000    0.000000 ^ _201_/CLK (sg13g2_dfrbpq_1)
     3    0.012625    0.032847    0.167391    0.167391 v _201_/Q (sg13g2_dfrbpq_1)
                                                         spm_inst.csa0.sc (net)
                      0.032847    0.000000    0.167391 v _166_/A (sg13g2_nand2_1)
     1    0.003500    0.019759    0.024212    0.191603 ^ _166_/Y (sg13g2_nand2_1)
                                                         _062_ (net)
                      0.019759    0.000000    0.191603 ^ _170_/B1 (sg13g2_o21ai_1)
     1    0.001523    0.017007    0.024358    0.215961 v _170_/Y (sg13g2_o21ai_1)
                                                         _000_ (net)
                      0.017007    0.000000    0.215961 v _201_/D (sg13g2_dfrbpq_1)
                                              0.215961   data arrival time

                      0.150000    0.000000    0.000000   clock clk_i (rise edge)
                                  0.000000    0.000000   clock network delay (ideal)
                                  0.250000    0.250000   clock uncertainty
                                  0.000000    0.250000   clock reconvergence pessimism
                                              0.250000 ^ _201_/CLK (sg13g2_dfrbpq_1)
                                 -0.000736    0.249264   library hold time
                                              0.249264   data required time
---------------------------------------------------------------------------------------------
                                              0.249264   data required time
                                             -0.215961   data arrival time
---------------------------------------------------------------------------------------------
                                             -0.033303   slack (VIOLATED)


Startpoint: _199_ (rising edge-triggered flip-flop clocked by clk_i)
Endpoint: _172_ (rising edge-triggered flip-flop clocked by clk_i)
Path Group: clk_i
Path Type: min

Fanout         Cap        Slew       Delay        Time   Description
---------------------------------------------------------------------------------------------
                      0.150000    0.000000    0.000000   clock clk_i (rise edge)
                                  0.000000    0.000000   clock network delay (ideal)
                      0.150000    0.000000    0.000000 ^ _199_/CLK (sg13g2_dfrbpq_1)
     3    0.011489    0.030621    0.165514    0.165514 v _199_/Q (sg13g2_dfrbpq_1)
                                                         spm_inst.genblk1[14].csa.y (net)
                      0.030621    0.000000    0.165514 v _081_/B (sg13g2_xor2_1)
     1    0.005424    0.023536    0.046131    0.211645 v _081_/X (sg13g2_xor2_1)
                                                         _068_ (net)
                      0.023536    0.000000    0.211645 v _082_/B (sg13g2_xnor2_1)
     1    0.001523    0.017439    0.032699    0.244344 v _082_/Y (sg13g2_xnor2_1)
                                                         spm_inst.genblk1[14].csa.hsum2 (net)
                      0.017439    0.000000    0.244344 v _172_/D (sg13g2_dfrbpq_1)
                                              0.244344   data arrival time

                      0.150000    0.000000    0.000000   clock clk_i (rise edge)
                                  0.000000    0.000000   clock network delay (ideal)
                                  0.250000    0.250000   clock uncertainty
                                  0.000000    0.250000   clock reconvergence pessimism
                                              0.250000 ^ _172_/CLK (sg13g2_dfrbpq_1)
                                 -0.000837    0.249163   library hold time
                                              0.249163   data required time
---------------------------------------------------------------------------------------------
                                              0.249163   data required time
                                             -0.244344   data arrival time
---------------------------------------------------------------------------------------------
                                             -0.004819   slack (VIOLATED)


Startpoint: _172_ (rising edge-triggered flip-flop clocked by clk_i)
Endpoint: _174_ (rising edge-triggered flip-flop clocked by clk_i)
Path Group: clk_i
Path Type: min

Fanout         Cap        Slew       Delay        Time   Description
---------------------------------------------------------------------------------------------
                      0.150000    0.000000    0.000000   clock clk_i (rise edge)
                                  0.000000    0.000000   clock network delay (ideal)
                      0.150000    0.000000    0.000000 ^ _172_/CLK (sg13g2_dfrbpq_1)
     3    0.011489    0.030621    0.165514    0.165514 v _172_/Q (sg13g2_dfrbpq_1)
                                                         spm_inst.genblk1[13].csa.y (net)
                      0.030621    0.000000    0.165514 v _087_/B (sg13g2_xor2_1)
     1    0.005424    0.023536    0.046131    0.211645 v _087_/X (sg13g2_xor2_1)
                                                         _072_ (net)
                      0.023536    0.000000    0.211645 v _088_/B (sg13g2_xnor2_1)
     1    0.001523    0.017439    0.032699    0.244344 v _088_/Y (sg13g2_xnor2_1)
                                                         spm_inst.genblk1[13].csa.hsum2 (net)
                      0.017439    0.000000    0.244344 v _174_/D (sg13g2_dfrbpq_1)
                                              0.244344   data arrival time

                      0.150000    0.000000    0.000000   clock clk_i (rise edge)
                                  0.000000    0.000000   clock network delay (ideal)
                                  0.250000    0.250000   clock uncertainty
                                  0.000000    0.250000   clock reconvergence pessimism
                                              0.250000 ^ _174_/CLK (sg13g2_dfrbpq_1)
                                 -0.000837    0.249163   library hold time
                                              0.249163   data required time
---------------------------------------------------------------------------------------------
                                              0.249163   data required time
                                             -0.244344   data arrival time
---------------------------------------------------------------------------------------------
                                             -0.004819   slack (VIOLATED)


Startpoint: _174_ (rising edge-triggered flip-flop clocked by clk_i)
Endpoint: _176_ (rising edge-triggered flip-flop clocked by clk_i)
Path Group: clk_i
Path Type: min

Fanout         Cap        Slew       Delay        Time   Description
---------------------------------------------------------------------------------------------
                      0.150000    0.000000    0.000000   clock clk_i (rise edge)
                                  0.000000    0.000000   clock network delay (ideal)
                      0.150000    0.000000    0.000000 ^ _174_/CLK (sg13g2_dfrbpq_1)
     3    0.011489    0.030621    0.165514    0.165514 v _174_/Q (sg13g2_dfrbpq_1)
                                                         spm_inst.genblk1[12].csa.y (net)
                      0.030621    0.000000    0.165514 v _093_/B (sg13g2_xor2_1)
     1    0.005424    0.023536    0.046131    0.211645 v _093_/X (sg13g2_xor2_1)
                                                         _076_ (net)
                      0.023536    0.000000    0.211645 v _094_/B (sg13g2_xnor2_1)
     1    0.001523    0.017439    0.032699    0.244344 v _094_/Y (sg13g2_xnor2_1)
                                                         spm_inst.genblk1[12].csa.hsum2 (net)
                      0.017439    0.000000    0.244344 v _176_/D (sg13g2_dfrbpq_1)
                                              0.244344   data arrival time

                      0.150000    0.000000    0.000000   clock clk_i (rise edge)
                                  0.000000    0.000000   clock network delay (ideal)
                                  0.250000    0.250000   clock uncertainty
                                  0.000000    0.250000   clock reconvergence pessimism
                                              0.250000 ^ _176_/CLK (sg13g2_dfrbpq_1)
                                 -0.000837    0.249163   library hold time
                                              0.249163   data required time
---------------------------------------------------------------------------------------------
                                              0.249163   data required time
                                             -0.244344   data arrival time
---------------------------------------------------------------------------------------------
                                             -0.004819   slack (VIOLATED)


Startpoint: _176_ (rising edge-triggered flip-flop clocked by clk_i)
Endpoint: _178_ (rising edge-triggered flip-flop clocked by clk_i)
Path Group: clk_i
Path Type: min

Fanout         Cap        Slew       Delay        Time   Description
---------------------------------------------------------------------------------------------
                      0.150000    0.000000    0.000000   clock clk_i (rise edge)
                                  0.000000    0.000000   clock network delay (ideal)
                      0.150000    0.000000    0.000000 ^ _176_/CLK (sg13g2_dfrbpq_1)
     3    0.011489    0.030621    0.165514    0.165514 v _176_/Q (sg13g2_dfrbpq_1)
                                                         spm_inst.genblk1[11].csa.y (net)
                      0.030621    0.000000    0.165514 v _099_/B (sg13g2_xor2_1)
     1    0.005424    0.023536    0.046131    0.211645 v _099_/X (sg13g2_xor2_1)
                                                         _019_ (net)
                      0.023536    0.000000    0.211645 v _100_/B (sg13g2_xnor2_1)
     1    0.001523    0.017439    0.032699    0.244344 v _100_/Y (sg13g2_xnor2_1)
                                                         spm_inst.genblk1[11].csa.hsum2 (net)
                      0.017439    0.000000    0.244344 v _178_/D (sg13g2_dfrbpq_1)
                                              0.244344   data arrival time

                      0.150000    0.000000    0.000000   clock clk_i (rise edge)
                                  0.000000    0.000000   clock network delay (ideal)
                                  0.250000    0.250000   clock uncertainty
                                  0.000000    0.250000   clock reconvergence pessimism
                                              0.250000 ^ _178_/CLK (sg13g2_dfrbpq_1)
                                 -0.000837    0.249163   library hold time
                                              0.249163   data required time
---------------------------------------------------------------------------------------------
                                              0.249163   data required time
                                             -0.244344   data arrival time
---------------------------------------------------------------------------------------------
                                             -0.004819   slack (VIOLATED)


Startpoint: _178_ (rising edge-triggered flip-flop clocked by clk_i)
Endpoint: _180_ (rising edge-triggered flip-flop clocked by clk_i)
Path Group: clk_i
Path Type: min

Fanout         Cap        Slew       Delay        Time   Description
---------------------------------------------------------------------------------------------
                      0.150000    0.000000    0.000000   clock clk_i (rise edge)
                                  0.000000    0.000000   clock network delay (ideal)
                      0.150000    0.000000    0.000000 ^ _178_/CLK (sg13g2_dfrbpq_1)
     3    0.011489    0.030621    0.165514    0.165514 v _178_/Q (sg13g2_dfrbpq_1)
                                                         spm_inst.genblk1[10].csa.y (net)
                      0.030621    0.000000    0.165514 v _105_/B (sg13g2_xor2_1)
     1    0.005424    0.023536    0.046131    0.211645 v _105_/X (sg13g2_xor2_1)
                                                         _023_ (net)
                      0.023536    0.000000    0.211645 v _106_/B (sg13g2_xnor2_1)
     1    0.001523    0.017439    0.032699    0.244344 v _106_/Y (sg13g2_xnor2_1)
                                                         spm_inst.genblk1[10].csa.hsum2 (net)
                      0.017439    0.000000    0.244344 v _180_/D (sg13g2_dfrbpq_1)
                                              0.244344   data arrival time

                      0.150000    0.000000    0.000000   clock clk_i (rise edge)
                                  0.000000    0.000000   clock network delay (ideal)
                                  0.250000    0.250000   clock uncertainty
                                  0.000000    0.250000   clock reconvergence pessimism
                                              0.250000 ^ _180_/CLK (sg13g2_dfrbpq_1)
                                 -0.000837    0.249163   library hold time
                                              0.249163   data required time
---------------------------------------------------------------------------------------------
                                              0.249163   data required time
                                             -0.244344   data arrival time
---------------------------------------------------------------------------------------------
                                             -0.004819   slack (VIOLATED)


Startpoint: _180_ (rising edge-triggered flip-flop clocked by clk_i)
Endpoint: _182_ (rising edge-triggered flip-flop clocked by clk_i)
Path Group: clk_i
Path Type: min

Fanout         Cap        Slew       Delay        Time   Description
---------------------------------------------------------------------------------------------
                      0.150000    0.000000    0.000000   clock clk_i (rise edge)
                                  0.000000    0.000000   clock network delay (ideal)
                      0.150000    0.000000    0.000000 ^ _180_/CLK (sg13g2_dfrbpq_1)
     3    0.011489    0.030621    0.165514    0.165514 v _180_/Q (sg13g2_dfrbpq_1)
                                                         spm_inst.genblk1[10].csa.sum (net)
                      0.030621    0.000000    0.165514 v _111_/B (sg13g2_xor2_1)
     1    0.005424    0.023536    0.046131    0.211645 v _111_/X (sg13g2_xor2_1)
                                                         _027_ (net)
                      0.023536    0.000000    0.211645 v _112_/B (sg13g2_xnor2_1)
     1    0.001523    0.017439    0.032699    0.244344 v _112_/Y (sg13g2_xnor2_1)
                                                         spm_inst.genblk1[9].csa.hsum2 (net)
                      0.017439    0.000000    0.244344 v _182_/D (sg13g2_dfrbpq_1)
                                              0.244344   data arrival time

                      0.150000    0.000000    0.000000   clock clk_i (rise edge)
                                  0.000000    0.000000   clock network delay (ideal)
                                  0.250000    0.250000   clock uncertainty
                                  0.000000    0.250000   clock reconvergence pessimism
                                              0.250000 ^ _182_/CLK (sg13g2_dfrbpq_1)
                                 -0.000837    0.249163   library hold time
                                              0.249163   data required time
---------------------------------------------------------------------------------------------
                                              0.249163   data required time
                                             -0.244344   data arrival time
---------------------------------------------------------------------------------------------
                                             -0.004819   slack (VIOLATED)


Startpoint: _182_ (rising edge-triggered flip-flop clocked by clk_i)
Endpoint: _184_ (rising edge-triggered flip-flop clocked by clk_i)
Path Group: clk_i
Path Type: min

Fanout         Cap        Slew       Delay        Time   Description
---------------------------------------------------------------------------------------------
                      0.150000    0.000000    0.000000   clock clk_i (rise edge)
                                  0.000000    0.000000   clock network delay (ideal)
                      0.150000    0.000000    0.000000 ^ _182_/CLK (sg13g2_dfrbpq_1)
     3    0.011489    0.030621    0.165514    0.165514 v _182_/Q (sg13g2_dfrbpq_1)
                                                         spm_inst.genblk1[8].csa.y (net)
                      0.030621    0.000000    0.165514 v _117_/B (sg13g2_xor2_1)
     1    0.005424    0.023536    0.046131    0.211645 v _117_/X (sg13g2_xor2_1)
                                                         _031_ (net)
                      0.023536    0.000000    0.211645 v _118_/B (sg13g2_xnor2_1)
     1    0.001523    0.017439    0.032699    0.244344 v _118_/Y (sg13g2_xnor2_1)
                                                         spm_inst.genblk1[8].csa.hsum2 (net)
                      0.017439    0.000000    0.244344 v _184_/D (sg13g2_dfrbpq_1)
                                              0.244344   data arrival time

                      0.150000    0.000000    0.000000   clock clk_i (rise edge)
                                  0.000000    0.000000   clock network delay (ideal)
                                  0.250000    0.250000   clock uncertainty
                                  0.000000    0.250000   clock reconvergence pessimism
                                              0.250000 ^ _184_/CLK (sg13g2_dfrbpq_1)
                                 -0.000837    0.249163   library hold time
                                              0.249163   data required time
---------------------------------------------------------------------------------------------
                                              0.249163   data required time
                                             -0.244344   data arrival time
---------------------------------------------------------------------------------------------
                                             -0.004819   slack (VIOLATED)


Startpoint: _184_ (rising edge-triggered flip-flop clocked by clk_i)
Endpoint: _186_ (rising edge-triggered flip-flop clocked by clk_i)
Path Group: clk_i
Path Type: min

Fanout         Cap        Slew       Delay        Time   Description
---------------------------------------------------------------------------------------------
                      0.150000    0.000000    0.000000   clock clk_i (rise edge)
                                  0.000000    0.000000   clock network delay (ideal)
                      0.150000    0.000000    0.000000 ^ _184_/CLK (sg13g2_dfrbpq_1)
     3    0.011489    0.030621    0.165514    0.165514 v _184_/Q (sg13g2_dfrbpq_1)
                                                         spm_inst.genblk1[7].csa.y (net)
                      0.030621    0.000000    0.165514 v _123_/B (sg13g2_xor2_1)
     1    0.005424    0.023536    0.046131    0.211645 v _123_/X (sg13g2_xor2_1)
                                                         _035_ (net)
                      0.023536    0.000000    0.211645 v _124_/B (sg13g2_xnor2_1)
     1    0.001523    0.017439    0.032699    0.244344 v _124_/Y (sg13g2_xnor2_1)
                                                         spm_inst.genblk1[7].csa.hsum2 (net)
                      0.017439    0.000000    0.244344 v _186_/D (sg13g2_dfrbpq_1)
                                              0.244344   data arrival time

                      0.150000    0.000000    0.000000   clock clk_i (rise edge)
                                  0.000000    0.000000   clock network delay (ideal)
                                  0.250000    0.250000   clock uncertainty
                                  0.000000    0.250000   clock reconvergence pessimism
                                              0.250000 ^ _186_/CLK (sg13g2_dfrbpq_1)
                                 -0.000837    0.249163   library hold time
                                              0.249163   data required time
---------------------------------------------------------------------------------------------
                                              0.249163   data required time
                                             -0.244344   data arrival time
---------------------------------------------------------------------------------------------
                                             -0.004819   slack (VIOLATED)


Startpoint: _186_ (rising edge-triggered flip-flop clocked by clk_i)
Endpoint: _188_ (rising edge-triggered flip-flop clocked by clk_i)
Path Group: clk_i
Path Type: min

Fanout         Cap        Slew       Delay        Time   Description
---------------------------------------------------------------------------------------------
                      0.150000    0.000000    0.000000   clock clk_i (rise edge)
                                  0.000000    0.000000   clock network delay (ideal)
                      0.150000    0.000000    0.000000 ^ _186_/CLK (sg13g2_dfrbpq_1)
     3    0.011489    0.030621    0.165514    0.165514 v _186_/Q (sg13g2_dfrbpq_1)
                                                         spm_inst.genblk1[6].csa.y (net)
                      0.030621    0.000000    0.165514 v _129_/B (sg13g2_xor2_1)
     1    0.005424    0.023536    0.046131    0.211645 v _129_/X (sg13g2_xor2_1)
                                                         _039_ (net)
                      0.023536    0.000000    0.211645 v _130_/B (sg13g2_xnor2_1)
     1    0.001523    0.017439    0.032699    0.244344 v _130_/Y (sg13g2_xnor2_1)
                                                         spm_inst.genblk1[6].csa.hsum2 (net)
                      0.017439    0.000000    0.244344 v _188_/D (sg13g2_dfrbpq_1)
                                              0.244344   data arrival time

                      0.150000    0.000000    0.000000   clock clk_i (rise edge)
                                  0.000000    0.000000   clock network delay (ideal)
                                  0.250000    0.250000   clock uncertainty
                                  0.000000    0.250000   clock reconvergence pessimism
                                              0.250000 ^ _188_/CLK (sg13g2_dfrbpq_1)
                                 -0.000837    0.249163   library hold time
                                              0.249163   data required time
---------------------------------------------------------------------------------------------
                                              0.249163   data required time
                                             -0.244344   data arrival time
---------------------------------------------------------------------------------------------
                                             -0.004819   slack (VIOLATED)


Startpoint: _188_ (rising edge-triggered flip-flop clocked by clk_i)
Endpoint: _190_ (rising edge-triggered flip-flop clocked by clk_i)
Path Group: clk_i
Path Type: min

Fanout         Cap        Slew       Delay        Time   Description
---------------------------------------------------------------------------------------------
                      0.150000    0.000000    0.000000   clock clk_i (rise edge)
                                  0.000000    0.000000   clock network delay (ideal)
                      0.150000    0.000000    0.000000 ^ _188_/CLK (sg13g2_dfrbpq_1)
     3    0.011489    0.030621    0.165514    0.165514 v _188_/Q (sg13g2_dfrbpq_1)
                                                         spm_inst.genblk1[5].csa.y (net)
                      0.030621    0.000000    0.165514 v _135_/B (sg13g2_xor2_1)
     1    0.005424    0.023536    0.046131    0.211645 v _135_/X (sg13g2_xor2_1)
                                                         _043_ (net)
                      0.023536    0.000000    0.211645 v _136_/B (sg13g2_xnor2_1)
     1    0.001523    0.017439    0.032699    0.244344 v _136_/Y (sg13g2_xnor2_1)
                                                         spm_inst.genblk1[5].csa.hsum2 (net)
                      0.017439    0.000000    0.244344 v _190_/D (sg13g2_dfrbpq_1)
                                              0.244344   data arrival time

                      0.150000    0.000000    0.000000   clock clk_i (rise edge)
                                  0.000000    0.000000   clock network delay (ideal)
                                  0.250000    0.250000   clock uncertainty
                                  0.000000    0.250000   clock reconvergence pessimism
                                              0.250000 ^ _190_/CLK (sg13g2_dfrbpq_1)
                                 -0.000837    0.249163   library hold time
                                              0.249163   data required time
---------------------------------------------------------------------------------------------
                                              0.249163   data required time
                                             -0.244344   data arrival time
---------------------------------------------------------------------------------------------
                                             -0.004819   slack (VIOLATED)


Startpoint: _190_ (rising edge-triggered flip-flop clocked by clk_i)
Endpoint: _192_ (rising edge-triggered flip-flop clocked by clk_i)
Path Group: clk_i
Path Type: min

Fanout         Cap        Slew       Delay        Time   Description
---------------------------------------------------------------------------------------------
                      0.150000    0.000000    0.000000   clock clk_i (rise edge)
                                  0.000000    0.000000   clock network delay (ideal)
                      0.150000    0.000000    0.000000 ^ _190_/CLK (sg13g2_dfrbpq_1)
     3    0.011489    0.030621    0.165514    0.165514 v _190_/Q (sg13g2_dfrbpq_1)
                                                         spm_inst.genblk1[4].csa.y (net)
                      0.030621    0.000000    0.165514 v _141_/B (sg13g2_xor2_1)
     1    0.005424    0.023536    0.046131    0.211645 v _141_/X (sg13g2_xor2_1)
                                                         _047_ (net)
                      0.023536    0.000000    0.211645 v _142_/B (sg13g2_xnor2_1)
     1    0.001523    0.017439    0.032699    0.244344 v _142_/Y (sg13g2_xnor2_1)
                                                         spm_inst.genblk1[4].csa.hsum2 (net)
                      0.017439    0.000000    0.244344 v _192_/D (sg13g2_dfrbpq_1)
                                              0.244344   data arrival time

                      0.150000    0.000000    0.000000   clock clk_i (rise edge)
                                  0.000000    0.000000   clock network delay (ideal)
                                  0.250000    0.250000   clock uncertainty
                                  0.000000    0.250000   clock reconvergence pessimism
                                              0.250000 ^ _192_/CLK (sg13g2_dfrbpq_1)
                                 -0.000837    0.249163   library hold time
                                              0.249163   data required time
---------------------------------------------------------------------------------------------
                                              0.249163   data required time
                                             -0.244344   data arrival time
---------------------------------------------------------------------------------------------
                                             -0.004819   slack (VIOLATED)


Startpoint: _192_ (rising edge-triggered flip-flop clocked by clk_i)
Endpoint: _194_ (rising edge-triggered flip-flop clocked by clk_i)
Path Group: clk_i
Path Type: min

Fanout         Cap        Slew       Delay        Time   Description
---------------------------------------------------------------------------------------------
                      0.150000    0.000000    0.000000   clock clk_i (rise edge)
                                  0.000000    0.000000   clock network delay (ideal)
                      0.150000    0.000000    0.000000 ^ _192_/CLK (sg13g2_dfrbpq_1)
     3    0.011489    0.030621    0.165514    0.165514 v _192_/Q (sg13g2_dfrbpq_1)
                                                         spm_inst.genblk1[3].csa.y (net)
                      0.030621    0.000000    0.165514 v _147_/B (sg13g2_xor2_1)
     1    0.005424    0.023536    0.046131    0.211645 v _147_/X (sg13g2_xor2_1)
                                                         _051_ (net)
                      0.023536    0.000000    0.211645 v _148_/B (sg13g2_xnor2_1)
     1    0.001523    0.017439    0.032699    0.244344 v _148_/Y (sg13g2_xnor2_1)
                                                         spm_inst.genblk1[3].csa.hsum2 (net)
                      0.017439    0.000000    0.244344 v _194_/D (sg13g2_dfrbpq_1)
                                              0.244344   data arrival time

                      0.150000    0.000000    0.000000   clock clk_i (rise edge)
                                  0.000000    0.000000   clock network delay (ideal)
                                  0.250000    0.250000   clock uncertainty
                                  0.000000    0.250000   clock reconvergence pessimism
                                              0.250000 ^ _194_/CLK (sg13g2_dfrbpq_1)
                                 -0.000837    0.249163   library hold time
                                              0.249163   data required time
---------------------------------------------------------------------------------------------
                                              0.249163   data required time
                                             -0.244344   data arrival time
---------------------------------------------------------------------------------------------
                                             -0.004819   slack (VIOLATED)


Startpoint: _194_ (rising edge-triggered flip-flop clocked by clk_i)
Endpoint: _196_ (rising edge-triggered flip-flop clocked by clk_i)
Path Group: clk_i
Path Type: min

Fanout         Cap        Slew       Delay        Time   Description
---------------------------------------------------------------------------------------------
                      0.150000    0.000000    0.000000   clock clk_i (rise edge)
                                  0.000000    0.000000   clock network delay (ideal)
                      0.150000    0.000000    0.000000 ^ _194_/CLK (sg13g2_dfrbpq_1)
     3    0.011489    0.030621    0.165514    0.165514 v _194_/Q (sg13g2_dfrbpq_1)
                                                         spm_inst.genblk1[2].csa.y (net)
                      0.030621    0.000000    0.165514 v _153_/B (sg13g2_xor2_1)
     1    0.005424    0.023536    0.046131    0.211645 v _153_/X (sg13g2_xor2_1)
                                                         _055_ (net)
                      0.023536    0.000000    0.211645 v _154_/B (sg13g2_xnor2_1)
     1    0.001523    0.017439    0.032699    0.244344 v _154_/Y (sg13g2_xnor2_1)
                                                         spm_inst.genblk1[2].csa.hsum2 (net)
                      0.017439    0.000000    0.244344 v _196_/D (sg13g2_dfrbpq_1)
                                              0.244344   data arrival time

                      0.150000    0.000000    0.000000   clock clk_i (rise edge)
                                  0.000000    0.000000   clock network delay (ideal)
                                  0.250000    0.250000   clock uncertainty
                                  0.000000    0.250000   clock reconvergence pessimism
                                              0.250000 ^ _196_/CLK (sg13g2_dfrbpq_1)
                                 -0.000837    0.249163   library hold time
                                              0.249163   data required time
---------------------------------------------------------------------------------------------
                                              0.249163   data required time
                                             -0.244344   data arrival time
---------------------------------------------------------------------------------------------
                                             -0.004819   slack (VIOLATED)


Startpoint: _196_ (rising edge-triggered flip-flop clocked by clk_i)
Endpoint: _198_ (rising edge-triggered flip-flop clocked by clk_i)
Path Group: clk_i
Path Type: min

Fanout         Cap        Slew       Delay        Time   Description
---------------------------------------------------------------------------------------------
                      0.150000    0.000000    0.000000   clock clk_i (rise edge)
                                  0.000000    0.000000   clock network delay (ideal)
                      0.150000    0.000000    0.000000 ^ _196_/CLK (sg13g2_dfrbpq_1)
     3    0.011489    0.030621    0.165514    0.165514 v _196_/Q (sg13g2_dfrbpq_1)
                                                         spm_inst.genblk1[1].csa.y (net)
                      0.030621    0.000000    0.165514 v _159_/B (sg13g2_xor2_1)
     1    0.005424    0.023536    0.046131    0.211645 v _159_/X (sg13g2_xor2_1)
                                                         _059_ (net)
                      0.023536    0.000000    0.211645 v _160_/B (sg13g2_xnor2_1)
     1    0.001523    0.017439    0.032699    0.244344 v _160_/Y (sg13g2_xnor2_1)
                                                         spm_inst.genblk1[1].csa.hsum2 (net)
                      0.017439    0.000000    0.244344 v _198_/D (sg13g2_dfrbpq_1)
                                              0.244344   data arrival time

                      0.150000    0.000000    0.000000   clock clk_i (rise edge)
                                  0.000000    0.000000   clock network delay (ideal)
                                  0.250000    0.250000   clock uncertainty
                                  0.000000    0.250000   clock reconvergence pessimism
                                              0.250000 ^ _198_/CLK (sg13g2_dfrbpq_1)
                                 -0.000837    0.249163   library hold time
                                              0.249163   data required time
---------------------------------------------------------------------------------------------
                                              0.249163   data required time
                                             -0.244344   data arrival time
---------------------------------------------------------------------------------------------
                                             -0.004819   slack (VIOLATED)


Startpoint: _198_ (rising edge-triggered flip-flop clocked by clk_i)
Endpoint: _202_ (rising edge-triggered flip-flop clocked by clk_i)
Path Group: clk_i
Path Type: min

Fanout         Cap        Slew       Delay        Time   Description
---------------------------------------------------------------------------------------------
                      0.150000    0.000000    0.000000   clock clk_i (rise edge)
                                  0.000000    0.000000   clock network delay (ideal)
                      0.150000    0.000000    0.000000 ^ _198_/CLK (sg13g2_dfrbpq_1)
     3    0.011489    0.030621    0.165514    0.165514 v _198_/Q (sg13g2_dfrbpq_1)
                                                         spm_inst.csa0.y (net)
                      0.030621    0.000000    0.165514 v _168_/B (sg13g2_xor2_1)
     1    0.005424    0.023536    0.046131    0.211645 v _168_/X (sg13g2_xor2_1)
                                                         _064_ (net)
                      0.023536    0.000000    0.211645 v _169_/B (sg13g2_xnor2_1)
     1    0.001523    0.017439    0.032699    0.244344 v _169_/Y (sg13g2_xnor2_1)
                                                         spm_inst.csa0.hsum2 (net)
                      0.017439    0.000000    0.244344 v _202_/D (sg13g2_dfrbpq_1)
                                              0.244344   data arrival time

                      0.150000    0.000000    0.000000   clock clk_i (rise edge)
                                  0.000000    0.000000   clock network delay (ideal)
                                  0.250000    0.250000   clock uncertainty
                                  0.000000    0.250000   clock reconvergence pessimism
                                              0.250000 ^ _202_/CLK (sg13g2_dfrbpq_1)
                                 -0.000837    0.249163   library hold time
                                              0.249163   data required time
---------------------------------------------------------------------------------------------
                                              0.249163   data required time
                                             -0.244344   data arrival time
---------------------------------------------------------------------------------------------
                                             -0.004819   slack (VIOLATED)


Startpoint: rst_ni (input port clocked by clk_i)
Endpoint: _171_ (removal check against rising-edge clock clk_i)
Path Group: asynchronous
Path Type: min

Fanout         Cap        Slew       Delay        Time   Description
---------------------------------------------------------------------------------------------
                      0.150000    0.000000    0.000000   clock clk_i (rise edge)
                                  0.000000    0.000000   clock network delay (ideal)
                                  2.000000    2.000000 ^ input external delay
    32    0.177827    0.123686    0.087864    2.087864 ^ rst_ni (in)
                                                         rst_ni (net)
                      0.123686    0.000000    2.087864 ^ _171_/RESET_B (sg13g2_dfrbpq_1)
                                              2.087864   data arrival time

                      0.150000    0.000000    0.000000   clock clk_i (rise edge)
                                  0.000000    0.000000   clock network delay (ideal)
                                  0.250000    0.250000   clock uncertainty
                                  0.000000    0.250000   clock reconvergence pessimism
                                              0.250000 ^ _171_/CLK (sg13g2_dfrbpq_1)
                                 -0.077381    0.172619   library removal time
                                              0.172619   data required time
---------------------------------------------------------------------------------------------
                                              0.172619   data required time
                                             -2.087864   data arrival time
---------------------------------------------------------------------------------------------
                                              1.915246   slack (MET)


Startpoint: rst_ni (input port clocked by clk_i)
Endpoint: _172_ (removal check against rising-edge clock clk_i)
Path Group: asynchronous
Path Type: min

Fanout         Cap        Slew       Delay        Time   Description
---------------------------------------------------------------------------------------------
                      0.150000    0.000000    0.000000   clock clk_i (rise edge)
                                  0.000000    0.000000   clock network delay (ideal)
                                  2.000000    2.000000 ^ input external delay
    32    0.177827    0.123686    0.087864    2.087864 ^ rst_ni (in)
                                                         rst_ni (net)
                      0.123686    0.000000    2.087864 ^ _172_/RESET_B (sg13g2_dfrbpq_1)
                                              2.087864   data arrival time

                      0.150000    0.000000    0.000000   clock clk_i (rise edge)
                                  0.000000    0.000000   clock network delay (ideal)
                                  0.250000    0.250000   clock uncertainty
                                  0.000000    0.250000   clock reconvergence pessimism
                                              0.250000 ^ _172_/CLK (sg13g2_dfrbpq_1)
                                 -0.077381    0.172619   library removal time
                                              0.172619   data required time
---------------------------------------------------------------------------------------------
                                              0.172619   data required time
                                             -2.087864   data arrival time
---------------------------------------------------------------------------------------------
                                              1.915246   slack (MET)


Startpoint: rst_ni (input port clocked by clk_i)
Endpoint: _173_ (removal check against rising-edge clock clk_i)
Path Group: asynchronous
Path Type: min

Fanout         Cap        Slew       Delay        Time   Description
---------------------------------------------------------------------------------------------
                      0.150000    0.000000    0.000000   clock clk_i (rise edge)
                                  0.000000    0.000000   clock network delay (ideal)
                                  2.000000    2.000000 ^ input external delay
    32    0.177827    0.123686    0.087864    2.087864 ^ rst_ni (in)
                                                         rst_ni (net)
                      0.123686    0.000000    2.087864 ^ _173_/RESET_B (sg13g2_dfrbpq_1)
                                              2.087864   data arrival time

                      0.150000    0.000000    0.000000   clock clk_i (rise edge)
                                  0.000000    0.000000   clock network delay (ideal)
                                  0.250000    0.250000   clock uncertainty
                                  0.000000    0.250000   clock reconvergence pessimism
                                              0.250000 ^ _173_/CLK (sg13g2_dfrbpq_1)
                                 -0.077381    0.172619   library removal time
                                              0.172619   data required time
---------------------------------------------------------------------------------------------
                                              0.172619   data required time
                                             -2.087864   data arrival time
---------------------------------------------------------------------------------------------
                                              1.915246   slack (MET)


Startpoint: rst_ni (input port clocked by clk_i)
Endpoint: _174_ (removal check against rising-edge clock clk_i)
Path Group: asynchronous
Path Type: min

Fanout         Cap        Slew       Delay        Time   Description
---------------------------------------------------------------------------------------------
                      0.150000    0.000000    0.000000   clock clk_i (rise edge)
                                  0.000000    0.000000   clock network delay (ideal)
                                  2.000000    2.000000 ^ input external delay
    32    0.177827    0.123686    0.087864    2.087864 ^ rst_ni (in)
                                                         rst_ni (net)
                      0.123686    0.000000    2.087864 ^ _174_/RESET_B (sg13g2_dfrbpq_1)
                                              2.087864   data arrival time

                      0.150000    0.000000    0.000000   clock clk_i (rise edge)
                                  0.000000    0.000000   clock network delay (ideal)
                                  0.250000    0.250000   clock uncertainty
                                  0.000000    0.250000   clock reconvergence pessimism
                                              0.250000 ^ _174_/CLK (sg13g2_dfrbpq_1)
                                 -0.077381    0.172619   library removal time
                                              0.172619   data required time
---------------------------------------------------------------------------------------------
                                              0.172619   data required time
                                             -2.087864   data arrival time
---------------------------------------------------------------------------------------------
                                              1.915246   slack (MET)


Startpoint: rst_ni (input port clocked by clk_i)
Endpoint: _175_ (removal check against rising-edge clock clk_i)
Path Group: asynchronous
Path Type: min

Fanout         Cap        Slew       Delay        Time   Description
---------------------------------------------------------------------------------------------
                      0.150000    0.000000    0.000000   clock clk_i (rise edge)
                                  0.000000    0.000000   clock network delay (ideal)
                                  2.000000    2.000000 ^ input external delay
    32    0.177827    0.123686    0.087864    2.087864 ^ rst_ni (in)
                                                         rst_ni (net)
                      0.123686    0.000000    2.087864 ^ _175_/RESET_B (sg13g2_dfrbpq_1)
                                              2.087864   data arrival time

                      0.150000    0.000000    0.000000   clock clk_i (rise edge)
                                  0.000000    0.000000   clock network delay (ideal)
                                  0.250000    0.250000   clock uncertainty
                                  0.000000    0.250000   clock reconvergence pessimism
                                              0.250000 ^ _175_/CLK (sg13g2_dfrbpq_1)
                                 -0.077381    0.172619   library removal time
                                              0.172619   data required time
---------------------------------------------------------------------------------------------
                                              0.172619   data required time
                                             -2.087864   data arrival time
---------------------------------------------------------------------------------------------
                                              1.915246   slack (MET)


Startpoint: rst_ni (input port clocked by clk_i)
Endpoint: _176_ (removal check against rising-edge clock clk_i)
Path Group: asynchronous
Path Type: min

Fanout         Cap        Slew       Delay        Time   Description
---------------------------------------------------------------------------------------------
                      0.150000    0.000000    0.000000   clock clk_i (rise edge)
                                  0.000000    0.000000   clock network delay (ideal)
                                  2.000000    2.000000 ^ input external delay
    32    0.177827    0.123686    0.087864    2.087864 ^ rst_ni (in)
                                                         rst_ni (net)
                      0.123686    0.000000    2.087864 ^ _176_/RESET_B (sg13g2_dfrbpq_1)
                                              2.087864   data arrival time

                      0.150000    0.000000    0.000000   clock clk_i (rise edge)
                                  0.000000    0.000000   clock network delay (ideal)
                                  0.250000    0.250000   clock uncertainty
                                  0.000000    0.250000   clock reconvergence pessimism
                                              0.250000 ^ _176_/CLK (sg13g2_dfrbpq_1)
                                 -0.077381    0.172619   library removal time
                                              0.172619   data required time
---------------------------------------------------------------------------------------------
                                              0.172619   data required time
                                             -2.087864   data arrival time
---------------------------------------------------------------------------------------------
                                              1.915246   slack (MET)


Startpoint: rst_ni (input port clocked by clk_i)
Endpoint: _177_ (removal check against rising-edge clock clk_i)
Path Group: asynchronous
Path Type: min

Fanout         Cap        Slew       Delay        Time   Description
---------------------------------------------------------------------------------------------
                      0.150000    0.000000    0.000000   clock clk_i (rise edge)
                                  0.000000    0.000000   clock network delay (ideal)
                                  2.000000    2.000000 ^ input external delay
    32    0.177827    0.123686    0.087864    2.087864 ^ rst_ni (in)
                                                         rst_ni (net)
                      0.123686    0.000000    2.087864 ^ _177_/RESET_B (sg13g2_dfrbpq_1)
                                              2.087864   data arrival time

                      0.150000    0.000000    0.000000   clock clk_i (rise edge)
                                  0.000000    0.000000   clock network delay (ideal)
                                  0.250000    0.250000   clock uncertainty
                                  0.000000    0.250000   clock reconvergence pessimism
                                              0.250000 ^ _177_/CLK (sg13g2_dfrbpq_1)
                                 -0.077381    0.172619   library removal time
                                              0.172619   data required time
---------------------------------------------------------------------------------------------
                                              0.172619   data required time
                                             -2.087864   data arrival time
---------------------------------------------------------------------------------------------
                                              1.915246   slack (MET)


Startpoint: rst_ni (input port clocked by clk_i)
Endpoint: _178_ (removal check against rising-edge clock clk_i)
Path Group: asynchronous
Path Type: min

Fanout         Cap        Slew       Delay        Time   Description
---------------------------------------------------------------------------------------------
                      0.150000    0.000000    0.000000   clock clk_i (rise edge)
                                  0.000000    0.000000   clock network delay (ideal)
                                  2.000000    2.000000 ^ input external delay
    32    0.177827    0.123686    0.087864    2.087864 ^ rst_ni (in)
                                                         rst_ni (net)
                      0.123686    0.000000    2.087864 ^ _178_/RESET_B (sg13g2_dfrbpq_1)
                                              2.087864   data arrival time

                      0.150000    0.000000    0.000000   clock clk_i (rise edge)
                                  0.000000    0.000000   clock network delay (ideal)
                                  0.250000    0.250000   clock uncertainty
                                  0.000000    0.250000   clock reconvergence pessimism
                                              0.250000 ^ _178_/CLK (sg13g2_dfrbpq_1)
                                 -0.077381    0.172619   library removal time
                                              0.172619   data required time
---------------------------------------------------------------------------------------------
                                              0.172619   data required time
                                             -2.087864   data arrival time
---------------------------------------------------------------------------------------------
                                              1.915246   slack (MET)


Startpoint: rst_ni (input port clocked by clk_i)
Endpoint: _179_ (removal check against rising-edge clock clk_i)
Path Group: asynchronous
Path Type: min

Fanout         Cap        Slew       Delay        Time   Description
---------------------------------------------------------------------------------------------
                      0.150000    0.000000    0.000000   clock clk_i (rise edge)
                                  0.000000    0.000000   clock network delay (ideal)
                                  2.000000    2.000000 ^ input external delay
    32    0.177827    0.123686    0.087864    2.087864 ^ rst_ni (in)
                                                         rst_ni (net)
                      0.123686    0.000000    2.087864 ^ _179_/RESET_B (sg13g2_dfrbpq_1)
                                              2.087864   data arrival time

                      0.150000    0.000000    0.000000   clock clk_i (rise edge)
                                  0.000000    0.000000   clock network delay (ideal)
                                  0.250000    0.250000   clock uncertainty
                                  0.000000    0.250000   clock reconvergence pessimism
                                              0.250000 ^ _179_/CLK (sg13g2_dfrbpq_1)
                                 -0.077381    0.172619   library removal time
                                              0.172619   data required time
---------------------------------------------------------------------------------------------
                                              0.172619   data required time
                                             -2.087864   data arrival time
---------------------------------------------------------------------------------------------
                                              1.915246   slack (MET)


Startpoint: rst_ni (input port clocked by clk_i)
Endpoint: _180_ (removal check against rising-edge clock clk_i)
Path Group: asynchronous
Path Type: min

Fanout         Cap        Slew       Delay        Time   Description
---------------------------------------------------------------------------------------------
                      0.150000    0.000000    0.000000   clock clk_i (rise edge)
                                  0.000000    0.000000   clock network delay (ideal)
                                  2.000000    2.000000 ^ input external delay
    32    0.177827    0.123686    0.087864    2.087864 ^ rst_ni (in)
                                                         rst_ni (net)
                      0.123686    0.000000    2.087864 ^ _180_/RESET_B (sg13g2_dfrbpq_1)
                                              2.087864   data arrival time

                      0.150000    0.000000    0.000000   clock clk_i (rise edge)
                                  0.000000    0.000000   clock network delay (ideal)
                                  0.250000    0.250000   clock uncertainty
                                  0.000000    0.250000   clock reconvergence pessimism
                                              0.250000 ^ _180_/CLK (sg13g2_dfrbpq_1)
                                 -0.077381    0.172619   library removal time
                                              0.172619   data required time
---------------------------------------------------------------------------------------------
                                              0.172619   data required time
                                             -2.087864   data arrival time
---------------------------------------------------------------------------------------------
                                              1.915246   slack (MET)


Startpoint: rst_ni (input port clocked by clk_i)
Endpoint: _181_ (removal check against rising-edge clock clk_i)
Path Group: asynchronous
Path Type: min

Fanout         Cap        Slew       Delay        Time   Description
---------------------------------------------------------------------------------------------
                      0.150000    0.000000    0.000000   clock clk_i (rise edge)
                                  0.000000    0.000000   clock network delay (ideal)
                                  2.000000    2.000000 ^ input external delay
    32    0.177827    0.123686    0.087864    2.087864 ^ rst_ni (in)
                                                         rst_ni (net)
                      0.123686    0.000000    2.087864 ^ _181_/RESET_B (sg13g2_dfrbpq_1)
                                              2.087864   data arrival time

                      0.150000    0.000000    0.000000   clock clk_i (rise edge)
                                  0.000000    0.000000   clock network delay (ideal)
                                  0.250000    0.250000   clock uncertainty
                                  0.000000    0.250000   clock reconvergence pessimism
                                              0.250000 ^ _181_/CLK (sg13g2_dfrbpq_1)
                                 -0.077381    0.172619   library removal time
                                              0.172619   data required time
---------------------------------------------------------------------------------------------
                                              0.172619   data required time
                                             -2.087864   data arrival time
---------------------------------------------------------------------------------------------
                                              1.915246   slack (MET)


Startpoint: rst_ni (input port clocked by clk_i)
Endpoint: _182_ (removal check against rising-edge clock clk_i)
Path Group: asynchronous
Path Type: min

Fanout         Cap        Slew       Delay        Time   Description
---------------------------------------------------------------------------------------------
                      0.150000    0.000000    0.000000   clock clk_i (rise edge)
                                  0.000000    0.000000   clock network delay (ideal)
                                  2.000000    2.000000 ^ input external delay
    32    0.177827    0.123686    0.087864    2.087864 ^ rst_ni (in)
                                                         rst_ni (net)
                      0.123686    0.000000    2.087864 ^ _182_/RESET_B (sg13g2_dfrbpq_1)
                                              2.087864   data arrival time

                      0.150000    0.000000    0.000000   clock clk_i (rise edge)
                                  0.000000    0.000000   clock network delay (ideal)
                                  0.250000    0.250000   clock uncertainty
                                  0.000000    0.250000   clock reconvergence pessimism
                                              0.250000 ^ _182_/CLK (sg13g2_dfrbpq_1)
                                 -0.077381    0.172619   library removal time
                                              0.172619   data required time
---------------------------------------------------------------------------------------------
                                              0.172619   data required time
                                             -2.087864   data arrival time
---------------------------------------------------------------------------------------------
                                              1.915246   slack (MET)


Startpoint: rst_ni (input port clocked by clk_i)
Endpoint: _183_ (removal check against rising-edge clock clk_i)
Path Group: asynchronous
Path Type: min

Fanout         Cap        Slew       Delay        Time   Description
---------------------------------------------------------------------------------------------
                      0.150000    0.000000    0.000000   clock clk_i (rise edge)
                                  0.000000    0.000000   clock network delay (ideal)
                                  2.000000    2.000000 ^ input external delay
    32    0.177827    0.123686    0.087864    2.087864 ^ rst_ni (in)
                                                         rst_ni (net)
                      0.123686    0.000000    2.087864 ^ _183_/RESET_B (sg13g2_dfrbpq_1)
                                              2.087864   data arrival time

                      0.150000    0.000000    0.000000   clock clk_i (rise edge)
                                  0.000000    0.000000   clock network delay (ideal)
                                  0.250000    0.250000   clock uncertainty
                                  0.000000    0.250000   clock reconvergence pessimism
                                              0.250000 ^ _183_/CLK (sg13g2_dfrbpq_1)
                                 -0.077381    0.172619   library removal time
                                              0.172619   data required time
---------------------------------------------------------------------------------------------
                                              0.172619   data required time
                                             -2.087864   data arrival time
---------------------------------------------------------------------------------------------
                                              1.915246   slack (MET)


Startpoint: rst_ni (input port clocked by clk_i)
Endpoint: _184_ (removal check against rising-edge clock clk_i)
Path Group: asynchronous
Path Type: min

Fanout         Cap        Slew       Delay        Time   Description
---------------------------------------------------------------------------------------------
                      0.150000    0.000000    0.000000   clock clk_i (rise edge)
                                  0.000000    0.000000   clock network delay (ideal)
                                  2.000000    2.000000 ^ input external delay
    32    0.177827    0.123686    0.087864    2.087864 ^ rst_ni (in)
                                                         rst_ni (net)
                      0.123686    0.000000    2.087864 ^ _184_/RESET_B (sg13g2_dfrbpq_1)
                                              2.087864   data arrival time

                      0.150000    0.000000    0.000000   clock clk_i (rise edge)
                                  0.000000    0.000000   clock network delay (ideal)
                                  0.250000    0.250000   clock uncertainty
                                  0.000000    0.250000   clock reconvergence pessimism
                                              0.250000 ^ _184_/CLK (sg13g2_dfrbpq_1)
                                 -0.077381    0.172619   library removal time
                                              0.172619   data required time
---------------------------------------------------------------------------------------------
                                              0.172619   data required time
                                             -2.087864   data arrival time
---------------------------------------------------------------------------------------------
                                              1.915246   slack (MET)


Startpoint: rst_ni (input port clocked by clk_i)
Endpoint: _185_ (removal check against rising-edge clock clk_i)
Path Group: asynchronous
Path Type: min

Fanout         Cap        Slew       Delay        Time   Description
---------------------------------------------------------------------------------------------
                      0.150000    0.000000    0.000000   clock clk_i (rise edge)
                                  0.000000    0.000000   clock network delay (ideal)
                                  2.000000    2.000000 ^ input external delay
    32    0.177827    0.123686    0.087864    2.087864 ^ rst_ni (in)
                                                         rst_ni (net)
                      0.123686    0.000000    2.087864 ^ _185_/RESET_B (sg13g2_dfrbpq_1)
                                              2.087864   data arrival time

                      0.150000    0.000000    0.000000   clock clk_i (rise edge)
                                  0.000000    0.000000   clock network delay (ideal)
                                  0.250000    0.250000   clock uncertainty
                                  0.000000    0.250000   clock reconvergence pessimism
                                              0.250000 ^ _185_/CLK (sg13g2_dfrbpq_1)
                                 -0.077381    0.172619   library removal time
                                              0.172619   data required time
---------------------------------------------------------------------------------------------
                                              0.172619   data required time
                                             -2.087864   data arrival time
---------------------------------------------------------------------------------------------
                                              1.915246   slack (MET)


Startpoint: rst_ni (input port clocked by clk_i)
Endpoint: _186_ (removal check against rising-edge clock clk_i)
Path Group: asynchronous
Path Type: min

Fanout         Cap        Slew       Delay        Time   Description
---------------------------------------------------------------------------------------------
                      0.150000    0.000000    0.000000   clock clk_i (rise edge)
                                  0.000000    0.000000   clock network delay (ideal)
                                  2.000000    2.000000 ^ input external delay
    32    0.177827    0.123686    0.087864    2.087864 ^ rst_ni (in)
                                                         rst_ni (net)
                      0.123686    0.000000    2.087864 ^ _186_/RESET_B (sg13g2_dfrbpq_1)
                                              2.087864   data arrival time

                      0.150000    0.000000    0.000000   clock clk_i (rise edge)
                                  0.000000    0.000000   clock network delay (ideal)
                                  0.250000    0.250000   clock uncertainty
                                  0.000000    0.250000   clock reconvergence pessimism
                                              0.250000 ^ _186_/CLK (sg13g2_dfrbpq_1)
                                 -0.077381    0.172619   library removal time
                                              0.172619   data required time
---------------------------------------------------------------------------------------------
                                              0.172619   data required time
                                             -2.087864   data arrival time
---------------------------------------------------------------------------------------------
                                              1.915246   slack (MET)


Startpoint: rst_ni (input port clocked by clk_i)
Endpoint: _187_ (removal check against rising-edge clock clk_i)
Path Group: asynchronous
Path Type: min

Fanout         Cap        Slew       Delay        Time   Description
---------------------------------------------------------------------------------------------
                      0.150000    0.000000    0.000000   clock clk_i (rise edge)
                                  0.000000    0.000000   clock network delay (ideal)
                                  2.000000    2.000000 ^ input external delay
    32    0.177827    0.123686    0.087864    2.087864 ^ rst_ni (in)
                                                         rst_ni (net)
                      0.123686    0.000000    2.087864 ^ _187_/RESET_B (sg13g2_dfrbpq_1)
                                              2.087864   data arrival time

                      0.150000    0.000000    0.000000   clock clk_i (rise edge)
                                  0.000000    0.000000   clock network delay (ideal)
                                  0.250000    0.250000   clock uncertainty
                                  0.000000    0.250000   clock reconvergence pessimism
                                              0.250000 ^ _187_/CLK (sg13g2_dfrbpq_1)
                                 -0.077381    0.172619   library removal time
                                              0.172619   data required time
---------------------------------------------------------------------------------------------
                                              0.172619   data required time
                                             -2.087864   data arrival time
---------------------------------------------------------------------------------------------
                                              1.915246   slack (MET)


Startpoint: rst_ni (input port clocked by clk_i)
Endpoint: _188_ (removal check against rising-edge clock clk_i)
Path Group: asynchronous
Path Type: min

Fanout         Cap        Slew       Delay        Time   Description
---------------------------------------------------------------------------------------------
                      0.150000    0.000000    0.000000   clock clk_i (rise edge)
                                  0.000000    0.000000   clock network delay (ideal)
                                  2.000000    2.000000 ^ input external delay
    32    0.177827    0.123686    0.087864    2.087864 ^ rst_ni (in)
                                                         rst_ni (net)
                      0.123686    0.000000    2.087864 ^ _188_/RESET_B (sg13g2_dfrbpq_1)
                                              2.087864   data arrival time

                      0.150000    0.000000    0.000000   clock clk_i (rise edge)
                                  0.000000    0.000000   clock network delay (ideal)
                                  0.250000    0.250000   clock uncertainty
                                  0.000000    0.250000   clock reconvergence pessimism
                                              0.250000 ^ _188_/CLK (sg13g2_dfrbpq_1)
                                 -0.077381    0.172619   library removal time
                                              0.172619   data required time
---------------------------------------------------------------------------------------------
                                              0.172619   data required time
                                             -2.087864   data arrival time
---------------------------------------------------------------------------------------------
                                              1.915246   slack (MET)


Startpoint: rst_ni (input port clocked by clk_i)
Endpoint: _189_ (removal check against rising-edge clock clk_i)
Path Group: asynchronous
Path Type: min

Fanout         Cap        Slew       Delay        Time   Description
---------------------------------------------------------------------------------------------
                      0.150000    0.000000    0.000000   clock clk_i (rise edge)
                                  0.000000    0.000000   clock network delay (ideal)
                                  2.000000    2.000000 ^ input external delay
    32    0.177827    0.123686    0.087864    2.087864 ^ rst_ni (in)
                                                         rst_ni (net)
                      0.123686    0.000000    2.087864 ^ _189_/RESET_B (sg13g2_dfrbpq_1)
                                              2.087864   data arrival time

                      0.150000    0.000000    0.000000   clock clk_i (rise edge)
                                  0.000000    0.000000   clock network delay (ideal)
                                  0.250000    0.250000   clock uncertainty
                                  0.000000    0.250000   clock reconvergence pessimism
                                              0.250000 ^ _189_/CLK (sg13g2_dfrbpq_1)
                                 -0.077381    0.172619   library removal time
                                              0.172619   data required time
---------------------------------------------------------------------------------------------
                                              0.172619   data required time
                                             -2.087864   data arrival time
---------------------------------------------------------------------------------------------
                                              1.915246   slack (MET)


Startpoint: rst_ni (input port clocked by clk_i)
Endpoint: _190_ (removal check against rising-edge clock clk_i)
Path Group: asynchronous
Path Type: min

Fanout         Cap        Slew       Delay        Time   Description
---------------------------------------------------------------------------------------------
                      0.150000    0.000000    0.000000   clock clk_i (rise edge)
                                  0.000000    0.000000   clock network delay (ideal)
                                  2.000000    2.000000 ^ input external delay
    32    0.177827    0.123686    0.087864    2.087864 ^ rst_ni (in)
                                                         rst_ni (net)
                      0.123686    0.000000    2.087864 ^ _190_/RESET_B (sg13g2_dfrbpq_1)
                                              2.087864   data arrival time

                      0.150000    0.000000    0.000000   clock clk_i (rise edge)
                                  0.000000    0.000000   clock network delay (ideal)
                                  0.250000    0.250000   clock uncertainty
                                  0.000000    0.250000   clock reconvergence pessimism
                                              0.250000 ^ _190_/CLK (sg13g2_dfrbpq_1)
                                 -0.077381    0.172619   library removal time
                                              0.172619   data required time
---------------------------------------------------------------------------------------------
                                              0.172619   data required time
                                             -2.087864   data arrival time
---------------------------------------------------------------------------------------------
                                              1.915246   slack (MET)


Startpoint: rst_ni (input port clocked by clk_i)
Endpoint: _191_ (removal check against rising-edge clock clk_i)
Path Group: asynchronous
Path Type: min

Fanout         Cap        Slew       Delay        Time   Description
---------------------------------------------------------------------------------------------
                      0.150000    0.000000    0.000000   clock clk_i (rise edge)
                                  0.000000    0.000000   clock network delay (ideal)
                                  2.000000    2.000000 ^ input external delay
    32    0.177827    0.123686    0.087864    2.087864 ^ rst_ni (in)
                                                         rst_ni (net)
                      0.123686    0.000000    2.087864 ^ _191_/RESET_B (sg13g2_dfrbpq_1)
                                              2.087864   data arrival time

                      0.150000    0.000000    0.000000   clock clk_i (rise edge)
                                  0.000000    0.000000   clock network delay (ideal)
                                  0.250000    0.250000   clock uncertainty
                                  0.000000    0.250000   clock reconvergence pessimism
                                              0.250000 ^ _191_/CLK (sg13g2_dfrbpq_1)
                                 -0.077381    0.172619   library removal time
                                              0.172619   data required time
---------------------------------------------------------------------------------------------
                                              0.172619   data required time
                                             -2.087864   data arrival time
---------------------------------------------------------------------------------------------
                                              1.915246   slack (MET)


Startpoint: rst_ni (input port clocked by clk_i)
Endpoint: _192_ (removal check against rising-edge clock clk_i)
Path Group: asynchronous
Path Type: min

Fanout         Cap        Slew       Delay        Time   Description
---------------------------------------------------------------------------------------------
                      0.150000    0.000000    0.000000   clock clk_i (rise edge)
                                  0.000000    0.000000   clock network delay (ideal)
                                  2.000000    2.000000 ^ input external delay
    32    0.177827    0.123686    0.087864    2.087864 ^ rst_ni (in)
                                                         rst_ni (net)
                      0.123686    0.000000    2.087864 ^ _192_/RESET_B (sg13g2_dfrbpq_1)
                                              2.087864   data arrival time

                      0.150000    0.000000    0.000000   clock clk_i (rise edge)
                                  0.000000    0.000000   clock network delay (ideal)
                                  0.250000    0.250000   clock uncertainty
                                  0.000000    0.250000   clock reconvergence pessimism
                                              0.250000 ^ _192_/CLK (sg13g2_dfrbpq_1)
                                 -0.077381    0.172619   library removal time
                                              0.172619   data required time
---------------------------------------------------------------------------------------------
                                              0.172619   data required time
                                             -2.087864   data arrival time
---------------------------------------------------------------------------------------------
                                              1.915246   slack (MET)


Startpoint: rst_ni (input port clocked by clk_i)
Endpoint: _193_ (removal check against rising-edge clock clk_i)
Path Group: asynchronous
Path Type: min

Fanout         Cap        Slew       Delay        Time   Description
---------------------------------------------------------------------------------------------
                      0.150000    0.000000    0.000000   clock clk_i (rise edge)
                                  0.000000    0.000000   clock network delay (ideal)
                                  2.000000    2.000000 ^ input external delay
    32    0.177827    0.123686    0.087864    2.087864 ^ rst_ni (in)
                                                         rst_ni (net)
                      0.123686    0.000000    2.087864 ^ _193_/RESET_B (sg13g2_dfrbpq_1)
                                              2.087864   data arrival time

                      0.150000    0.000000    0.000000   clock clk_i (rise edge)
                                  0.000000    0.000000   clock network delay (ideal)
                                  0.250000    0.250000   clock uncertainty
                                  0.000000    0.250000   clock reconvergence pessimism
                                              0.250000 ^ _193_/CLK (sg13g2_dfrbpq_1)
                                 -0.077381    0.172619   library removal time
                                              0.172619   data required time
---------------------------------------------------------------------------------------------
                                              0.172619   data required time
                                             -2.087864   data arrival time
---------------------------------------------------------------------------------------------
                                              1.915246   slack (MET)


Startpoint: rst_ni (input port clocked by clk_i)
Endpoint: _194_ (removal check against rising-edge clock clk_i)
Path Group: asynchronous
Path Type: min

Fanout         Cap        Slew       Delay        Time   Description
---------------------------------------------------------------------------------------------
                      0.150000    0.000000    0.000000   clock clk_i (rise edge)
                                  0.000000    0.000000   clock network delay (ideal)
                                  2.000000    2.000000 ^ input external delay
    32    0.177827    0.123686    0.087864    2.087864 ^ rst_ni (in)
                                                         rst_ni (net)
                      0.123686    0.000000    2.087864 ^ _194_/RESET_B (sg13g2_dfrbpq_1)
                                              2.087864   data arrival time

                      0.150000    0.000000    0.000000   clock clk_i (rise edge)
                                  0.000000    0.000000   clock network delay (ideal)
                                  0.250000    0.250000   clock uncertainty
                                  0.000000    0.250000   clock reconvergence pessimism
                                              0.250000 ^ _194_/CLK (sg13g2_dfrbpq_1)
                                 -0.077381    0.172619   library removal time
                                              0.172619   data required time
---------------------------------------------------------------------------------------------
                                              0.172619   data required time
                                             -2.087864   data arrival time
---------------------------------------------------------------------------------------------
                                              1.915246   slack (MET)


Startpoint: rst_ni (input port clocked by clk_i)
Endpoint: _195_ (removal check against rising-edge clock clk_i)
Path Group: asynchronous
Path Type: min

Fanout         Cap        Slew       Delay        Time   Description
---------------------------------------------------------------------------------------------
                      0.150000    0.000000    0.000000   clock clk_i (rise edge)
                                  0.000000    0.000000   clock network delay (ideal)
                                  2.000000    2.000000 ^ input external delay
    32    0.177827    0.123686    0.087864    2.087864 ^ rst_ni (in)
                                                         rst_ni (net)
                      0.123686    0.000000    2.087864 ^ _195_/RESET_B (sg13g2_dfrbpq_1)
                                              2.087864   data arrival time

                      0.150000    0.000000    0.000000   clock clk_i (rise edge)
                                  0.000000    0.000000   clock network delay (ideal)
                                  0.250000    0.250000   clock uncertainty
                                  0.000000    0.250000   clock reconvergence pessimism
                                              0.250000 ^ _195_/CLK (sg13g2_dfrbpq_1)
                                 -0.077381    0.172619   library removal time
                                              0.172619   data required time
---------------------------------------------------------------------------------------------
                                              0.172619   data required time
                                             -2.087864   data arrival time
---------------------------------------------------------------------------------------------
                                              1.915246   slack (MET)


Startpoint: rst_ni (input port clocked by clk_i)
Endpoint: _196_ (removal check against rising-edge clock clk_i)
Path Group: asynchronous
Path Type: min

Fanout         Cap        Slew       Delay        Time   Description
---------------------------------------------------------------------------------------------
                      0.150000    0.000000    0.000000   clock clk_i (rise edge)
                                  0.000000    0.000000   clock network delay (ideal)
                                  2.000000    2.000000 ^ input external delay
    32    0.177827    0.123686    0.087864    2.087864 ^ rst_ni (in)
                                                         rst_ni (net)
                      0.123686    0.000000    2.087864 ^ _196_/RESET_B (sg13g2_dfrbpq_1)
                                              2.087864   data arrival time

                      0.150000    0.000000    0.000000   clock clk_i (rise edge)
                                  0.000000    0.000000   clock network delay (ideal)
                                  0.250000    0.250000   clock uncertainty
                                  0.000000    0.250000   clock reconvergence pessimism
                                              0.250000 ^ _196_/CLK (sg13g2_dfrbpq_1)
                                 -0.077381    0.172619   library removal time
                                              0.172619   data required time
---------------------------------------------------------------------------------------------
                                              0.172619   data required time
                                             -2.087864   data arrival time
---------------------------------------------------------------------------------------------
                                              1.915246   slack (MET)


Startpoint: rst_ni (input port clocked by clk_i)
Endpoint: _197_ (removal check against rising-edge clock clk_i)
Path Group: asynchronous
Path Type: min

Fanout         Cap        Slew       Delay        Time   Description
---------------------------------------------------------------------------------------------
                      0.150000    0.000000    0.000000   clock clk_i (rise edge)
                                  0.000000    0.000000   clock network delay (ideal)
                                  2.000000    2.000000 ^ input external delay
    32    0.177827    0.123686    0.087864    2.087864 ^ rst_ni (in)
                                                         rst_ni (net)
                      0.123686    0.000000    2.087864 ^ _197_/RESET_B (sg13g2_dfrbpq_1)
                                              2.087864   data arrival time

                      0.150000    0.000000    0.000000   clock clk_i (rise edge)
                                  0.000000    0.000000   clock network delay (ideal)
                                  0.250000    0.250000   clock uncertainty
                                  0.000000    0.250000   clock reconvergence pessimism
                                              0.250000 ^ _197_/CLK (sg13g2_dfrbpq_1)
                                 -0.077381    0.172619   library removal time
                                              0.172619   data required time
---------------------------------------------------------------------------------------------
                                              0.172619   data required time
                                             -2.087864   data arrival time
---------------------------------------------------------------------------------------------
                                              1.915246   slack (MET)


Startpoint: rst_ni (input port clocked by clk_i)
Endpoint: _198_ (removal check against rising-edge clock clk_i)
Path Group: asynchronous
Path Type: min

Fanout         Cap        Slew       Delay        Time   Description
---------------------------------------------------------------------------------------------
                      0.150000    0.000000    0.000000   clock clk_i (rise edge)
                                  0.000000    0.000000   clock network delay (ideal)
                                  2.000000    2.000000 ^ input external delay
    32    0.177827    0.123686    0.087864    2.087864 ^ rst_ni (in)
                                                         rst_ni (net)
                      0.123686    0.000000    2.087864 ^ _198_/RESET_B (sg13g2_dfrbpq_1)
                                              2.087864   data arrival time

                      0.150000    0.000000    0.000000   clock clk_i (rise edge)
                                  0.000000    0.000000   clock network delay (ideal)
                                  0.250000    0.250000   clock uncertainty
                                  0.000000    0.250000   clock reconvergence pessimism
                                              0.250000 ^ _198_/CLK (sg13g2_dfrbpq_1)
                                 -0.077381    0.172619   library removal time
                                              0.172619   data required time
---------------------------------------------------------------------------------------------
                                              0.172619   data required time
                                             -2.087864   data arrival time
---------------------------------------------------------------------------------------------
                                              1.915246   slack (MET)


Startpoint: rst_ni (input port clocked by clk_i)
Endpoint: _199_ (removal check against rising-edge clock clk_i)
Path Group: asynchronous
Path Type: min

Fanout         Cap        Slew       Delay        Time   Description
---------------------------------------------------------------------------------------------
                      0.150000    0.000000    0.000000   clock clk_i (rise edge)
                                  0.000000    0.000000   clock network delay (ideal)
                                  2.000000    2.000000 ^ input external delay
    32    0.177827    0.123686    0.087864    2.087864 ^ rst_ni (in)
                                                         rst_ni (net)
                      0.123686    0.000000    2.087864 ^ _199_/RESET_B (sg13g2_dfrbpq_1)
                                              2.087864   data arrival time

                      0.150000    0.000000    0.000000   clock clk_i (rise edge)
                                  0.000000    0.000000   clock network delay (ideal)
                                  0.250000    0.250000   clock uncertainty
                                  0.000000    0.250000   clock reconvergence pessimism
                                              0.250000 ^ _199_/CLK (sg13g2_dfrbpq_1)
                                 -0.077381    0.172619   library removal time
                                              0.172619   data required time
---------------------------------------------------------------------------------------------
                                              0.172619   data required time
                                             -2.087864   data arrival time
---------------------------------------------------------------------------------------------
                                              1.915246   slack (MET)


Startpoint: rst_ni (input port clocked by clk_i)
Endpoint: _200_ (removal check against rising-edge clock clk_i)
Path Group: asynchronous
Path Type: min

Fanout         Cap        Slew       Delay        Time   Description
---------------------------------------------------------------------------------------------
                      0.150000    0.000000    0.000000   clock clk_i (rise edge)
                                  0.000000    0.000000   clock network delay (ideal)
                                  2.000000    2.000000 ^ input external delay
    32    0.177827    0.123686    0.087864    2.087864 ^ rst_ni (in)
                                                         rst_ni (net)
                      0.123686    0.000000    2.087864 ^ _200_/RESET_B (sg13g2_dfrbpq_1)
                                              2.087864   data arrival time

                      0.150000    0.000000    0.000000   clock clk_i (rise edge)
                                  0.000000    0.000000   clock network delay (ideal)
                                  0.250000    0.250000   clock uncertainty
                                  0.000000    0.250000   clock reconvergence pessimism
                                              0.250000 ^ _200_/CLK (sg13g2_dfrbpq_1)
                                 -0.077381    0.172619   library removal time
                                              0.172619   data required time
---------------------------------------------------------------------------------------------
                                              0.172619   data required time
                                             -2.087864   data arrival time
---------------------------------------------------------------------------------------------
                                              1.915246   slack (MET)


Startpoint: rst_ni (input port clocked by clk_i)
Endpoint: _201_ (removal check against rising-edge clock clk_i)
Path Group: asynchronous
Path Type: min

Fanout         Cap        Slew       Delay        Time   Description
---------------------------------------------------------------------------------------------
                      0.150000    0.000000    0.000000   clock clk_i (rise edge)
                                  0.000000    0.000000   clock network delay (ideal)
                                  2.000000    2.000000 ^ input external delay
    32    0.177827    0.123686    0.087864    2.087864 ^ rst_ni (in)
                                                         rst_ni (net)
                      0.123686    0.000000    2.087864 ^ _201_/RESET_B (sg13g2_dfrbpq_1)
                                              2.087864   data arrival time

                      0.150000    0.000000    0.000000   clock clk_i (rise edge)
                                  0.000000    0.000000   clock network delay (ideal)
                                  0.250000    0.250000   clock uncertainty
                                  0.000000    0.250000   clock reconvergence pessimism
                                              0.250000 ^ _201_/CLK (sg13g2_dfrbpq_1)
                                 -0.077381    0.172619   library removal time
                                              0.172619   data required time
---------------------------------------------------------------------------------------------
                                              0.172619   data required time
                                             -2.087864   data arrival time
---------------------------------------------------------------------------------------------
                                              1.915246   slack (MET)


Startpoint: rst_ni (input port clocked by clk_i)
Endpoint: _202_ (removal check against rising-edge clock clk_i)
Path Group: asynchronous
Path Type: min

Fanout         Cap        Slew       Delay        Time   Description
---------------------------------------------------------------------------------------------
                      0.150000    0.000000    0.000000   clock clk_i (rise edge)
                                  0.000000    0.000000   clock network delay (ideal)
                                  2.000000    2.000000 ^ input external delay
    32    0.177827    0.123686    0.087864    2.087864 ^ rst_ni (in)
                                                         rst_ni (net)
                      0.123686    0.000000    2.087864 ^ _202_/RESET_B (sg13g2_dfrbpq_1)
                                              2.087864   data arrival time

                      0.150000    0.000000    0.000000   clock clk_i (rise edge)
                                  0.000000    0.000000   clock network delay (ideal)
                                  0.250000    0.250000   clock uncertainty
                                  0.000000    0.250000   clock reconvergence pessimism
                                              0.250000 ^ _202_/CLK (sg13g2_dfrbpq_1)
                                 -0.077381    0.172619   library removal time
                                              0.172619   data required time
---------------------------------------------------------------------------------------------
                                              0.172619   data required time
                                             -2.087864   data arrival time
---------------------------------------------------------------------------------------------
                                              1.915246   slack (MET)


Startpoint: _202_ (rising edge-triggered flip-flop clocked by clk_i)
Endpoint: uo_CORE2PAD[0] (output port clocked by clk_i)
Path Group: clk_i
Path Type: min

Fanout         Cap        Slew       Delay        Time   Description
---------------------------------------------------------------------------------------------
                      0.150000    0.000000    0.000000   clock clk_i (rise edge)
                                  0.000000    0.000000   clock network delay (ideal)
                      0.150000    0.000000    0.000000 ^ _202_/CLK (sg13g2_dfrbpq_1)
     1    0.002425    0.012852    0.150531    0.150531 v _202_/Q (sg13g2_dfrbpq_1)
                                                         spm_inst.csa0.sum (net)
                      0.012852    0.000000    0.150531 v _219_/A (sg13g2_buf_1)
     1    0.006000    0.019496    0.043627    0.194158 v _219_/X (sg13g2_buf_1)
                                                         uo_CORE2PAD[0] (net)
                      0.019496    0.000000    0.194158 v uo_CORE2PAD[0] (out)
                                              0.194158   data arrival time

                      0.150000    0.000000    0.000000   clock clk_i (rise edge)
                                  0.000000    0.000000   clock network delay (ideal)
                                  0.250000    0.250000   clock uncertainty
                                  0.000000    0.250000   clock reconvergence pessimism
                                 -2.000000   -1.750000   output external delay
                                             -1.750000   data required time
---------------------------------------------------------------------------------------------
                                             -1.750000   data required time
                                             -0.194158   data arrival time
---------------------------------------------------------------------------------------------
                                              1.944158   slack (MET)



%OL_END_REPORT
%OL_CREATE_REPORT max.rpt

===========================================================================
report_checks -path_delay max (Setup)
============================================================================
======================= nom_fast_1p32V_m40C Corner ===================================

Startpoint: ui_PAD2CORE[0] (input port clocked by clk_i)
Endpoint: _173_ (rising edge-triggered flip-flop clocked by clk_i)
Path Group: clk_i
Path Type: max

Fanout         Cap        Slew       Delay        Time   Description
---------------------------------------------------------------------------------------------
                      0.150000    0.000000    0.000000   clock clk_i (rise edge)
                                  0.000000    0.000000   clock network delay (ideal)
                                  2.000000    2.000000 ^ input external delay
    16    0.049695    0.042539    0.026685    2.026685 ^ ui_PAD2CORE[0] (in)
                                                         ui_PAD2CORE[0] (net)
                      0.042539    0.000000    2.026685 ^ _084_/B (sg13g2_nand2_1)
     2    0.009687    0.049052    0.057295    2.083980 v _084_/Y (sg13g2_nand2_1)
                                                         _069_ (net)
                      0.049052    0.000000    2.083980 v _089_/A1 (sg13g2_o21ai_1)
     1    0.001496    0.038826    0.056587    2.140567 ^ _089_/Y (sg13g2_o21ai_1)
                                                         _004_ (net)
                      0.038826    0.000000    2.140567 ^ _173_/D (sg13g2_dfrbpq_1)
                                              2.140567   data arrival time

                      0.150000   10.000000   10.000000   clock clk_i (rise edge)
                                  0.000000   10.000000   clock network delay (ideal)
                                 -0.250000    9.750000   clock uncertainty
                                  0.000000    9.750000   clock reconvergence pessimism
                                              9.750000 ^ _173_/CLK (sg13g2_dfrbpq_1)
                                 -0.065925    9.684075   library setup time
                                              9.684075   data required time
---------------------------------------------------------------------------------------------
                                              9.684075   data required time
                                             -2.140567   data arrival time
---------------------------------------------------------------------------------------------
                                              7.543508   slack (MET)


Startpoint: ui_PAD2CORE[0] (input port clocked by clk_i)
Endpoint: _171_ (rising edge-triggered flip-flop clocked by clk_i)
Path Group: clk_i
Path Type: max

Fanout         Cap        Slew       Delay        Time   Description
---------------------------------------------------------------------------------------------
                      0.150000    0.000000    0.000000   clock clk_i (rise edge)
                                  0.000000    0.000000   clock network delay (ideal)
                                  2.000000    2.000000 ^ input external delay
    16    0.049695    0.042539    0.026685    2.026685 ^ ui_PAD2CORE[0] (in)
                                                         ui_PAD2CORE[0] (net)
                      0.042539    0.000000    2.026685 ^ _078_/A (sg13g2_nand2_1)
     2    0.009687    0.050921    0.055329    2.082015 v _078_/Y (sg13g2_nand2_1)
                                                         _065_ (net)
                      0.050921    0.000000    2.082015 v _083_/A1 (sg13g2_o21ai_1)
     1    0.001496    0.039041    0.057080    2.139095 ^ _083_/Y (sg13g2_o21ai_1)
                                                         _005_ (net)
                      0.039041    0.000000    2.139095 ^ _171_/D (sg13g2_dfrbpq_1)
                                              2.139095   data arrival time

                      0.150000   10.000000   10.000000   clock clk_i (rise edge)
                                  0.000000   10.000000   clock network delay (ideal)
                                 -0.250000    9.750000   clock uncertainty
                                  0.000000    9.750000   clock reconvergence pessimism
                                              9.750000 ^ _171_/CLK (sg13g2_dfrbpq_1)
                                 -0.065976    9.684024   library setup time
                                              9.684024   data required time
---------------------------------------------------------------------------------------------
                                              9.684024   data required time
                                             -2.139095   data arrival time
---------------------------------------------------------------------------------------------
                                              7.544929   slack (MET)


Startpoint: ui_PAD2CORE[0] (input port clocked by clk_i)
Endpoint: _175_ (rising edge-triggered flip-flop clocked by clk_i)
Path Group: clk_i
Path Type: max

Fanout         Cap        Slew       Delay        Time   Description
---------------------------------------------------------------------------------------------
                      0.150000    0.000000    0.000000   clock clk_i (rise edge)
                                  0.000000    0.000000   clock network delay (ideal)
                                  2.000000    2.000000 ^ input external delay
    16    0.049695    0.042539    0.026685    2.026685 ^ ui_PAD2CORE[0] (in)
                                                         ui_PAD2CORE[0] (net)
                      0.042539    0.000000    2.026685 ^ _090_/A (sg13g2_nand2_1)
     2    0.009687    0.050921    0.055329    2.082015 v _090_/Y (sg13g2_nand2_1)
                                                         _073_ (net)
                      0.050921    0.000000    2.082015 v _095_/A1 (sg13g2_o21ai_1)
     1    0.001496    0.039041    0.057080    2.139095 ^ _095_/Y (sg13g2_o21ai_1)
                                                         _003_ (net)
                      0.039041    0.000000    2.139095 ^ _175_/D (sg13g2_dfrbpq_1)
                                              2.139095   data arrival time

                      0.150000   10.000000   10.000000   clock clk_i (rise edge)
                                  0.000000   10.000000   clock network delay (ideal)
                                 -0.250000    9.750000   clock uncertainty
                                  0.000000    9.750000   clock reconvergence pessimism
                                              9.750000 ^ _175_/CLK (sg13g2_dfrbpq_1)
                                 -0.065976    9.684024   library setup time
                                              9.684024   data required time
---------------------------------------------------------------------------------------------
                                              9.684024   data required time
                                             -2.139095   data arrival time
---------------------------------------------------------------------------------------------
                                              7.544929   slack (MET)


Startpoint: ui_PAD2CORE[0] (input port clocked by clk_i)
Endpoint: _177_ (rising edge-triggered flip-flop clocked by clk_i)
Path Group: clk_i
Path Type: max

Fanout         Cap        Slew       Delay        Time   Description
---------------------------------------------------------------------------------------------
                      0.150000    0.000000    0.000000   clock clk_i (rise edge)
                                  0.000000    0.000000   clock network delay (ideal)
                                  2.000000    2.000000 ^ input external delay
    16    0.049695    0.042539    0.026685    2.026685 ^ ui_PAD2CORE[0] (in)
                                                         ui_PAD2CORE[0] (net)
                      0.042539    0.000000    2.026685 ^ _096_/A (sg13g2_nand2_1)
     2    0.009687    0.050921    0.055329    2.082015 v _096_/Y (sg13g2_nand2_1)
                                                         _077_ (net)
                      0.050921    0.000000    2.082015 v _101_/A1 (sg13g2_o21ai_1)
     1    0.001496    0.039041    0.057080    2.139095 ^ _101_/Y (sg13g2_o21ai_1)
                                                         _002_ (net)
                      0.039041    0.000000    2.139095 ^ _177_/D (sg13g2_dfrbpq_1)
                                              2.139095   data arrival time

                      0.150000   10.000000   10.000000   clock clk_i (rise edge)
                                  0.000000   10.000000   clock network delay (ideal)
                                 -0.250000    9.750000   clock uncertainty
                                  0.000000    9.750000   clock reconvergence pessimism
                                              9.750000 ^ _177_/CLK (sg13g2_dfrbpq_1)
                                 -0.065976    9.684024   library setup time
                                              9.684024   data required time
---------------------------------------------------------------------------------------------
                                              9.684024   data required time
                                             -2.139095   data arrival time
---------------------------------------------------------------------------------------------
                                              7.544929   slack (MET)


Startpoint: ui_PAD2CORE[0] (input port clocked by clk_i)
Endpoint: _179_ (rising edge-triggered flip-flop clocked by clk_i)
Path Group: clk_i
Path Type: max

Fanout         Cap        Slew       Delay        Time   Description
---------------------------------------------------------------------------------------------
                      0.150000    0.000000    0.000000   clock clk_i (rise edge)
                                  0.000000    0.000000   clock network delay (ideal)
                                  2.000000    2.000000 ^ input external delay
    16    0.049695    0.042539    0.026685    2.026685 ^ ui_PAD2CORE[0] (in)
                                                         ui_PAD2CORE[0] (net)
                      0.042539    0.000000    2.026685 ^ _102_/A (sg13g2_nand2_1)
     2    0.009687    0.050921    0.055329    2.082015 v _102_/Y (sg13g2_nand2_1)
                                                         _020_ (net)
                      0.050921    0.000000    2.082015 v _107_/A1 (sg13g2_o21ai_1)
     1    0.001496    0.039041    0.057080    2.139095 ^ _107_/Y (sg13g2_o21ai_1)
                                                         _001_ (net)
                      0.039041    0.000000    2.139095 ^ _179_/D (sg13g2_dfrbpq_1)
                                              2.139095   data arrival time

                      0.150000   10.000000   10.000000   clock clk_i (rise edge)
                                  0.000000   10.000000   clock network delay (ideal)
                                 -0.250000    9.750000   clock uncertainty
                                  0.000000    9.750000   clock reconvergence pessimism
                                              9.750000 ^ _179_/CLK (sg13g2_dfrbpq_1)
                                 -0.065976    9.684024   library setup time
                                              9.684024   data required time
---------------------------------------------------------------------------------------------
                                              9.684024   data required time
                                             -2.139095   data arrival time
---------------------------------------------------------------------------------------------
                                              7.544929   slack (MET)


Startpoint: ui_PAD2CORE[0] (input port clocked by clk_i)
Endpoint: _181_ (rising edge-triggered flip-flop clocked by clk_i)
Path Group: clk_i
Path Type: max

Fanout         Cap        Slew       Delay        Time   Description
---------------------------------------------------------------------------------------------
                      0.150000    0.000000    0.000000   clock clk_i (rise edge)
                                  0.000000    0.000000   clock network delay (ideal)
                                  2.000000    2.000000 ^ input external delay
    16    0.049695    0.042539    0.026685    2.026685 ^ ui_PAD2CORE[0] (in)
                                                         ui_PAD2CORE[0] (net)
                      0.042539    0.000000    2.026685 ^ _108_/A (sg13g2_nand2_1)
     2    0.009687    0.050921    0.055329    2.082015 v _108_/Y (sg13g2_nand2_1)
                                                         _024_ (net)
                      0.050921    0.000000    2.082015 v _113_/A1 (sg13g2_o21ai_1)
     1    0.001496    0.039041    0.057080    2.139095 ^ _113_/Y (sg13g2_o21ai_1)
                                                         _014_ (net)
                      0.039041    0.000000    2.139095 ^ _181_/D (sg13g2_dfrbpq_1)
                                              2.139095   data arrival time

                      0.150000   10.000000   10.000000   clock clk_i (rise edge)
                                  0.000000   10.000000   clock network delay (ideal)
                                 -0.250000    9.750000   clock uncertainty
                                  0.000000    9.750000   clock reconvergence pessimism
                                              9.750000 ^ _181_/CLK (sg13g2_dfrbpq_1)
                                 -0.065976    9.684024   library setup time
                                              9.684024   data required time
---------------------------------------------------------------------------------------------
                                              9.684024   data required time
                                             -2.139095   data arrival time
---------------------------------------------------------------------------------------------
                                              7.544929   slack (MET)


Startpoint: ui_PAD2CORE[0] (input port clocked by clk_i)
Endpoint: _183_ (rising edge-triggered flip-flop clocked by clk_i)
Path Group: clk_i
Path Type: max

Fanout         Cap        Slew       Delay        Time   Description
---------------------------------------------------------------------------------------------
                      0.150000    0.000000    0.000000   clock clk_i (rise edge)
                                  0.000000    0.000000   clock network delay (ideal)
                                  2.000000    2.000000 ^ input external delay
    16    0.049695    0.042539    0.026685    2.026685 ^ ui_PAD2CORE[0] (in)
                                                         ui_PAD2CORE[0] (net)
                      0.042539    0.000000    2.026685 ^ _114_/A (sg13g2_nand2_1)
     2    0.009687    0.050921    0.055329    2.082015 v _114_/Y (sg13g2_nand2_1)
                                                         _028_ (net)
                      0.050921    0.000000    2.082015 v _119_/A1 (sg13g2_o21ai_1)
     1    0.001496    0.039041    0.057080    2.139095 ^ _119_/Y (sg13g2_o21ai_1)
                                                         _013_ (net)
                      0.039041    0.000000    2.139095 ^ _183_/D (sg13g2_dfrbpq_1)
                                              2.139095   data arrival time

                      0.150000   10.000000   10.000000   clock clk_i (rise edge)
                                  0.000000   10.000000   clock network delay (ideal)
                                 -0.250000    9.750000   clock uncertainty
                                  0.000000    9.750000   clock reconvergence pessimism
                                              9.750000 ^ _183_/CLK (sg13g2_dfrbpq_1)
                                 -0.065976    9.684024   library setup time
                                              9.684024   data required time
---------------------------------------------------------------------------------------------
                                              9.684024   data required time
                                             -2.139095   data arrival time
---------------------------------------------------------------------------------------------
                                              7.544929   slack (MET)


Startpoint: ui_PAD2CORE[0] (input port clocked by clk_i)
Endpoint: _185_ (rising edge-triggered flip-flop clocked by clk_i)
Path Group: clk_i
Path Type: max

Fanout         Cap        Slew       Delay        Time   Description
---------------------------------------------------------------------------------------------
                      0.150000    0.000000    0.000000   clock clk_i (rise edge)
                                  0.000000    0.000000   clock network delay (ideal)
                                  2.000000    2.000000 ^ input external delay
    16    0.049695    0.042539    0.026685    2.026685 ^ ui_PAD2CORE[0] (in)
                                                         ui_PAD2CORE[0] (net)
                      0.042539    0.000000    2.026685 ^ _120_/A (sg13g2_nand2_1)
     2    0.009687    0.050921    0.055329    2.082015 v _120_/Y (sg13g2_nand2_1)
                                                         _032_ (net)
                      0.050921    0.000000    2.082015 v _125_/A1 (sg13g2_o21ai_1)
     1    0.001496    0.039041    0.057080    2.139095 ^ _125_/Y (sg13g2_o21ai_1)
                                                         _012_ (net)
                      0.039041    0.000000    2.139095 ^ _185_/D (sg13g2_dfrbpq_1)
                                              2.139095   data arrival time

                      0.150000   10.000000   10.000000   clock clk_i (rise edge)
                                  0.000000   10.000000   clock network delay (ideal)
                                 -0.250000    9.750000   clock uncertainty
                                  0.000000    9.750000   clock reconvergence pessimism
                                              9.750000 ^ _185_/CLK (sg13g2_dfrbpq_1)
                                 -0.065976    9.684024   library setup time
                                              9.684024   data required time
---------------------------------------------------------------------------------------------
                                              9.684024   data required time
                                             -2.139095   data arrival time
---------------------------------------------------------------------------------------------
                                              7.544929   slack (MET)


Startpoint: ui_PAD2CORE[0] (input port clocked by clk_i)
Endpoint: _187_ (rising edge-triggered flip-flop clocked by clk_i)
Path Group: clk_i
Path Type: max

Fanout         Cap        Slew       Delay        Time   Description
---------------------------------------------------------------------------------------------
                      0.150000    0.000000    0.000000   clock clk_i (rise edge)
                                  0.000000    0.000000   clock network delay (ideal)
                                  2.000000    2.000000 ^ input external delay
    16    0.049695    0.042539    0.026685    2.026685 ^ ui_PAD2CORE[0] (in)
                                                         ui_PAD2CORE[0] (net)
                      0.042539    0.000000    2.026685 ^ _126_/A (sg13g2_nand2_1)
     2    0.009687    0.050921    0.055329    2.082015 v _126_/Y (sg13g2_nand2_1)
                                                         _036_ (net)
                      0.050921    0.000000    2.082015 v _131_/A1 (sg13g2_o21ai_1)
     1    0.001496    0.039041    0.057080    2.139095 ^ _131_/Y (sg13g2_o21ai_1)
                                                         _011_ (net)
                      0.039041    0.000000    2.139095 ^ _187_/D (sg13g2_dfrbpq_1)
                                              2.139095   data arrival time

                      0.150000   10.000000   10.000000   clock clk_i (rise edge)
                                  0.000000   10.000000   clock network delay (ideal)
                                 -0.250000    9.750000   clock uncertainty
                                  0.000000    9.750000   clock reconvergence pessimism
                                              9.750000 ^ _187_/CLK (sg13g2_dfrbpq_1)
                                 -0.065976    9.684024   library setup time
                                              9.684024   data required time
---------------------------------------------------------------------------------------------
                                              9.684024   data required time
                                             -2.139095   data arrival time
---------------------------------------------------------------------------------------------
                                              7.544929   slack (MET)


Startpoint: ui_PAD2CORE[0] (input port clocked by clk_i)
Endpoint: _189_ (rising edge-triggered flip-flop clocked by clk_i)
Path Group: clk_i
Path Type: max

Fanout         Cap        Slew       Delay        Time   Description
---------------------------------------------------------------------------------------------
                      0.150000    0.000000    0.000000   clock clk_i (rise edge)
                                  0.000000    0.000000   clock network delay (ideal)
                                  2.000000    2.000000 ^ input external delay
    16    0.049695    0.042539    0.026685    2.026685 ^ ui_PAD2CORE[0] (in)
                                                         ui_PAD2CORE[0] (net)
                      0.042539    0.000000    2.026685 ^ _132_/A (sg13g2_nand2_1)
     2    0.009687    0.050921    0.055329    2.082015 v _132_/Y (sg13g2_nand2_1)
                                                         _040_ (net)
                      0.050921    0.000000    2.082015 v _137_/A1 (sg13g2_o21ai_1)
     1    0.001496    0.039041    0.057080    2.139095 ^ _137_/Y (sg13g2_o21ai_1)
                                                         _010_ (net)
                      0.039041    0.000000    2.139095 ^ _189_/D (sg13g2_dfrbpq_1)
                                              2.139095   data arrival time

                      0.150000   10.000000   10.000000   clock clk_i (rise edge)
                                  0.000000   10.000000   clock network delay (ideal)
                                 -0.250000    9.750000   clock uncertainty
                                  0.000000    9.750000   clock reconvergence pessimism
                                              9.750000 ^ _189_/CLK (sg13g2_dfrbpq_1)
                                 -0.065976    9.684024   library setup time
                                              9.684024   data required time
---------------------------------------------------------------------------------------------
                                              9.684024   data required time
                                             -2.139095   data arrival time
---------------------------------------------------------------------------------------------
                                              7.544929   slack (MET)


Startpoint: ui_PAD2CORE[0] (input port clocked by clk_i)
Endpoint: _191_ (rising edge-triggered flip-flop clocked by clk_i)
Path Group: clk_i
Path Type: max

Fanout         Cap        Slew       Delay        Time   Description
---------------------------------------------------------------------------------------------
                      0.150000    0.000000    0.000000   clock clk_i (rise edge)
                                  0.000000    0.000000   clock network delay (ideal)
                                  2.000000    2.000000 ^ input external delay
    16    0.049695    0.042539    0.026685    2.026685 ^ ui_PAD2CORE[0] (in)
                                                         ui_PAD2CORE[0] (net)
                      0.042539    0.000000    2.026685 ^ _138_/A (sg13g2_nand2_1)
     2    0.009687    0.050921    0.055329    2.082015 v _138_/Y (sg13g2_nand2_1)
                                                         _044_ (net)
                      0.050921    0.000000    2.082015 v _143_/A1 (sg13g2_o21ai_1)
     1    0.001496    0.039041    0.057080    2.139095 ^ _143_/Y (sg13g2_o21ai_1)
                                                         _009_ (net)
                      0.039041    0.000000    2.139095 ^ _191_/D (sg13g2_dfrbpq_1)
                                              2.139095   data arrival time

                      0.150000   10.000000   10.000000   clock clk_i (rise edge)
                                  0.000000   10.000000   clock network delay (ideal)
                                 -0.250000    9.750000   clock uncertainty
                                  0.000000    9.750000   clock reconvergence pessimism
                                              9.750000 ^ _191_/CLK (sg13g2_dfrbpq_1)
                                 -0.065976    9.684024   library setup time
                                              9.684024   data required time
---------------------------------------------------------------------------------------------
                                              9.684024   data required time
                                             -2.139095   data arrival time
---------------------------------------------------------------------------------------------
                                              7.544929   slack (MET)


Startpoint: ui_PAD2CORE[0] (input port clocked by clk_i)
Endpoint: _193_ (rising edge-triggered flip-flop clocked by clk_i)
Path Group: clk_i
Path Type: max

Fanout         Cap        Slew       Delay        Time   Description
---------------------------------------------------------------------------------------------
                      0.150000    0.000000    0.000000   clock clk_i (rise edge)
                                  0.000000    0.000000   clock network delay (ideal)
                                  2.000000    2.000000 ^ input external delay
    16    0.049695    0.042539    0.026685    2.026685 ^ ui_PAD2CORE[0] (in)
                                                         ui_PAD2CORE[0] (net)
                      0.042539    0.000000    2.026685 ^ _144_/A (sg13g2_nand2_1)
     2    0.009687    0.050921    0.055329    2.082015 v _144_/Y (sg13g2_nand2_1)
                                                         _048_ (net)
                      0.050921    0.000000    2.082015 v _149_/A1 (sg13g2_o21ai_1)
     1    0.001496    0.039041    0.057080    2.139095 ^ _149_/Y (sg13g2_o21ai_1)
                                                         _008_ (net)
                      0.039041    0.000000    2.139095 ^ _193_/D (sg13g2_dfrbpq_1)
                                              2.139095   data arrival time

                      0.150000   10.000000   10.000000   clock clk_i (rise edge)
                                  0.000000   10.000000   clock network delay (ideal)
                                 -0.250000    9.750000   clock uncertainty
                                  0.000000    9.750000   clock reconvergence pessimism
                                              9.750000 ^ _193_/CLK (sg13g2_dfrbpq_1)
                                 -0.065976    9.684024   library setup time
                                              9.684024   data required time
---------------------------------------------------------------------------------------------
                                              9.684024   data required time
                                             -2.139095   data arrival time
---------------------------------------------------------------------------------------------
                                              7.544929   slack (MET)


Startpoint: ui_PAD2CORE[0] (input port clocked by clk_i)
Endpoint: _195_ (rising edge-triggered flip-flop clocked by clk_i)
Path Group: clk_i
Path Type: max

Fanout         Cap        Slew       Delay        Time   Description
---------------------------------------------------------------------------------------------
                      0.150000    0.000000    0.000000   clock clk_i (rise edge)
                                  0.000000    0.000000   clock network delay (ideal)
                                  2.000000    2.000000 ^ input external delay
    16    0.049695    0.042539    0.026685    2.026685 ^ ui_PAD2CORE[0] (in)
                                                         ui_PAD2CORE[0] (net)
                      0.042539    0.000000    2.026685 ^ _150_/A (sg13g2_nand2_1)
     2    0.009687    0.050921    0.055329    2.082015 v _150_/Y (sg13g2_nand2_1)
                                                         _052_ (net)
                      0.050921    0.000000    2.082015 v _155_/A1 (sg13g2_o21ai_1)
     1    0.001496    0.039041    0.057080    2.139095 ^ _155_/Y (sg13g2_o21ai_1)
                                                         _007_ (net)
                      0.039041    0.000000    2.139095 ^ _195_/D (sg13g2_dfrbpq_1)
                                              2.139095   data arrival time

                      0.150000   10.000000   10.000000   clock clk_i (rise edge)
                                  0.000000   10.000000   clock network delay (ideal)
                                 -0.250000    9.750000   clock uncertainty
                                  0.000000    9.750000   clock reconvergence pessimism
                                              9.750000 ^ _195_/CLK (sg13g2_dfrbpq_1)
                                 -0.065976    9.684024   library setup time
                                              9.684024   data required time
---------------------------------------------------------------------------------------------
                                              9.684024   data required time
                                             -2.139095   data arrival time
---------------------------------------------------------------------------------------------
                                              7.544929   slack (MET)


Startpoint: ui_PAD2CORE[0] (input port clocked by clk_i)
Endpoint: _197_ (rising edge-triggered flip-flop clocked by clk_i)
Path Group: clk_i
Path Type: max

Fanout         Cap        Slew       Delay        Time   Description
---------------------------------------------------------------------------------------------
                      0.150000    0.000000    0.000000   clock clk_i (rise edge)
                                  0.000000    0.000000   clock network delay (ideal)
                                  2.000000    2.000000 ^ input external delay
    16    0.049695    0.042539    0.026685    2.026685 ^ ui_PAD2CORE[0] (in)
                                                         ui_PAD2CORE[0] (net)
                      0.042539    0.000000    2.026685 ^ _156_/A (sg13g2_nand2_1)
     2    0.009687    0.050921    0.055329    2.082015 v _156_/Y (sg13g2_nand2_1)
                                                         _056_ (net)
                      0.050921    0.000000    2.082015 v _161_/A1 (sg13g2_o21ai_1)
     1    0.001496    0.039041    0.057080    2.139095 ^ _161_/Y (sg13g2_o21ai_1)
                                                         _006_ (net)
                      0.039041    0.000000    2.139095 ^ _197_/D (sg13g2_dfrbpq_1)
                                              2.139095   data arrival time

                      0.150000   10.000000   10.000000   clock clk_i (rise edge)
                                  0.000000   10.000000   clock network delay (ideal)
                                 -0.250000    9.750000   clock uncertainty
                                  0.000000    9.750000   clock reconvergence pessimism
                                              9.750000 ^ _197_/CLK (sg13g2_dfrbpq_1)
                                 -0.065976    9.684024   library setup time
                                              9.684024   data required time
---------------------------------------------------------------------------------------------
                                              9.684024   data required time
                                             -2.139095   data arrival time
---------------------------------------------------------------------------------------------
                                              7.544929   slack (MET)


Startpoint: ui_PAD2CORE[0] (input port clocked by clk_i)
Endpoint: _201_ (rising edge-triggered flip-flop clocked by clk_i)
Path Group: clk_i
Path Type: max

Fanout         Cap        Slew       Delay        Time   Description
---------------------------------------------------------------------------------------------
                      0.150000    0.000000    0.000000   clock clk_i (rise edge)
                                  0.000000    0.000000   clock network delay (ideal)
                                  2.000000    2.000000 ^ input external delay
    16    0.049695    0.042539    0.026685    2.026685 ^ ui_PAD2CORE[0] (in)
                                                         ui_PAD2CORE[0] (net)
                      0.042539    0.000000    2.026685 ^ _165_/A (sg13g2_nand2_1)
     2    0.009687    0.050921    0.055329    2.082015 v _165_/Y (sg13g2_nand2_1)
                                                         _061_ (net)
                      0.050921    0.000000    2.082015 v _170_/A1 (sg13g2_o21ai_1)
     1    0.001496    0.039041    0.057080    2.139095 ^ _170_/Y (sg13g2_o21ai_1)
                                                         _000_ (net)
                      0.039041    0.000000    2.139095 ^ _201_/D (sg13g2_dfrbpq_1)
                                              2.139095   data arrival time

                      0.150000   10.000000   10.000000   clock clk_i (rise edge)
                                  0.000000   10.000000   clock network delay (ideal)
                                 -0.250000    9.750000   clock uncertainty
                                  0.000000    9.750000   clock reconvergence pessimism
                                              9.750000 ^ _201_/CLK (sg13g2_dfrbpq_1)
                                 -0.065976    9.684024   library setup time
                                              9.684024   data required time
---------------------------------------------------------------------------------------------
                                              9.684024   data required time
                                             -2.139095   data arrival time
---------------------------------------------------------------------------------------------
                                              7.544929   slack (MET)


Startpoint: _202_ (rising edge-triggered flip-flop clocked by clk_i)
Endpoint: uo_CORE2PAD[0] (output port clocked by clk_i)
Path Group: clk_i
Path Type: max

Fanout         Cap        Slew       Delay        Time   Description
---------------------------------------------------------------------------------------------
                      0.150000    0.000000    0.000000   clock clk_i (rise edge)
                                  0.000000    0.000000   clock network delay (ideal)
                      0.150000    0.000000    0.000000 ^ _202_/CLK (sg13g2_dfrbpq_1)
     1    0.002468    0.015230    0.151627    0.151627 ^ _202_/Q (sg13g2_dfrbpq_1)
                                                         spm_inst.csa0.sum (net)
                      0.015230    0.000000    0.151627 ^ _219_/A (sg13g2_buf_1)
     1    0.006000    0.022747    0.044141    0.195768 ^ _219_/X (sg13g2_buf_1)
                                                         uo_CORE2PAD[0] (net)
                      0.022747    0.000000    0.195768 ^ uo_CORE2PAD[0] (out)
                                              0.195768   data arrival time

                      0.150000   10.000000   10.000000   clock clk_i (rise edge)
                                  0.000000   10.000000   clock network delay (ideal)
                                 -0.250000    9.750000   clock uncertainty
                                  0.000000    9.750000   clock reconvergence pessimism
                                 -2.000000    7.750000   output external delay
                                              7.750000   data required time
---------------------------------------------------------------------------------------------
                                              7.750000   data required time
                                             -0.195768   data arrival time
---------------------------------------------------------------------------------------------
                                              7.554232   slack (MET)


Startpoint: ui_PAD2CORE[0] (input port clocked by clk_i)
Endpoint: _174_ (rising edge-triggered flip-flop clocked by clk_i)
Path Group: clk_i
Path Type: max

Fanout         Cap        Slew       Delay        Time   Description
---------------------------------------------------------------------------------------------
                      0.150000    0.000000    0.000000   clock clk_i (rise edge)
                                  0.000000    0.000000   clock network delay (ideal)
                                  2.000000    2.000000 ^ input external delay
    16    0.049695    0.042539    0.026685    2.026685 ^ ui_PAD2CORE[0] (in)
                                                         ui_PAD2CORE[0] (net)
                      0.042539    0.000000    2.026685 ^ _084_/B (sg13g2_nand2_1)
     2    0.009687    0.049052    0.057295    2.083980 v _084_/Y (sg13g2_nand2_1)
                                                         _069_ (net)
                      0.049052    0.000000    2.083980 v _088_/A (sg13g2_xnor2_1)
     1    0.001496    0.034722    0.046361    2.130341 ^ _088_/Y (sg13g2_xnor2_1)
                                                         spm_inst.genblk1[13].csa.hsum2 (net)
                      0.034722    0.000000    2.130341 ^ _174_/D (sg13g2_dfrbpq_1)
                                              2.130341   data arrival time

                      0.150000   10.000000   10.000000   clock clk_i (rise edge)
                                  0.000000   10.000000   clock network delay (ideal)
                                 -0.250000    9.750000   clock uncertainty
                                  0.000000    9.750000   clock reconvergence pessimism
                                              9.750000 ^ _174_/CLK (sg13g2_dfrbpq_1)
                                 -0.064952    9.685049   library setup time
                                              9.685049   data required time
---------------------------------------------------------------------------------------------
                                              9.685049   data required time
                                             -2.130341   data arrival time
---------------------------------------------------------------------------------------------
                                              7.554708   slack (MET)


Startpoint: ui_PAD2CORE[0] (input port clocked by clk_i)
Endpoint: _172_ (rising edge-triggered flip-flop clocked by clk_i)
Path Group: clk_i
Path Type: max

Fanout         Cap        Slew       Delay        Time   Description
---------------------------------------------------------------------------------------------
                      0.150000    0.000000    0.000000   clock clk_i (rise edge)
                                  0.000000    0.000000   clock network delay (ideal)
                                  2.000000    2.000000 ^ input external delay
    16    0.049695    0.042539    0.026685    2.026685 ^ ui_PAD2CORE[0] (in)
                                                         ui_PAD2CORE[0] (net)
                      0.042539    0.000000    2.026685 ^ _078_/A (sg13g2_nand2_1)
     2    0.009687    0.050921    0.055329    2.082015 v _078_/Y (sg13g2_nand2_1)
                                                         _065_ (net)
                      0.050921    0.000000    2.082015 v _082_/A (sg13g2_xnor2_1)
     1    0.001496    0.034722    0.046815    2.128829 ^ _082_/Y (sg13g2_xnor2_1)
                                                         spm_inst.genblk1[14].csa.hsum2 (net)
                      0.034722    0.000000    2.128829 ^ _172_/D (sg13g2_dfrbpq_1)
                                              2.128829   data arrival time

                      0.150000   10.000000   10.000000   clock clk_i (rise edge)
                                  0.000000   10.000000   clock network delay (ideal)
                                 -0.250000    9.750000   clock uncertainty
                                  0.000000    9.750000   clock reconvergence pessimism
                                              9.750000 ^ _172_/CLK (sg13g2_dfrbpq_1)
                                 -0.064952    9.685049   library setup time
                                              9.685049   data required time
---------------------------------------------------------------------------------------------
                                              9.685049   data required time
                                             -2.128829   data arrival time
---------------------------------------------------------------------------------------------
                                              7.556219   slack (MET)


Startpoint: ui_PAD2CORE[0] (input port clocked by clk_i)
Endpoint: _176_ (rising edge-triggered flip-flop clocked by clk_i)
Path Group: clk_i
Path Type: max

Fanout         Cap        Slew       Delay        Time   Description
---------------------------------------------------------------------------------------------
                      0.150000    0.000000    0.000000   clock clk_i (rise edge)
                                  0.000000    0.000000   clock network delay (ideal)
                                  2.000000    2.000000 ^ input external delay
    16    0.049695    0.042539    0.026685    2.026685 ^ ui_PAD2CORE[0] (in)
                                                         ui_PAD2CORE[0] (net)
                      0.042539    0.000000    2.026685 ^ _090_/A (sg13g2_nand2_1)
     2    0.009687    0.050921    0.055329    2.082015 v _090_/Y (sg13g2_nand2_1)
                                                         _073_ (net)
                      0.050921    0.000000    2.082015 v _094_/A (sg13g2_xnor2_1)
     1    0.001496    0.034722    0.046815    2.128829 ^ _094_/Y (sg13g2_xnor2_1)
                                                         spm_inst.genblk1[12].csa.hsum2 (net)
                      0.034722    0.000000    2.128829 ^ _176_/D (sg13g2_dfrbpq_1)
                                              2.128829   data arrival time

                      0.150000   10.000000   10.000000   clock clk_i (rise edge)
                                  0.000000   10.000000   clock network delay (ideal)
                                 -0.250000    9.750000   clock uncertainty
                                  0.000000    9.750000   clock reconvergence pessimism
                                              9.750000 ^ _176_/CLK (sg13g2_dfrbpq_1)
                                 -0.064952    9.685049   library setup time
                                              9.685049   data required time
---------------------------------------------------------------------------------------------
                                              9.685049   data required time
                                             -2.128829   data arrival time
---------------------------------------------------------------------------------------------
                                              7.556219   slack (MET)


Startpoint: ui_PAD2CORE[0] (input port clocked by clk_i)
Endpoint: _178_ (rising edge-triggered flip-flop clocked by clk_i)
Path Group: clk_i
Path Type: max

Fanout         Cap        Slew       Delay        Time   Description
---------------------------------------------------------------------------------------------
                      0.150000    0.000000    0.000000   clock clk_i (rise edge)
                                  0.000000    0.000000   clock network delay (ideal)
                                  2.000000    2.000000 ^ input external delay
    16    0.049695    0.042539    0.026685    2.026685 ^ ui_PAD2CORE[0] (in)
                                                         ui_PAD2CORE[0] (net)
                      0.042539    0.000000    2.026685 ^ _096_/A (sg13g2_nand2_1)
     2    0.009687    0.050921    0.055329    2.082015 v _096_/Y (sg13g2_nand2_1)
                                                         _077_ (net)
                      0.050921    0.000000    2.082015 v _100_/A (sg13g2_xnor2_1)
     1    0.001496    0.034722    0.046815    2.128829 ^ _100_/Y (sg13g2_xnor2_1)
                                                         spm_inst.genblk1[11].csa.hsum2 (net)
                      0.034722    0.000000    2.128829 ^ _178_/D (sg13g2_dfrbpq_1)
                                              2.128829   data arrival time

                      0.150000   10.000000   10.000000   clock clk_i (rise edge)
                                  0.000000   10.000000   clock network delay (ideal)
                                 -0.250000    9.750000   clock uncertainty
                                  0.000000    9.750000   clock reconvergence pessimism
                                              9.750000 ^ _178_/CLK (sg13g2_dfrbpq_1)
                                 -0.064952    9.685049   library setup time
                                              9.685049   data required time
---------------------------------------------------------------------------------------------
                                              9.685049   data required time
                                             -2.128829   data arrival time
---------------------------------------------------------------------------------------------
                                              7.556219   slack (MET)


Startpoint: ui_PAD2CORE[0] (input port clocked by clk_i)
Endpoint: _180_ (rising edge-triggered flip-flop clocked by clk_i)
Path Group: clk_i
Path Type: max

Fanout         Cap        Slew       Delay        Time   Description
---------------------------------------------------------------------------------------------
                      0.150000    0.000000    0.000000   clock clk_i (rise edge)
                                  0.000000    0.000000   clock network delay (ideal)
                                  2.000000    2.000000 ^ input external delay
    16    0.049695    0.042539    0.026685    2.026685 ^ ui_PAD2CORE[0] (in)
                                                         ui_PAD2CORE[0] (net)
                      0.042539    0.000000    2.026685 ^ _102_/A (sg13g2_nand2_1)
     2    0.009687    0.050921    0.055329    2.082015 v _102_/Y (sg13g2_nand2_1)
                                                         _020_ (net)
                      0.050921    0.000000    2.082015 v _106_/A (sg13g2_xnor2_1)
     1    0.001496    0.034722    0.046815    2.128829 ^ _106_/Y (sg13g2_xnor2_1)
                                                         spm_inst.genblk1[10].csa.hsum2 (net)
                      0.034722    0.000000    2.128829 ^ _180_/D (sg13g2_dfrbpq_1)
                                              2.128829   data arrival time

                      0.150000   10.000000   10.000000   clock clk_i (rise edge)
                                  0.000000   10.000000   clock network delay (ideal)
                                 -0.250000    9.750000   clock uncertainty
                                  0.000000    9.750000   clock reconvergence pessimism
                                              9.750000 ^ _180_/CLK (sg13g2_dfrbpq_1)
                                 -0.064952    9.685049   library setup time
                                              9.685049   data required time
---------------------------------------------------------------------------------------------
                                              9.685049   data required time
                                             -2.128829   data arrival time
---------------------------------------------------------------------------------------------
                                              7.556219   slack (MET)


Startpoint: ui_PAD2CORE[0] (input port clocked by clk_i)
Endpoint: _182_ (rising edge-triggered flip-flop clocked by clk_i)
Path Group: clk_i
Path Type: max

Fanout         Cap        Slew       Delay        Time   Description
---------------------------------------------------------------------------------------------
                      0.150000    0.000000    0.000000   clock clk_i (rise edge)
                                  0.000000    0.000000   clock network delay (ideal)
                                  2.000000    2.000000 ^ input external delay
    16    0.049695    0.042539    0.026685    2.026685 ^ ui_PAD2CORE[0] (in)
                                                         ui_PAD2CORE[0] (net)
                      0.042539    0.000000    2.026685 ^ _108_/A (sg13g2_nand2_1)
     2    0.009687    0.050921    0.055329    2.082015 v _108_/Y (sg13g2_nand2_1)
                                                         _024_ (net)
                      0.050921    0.000000    2.082015 v _112_/A (sg13g2_xnor2_1)
     1    0.001496    0.034722    0.046815    2.128829 ^ _112_/Y (sg13g2_xnor2_1)
                                                         spm_inst.genblk1[9].csa.hsum2 (net)
                      0.034722    0.000000    2.128829 ^ _182_/D (sg13g2_dfrbpq_1)
                                              2.128829   data arrival time

                      0.150000   10.000000   10.000000   clock clk_i (rise edge)
                                  0.000000   10.000000   clock network delay (ideal)
                                 -0.250000    9.750000   clock uncertainty
                                  0.000000    9.750000   clock reconvergence pessimism
                                              9.750000 ^ _182_/CLK (sg13g2_dfrbpq_1)
                                 -0.064952    9.685049   library setup time
                                              9.685049   data required time
---------------------------------------------------------------------------------------------
                                              9.685049   data required time
                                             -2.128829   data arrival time
---------------------------------------------------------------------------------------------
                                              7.556219   slack (MET)


Startpoint: ui_PAD2CORE[0] (input port clocked by clk_i)
Endpoint: _184_ (rising edge-triggered flip-flop clocked by clk_i)
Path Group: clk_i
Path Type: max

Fanout         Cap        Slew       Delay        Time   Description
---------------------------------------------------------------------------------------------
                      0.150000    0.000000    0.000000   clock clk_i (rise edge)
                                  0.000000    0.000000   clock network delay (ideal)
                                  2.000000    2.000000 ^ input external delay
    16    0.049695    0.042539    0.026685    2.026685 ^ ui_PAD2CORE[0] (in)
                                                         ui_PAD2CORE[0] (net)
                      0.042539    0.000000    2.026685 ^ _114_/A (sg13g2_nand2_1)
     2    0.009687    0.050921    0.055329    2.082015 v _114_/Y (sg13g2_nand2_1)
                                                         _028_ (net)
                      0.050921    0.000000    2.082015 v _118_/A (sg13g2_xnor2_1)
     1    0.001496    0.034722    0.046815    2.128829 ^ _118_/Y (sg13g2_xnor2_1)
                                                         spm_inst.genblk1[8].csa.hsum2 (net)
                      0.034722    0.000000    2.128829 ^ _184_/D (sg13g2_dfrbpq_1)
                                              2.128829   data arrival time

                      0.150000   10.000000   10.000000   clock clk_i (rise edge)
                                  0.000000   10.000000   clock network delay (ideal)
                                 -0.250000    9.750000   clock uncertainty
                                  0.000000    9.750000   clock reconvergence pessimism
                                              9.750000 ^ _184_/CLK (sg13g2_dfrbpq_1)
                                 -0.064952    9.685049   library setup time
                                              9.685049   data required time
---------------------------------------------------------------------------------------------
                                              9.685049   data required time
                                             -2.128829   data arrival time
---------------------------------------------------------------------------------------------
                                              7.556219   slack (MET)


Startpoint: ui_PAD2CORE[0] (input port clocked by clk_i)
Endpoint: _186_ (rising edge-triggered flip-flop clocked by clk_i)
Path Group: clk_i
Path Type: max

Fanout         Cap        Slew       Delay        Time   Description
---------------------------------------------------------------------------------------------
                      0.150000    0.000000    0.000000   clock clk_i (rise edge)
                                  0.000000    0.000000   clock network delay (ideal)
                                  2.000000    2.000000 ^ input external delay
    16    0.049695    0.042539    0.026685    2.026685 ^ ui_PAD2CORE[0] (in)
                                                         ui_PAD2CORE[0] (net)
                      0.042539    0.000000    2.026685 ^ _120_/A (sg13g2_nand2_1)
     2    0.009687    0.050921    0.055329    2.082015 v _120_/Y (sg13g2_nand2_1)
                                                         _032_ (net)
                      0.050921    0.000000    2.082015 v _124_/A (sg13g2_xnor2_1)
     1    0.001496    0.034722    0.046815    2.128829 ^ _124_/Y (sg13g2_xnor2_1)
                                                         spm_inst.genblk1[7].csa.hsum2 (net)
                      0.034722    0.000000    2.128829 ^ _186_/D (sg13g2_dfrbpq_1)
                                              2.128829   data arrival time

                      0.150000   10.000000   10.000000   clock clk_i (rise edge)
                                  0.000000   10.000000   clock network delay (ideal)
                                 -0.250000    9.750000   clock uncertainty
                                  0.000000    9.750000   clock reconvergence pessimism
                                              9.750000 ^ _186_/CLK (sg13g2_dfrbpq_1)
                                 -0.064952    9.685049   library setup time
                                              9.685049   data required time
---------------------------------------------------------------------------------------------
                                              9.685049   data required time
                                             -2.128829   data arrival time
---------------------------------------------------------------------------------------------
                                              7.556219   slack (MET)


Startpoint: ui_PAD2CORE[0] (input port clocked by clk_i)
Endpoint: _188_ (rising edge-triggered flip-flop clocked by clk_i)
Path Group: clk_i
Path Type: max

Fanout         Cap        Slew       Delay        Time   Description
---------------------------------------------------------------------------------------------
                      0.150000    0.000000    0.000000   clock clk_i (rise edge)
                                  0.000000    0.000000   clock network delay (ideal)
                                  2.000000    2.000000 ^ input external delay
    16    0.049695    0.042539    0.026685    2.026685 ^ ui_PAD2CORE[0] (in)
                                                         ui_PAD2CORE[0] (net)
                      0.042539    0.000000    2.026685 ^ _126_/A (sg13g2_nand2_1)
     2    0.009687    0.050921    0.055329    2.082015 v _126_/Y (sg13g2_nand2_1)
                                                         _036_ (net)
                      0.050921    0.000000    2.082015 v _130_/A (sg13g2_xnor2_1)
     1    0.001496    0.034722    0.046815    2.128829 ^ _130_/Y (sg13g2_xnor2_1)
                                                         spm_inst.genblk1[6].csa.hsum2 (net)
                      0.034722    0.000000    2.128829 ^ _188_/D (sg13g2_dfrbpq_1)
                                              2.128829   data arrival time

                      0.150000   10.000000   10.000000   clock clk_i (rise edge)
                                  0.000000   10.000000   clock network delay (ideal)
                                 -0.250000    9.750000   clock uncertainty
                                  0.000000    9.750000   clock reconvergence pessimism
                                              9.750000 ^ _188_/CLK (sg13g2_dfrbpq_1)
                                 -0.064952    9.685049   library setup time
                                              9.685049   data required time
---------------------------------------------------------------------------------------------
                                              9.685049   data required time
                                             -2.128829   data arrival time
---------------------------------------------------------------------------------------------
                                              7.556219   slack (MET)


Startpoint: ui_PAD2CORE[0] (input port clocked by clk_i)
Endpoint: _190_ (rising edge-triggered flip-flop clocked by clk_i)
Path Group: clk_i
Path Type: max

Fanout         Cap        Slew       Delay        Time   Description
---------------------------------------------------------------------------------------------
                      0.150000    0.000000    0.000000   clock clk_i (rise edge)
                                  0.000000    0.000000   clock network delay (ideal)
                                  2.000000    2.000000 ^ input external delay
    16    0.049695    0.042539    0.026685    2.026685 ^ ui_PAD2CORE[0] (in)
                                                         ui_PAD2CORE[0] (net)
                      0.042539    0.000000    2.026685 ^ _132_/A (sg13g2_nand2_1)
     2    0.009687    0.050921    0.055329    2.082015 v _132_/Y (sg13g2_nand2_1)
                                                         _040_ (net)
                      0.050921    0.000000    2.082015 v _136_/A (sg13g2_xnor2_1)
     1    0.001496    0.034722    0.046815    2.128829 ^ _136_/Y (sg13g2_xnor2_1)
                                                         spm_inst.genblk1[5].csa.hsum2 (net)
                      0.034722    0.000000    2.128829 ^ _190_/D (sg13g2_dfrbpq_1)
                                              2.128829   data arrival time

                      0.150000   10.000000   10.000000   clock clk_i (rise edge)
                                  0.000000   10.000000   clock network delay (ideal)
                                 -0.250000    9.750000   clock uncertainty
                                  0.000000    9.750000   clock reconvergence pessimism
                                              9.750000 ^ _190_/CLK (sg13g2_dfrbpq_1)
                                 -0.064952    9.685049   library setup time
                                              9.685049   data required time
---------------------------------------------------------------------------------------------
                                              9.685049   data required time
                                             -2.128829   data arrival time
---------------------------------------------------------------------------------------------
                                              7.556219   slack (MET)


Startpoint: ui_PAD2CORE[0] (input port clocked by clk_i)
Endpoint: _192_ (rising edge-triggered flip-flop clocked by clk_i)
Path Group: clk_i
Path Type: max

Fanout         Cap        Slew       Delay        Time   Description
---------------------------------------------------------------------------------------------
                      0.150000    0.000000    0.000000   clock clk_i (rise edge)
                                  0.000000    0.000000   clock network delay (ideal)
                                  2.000000    2.000000 ^ input external delay
    16    0.049695    0.042539    0.026685    2.026685 ^ ui_PAD2CORE[0] (in)
                                                         ui_PAD2CORE[0] (net)
                      0.042539    0.000000    2.026685 ^ _138_/A (sg13g2_nand2_1)
     2    0.009687    0.050921    0.055329    2.082015 v _138_/Y (sg13g2_nand2_1)
                                                         _044_ (net)
                      0.050921    0.000000    2.082015 v _142_/A (sg13g2_xnor2_1)
     1    0.001496    0.034722    0.046815    2.128829 ^ _142_/Y (sg13g2_xnor2_1)
                                                         spm_inst.genblk1[4].csa.hsum2 (net)
                      0.034722    0.000000    2.128829 ^ _192_/D (sg13g2_dfrbpq_1)
                                              2.128829   data arrival time

                      0.150000   10.000000   10.000000   clock clk_i (rise edge)
                                  0.000000   10.000000   clock network delay (ideal)
                                 -0.250000    9.750000   clock uncertainty
                                  0.000000    9.750000   clock reconvergence pessimism
                                              9.750000 ^ _192_/CLK (sg13g2_dfrbpq_1)
                                 -0.064952    9.685049   library setup time
                                              9.685049   data required time
---------------------------------------------------------------------------------------------
                                              9.685049   data required time
                                             -2.128829   data arrival time
---------------------------------------------------------------------------------------------
                                              7.556219   slack (MET)


Startpoint: ui_PAD2CORE[0] (input port clocked by clk_i)
Endpoint: _194_ (rising edge-triggered flip-flop clocked by clk_i)
Path Group: clk_i
Path Type: max

Fanout         Cap        Slew       Delay        Time   Description
---------------------------------------------------------------------------------------------
                      0.150000    0.000000    0.000000   clock clk_i (rise edge)
                                  0.000000    0.000000   clock network delay (ideal)
                                  2.000000    2.000000 ^ input external delay
    16    0.049695    0.042539    0.026685    2.026685 ^ ui_PAD2CORE[0] (in)
                                                         ui_PAD2CORE[0] (net)
                      0.042539    0.000000    2.026685 ^ _144_/A (sg13g2_nand2_1)
     2    0.009687    0.050921    0.055329    2.082015 v _144_/Y (sg13g2_nand2_1)
                                                         _048_ (net)
                      0.050921    0.000000    2.082015 v _148_/A (sg13g2_xnor2_1)
     1    0.001496    0.034722    0.046815    2.128829 ^ _148_/Y (sg13g2_xnor2_1)
                                                         spm_inst.genblk1[3].csa.hsum2 (net)
                      0.034722    0.000000    2.128829 ^ _194_/D (sg13g2_dfrbpq_1)
                                              2.128829   data arrival time

                      0.150000   10.000000   10.000000   clock clk_i (rise edge)
                                  0.000000   10.000000   clock network delay (ideal)
                                 -0.250000    9.750000   clock uncertainty
                                  0.000000    9.750000   clock reconvergence pessimism
                                              9.750000 ^ _194_/CLK (sg13g2_dfrbpq_1)
                                 -0.064952    9.685049   library setup time
                                              9.685049   data required time
---------------------------------------------------------------------------------------------
                                              9.685049   data required time
                                             -2.128829   data arrival time
---------------------------------------------------------------------------------------------
                                              7.556219   slack (MET)


Startpoint: ui_PAD2CORE[0] (input port clocked by clk_i)
Endpoint: _196_ (rising edge-triggered flip-flop clocked by clk_i)
Path Group: clk_i
Path Type: max

Fanout         Cap        Slew       Delay        Time   Description
---------------------------------------------------------------------------------------------
                      0.150000    0.000000    0.000000   clock clk_i (rise edge)
                                  0.000000    0.000000   clock network delay (ideal)
                                  2.000000    2.000000 ^ input external delay
    16    0.049695    0.042539    0.026685    2.026685 ^ ui_PAD2CORE[0] (in)
                                                         ui_PAD2CORE[0] (net)
                      0.042539    0.000000    2.026685 ^ _150_/A (sg13g2_nand2_1)
     2    0.009687    0.050921    0.055329    2.082015 v _150_/Y (sg13g2_nand2_1)
                                                         _052_ (net)
                      0.050921    0.000000    2.082015 v _154_/A (sg13g2_xnor2_1)
     1    0.001496    0.034722    0.046815    2.128829 ^ _154_/Y (sg13g2_xnor2_1)
                                                         spm_inst.genblk1[2].csa.hsum2 (net)
                      0.034722    0.000000    2.128829 ^ _196_/D (sg13g2_dfrbpq_1)
                                              2.128829   data arrival time

                      0.150000   10.000000   10.000000   clock clk_i (rise edge)
                                  0.000000   10.000000   clock network delay (ideal)
                                 -0.250000    9.750000   clock uncertainty
                                  0.000000    9.750000   clock reconvergence pessimism
                                              9.750000 ^ _196_/CLK (sg13g2_dfrbpq_1)
                                 -0.064952    9.685049   library setup time
                                              9.685049   data required time
---------------------------------------------------------------------------------------------
                                              9.685049   data required time
                                             -2.128829   data arrival time
---------------------------------------------------------------------------------------------
                                              7.556219   slack (MET)


Startpoint: ui_PAD2CORE[0] (input port clocked by clk_i)
Endpoint: _198_ (rising edge-triggered flip-flop clocked by clk_i)
Path Group: clk_i
Path Type: max

Fanout         Cap        Slew       Delay        Time   Description
---------------------------------------------------------------------------------------------
                      0.150000    0.000000    0.000000   clock clk_i (rise edge)
                                  0.000000    0.000000   clock network delay (ideal)
                                  2.000000    2.000000 ^ input external delay
    16    0.049695    0.042539    0.026685    2.026685 ^ ui_PAD2CORE[0] (in)
                                                         ui_PAD2CORE[0] (net)
                      0.042539    0.000000    2.026685 ^ _156_/A (sg13g2_nand2_1)
     2    0.009687    0.050921    0.055329    2.082015 v _156_/Y (sg13g2_nand2_1)
                                                         _056_ (net)
                      0.050921    0.000000    2.082015 v _160_/A (sg13g2_xnor2_1)
     1    0.001496    0.034722    0.046815    2.128829 ^ _160_/Y (sg13g2_xnor2_1)
                                                         spm_inst.genblk1[1].csa.hsum2 (net)
                      0.034722    0.000000    2.128829 ^ _198_/D (sg13g2_dfrbpq_1)
                                              2.128829   data arrival time

                      0.150000   10.000000   10.000000   clock clk_i (rise edge)
                                  0.000000   10.000000   clock network delay (ideal)
                                 -0.250000    9.750000   clock uncertainty
                                  0.000000    9.750000   clock reconvergence pessimism
                                              9.750000 ^ _198_/CLK (sg13g2_dfrbpq_1)
                                 -0.064952    9.685049   library setup time
                                              9.685049   data required time
---------------------------------------------------------------------------------------------
                                              9.685049   data required time
                                             -2.128829   data arrival time
---------------------------------------------------------------------------------------------
                                              7.556219   slack (MET)


Startpoint: ui_PAD2CORE[0] (input port clocked by clk_i)
Endpoint: _202_ (rising edge-triggered flip-flop clocked by clk_i)
Path Group: clk_i
Path Type: max

Fanout         Cap        Slew       Delay        Time   Description
---------------------------------------------------------------------------------------------
                      0.150000    0.000000    0.000000   clock clk_i (rise edge)
                                  0.000000    0.000000   clock network delay (ideal)
                                  2.000000    2.000000 ^ input external delay
    16    0.049695    0.042539    0.026685    2.026685 ^ ui_PAD2CORE[0] (in)
                                                         ui_PAD2CORE[0] (net)
                      0.042539    0.000000    2.026685 ^ _165_/A (sg13g2_nand2_1)
     2    0.009687    0.050921    0.055329    2.082015 v _165_/Y (sg13g2_nand2_1)
                                                         _061_ (net)
                      0.050921    0.000000    2.082015 v _169_/A (sg13g2_xnor2_1)
     1    0.001496    0.034722    0.046815    2.128829 ^ _169_/Y (sg13g2_xnor2_1)
                                                         spm_inst.csa0.hsum2 (net)
                      0.034722    0.000000    2.128829 ^ _202_/D (sg13g2_dfrbpq_1)
                                              2.128829   data arrival time

                      0.150000   10.000000   10.000000   clock clk_i (rise edge)
                                  0.000000   10.000000   clock network delay (ideal)
                                 -0.250000    9.750000   clock uncertainty
                                  0.000000    9.750000   clock reconvergence pessimism
                                              9.750000 ^ _202_/CLK (sg13g2_dfrbpq_1)
                                 -0.064952    9.685049   library setup time
                                              9.685049   data required time
---------------------------------------------------------------------------------------------
                                              9.685049   data required time
                                             -2.128829   data arrival time
---------------------------------------------------------------------------------------------
                                              7.556219   slack (MET)


Startpoint: ui_PAD2CORE[0] (input port clocked by clk_i)
Endpoint: _199_ (rising edge-triggered flip-flop clocked by clk_i)
Path Group: clk_i
Path Type: max

Fanout         Cap        Slew       Delay        Time   Description
---------------------------------------------------------------------------------------------
                      0.150000    0.000000    0.000000   clock clk_i (rise edge)
                                  0.000000    0.000000   clock network delay (ideal)
                                  2.000000    2.000000 ^ input external delay
    16    0.049695    0.042539    0.026685    2.026685 ^ ui_PAD2CORE[0] (in)
                                                         ui_PAD2CORE[0] (net)
                      0.042539    0.000000    2.026685 ^ _162_/A (sg13g2_nand2_1)
     2    0.008526    0.046629    0.051609    2.078295 v _162_/Y (sg13g2_nand2_1)
                                                         _060_ (net)
                      0.046629    0.000000    2.078295 v _164_/B (sg13g2_xnor2_1)
     1    0.001496    0.034144    0.041923    2.120217 ^ _164_/Y (sg13g2_xnor2_1)
                                                         _015_ (net)
                      0.034144    0.000000    2.120217 ^ _199_/D (sg13g2_dfrbpq_1)
                                              2.120217   data arrival time

                      0.150000   10.000000   10.000000   clock clk_i (rise edge)
                                  0.000000   10.000000   clock network delay (ideal)
                                 -0.250000    9.750000   clock uncertainty
                                  0.000000    9.750000   clock reconvergence pessimism
                                              9.750000 ^ _199_/CLK (sg13g2_dfrbpq_1)
                                 -0.064815    9.685185   library setup time
                                              9.685185   data required time
---------------------------------------------------------------------------------------------
                                              9.685185   data required time
                                             -2.120217   data arrival time
---------------------------------------------------------------------------------------------
                                              7.564969   slack (MET)


Startpoint: rst_ni (input port clocked by clk_i)
Endpoint: _171_ (recovery check against rising-edge clock clk_i)
Path Group: asynchronous
Path Type: max

Fanout         Cap        Slew       Delay        Time   Description
---------------------------------------------------------------------------------------------
                      0.150000    0.000000    0.000000   clock clk_i (rise edge)
                                  0.000000    0.000000   clock network delay (ideal)
                                  2.000000    2.000000 ^ input external delay
    32    0.177827    0.123686    0.087864    2.087864 ^ rst_ni (in)
                                                         rst_ni (net)
                      0.123686    0.000000    2.087864 ^ _171_/RESET_B (sg13g2_dfrbpq_1)
                                              2.087864   data arrival time

                      0.150000   10.000000   10.000000   clock clk_i (rise edge)
                                  0.000000   10.000000   clock network delay (ideal)
                                 -0.250000    9.750000   clock uncertainty
                                  0.000000    9.750000   clock reconvergence pessimism
                                              9.750000 ^ _171_/CLK (sg13g2_dfrbpq_1)
                                 -0.090080    9.659921   library recovery time
                                              9.659921   data required time
---------------------------------------------------------------------------------------------
                                              9.659921   data required time
                                             -2.087864   data arrival time
---------------------------------------------------------------------------------------------
                                              7.572056   slack (MET)


Startpoint: rst_ni (input port clocked by clk_i)
Endpoint: _172_ (recovery check against rising-edge clock clk_i)
Path Group: asynchronous
Path Type: max

Fanout         Cap        Slew       Delay        Time   Description
---------------------------------------------------------------------------------------------
                      0.150000    0.000000    0.000000   clock clk_i (rise edge)
                                  0.000000    0.000000   clock network delay (ideal)
                                  2.000000    2.000000 ^ input external delay
    32    0.177827    0.123686    0.087864    2.087864 ^ rst_ni (in)
                                                         rst_ni (net)
                      0.123686    0.000000    2.087864 ^ _172_/RESET_B (sg13g2_dfrbpq_1)
                                              2.087864   data arrival time

                      0.150000   10.000000   10.000000   clock clk_i (rise edge)
                                  0.000000   10.000000   clock network delay (ideal)
                                 -0.250000    9.750000   clock uncertainty
                                  0.000000    9.750000   clock reconvergence pessimism
                                              9.750000 ^ _172_/CLK (sg13g2_dfrbpq_1)
                                 -0.090080    9.659921   library recovery time
                                              9.659921   data required time
---------------------------------------------------------------------------------------------
                                              9.659921   data required time
                                             -2.087864   data arrival time
---------------------------------------------------------------------------------------------
                                              7.572056   slack (MET)


Startpoint: rst_ni (input port clocked by clk_i)
Endpoint: _173_ (recovery check against rising-edge clock clk_i)
Path Group: asynchronous
Path Type: max

Fanout         Cap        Slew       Delay        Time   Description
---------------------------------------------------------------------------------------------
                      0.150000    0.000000    0.000000   clock clk_i (rise edge)
                                  0.000000    0.000000   clock network delay (ideal)
                                  2.000000    2.000000 ^ input external delay
    32    0.177827    0.123686    0.087864    2.087864 ^ rst_ni (in)
                                                         rst_ni (net)
                      0.123686    0.000000    2.087864 ^ _173_/RESET_B (sg13g2_dfrbpq_1)
                                              2.087864   data arrival time

                      0.150000   10.000000   10.000000   clock clk_i (rise edge)
                                  0.000000   10.000000   clock network delay (ideal)
                                 -0.250000    9.750000   clock uncertainty
                                  0.000000    9.750000   clock reconvergence pessimism
                                              9.750000 ^ _173_/CLK (sg13g2_dfrbpq_1)
                                 -0.090080    9.659921   library recovery time
                                              9.659921   data required time
---------------------------------------------------------------------------------------------
                                              9.659921   data required time
                                             -2.087864   data arrival time
---------------------------------------------------------------------------------------------
                                              7.572056   slack (MET)


Startpoint: rst_ni (input port clocked by clk_i)
Endpoint: _174_ (recovery check against rising-edge clock clk_i)
Path Group: asynchronous
Path Type: max

Fanout         Cap        Slew       Delay        Time   Description
---------------------------------------------------------------------------------------------
                      0.150000    0.000000    0.000000   clock clk_i (rise edge)
                                  0.000000    0.000000   clock network delay (ideal)
                                  2.000000    2.000000 ^ input external delay
    32    0.177827    0.123686    0.087864    2.087864 ^ rst_ni (in)
                                                         rst_ni (net)
                      0.123686    0.000000    2.087864 ^ _174_/RESET_B (sg13g2_dfrbpq_1)
                                              2.087864   data arrival time

                      0.150000   10.000000   10.000000   clock clk_i (rise edge)
                                  0.000000   10.000000   clock network delay (ideal)
                                 -0.250000    9.750000   clock uncertainty
                                  0.000000    9.750000   clock reconvergence pessimism
                                              9.750000 ^ _174_/CLK (sg13g2_dfrbpq_1)
                                 -0.090080    9.659921   library recovery time
                                              9.659921   data required time
---------------------------------------------------------------------------------------------
                                              9.659921   data required time
                                             -2.087864   data arrival time
---------------------------------------------------------------------------------------------
                                              7.572056   slack (MET)


Startpoint: rst_ni (input port clocked by clk_i)
Endpoint: _175_ (recovery check against rising-edge clock clk_i)
Path Group: asynchronous
Path Type: max

Fanout         Cap        Slew       Delay        Time   Description
---------------------------------------------------------------------------------------------
                      0.150000    0.000000    0.000000   clock clk_i (rise edge)
                                  0.000000    0.000000   clock network delay (ideal)
                                  2.000000    2.000000 ^ input external delay
    32    0.177827    0.123686    0.087864    2.087864 ^ rst_ni (in)
                                                         rst_ni (net)
                      0.123686    0.000000    2.087864 ^ _175_/RESET_B (sg13g2_dfrbpq_1)
                                              2.087864   data arrival time

                      0.150000   10.000000   10.000000   clock clk_i (rise edge)
                                  0.000000   10.000000   clock network delay (ideal)
                                 -0.250000    9.750000   clock uncertainty
                                  0.000000    9.750000   clock reconvergence pessimism
                                              9.750000 ^ _175_/CLK (sg13g2_dfrbpq_1)
                                 -0.090080    9.659921   library recovery time
                                              9.659921   data required time
---------------------------------------------------------------------------------------------
                                              9.659921   data required time
                                             -2.087864   data arrival time
---------------------------------------------------------------------------------------------
                                              7.572056   slack (MET)


Startpoint: rst_ni (input port clocked by clk_i)
Endpoint: _176_ (recovery check against rising-edge clock clk_i)
Path Group: asynchronous
Path Type: max

Fanout         Cap        Slew       Delay        Time   Description
---------------------------------------------------------------------------------------------
                      0.150000    0.000000    0.000000   clock clk_i (rise edge)
                                  0.000000    0.000000   clock network delay (ideal)
                                  2.000000    2.000000 ^ input external delay
    32    0.177827    0.123686    0.087864    2.087864 ^ rst_ni (in)
                                                         rst_ni (net)
                      0.123686    0.000000    2.087864 ^ _176_/RESET_B (sg13g2_dfrbpq_1)
                                              2.087864   data arrival time

                      0.150000   10.000000   10.000000   clock clk_i (rise edge)
                                  0.000000   10.000000   clock network delay (ideal)
                                 -0.250000    9.750000   clock uncertainty
                                  0.000000    9.750000   clock reconvergence pessimism
                                              9.750000 ^ _176_/CLK (sg13g2_dfrbpq_1)
                                 -0.090080    9.659921   library recovery time
                                              9.659921   data required time
---------------------------------------------------------------------------------------------
                                              9.659921   data required time
                                             -2.087864   data arrival time
---------------------------------------------------------------------------------------------
                                              7.572056   slack (MET)


Startpoint: rst_ni (input port clocked by clk_i)
Endpoint: _177_ (recovery check against rising-edge clock clk_i)
Path Group: asynchronous
Path Type: max

Fanout         Cap        Slew       Delay        Time   Description
---------------------------------------------------------------------------------------------
                      0.150000    0.000000    0.000000   clock clk_i (rise edge)
                                  0.000000    0.000000   clock network delay (ideal)
                                  2.000000    2.000000 ^ input external delay
    32    0.177827    0.123686    0.087864    2.087864 ^ rst_ni (in)
                                                         rst_ni (net)
                      0.123686    0.000000    2.087864 ^ _177_/RESET_B (sg13g2_dfrbpq_1)
                                              2.087864   data arrival time

                      0.150000   10.000000   10.000000   clock clk_i (rise edge)
                                  0.000000   10.000000   clock network delay (ideal)
                                 -0.250000    9.750000   clock uncertainty
                                  0.000000    9.750000   clock reconvergence pessimism
                                              9.750000 ^ _177_/CLK (sg13g2_dfrbpq_1)
                                 -0.090080    9.659921   library recovery time
                                              9.659921   data required time
---------------------------------------------------------------------------------------------
                                              9.659921   data required time
                                             -2.087864   data arrival time
---------------------------------------------------------------------------------------------
                                              7.572056   slack (MET)


Startpoint: rst_ni (input port clocked by clk_i)
Endpoint: _178_ (recovery check against rising-edge clock clk_i)
Path Group: asynchronous
Path Type: max

Fanout         Cap        Slew       Delay        Time   Description
---------------------------------------------------------------------------------------------
                      0.150000    0.000000    0.000000   clock clk_i (rise edge)
                                  0.000000    0.000000   clock network delay (ideal)
                                  2.000000    2.000000 ^ input external delay
    32    0.177827    0.123686    0.087864    2.087864 ^ rst_ni (in)
                                                         rst_ni (net)
                      0.123686    0.000000    2.087864 ^ _178_/RESET_B (sg13g2_dfrbpq_1)
                                              2.087864   data arrival time

                      0.150000   10.000000   10.000000   clock clk_i (rise edge)
                                  0.000000   10.000000   clock network delay (ideal)
                                 -0.250000    9.750000   clock uncertainty
                                  0.000000    9.750000   clock reconvergence pessimism
                                              9.750000 ^ _178_/CLK (sg13g2_dfrbpq_1)
                                 -0.090080    9.659921   library recovery time
                                              9.659921   data required time
---------------------------------------------------------------------------------------------
                                              9.659921   data required time
                                             -2.087864   data arrival time
---------------------------------------------------------------------------------------------
                                              7.572056   slack (MET)


Startpoint: rst_ni (input port clocked by clk_i)
Endpoint: _179_ (recovery check against rising-edge clock clk_i)
Path Group: asynchronous
Path Type: max

Fanout         Cap        Slew       Delay        Time   Description
---------------------------------------------------------------------------------------------
                      0.150000    0.000000    0.000000   clock clk_i (rise edge)
                                  0.000000    0.000000   clock network delay (ideal)
                                  2.000000    2.000000 ^ input external delay
    32    0.177827    0.123686    0.087864    2.087864 ^ rst_ni (in)
                                                         rst_ni (net)
                      0.123686    0.000000    2.087864 ^ _179_/RESET_B (sg13g2_dfrbpq_1)
                                              2.087864   data arrival time

                      0.150000   10.000000   10.000000   clock clk_i (rise edge)
                                  0.000000   10.000000   clock network delay (ideal)
                                 -0.250000    9.750000   clock uncertainty
                                  0.000000    9.750000   clock reconvergence pessimism
                                              9.750000 ^ _179_/CLK (sg13g2_dfrbpq_1)
                                 -0.090080    9.659921   library recovery time
                                              9.659921   data required time
---------------------------------------------------------------------------------------------
                                              9.659921   data required time
                                             -2.087864   data arrival time
---------------------------------------------------------------------------------------------
                                              7.572056   slack (MET)


Startpoint: rst_ni (input port clocked by clk_i)
Endpoint: _180_ (recovery check against rising-edge clock clk_i)
Path Group: asynchronous
Path Type: max

Fanout         Cap        Slew       Delay        Time   Description
---------------------------------------------------------------------------------------------
                      0.150000    0.000000    0.000000   clock clk_i (rise edge)
                                  0.000000    0.000000   clock network delay (ideal)
                                  2.000000    2.000000 ^ input external delay
    32    0.177827    0.123686    0.087864    2.087864 ^ rst_ni (in)
                                                         rst_ni (net)
                      0.123686    0.000000    2.087864 ^ _180_/RESET_B (sg13g2_dfrbpq_1)
                                              2.087864   data arrival time

                      0.150000   10.000000   10.000000   clock clk_i (rise edge)
                                  0.000000   10.000000   clock network delay (ideal)
                                 -0.250000    9.750000   clock uncertainty
                                  0.000000    9.750000   clock reconvergence pessimism
                                              9.750000 ^ _180_/CLK (sg13g2_dfrbpq_1)
                                 -0.090080    9.659921   library recovery time
                                              9.659921   data required time
---------------------------------------------------------------------------------------------
                                              9.659921   data required time
                                             -2.087864   data arrival time
---------------------------------------------------------------------------------------------
                                              7.572056   slack (MET)


Startpoint: rst_ni (input port clocked by clk_i)
Endpoint: _181_ (recovery check against rising-edge clock clk_i)
Path Group: asynchronous
Path Type: max

Fanout         Cap        Slew       Delay        Time   Description
---------------------------------------------------------------------------------------------
                      0.150000    0.000000    0.000000   clock clk_i (rise edge)
                                  0.000000    0.000000   clock network delay (ideal)
                                  2.000000    2.000000 ^ input external delay
    32    0.177827    0.123686    0.087864    2.087864 ^ rst_ni (in)
                                                         rst_ni (net)
                      0.123686    0.000000    2.087864 ^ _181_/RESET_B (sg13g2_dfrbpq_1)
                                              2.087864   data arrival time

                      0.150000   10.000000   10.000000   clock clk_i (rise edge)
                                  0.000000   10.000000   clock network delay (ideal)
                                 -0.250000    9.750000   clock uncertainty
                                  0.000000    9.750000   clock reconvergence pessimism
                                              9.750000 ^ _181_/CLK (sg13g2_dfrbpq_1)
                                 -0.090080    9.659921   library recovery time
                                              9.659921   data required time
---------------------------------------------------------------------------------------------
                                              9.659921   data required time
                                             -2.087864   data arrival time
---------------------------------------------------------------------------------------------
                                              7.572056   slack (MET)


Startpoint: rst_ni (input port clocked by clk_i)
Endpoint: _182_ (recovery check against rising-edge clock clk_i)
Path Group: asynchronous
Path Type: max

Fanout         Cap        Slew       Delay        Time   Description
---------------------------------------------------------------------------------------------
                      0.150000    0.000000    0.000000   clock clk_i (rise edge)
                                  0.000000    0.000000   clock network delay (ideal)
                                  2.000000    2.000000 ^ input external delay
    32    0.177827    0.123686    0.087864    2.087864 ^ rst_ni (in)
                                                         rst_ni (net)
                      0.123686    0.000000    2.087864 ^ _182_/RESET_B (sg13g2_dfrbpq_1)
                                              2.087864   data arrival time

                      0.150000   10.000000   10.000000   clock clk_i (rise edge)
                                  0.000000   10.000000   clock network delay (ideal)
                                 -0.250000    9.750000   clock uncertainty
                                  0.000000    9.750000   clock reconvergence pessimism
                                              9.750000 ^ _182_/CLK (sg13g2_dfrbpq_1)
                                 -0.090080    9.659921   library recovery time
                                              9.659921   data required time
---------------------------------------------------------------------------------------------
                                              9.659921   data required time
                                             -2.087864   data arrival time
---------------------------------------------------------------------------------------------
                                              7.572056   slack (MET)


Startpoint: rst_ni (input port clocked by clk_i)
Endpoint: _183_ (recovery check against rising-edge clock clk_i)
Path Group: asynchronous
Path Type: max

Fanout         Cap        Slew       Delay        Time   Description
---------------------------------------------------------------------------------------------
                      0.150000    0.000000    0.000000   clock clk_i (rise edge)
                                  0.000000    0.000000   clock network delay (ideal)
                                  2.000000    2.000000 ^ input external delay
    32    0.177827    0.123686    0.087864    2.087864 ^ rst_ni (in)
                                                         rst_ni (net)
                      0.123686    0.000000    2.087864 ^ _183_/RESET_B (sg13g2_dfrbpq_1)
                                              2.087864   data arrival time

                      0.150000   10.000000   10.000000   clock clk_i (rise edge)
                                  0.000000   10.000000   clock network delay (ideal)
                                 -0.250000    9.750000   clock uncertainty
                                  0.000000    9.750000   clock reconvergence pessimism
                                              9.750000 ^ _183_/CLK (sg13g2_dfrbpq_1)
                                 -0.090080    9.659921   library recovery time
                                              9.659921   data required time
---------------------------------------------------------------------------------------------
                                              9.659921   data required time
                                             -2.087864   data arrival time
---------------------------------------------------------------------------------------------
                                              7.572056   slack (MET)


Startpoint: rst_ni (input port clocked by clk_i)
Endpoint: _184_ (recovery check against rising-edge clock clk_i)
Path Group: asynchronous
Path Type: max

Fanout         Cap        Slew       Delay        Time   Description
---------------------------------------------------------------------------------------------
                      0.150000    0.000000    0.000000   clock clk_i (rise edge)
                                  0.000000    0.000000   clock network delay (ideal)
                                  2.000000    2.000000 ^ input external delay
    32    0.177827    0.123686    0.087864    2.087864 ^ rst_ni (in)
                                                         rst_ni (net)
                      0.123686    0.000000    2.087864 ^ _184_/RESET_B (sg13g2_dfrbpq_1)
                                              2.087864   data arrival time

                      0.150000   10.000000   10.000000   clock clk_i (rise edge)
                                  0.000000   10.000000   clock network delay (ideal)
                                 -0.250000    9.750000   clock uncertainty
                                  0.000000    9.750000   clock reconvergence pessimism
                                              9.750000 ^ _184_/CLK (sg13g2_dfrbpq_1)
                                 -0.090080    9.659921   library recovery time
                                              9.659921   data required time
---------------------------------------------------------------------------------------------
                                              9.659921   data required time
                                             -2.087864   data arrival time
---------------------------------------------------------------------------------------------
                                              7.572056   slack (MET)


Startpoint: rst_ni (input port clocked by clk_i)
Endpoint: _185_ (recovery check against rising-edge clock clk_i)
Path Group: asynchronous
Path Type: max

Fanout         Cap        Slew       Delay        Time   Description
---------------------------------------------------------------------------------------------
                      0.150000    0.000000    0.000000   clock clk_i (rise edge)
                                  0.000000    0.000000   clock network delay (ideal)
                                  2.000000    2.000000 ^ input external delay
    32    0.177827    0.123686    0.087864    2.087864 ^ rst_ni (in)
                                                         rst_ni (net)
                      0.123686    0.000000    2.087864 ^ _185_/RESET_B (sg13g2_dfrbpq_1)
                                              2.087864   data arrival time

                      0.150000   10.000000   10.000000   clock clk_i (rise edge)
                                  0.000000   10.000000   clock network delay (ideal)
                                 -0.250000    9.750000   clock uncertainty
                                  0.000000    9.750000   clock reconvergence pessimism
                                              9.750000 ^ _185_/CLK (sg13g2_dfrbpq_1)
                                 -0.090080    9.659921   library recovery time
                                              9.659921   data required time
---------------------------------------------------------------------------------------------
                                              9.659921   data required time
                                             -2.087864   data arrival time
---------------------------------------------------------------------------------------------
                                              7.572056   slack (MET)


Startpoint: rst_ni (input port clocked by clk_i)
Endpoint: _186_ (recovery check against rising-edge clock clk_i)
Path Group: asynchronous
Path Type: max

Fanout         Cap        Slew       Delay        Time   Description
---------------------------------------------------------------------------------------------
                      0.150000    0.000000    0.000000   clock clk_i (rise edge)
                                  0.000000    0.000000   clock network delay (ideal)
                                  2.000000    2.000000 ^ input external delay
    32    0.177827    0.123686    0.087864    2.087864 ^ rst_ni (in)
                                                         rst_ni (net)
                      0.123686    0.000000    2.087864 ^ _186_/RESET_B (sg13g2_dfrbpq_1)
                                              2.087864   data arrival time

                      0.150000   10.000000   10.000000   clock clk_i (rise edge)
                                  0.000000   10.000000   clock network delay (ideal)
                                 -0.250000    9.750000   clock uncertainty
                                  0.000000    9.750000   clock reconvergence pessimism
                                              9.750000 ^ _186_/CLK (sg13g2_dfrbpq_1)
                                 -0.090080    9.659921   library recovery time
                                              9.659921   data required time
---------------------------------------------------------------------------------------------
                                              9.659921   data required time
                                             -2.087864   data arrival time
---------------------------------------------------------------------------------------------
                                              7.572056   slack (MET)


Startpoint: rst_ni (input port clocked by clk_i)
Endpoint: _187_ (recovery check against rising-edge clock clk_i)
Path Group: asynchronous
Path Type: max

Fanout         Cap        Slew       Delay        Time   Description
---------------------------------------------------------------------------------------------
                      0.150000    0.000000    0.000000   clock clk_i (rise edge)
                                  0.000000    0.000000   clock network delay (ideal)
                                  2.000000    2.000000 ^ input external delay
    32    0.177827    0.123686    0.087864    2.087864 ^ rst_ni (in)
                                                         rst_ni (net)
                      0.123686    0.000000    2.087864 ^ _187_/RESET_B (sg13g2_dfrbpq_1)
                                              2.087864   data arrival time

                      0.150000   10.000000   10.000000   clock clk_i (rise edge)
                                  0.000000   10.000000   clock network delay (ideal)
                                 -0.250000    9.750000   clock uncertainty
                                  0.000000    9.750000   clock reconvergence pessimism
                                              9.750000 ^ _187_/CLK (sg13g2_dfrbpq_1)
                                 -0.090080    9.659921   library recovery time
                                              9.659921   data required time
---------------------------------------------------------------------------------------------
                                              9.659921   data required time
                                             -2.087864   data arrival time
---------------------------------------------------------------------------------------------
                                              7.572056   slack (MET)


Startpoint: rst_ni (input port clocked by clk_i)
Endpoint: _188_ (recovery check against rising-edge clock clk_i)
Path Group: asynchronous
Path Type: max

Fanout         Cap        Slew       Delay        Time   Description
---------------------------------------------------------------------------------------------
                      0.150000    0.000000    0.000000   clock clk_i (rise edge)
                                  0.000000    0.000000   clock network delay (ideal)
                                  2.000000    2.000000 ^ input external delay
    32    0.177827    0.123686    0.087864    2.087864 ^ rst_ni (in)
                                                         rst_ni (net)
                      0.123686    0.000000    2.087864 ^ _188_/RESET_B (sg13g2_dfrbpq_1)
                                              2.087864   data arrival time

                      0.150000   10.000000   10.000000   clock clk_i (rise edge)
                                  0.000000   10.000000   clock network delay (ideal)
                                 -0.250000    9.750000   clock uncertainty
                                  0.000000    9.750000   clock reconvergence pessimism
                                              9.750000 ^ _188_/CLK (sg13g2_dfrbpq_1)
                                 -0.090080    9.659921   library recovery time
                                              9.659921   data required time
---------------------------------------------------------------------------------------------
                                              9.659921   data required time
                                             -2.087864   data arrival time
---------------------------------------------------------------------------------------------
                                              7.572056   slack (MET)


Startpoint: rst_ni (input port clocked by clk_i)
Endpoint: _189_ (recovery check against rising-edge clock clk_i)
Path Group: asynchronous
Path Type: max

Fanout         Cap        Slew       Delay        Time   Description
---------------------------------------------------------------------------------------------
                      0.150000    0.000000    0.000000   clock clk_i (rise edge)
                                  0.000000    0.000000   clock network delay (ideal)
                                  2.000000    2.000000 ^ input external delay
    32    0.177827    0.123686    0.087864    2.087864 ^ rst_ni (in)
                                                         rst_ni (net)
                      0.123686    0.000000    2.087864 ^ _189_/RESET_B (sg13g2_dfrbpq_1)
                                              2.087864   data arrival time

                      0.150000   10.000000   10.000000   clock clk_i (rise edge)
                                  0.000000   10.000000   clock network delay (ideal)
                                 -0.250000    9.750000   clock uncertainty
                                  0.000000    9.750000   clock reconvergence pessimism
                                              9.750000 ^ _189_/CLK (sg13g2_dfrbpq_1)
                                 -0.090080    9.659921   library recovery time
                                              9.659921   data required time
---------------------------------------------------------------------------------------------
                                              9.659921   data required time
                                             -2.087864   data arrival time
---------------------------------------------------------------------------------------------
                                              7.572056   slack (MET)


Startpoint: rst_ni (input port clocked by clk_i)
Endpoint: _190_ (recovery check against rising-edge clock clk_i)
Path Group: asynchronous
Path Type: max

Fanout         Cap        Slew       Delay        Time   Description
---------------------------------------------------------------------------------------------
                      0.150000    0.000000    0.000000   clock clk_i (rise edge)
                                  0.000000    0.000000   clock network delay (ideal)
                                  2.000000    2.000000 ^ input external delay
    32    0.177827    0.123686    0.087864    2.087864 ^ rst_ni (in)
                                                         rst_ni (net)
                      0.123686    0.000000    2.087864 ^ _190_/RESET_B (sg13g2_dfrbpq_1)
                                              2.087864   data arrival time

                      0.150000   10.000000   10.000000   clock clk_i (rise edge)
                                  0.000000   10.000000   clock network delay (ideal)
                                 -0.250000    9.750000   clock uncertainty
                                  0.000000    9.750000   clock reconvergence pessimism
                                              9.750000 ^ _190_/CLK (sg13g2_dfrbpq_1)
                                 -0.090080    9.659921   library recovery time
                                              9.659921   data required time
---------------------------------------------------------------------------------------------
                                              9.659921   data required time
                                             -2.087864   data arrival time
---------------------------------------------------------------------------------------------
                                              7.572056   slack (MET)


Startpoint: rst_ni (input port clocked by clk_i)
Endpoint: _191_ (recovery check against rising-edge clock clk_i)
Path Group: asynchronous
Path Type: max

Fanout         Cap        Slew       Delay        Time   Description
---------------------------------------------------------------------------------------------
                      0.150000    0.000000    0.000000   clock clk_i (rise edge)
                                  0.000000    0.000000   clock network delay (ideal)
                                  2.000000    2.000000 ^ input external delay
    32    0.177827    0.123686    0.087864    2.087864 ^ rst_ni (in)
                                                         rst_ni (net)
                      0.123686    0.000000    2.087864 ^ _191_/RESET_B (sg13g2_dfrbpq_1)
                                              2.087864   data arrival time

                      0.150000   10.000000   10.000000   clock clk_i (rise edge)
                                  0.000000   10.000000   clock network delay (ideal)
                                 -0.250000    9.750000   clock uncertainty
                                  0.000000    9.750000   clock reconvergence pessimism
                                              9.750000 ^ _191_/CLK (sg13g2_dfrbpq_1)
                                 -0.090080    9.659921   library recovery time
                                              9.659921   data required time
---------------------------------------------------------------------------------------------
                                              9.659921   data required time
                                             -2.087864   data arrival time
---------------------------------------------------------------------------------------------
                                              7.572056   slack (MET)


Startpoint: rst_ni (input port clocked by clk_i)
Endpoint: _192_ (recovery check against rising-edge clock clk_i)
Path Group: asynchronous
Path Type: max

Fanout         Cap        Slew       Delay        Time   Description
---------------------------------------------------------------------------------------------
                      0.150000    0.000000    0.000000   clock clk_i (rise edge)
                                  0.000000    0.000000   clock network delay (ideal)
                                  2.000000    2.000000 ^ input external delay
    32    0.177827    0.123686    0.087864    2.087864 ^ rst_ni (in)
                                                         rst_ni (net)
                      0.123686    0.000000    2.087864 ^ _192_/RESET_B (sg13g2_dfrbpq_1)
                                              2.087864   data arrival time

                      0.150000   10.000000   10.000000   clock clk_i (rise edge)
                                  0.000000   10.000000   clock network delay (ideal)
                                 -0.250000    9.750000   clock uncertainty
                                  0.000000    9.750000   clock reconvergence pessimism
                                              9.750000 ^ _192_/CLK (sg13g2_dfrbpq_1)
                                 -0.090080    9.659921   library recovery time
                                              9.659921   data required time
---------------------------------------------------------------------------------------------
                                              9.659921   data required time
                                             -2.087864   data arrival time
---------------------------------------------------------------------------------------------
                                              7.572056   slack (MET)


Startpoint: rst_ni (input port clocked by clk_i)
Endpoint: _193_ (recovery check against rising-edge clock clk_i)
Path Group: asynchronous
Path Type: max

Fanout         Cap        Slew       Delay        Time   Description
---------------------------------------------------------------------------------------------
                      0.150000    0.000000    0.000000   clock clk_i (rise edge)
                                  0.000000    0.000000   clock network delay (ideal)
                                  2.000000    2.000000 ^ input external delay
    32    0.177827    0.123686    0.087864    2.087864 ^ rst_ni (in)
                                                         rst_ni (net)
                      0.123686    0.000000    2.087864 ^ _193_/RESET_B (sg13g2_dfrbpq_1)
                                              2.087864   data arrival time

                      0.150000   10.000000   10.000000   clock clk_i (rise edge)
                                  0.000000   10.000000   clock network delay (ideal)
                                 -0.250000    9.750000   clock uncertainty
                                  0.000000    9.750000   clock reconvergence pessimism
                                              9.750000 ^ _193_/CLK (sg13g2_dfrbpq_1)
                                 -0.090080    9.659921   library recovery time
                                              9.659921   data required time
---------------------------------------------------------------------------------------------
                                              9.659921   data required time
                                             -2.087864   data arrival time
---------------------------------------------------------------------------------------------
                                              7.572056   slack (MET)


Startpoint: rst_ni (input port clocked by clk_i)
Endpoint: _194_ (recovery check against rising-edge clock clk_i)
Path Group: asynchronous
Path Type: max

Fanout         Cap        Slew       Delay        Time   Description
---------------------------------------------------------------------------------------------
                      0.150000    0.000000    0.000000   clock clk_i (rise edge)
                                  0.000000    0.000000   clock network delay (ideal)
                                  2.000000    2.000000 ^ input external delay
    32    0.177827    0.123686    0.087864    2.087864 ^ rst_ni (in)
                                                         rst_ni (net)
                      0.123686    0.000000    2.087864 ^ _194_/RESET_B (sg13g2_dfrbpq_1)
                                              2.087864   data arrival time

                      0.150000   10.000000   10.000000   clock clk_i (rise edge)
                                  0.000000   10.000000   clock network delay (ideal)
                                 -0.250000    9.750000   clock uncertainty
                                  0.000000    9.750000   clock reconvergence pessimism
                                              9.750000 ^ _194_/CLK (sg13g2_dfrbpq_1)
                                 -0.090080    9.659921   library recovery time
                                              9.659921   data required time
---------------------------------------------------------------------------------------------
                                              9.659921   data required time
                                             -2.087864   data arrival time
---------------------------------------------------------------------------------------------
                                              7.572056   slack (MET)


Startpoint: rst_ni (input port clocked by clk_i)
Endpoint: _195_ (recovery check against rising-edge clock clk_i)
Path Group: asynchronous
Path Type: max

Fanout         Cap        Slew       Delay        Time   Description
---------------------------------------------------------------------------------------------
                      0.150000    0.000000    0.000000   clock clk_i (rise edge)
                                  0.000000    0.000000   clock network delay (ideal)
                                  2.000000    2.000000 ^ input external delay
    32    0.177827    0.123686    0.087864    2.087864 ^ rst_ni (in)
                                                         rst_ni (net)
                      0.123686    0.000000    2.087864 ^ _195_/RESET_B (sg13g2_dfrbpq_1)
                                              2.087864   data arrival time

                      0.150000   10.000000   10.000000   clock clk_i (rise edge)
                                  0.000000   10.000000   clock network delay (ideal)
                                 -0.250000    9.750000   clock uncertainty
                                  0.000000    9.750000   clock reconvergence pessimism
                                              9.750000 ^ _195_/CLK (sg13g2_dfrbpq_1)
                                 -0.090080    9.659921   library recovery time
                                              9.659921   data required time
---------------------------------------------------------------------------------------------
                                              9.659921   data required time
                                             -2.087864   data arrival time
---------------------------------------------------------------------------------------------
                                              7.572056   slack (MET)


Startpoint: rst_ni (input port clocked by clk_i)
Endpoint: _196_ (recovery check against rising-edge clock clk_i)
Path Group: asynchronous
Path Type: max

Fanout         Cap        Slew       Delay        Time   Description
---------------------------------------------------------------------------------------------
                      0.150000    0.000000    0.000000   clock clk_i (rise edge)
                                  0.000000    0.000000   clock network delay (ideal)
                                  2.000000    2.000000 ^ input external delay
    32    0.177827    0.123686    0.087864    2.087864 ^ rst_ni (in)
                                                         rst_ni (net)
                      0.123686    0.000000    2.087864 ^ _196_/RESET_B (sg13g2_dfrbpq_1)
                                              2.087864   data arrival time

                      0.150000   10.000000   10.000000   clock clk_i (rise edge)
                                  0.000000   10.000000   clock network delay (ideal)
                                 -0.250000    9.750000   clock uncertainty
                                  0.000000    9.750000   clock reconvergence pessimism
                                              9.750000 ^ _196_/CLK (sg13g2_dfrbpq_1)
                                 -0.090080    9.659921   library recovery time
                                              9.659921   data required time
---------------------------------------------------------------------------------------------
                                              9.659921   data required time
                                             -2.087864   data arrival time
---------------------------------------------------------------------------------------------
                                              7.572056   slack (MET)


Startpoint: rst_ni (input port clocked by clk_i)
Endpoint: _197_ (recovery check against rising-edge clock clk_i)
Path Group: asynchronous
Path Type: max

Fanout         Cap        Slew       Delay        Time   Description
---------------------------------------------------------------------------------------------
                      0.150000    0.000000    0.000000   clock clk_i (rise edge)
                                  0.000000    0.000000   clock network delay (ideal)
                                  2.000000    2.000000 ^ input external delay
    32    0.177827    0.123686    0.087864    2.087864 ^ rst_ni (in)
                                                         rst_ni (net)
                      0.123686    0.000000    2.087864 ^ _197_/RESET_B (sg13g2_dfrbpq_1)
                                              2.087864   data arrival time

                      0.150000   10.000000   10.000000   clock clk_i (rise edge)
                                  0.000000   10.000000   clock network delay (ideal)
                                 -0.250000    9.750000   clock uncertainty
                                  0.000000    9.750000   clock reconvergence pessimism
                                              9.750000 ^ _197_/CLK (sg13g2_dfrbpq_1)
                                 -0.090080    9.659921   library recovery time
                                              9.659921   data required time
---------------------------------------------------------------------------------------------
                                              9.659921   data required time
                                             -2.087864   data arrival time
---------------------------------------------------------------------------------------------
                                              7.572056   slack (MET)


Startpoint: rst_ni (input port clocked by clk_i)
Endpoint: _198_ (recovery check against rising-edge clock clk_i)
Path Group: asynchronous
Path Type: max

Fanout         Cap        Slew       Delay        Time   Description
---------------------------------------------------------------------------------------------
                      0.150000    0.000000    0.000000   clock clk_i (rise edge)
                                  0.000000    0.000000   clock network delay (ideal)
                                  2.000000    2.000000 ^ input external delay
    32    0.177827    0.123686    0.087864    2.087864 ^ rst_ni (in)
                                                         rst_ni (net)
                      0.123686    0.000000    2.087864 ^ _198_/RESET_B (sg13g2_dfrbpq_1)
                                              2.087864   data arrival time

                      0.150000   10.000000   10.000000   clock clk_i (rise edge)
                                  0.000000   10.000000   clock network delay (ideal)
                                 -0.250000    9.750000   clock uncertainty
                                  0.000000    9.750000   clock reconvergence pessimism
                                              9.750000 ^ _198_/CLK (sg13g2_dfrbpq_1)
                                 -0.090080    9.659921   library recovery time
                                              9.659921   data required time
---------------------------------------------------------------------------------------------
                                              9.659921   data required time
                                             -2.087864   data arrival time
---------------------------------------------------------------------------------------------
                                              7.572056   slack (MET)


Startpoint: rst_ni (input port clocked by clk_i)
Endpoint: _199_ (recovery check against rising-edge clock clk_i)
Path Group: asynchronous
Path Type: max

Fanout         Cap        Slew       Delay        Time   Description
---------------------------------------------------------------------------------------------
                      0.150000    0.000000    0.000000   clock clk_i (rise edge)
                                  0.000000    0.000000   clock network delay (ideal)
                                  2.000000    2.000000 ^ input external delay
    32    0.177827    0.123686    0.087864    2.087864 ^ rst_ni (in)
                                                         rst_ni (net)
                      0.123686    0.000000    2.087864 ^ _199_/RESET_B (sg13g2_dfrbpq_1)
                                              2.087864   data arrival time

                      0.150000   10.000000   10.000000   clock clk_i (rise edge)
                                  0.000000   10.000000   clock network delay (ideal)
                                 -0.250000    9.750000   clock uncertainty
                                  0.000000    9.750000   clock reconvergence pessimism
                                              9.750000 ^ _199_/CLK (sg13g2_dfrbpq_1)
                                 -0.090080    9.659921   library recovery time
                                              9.659921   data required time
---------------------------------------------------------------------------------------------
                                              9.659921   data required time
                                             -2.087864   data arrival time
---------------------------------------------------------------------------------------------
                                              7.572056   slack (MET)


Startpoint: rst_ni (input port clocked by clk_i)
Endpoint: _200_ (recovery check against rising-edge clock clk_i)
Path Group: asynchronous
Path Type: max

Fanout         Cap        Slew       Delay        Time   Description
---------------------------------------------------------------------------------------------
                      0.150000    0.000000    0.000000   clock clk_i (rise edge)
                                  0.000000    0.000000   clock network delay (ideal)
                                  2.000000    2.000000 ^ input external delay
    32    0.177827    0.123686    0.087864    2.087864 ^ rst_ni (in)
                                                         rst_ni (net)
                      0.123686    0.000000    2.087864 ^ _200_/RESET_B (sg13g2_dfrbpq_1)
                                              2.087864   data arrival time

                      0.150000   10.000000   10.000000   clock clk_i (rise edge)
                                  0.000000   10.000000   clock network delay (ideal)
                                 -0.250000    9.750000   clock uncertainty
                                  0.000000    9.750000   clock reconvergence pessimism
                                              9.750000 ^ _200_/CLK (sg13g2_dfrbpq_1)
                                 -0.090080    9.659921   library recovery time
                                              9.659921   data required time
---------------------------------------------------------------------------------------------
                                              9.659921   data required time
                                             -2.087864   data arrival time
---------------------------------------------------------------------------------------------
                                              7.572056   slack (MET)


Startpoint: rst_ni (input port clocked by clk_i)
Endpoint: _201_ (recovery check against rising-edge clock clk_i)
Path Group: asynchronous
Path Type: max

Fanout         Cap        Slew       Delay        Time   Description
---------------------------------------------------------------------------------------------
                      0.150000    0.000000    0.000000   clock clk_i (rise edge)
                                  0.000000    0.000000   clock network delay (ideal)
                                  2.000000    2.000000 ^ input external delay
    32    0.177827    0.123686    0.087864    2.087864 ^ rst_ni (in)
                                                         rst_ni (net)
                      0.123686    0.000000    2.087864 ^ _201_/RESET_B (sg13g2_dfrbpq_1)
                                              2.087864   data arrival time

                      0.150000   10.000000   10.000000   clock clk_i (rise edge)
                                  0.000000   10.000000   clock network delay (ideal)
                                 -0.250000    9.750000   clock uncertainty
                                  0.000000    9.750000   clock reconvergence pessimism
                                              9.750000 ^ _201_/CLK (sg13g2_dfrbpq_1)
                                 -0.090080    9.659921   library recovery time
                                              9.659921   data required time
---------------------------------------------------------------------------------------------
                                              9.659921   data required time
                                             -2.087864   data arrival time
---------------------------------------------------------------------------------------------
                                              7.572056   slack (MET)


Startpoint: rst_ni (input port clocked by clk_i)
Endpoint: _202_ (recovery check against rising-edge clock clk_i)
Path Group: asynchronous
Path Type: max

Fanout         Cap        Slew       Delay        Time   Description
---------------------------------------------------------------------------------------------
                      0.150000    0.000000    0.000000   clock clk_i (rise edge)
                                  0.000000    0.000000   clock network delay (ideal)
                                  2.000000    2.000000 ^ input external delay
    32    0.177827    0.123686    0.087864    2.087864 ^ rst_ni (in)
                                                         rst_ni (net)
                      0.123686    0.000000    2.087864 ^ _202_/RESET_B (sg13g2_dfrbpq_1)
                                              2.087864   data arrival time

                      0.150000   10.000000   10.000000   clock clk_i (rise edge)
                                  0.000000   10.000000   clock network delay (ideal)
                                 -0.250000    9.750000   clock uncertainty
                                  0.000000    9.750000   clock reconvergence pessimism
                                              9.750000 ^ _202_/CLK (sg13g2_dfrbpq_1)
                                 -0.090080    9.659921   library recovery time
                                              9.659921   data required time
---------------------------------------------------------------------------------------------
                                              9.659921   data required time
                                             -2.087864   data arrival time
---------------------------------------------------------------------------------------------
                                              7.572056   slack (MET)


Startpoint: ui_PAD2CORE[0] (input port clocked by clk_i)
Endpoint: _200_ (rising edge-triggered flip-flop clocked by clk_i)
Path Group: clk_i
Path Type: max

Fanout         Cap        Slew       Delay        Time   Description
---------------------------------------------------------------------------------------------
                      0.150000    0.000000    0.000000   clock clk_i (rise edge)
                                  0.000000    0.000000   clock network delay (ideal)
                                  2.000000    2.000000 ^ input external delay
    16    0.049695    0.042539    0.026685    2.026685 ^ ui_PAD2CORE[0] (in)
                                                         ui_PAD2CORE[0] (net)
                      0.042539    0.000000    2.026685 ^ _162_/A (sg13g2_nand2_1)
     2    0.008526    0.046629    0.051609    2.078295 v _162_/Y (sg13g2_nand2_1)
                                                         _060_ (net)
                      0.046629    0.000000    2.078295 v _163_/B (sg13g2_nand2b_1)
     1    0.001496    0.020638    0.026578    2.104872 ^ _163_/Y (sg13g2_nand2b_1)
                                                         _016_ (net)
                      0.020638    0.000000    2.104872 ^ _200_/D (sg13g2_dfrbpq_1)
                                              2.104872   data arrival time

                      0.150000   10.000000   10.000000   clock clk_i (rise edge)
                                  0.000000   10.000000   clock network delay (ideal)
                                 -0.250000    9.750000   clock uncertainty
                                  0.000000    9.750000   clock reconvergence pessimism
                                              9.750000 ^ _200_/CLK (sg13g2_dfrbpq_1)
                                 -0.061610    9.688390   library setup time
                                              9.688390   data required time
---------------------------------------------------------------------------------------------
                                              9.688390   data required time
                                             -2.104872   data arrival time
---------------------------------------------------------------------------------------------
                                              7.583518   slack (MET)



%OL_END_REPORT
%OL_CREATE_REPORT checks.rpt

===========================================================================
report_checks -unconstrained
===========================================================================
======================= nom_fast_1p32V_m40C Corner ===================================

Startpoint: rst_ni (input port clocked by clk_i)
Endpoint: _171_ (recovery check against rising-edge clock clk_i)
Path Group: asynchronous
Path Type: max

Fanout         Cap        Slew       Delay        Time   Description
---------------------------------------------------------------------------------------------
                      0.150000    0.000000    0.000000   clock clk_i (rise edge)
                                  0.000000    0.000000   clock network delay (ideal)
                                  2.000000    2.000000 ^ input external delay
    32    0.177827    0.123686    0.087864    2.087864 ^ rst_ni (in)
                                                         rst_ni (net)
                      0.123686    0.000000    2.087864 ^ _171_/RESET_B (sg13g2_dfrbpq_1)
                                              2.087864   data arrival time

                      0.150000   10.000000   10.000000   clock clk_i (rise edge)
                                  0.000000   10.000000   clock network delay (ideal)
                                 -0.250000    9.750000   clock uncertainty
                                  0.000000    9.750000   clock reconvergence pessimism
                                              9.750000 ^ _171_/CLK (sg13g2_dfrbpq_1)
                                 -0.090080    9.659921   library recovery time
                                              9.659921   data required time
---------------------------------------------------------------------------------------------
                                              9.659921   data required time
                                             -2.087864   data arrival time
---------------------------------------------------------------------------------------------
                                              7.572056   slack (MET)


Startpoint: ui_PAD2CORE[0] (input port clocked by clk_i)
Endpoint: _173_ (rising edge-triggered flip-flop clocked by clk_i)
Path Group: clk_i
Path Type: max

Fanout         Cap        Slew       Delay        Time   Description
---------------------------------------------------------------------------------------------
                      0.150000    0.000000    0.000000   clock clk_i (rise edge)
                                  0.000000    0.000000   clock network delay (ideal)
                                  2.000000    2.000000 ^ input external delay
    16    0.049695    0.042539    0.026685    2.026685 ^ ui_PAD2CORE[0] (in)
                                                         ui_PAD2CORE[0] (net)
                      0.042539    0.000000    2.026685 ^ _084_/B (sg13g2_nand2_1)
     2    0.009687    0.049052    0.057295    2.083980 v _084_/Y (sg13g2_nand2_1)
                                                         _069_ (net)
                      0.049052    0.000000    2.083980 v _089_/A1 (sg13g2_o21ai_1)
     1    0.001496    0.038826    0.056587    2.140567 ^ _089_/Y (sg13g2_o21ai_1)
                                                         _004_ (net)
                      0.038826    0.000000    2.140567 ^ _173_/D (sg13g2_dfrbpq_1)
                                              2.140567   data arrival time

                      0.150000   10.000000   10.000000   clock clk_i (rise edge)
                                  0.000000   10.000000   clock network delay (ideal)
                                 -0.250000    9.750000   clock uncertainty
                                  0.000000    9.750000   clock reconvergence pessimism
                                              9.750000 ^ _173_/CLK (sg13g2_dfrbpq_1)
                                 -0.065925    9.684075   library setup time
                                              9.684075   data required time
---------------------------------------------------------------------------------------------
                                              9.684075   data required time
                                             -2.140567   data arrival time
---------------------------------------------------------------------------------------------
                                              7.543508   slack (MET)




===========================================================================
report_checks --slack_max -0.01
============================================================================
======================= nom_fast_1p32V_m40C Corner ===================================

No paths found.


===========================================================================
 report_check_types -max_slew -max_cap -max_fanout -violators
============================================================================
======================= nom_fast_1p32V_m40C Corner ===================================

max fanout

Pin                                   Limit Fanout  Slack
---------------------------------------------------------
rst_ni                                    8     32    -24 (VIOLATED)
ui_PAD2CORE[0]                            8     16     -8 (VIOLATED)



===========================================================================
report_parasitic_annotation -report_unannotated
============================================================================
Found 161 unannotated drivers.
 clk_i
 rst_ni
 ui_PAD2CORE[0]
 ui_PAD2CORE[10]
 ui_PAD2CORE[11]
 ui_PAD2CORE[12]
 ui_PAD2CORE[13]
 ui_PAD2CORE[14]
 ui_PAD2CORE[15]
 ui_PAD2CORE[16]
 ui_PAD2CORE[1]
 ui_PAD2CORE[2]
 ui_PAD2CORE[3]
 ui_PAD2CORE[4]
 ui_PAD2CORE[5]
 ui_PAD2CORE[6]
 ui_PAD2CORE[7]
 ui_PAD2CORE[8]
 ui_PAD2CORE[9]
 _078_/Y
 _079_/Y
 _080_/Y
 _081_/X
 _082_/Y
 _083_/Y
 _084_/Y
 _085_/Y
 _086_/Y
 _087_/X
 _088_/Y
 _089_/Y
 _090_/Y
 _091_/Y
 _092_/Y
 _093_/X
 _094_/Y
 _095_/Y
 _096_/Y
 _097_/Y
 _098_/Y
 _099_/X
 _100_/Y
 _101_/Y
 _102_/Y
 _103_/Y
 _104_/Y
 _105_/X
 _106_/Y
 _107_/Y
 _108_/Y
 _109_/Y
 _110_/Y
 _111_/X
 _112_/Y
 _113_/Y
 _114_/Y
 _115_/Y
 _116_/Y
 _117_/X
 _118_/Y
 _119_/Y
 _120_/Y
 _121_/Y
 _122_/Y
 _123_/X
 _124_/Y
 _125_/Y
 _126_/Y
 _127_/Y
 _128_/Y
 _129_/X
 _130_/Y
 _131_/Y
 _132_/Y
 _133_/Y
 _134_/Y
 _135_/X
 _136_/Y
 _137_/Y
 _138_/Y
 _139_/Y
 _140_/Y
 _141_/X
 _142_/Y
 _143_/Y
 _144_/Y
 _145_/Y
 _146_/Y
 _147_/X
 _148_/Y
 _149_/Y
 _150_/Y
 _151_/Y
 _152_/Y
 _153_/X
 _154_/Y
 _155_/Y
 _156_/Y
 _157_/Y
 _158_/Y
 _159_/X
 _160_/Y
 _161_/Y
 _162_/Y
 _163_/Y
 _164_/Y
 _165_/Y
 _166_/Y
 _167_/Y
 _168_/X
 _169_/Y
 _170_/Y
 _171_/Q
 _172_/Q
 _173_/Q
 _174_/Q
 _175_/Q
 _176_/Q
 _177_/Q
 _178_/Q
 _179_/Q
 _180_/Q
 _181_/Q
 _182_/Q
 _183_/Q
 _184_/Q
 _185_/Q
 _186_/Q
 _187_/Q
 _188_/Q
 _189_/Q
 _190_/Q
 _191_/Q
 _192_/Q
 _193_/Q
 _194_/Q
 _195_/Q
 _196_/Q
 _197_/Q
 _198_/Q
 _199_/Q
 _200_/Q
 _201_/Q
 _202_/Q
 _203_/L_HI
 _204_/L_LO
 _205_/L_LO
 _206_/L_LO
 _207_/L_LO
 _208_/L_LO
 _209_/L_LO
 _210_/L_LO
 _211_/L_LO
 _212_/L_LO
 _213_/L_LO
 _214_/L_LO
 _215_/L_LO
 _216_/L_LO
 _217_/L_LO
 _218_/L_LO
 _219_/X
Found 0 partially unannotated drivers.

===========================================================================
max slew violation count 0
%OL_METRIC_I design__max_slew_violation__count__corner:nom_fast_1p32V_m40C 0
max fanout violation count 2
%OL_METRIC_I design__max_fanout_violation__count__corner:nom_fast_1p32V_m40C 2
max cap violation count 0
%OL_METRIC_I design__max_cap_violation__count__corner:nom_fast_1p32V_m40C 0
============================================================================

===========================================================================
check_setup -verbose -unconstrained_endpoints -multiple_clock -no_clock -no_input_delay -loops -generated_clocks
===========================================================================
%OL_END_REPORT
%OL_CREATE_REPORT power.rpt

===========================================================================
 report_power
============================================================================
======================= nom_fast_1p32V_m40C Corner ===================================

Group                    Internal    Switching      Leakage        Total
                            Power        Power        Power        Power (Watts)
------------------------------------------------------------------------
Sequential           3.152851e-04 2.874013e-05 3.356573e-08 3.440588e-04  80.3%
Combinational        5.573186e-05 2.848673e-05 3.268368e-08 8.425127e-05  19.7%
Clock                0.000000e+00 0.000000e+00 0.000000e+00 0.000000e+00   0.0%
Macro                0.000000e+00 0.000000e+00 0.000000e+00 0.000000e+00   0.0%
Pad                  0.000000e+00 0.000000e+00 0.000000e+00 0.000000e+00   0.0%
------------------------------------------------------------------------
Total                3.710171e-04 5.722685e-05 6.624941e-08 4.283102e-04 100.0%
                            86.6%        13.4%         0.0%
%OL_METRIC_F power__internal__total 0.00037101705675013363
%OL_METRIC_F power__switching__total 5.722685455111787e-5
%OL_METRIC_F power__leakage__total 6.624941306654364e-8
%OL_METRIC_F power__total 0.00042831015889532864

%OL_END_REPORT
%OL_CREATE_REPORT skew.min.rpt

===========================================================================
Clock Skew (Hold)
============================================================================
%OL_METRIC_F clock__skew__worst_hold__corner:nom_fast_1p32V_m40C -0.25
======================= nom_fast_1p32V_m40C Corner ===================================

Clock clk_i
0.054058 source latency _171_/CLK ^
-0.054058 target latency _171_/CLK ^
-0.250000 clock uncertainty
0.000000 CRPR
--------------
-0.250000 hold skew

%OL_END_REPORT
%OL_CREATE_REPORT skew.max.rpt

===========================================================================
Clock Skew (Setup)
============================================================================
%OL_METRIC_F clock__skew__worst_setup__corner:nom_fast_1p32V_m40C 0.25
======================= nom_fast_1p32V_m40C Corner ===================================

Clock clk_i
0.054058 source latency _171_/CLK ^
-0.054058 target latency _171_/CLK ^
0.250000 clock uncertainty
0.000000 CRPR
--------------
0.250000 setup skew

%OL_END_REPORT
%OL_CREATE_REPORT ws.min.rpt

===========================================================================
Worst Slack (Hold)
============================================================================
%OL_METRIC_F timing__hold__ws__corner:nom_fast_1p32V_m40C -0.04987781162601159
nom_fast_1p32V_m40C: -0.04987781162601159
%OL_END_REPORT
%OL_CREATE_REPORT ws.max.rpt

===========================================================================
Worst Slack (Setup)
============================================================================
%OL_METRIC_F timing__setup__ws__corner:nom_fast_1p32V_m40C 7.543507365608332
nom_fast_1p32V_m40C: 7.543507365608332
%OL_END_REPORT
%OL_CREATE_REPORT tns.min.rpt

===========================================================================
Total Negative Slack (Hold)
============================================================================
%OL_METRIC_F timing__hold__tns__corner:nom_fast_1p32V_m40C -0.6625727931624471
nom_fast_1p32V_m40C: -0.6625727931624471
%OL_END_REPORT
%OL_CREATE_REPORT tns.max.rpt

===========================================================================
Total Negative Slack (Setup)
============================================================================
%OL_METRIC_F timing__setup__tns__corner:nom_fast_1p32V_m40C 0.0
nom_fast_1p32V_m40C: 0.0
%OL_END_REPORT
%OL_CREATE_REPORT wns.min.rpt

===========================================================================
Worst Negative Slack (Hold)
============================================================================
%OL_METRIC_F timing__hold__wns__corner:nom_fast_1p32V_m40C -0.04987781162601159
nom_fast_1p32V_m40C: -0.04987781162601159
%OL_END_REPORT
%OL_CREATE_REPORT wns.max.rpt

===========================================================================
Worst Negative Slack (Setup)
============================================================================
%OL_METRIC_F timing__setup__wns__corner:nom_fast_1p32V_m40C 0.0
nom_fast_1p32V_m40C: 0.0
%OL_END_REPORT
%OL_CREATE_REPORT violator_list.rpt

===========================================================================
Violator List
============================================================================
[hold reg-reg] _200_/Q -> _199_/D : -0.049878
[hold reg-reg] _200_/Q -> _200_/D : -0.040867
[hold reg-reg] _171_/Q -> _171_/D : -0.033303
[hold reg-reg] _173_/Q -> _173_/D : -0.033303
[hold reg-reg] _175_/Q -> _175_/D : -0.033303
[hold reg-reg] _177_/Q -> _177_/D : -0.033303
[hold reg-reg] _179_/Q -> _179_/D : -0.033303
[hold reg-reg] _181_/Q -> _181_/D : -0.033303
[hold reg-reg] _183_/Q -> _183_/D : -0.033303
[hold reg-reg] _185_/Q -> _185_/D : -0.033303
[hold reg-reg] _187_/Q -> _187_/D : -0.033303
[hold reg-reg] _189_/Q -> _189_/D : -0.033303
[hold reg-reg] _191_/Q -> _191_/D : -0.033303
[hold reg-reg] _193_/Q -> _193_/D : -0.033303
[hold reg-reg] _195_/Q -> _195_/D : -0.033303
[hold reg-reg] _197_/Q -> _197_/D : -0.033303
[hold reg-reg] _201_/Q -> _201_/D : -0.033303
[hold reg-reg] _199_/Q -> _172_/D : -0.004819
[hold reg-reg] _172_/Q -> _174_/D : -0.004819
[hold reg-reg] _174_/Q -> _176_/D : -0.004819
[hold reg-reg] _176_/Q -> _178_/D : -0.004819
[hold reg-reg] _178_/Q -> _180_/D : -0.004819
[hold reg-reg] _180_/Q -> _182_/D : -0.004819
[hold reg-reg] _182_/Q -> _184_/D : -0.004819
[hold reg-reg] _184_/Q -> _186_/D : -0.004819
[hold reg-reg] _186_/Q -> _188_/D : -0.004819
[hold reg-reg] _188_/Q -> _190_/D : -0.004819
[hold reg-reg] _190_/Q -> _192_/D : -0.004819
[hold reg-reg] _192_/Q -> _194_/D : -0.004819
[hold reg-reg] _194_/Q -> _196_/D : -0.004819
[hold reg-reg] _196_/Q -> _198_/D : -0.004819
[hold reg-reg] _198_/Q -> _202_/D : -0.004819
%OL_METRIC_I timing__hold_vio__count__corner:nom_fast_1p32V_m40C 32
%OL_METRIC_F timing__hold_r2r__ws__corner:nom_fast_1p32V_m40C -0.049878
%OL_METRIC_I timing__hold_r2r_vio__count__corner:nom_fast_1p32V_m40C 32
%OL_METRIC_I timing__setup_vio__count__corner:nom_fast_1p32V_m40C 0
%OL_METRIC_F timing__setup_r2r__ws__corner:nom_fast_1p32V_m40C inf
%OL_METRIC_I timing__setup_r2r_vio__count__corner:nom_fast_1p32V_m40C 0
%OL_END_REPORT
%OL_CREATE_REPORT unpropagated.rpt
clk_i
%OL_END_REPORT
%OL_CREATE_REPORT clock.rpt
Clock: clk_i
Sources: clk_i 
Generated: no
Virtual: no
Propagated: no
Period: 10.000000

===========================================================================
report_clock_properties
============================================================================
Clock                   Period          Waveform
----------------------------------------------------
clk_i                10.000000    0.000000  5.000000

===========================================================================
report_clock_latency
============================================================================
Clock clk_i
rise -> rise
    min     max
0.000000 0.000000 source latency
0.054058         network latency _171_/CLK
        0.054058 network latency _171_/CLK
---------------
0.054058 0.054058 latency
        0.000000 skew

fall -> fall
    min     max
0.000000 0.000000 source latency
0.040960         network latency _171_/CLK
        0.040960 network latency _171_/CLK
---------------
0.040960 0.040960 latency
        0.000000 skew



===========================================================================
report_clock_min_period
============================================================================
clk_i period_min = 0.00 fmax = inf
%OL_END_REPORT
Writing SDF files for all corners…
