
 /----------------------------------------------------------------------------\
 |  yosys -- Yosys Open SYnthesis Suite                                       |
 |  Copyright (C) 2012 - 2025  Claire Xenia Wolf <claire@yosyshq.com>         |
 |  Distributed under an ISC-like license, type "license" to see terms        |
 \----------------------------------------------------------------------------/
 Yosys 0.60 (git sha1 5bafeb77dc71e054fa331ab9efa613e6fb0a1c49, clang++ 21.1.2 -fPIC -O3)

1. Executing Liberty frontend: /home/designer/projects/CNN4IC/IHP-Open-PDK/ihp-sg13g2/libs.ref/sg13g2_stdcell/lib/sg13g2_stdcell_typ_1p20V_25C.lib
Imported 84 cell types from liberty file.

2. Executing Liberty frontend: /home/designer/projects/CNN4IC/IHP-Open-PDK/ihp-sg13g2/libs.ref/sg13g2_io/lib/sg13g2_io_typ_1p2V_3p3V_25C.lib
Imported 15 cell types from liberty file.
[INFO] Using SDC file '/home/designer/projects/CNN4IC/unic_cass_wrapper_user_project/CLASSIFIER_plus_cross_TOP/runs/user_project_run/06-yosys-synthesis/synthesis.abc.sdc' for ABC…wtaf

3. Executing Verilog-2005 frontend: /home/designer/projects/CNN4IC/unic_cass_wrapper_user_project/CLASSIFIER_plus_cross_TOP/src/CLASSIFIER_plus_cross_TOP.v
Parsing SystemVerilog input from `/home/designer/projects/CNN4IC/unic_cass_wrapper_user_project/CLASSIFIER_plus_cross_TOP/src/CLASSIFIER_plus_cross_TOP.v' to AST representation.
verilog frontend filename /home/designer/projects/CNN4IC/unic_cass_wrapper_user_project/CLASSIFIER_plus_cross_TOP/src/CLASSIFIER_plus_cross_TOP.v
Storing AST representation for module `$abstract\CLASSIFIER_plus_cross_TOP'.
Successfully finished Verilog frontend.

4. Executing Verilog-2005 frontend: /home/designer/projects/CNN4IC/unic_cass_wrapper_user_project/CLASSIFIER_plus_cross_TOP/src/CNNver2.v
Parsing SystemVerilog input from `/home/designer/projects/CNN4IC/unic_cass_wrapper_user_project/CLASSIFIER_plus_cross_TOP/src/CNNver2.v' to AST representation.
verilog frontend filename /home/designer/projects/CNN4IC/unic_cass_wrapper_user_project/CLASSIFIER_plus_cross_TOP/src/CNNver2.v
Storing AST representation for module `$abstract\CNNver2'.
Successfully finished Verilog frontend.

5. Executing Verilog-2005 frontend: /home/designer/projects/CNN4IC/unic_cass_wrapper_user_project/CLASSIFIER_plus_cross_TOP/src/Master_register.v
Parsing SystemVerilog input from `/home/designer/projects/CNN4IC/unic_cass_wrapper_user_project/CLASSIFIER_plus_cross_TOP/src/Master_register.v' to AST representation.
verilog frontend filename /home/designer/projects/CNN4IC/unic_cass_wrapper_user_project/CLASSIFIER_plus_cross_TOP/src/Master_register.v
Storing AST representation for module `$abstract\Master_register'.
Successfully finished Verilog frontend.

6. Executing Verilog-2005 frontend: /home/designer/projects/CNN4IC/unic_cass_wrapper_user_project/CLASSIFIER_plus_cross_TOP/src/Register.v
Parsing SystemVerilog input from `/home/designer/projects/CNN4IC/unic_cass_wrapper_user_project/CLASSIFIER_plus_cross_TOP/src/Register.v' to AST representation.
verilog frontend filename /home/designer/projects/CNN4IC/unic_cass_wrapper_user_project/CLASSIFIER_plus_cross_TOP/src/Register.v
Storing AST representation for module `$abstract\Register'.
Successfully finished Verilog frontend.

7. Executing Verilog-2005 frontend: /home/designer/projects/CNN4IC/unic_cass_wrapper_user_project/CLASSIFIER_plus_cross_TOP/src/Register_Imag.v
Parsing SystemVerilog input from `/home/designer/projects/CNN4IC/unic_cass_wrapper_user_project/CLASSIFIER_plus_cross_TOP/src/Register_Imag.v' to AST representation.
verilog frontend filename /home/designer/projects/CNN4IC/unic_cass_wrapper_user_project/CLASSIFIER_plus_cross_TOP/src/Register_Imag.v
Storing AST representation for module `$abstract\Register_Imag'.
Successfully finished Verilog frontend.

8. Executing Verilog-2005 frontend: /home/designer/projects/CNN4IC/unic_cass_wrapper_user_project/CLASSIFIER_plus_cross_TOP/src/Register_Weight.v
Parsing SystemVerilog input from `/home/designer/projects/CNN4IC/unic_cass_wrapper_user_project/CLASSIFIER_plus_cross_TOP/src/Register_Weight.v' to AST representation.
verilog frontend filename /home/designer/projects/CNN4IC/unic_cass_wrapper_user_project/CLASSIFIER_plus_cross_TOP/src/Register_Weight.v
Storing AST representation for module `$abstract\Register_Weight'.
Successfully finished Verilog frontend.

9. Executing Verilog-2005 frontend: /home/designer/projects/CNN4IC/unic_cass_wrapper_user_project/CLASSIFIER_plus_cross_TOP/src/SC_STATEMACHINE_CNN_CTRL.v
Parsing SystemVerilog input from `/home/designer/projects/CNN4IC/unic_cass_wrapper_user_project/CLASSIFIER_plus_cross_TOP/src/SC_STATEMACHINE_CNN_CTRL.v' to AST representation.
verilog frontend filename /home/designer/projects/CNN4IC/unic_cass_wrapper_user_project/CLASSIFIER_plus_cross_TOP/src/SC_STATEMACHINE_CNN_CTRL.v
Storing AST representation for module `$abstract\SC_STATEMACHINE_CNN_CTRL'.
Successfully finished Verilog frontend.

10. Executing Verilog-2005 frontend: /home/designer/projects/CNN4IC/unic_cass_wrapper_user_project/CLASSIFIER_plus_cross_TOP/src/SC_STATEMACHINE_IMAGE_LOADER.v
Parsing SystemVerilog input from `/home/designer/projects/CNN4IC/unic_cass_wrapper_user_project/CLASSIFIER_plus_cross_TOP/src/SC_STATEMACHINE_IMAGE_LOADER.v' to AST representation.
verilog frontend filename /home/designer/projects/CNN4IC/unic_cass_wrapper_user_project/CLASSIFIER_plus_cross_TOP/src/SC_STATEMACHINE_IMAGE_LOADER.v
Storing AST representation for module `$abstract\SC_STATEMACHINE_IMAGE_LOADER'.
Successfully finished Verilog frontend.

11. Executing Verilog-2005 frontend: /home/designer/projects/CNN4IC/unic_cass_wrapper_user_project/CLASSIFIER_plus_cross_TOP/src/SC_STATEMACHINE_WEIGHT_LOADER.v
Parsing SystemVerilog input from `/home/designer/projects/CNN4IC/unic_cass_wrapper_user_project/CLASSIFIER_plus_cross_TOP/src/SC_STATEMACHINE_WEIGHT_LOADER.v' to AST representation.
verilog frontend filename /home/designer/projects/CNN4IC/unic_cass_wrapper_user_project/CLASSIFIER_plus_cross_TOP/src/SC_STATEMACHINE_WEIGHT_LOADER.v
Storing AST representation for module `$abstract\SC_STATEMACHINE_WEIGHT_LOADER'.
Successfully finished Verilog frontend.

12. Executing Verilog-2005 frontend: /home/designer/projects/CNN4IC/unic_cass_wrapper_user_project/CLASSIFIER_plus_cross_TOP/src/cnn_proc_top.v
Parsing SystemVerilog input from `/home/designer/projects/CNN4IC/unic_cass_wrapper_user_project/CLASSIFIER_plus_cross_TOP/src/cnn_proc_top.v' to AST representation.
verilog frontend filename /home/designer/projects/CNN4IC/unic_cass_wrapper_user_project/CLASSIFIER_plus_cross_TOP/src/cnn_proc_top.v
Storing AST representation for module `$abstract\cnn_proc_top'.
Successfully finished Verilog frontend.

13. Executing Verilog-2005 frontend: /home/designer/projects/CNN4IC/unic_cass_wrapper_user_project/CLASSIFIER_plus_cross_TOP/src/cnn_top.v
Parsing SystemVerilog input from `/home/designer/projects/CNN4IC/unic_cass_wrapper_user_project/CLASSIFIER_plus_cross_TOP/src/cnn_top.v' to AST representation.
verilog frontend filename /home/designer/projects/CNN4IC/unic_cass_wrapper_user_project/CLASSIFIER_plus_cross_TOP/src/cnn_top.v
Storing AST representation for module `$abstract\cnn_top'.
Successfully finished Verilog frontend.

14. Executing Verilog-2005 frontend: /home/designer/projects/CNN4IC/unic_cass_wrapper_user_project/CLASSIFIER_plus_cross_TOP/src/comm_mem_top.v
Parsing SystemVerilog input from `/home/designer/projects/CNN4IC/unic_cass_wrapper_user_project/CLASSIFIER_plus_cross_TOP/src/comm_mem_top.v' to AST representation.
verilog frontend filename /home/designer/projects/CNN4IC/unic_cass_wrapper_user_project/CLASSIFIER_plus_cross_TOP/src/comm_mem_top.v
Storing AST representation for module `$abstract\comm_mem_top'.
Successfully finished Verilog frontend.

15. Executing Verilog-2005 frontend: /home/designer/projects/CNN4IC/unic_cass_wrapper_user_project/CLASSIFIER_plus_cross_TOP/src/fragment_mux_10x10_6x6.v
Parsing SystemVerilog input from `/home/designer/projects/CNN4IC/unic_cass_wrapper_user_project/CLASSIFIER_plus_cross_TOP/src/fragment_mux_10x10_6x6.v' to AST representation.
verilog frontend filename /home/designer/projects/CNN4IC/unic_cass_wrapper_user_project/CLASSIFIER_plus_cross_TOP/src/fragment_mux_10x10_6x6.v
Storing AST representation for module `$abstract\fragment_mux_10x10_6x6'.
Successfully finished Verilog frontend.

16. Executing Verilog-2005 frontend: /home/designer/projects/CNN4IC/unic_cass_wrapper_user_project/CLASSIFIER_plus_cross_TOP/src/mac_parallel.v
Parsing SystemVerilog input from `/home/designer/projects/CNN4IC/unic_cass_wrapper_user_project/CLASSIFIER_plus_cross_TOP/src/mac_parallel.v' to AST representation.
verilog frontend filename /home/designer/projects/CNN4IC/unic_cass_wrapper_user_project/CLASSIFIER_plus_cross_TOP/src/mac_parallel.v
Storing AST representation for module `$abstract\mac_parallel'.
Successfully finished Verilog frontend.

17. Executing Verilog-2005 frontend: /home/designer/projects/CNN4IC/unic_cass_wrapper_user_project/CLASSIFIER_plus_cross_TOP/src/mux_cnn.v
Parsing SystemVerilog input from `/home/designer/projects/CNN4IC/unic_cass_wrapper_user_project/CLASSIFIER_plus_cross_TOP/src/mux_cnn.v' to AST representation.
verilog frontend filename /home/designer/projects/CNN4IC/unic_cass_wrapper_user_project/CLASSIFIER_plus_cross_TOP/src/mux_cnn.v
Storing AST representation for module `$abstract\mux_cnn'.
Successfully finished Verilog frontend.

18. Executing Verilog-2005 frontend: /home/designer/projects/CNN4IC/unic_cass_wrapper_user_project/CLASSIFIER_plus_cross_TOP/src/progressive_maxpool.v
Parsing SystemVerilog input from `/home/designer/projects/CNN4IC/unic_cass_wrapper_user_project/CLASSIFIER_plus_cross_TOP/src/progressive_maxpool.v' to AST representation.
verilog frontend filename /home/designer/projects/CNN4IC/unic_cass_wrapper_user_project/CLASSIFIER_plus_cross_TOP/src/progressive_maxpool.v
Storing AST representation for module `$abstract\progressive_maxpool'.
Successfully finished Verilog frontend.

19. Executing Verilog-2005 frontend: /home/designer/projects/CNN4IC/unic_cass_wrapper_user_project/CLASSIFIER_plus_cross_TOP/src/spi_cnn_slave_8.v
Parsing SystemVerilog input from `/home/designer/projects/CNN4IC/unic_cass_wrapper_user_project/CLASSIFIER_plus_cross_TOP/src/spi_cnn_slave_8.v' to AST representation.
verilog frontend filename /home/designer/projects/CNN4IC/unic_cass_wrapper_user_project/CLASSIFIER_plus_cross_TOP/src/spi_cnn_slave_8.v
/home/designer/projects/CNN4IC/unic_cass_wrapper_user_project/CLASSIFIER_plus_cross_TOP/src/spi_cnn_slave_8.v:138: Warning: Yosys has only limited support for tri-state logic at the moment.
Storing AST representation for module `$abstract\spi_cnn_slave_8'.
Successfully finished Verilog frontend.

20. Executing Verilog-2005 frontend: /home/designer/projects/CNN4IC/unic_cass_wrapper_user_project/CLASSIFIER_plus_cross_TOP/src/window_mux_6x6_5x5.v
Parsing SystemVerilog input from `/home/designer/projects/CNN4IC/unic_cass_wrapper_user_project/CLASSIFIER_plus_cross_TOP/src/window_mux_6x6_5x5.v' to AST representation.
verilog frontend filename /home/designer/projects/CNN4IC/unic_cass_wrapper_user_project/CLASSIFIER_plus_cross_TOP/src/window_mux_6x6_5x5.v
Storing AST representation for module `$abstract\window_mux_6x6_5x5'.
Successfully finished Verilog frontend.

21. Executing HIERARCHY pass (managing design hierarchy).

22. Executing AST frontend in derive mode using pre-parsed AST for module `\CLASSIFIER_plus_cross_TOP'.
Generating RTLIL representation for module `\CLASSIFIER_plus_cross_TOP'.

22.1. Analyzing design hierarchy..
Top module:  \CLASSIFIER_plus_cross_TOP

22.2. Executing AST frontend in derive mode using pre-parsed AST for module `\CNNver2'.
Generating RTLIL representation for module `\CNNver2'.

22.3. Analyzing design hierarchy..
Top module:  \CLASSIFIER_plus_cross_TOP
Used module:     \CNNver2

22.4. Executing AST frontend in derive mode using pre-parsed AST for module `\cnn_proc_top'.
Generating RTLIL representation for module `\cnn_proc_top'.
Parameter \DATAWIDTH_BUS = 8
Parameter \DATAWIDTH_BUS_IMAGE = 10
Parameter \DATAWIDTH_BUS_WEIGHT = 5
Parameter \BITS_PER_POS = 3

22.5. Executing AST frontend in derive mode using pre-parsed AST for module `\comm_mem_top'.
Parameter \DATAWIDTH_BUS = 8
Parameter \DATAWIDTH_BUS_IMAGE = 10
Parameter \DATAWIDTH_BUS_WEIGHT = 5
Parameter \BITS_PER_POS = 3
Generating RTLIL representation for module `$paramod$86f1445bf7eb9dcf6388f28001a39bf4edaa90f5\comm_mem_top'.

22.6. Analyzing design hierarchy..
Top module:  \CLASSIFIER_plus_cross_TOP
Used module:     \CNNver2
Used module:         \cnn_proc_top
Used module:         $paramod$86f1445bf7eb9dcf6388f28001a39bf4edaa90f5\comm_mem_top

22.7. Executing AST frontend in derive mode using pre-parsed AST for module `\SC_STATEMACHINE_CNN_CTRL'.
Generating RTLIL representation for module `\SC_STATEMACHINE_CNN_CTRL'.
Parameter \DATAWIDTH_BUS = 16

22.8. Executing AST frontend in derive mode using pre-parsed AST for module `\Master_register'.
Parameter \DATAWIDTH_BUS = 16
Generating RTLIL representation for module `$paramod\Master_register\DATAWIDTH_BUS=s32'00000000000000000000000000010000'.
Parameter \DATAWIDTH_BUS = 16
Found cached RTLIL representation for module `$paramod\Master_register\DATAWIDTH_BUS=s32'00000000000000000000000000010000'.
Parameter \DATAWIDTH_BUS_WEIGHT = 5
Parameter \BITS_PER_POS = 3

22.9. Executing AST frontend in derive mode using pre-parsed AST for module `\Register_Weight'.
Parameter \DATAWIDTH_BUS_WEIGHT = 5
Parameter \BITS_PER_POS = 3
Generating RTLIL representation for module `$paramod$bd1c2789ccb130c79648e20f8a400f4afa158968\Register_Weight'.
Parameter \DATAWIDTH_BUS_WEIGHT = 5
Parameter \BITS_PER_POS = 3
Found cached RTLIL representation for module `$paramod$bd1c2789ccb130c79648e20f8a400f4afa158968\Register_Weight'.
Parameter \DATAWIDTH_BUS_WEIGHT = 5
Parameter \BITS_PER_POS = 3
Found cached RTLIL representation for module `$paramod$bd1c2789ccb130c79648e20f8a400f4afa158968\Register_Weight'.
Parameter \DATAWIDTH_BUS_WEIGHT = 5
Parameter \BITS_PER_POS = 3
Found cached RTLIL representation for module `$paramod$bd1c2789ccb130c79648e20f8a400f4afa158968\Register_Weight'.
Parameter \DATAWIDTH_BUS_WEIGHT = 5
Parameter \BITS_PER_POS = 3
Found cached RTLIL representation for module `$paramod$bd1c2789ccb130c79648e20f8a400f4afa158968\Register_Weight'.
Parameter \DATAWIDTH_BUS_IMAGE = 10
Parameter \BITS_PER_POS = 3

22.10. Executing AST frontend in derive mode using pre-parsed AST for module `\Register_Imag'.
Parameter \DATAWIDTH_BUS_IMAGE = 10
Parameter \BITS_PER_POS = 3
Generating RTLIL representation for module `$paramod$4d5b70701c3a06d0547d4fc6c7074752cfb562f3\Register_Imag'.
Parameter \DATAWIDTH_BUS_IMAGE = 10
Parameter \BITS_PER_POS = 3
Found cached RTLIL representation for module `$paramod$4d5b70701c3a06d0547d4fc6c7074752cfb562f3\Register_Imag'.
Parameter \DATAWIDTH_BUS_IMAGE = 10
Parameter \BITS_PER_POS = 3
Found cached RTLIL representation for module `$paramod$4d5b70701c3a06d0547d4fc6c7074752cfb562f3\Register_Imag'.
Parameter \DATAWIDTH_BUS_IMAGE = 10
Parameter \BITS_PER_POS = 3
Found cached RTLIL representation for module `$paramod$4d5b70701c3a06d0547d4fc6c7074752cfb562f3\Register_Imag'.
Parameter \DATAWIDTH_BUS_IMAGE = 10
Parameter \BITS_PER_POS = 3
Found cached RTLIL representation for module `$paramod$4d5b70701c3a06d0547d4fc6c7074752cfb562f3\Register_Imag'.
Parameter \DATAWIDTH_BUS_IMAGE = 10
Parameter \BITS_PER_POS = 3
Found cached RTLIL representation for module `$paramod$4d5b70701c3a06d0547d4fc6c7074752cfb562f3\Register_Imag'.
Parameter \DATAWIDTH_BUS_IMAGE = 10
Parameter \BITS_PER_POS = 3
Found cached RTLIL representation for module `$paramod$4d5b70701c3a06d0547d4fc6c7074752cfb562f3\Register_Imag'.
Parameter \DATAWIDTH_BUS_IMAGE = 10
Parameter \BITS_PER_POS = 3
Found cached RTLIL representation for module `$paramod$4d5b70701c3a06d0547d4fc6c7074752cfb562f3\Register_Imag'.
Parameter \DATAWIDTH_BUS_IMAGE = 10
Parameter \BITS_PER_POS = 3
Found cached RTLIL representation for module `$paramod$4d5b70701c3a06d0547d4fc6c7074752cfb562f3\Register_Imag'.
Parameter \DATAWIDTH_BUS_IMAGE = 10
Parameter \BITS_PER_POS = 3
Found cached RTLIL representation for module `$paramod$4d5b70701c3a06d0547d4fc6c7074752cfb562f3\Register_Imag'.
Parameter \DATAWIDTH_BUS = 8
Parameter \DATAWIDTH_BUS_IMAGE = 10
Parameter \DATAWIDTH_BUS_WEIGHT = 5
Parameter \BITS_PER_POS = 3

22.11. Executing AST frontend in derive mode using pre-parsed AST for module `\spi_cnn_slave_8'.
Parameter \DATAWIDTH_BUS = 8
Parameter \DATAWIDTH_BUS_IMAGE = 10
Parameter \DATAWIDTH_BUS_WEIGHT = 5
Parameter \BITS_PER_POS = 3
Generating RTLIL representation for module `$paramod$86f1445bf7eb9dcf6388f28001a39bf4edaa90f5\spi_cnn_slave_8'.
Warning: Replacing memory \weight_mem with list of registers. See /home/designer/projects/CNN4IC/unic_cass_wrapper_user_project/CLASSIFIER_plus_cross_TOP/src/spi_cnn_slave_8.v:231
Warning: Replacing memory \image_mem with list of registers. See /home/designer/projects/CNN4IC/unic_cass_wrapper_user_project/CLASSIFIER_plus_cross_TOP/src/spi_cnn_slave_8.v:221

22.12. Analyzing design hierarchy..
Top module:  \CLASSIFIER_plus_cross_TOP
Used module:     \CNNver2
Used module:         \cnn_proc_top
Used module:             \SC_STATEMACHINE_CNN_CTRL
Used module:         $paramod$86f1445bf7eb9dcf6388f28001a39bf4edaa90f5\comm_mem_top
Used module:             $paramod\Master_register\DATAWIDTH_BUS=s32'00000000000000000000000000010000
Used module:             $paramod$bd1c2789ccb130c79648e20f8a400f4afa158968\Register_Weight
Used module:             $paramod$4d5b70701c3a06d0547d4fc6c7074752cfb562f3\Register_Imag
Used module:             $paramod$86f1445bf7eb9dcf6388f28001a39bf4edaa90f5\spi_cnn_slave_8

22.13. Executing AST frontend in derive mode using pre-parsed AST for module `\cnn_top'.
Generating RTLIL representation for module `\cnn_top'.
Parameter \ROW_BITS = 15

22.14. Executing AST frontend in derive mode using pre-parsed AST for module `\SC_STATEMACHINE_WEIGHT_LOADER'.
Parameter \ROW_BITS = 15
Generating RTLIL representation for module `$paramod\SC_STATEMACHINE_WEIGHT_LOADER\ROW_BITS=s32'00000000000000000000000000001111'.
Parameter \ROW_BITS = 30

22.15. Executing AST frontend in derive mode using pre-parsed AST for module `\SC_STATEMACHINE_IMAGE_LOADER'.
Parameter \ROW_BITS = 30
Generating RTLIL representation for module `$paramod\SC_STATEMACHINE_IMAGE_LOADER\ROW_BITS=s32'00000000000000000000000000011110'.

22.16. Analyzing design hierarchy..
Top module:  \CLASSIFIER_plus_cross_TOP
Used module:     \CNNver2
Used module:         \cnn_proc_top
Used module:             \SC_STATEMACHINE_CNN_CTRL
Used module:                 \cnn_top
Used module:         $paramod$86f1445bf7eb9dcf6388f28001a39bf4edaa90f5\comm_mem_top
Used module:             $paramod\Master_register\DATAWIDTH_BUS=s32'00000000000000000000000000010000
Used module:             $paramod$bd1c2789ccb130c79648e20f8a400f4afa158968\Register_Weight
Used module:             $paramod$4d5b70701c3a06d0547d4fc6c7074752cfb562f3\Register_Imag
Used module:             $paramod$86f1445bf7eb9dcf6388f28001a39bf4edaa90f5\spi_cnn_slave_8
Used module:                 $paramod\SC_STATEMACHINE_WEIGHT_LOADER\ROW_BITS=s32'00000000000000000000000000001111
Used module:                 $paramod\SC_STATEMACHINE_IMAGE_LOADER\ROW_BITS=s32'00000000000000000000000000011110

22.17. Executing AST frontend in derive mode using pre-parsed AST for module `\mux_cnn'.
Generating RTLIL representation for module `\mux_cnn'.

22.18. Executing AST frontend in derive mode using pre-parsed AST for module `\fragment_mux_10x10_6x6'.
Generating RTLIL representation for module `\fragment_mux_10x10_6x6'.

22.19. Analyzing design hierarchy..
Top module:  \CLASSIFIER_plus_cross_TOP
Used module:     \CNNver2
Used module:         \cnn_proc_top
Used module:             \SC_STATEMACHINE_CNN_CTRL
Used module:                 \cnn_top
Used module:                     \mux_cnn
Used module:                     \fragment_mux_10x10_6x6
Used module:         $paramod$86f1445bf7eb9dcf6388f28001a39bf4edaa90f5\comm_mem_top
Used module:             $paramod\Master_register\DATAWIDTH_BUS=s32'00000000000000000000000000010000
Used module:             $paramod$bd1c2789ccb130c79648e20f8a400f4afa158968\Register_Weight
Used module:             $paramod$4d5b70701c3a06d0547d4fc6c7074752cfb562f3\Register_Imag
Used module:             $paramod$86f1445bf7eb9dcf6388f28001a39bf4edaa90f5\spi_cnn_slave_8
Used module:                 $paramod\SC_STATEMACHINE_WEIGHT_LOADER\ROW_BITS=s32'00000000000000000000000000001111
Used module:                 $paramod\SC_STATEMACHINE_IMAGE_LOADER\ROW_BITS=s32'00000000000000000000000000011110

22.20. Executing AST frontend in derive mode using pre-parsed AST for module `\progressive_maxpool'.
Generating RTLIL representation for module `\progressive_maxpool'.

22.21. Executing AST frontend in derive mode using pre-parsed AST for module `\mac_parallel'.
Generating RTLIL representation for module `\mac_parallel'.

22.22. Executing AST frontend in derive mode using pre-parsed AST for module `\window_mux_6x6_5x5'.
Generating RTLIL representation for module `\window_mux_6x6_5x5'.

22.23. Analyzing design hierarchy..
Top module:  \CLASSIFIER_plus_cross_TOP
Used module:     \CNNver2
Used module:         \cnn_proc_top
Used module:             \SC_STATEMACHINE_CNN_CTRL
Used module:                 \cnn_top
Used module:                     \mux_cnn
Used module:                         \progressive_maxpool
Used module:                         \mac_parallel
Used module:                         \window_mux_6x6_5x5
Used module:                     \fragment_mux_10x10_6x6
Used module:         $paramod$86f1445bf7eb9dcf6388f28001a39bf4edaa90f5\comm_mem_top
Used module:             $paramod\Master_register\DATAWIDTH_BUS=s32'00000000000000000000000000010000
Used module:             $paramod$bd1c2789ccb130c79648e20f8a400f4afa158968\Register_Weight
Used module:             $paramod$4d5b70701c3a06d0547d4fc6c7074752cfb562f3\Register_Imag
Used module:             $paramod$86f1445bf7eb9dcf6388f28001a39bf4edaa90f5\spi_cnn_slave_8
Used module:                 $paramod\SC_STATEMACHINE_WEIGHT_LOADER\ROW_BITS=s32'00000000000000000000000000001111
Used module:                 $paramod\SC_STATEMACHINE_IMAGE_LOADER\ROW_BITS=s32'00000000000000000000000000011110

22.24. Analyzing design hierarchy..
Top module:  \CLASSIFIER_plus_cross_TOP
Used module:     \CNNver2
Used module:         \cnn_proc_top
Used module:             \SC_STATEMACHINE_CNN_CTRL
Used module:                 \cnn_top
Used module:                     \mux_cnn
Used module:                         \progressive_maxpool
Used module:                         \mac_parallel
Used module:                         \window_mux_6x6_5x5
Used module:                     \fragment_mux_10x10_6x6
Used module:         $paramod$86f1445bf7eb9dcf6388f28001a39bf4edaa90f5\comm_mem_top
Used module:             $paramod\Master_register\DATAWIDTH_BUS=s32'00000000000000000000000000010000
Used module:             $paramod$bd1c2789ccb130c79648e20f8a400f4afa158968\Register_Weight
Used module:             $paramod$4d5b70701c3a06d0547d4fc6c7074752cfb562f3\Register_Imag
Used module:             $paramod$86f1445bf7eb9dcf6388f28001a39bf4edaa90f5\spi_cnn_slave_8
Used module:                 $paramod\SC_STATEMACHINE_WEIGHT_LOADER\ROW_BITS=s32'00000000000000000000000000001111
Used module:                 $paramod\SC_STATEMACHINE_IMAGE_LOADER\ROW_BITS=s32'00000000000000000000000000011110
Removing unused module `$abstract\window_mux_6x6_5x5'.
Removing unused module `$abstract\spi_cnn_slave_8'.
Removing unused module `$abstract\progressive_maxpool'.
Removing unused module `$abstract\mux_cnn'.
Removing unused module `$abstract\mac_parallel'.
Removing unused module `$abstract\fragment_mux_10x10_6x6'.
Removing unused module `$abstract\comm_mem_top'.
Removing unused module `$abstract\cnn_top'.
Removing unused module `$abstract\cnn_proc_top'.
Removing unused module `$abstract\SC_STATEMACHINE_WEIGHT_LOADER'.
Removing unused module `$abstract\SC_STATEMACHINE_IMAGE_LOADER'.
Removing unused module `$abstract\SC_STATEMACHINE_CNN_CTRL'.
Removing unused module `$abstract\Register_Weight'.
Removing unused module `$abstract\Register_Imag'.
Removing unused module `$abstract\Register'.
Removing unused module `$abstract\Master_register'.
Removing unused module `$abstract\CNNver2'.
Removing unused module `$abstract\CLASSIFIER_plus_cross_TOP'.
Removed 18 unused modules.
Renaming module CLASSIFIER_plus_cross_TOP to CLASSIFIER_plus_cross_TOP.

23. Executing ATTRMAP pass (move or copy attributes).

24. Executing TRIBUF pass.

25. Executing HIERARCHY pass (managing design hierarchy).

25.1. Analyzing design hierarchy..
Top module:  \CLASSIFIER_plus_cross_TOP
Used module:     \CNNver2
Used module:         \cnn_proc_top
Used module:             \SC_STATEMACHINE_CNN_CTRL
Used module:                 \cnn_top
Used module:                     \mux_cnn
Used module:                         \progressive_maxpool
Used module:                         \mac_parallel
Used module:                         \window_mux_6x6_5x5
Used module:                     \fragment_mux_10x10_6x6
Used module:         $paramod$86f1445bf7eb9dcf6388f28001a39bf4edaa90f5\comm_mem_top
Used module:             $paramod\Master_register\DATAWIDTH_BUS=s32'00000000000000000000000000010000
Used module:             $paramod$bd1c2789ccb130c79648e20f8a400f4afa158968\Register_Weight
Used module:             $paramod$4d5b70701c3a06d0547d4fc6c7074752cfb562f3\Register_Imag
Used module:             $paramod$86f1445bf7eb9dcf6388f28001a39bf4edaa90f5\spi_cnn_slave_8
Used module:                 $paramod\SC_STATEMACHINE_WEIGHT_LOADER\ROW_BITS=s32'00000000000000000000000000001111
Used module:                 $paramod\SC_STATEMACHINE_IMAGE_LOADER\ROW_BITS=s32'00000000000000000000000000011110

25.2. Analyzing design hierarchy..
Top module:  \CLASSIFIER_plus_cross_TOP
Used module:     \CNNver2
Used module:         \cnn_proc_top
Used module:             \SC_STATEMACHINE_CNN_CTRL
Used module:                 \cnn_top
Used module:                     \mux_cnn
Used module:                         \progressive_maxpool
Used module:                         \mac_parallel
Used module:                         \window_mux_6x6_5x5
Used module:                     \fragment_mux_10x10_6x6
Used module:         $paramod$86f1445bf7eb9dcf6388f28001a39bf4edaa90f5\comm_mem_top
Used module:             $paramod\Master_register\DATAWIDTH_BUS=s32'00000000000000000000000000010000
Used module:             $paramod$bd1c2789ccb130c79648e20f8a400f4afa158968\Register_Weight
Used module:             $paramod$4d5b70701c3a06d0547d4fc6c7074752cfb562f3\Register_Imag
Used module:             $paramod$86f1445bf7eb9dcf6388f28001a39bf4edaa90f5\spi_cnn_slave_8
Used module:                 $paramod\SC_STATEMACHINE_WEIGHT_LOADER\ROW_BITS=s32'00000000000000000000000000001111
Used module:                 $paramod\SC_STATEMACHINE_IMAGE_LOADER\ROW_BITS=s32'00000000000000000000000000011110
Removed 0 unused modules.

26. Executing PROC_CLEAN pass (remove empty switches from decision trees).
Cleaned up 0 empty switches.

27. Executing PROC_RMDEAD pass (remove dead branches from decision trees).
Marked 2 switch rules as full_case in process $proc$/home/designer/projects/CNN4IC/unic_cass_wrapper_user_project/CLASSIFIER_plus_cross_TOP/src/progressive_maxpool.v:9$365 in module progressive_maxpool.
Marked 1 switch rules as full_case in process $proc$/home/designer/projects/CNN4IC/unic_cass_wrapper_user_project/CLASSIFIER_plus_cross_TOP/src/fragment_mux_10x10_6x6.v:9$112 in module fragment_mux_10x10_6x6.
Marked 2 switch rules as full_case in process $proc$/home/designer/projects/CNN4IC/unic_cass_wrapper_user_project/CLASSIFIER_plus_cross_TOP/src/mux_cnn.v:83$111 in module mux_cnn.
Marked 2 switch rules as full_case in process $proc$/home/designer/projects/CNN4IC/unic_cass_wrapper_user_project/CLASSIFIER_plus_cross_TOP/src/SC_STATEMACHINE_IMAGE_LOADER.v:98$109 in module $paramod\SC_STATEMACHINE_IMAGE_LOADER\ROW_BITS=s32'00000000000000000000000000011110.
Marked 1 switch rules as full_case in process $proc$/home/designer/projects/CNN4IC/unic_cass_wrapper_user_project/CLASSIFIER_plus_cross_TOP/src/SC_STATEMACHINE_IMAGE_LOADER.v:86$105 in module $paramod\SC_STATEMACHINE_IMAGE_LOADER\ROW_BITS=s32'00000000000000000000000000011110.
Marked 1 switch rules as full_case in process $proc$/home/designer/projects/CNN4IC/unic_cass_wrapper_user_project/CLASSIFIER_plus_cross_TOP/src/SC_STATEMACHINE_IMAGE_LOADER.v:73$104 in module $paramod\SC_STATEMACHINE_IMAGE_LOADER\ROW_BITS=s32'00000000000000000000000000011110.
Removed 1 dead cases from process $proc$/home/designer/projects/CNN4IC/unic_cass_wrapper_user_project/CLASSIFIER_plus_cross_TOP/src/SC_STATEMACHINE_IMAGE_LOADER.v:58$100 in module $paramod\SC_STATEMACHINE_IMAGE_LOADER\ROW_BITS=s32'00000000000000000000000000011110.
Marked 2 switch rules as full_case in process $proc$/home/designer/projects/CNN4IC/unic_cass_wrapper_user_project/CLASSIFIER_plus_cross_TOP/src/SC_STATEMACHINE_IMAGE_LOADER.v:58$100 in module $paramod\SC_STATEMACHINE_IMAGE_LOADER\ROW_BITS=s32'00000000000000000000000000011110.
Marked 2 switch rules as full_case in process $proc$/home/designer/projects/CNN4IC/unic_cass_wrapper_user_project/CLASSIFIER_plus_cross_TOP/src/SC_STATEMACHINE_WEIGHT_LOADER.v:86$98 in module $paramod\SC_STATEMACHINE_WEIGHT_LOADER\ROW_BITS=s32'00000000000000000000000000001111.
Marked 1 switch rules as full_case in process $proc$/home/designer/projects/CNN4IC/unic_cass_wrapper_user_project/CLASSIFIER_plus_cross_TOP/src/SC_STATEMACHINE_WEIGHT_LOADER.v:75$94 in module $paramod\SC_STATEMACHINE_WEIGHT_LOADER\ROW_BITS=s32'00000000000000000000000000001111.
Marked 1 switch rules as full_case in process $proc$/home/designer/projects/CNN4IC/unic_cass_wrapper_user_project/CLASSIFIER_plus_cross_TOP/src/SC_STATEMACHINE_WEIGHT_LOADER.v:63$93 in module $paramod\SC_STATEMACHINE_WEIGHT_LOADER\ROW_BITS=s32'00000000000000000000000000001111.
Removed 1 dead cases from process $proc$/home/designer/projects/CNN4IC/unic_cass_wrapper_user_project/CLASSIFIER_plus_cross_TOP/src/SC_STATEMACHINE_WEIGHT_LOADER.v:48$89 in module $paramod\SC_STATEMACHINE_WEIGHT_LOADER\ROW_BITS=s32'00000000000000000000000000001111.
Marked 2 switch rules as full_case in process $proc$/home/designer/projects/CNN4IC/unic_cass_wrapper_user_project/CLASSIFIER_plus_cross_TOP/src/SC_STATEMACHINE_WEIGHT_LOADER.v:48$89 in module $paramod\SC_STATEMACHINE_WEIGHT_LOADER\ROW_BITS=s32'00000000000000000000000000001111.
Marked 3 switch rules as full_case in process $proc$/home/designer/projects/CNN4IC/unic_cass_wrapper_user_project/CLASSIFIER_plus_cross_TOP/src/cnn_top.v:75$85 in module cnn_top.
Removed 1 dead cases from process $proc$/home/designer/projects/CNN4IC/unic_cass_wrapper_user_project/CLASSIFIER_plus_cross_TOP/src/spi_cnn_slave_8.v:178$36 in module $paramod$86f1445bf7eb9dcf6388f28001a39bf4edaa90f5\spi_cnn_slave_8.
Marked 6 switch rules as full_case in process $proc$/home/designer/projects/CNN4IC/unic_cass_wrapper_user_project/CLASSIFIER_plus_cross_TOP/src/spi_cnn_slave_8.v:178$36 in module $paramod$86f1445bf7eb9dcf6388f28001a39bf4edaa90f5\spi_cnn_slave_8.
Marked 1 switch rules as full_case in process $proc$/home/designer/projects/CNN4IC/unic_cass_wrapper_user_project/CLASSIFIER_plus_cross_TOP/src/spi_cnn_slave_8.v:163$34 in module $paramod$86f1445bf7eb9dcf6388f28001a39bf4edaa90f5\spi_cnn_slave_8.
Marked 1 switch rules as full_case in process $proc$/home/designer/projects/CNN4IC/unic_cass_wrapper_user_project/CLASSIFIER_plus_cross_TOP/src/spi_cnn_slave_8.v:147$30 in module $paramod$86f1445bf7eb9dcf6388f28001a39bf4edaa90f5\spi_cnn_slave_8.
Marked 1 switch rules as full_case in process $proc$/home/designer/projects/CNN4IC/unic_cass_wrapper_user_project/CLASSIFIER_plus_cross_TOP/src/Register_Imag.v:16$14 in module $paramod$4d5b70701c3a06d0547d4fc6c7074752cfb562f3\Register_Imag.
Marked 1 switch rules as full_case in process $proc$/home/designer/projects/CNN4IC/unic_cass_wrapper_user_project/CLASSIFIER_plus_cross_TOP/src/Register_Weight.v:16$11 in module $paramod$bd1c2789ccb130c79648e20f8a400f4afa158968\Register_Weight.
Marked 1 switch rules as full_case in process $proc$/home/designer/projects/CNN4IC/unic_cass_wrapper_user_project/CLASSIFIER_plus_cross_TOP/src/Master_register.v:14$8 in module $paramod\Master_register\DATAWIDTH_BUS=s32'00000000000000000000000000010000.
Marked 2 switch rules as full_case in process $proc$/home/designer/projects/CNN4IC/unic_cass_wrapper_user_project/CLASSIFIER_plus_cross_TOP/src/SC_STATEMACHINE_CNN_CTRL.v:104$7 in module SC_STATEMACHINE_CNN_CTRL.
Removed 1 dead cases from process $proc$/home/designer/projects/CNN4IC/unic_cass_wrapper_user_project/CLASSIFIER_plus_cross_TOP/src/window_mux_6x6_5x5.v:12$416 in module window_mux_6x6_5x5.
Marked 1 switch rules as full_case in process $proc$/home/designer/projects/CNN4IC/unic_cass_wrapper_user_project/CLASSIFIER_plus_cross_TOP/src/window_mux_6x6_5x5.v:12$416 in module window_mux_6x6_5x5.
Removed a total of 4 dead cases.

28. Executing PROC_PRUNE pass (remove redundant assignments in processes).
Removed 18 redundant assignments.
Promoted 93 assignments to connections.

29. Executing PROC_INIT pass (extract init attributes).

30. Executing PROC_ARST pass (detect async resets in processes).
Found async reset \rst in `\progressive_maxpool.$proc$/home/designer/projects/CNN4IC/unic_cass_wrapper_user_project/CLASSIFIER_plus_cross_TOP/src/progressive_maxpool.v:9$365'.
Found async reset \rst in `\mux_cnn.$proc$/home/designer/projects/CNN4IC/unic_cass_wrapper_user_project/CLASSIFIER_plus_cross_TOP/src/mux_cnn.v:83$111'.
Found async reset \i_RESET in `$paramod\SC_STATEMACHINE_IMAGE_LOADER\ROW_BITS=s32'00000000000000000000000000011110.$proc$/home/designer/projects/CNN4IC/unic_cass_wrapper_user_project/CLASSIFIER_plus_cross_TOP/src/SC_STATEMACHINE_IMAGE_LOADER.v:86$105'.
Found async reset \i_RESET in `$paramod\SC_STATEMACHINE_IMAGE_LOADER\ROW_BITS=s32'00000000000000000000000000011110.$proc$/home/designer/projects/CNN4IC/unic_cass_wrapper_user_project/CLASSIFIER_plus_cross_TOP/src/SC_STATEMACHINE_IMAGE_LOADER.v:73$104'.
Found async reset \i_RESET in `$paramod\SC_STATEMACHINE_WEIGHT_LOADER\ROW_BITS=s32'00000000000000000000000000001111.$proc$/home/designer/projects/CNN4IC/unic_cass_wrapper_user_project/CLASSIFIER_plus_cross_TOP/src/SC_STATEMACHINE_WEIGHT_LOADER.v:75$94'.
Found async reset \i_RESET in `$paramod\SC_STATEMACHINE_WEIGHT_LOADER\ROW_BITS=s32'00000000000000000000000000001111.$proc$/home/designer/projects/CNN4IC/unic_cass_wrapper_user_project/CLASSIFIER_plus_cross_TOP/src/SC_STATEMACHINE_WEIGHT_LOADER.v:63$93'.
Found async reset \rst in `\cnn_top.$proc$/home/designer/projects/CNN4IC/unic_cass_wrapper_user_project/CLASSIFIER_plus_cross_TOP/src/cnn_top.v:75$85'.
Found async reset \internal_reset in `$paramod$86f1445bf7eb9dcf6388f28001a39bf4edaa90f5\spi_cnn_slave_8.$proc$/home/designer/projects/CNN4IC/unic_cass_wrapper_user_project/CLASSIFIER_plus_cross_TOP/src/spi_cnn_slave_8.v:178$36'.
Found async reset \i_RESET in `$paramod$86f1445bf7eb9dcf6388f28001a39bf4edaa90f5\spi_cnn_slave_8.$proc$/home/designer/projects/CNN4IC/unic_cass_wrapper_user_project/CLASSIFIER_plus_cross_TOP/src/spi_cnn_slave_8.v:163$34'.
Found async reset \i_RESET in `$paramod$86f1445bf7eb9dcf6388f28001a39bf4edaa90f5\spi_cnn_slave_8.$proc$/home/designer/projects/CNN4IC/unic_cass_wrapper_user_project/CLASSIFIER_plus_cross_TOP/src/spi_cnn_slave_8.v:147$30'.
Found async reset \i_RESET in `\SC_STATEMACHINE_CNN_CTRL.$proc$/home/designer/projects/CNN4IC/unic_cass_wrapper_user_project/CLASSIFIER_plus_cross_TOP/src/SC_STATEMACHINE_CNN_CTRL.v:104$7'.

31. Executing PROC_ROM pass (convert switches to ROMs).
Converted 2 switches.
<suppressed ~42 debug messages>

32. Executing PROC_MUX pass (convert decision trees to multiplexers).
Creating decoders for process `\progressive_maxpool.$proc$/home/designer/projects/CNN4IC/unic_cass_wrapper_user_project/CLASSIFIER_plus_cross_TOP/src/progressive_maxpool.v:9$365'.
     1/1: $0\max_out[15:0]
Creating decoders for process `\fragment_mux_10x10_6x6.$proc$/home/designer/projects/CNN4IC/unic_cass_wrapper_user_project/CLASSIFIER_plus_cross_TOP/src/fragment_mux_10x10_6x6.v:9$112'.
     1/1: { $1\base_col[31:0] $1\base_row[31:0] }
Creating decoders for process `\mux_cnn.$proc$/home/designer/projects/CNN4IC/unic_cass_wrapper_user_project/CLASSIFIER_plus_cross_TOP/src/mux_cnn.v:83$111'.
     1/5: $0\done[0:0]
     2/5: $0\first_en[0:0]
     3/5: $0\en_maxpool[0:0]
     4/5: $0\window_sel[1:0]
     5/5: $0\state[3:0]
Creating decoders for process `$paramod\SC_STATEMACHINE_IMAGE_LOADER\ROW_BITS=s32'00000000000000000000000000011110.$proc$/home/designer/projects/CNN4IC/unic_cass_wrapper_user_project/CLASSIFIER_plus_cross_TOP/src/SC_STATEMACHINE_IMAGE_LOADER.v:98$109'.
     1/11: { $2\o_load00[0:0] $2\o_load09[0:0] $2\o_load08[0:0] $2\o_load07[0:0] $2\o_load06[0:0] $2\o_load05[0:0] $2\o_load04[0:0] $2\o_load03[0:0] $2\o_load02[0:0] $2\o_load01[0:0] }
     2/11: $1\o_load09[0:0]
     3/11: $1\o_load08[0:0]
     4/11: $1\o_load07[0:0]
     5/11: $1\o_load06[0:0]
     6/11: $1\o_load05[0:0]
     7/11: $1\o_load04[0:0]
     8/11: $1\o_load03[0:0]
     9/11: $1\o_load02[0:0]
    10/11: $1\o_load01[0:0]
    11/11: $1\o_load00[0:0]
Creating decoders for process `$paramod\SC_STATEMACHINE_IMAGE_LOADER\ROW_BITS=s32'00000000000000000000000000011110.$proc$/home/designer/projects/CNN4IC/unic_cass_wrapper_user_project/CLASSIFIER_plus_cross_TOP/src/SC_STATEMACHINE_IMAGE_LOADER.v:86$105'.
     1/1: $0\row_latch[3:0]
Creating decoders for process `$paramod\SC_STATEMACHINE_IMAGE_LOADER\ROW_BITS=s32'00000000000000000000000000011110.$proc$/home/designer/projects/CNN4IC/unic_cass_wrapper_user_project/CLASSIFIER_plus_cross_TOP/src/SC_STATEMACHINE_IMAGE_LOADER.v:73$104'.
     1/1: $0\STATE_Register[0:0]
Creating decoders for process `$paramod\SC_STATEMACHINE_IMAGE_LOADER\ROW_BITS=s32'00000000000000000000000000011110.$proc$/home/designer/projects/CNN4IC/unic_cass_wrapper_user_project/CLASSIFIER_plus_cross_TOP/src/SC_STATEMACHINE_IMAGE_LOADER.v:58$100'.
     1/2: $2\STATE_Signal[0:0]
     2/2: $1\STATE_Signal[0:0]
Creating decoders for process `$paramod\SC_STATEMACHINE_WEIGHT_LOADER\ROW_BITS=s32'00000000000000000000000000001111.$proc$/home/designer/projects/CNN4IC/unic_cass_wrapper_user_project/CLASSIFIER_plus_cross_TOP/src/SC_STATEMACHINE_WEIGHT_LOADER.v:86$98'.
     1/10: $2\o_wload00[0:0]
     2/10: $2\o_wload04[0:0]
     3/10: $2\o_wload03[0:0]
     4/10: $2\o_wload02[0:0]
     5/10: $2\o_wload01[0:0]
     6/10: $1\o_wload04[0:0]
     7/10: $1\o_wload03[0:0]
     8/10: $1\o_wload02[0:0]
     9/10: $1\o_wload01[0:0]
    10/10: $1\o_wload00[0:0]
Creating decoders for process `$paramod\SC_STATEMACHINE_WEIGHT_LOADER\ROW_BITS=s32'00000000000000000000000000001111.$proc$/home/designer/projects/CNN4IC/unic_cass_wrapper_user_project/CLASSIFIER_plus_cross_TOP/src/SC_STATEMACHINE_WEIGHT_LOADER.v:75$94'.
     1/1: $0\weight_latch[2:0]
Creating decoders for process `$paramod\SC_STATEMACHINE_WEIGHT_LOADER\ROW_BITS=s32'00000000000000000000000000001111.$proc$/home/designer/projects/CNN4IC/unic_cass_wrapper_user_project/CLASSIFIER_plus_cross_TOP/src/SC_STATEMACHINE_WEIGHT_LOADER.v:63$93'.
     1/1: $0\STATE_Register[0:0]
Creating decoders for process `$paramod\SC_STATEMACHINE_WEIGHT_LOADER\ROW_BITS=s32'00000000000000000000000000001111.$proc$/home/designer/projects/CNN4IC/unic_cass_wrapper_user_project/CLASSIFIER_plus_cross_TOP/src/SC_STATEMACHINE_WEIGHT_LOADER.v:48$89'.
     1/2: $2\STATE_Signal[0:0]
     2/2: $1\STATE_Signal[0:0]
Creating decoders for process `\cnn_top.$proc$/home/designer/projects/CNN4IC/unic_cass_wrapper_user_project/CLASSIFIER_plus_cross_TOP/src/cnn_top.v:75$85'.
     1/6: $0\done[0:0]
     2/6: $0\cnn_rst[0:0]
     3/6: $0\cnn_start[0:0]
     4/6: $0\frag_sel[3:0]
     5/6: $0\acc[15:0]
     6/6: $0\state[2:0]
Creating decoders for process `$paramod$86f1445bf7eb9dcf6388f28001a39bf4edaa90f5\spi_cnn_slave_8.$proc$/home/designer/projects/CNN4IC/unic_cass_wrapper_user_project/CLASSIFIER_plus_cross_TOP/src/spi_cnn_slave_8.v:178$36'.
     1/43: $4$mem2reg_wr$\weight_mem$/home/designer/projects/CNN4IC/unic_cass_wrapper_user_project/CLASSIFIER_plus_cross_TOP/src/spi_cnn_slave_8.v:231$19_ADDR[2:0]$76
     2/43: $4$mem2reg_wr$\weight_mem$/home/designer/projects/CNN4IC/unic_cass_wrapper_user_project/CLASSIFIER_plus_cross_TOP/src/spi_cnn_slave_8.v:231$19_DATA[14:0]$77
     3/43: $4$mem2reg_wr$\image_mem$/home/designer/projects/CNN4IC/unic_cass_wrapper_user_project/CLASSIFIER_plus_cross_TOP/src/spi_cnn_slave_8.v:221$18_ADDR[3:0]$72
     4/43: $4$mem2reg_wr$\image_mem$/home/designer/projects/CNN4IC/unic_cass_wrapper_user_project/CLASSIFIER_plus_cross_TOP/src/spi_cnn_slave_8.v:221$18_DATA[29:0]$73
     5/43: $3$mem2reg_wr$\weight_mem$/home/designer/projects/CNN4IC/unic_cass_wrapper_user_project/CLASSIFIER_plus_cross_TOP/src/spi_cnn_slave_8.v:231$19_DATA[14:0]$70
     6/43: $3$mem2reg_wr$\weight_mem$/home/designer/projects/CNN4IC/unic_cass_wrapper_user_project/CLASSIFIER_plus_cross_TOP/src/spi_cnn_slave_8.v:231$19_ADDR[2:0]$69
     7/43: $3$mem2reg_wr$\image_mem$/home/designer/projects/CNN4IC/unic_cass_wrapper_user_project/CLASSIFIER_plus_cross_TOP/src/spi_cnn_slave_8.v:221$18_DATA[29:0]$68
     8/43: $3$mem2reg_wr$\image_mem$/home/designer/projects/CNN4IC/unic_cass_wrapper_user_project/CLASSIFIER_plus_cross_TOP/src/spi_cnn_slave_8.v:221$18_ADDR[3:0]$67
     9/43: $0\data_count[6:0]
    10/43: $2$lookahead\cmd$35[2:0]$56
    11/43: $2$bitselwrite$pos$/home/designer/projects/CNN4IC/unic_cass_wrapper_user_project/CLASSIFIER_plus_cross_TOP/src/spi_cnn_slave_8.v:195$17[31:0]$51
    12/43: $2$mem2reg_wr$\weight_mem$/home/designer/projects/CNN4IC/unic_cass_wrapper_user_project/CLASSIFIER_plus_cross_TOP/src/spi_cnn_slave_8.v:231$19_DATA[14:0]$55
    13/43: $2$mem2reg_wr$\weight_mem$/home/designer/projects/CNN4IC/unic_cass_wrapper_user_project/CLASSIFIER_plus_cross_TOP/src/spi_cnn_slave_8.v:231$19_ADDR[2:0]$54
    14/43: $2$mem2reg_wr$\image_mem$/home/designer/projects/CNN4IC/unic_cass_wrapper_user_project/CLASSIFIER_plus_cross_TOP/src/spi_cnn_slave_8.v:221$18_DATA[29:0]$53
    15/43: $2$mem2reg_wr$\image_mem$/home/designer/projects/CNN4IC/unic_cass_wrapper_user_project/CLASSIFIER_plus_cross_TOP/src/spi_cnn_slave_8.v:221$18_ADDR[3:0]$52
    16/43: $1$lookahead\cmd$35[2:0]$48
    17/43: $1$mem2reg_wr$\weight_mem$/home/designer/projects/CNN4IC/unic_cass_wrapper_user_project/CLASSIFIER_plus_cross_TOP/src/spi_cnn_slave_8.v:231$19_DATA[14:0]$47
    18/43: $1$mem2reg_wr$\weight_mem$/home/designer/projects/CNN4IC/unic_cass_wrapper_user_project/CLASSIFIER_plus_cross_TOP/src/spi_cnn_slave_8.v:231$19_ADDR[2:0]$46
    19/43: $1$mem2reg_wr$\image_mem$/home/designer/projects/CNN4IC/unic_cass_wrapper_user_project/CLASSIFIER_plus_cross_TOP/src/spi_cnn_slave_8.v:221$18_DATA[29:0]$45
    20/43: $1$mem2reg_wr$\image_mem$/home/designer/projects/CNN4IC/unic_cass_wrapper_user_project/CLASSIFIER_plus_cross_TOP/src/spi_cnn_slave_8.v:221$18_ADDR[3:0]$44
    21/43: $1$bitselwrite$pos$/home/designer/projects/CNN4IC/unic_cass_wrapper_user_project/CLASSIFIER_plus_cross_TOP/src/spi_cnn_slave_8.v:195$17[31:0]$43
    22/43: $0\bit_count[8:0]
    23/43: $0\weight_mem[4][14:0]
    24/43: $0\weight_mem[3][14:0]
    25/43: $0\weight_mem[2][14:0]
    26/43: $0\weight_mem[1][14:0]
    27/43: $0\weight_mem[0][14:0]
    28/43: $0\image_mem[9][29:0]
    29/43: $0\image_mem[8][29:0]
    30/43: $0\image_mem[7][29:0]
    31/43: $0\image_mem[6][29:0]
    32/43: $0\image_mem[5][29:0]
    33/43: $0\image_mem[4][29:0]
    34/43: $0\image_mem[3][29:0]
    35/43: $0\image_mem[2][29:0]
    36/43: $0\image_mem[1][29:0]
    37/43: $0\image_mem[0][29:0]
    38/43: $0\miso_active[0:0]
    39/43: $0\miso_count[4:0]
    40/43: $0\weight_shift[14:0]
    41/43: $0\image_shift[29:0]
    42/43: $0\weight_count[2:0]
    43/43: $0\row[3:0]
Creating decoders for process `$paramod$86f1445bf7eb9dcf6388f28001a39bf4edaa90f5\spi_cnn_slave_8.$proc$/home/designer/projects/CNN4IC/unic_cass_wrapper_user_project/CLASSIFIER_plus_cross_TOP/src/spi_cnn_slave_8.v:163$34'.
     1/2: $0\o_mp_data[10:0]
     2/2: $0\o_mp_load[0:0]
Creating decoders for process `$paramod$86f1445bf7eb9dcf6388f28001a39bf4edaa90f5\spi_cnn_slave_8.$proc$/home/designer/projects/CNN4IC/unic_cass_wrapper_user_project/CLASSIFIER_plus_cross_TOP/src/spi_cnn_slave_8.v:147$30'.
     1/1: $0\o_start_cnn[0:0]
Creating decoders for process `$paramod$4d5b70701c3a06d0547d4fc6c7074752cfb562f3\Register_Imag.$proc$/home/designer/projects/CNN4IC/unic_cass_wrapper_user_project/CLASSIFIER_plus_cross_TOP/src/Register_Imag.v:16$14'.
     1/1: $0\Datos[29:0]
Creating decoders for process `$paramod$bd1c2789ccb130c79648e20f8a400f4afa158968\Register_Weight.$proc$/home/designer/projects/CNN4IC/unic_cass_wrapper_user_project/CLASSIFIER_plus_cross_TOP/src/Register_Weight.v:16$11'.
     1/1: $0\Datos[14:0]
Creating decoders for process `$paramod\Master_register\DATAWIDTH_BUS=s32'00000000000000000000000000010000.$proc$/home/designer/projects/CNN4IC/unic_cass_wrapper_user_project/CLASSIFIER_plus_cross_TOP/src/Master_register.v:14$8'.
     1/1: $0\Datos[15:0]
Creating decoders for process `\SC_STATEMACHINE_CNN_CTRL.$proc$/home/designer/projects/CNN4IC/unic_cass_wrapper_user_project/CLASSIFIER_plus_cross_TOP/src/SC_STATEMACHINE_CNN_CTRL.v:104$7'.
     1/9: $0\o_done[0:0]
     2/9: $0\o_mr2_load[0:0]
     3/9: $0\o_mr1_load[0:0]
     4/9: $0\cnn_start[0:0]
     5/9: $0\cnn_rst[0:0]
     6/9: $0\kernel_reg[74:0]
     7/9: $0\state[3:0]
     8/9: $0\o_acc1[15:0]
     9/9: $0\o_acc0[15:0]
Creating decoders for process `\window_mux_6x6_5x5.$proc$/home/designer/projects/CNN4IC/unic_cass_wrapper_user_project/CLASSIFIER_plus_cross_TOP/src/window_mux_6x6_5x5.v:12$416'.
     1/1: $1\base_idx[31:0]

33. Executing PROC_DLATCH pass (convert process syncs to latches).
No latch inferred for signal `\fragment_mux_10x10_6x6.\c' from process `\fragment_mux_10x10_6x6.$proc$/home/designer/projects/CNN4IC/unic_cass_wrapper_user_project/CLASSIFIER_plus_cross_TOP/src/fragment_mux_10x10_6x6.v:9$112'.
No latch inferred for signal `\fragment_mux_10x10_6x6.\fragment_flat' from process `\fragment_mux_10x10_6x6.$proc$/home/designer/projects/CNN4IC/unic_cass_wrapper_user_project/CLASSIFIER_plus_cross_TOP/src/fragment_mux_10x10_6x6.v:9$112'.
No latch inferred for signal `\fragment_mux_10x10_6x6.\r' from process `\fragment_mux_10x10_6x6.$proc$/home/designer/projects/CNN4IC/unic_cass_wrapper_user_project/CLASSIFIER_plus_cross_TOP/src/fragment_mux_10x10_6x6.v:9$112'.
No latch inferred for signal `\fragment_mux_10x10_6x6.\base_row' from process `\fragment_mux_10x10_6x6.$proc$/home/designer/projects/CNN4IC/unic_cass_wrapper_user_project/CLASSIFIER_plus_cross_TOP/src/fragment_mux_10x10_6x6.v:9$112'.
No latch inferred for signal `\fragment_mux_10x10_6x6.\base_col' from process `\fragment_mux_10x10_6x6.$proc$/home/designer/projects/CNN4IC/unic_cass_wrapper_user_project/CLASSIFIER_plus_cross_TOP/src/fragment_mux_10x10_6x6.v:9$112'.
No latch inferred for signal `\fragment_mux_10x10_6x6.\flat_idx' from process `\fragment_mux_10x10_6x6.$proc$/home/designer/projects/CNN4IC/unic_cass_wrapper_user_project/CLASSIFIER_plus_cross_TOP/src/fragment_mux_10x10_6x6.v:9$112'.
No latch inferred for signal `$paramod\SC_STATEMACHINE_IMAGE_LOADER\ROW_BITS=s32'00000000000000000000000000011110.\o_load00' from process `$paramod\SC_STATEMACHINE_IMAGE_LOADER\ROW_BITS=s32'00000000000000000000000000011110.$proc$/home/designer/projects/CNN4IC/unic_cass_wrapper_user_project/CLASSIFIER_plus_cross_TOP/src/SC_STATEMACHINE_IMAGE_LOADER.v:98$109'.
No latch inferred for signal `$paramod\SC_STATEMACHINE_IMAGE_LOADER\ROW_BITS=s32'00000000000000000000000000011110.\o_load01' from process `$paramod\SC_STATEMACHINE_IMAGE_LOADER\ROW_BITS=s32'00000000000000000000000000011110.$proc$/home/designer/projects/CNN4IC/unic_cass_wrapper_user_project/CLASSIFIER_plus_cross_TOP/src/SC_STATEMACHINE_IMAGE_LOADER.v:98$109'.
No latch inferred for signal `$paramod\SC_STATEMACHINE_IMAGE_LOADER\ROW_BITS=s32'00000000000000000000000000011110.\o_load02' from process `$paramod\SC_STATEMACHINE_IMAGE_LOADER\ROW_BITS=s32'00000000000000000000000000011110.$proc$/home/designer/projects/CNN4IC/unic_cass_wrapper_user_project/CLASSIFIER_plus_cross_TOP/src/SC_STATEMACHINE_IMAGE_LOADER.v:98$109'.
No latch inferred for signal `$paramod\SC_STATEMACHINE_IMAGE_LOADER\ROW_BITS=s32'00000000000000000000000000011110.\o_load03' from process `$paramod\SC_STATEMACHINE_IMAGE_LOADER\ROW_BITS=s32'00000000000000000000000000011110.$proc$/home/designer/projects/CNN4IC/unic_cass_wrapper_user_project/CLASSIFIER_plus_cross_TOP/src/SC_STATEMACHINE_IMAGE_LOADER.v:98$109'.
No latch inferred for signal `$paramod\SC_STATEMACHINE_IMAGE_LOADER\ROW_BITS=s32'00000000000000000000000000011110.\o_load04' from process `$paramod\SC_STATEMACHINE_IMAGE_LOADER\ROW_BITS=s32'00000000000000000000000000011110.$proc$/home/designer/projects/CNN4IC/unic_cass_wrapper_user_project/CLASSIFIER_plus_cross_TOP/src/SC_STATEMACHINE_IMAGE_LOADER.v:98$109'.
No latch inferred for signal `$paramod\SC_STATEMACHINE_IMAGE_LOADER\ROW_BITS=s32'00000000000000000000000000011110.\o_load05' from process `$paramod\SC_STATEMACHINE_IMAGE_LOADER\ROW_BITS=s32'00000000000000000000000000011110.$proc$/home/designer/projects/CNN4IC/unic_cass_wrapper_user_project/CLASSIFIER_plus_cross_TOP/src/SC_STATEMACHINE_IMAGE_LOADER.v:98$109'.
No latch inferred for signal `$paramod\SC_STATEMACHINE_IMAGE_LOADER\ROW_BITS=s32'00000000000000000000000000011110.\o_load06' from process `$paramod\SC_STATEMACHINE_IMAGE_LOADER\ROW_BITS=s32'00000000000000000000000000011110.$proc$/home/designer/projects/CNN4IC/unic_cass_wrapper_user_project/CLASSIFIER_plus_cross_TOP/src/SC_STATEMACHINE_IMAGE_LOADER.v:98$109'.
No latch inferred for signal `$paramod\SC_STATEMACHINE_IMAGE_LOADER\ROW_BITS=s32'00000000000000000000000000011110.\o_load07' from process `$paramod\SC_STATEMACHINE_IMAGE_LOADER\ROW_BITS=s32'00000000000000000000000000011110.$proc$/home/designer/projects/CNN4IC/unic_cass_wrapper_user_project/CLASSIFIER_plus_cross_TOP/src/SC_STATEMACHINE_IMAGE_LOADER.v:98$109'.
No latch inferred for signal `$paramod\SC_STATEMACHINE_IMAGE_LOADER\ROW_BITS=s32'00000000000000000000000000011110.\o_load08' from process `$paramod\SC_STATEMACHINE_IMAGE_LOADER\ROW_BITS=s32'00000000000000000000000000011110.$proc$/home/designer/projects/CNN4IC/unic_cass_wrapper_user_project/CLASSIFIER_plus_cross_TOP/src/SC_STATEMACHINE_IMAGE_LOADER.v:98$109'.
No latch inferred for signal `$paramod\SC_STATEMACHINE_IMAGE_LOADER\ROW_BITS=s32'00000000000000000000000000011110.\o_load09' from process `$paramod\SC_STATEMACHINE_IMAGE_LOADER\ROW_BITS=s32'00000000000000000000000000011110.$proc$/home/designer/projects/CNN4IC/unic_cass_wrapper_user_project/CLASSIFIER_plus_cross_TOP/src/SC_STATEMACHINE_IMAGE_LOADER.v:98$109'.
No latch inferred for signal `$paramod\SC_STATEMACHINE_IMAGE_LOADER\ROW_BITS=s32'00000000000000000000000000011110.\STATE_Signal' from process `$paramod\SC_STATEMACHINE_IMAGE_LOADER\ROW_BITS=s32'00000000000000000000000000011110.$proc$/home/designer/projects/CNN4IC/unic_cass_wrapper_user_project/CLASSIFIER_plus_cross_TOP/src/SC_STATEMACHINE_IMAGE_LOADER.v:58$100'.
No latch inferred for signal `$paramod\SC_STATEMACHINE_WEIGHT_LOADER\ROW_BITS=s32'00000000000000000000000000001111.\o_wload00' from process `$paramod\SC_STATEMACHINE_WEIGHT_LOADER\ROW_BITS=s32'00000000000000000000000000001111.$proc$/home/designer/projects/CNN4IC/unic_cass_wrapper_user_project/CLASSIFIER_plus_cross_TOP/src/SC_STATEMACHINE_WEIGHT_LOADER.v:86$98'.
No latch inferred for signal `$paramod\SC_STATEMACHINE_WEIGHT_LOADER\ROW_BITS=s32'00000000000000000000000000001111.\o_wload01' from process `$paramod\SC_STATEMACHINE_WEIGHT_LOADER\ROW_BITS=s32'00000000000000000000000000001111.$proc$/home/designer/projects/CNN4IC/unic_cass_wrapper_user_project/CLASSIFIER_plus_cross_TOP/src/SC_STATEMACHINE_WEIGHT_LOADER.v:86$98'.
No latch inferred for signal `$paramod\SC_STATEMACHINE_WEIGHT_LOADER\ROW_BITS=s32'00000000000000000000000000001111.\o_wload02' from process `$paramod\SC_STATEMACHINE_WEIGHT_LOADER\ROW_BITS=s32'00000000000000000000000000001111.$proc$/home/designer/projects/CNN4IC/unic_cass_wrapper_user_project/CLASSIFIER_plus_cross_TOP/src/SC_STATEMACHINE_WEIGHT_LOADER.v:86$98'.
No latch inferred for signal `$paramod\SC_STATEMACHINE_WEIGHT_LOADER\ROW_BITS=s32'00000000000000000000000000001111.\o_wload03' from process `$paramod\SC_STATEMACHINE_WEIGHT_LOADER\ROW_BITS=s32'00000000000000000000000000001111.$proc$/home/designer/projects/CNN4IC/unic_cass_wrapper_user_project/CLASSIFIER_plus_cross_TOP/src/SC_STATEMACHINE_WEIGHT_LOADER.v:86$98'.
No latch inferred for signal `$paramod\SC_STATEMACHINE_WEIGHT_LOADER\ROW_BITS=s32'00000000000000000000000000001111.\o_wload04' from process `$paramod\SC_STATEMACHINE_WEIGHT_LOADER\ROW_BITS=s32'00000000000000000000000000001111.$proc$/home/designer/projects/CNN4IC/unic_cass_wrapper_user_project/CLASSIFIER_plus_cross_TOP/src/SC_STATEMACHINE_WEIGHT_LOADER.v:86$98'.
No latch inferred for signal `$paramod\SC_STATEMACHINE_WEIGHT_LOADER\ROW_BITS=s32'00000000000000000000000000001111.\STATE_Signal' from process `$paramod\SC_STATEMACHINE_WEIGHT_LOADER\ROW_BITS=s32'00000000000000000000000000001111.$proc$/home/designer/projects/CNN4IC/unic_cass_wrapper_user_project/CLASSIFIER_plus_cross_TOP/src/SC_STATEMACHINE_WEIGHT_LOADER.v:48$89'.
No latch inferred for signal `\window_mux_6x6_5x5.\c' from process `\window_mux_6x6_5x5.$proc$/home/designer/projects/CNN4IC/unic_cass_wrapper_user_project/CLASSIFIER_plus_cross_TOP/src/window_mux_6x6_5x5.v:12$416'.
No latch inferred for signal `\window_mux_6x6_5x5.\window_flat' from process `\window_mux_6x6_5x5.$proc$/home/designer/projects/CNN4IC/unic_cass_wrapper_user_project/CLASSIFIER_plus_cross_TOP/src/window_mux_6x6_5x5.v:12$416'.
No latch inferred for signal `\window_mux_6x6_5x5.\r' from process `\window_mux_6x6_5x5.$proc$/home/designer/projects/CNN4IC/unic_cass_wrapper_user_project/CLASSIFIER_plus_cross_TOP/src/window_mux_6x6_5x5.v:12$416'.
No latch inferred for signal `\window_mux_6x6_5x5.\base_idx' from process `\window_mux_6x6_5x5.$proc$/home/designer/projects/CNN4IC/unic_cass_wrapper_user_project/CLASSIFIER_plus_cross_TOP/src/window_mux_6x6_5x5.v:12$416'.

34. Executing PROC_DFF pass (convert process syncs to FFs).
Creating register for signal `\progressive_maxpool.\max_out' using process `\progressive_maxpool.$proc$/home/designer/projects/CNN4IC/unic_cass_wrapper_user_project/CLASSIFIER_plus_cross_TOP/src/progressive_maxpool.v:9$365'.
  created $adff cell `$procdff$1358' with positive edge clock and positive level reset.
Creating register for signal `\mux_cnn.\state' using process `\mux_cnn.$proc$/home/designer/projects/CNN4IC/unic_cass_wrapper_user_project/CLASSIFIER_plus_cross_TOP/src/mux_cnn.v:83$111'.
  created $adff cell `$procdff$1361' with positive edge clock and positive level reset.
Creating register for signal `\mux_cnn.\done' using process `\mux_cnn.$proc$/home/designer/projects/CNN4IC/unic_cass_wrapper_user_project/CLASSIFIER_plus_cross_TOP/src/mux_cnn.v:83$111'.
  created $adff cell `$procdff$1364' with positive edge clock and positive level reset.
Creating register for signal `\mux_cnn.\window_sel' using process `\mux_cnn.$proc$/home/designer/projects/CNN4IC/unic_cass_wrapper_user_project/CLASSIFIER_plus_cross_TOP/src/mux_cnn.v:83$111'.
  created $adff cell `$procdff$1367' with positive edge clock and positive level reset.
Creating register for signal `\mux_cnn.\en_maxpool' using process `\mux_cnn.$proc$/home/designer/projects/CNN4IC/unic_cass_wrapper_user_project/CLASSIFIER_plus_cross_TOP/src/mux_cnn.v:83$111'.
  created $adff cell `$procdff$1370' with positive edge clock and positive level reset.
Creating register for signal `\mux_cnn.\first_en' using process `\mux_cnn.$proc$/home/designer/projects/CNN4IC/unic_cass_wrapper_user_project/CLASSIFIER_plus_cross_TOP/src/mux_cnn.v:83$111'.
  created $adff cell `$procdff$1373' with positive edge clock and positive level reset.
Creating register for signal `$paramod\SC_STATEMACHINE_IMAGE_LOADER\ROW_BITS=s32'00000000000000000000000000011110.\row_latch' using process `$paramod\SC_STATEMACHINE_IMAGE_LOADER\ROW_BITS=s32'00000000000000000000000000011110.$proc$/home/designer/projects/CNN4IC/unic_cass_wrapper_user_project/CLASSIFIER_plus_cross_TOP/src/SC_STATEMACHINE_IMAGE_LOADER.v:86$105'.
  created $adff cell `$procdff$1376' with positive edge clock and positive level reset.
Creating register for signal `$paramod\SC_STATEMACHINE_IMAGE_LOADER\ROW_BITS=s32'00000000000000000000000000011110.\STATE_Register' using process `$paramod\SC_STATEMACHINE_IMAGE_LOADER\ROW_BITS=s32'00000000000000000000000000011110.$proc$/home/designer/projects/CNN4IC/unic_cass_wrapper_user_project/CLASSIFIER_plus_cross_TOP/src/SC_STATEMACHINE_IMAGE_LOADER.v:73$104'.
  created $adff cell `$procdff$1379' with positive edge clock and positive level reset.
Creating register for signal `$paramod\SC_STATEMACHINE_WEIGHT_LOADER\ROW_BITS=s32'00000000000000000000000000001111.\weight_latch' using process `$paramod\SC_STATEMACHINE_WEIGHT_LOADER\ROW_BITS=s32'00000000000000000000000000001111.$proc$/home/designer/projects/CNN4IC/unic_cass_wrapper_user_project/CLASSIFIER_plus_cross_TOP/src/SC_STATEMACHINE_WEIGHT_LOADER.v:75$94'.
  created $adff cell `$procdff$1382' with positive edge clock and positive level reset.
Creating register for signal `$paramod\SC_STATEMACHINE_WEIGHT_LOADER\ROW_BITS=s32'00000000000000000000000000001111.\STATE_Register' using process `$paramod\SC_STATEMACHINE_WEIGHT_LOADER\ROW_BITS=s32'00000000000000000000000000001111.$proc$/home/designer/projects/CNN4IC/unic_cass_wrapper_user_project/CLASSIFIER_plus_cross_TOP/src/SC_STATEMACHINE_WEIGHT_LOADER.v:63$93'.
  created $adff cell `$procdff$1385' with positive edge clock and positive level reset.
Creating register for signal `\cnn_top.\state' using process `\cnn_top.$proc$/home/designer/projects/CNN4IC/unic_cass_wrapper_user_project/CLASSIFIER_plus_cross_TOP/src/cnn_top.v:75$85'.
  created $adff cell `$procdff$1388' with positive edge clock and positive level reset.
Creating register for signal `\cnn_top.\cnn_rst' using process `\cnn_top.$proc$/home/designer/projects/CNN4IC/unic_cass_wrapper_user_project/CLASSIFIER_plus_cross_TOP/src/cnn_top.v:75$85'.
  created $adff cell `$procdff$1391' with positive edge clock and positive level reset.
Creating register for signal `\cnn_top.\cnn_start' using process `\cnn_top.$proc$/home/designer/projects/CNN4IC/unic_cass_wrapper_user_project/CLASSIFIER_plus_cross_TOP/src/cnn_top.v:75$85'.
  created $adff cell `$procdff$1394' with positive edge clock and positive level reset.
Creating register for signal `\cnn_top.\done' using process `\cnn_top.$proc$/home/designer/projects/CNN4IC/unic_cass_wrapper_user_project/CLASSIFIER_plus_cross_TOP/src/cnn_top.v:75$85'.
  created $adff cell `$procdff$1397' with positive edge clock and positive level reset.
Creating register for signal `\cnn_top.\acc' using process `\cnn_top.$proc$/home/designer/projects/CNN4IC/unic_cass_wrapper_user_project/CLASSIFIER_plus_cross_TOP/src/cnn_top.v:75$85'.
  created $adff cell `$procdff$1400' with positive edge clock and positive level reset.
Creating register for signal `\cnn_top.\frag_sel' using process `\cnn_top.$proc$/home/designer/projects/CNN4IC/unic_cass_wrapper_user_project/CLASSIFIER_plus_cross_TOP/src/cnn_top.v:75$85'.
  created $adff cell `$procdff$1403' with positive edge clock and positive level reset.
Creating register for signal `$paramod$86f1445bf7eb9dcf6388f28001a39bf4edaa90f5\spi_cnn_slave_8.\cmd' using process `$paramod$86f1445bf7eb9dcf6388f28001a39bf4edaa90f5\spi_cnn_slave_8.$proc$/home/designer/projects/CNN4IC/unic_cass_wrapper_user_project/CLASSIFIER_plus_cross_TOP/src/spi_cnn_slave_8.v:178$36'.
  created $adff cell `$procdff$1406' with positive edge clock and positive level reset.
Creating register for signal `$paramod$86f1445bf7eb9dcf6388f28001a39bf4edaa90f5\spi_cnn_slave_8.\bit_count' using process `$paramod$86f1445bf7eb9dcf6388f28001a39bf4edaa90f5\spi_cnn_slave_8.$proc$/home/designer/projects/CNN4IC/unic_cass_wrapper_user_project/CLASSIFIER_plus_cross_TOP/src/spi_cnn_slave_8.v:178$36'.
  created $adff cell `$procdff$1409' with positive edge clock and positive level reset.
Creating register for signal `$paramod$86f1445bf7eb9dcf6388f28001a39bf4edaa90f5\spi_cnn_slave_8.\data_count' using process `$paramod$86f1445bf7eb9dcf6388f28001a39bf4edaa90f5\spi_cnn_slave_8.$proc$/home/designer/projects/CNN4IC/unic_cass_wrapper_user_project/CLASSIFIER_plus_cross_TOP/src/spi_cnn_slave_8.v:178$36'.
  created $adff cell `$procdff$1412' with positive edge clock and positive level reset.
Creating register for signal `$paramod$86f1445bf7eb9dcf6388f28001a39bf4edaa90f5\spi_cnn_slave_8.\row' using process `$paramod$86f1445bf7eb9dcf6388f28001a39bf4edaa90f5\spi_cnn_slave_8.$proc$/home/designer/projects/CNN4IC/unic_cass_wrapper_user_project/CLASSIFIER_plus_cross_TOP/src/spi_cnn_slave_8.v:178$36'.
  created $adff cell `$procdff$1415' with positive edge clock and positive level reset.
Creating register for signal `$paramod$86f1445bf7eb9dcf6388f28001a39bf4edaa90f5\spi_cnn_slave_8.\weight_count' using process `$paramod$86f1445bf7eb9dcf6388f28001a39bf4edaa90f5\spi_cnn_slave_8.$proc$/home/designer/projects/CNN4IC/unic_cass_wrapper_user_project/CLASSIFIER_plus_cross_TOP/src/spi_cnn_slave_8.v:178$36'.
  created $adff cell `$procdff$1418' with positive edge clock and positive level reset.
Creating register for signal `$paramod$86f1445bf7eb9dcf6388f28001a39bf4edaa90f5\spi_cnn_slave_8.\image_shift' using process `$paramod$86f1445bf7eb9dcf6388f28001a39bf4edaa90f5\spi_cnn_slave_8.$proc$/home/designer/projects/CNN4IC/unic_cass_wrapper_user_project/CLASSIFIER_plus_cross_TOP/src/spi_cnn_slave_8.v:178$36'.
  created $adff cell `$procdff$1421' with positive edge clock and positive level reset.
Creating register for signal `$paramod$86f1445bf7eb9dcf6388f28001a39bf4edaa90f5\spi_cnn_slave_8.\weight_shift' using process `$paramod$86f1445bf7eb9dcf6388f28001a39bf4edaa90f5\spi_cnn_slave_8.$proc$/home/designer/projects/CNN4IC/unic_cass_wrapper_user_project/CLASSIFIER_plus_cross_TOP/src/spi_cnn_slave_8.v:178$36'.
  created $adff cell `$procdff$1424' with positive edge clock and positive level reset.
Creating register for signal `$paramod$86f1445bf7eb9dcf6388f28001a39bf4edaa90f5\spi_cnn_slave_8.\miso_count' using process `$paramod$86f1445bf7eb9dcf6388f28001a39bf4edaa90f5\spi_cnn_slave_8.$proc$/home/designer/projects/CNN4IC/unic_cass_wrapper_user_project/CLASSIFIER_plus_cross_TOP/src/spi_cnn_slave_8.v:178$36'.
  created $adff cell `$procdff$1427' with positive edge clock and positive level reset.
Creating register for signal `$paramod$86f1445bf7eb9dcf6388f28001a39bf4edaa90f5\spi_cnn_slave_8.\miso_active' using process `$paramod$86f1445bf7eb9dcf6388f28001a39bf4edaa90f5\spi_cnn_slave_8.$proc$/home/designer/projects/CNN4IC/unic_cass_wrapper_user_project/CLASSIFIER_plus_cross_TOP/src/spi_cnn_slave_8.v:178$36'.
  created $adff cell `$procdff$1430' with positive edge clock and positive level reset.
Creating register for signal `$paramod$86f1445bf7eb9dcf6388f28001a39bf4edaa90f5\spi_cnn_slave_8.$bitselwrite$pos$/home/designer/projects/CNN4IC/unic_cass_wrapper_user_project/CLASSIFIER_plus_cross_TOP/src/spi_cnn_slave_8.v:195$17' using process `$paramod$86f1445bf7eb9dcf6388f28001a39bf4edaa90f5\spi_cnn_slave_8.$proc$/home/designer/projects/CNN4IC/unic_cass_wrapper_user_project/CLASSIFIER_plus_cross_TOP/src/spi_cnn_slave_8.v:178$36'.
  created $adff cell `$procdff$1433' with positive edge clock and positive level reset.
Creating register for signal `$paramod$86f1445bf7eb9dcf6388f28001a39bf4edaa90f5\spi_cnn_slave_8.\image_mem[0]' using process `$paramod$86f1445bf7eb9dcf6388f28001a39bf4edaa90f5\spi_cnn_slave_8.$proc$/home/designer/projects/CNN4IC/unic_cass_wrapper_user_project/CLASSIFIER_plus_cross_TOP/src/spi_cnn_slave_8.v:178$36'.
  created $dff cell `$procdff$1438' with positive edge clock.
Creating register for signal `$paramod$86f1445bf7eb9dcf6388f28001a39bf4edaa90f5\spi_cnn_slave_8.\image_mem[1]' using process `$paramod$86f1445bf7eb9dcf6388f28001a39bf4edaa90f5\spi_cnn_slave_8.$proc$/home/designer/projects/CNN4IC/unic_cass_wrapper_user_project/CLASSIFIER_plus_cross_TOP/src/spi_cnn_slave_8.v:178$36'.
  created $dff cell `$procdff$1443' with positive edge clock.
Creating register for signal `$paramod$86f1445bf7eb9dcf6388f28001a39bf4edaa90f5\spi_cnn_slave_8.\image_mem[2]' using process `$paramod$86f1445bf7eb9dcf6388f28001a39bf4edaa90f5\spi_cnn_slave_8.$proc$/home/designer/projects/CNN4IC/unic_cass_wrapper_user_project/CLASSIFIER_plus_cross_TOP/src/spi_cnn_slave_8.v:178$36'.
  created $dff cell `$procdff$1448' with positive edge clock.
Creating register for signal `$paramod$86f1445bf7eb9dcf6388f28001a39bf4edaa90f5\spi_cnn_slave_8.\image_mem[3]' using process `$paramod$86f1445bf7eb9dcf6388f28001a39bf4edaa90f5\spi_cnn_slave_8.$proc$/home/designer/projects/CNN4IC/unic_cass_wrapper_user_project/CLASSIFIER_plus_cross_TOP/src/spi_cnn_slave_8.v:178$36'.
  created $dff cell `$procdff$1453' with positive edge clock.
Creating register for signal `$paramod$86f1445bf7eb9dcf6388f28001a39bf4edaa90f5\spi_cnn_slave_8.\image_mem[4]' using process `$paramod$86f1445bf7eb9dcf6388f28001a39bf4edaa90f5\spi_cnn_slave_8.$proc$/home/designer/projects/CNN4IC/unic_cass_wrapper_user_project/CLASSIFIER_plus_cross_TOP/src/spi_cnn_slave_8.v:178$36'.
  created $dff cell `$procdff$1458' with positive edge clock.
Creating register for signal `$paramod$86f1445bf7eb9dcf6388f28001a39bf4edaa90f5\spi_cnn_slave_8.\image_mem[5]' using process `$paramod$86f1445bf7eb9dcf6388f28001a39bf4edaa90f5\spi_cnn_slave_8.$proc$/home/designer/projects/CNN4IC/unic_cass_wrapper_user_project/CLASSIFIER_plus_cross_TOP/src/spi_cnn_slave_8.v:178$36'.
  created $dff cell `$procdff$1463' with positive edge clock.
Creating register for signal `$paramod$86f1445bf7eb9dcf6388f28001a39bf4edaa90f5\spi_cnn_slave_8.\image_mem[6]' using process `$paramod$86f1445bf7eb9dcf6388f28001a39bf4edaa90f5\spi_cnn_slave_8.$proc$/home/designer/projects/CNN4IC/unic_cass_wrapper_user_project/CLASSIFIER_plus_cross_TOP/src/spi_cnn_slave_8.v:178$36'.
  created $dff cell `$procdff$1468' with positive edge clock.
Creating register for signal `$paramod$86f1445bf7eb9dcf6388f28001a39bf4edaa90f5\spi_cnn_slave_8.\image_mem[7]' using process `$paramod$86f1445bf7eb9dcf6388f28001a39bf4edaa90f5\spi_cnn_slave_8.$proc$/home/designer/projects/CNN4IC/unic_cass_wrapper_user_project/CLASSIFIER_plus_cross_TOP/src/spi_cnn_slave_8.v:178$36'.
  created $dff cell `$procdff$1473' with positive edge clock.
Creating register for signal `$paramod$86f1445bf7eb9dcf6388f28001a39bf4edaa90f5\spi_cnn_slave_8.\image_mem[8]' using process `$paramod$86f1445bf7eb9dcf6388f28001a39bf4edaa90f5\spi_cnn_slave_8.$proc$/home/designer/projects/CNN4IC/unic_cass_wrapper_user_project/CLASSIFIER_plus_cross_TOP/src/spi_cnn_slave_8.v:178$36'.
  created $dff cell `$procdff$1478' with positive edge clock.
Creating register for signal `$paramod$86f1445bf7eb9dcf6388f28001a39bf4edaa90f5\spi_cnn_slave_8.\image_mem[9]' using process `$paramod$86f1445bf7eb9dcf6388f28001a39bf4edaa90f5\spi_cnn_slave_8.$proc$/home/designer/projects/CNN4IC/unic_cass_wrapper_user_project/CLASSIFIER_plus_cross_TOP/src/spi_cnn_slave_8.v:178$36'.
  created $dff cell `$procdff$1483' with positive edge clock.
Creating register for signal `$paramod$86f1445bf7eb9dcf6388f28001a39bf4edaa90f5\spi_cnn_slave_8.\weight_mem[0]' using process `$paramod$86f1445bf7eb9dcf6388f28001a39bf4edaa90f5\spi_cnn_slave_8.$proc$/home/designer/projects/CNN4IC/unic_cass_wrapper_user_project/CLASSIFIER_plus_cross_TOP/src/spi_cnn_slave_8.v:178$36'.
  created $dff cell `$procdff$1488' with positive edge clock.
Creating register for signal `$paramod$86f1445bf7eb9dcf6388f28001a39bf4edaa90f5\spi_cnn_slave_8.\weight_mem[1]' using process `$paramod$86f1445bf7eb9dcf6388f28001a39bf4edaa90f5\spi_cnn_slave_8.$proc$/home/designer/projects/CNN4IC/unic_cass_wrapper_user_project/CLASSIFIER_plus_cross_TOP/src/spi_cnn_slave_8.v:178$36'.
  created $dff cell `$procdff$1493' with positive edge clock.
Creating register for signal `$paramod$86f1445bf7eb9dcf6388f28001a39bf4edaa90f5\spi_cnn_slave_8.\weight_mem[2]' using process `$paramod$86f1445bf7eb9dcf6388f28001a39bf4edaa90f5\spi_cnn_slave_8.$proc$/home/designer/projects/CNN4IC/unic_cass_wrapper_user_project/CLASSIFIER_plus_cross_TOP/src/spi_cnn_slave_8.v:178$36'.
  created $dff cell `$procdff$1498' with positive edge clock.
Creating register for signal `$paramod$86f1445bf7eb9dcf6388f28001a39bf4edaa90f5\spi_cnn_slave_8.\weight_mem[3]' using process `$paramod$86f1445bf7eb9dcf6388f28001a39bf4edaa90f5\spi_cnn_slave_8.$proc$/home/designer/projects/CNN4IC/unic_cass_wrapper_user_project/CLASSIFIER_plus_cross_TOP/src/spi_cnn_slave_8.v:178$36'.
  created $dff cell `$procdff$1503' with positive edge clock.
Creating register for signal `$paramod$86f1445bf7eb9dcf6388f28001a39bf4edaa90f5\spi_cnn_slave_8.\weight_mem[4]' using process `$paramod$86f1445bf7eb9dcf6388f28001a39bf4edaa90f5\spi_cnn_slave_8.$proc$/home/designer/projects/CNN4IC/unic_cass_wrapper_user_project/CLASSIFIER_plus_cross_TOP/src/spi_cnn_slave_8.v:178$36'.
  created $dff cell `$procdff$1508' with positive edge clock.
Creating register for signal `$paramod$86f1445bf7eb9dcf6388f28001a39bf4edaa90f5\spi_cnn_slave_8.$mem2reg_wr$\image_mem$/home/designer/projects/CNN4IC/unic_cass_wrapper_user_project/CLASSIFIER_plus_cross_TOP/src/spi_cnn_slave_8.v:221$18_ADDR' using process `$paramod$86f1445bf7eb9dcf6388f28001a39bf4edaa90f5\spi_cnn_slave_8.$proc$/home/designer/projects/CNN4IC/unic_cass_wrapper_user_project/CLASSIFIER_plus_cross_TOP/src/spi_cnn_slave_8.v:178$36'.
  created $adff cell `$procdff$1511' with positive edge clock and positive level reset.
Creating register for signal `$paramod$86f1445bf7eb9dcf6388f28001a39bf4edaa90f5\spi_cnn_slave_8.$mem2reg_wr$\image_mem$/home/designer/projects/CNN4IC/unic_cass_wrapper_user_project/CLASSIFIER_plus_cross_TOP/src/spi_cnn_slave_8.v:221$18_DATA' using process `$paramod$86f1445bf7eb9dcf6388f28001a39bf4edaa90f5\spi_cnn_slave_8.$proc$/home/designer/projects/CNN4IC/unic_cass_wrapper_user_project/CLASSIFIER_plus_cross_TOP/src/spi_cnn_slave_8.v:178$36'.
  created $adff cell `$procdff$1514' with positive edge clock and positive level reset.
Creating register for signal `$paramod$86f1445bf7eb9dcf6388f28001a39bf4edaa90f5\spi_cnn_slave_8.$mem2reg_wr$\weight_mem$/home/designer/projects/CNN4IC/unic_cass_wrapper_user_project/CLASSIFIER_plus_cross_TOP/src/spi_cnn_slave_8.v:231$19_ADDR' using process `$paramod$86f1445bf7eb9dcf6388f28001a39bf4edaa90f5\spi_cnn_slave_8.$proc$/home/designer/projects/CNN4IC/unic_cass_wrapper_user_project/CLASSIFIER_plus_cross_TOP/src/spi_cnn_slave_8.v:178$36'.
  created $adff cell `$procdff$1517' with positive edge clock and positive level reset.
Creating register for signal `$paramod$86f1445bf7eb9dcf6388f28001a39bf4edaa90f5\spi_cnn_slave_8.$mem2reg_wr$\weight_mem$/home/designer/projects/CNN4IC/unic_cass_wrapper_user_project/CLASSIFIER_plus_cross_TOP/src/spi_cnn_slave_8.v:231$19_DATA' using process `$paramod$86f1445bf7eb9dcf6388f28001a39bf4edaa90f5\spi_cnn_slave_8.$proc$/home/designer/projects/CNN4IC/unic_cass_wrapper_user_project/CLASSIFIER_plus_cross_TOP/src/spi_cnn_slave_8.v:178$36'.
  created $adff cell `$procdff$1520' with positive edge clock and positive level reset.
Creating register for signal `$paramod$86f1445bf7eb9dcf6388f28001a39bf4edaa90f5\spi_cnn_slave_8.$lookahead\cmd$35' using process `$paramod$86f1445bf7eb9dcf6388f28001a39bf4edaa90f5\spi_cnn_slave_8.$proc$/home/designer/projects/CNN4IC/unic_cass_wrapper_user_project/CLASSIFIER_plus_cross_TOP/src/spi_cnn_slave_8.v:178$36'.
  created $adff cell `$procdff$1523' with positive edge clock and positive level reset.
Creating register for signal `$paramod$86f1445bf7eb9dcf6388f28001a39bf4edaa90f5\spi_cnn_slave_8.\o_mp_data' using process `$paramod$86f1445bf7eb9dcf6388f28001a39bf4edaa90f5\spi_cnn_slave_8.$proc$/home/designer/projects/CNN4IC/unic_cass_wrapper_user_project/CLASSIFIER_plus_cross_TOP/src/spi_cnn_slave_8.v:163$34'.
  created $adff cell `$procdff$1526' with positive edge clock and positive level reset.
Creating register for signal `$paramod$86f1445bf7eb9dcf6388f28001a39bf4edaa90f5\spi_cnn_slave_8.\o_mp_load' using process `$paramod$86f1445bf7eb9dcf6388f28001a39bf4edaa90f5\spi_cnn_slave_8.$proc$/home/designer/projects/CNN4IC/unic_cass_wrapper_user_project/CLASSIFIER_plus_cross_TOP/src/spi_cnn_slave_8.v:163$34'.
  created $adff cell `$procdff$1529' with positive edge clock and positive level reset.
Creating register for signal `$paramod$86f1445bf7eb9dcf6388f28001a39bf4edaa90f5\spi_cnn_slave_8.\o_start_cnn' using process `$paramod$86f1445bf7eb9dcf6388f28001a39bf4edaa90f5\spi_cnn_slave_8.$proc$/home/designer/projects/CNN4IC/unic_cass_wrapper_user_project/CLASSIFIER_plus_cross_TOP/src/spi_cnn_slave_8.v:147$30'.
  created $adff cell `$procdff$1532' with positive edge clock and positive level reset.
Creating register for signal `$paramod$4d5b70701c3a06d0547d4fc6c7074752cfb562f3\Register_Imag.\Datos' using process `$paramod$4d5b70701c3a06d0547d4fc6c7074752cfb562f3\Register_Imag.$proc$/home/designer/projects/CNN4IC/unic_cass_wrapper_user_project/CLASSIFIER_plus_cross_TOP/src/Register_Imag.v:16$14'.
  created $dff cell `$procdff$1533' with positive edge clock.
Creating register for signal `$paramod$bd1c2789ccb130c79648e20f8a400f4afa158968\Register_Weight.\Datos' using process `$paramod$bd1c2789ccb130c79648e20f8a400f4afa158968\Register_Weight.$proc$/home/designer/projects/CNN4IC/unic_cass_wrapper_user_project/CLASSIFIER_plus_cross_TOP/src/Register_Weight.v:16$11'.
  created $dff cell `$procdff$1534' with positive edge clock.
Creating register for signal `$paramod\Master_register\DATAWIDTH_BUS=s32'00000000000000000000000000010000.\Datos' using process `$paramod\Master_register\DATAWIDTH_BUS=s32'00000000000000000000000000010000.$proc$/home/designer/projects/CNN4IC/unic_cass_wrapper_user_project/CLASSIFIER_plus_cross_TOP/src/Master_register.v:14$8'.
  created $dff cell `$procdff$1535' with positive edge clock.
Creating register for signal `\SC_STATEMACHINE_CNN_CTRL.\o_acc0' using process `\SC_STATEMACHINE_CNN_CTRL.$proc$/home/designer/projects/CNN4IC/unic_cass_wrapper_user_project/CLASSIFIER_plus_cross_TOP/src/SC_STATEMACHINE_CNN_CTRL.v:104$7'.
  created $adff cell `$procdff$1538' with positive edge clock and positive level reset.
Creating register for signal `\SC_STATEMACHINE_CNN_CTRL.\o_mr1_load' using process `\SC_STATEMACHINE_CNN_CTRL.$proc$/home/designer/projects/CNN4IC/unic_cass_wrapper_user_project/CLASSIFIER_plus_cross_TOP/src/SC_STATEMACHINE_CNN_CTRL.v:104$7'.
  created $adff cell `$procdff$1541' with positive edge clock and positive level reset.
Creating register for signal `\SC_STATEMACHINE_CNN_CTRL.\o_acc1' using process `\SC_STATEMACHINE_CNN_CTRL.$proc$/home/designer/projects/CNN4IC/unic_cass_wrapper_user_project/CLASSIFIER_plus_cross_TOP/src/SC_STATEMACHINE_CNN_CTRL.v:104$7'.
  created $adff cell `$procdff$1544' with positive edge clock and positive level reset.
Creating register for signal `\SC_STATEMACHINE_CNN_CTRL.\o_mr2_load' using process `\SC_STATEMACHINE_CNN_CTRL.$proc$/home/designer/projects/CNN4IC/unic_cass_wrapper_user_project/CLASSIFIER_plus_cross_TOP/src/SC_STATEMACHINE_CNN_CTRL.v:104$7'.
  created $adff cell `$procdff$1547' with positive edge clock and positive level reset.
Creating register for signal `\SC_STATEMACHINE_CNN_CTRL.\o_done' using process `\SC_STATEMACHINE_CNN_CTRL.$proc$/home/designer/projects/CNN4IC/unic_cass_wrapper_user_project/CLASSIFIER_plus_cross_TOP/src/SC_STATEMACHINE_CNN_CTRL.v:104$7'.
  created $adff cell `$procdff$1550' with positive edge clock and positive level reset.
Creating register for signal `\SC_STATEMACHINE_CNN_CTRL.\state' using process `\SC_STATEMACHINE_CNN_CTRL.$proc$/home/designer/projects/CNN4IC/unic_cass_wrapper_user_project/CLASSIFIER_plus_cross_TOP/src/SC_STATEMACHINE_CNN_CTRL.v:104$7'.
  created $adff cell `$procdff$1553' with positive edge clock and positive level reset.
Creating register for signal `\SC_STATEMACHINE_CNN_CTRL.\kernel_reg' using process `\SC_STATEMACHINE_CNN_CTRL.$proc$/home/designer/projects/CNN4IC/unic_cass_wrapper_user_project/CLASSIFIER_plus_cross_TOP/src/SC_STATEMACHINE_CNN_CTRL.v:104$7'.
  created $adff cell `$procdff$1556' with positive edge clock and positive level reset.
Creating register for signal `\SC_STATEMACHINE_CNN_CTRL.\cnn_rst' using process `\SC_STATEMACHINE_CNN_CTRL.$proc$/home/designer/projects/CNN4IC/unic_cass_wrapper_user_project/CLASSIFIER_plus_cross_TOP/src/SC_STATEMACHINE_CNN_CTRL.v:104$7'.
  created $adff cell `$procdff$1559' with positive edge clock and positive level reset.
Creating register for signal `\SC_STATEMACHINE_CNN_CTRL.\cnn_start' using process `\SC_STATEMACHINE_CNN_CTRL.$proc$/home/designer/projects/CNN4IC/unic_cass_wrapper_user_project/CLASSIFIER_plus_cross_TOP/src/SC_STATEMACHINE_CNN_CTRL.v:104$7'.
  created $adff cell `$procdff$1562' with positive edge clock and positive level reset.

35. Executing PROC_MEMWR pass (convert process memory writes to cells).

36. Executing PROC_CLEAN pass (remove empty switches from decision trees).
Found and cleaned up 3 empty switches in `\progressive_maxpool.$proc$/home/designer/projects/CNN4IC/unic_cass_wrapper_user_project/CLASSIFIER_plus_cross_TOP/src/progressive_maxpool.v:9$365'.
Removing empty process `progressive_maxpool.$proc$/home/designer/projects/CNN4IC/unic_cass_wrapper_user_project/CLASSIFIER_plus_cross_TOP/src/progressive_maxpool.v:9$365'.
Found and cleaned up 1 empty switch in `\fragment_mux_10x10_6x6.$proc$/home/designer/projects/CNN4IC/unic_cass_wrapper_user_project/CLASSIFIER_plus_cross_TOP/src/fragment_mux_10x10_6x6.v:9$112'.
Removing empty process `fragment_mux_10x10_6x6.$proc$/home/designer/projects/CNN4IC/unic_cass_wrapper_user_project/CLASSIFIER_plus_cross_TOP/src/fragment_mux_10x10_6x6.v:9$112'.
Found and cleaned up 2 empty switches in `\mux_cnn.$proc$/home/designer/projects/CNN4IC/unic_cass_wrapper_user_project/CLASSIFIER_plus_cross_TOP/src/mux_cnn.v:83$111'.
Removing empty process `mux_cnn.$proc$/home/designer/projects/CNN4IC/unic_cass_wrapper_user_project/CLASSIFIER_plus_cross_TOP/src/mux_cnn.v:83$111'.
Found and cleaned up 2 empty switches in `$paramod\SC_STATEMACHINE_IMAGE_LOADER\ROW_BITS=s32'00000000000000000000000000011110.$proc$/home/designer/projects/CNN4IC/unic_cass_wrapper_user_project/CLASSIFIER_plus_cross_TOP/src/SC_STATEMACHINE_IMAGE_LOADER.v:98$109'.
Removing empty process `$paramod\SC_STATEMACHINE_IMAGE_LOADER\ROW_BITS=s32'00000000000000000000000000011110.$proc$/home/designer/projects/CNN4IC/unic_cass_wrapper_user_project/CLASSIFIER_plus_cross_TOP/src/SC_STATEMACHINE_IMAGE_LOADER.v:98$109'.
Found and cleaned up 1 empty switch in `$paramod\SC_STATEMACHINE_IMAGE_LOADER\ROW_BITS=s32'00000000000000000000000000011110.$proc$/home/designer/projects/CNN4IC/unic_cass_wrapper_user_project/CLASSIFIER_plus_cross_TOP/src/SC_STATEMACHINE_IMAGE_LOADER.v:86$105'.
Removing empty process `$paramod\SC_STATEMACHINE_IMAGE_LOADER\ROW_BITS=s32'00000000000000000000000000011110.$proc$/home/designer/projects/CNN4IC/unic_cass_wrapper_user_project/CLASSIFIER_plus_cross_TOP/src/SC_STATEMACHINE_IMAGE_LOADER.v:86$105'.
Removing empty process `$paramod\SC_STATEMACHINE_IMAGE_LOADER\ROW_BITS=s32'00000000000000000000000000011110.$proc$/home/designer/projects/CNN4IC/unic_cass_wrapper_user_project/CLASSIFIER_plus_cross_TOP/src/SC_STATEMACHINE_IMAGE_LOADER.v:73$104'.
Found and cleaned up 2 empty switches in `$paramod\SC_STATEMACHINE_IMAGE_LOADER\ROW_BITS=s32'00000000000000000000000000011110.$proc$/home/designer/projects/CNN4IC/unic_cass_wrapper_user_project/CLASSIFIER_plus_cross_TOP/src/SC_STATEMACHINE_IMAGE_LOADER.v:58$100'.
Removing empty process `$paramod\SC_STATEMACHINE_IMAGE_LOADER\ROW_BITS=s32'00000000000000000000000000011110.$proc$/home/designer/projects/CNN4IC/unic_cass_wrapper_user_project/CLASSIFIER_plus_cross_TOP/src/SC_STATEMACHINE_IMAGE_LOADER.v:58$100'.
Found and cleaned up 2 empty switches in `$paramod\SC_STATEMACHINE_WEIGHT_LOADER\ROW_BITS=s32'00000000000000000000000000001111.$proc$/home/designer/projects/CNN4IC/unic_cass_wrapper_user_project/CLASSIFIER_plus_cross_TOP/src/SC_STATEMACHINE_WEIGHT_LOADER.v:86$98'.
Removing empty process `$paramod\SC_STATEMACHINE_WEIGHT_LOADER\ROW_BITS=s32'00000000000000000000000000001111.$proc$/home/designer/projects/CNN4IC/unic_cass_wrapper_user_project/CLASSIFIER_plus_cross_TOP/src/SC_STATEMACHINE_WEIGHT_LOADER.v:86$98'.
Found and cleaned up 1 empty switch in `$paramod\SC_STATEMACHINE_WEIGHT_LOADER\ROW_BITS=s32'00000000000000000000000000001111.$proc$/home/designer/projects/CNN4IC/unic_cass_wrapper_user_project/CLASSIFIER_plus_cross_TOP/src/SC_STATEMACHINE_WEIGHT_LOADER.v:75$94'.
Removing empty process `$paramod\SC_STATEMACHINE_WEIGHT_LOADER\ROW_BITS=s32'00000000000000000000000000001111.$proc$/home/designer/projects/CNN4IC/unic_cass_wrapper_user_project/CLASSIFIER_plus_cross_TOP/src/SC_STATEMACHINE_WEIGHT_LOADER.v:75$94'.
Removing empty process `$paramod\SC_STATEMACHINE_WEIGHT_LOADER\ROW_BITS=s32'00000000000000000000000000001111.$proc$/home/designer/projects/CNN4IC/unic_cass_wrapper_user_project/CLASSIFIER_plus_cross_TOP/src/SC_STATEMACHINE_WEIGHT_LOADER.v:63$93'.
Found and cleaned up 2 empty switches in `$paramod\SC_STATEMACHINE_WEIGHT_LOADER\ROW_BITS=s32'00000000000000000000000000001111.$proc$/home/designer/projects/CNN4IC/unic_cass_wrapper_user_project/CLASSIFIER_plus_cross_TOP/src/SC_STATEMACHINE_WEIGHT_LOADER.v:48$89'.
Removing empty process `$paramod\SC_STATEMACHINE_WEIGHT_LOADER\ROW_BITS=s32'00000000000000000000000000001111.$proc$/home/designer/projects/CNN4IC/unic_cass_wrapper_user_project/CLASSIFIER_plus_cross_TOP/src/SC_STATEMACHINE_WEIGHT_LOADER.v:48$89'.
Found and cleaned up 4 empty switches in `\cnn_top.$proc$/home/designer/projects/CNN4IC/unic_cass_wrapper_user_project/CLASSIFIER_plus_cross_TOP/src/cnn_top.v:75$85'.
Removing empty process `cnn_top.$proc$/home/designer/projects/CNN4IC/unic_cass_wrapper_user_project/CLASSIFIER_plus_cross_TOP/src/cnn_top.v:75$85'.
Found and cleaned up 11 empty switches in `$paramod$86f1445bf7eb9dcf6388f28001a39bf4edaa90f5\spi_cnn_slave_8.$proc$/home/designer/projects/CNN4IC/unic_cass_wrapper_user_project/CLASSIFIER_plus_cross_TOP/src/spi_cnn_slave_8.v:178$36'.
Removing empty process `$paramod$86f1445bf7eb9dcf6388f28001a39bf4edaa90f5\spi_cnn_slave_8.$proc$/home/designer/projects/CNN4IC/unic_cass_wrapper_user_project/CLASSIFIER_plus_cross_TOP/src/spi_cnn_slave_8.v:178$36'.
Removing empty process `$paramod$86f1445bf7eb9dcf6388f28001a39bf4edaa90f5\spi_cnn_slave_8.$proc$/home/designer/projects/CNN4IC/unic_cass_wrapper_user_project/CLASSIFIER_plus_cross_TOP/src/spi_cnn_slave_8.v:163$34'.
Found and cleaned up 1 empty switch in `$paramod$86f1445bf7eb9dcf6388f28001a39bf4edaa90f5\spi_cnn_slave_8.$proc$/home/designer/projects/CNN4IC/unic_cass_wrapper_user_project/CLASSIFIER_plus_cross_TOP/src/spi_cnn_slave_8.v:147$30'.
Removing empty process `$paramod$86f1445bf7eb9dcf6388f28001a39bf4edaa90f5\spi_cnn_slave_8.$proc$/home/designer/projects/CNN4IC/unic_cass_wrapper_user_project/CLASSIFIER_plus_cross_TOP/src/spi_cnn_slave_8.v:147$30'.
Found and cleaned up 2 empty switches in `$paramod$4d5b70701c3a06d0547d4fc6c7074752cfb562f3\Register_Imag.$proc$/home/designer/projects/CNN4IC/unic_cass_wrapper_user_project/CLASSIFIER_plus_cross_TOP/src/Register_Imag.v:16$14'.
Removing empty process `$paramod$4d5b70701c3a06d0547d4fc6c7074752cfb562f3\Register_Imag.$proc$/home/designer/projects/CNN4IC/unic_cass_wrapper_user_project/CLASSIFIER_plus_cross_TOP/src/Register_Imag.v:16$14'.
Found and cleaned up 2 empty switches in `$paramod$bd1c2789ccb130c79648e20f8a400f4afa158968\Register_Weight.$proc$/home/designer/projects/CNN4IC/unic_cass_wrapper_user_project/CLASSIFIER_plus_cross_TOP/src/Register_Weight.v:16$11'.
Removing empty process `$paramod$bd1c2789ccb130c79648e20f8a400f4afa158968\Register_Weight.$proc$/home/designer/projects/CNN4IC/unic_cass_wrapper_user_project/CLASSIFIER_plus_cross_TOP/src/Register_Weight.v:16$11'.
Found and cleaned up 2 empty switches in `$paramod\Master_register\DATAWIDTH_BUS=s32'00000000000000000000000000010000.$proc$/home/designer/projects/CNN4IC/unic_cass_wrapper_user_project/CLASSIFIER_plus_cross_TOP/src/Master_register.v:14$8'.
Removing empty process `$paramod\Master_register\DATAWIDTH_BUS=s32'00000000000000000000000000010000.$proc$/home/designer/projects/CNN4IC/unic_cass_wrapper_user_project/CLASSIFIER_plus_cross_TOP/src/Master_register.v:14$8'.
Found and cleaned up 5 empty switches in `\SC_STATEMACHINE_CNN_CTRL.$proc$/home/designer/projects/CNN4IC/unic_cass_wrapper_user_project/CLASSIFIER_plus_cross_TOP/src/SC_STATEMACHINE_CNN_CTRL.v:104$7'.
Removing empty process `SC_STATEMACHINE_CNN_CTRL.$proc$/home/designer/projects/CNN4IC/unic_cass_wrapper_user_project/CLASSIFIER_plus_cross_TOP/src/SC_STATEMACHINE_CNN_CTRL.v:104$7'.
Found and cleaned up 1 empty switch in `\window_mux_6x6_5x5.$proc$/home/designer/projects/CNN4IC/unic_cass_wrapper_user_project/CLASSIFIER_plus_cross_TOP/src/window_mux_6x6_5x5.v:12$416'.
Removing empty process `window_mux_6x6_5x5.$proc$/home/designer/projects/CNN4IC/unic_cass_wrapper_user_project/CLASSIFIER_plus_cross_TOP/src/window_mux_6x6_5x5.v:12$416'.
Cleaned up 44 empty switches.

37. Executing CHECK pass (checking for obvious problems).
Checking module CLASSIFIER_plus_cross_TOP...
Checking module progressive_maxpool...
Checking module fragment_mux_10x10_6x6...
Checking module mux_cnn...
Checking module $paramod\SC_STATEMACHINE_IMAGE_LOADER\ROW_BITS=s32'00000000000000000000000000011110...
Checking module $paramod\SC_STATEMACHINE_WEIGHT_LOADER\ROW_BITS=s32'00000000000000000000000000001111...
Checking module cnn_top...
Checking module $paramod$86f1445bf7eb9dcf6388f28001a39bf4edaa90f5\spi_cnn_slave_8...
Checking module $paramod$4d5b70701c3a06d0547d4fc6c7074752cfb562f3\Register_Imag...
Checking module $paramod$bd1c2789ccb130c79648e20f8a400f4afa158968\Register_Weight...
Checking module $paramod\Master_register\DATAWIDTH_BUS=s32'00000000000000000000000000010000...
Checking module SC_STATEMACHINE_CNN_CTRL...
Checking module $paramod$86f1445bf7eb9dcf6388f28001a39bf4edaa90f5\comm_mem_top...
Checking module cnn_proc_top...
Checking module CNNver2...
Checking module mac_parallel...
Checking module window_mux_6x6_5x5...
Found and reported 0 problems.

38. Executing OPT_EXPR pass (perform const folding).
Optimizing module CLASSIFIER_plus_cross_TOP.
Optimizing module progressive_maxpool.
<suppressed ~1 debug messages>
Optimizing module fragment_mux_10x10_6x6.
<suppressed ~84 debug messages>
Optimizing module mux_cnn.
<suppressed ~6 debug messages>
Optimizing module $paramod\SC_STATEMACHINE_IMAGE_LOADER\ROW_BITS=s32'00000000000000000000000000011110.
<suppressed ~8 debug messages>
Optimizing module $paramod\SC_STATEMACHINE_WEIGHT_LOADER\ROW_BITS=s32'00000000000000000000000000001111.
<suppressed ~9 debug messages>
Optimizing module cnn_top.
<suppressed ~9 debug messages>
Optimizing module $paramod$86f1445bf7eb9dcf6388f28001a39bf4edaa90f5\spi_cnn_slave_8.
<suppressed ~39 debug messages>
Optimizing module $paramod$4d5b70701c3a06d0547d4fc6c7074752cfb562f3\Register_Imag.
<suppressed ~3 debug messages>
Optimizing module $paramod$bd1c2789ccb130c79648e20f8a400f4afa158968\Register_Weight.
<suppressed ~3 debug messages>
Optimizing module $paramod\Master_register\DATAWIDTH_BUS=s32'00000000000000000000000000010000.
<suppressed ~3 debug messages>
Optimizing module SC_STATEMACHINE_CNN_CTRL.
<suppressed ~11 debug messages>
Optimizing module $paramod$86f1445bf7eb9dcf6388f28001a39bf4edaa90f5\comm_mem_top.
Optimizing module cnn_proc_top.
Optimizing module CNNver2.
Optimizing module mac_parallel.
Optimizing module window_mux_6x6_5x5.
<suppressed ~36 debug messages>

39. Executing FLATTEN pass (flatten design).
Deleting now unused module progressive_maxpool.
Deleting now unused module fragment_mux_10x10_6x6.
Deleting now unused module mux_cnn.
Deleting now unused module $paramod\SC_STATEMACHINE_IMAGE_LOADER\ROW_BITS=s32'00000000000000000000000000011110.
Deleting now unused module $paramod\SC_STATEMACHINE_WEIGHT_LOADER\ROW_BITS=s32'00000000000000000000000000001111.
Deleting now unused module cnn_top.
Deleting now unused module $paramod$86f1445bf7eb9dcf6388f28001a39bf4edaa90f5\spi_cnn_slave_8.
Deleting now unused module $paramod$4d5b70701c3a06d0547d4fc6c7074752cfb562f3\Register_Imag.
Deleting now unused module $paramod$bd1c2789ccb130c79648e20f8a400f4afa158968\Register_Weight.
Deleting now unused module $paramod\Master_register\DATAWIDTH_BUS=s32'00000000000000000000000000010000.
Deleting now unused module SC_STATEMACHINE_CNN_CTRL.
Deleting now unused module $paramod$86f1445bf7eb9dcf6388f28001a39bf4edaa90f5\comm_mem_top.
Deleting now unused module cnn_proc_top.
Deleting now unused module CNNver2.
Deleting now unused module mac_parallel.
Deleting now unused module window_mux_6x6_5x5.
<suppressed ~30 debug messages>

40. Executing OPT_EXPR pass (perform const folding).
Optimizing module CLASSIFIER_plus_cross_TOP.

41. Executing OPT_CLEAN pass (remove unused cells and wires).
Finding unused cells or wires in module \CLASSIFIER_plus_cross_TOP..
Removed 91 unused cells and 629 unused wires.
<suppressed ~180 debug messages>

42. Executing OPT_EXPR pass (perform const folding).
Optimizing module CLASSIFIER_plus_cross_TOP.

43. Executing OPT_MERGE pass (detect identical cells).
Finding identical cells in module `\CLASSIFIER_plus_cross_TOP'.
<suppressed ~462 debug messages>
Removed a total of 154 cells.

44. Executing OPT_MUXTREE pass (detect dead branches in mux trees).
Running muxtree optimizer on module \CLASSIFIER_plus_cross_TOP..
  Creating internal representation of mux trees.
  Evaluating internal representation of mux trees.
  Analyzing evaluation results.
    dead port 2/2 on $mux $flatten\cnn_inst.\comm_mem_u0.\spi_u0.\loader_image_sm.$procmux$602.
    dead port 1/2 on $mux $flatten\cnn_inst.\comm_mem_u0.\spi_u0.\loader_image_sm.$procmux$640.
    dead port 2/2 on $mux $flatten\cnn_inst.\comm_mem_u0.\spi_u0.\loader_weight_sm.$procmux$653.
    dead port 2/2 on $mux $flatten\cnn_inst.\comm_mem_u0.\spi_u0.\loader_weight_sm.$procmux$659.
    dead port 2/2 on $mux $flatten\cnn_inst.\comm_mem_u0.\spi_u0.\loader_weight_sm.$procmux$666.
    dead port 2/2 on $mux $flatten\cnn_inst.\comm_mem_u0.\spi_u0.\loader_weight_sm.$procmux$674.
    dead port 2/2 on $mux $flatten\cnn_inst.\comm_mem_u0.\spi_u0.\loader_weight_sm.$procmux$683.
    dead port 1/2 on $mux $flatten\cnn_inst.\comm_mem_u0.\spi_u0.\loader_weight_sm.$procmux$706.
Removed 8 multiplexer ports.
<suppressed ~297 debug messages>

45. Executing OPT_REDUCE pass (consolidate $*mux and $reduce_* inputs).
  Optimizing cells in module \CLASSIFIER_plus_cross_TOP.
    New ctrl vector for $pmux cell $flatten\cnn_inst.\proc_u0.\cnn_ctrl_u0.$procmux$1293: $auto$opt_reduce.cc:137:opt_pmux$1594
    New ctrl vector for $pmux cell $flatten\cnn_inst.\proc_u0.\cnn_ctrl_u0.$procmux$1301: $auto$opt_reduce.cc:137:opt_pmux$1596
    New ctrl vector for $pmux cell $flatten\cnn_inst.\proc_u0.\cnn_ctrl_u0.$procmux$1311: $auto$opt_reduce.cc:137:opt_pmux$1598
    New ctrl vector for $pmux cell $flatten\cnn_inst.\proc_u0.\cnn_ctrl_u0.\cnn_inst.\cnn_inst.$procmux$573: $auto$opt_reduce.cc:137:opt_pmux$1600
  Optimizing cells in module \CLASSIFIER_plus_cross_TOP.
Performed a total of 4 changes.

46. Executing OPT_MERGE pass (detect identical cells).
Finding identical cells in module `\CLASSIFIER_plus_cross_TOP'.
<suppressed ~6 debug messages>
Removed a total of 2 cells.

47. Executing OPT_DFF pass (perform DFF optimizations).

48. Executing OPT_CLEAN pass (remove unused cells and wires).
Finding unused cells or wires in module \CLASSIFIER_plus_cross_TOP..
Removed 0 unused cells and 164 unused wires.
<suppressed ~1 debug messages>

49. Executing OPT_EXPR pass (perform const folding).
Optimizing module CLASSIFIER_plus_cross_TOP.

50. Rerunning OPT passes. (Maybe there is more to do…)

51. Executing OPT_MUXTREE pass (detect dead branches in mux trees).
Running muxtree optimizer on module \CLASSIFIER_plus_cross_TOP..
  Creating internal representation of mux trees.
  Evaluating internal representation of mux trees.
  Analyzing evaluation results.
Removed 0 multiplexer ports.
<suppressed ~278 debug messages>

52. Executing OPT_REDUCE pass (consolidate $*mux and $reduce_* inputs).
  Optimizing cells in module \CLASSIFIER_plus_cross_TOP.
    New ctrl vector for $pmux cell $flatten\cnn_inst.\comm_mem_u0.\spi_u0.$procmux$1196: $auto$opt_reduce.cc:137:opt_pmux$1602
  Optimizing cells in module \CLASSIFIER_plus_cross_TOP.
Performed a total of 1 changes.

53. Executing OPT_MERGE pass (detect identical cells).
Finding identical cells in module `\CLASSIFIER_plus_cross_TOP'.
Removed a total of 0 cells.

54. Executing OPT_DFF pass (perform DFF optimizations).

55. Executing OPT_CLEAN pass (remove unused cells and wires).
Finding unused cells or wires in module \CLASSIFIER_plus_cross_TOP..

56. Executing OPT_EXPR pass (perform const folding).
Optimizing module CLASSIFIER_plus_cross_TOP.

57. Rerunning OPT passes. (Maybe there is more to do…)

58. Executing OPT_MUXTREE pass (detect dead branches in mux trees).
Running muxtree optimizer on module \CLASSIFIER_plus_cross_TOP..
  Creating internal representation of mux trees.
  Evaluating internal representation of mux trees.
  Analyzing evaluation results.
Removed 0 multiplexer ports.
<suppressed ~276 debug messages>

59. Executing OPT_REDUCE pass (consolidate $*mux and $reduce_* inputs).
  Optimizing cells in module \CLASSIFIER_plus_cross_TOP.
Performed a total of 0 changes.

60. Executing OPT_MERGE pass (detect identical cells).
Finding identical cells in module `\CLASSIFIER_plus_cross_TOP'.
Removed a total of 0 cells.

61. Executing OPT_DFF pass (perform DFF optimizations).

62. Executing OPT_CLEAN pass (remove unused cells and wires).
Finding unused cells or wires in module \CLASSIFIER_plus_cross_TOP..

63. Executing OPT_EXPR pass (perform const folding).
Optimizing module CLASSIFIER_plus_cross_TOP.

64. Executing FSM pass (extract and optimize FSM).

64.1. Executing FSM_DETECT pass (finding FSMs in design).
Found FSM state register CLASSIFIER_plus_cross_TOP.cnn_inst.proc_u0.cnn_ctrl_u0.cnn_inst.cnn_inst.state.
Found FSM state register CLASSIFIER_plus_cross_TOP.cnn_inst.proc_u0.cnn_ctrl_u0.cnn_inst.cnn_inst.window_sel.
Found FSM state register CLASSIFIER_plus_cross_TOP.cnn_inst.proc_u0.cnn_ctrl_u0.cnn_inst.state.
Found FSM state register CLASSIFIER_plus_cross_TOP.cnn_inst.proc_u0.cnn_ctrl_u0.state.

64.2. Executing FSM_EXTRACT pass (extracting FSM from design).
Extracting FSM `\cnn_inst.proc_u0.cnn_ctrl_u0.cnn_inst.cnn_inst.state' from module `\CLASSIFIER_plus_cross_TOP'.
  found $adff cell for state register: $flatten\cnn_inst.\proc_u0.\cnn_ctrl_u0.\cnn_inst.\cnn_inst.$procdff$1361
  root of input selection tree: $flatten\cnn_inst.\proc_u0.\cnn_ctrl_u0.\cnn_inst.\cnn_inst.$0\state[3:0]
  found reset state: 4'0000 (from async reset)
  found ctrl input: $flatten\cnn_inst.\proc_u0.\cnn_ctrl_u0.\cnn_inst.\cnn_inst.$procmux$574_CMP
  found ctrl input: $flatten\cnn_inst.\proc_u0.\cnn_ctrl_u0.\cnn_inst.\cnn_inst.$procmux$582_CMP
  found ctrl input: $flatten\cnn_inst.\proc_u0.\cnn_ctrl_u0.\cnn_inst.\cnn_inst.$procmux$575_CMP
  found ctrl input: $flatten\cnn_inst.\proc_u0.\cnn_ctrl_u0.\cnn_inst.\cnn_inst.$procmux$583_CMP
  found ctrl input: $flatten\cnn_inst.\proc_u0.\cnn_ctrl_u0.\cnn_inst.\cnn_inst.$procmux$576_CMP
  found ctrl input: $flatten\cnn_inst.\proc_u0.\cnn_ctrl_u0.\cnn_inst.\cnn_inst.$procmux$584_CMP
  found ctrl input: $flatten\cnn_inst.\proc_u0.\cnn_ctrl_u0.\cnn_inst.\cnn_inst.$procmux$570_CMP
  found ctrl input: $flatten\cnn_inst.\proc_u0.\cnn_ctrl_u0.\cnn_inst.\cnn_inst.$procmux$585_CMP
  found ctrl input: $flatten\cnn_inst.\proc_u0.\cnn_ctrl_u0.\cnn_inst.\cnn_inst.$procmux$599_CMP
  found state code: 4'1001
  found state code: 4'1000
  found state code: 4'0111
  found state code: 4'0110
  found state code: 4'0101
  found state code: 4'0100
  found state code: 4'0011
  found state code: 4'0010
  found ctrl input: \cnn_inst.proc_u0.cnn_ctrl_u0.cnn_inst.cnn_start
  found state code: 4'0001
  found ctrl output: $flatten\cnn_inst.\proc_u0.\cnn_ctrl_u0.\cnn_inst.\cnn_inst.$procmux$599_CMP
  found ctrl output: $flatten\cnn_inst.\proc_u0.\cnn_ctrl_u0.\cnn_inst.\cnn_inst.$procmux$585_CMP
  found ctrl output: $flatten\cnn_inst.\proc_u0.\cnn_ctrl_u0.\cnn_inst.\cnn_inst.$procmux$584_CMP
  found ctrl output: $flatten\cnn_inst.\proc_u0.\cnn_ctrl_u0.\cnn_inst.\cnn_inst.$procmux$583_CMP
  found ctrl output: $flatten\cnn_inst.\proc_u0.\cnn_ctrl_u0.\cnn_inst.\cnn_inst.$procmux$582_CMP
  found ctrl output: $flatten\cnn_inst.\proc_u0.\cnn_ctrl_u0.\cnn_inst.\cnn_inst.$procmux$576_CMP
  found ctrl output: $flatten\cnn_inst.\proc_u0.\cnn_ctrl_u0.\cnn_inst.\cnn_inst.$procmux$575_CMP
  found ctrl output: $flatten\cnn_inst.\proc_u0.\cnn_ctrl_u0.\cnn_inst.\cnn_inst.$procmux$574_CMP
  found ctrl output: $flatten\cnn_inst.\proc_u0.\cnn_ctrl_u0.\cnn_inst.\cnn_inst.$procmux$570_CMP
  found ctrl output: $flatten\cnn_inst.\proc_u0.\cnn_ctrl_u0.\cnn_inst.\cnn_inst.$procmux$560_CMP
  ctrl inputs: \cnn_inst.proc_u0.cnn_ctrl_u0.cnn_inst.cnn_start
  ctrl outputs: { $flatten\cnn_inst.\proc_u0.\cnn_ctrl_u0.\cnn_inst.\cnn_inst.$0\state[3:0] $flatten\cnn_inst.\proc_u0.\cnn_ctrl_u0.\cnn_inst.\cnn_inst.$procmux$560_CMP $flatten\cnn_inst.\proc_u0.\cnn_ctrl_u0.\cnn_inst.\cnn_inst.$procmux$570_CMP $flatten\cnn_inst.\proc_u0.\cnn_ctrl_u0.\cnn_inst.\cnn_inst.$procmux$574_CMP $flatten\cnn_inst.\proc_u0.\cnn_ctrl_u0.\cnn_inst.\cnn_inst.$procmux$575_CMP $flatten\cnn_inst.\proc_u0.\cnn_ctrl_u0.\cnn_inst.\cnn_inst.$procmux$576_CMP $flatten\cnn_inst.\proc_u0.\cnn_ctrl_u0.\cnn_inst.\cnn_inst.$procmux$582_CMP $flatten\cnn_inst.\proc_u0.\cnn_ctrl_u0.\cnn_inst.\cnn_inst.$procmux$583_CMP $flatten\cnn_inst.\proc_u0.\cnn_ctrl_u0.\cnn_inst.\cnn_inst.$procmux$584_CMP $flatten\cnn_inst.\proc_u0.\cnn_ctrl_u0.\cnn_inst.\cnn_inst.$procmux$585_CMP $flatten\cnn_inst.\proc_u0.\cnn_ctrl_u0.\cnn_inst.\cnn_inst.$procmux$599_CMP }
  transition:     4'0000 1'0 ->     4'0000 14'00000000000001
  transition:     4'0000 1'1 ->     4'0001 14'00010000000001
  transition:     4'1000 1'- ->     4'1001 14'10010010000000
  transition:     4'0100 1'- ->     4'0101 14'01010000100000
  transition:     4'0010 1'- ->     4'0011 14'00110100000000
  transition:     4'0110 1'- ->     4'0111 14'01110001000000
  transition:     4'0001 1'- ->     4'0010 14'00100000000010
  transition:     4'1001 1'- ->     4'0000 14'00001000000000
  transition:     4'0101 1'- ->     4'0110 14'01100000001000
  transition:     4'0011 1'- ->     4'0100 14'01000000000100
  transition:     4'0111 1'- ->     4'1000 14'10000000010000
Extracting FSM `\cnn_inst.proc_u0.cnn_ctrl_u0.cnn_inst.cnn_inst.window_sel' from module `\CLASSIFIER_plus_cross_TOP'.
  found $adff cell for state register: $flatten\cnn_inst.\proc_u0.\cnn_ctrl_u0.\cnn_inst.\cnn_inst.$procdff$1367
  root of input selection tree: $flatten\cnn_inst.\proc_u0.\cnn_ctrl_u0.\cnn_inst.\cnn_inst.$0\window_sel[1:0]
  found reset state: 2'00 (from async reset)
  found ctrl input: $flatten\cnn_inst.\proc_u0.\cnn_ctrl_u0.\cnn_inst.\cnn_inst.$procmux$582_CMP
  found ctrl input: $flatten\cnn_inst.\proc_u0.\cnn_ctrl_u0.\cnn_inst.\cnn_inst.$procmux$583_CMP
  found ctrl input: $flatten\cnn_inst.\proc_u0.\cnn_ctrl_u0.\cnn_inst.\cnn_inst.$procmux$584_CMP
  found ctrl input: $flatten\cnn_inst.\proc_u0.\cnn_ctrl_u0.\cnn_inst.\cnn_inst.$procmux$585_CMP
  found state code: 2'11
  found state code: 2'10
  found state code: 2'01
  found ctrl output: $flatten\cnn_inst.\proc_u0.\cnn_ctrl_u0.\cnn_inst.\cnn_inst.\win_mux.$procmux$1352_CMP
  found ctrl output: $flatten\cnn_inst.\proc_u0.\cnn_ctrl_u0.\cnn_inst.\cnn_inst.\win_mux.$procmux$1353_CMP
  found ctrl output: $flatten\cnn_inst.\proc_u0.\cnn_ctrl_u0.\cnn_inst.\cnn_inst.\win_mux.$procmux$1354_CMP
  found ctrl output: $flatten\cnn_inst.\proc_u0.\cnn_ctrl_u0.\cnn_inst.\cnn_inst.\win_mux.$procmux$1355_CMP
  ctrl inputs: { $flatten\cnn_inst.\proc_u0.\cnn_ctrl_u0.\cnn_inst.\cnn_inst.$procmux$582_CMP $flatten\cnn_inst.\proc_u0.\cnn_ctrl_u0.\cnn_inst.\cnn_inst.$procmux$583_CMP $flatten\cnn_inst.\proc_u0.\cnn_ctrl_u0.\cnn_inst.\cnn_inst.$procmux$584_CMP $flatten\cnn_inst.\proc_u0.\cnn_ctrl_u0.\cnn_inst.\cnn_inst.$procmux$585_CMP }
  ctrl outputs: { $flatten\cnn_inst.\proc_u0.\cnn_ctrl_u0.\cnn_inst.\cnn_inst.$0\window_sel[1:0] $flatten\cnn_inst.\proc_u0.\cnn_ctrl_u0.\cnn_inst.\cnn_inst.\win_mux.$procmux$1355_CMP $flatten\cnn_inst.\proc_u0.\cnn_ctrl_u0.\cnn_inst.\cnn_inst.\win_mux.$procmux$1354_CMP $flatten\cnn_inst.\proc_u0.\cnn_ctrl_u0.\cnn_inst.\cnn_inst.\win_mux.$procmux$1353_CMP $flatten\cnn_inst.\proc_u0.\cnn_ctrl_u0.\cnn_inst.\cnn_inst.\win_mux.$procmux$1352_CMP }
  transition:       2'00 4'0000 ->       2'00 6'001000
  transition:       2'00 4'---1 ->       2'00 6'001000
  transition:       2'00 4'--1- ->       2'01 6'011000
  transition:       2'00 4'-1-- ->       2'10 6'101000
  transition:       2'00 4'1--- ->       2'11 6'111000
  transition:       2'10 4'0000 ->       2'10 6'100010
  transition:       2'10 4'---1 ->       2'00 6'000010
  transition:       2'10 4'--1- ->       2'01 6'010010
  transition:       2'10 4'-1-- ->       2'10 6'100010
  transition:       2'10 4'1--- ->       2'11 6'110010
  transition:       2'01 4'0000 ->       2'01 6'010100
  transition:       2'01 4'---1 ->       2'00 6'000100
  transition:       2'01 4'--1- ->       2'01 6'010100
  transition:       2'01 4'-1-- ->       2'10 6'100100
  transition:       2'01 4'1--- ->       2'11 6'110100
  transition:       2'11 4'0000 ->       2'11 6'110001
  transition:       2'11 4'---1 ->       2'00 6'000001
  transition:       2'11 4'--1- ->       2'01 6'010001
  transition:       2'11 4'-1-- ->       2'10 6'100001
  transition:       2'11 4'1--- ->       2'11 6'110001
Extracting FSM `\cnn_inst.proc_u0.cnn_ctrl_u0.cnn_inst.state' from module `\CLASSIFIER_plus_cross_TOP'.
  found $adff cell for state register: $flatten\cnn_inst.\proc_u0.\cnn_ctrl_u0.\cnn_inst.$procdff$1388
  root of input selection tree: $flatten\cnn_inst.\proc_u0.\cnn_ctrl_u0.\cnn_inst.$0\state[2:0]
  found reset state: 3'000 (from async reset)
  found ctrl input: $flatten\cnn_inst.\proc_u0.\cnn_ctrl_u0.\cnn_inst.$procmux$733_CMP
  found ctrl input: $flatten\cnn_inst.\proc_u0.\cnn_ctrl_u0.\cnn_inst.$procmux$753_CMP
  found ctrl input: $flatten\cnn_inst.\proc_u0.\cnn_ctrl_u0.\cnn_inst.$procmux$726_CMP
  found ctrl input: $flatten\cnn_inst.\proc_u0.\cnn_ctrl_u0.\cnn_inst.$procmux$720_CMP
  found ctrl input: $flatten\cnn_inst.\proc_u0.\cnn_ctrl_u0.\cnn_inst.$procmux$736_CMP
  found ctrl input: $flatten\cnn_inst.\proc_u0.\cnn_ctrl_u0.\cnn_inst.$eq$/home/designer/projects/CNN4IC/unic_cass_wrapper_user_project/CLASSIFIER_plus_cross_TOP/src/cnn_top.v:116$87_Y
  found state code: 3'001
  found state code: 3'101
  found ctrl input: \cnn_inst.proc_u0.cnn_ctrl_u0.cnn_inst.cnn_inst.done
  found state code: 3'100
  found state code: 3'011
  found state code: 3'010
  found ctrl input: \cnn_inst.proc_u0.cnn_ctrl_u0.cnn_start
  found ctrl output: $flatten\cnn_inst.\proc_u0.\cnn_ctrl_u0.\cnn_inst.$procmux$713_CMP
  found ctrl output: $flatten\cnn_inst.\proc_u0.\cnn_ctrl_u0.\cnn_inst.$procmux$720_CMP
  found ctrl output: $flatten\cnn_inst.\proc_u0.\cnn_ctrl_u0.\cnn_inst.$procmux$726_CMP
  found ctrl output: $flatten\cnn_inst.\proc_u0.\cnn_ctrl_u0.\cnn_inst.$procmux$733_CMP
  found ctrl output: $flatten\cnn_inst.\proc_u0.\cnn_ctrl_u0.\cnn_inst.$procmux$736_CMP
  found ctrl output: $flatten\cnn_inst.\proc_u0.\cnn_ctrl_u0.\cnn_inst.$procmux$753_CMP
  ctrl inputs: { \cnn_inst.proc_u0.cnn_ctrl_u0.cnn_start \cnn_inst.proc_u0.cnn_ctrl_u0.cnn_inst.cnn_inst.done $flatten\cnn_inst.\proc_u0.\cnn_ctrl_u0.\cnn_inst.$eq$/home/designer/projects/CNN4IC/unic_cass_wrapper_user_project/CLASSIFIER_plus_cross_TOP/src/cnn_top.v:116$87_Y }
  ctrl outputs: { $flatten\cnn_inst.\proc_u0.\cnn_ctrl_u0.\cnn_inst.$procmux$753_CMP $flatten\cnn_inst.\proc_u0.\cnn_ctrl_u0.\cnn_inst.$procmux$736_CMP $flatten\cnn_inst.\proc_u0.\cnn_ctrl_u0.\cnn_inst.$procmux$733_CMP $flatten\cnn_inst.\proc_u0.\cnn_ctrl_u0.\cnn_inst.$procmux$726_CMP $flatten\cnn_inst.\proc_u0.\cnn_ctrl_u0.\cnn_inst.$procmux$720_CMP $flatten\cnn_inst.\proc_u0.\cnn_ctrl_u0.\cnn_inst.$procmux$713_CMP $flatten\cnn_inst.\proc_u0.\cnn_ctrl_u0.\cnn_inst.$0\state[2:0] }
  transition:      3'000 3'0-- ->      3'000 9'010000000
  transition:      3'000 3'1-- ->      3'001 9'010000001
  transition:      3'100 3'--0 ->      3'001 9'001000001
  transition:      3'100 3'--1 ->      3'101 9'001000101
  transition:      3'010 3'--- ->      3'011 9'000100011
  transition:      3'001 3'--- ->      3'010 9'000010010
  transition:      3'101 3'--- ->      3'000 9'000001000
  transition:      3'011 3'-0- ->      3'011 9'100000011
  transition:      3'011 3'-1- ->      3'100 9'100000100
Extracting FSM `\cnn_inst.proc_u0.cnn_ctrl_u0.state' from module `\CLASSIFIER_plus_cross_TOP'.
  found $adff cell for state register: $flatten\cnn_inst.\proc_u0.\cnn_ctrl_u0.$procdff$1553
  root of input selection tree: $flatten\cnn_inst.\proc_u0.\cnn_ctrl_u0.$0\state[3:0]
  found reset state: 4'0000 (from async reset)
  found ctrl input: $flatten\cnn_inst.\proc_u0.\cnn_ctrl_u0.$procmux$1278_CMP
  found ctrl input: $flatten\cnn_inst.\proc_u0.\cnn_ctrl_u0.$procmux$1320_CMP
  found ctrl input: $flatten\cnn_inst.\proc_u0.\cnn_ctrl_u0.$procmux$1294_CMP
  found ctrl input: $flatten\cnn_inst.\proc_u0.\cnn_ctrl_u0.$procmux$1302_CMP
  found ctrl input: $flatten\cnn_inst.\proc_u0.\cnn_ctrl_u0.$procmux$1312_CMP
  found ctrl input: $flatten\cnn_inst.\proc_u0.\cnn_ctrl_u0.$procmux$1326_CMP
  found ctrl input: $flatten\cnn_inst.\proc_u0.\cnn_ctrl_u0.$procmux$1288_CMP
  found ctrl input: $flatten\cnn_inst.\proc_u0.\cnn_ctrl_u0.$procmux$1330_CMP
  found ctrl input: $flatten\cnn_inst.\proc_u0.\cnn_ctrl_u0.$procmux$1295_CMP
  found ctrl input: $flatten\cnn_inst.\proc_u0.\cnn_ctrl_u0.$procmux$1303_CMP
  found ctrl input: $flatten\cnn_inst.\proc_u0.\cnn_ctrl_u0.$procmux$1313_CMP
  found ctrl input: $flatten\cnn_inst.\proc_u0.\cnn_ctrl_u0.$procmux$1304_CMP
  found state code: 4'1100
  found ctrl input: \cnn_inst.proc_u0.cnn_ctrl_u0.cnn_inst.done
  found state code: 4'1011
  found state code: 4'1010
  found state code: 4'1001
  found state code: 4'1000
  found ctrl input: \cnn_inst.comm_mem_u0.spi_u0.o_start_cnn
  found state code: 4'0111
  found state code: 4'0110
  found state code: 4'0101
  found state code: 4'0100
  found state code: 4'0011
  found state code: 4'0010
  found state code: 4'0001
  found ctrl output: $flatten\cnn_inst.\proc_u0.\cnn_ctrl_u0.$procmux$1330_CMP
  found ctrl output: $flatten\cnn_inst.\proc_u0.\cnn_ctrl_u0.$procmux$1326_CMP
  found ctrl output: $flatten\cnn_inst.\proc_u0.\cnn_ctrl_u0.$procmux$1320_CMP
  found ctrl output: $flatten\cnn_inst.\proc_u0.\cnn_ctrl_u0.$procmux$1313_CMP
  found ctrl output: $flatten\cnn_inst.\proc_u0.\cnn_ctrl_u0.$procmux$1312_CMP
  found ctrl output: $flatten\cnn_inst.\proc_u0.\cnn_ctrl_u0.$procmux$1304_CMP
  found ctrl output: $flatten\cnn_inst.\proc_u0.\cnn_ctrl_u0.$procmux$1303_CMP
  found ctrl output: $flatten\cnn_inst.\proc_u0.\cnn_ctrl_u0.$procmux$1302_CMP
  found ctrl output: $flatten\cnn_inst.\proc_u0.\cnn_ctrl_u0.$procmux$1295_CMP
  found ctrl output: $flatten\cnn_inst.\proc_u0.\cnn_ctrl_u0.$procmux$1294_CMP
  found ctrl output: $flatten\cnn_inst.\proc_u0.\cnn_ctrl_u0.$procmux$1288_CMP
  found ctrl output: $flatten\cnn_inst.\proc_u0.\cnn_ctrl_u0.$procmux$1278_CMP
  ctrl inputs: { \cnn_inst.comm_mem_u0.spi_u0.o_start_cnn \cnn_inst.proc_u0.cnn_ctrl_u0.cnn_inst.done }
  ctrl outputs: { $flatten\cnn_inst.\proc_u0.\cnn_ctrl_u0.$0\state[3:0] $flatten\cnn_inst.\proc_u0.\cnn_ctrl_u0.$procmux$1278_CMP $flatten\cnn_inst.\proc_u0.\cnn_ctrl_u0.$procmux$1288_CMP $flatten\cnn_inst.\proc_u0.\cnn_ctrl_u0.$procmux$1294_CMP $flatten\cnn_inst.\proc_u0.\cnn_ctrl_u0.$procmux$1295_CMP $flatten\cnn_inst.\proc_u0.\cnn_ctrl_u0.$procmux$1302_CMP $flatten\cnn_inst.\proc_u0.\cnn_ctrl_u0.$procmux$1303_CMP $flatten\cnn_inst.\proc_u0.\cnn_ctrl_u0.$procmux$1304_CMP $flatten\cnn_inst.\proc_u0.\cnn_ctrl_u0.$procmux$1312_CMP $flatten\cnn_inst.\proc_u0.\cnn_ctrl_u0.$procmux$1313_CMP $flatten\cnn_inst.\proc_u0.\cnn_ctrl_u0.$procmux$1320_CMP $flatten\cnn_inst.\proc_u0.\cnn_ctrl_u0.$procmux$1326_CMP $flatten\cnn_inst.\proc_u0.\cnn_ctrl_u0.$procmux$1330_CMP }
  transition:     4'0000 2'0- ->     4'0000 16'0000000000100000
  transition:     4'0000 2'1- ->     4'0001 16'0001000000100000
  transition:     4'1000 2'-- ->     4'1001 16'1001000010000000
  transition:     4'0100 2'-0 ->     4'0100 16'0100000000000001
  transition:     4'0100 2'-1 ->     4'0101 16'0101000000000001
  transition:     4'1100 2'-- ->     4'0000 16'0000000000000000
  transition:     4'0010 2'-- ->     4'0011 16'0011000001000000
  transition:     4'1010 2'-0 ->     4'1010 16'1010000000000100
  transition:     4'1010 2'-1 ->     4'1011 16'1011000000000100
  transition:     4'0110 2'0- ->     4'0110 16'0110000000000010
  transition:     4'0110 2'1- ->     4'0111 16'0111000000000010
  transition:     4'0001 2'-- ->     4'0010 16'0010000000001000
  transition:     4'1001 2'-- ->     4'1010 16'1010001000000000
  transition:     4'0101 2'-- ->     4'0110 16'0110010000000000
  transition:     4'0011 2'-- ->     4'0100 16'0100000100000000
  transition:     4'1011 2'-- ->     4'1100 16'1100100000000000
  transition:     4'0111 2'-- ->     4'1000 16'1000000000010000

64.3. Executing FSM_OPT pass (simple optimizations of FSMs).
Optimizing FSM `$fsm$\cnn_inst.proc_u0.cnn_ctrl_u0.state$1629' from module `\CLASSIFIER_plus_cross_TOP'.
Optimizing FSM `$fsm$\cnn_inst.proc_u0.cnn_ctrl_u0.cnn_inst.state$1621' from module `\CLASSIFIER_plus_cross_TOP'.
Optimizing FSM `$fsm$\cnn_inst.proc_u0.cnn_ctrl_u0.cnn_inst.cnn_inst.window_sel$1615' from module `\CLASSIFIER_plus_cross_TOP'.
Optimizing FSM `$fsm$\cnn_inst.proc_u0.cnn_ctrl_u0.cnn_inst.cnn_inst.state$1603' from module `\CLASSIFIER_plus_cross_TOP'.

64.4. Executing OPT_CLEAN pass (remove unused cells and wires).
Finding unused cells or wires in module \CLASSIFIER_plus_cross_TOP..
Removed 48 unused cells and 49 unused wires.
<suppressed ~50 debug messages>

64.5. Executing FSM_OPT pass (simple optimizations of FSMs).
Optimizing FSM `$fsm$\cnn_inst.proc_u0.cnn_ctrl_u0.cnn_inst.cnn_inst.state$1603' from module `\CLASSIFIER_plus_cross_TOP'.
  Removing unused output signal $flatten\cnn_inst.\proc_u0.\cnn_ctrl_u0.\cnn_inst.\cnn_inst.$procmux$599_CMP.
  Removing unused output signal $flatten\cnn_inst.\proc_u0.\cnn_ctrl_u0.\cnn_inst.\cnn_inst.$0\state[3:0] [0].
  Removing unused output signal $flatten\cnn_inst.\proc_u0.\cnn_ctrl_u0.\cnn_inst.\cnn_inst.$0\state[3:0] [1].
  Removing unused output signal $flatten\cnn_inst.\proc_u0.\cnn_ctrl_u0.\cnn_inst.\cnn_inst.$0\state[3:0] [2].
  Removing unused output signal $flatten\cnn_inst.\proc_u0.\cnn_ctrl_u0.\cnn_inst.\cnn_inst.$0\state[3:0] [3].
Optimizing FSM `$fsm$\cnn_inst.proc_u0.cnn_ctrl_u0.cnn_inst.cnn_inst.window_sel$1615' from module `\CLASSIFIER_plus_cross_TOP'.
  Removing unused output signal $flatten\cnn_inst.\proc_u0.\cnn_ctrl_u0.\cnn_inst.\cnn_inst.$0\window_sel[1:0] [0].
  Removing unused output signal $flatten\cnn_inst.\proc_u0.\cnn_ctrl_u0.\cnn_inst.\cnn_inst.$0\window_sel[1:0] [1].
Optimizing FSM `$fsm$\cnn_inst.proc_u0.cnn_ctrl_u0.cnn_inst.state$1621' from module `\CLASSIFIER_plus_cross_TOP'.
  Removing unused output signal $flatten\cnn_inst.\proc_u0.\cnn_ctrl_u0.\cnn_inst.$0\state[2:0] [0].
  Removing unused output signal $flatten\cnn_inst.\proc_u0.\cnn_ctrl_u0.\cnn_inst.$0\state[2:0] [1].
  Removing unused output signal $flatten\cnn_inst.\proc_u0.\cnn_ctrl_u0.\cnn_inst.$0\state[2:0] [2].
  Removing unused output signal $flatten\cnn_inst.\proc_u0.\cnn_ctrl_u0.\cnn_inst.$procmux$753_CMP.
Optimizing FSM `$fsm$\cnn_inst.proc_u0.cnn_ctrl_u0.state$1629' from module `\CLASSIFIER_plus_cross_TOP'.
  Removing unused output signal $flatten\cnn_inst.\proc_u0.\cnn_ctrl_u0.$procmux$1330_CMP.
  Removing unused output signal $flatten\cnn_inst.\proc_u0.\cnn_ctrl_u0.$procmux$1326_CMP.
  Removing unused output signal $flatten\cnn_inst.\proc_u0.\cnn_ctrl_u0.$procmux$1320_CMP.
  Removing unused output signal $flatten\cnn_inst.\proc_u0.\cnn_ctrl_u0.$0\state[3:0] [0].
  Removing unused output signal $flatten\cnn_inst.\proc_u0.\cnn_ctrl_u0.$0\state[3:0] [1].
  Removing unused output signal $flatten\cnn_inst.\proc_u0.\cnn_ctrl_u0.$0\state[3:0] [2].
  Removing unused output signal $flatten\cnn_inst.\proc_u0.\cnn_ctrl_u0.$0\state[3:0] [3].

64.6. Executing FSM_RECODE pass (re-assigning FSM state encoding).
Recoding FSM `$fsm$\cnn_inst.proc_u0.cnn_ctrl_u0.cnn_inst.cnn_inst.state$1603' from module `\CLASSIFIER_plus_cross_TOP' using `auto' encoding:
  mapping auto encoding to `one-hot` for this FSM.
  0000 -> ---------1
  1000 -> --------1-
  0100 -> -------1--
  0010 -> ------1---
  0110 -> -----1----
  0001 -> ----1-----
  1001 -> ---1------
  0101 -> --1-------
  0011 -> -1--------
  0111 -> 1---------
Recoding FSM `$fsm$\cnn_inst.proc_u0.cnn_ctrl_u0.cnn_inst.cnn_inst.window_sel$1615' from module `\CLASSIFIER_plus_cross_TOP' using `auto' encoding:
  mapping auto encoding to `one-hot` for this FSM.
  00 -> ---1
  10 -> --1-
  01 -> -1--
  11 -> 1---
Recoding FSM `$fsm$\cnn_inst.proc_u0.cnn_ctrl_u0.cnn_inst.state$1621' from module `\CLASSIFIER_plus_cross_TOP' using `auto' encoding:
  mapping auto encoding to `one-hot` for this FSM.
  000 -> -----1
  100 -> ----1-
  010 -> ---1--
  001 -> --1---
  101 -> -1----
  011 -> 1-----
Recoding FSM `$fsm$\cnn_inst.proc_u0.cnn_ctrl_u0.state$1629' from module `\CLASSIFIER_plus_cross_TOP' using `auto' encoding:
  mapping auto encoding to `one-hot` for this FSM.
  0000 -> ------------1
  1000 -> -----------1-
  0100 -> ----------1--
  1100 -> ---------1---
  0010 -> --------1----
  1010 -> -------1-----
  0110 -> ------1------
  0001 -> -----1-------
  1001 -> ----1--------
  0101 -> ---1---------
  0011 -> --1----------
  1011 -> -1-----------
  0111 -> 1------------

64.7. Executing FSM_INFO pass (dumping all available information on FSM cells).

FSM `$fsm$\cnn_inst.proc_u0.cnn_ctrl_u0.cnn_inst.cnn_inst.state$1603' from module `CLASSIFIER_plus_cross_TOP':
-------------------------------------

  Information on FSM $fsm$\cnn_inst.proc_u0.cnn_ctrl_u0.cnn_inst.cnn_inst.state$1603 (\cnn_inst.proc_u0.cnn_ctrl_u0.cnn_inst.cnn_inst.state):

  Number of input signals:    1
  Number of output signals:   9
  Number of state bits:      10

  Input signals:
    0: \cnn_inst.proc_u0.cnn_ctrl_u0.cnn_inst.cnn_start

  Output signals:
    0: $flatten\cnn_inst.\proc_u0.\cnn_ctrl_u0.\cnn_inst.\cnn_inst.$procmux$585_CMP
    1: $flatten\cnn_inst.\proc_u0.\cnn_ctrl_u0.\cnn_inst.\cnn_inst.$procmux$584_CMP
    2: $flatten\cnn_inst.\proc_u0.\cnn_ctrl_u0.\cnn_inst.\cnn_inst.$procmux$583_CMP
    3: $flatten\cnn_inst.\proc_u0.\cnn_ctrl_u0.\cnn_inst.\cnn_inst.$procmux$582_CMP
    4: $flatten\cnn_inst.\proc_u0.\cnn_ctrl_u0.\cnn_inst.\cnn_inst.$procmux$576_CMP
    5: $flatten\cnn_inst.\proc_u0.\cnn_ctrl_u0.\cnn_inst.\cnn_inst.$procmux$575_CMP
    6: $flatten\cnn_inst.\proc_u0.\cnn_ctrl_u0.\cnn_inst.\cnn_inst.$procmux$574_CMP
    7: $flatten\cnn_inst.\proc_u0.\cnn_ctrl_u0.\cnn_inst.\cnn_inst.$procmux$570_CMP
    8: $flatten\cnn_inst.\proc_u0.\cnn_ctrl_u0.\cnn_inst.\cnn_inst.$procmux$560_CMP

  State encoding:
    0: 10'---------1  <RESET STATE>
    1: 10'--------1-
    2: 10'-------1--
    3: 10'------1---
    4: 10'-----1----
    5: 10'----1-----
    6: 10'---1------
    7: 10'--1-------
    8: 10'-1--------
    9: 10'1---------

  Transition Table (state_in, ctrl_in, state_out, ctrl_out):
      0:     0 1'0   ->     0 9'000000000
      1:     0 1'1   ->     5 9'000000000
      2:     1 1'-   ->     6 9'001000000
      3:     2 1'-   ->     7 9'000010000
      4:     3 1'-   ->     8 9'010000000
      5:     4 1'-   ->     9 9'000100000
      6:     5 1'-   ->     3 9'000000001
      7:     6 1'-   ->     0 9'100000000
      8:     7 1'-   ->     4 9'000000100
      9:     8 1'-   ->     2 9'000000010
     10:     9 1'-   ->     1 9'000001000

-------------------------------------

FSM `$fsm$\cnn_inst.proc_u0.cnn_ctrl_u0.cnn_inst.cnn_inst.window_sel$1615' from module `CLASSIFIER_plus_cross_TOP':
-------------------------------------

  Information on FSM $fsm$\cnn_inst.proc_u0.cnn_ctrl_u0.cnn_inst.cnn_inst.window_sel$1615 (\cnn_inst.proc_u0.cnn_ctrl_u0.cnn_inst.cnn_inst.window_sel):

  Number of input signals:    4
  Number of output signals:   4
  Number of state bits:       4

  Input signals:
    0: $flatten\cnn_inst.\proc_u0.\cnn_ctrl_u0.\cnn_inst.\cnn_inst.$procmux$585_CMP
    1: $flatten\cnn_inst.\proc_u0.\cnn_ctrl_u0.\cnn_inst.\cnn_inst.$procmux$584_CMP
    2: $flatten\cnn_inst.\proc_u0.\cnn_ctrl_u0.\cnn_inst.\cnn_inst.$procmux$583_CMP
    3: $flatten\cnn_inst.\proc_u0.\cnn_ctrl_u0.\cnn_inst.\cnn_inst.$procmux$582_CMP

  Output signals:
    0: $flatten\cnn_inst.\proc_u0.\cnn_ctrl_u0.\cnn_inst.\cnn_inst.\win_mux.$procmux$1352_CMP
    1: $flatten\cnn_inst.\proc_u0.\cnn_ctrl_u0.\cnn_inst.\cnn_inst.\win_mux.$procmux$1353_CMP
    2: $flatten\cnn_inst.\proc_u0.\cnn_ctrl_u0.\cnn_inst.\cnn_inst.\win_mux.$procmux$1354_CMP
    3: $flatten\cnn_inst.\proc_u0.\cnn_ctrl_u0.\cnn_inst.\cnn_inst.\win_mux.$procmux$1355_CMP

  State encoding:
    0:     4'---1  <RESET STATE>
    1:     4'--1-
    2:     4'-1--
    3:     4'1---

  Transition Table (state_in, ctrl_in, state_out, ctrl_out):
      0:     0 4'0000   ->     0 4'1000
      1:     0 4'---1   ->     0 4'1000
      2:     0 4'-1--   ->     1 4'1000
      3:     0 4'--1-   ->     2 4'1000
      4:     0 4'1---   ->     3 4'1000
      5:     1 4'---1   ->     0 4'0010
      6:     1 4'0000   ->     1 4'0010
      7:     1 4'-1--   ->     1 4'0010
      8:     1 4'--1-   ->     2 4'0010
      9:     1 4'1---   ->     3 4'0010
     10:     2 4'---1   ->     0 4'0100
     11:     2 4'-1--   ->     1 4'0100
     12:     2 4'0000   ->     2 4'0100
     13:     2 4'--1-   ->     2 4'0100
     14:     2 4'1---   ->     3 4'0100
     15:     3 4'---1   ->     0 4'0001
     16:     3 4'-1--   ->     1 4'0001
     17:     3 4'--1-   ->     2 4'0001
     18:     3 4'0000   ->     3 4'0001
     19:     3 4'1---   ->     3 4'0001

-------------------------------------

FSM `$fsm$\cnn_inst.proc_u0.cnn_ctrl_u0.cnn_inst.state$1621' from module `CLASSIFIER_plus_cross_TOP':
-------------------------------------

  Information on FSM $fsm$\cnn_inst.proc_u0.cnn_ctrl_u0.cnn_inst.state$1621 (\cnn_inst.proc_u0.cnn_ctrl_u0.cnn_inst.state):

  Number of input signals:    3
  Number of output signals:   5
  Number of state bits:       6

  Input signals:
    0: $flatten\cnn_inst.\proc_u0.\cnn_ctrl_u0.\cnn_inst.$eq$/home/designer/projects/CNN4IC/unic_cass_wrapper_user_project/CLASSIFIER_plus_cross_TOP/src/cnn_top.v:116$87_Y
    1: \cnn_inst.proc_u0.cnn_ctrl_u0.cnn_inst.cnn_inst.done
    2: \cnn_inst.proc_u0.cnn_ctrl_u0.cnn_start

  Output signals:
    0: $flatten\cnn_inst.\proc_u0.\cnn_ctrl_u0.\cnn_inst.$procmux$713_CMP
    1: $flatten\cnn_inst.\proc_u0.\cnn_ctrl_u0.\cnn_inst.$procmux$720_CMP
    2: $flatten\cnn_inst.\proc_u0.\cnn_ctrl_u0.\cnn_inst.$procmux$726_CMP
    3: $flatten\cnn_inst.\proc_u0.\cnn_ctrl_u0.\cnn_inst.$procmux$733_CMP
    4: $flatten\cnn_inst.\proc_u0.\cnn_ctrl_u0.\cnn_inst.$procmux$736_CMP

  State encoding:
    0:   6'-----1  <RESET STATE>
    1:   6'----1-
    2:   6'---1--
    3:   6'--1---
    4:   6'-1----
    5:   6'1-----

  Transition Table (state_in, ctrl_in, state_out, ctrl_out):
      0:     0 3'0--   ->     0 5'10000
      1:     0 3'1--   ->     3 5'10000
      2:     1 3'--0   ->     3 5'01000
      3:     1 3'--1   ->     4 5'01000
      4:     2 3'---   ->     5 5'00100
      5:     3 3'---   ->     2 5'00010
      6:     4 3'---   ->     0 5'00001
      7:     5 3'-1-   ->     1 5'00000
      8:     5 3'-0-   ->     5 5'00000

-------------------------------------

FSM `$fsm$\cnn_inst.proc_u0.cnn_ctrl_u0.state$1629' from module `CLASSIFIER_plus_cross_TOP':
-------------------------------------

  Information on FSM $fsm$\cnn_inst.proc_u0.cnn_ctrl_u0.state$1629 (\cnn_inst.proc_u0.cnn_ctrl_u0.state):

  Number of input signals:    2
  Number of output signals:   9
  Number of state bits:      13

  Input signals:
    0: \cnn_inst.proc_u0.cnn_ctrl_u0.cnn_inst.done
    1: \cnn_inst.comm_mem_u0.spi_u0.o_start_cnn

  Output signals:
    0: $flatten\cnn_inst.\proc_u0.\cnn_ctrl_u0.$procmux$1313_CMP
    1: $flatten\cnn_inst.\proc_u0.\cnn_ctrl_u0.$procmux$1312_CMP
    2: $flatten\cnn_inst.\proc_u0.\cnn_ctrl_u0.$procmux$1304_CMP
    3: $flatten\cnn_inst.\proc_u0.\cnn_ctrl_u0.$procmux$1303_CMP
    4: $flatten\cnn_inst.\proc_u0.\cnn_ctrl_u0.$procmux$1302_CMP
    5: $flatten\cnn_inst.\proc_u0.\cnn_ctrl_u0.$procmux$1295_CMP
    6: $flatten\cnn_inst.\proc_u0.\cnn_ctrl_u0.$procmux$1294_CMP
    7: $flatten\cnn_inst.\proc_u0.\cnn_ctrl_u0.$procmux$1288_CMP
    8: $flatten\cnn_inst.\proc_u0.\cnn_ctrl_u0.$procmux$1278_CMP

  State encoding:
    0: 13'------------1  <RESET STATE>
    1: 13'-----------1-
    2: 13'----------1--
    3: 13'---------1---
    4: 13'--------1----
    5: 13'-------1-----
    6: 13'------1------
    7: 13'-----1-------
    8: 13'----1--------
    9: 13'---1---------
   10: 13'--1----------
   11: 13'-1-----------
   12: 13'1------------

  Transition Table (state_in, ctrl_in, state_out, ctrl_out):
      0:     0 2'0-   ->     0 9'000000100
      1:     0 2'1-   ->     7 9'000000100
      2:     1 2'--   ->     8 9'000010000
      3:     2 2'-0   ->     2 9'000000000
      4:     2 2'-1   ->     9 9'000000000
      5:     3 2'--   ->     0 9'000000000
      6:     4 2'--   ->    10 9'000001000
      7:     5 2'-0   ->     5 9'000000000
      8:     5 2'-1   ->    11 9'000000000
      9:     6 2'0-   ->     6 9'000000000
     10:     6 2'1-   ->    12 9'000000000
     11:     7 2'--   ->     4 9'000000001
     12:     8 2'--   ->     5 9'001000000
     13:     9 2'--   ->     6 9'010000000
     14:    10 2'--   ->     2 9'000100000
     15:    11 2'--   ->     3 9'100000000
     16:    12 2'--   ->     1 9'000000010

-------------------------------------

64.8. Executing FSM_MAP pass (mapping FSMs to basic logic).
Mapping FSM `$fsm$\cnn_inst.proc_u0.cnn_ctrl_u0.cnn_inst.cnn_inst.state$1603' from module `\CLASSIFIER_plus_cross_TOP'.
Mapping FSM `$fsm$\cnn_inst.proc_u0.cnn_ctrl_u0.cnn_inst.cnn_inst.window_sel$1615' from module `\CLASSIFIER_plus_cross_TOP'.
Mapping FSM `$fsm$\cnn_inst.proc_u0.cnn_ctrl_u0.cnn_inst.state$1621' from module `\CLASSIFIER_plus_cross_TOP'.
Mapping FSM `$fsm$\cnn_inst.proc_u0.cnn_ctrl_u0.state$1629' from module `\CLASSIFIER_plus_cross_TOP'.

65. Executing OPT_EXPR pass (perform const folding).
Optimizing module CLASSIFIER_plus_cross_TOP.
<suppressed ~24 debug messages>

66. Executing OPT_MERGE pass (detect identical cells).
Finding identical cells in module `\CLASSIFIER_plus_cross_TOP'.
<suppressed ~15 debug messages>
Removed a total of 5 cells.

67. Executing OPT_MUXTREE pass (detect dead branches in mux trees).
Running muxtree optimizer on module \CLASSIFIER_plus_cross_TOP..
  Creating internal representation of mux trees.
  Evaluating internal representation of mux trees.
  Analyzing evaluation results.
Removed 0 multiplexer ports.
<suppressed ~260 debug messages>

68. Executing OPT_REDUCE pass (consolidate $*mux and $reduce_* inputs).
  Optimizing cells in module \CLASSIFIER_plus_cross_TOP.
Performed a total of 0 changes.

69. Executing OPT_MERGE pass (detect identical cells).
Finding identical cells in module `\CLASSIFIER_plus_cross_TOP'.
Removed a total of 0 cells.

70. Executing OPT_DFF pass (perform DFF optimizations).
Adding EN signal on $flatten\cnn_inst.\proc_u0.\cnn_ctrl_u0.\cnn_inst.\cnn_inst.\pool_inst.$procdff$1358 ($adff) from module CLASSIFIER_plus_cross_TOP (D = $flatten\cnn_inst.\proc_u0.\cnn_ctrl_u0.\cnn_inst.\cnn_inst.\pool_inst.$procmux$553_Y, Q = \cnn_inst.proc_u0.cnn_ctrl_u0.cnn_inst.cnn_inst.pool_inst.max_out).
Adding EN signal on $flatten\cnn_inst.\proc_u0.\cnn_ctrl_u0.\cnn_inst.$procdff$1403 ($adff) from module CLASSIFIER_plus_cross_TOP (D = $flatten\cnn_inst.\proc_u0.\cnn_ctrl_u0.\cnn_inst.$0\frag_sel[3:0], Q = \cnn_inst.proc_u0.cnn_ctrl_u0.cnn_inst.frag_sel).
Adding EN signal on $flatten\cnn_inst.\proc_u0.\cnn_ctrl_u0.\cnn_inst.$procdff$1400 ($adff) from module CLASSIFIER_plus_cross_TOP (D = $flatten\cnn_inst.\proc_u0.\cnn_ctrl_u0.\cnn_inst.$0\acc[15:0], Q = \cnn_inst.proc_u0.cnn_ctrl_u0.cnn_inst.acc).
Adding EN signal on $flatten\cnn_inst.\proc_u0.\cnn_ctrl_u0.$procdff$1556 ($adff) from module CLASSIFIER_plus_cross_TOP (D = { \cnn_inst.comm_mem_u0.reg_wgt_u4.Datos \cnn_inst.comm_mem_u0.reg_wgt_u3.Datos \cnn_inst.comm_mem_u0.reg_wgt_u2.Datos \cnn_inst.comm_mem_u0.reg_wgt_u1.Datos \cnn_inst.comm_mem_u0.reg_wgt_u0.Datos }, Q = \cnn_inst.proc_u0.cnn_ctrl_u0.kernel_reg).
Adding EN signal on $flatten\cnn_inst.\proc_u0.\cnn_ctrl_u0.$procdff$1544 ($adff) from module CLASSIFIER_plus_cross_TOP (D = \cnn_inst.proc_u0.cnn_ctrl_u0.cnn_inst.acc, Q = \cnn_inst.proc_u0.cnn_ctrl_u0.o_acc1).
Adding EN signal on $flatten\cnn_inst.\proc_u0.\cnn_ctrl_u0.$procdff$1538 ($adff) from module CLASSIFIER_plus_cross_TOP (D = \cnn_inst.proc_u0.cnn_ctrl_u0.cnn_inst.acc, Q = \cnn_inst.proc_u0.cnn_ctrl_u0.o_acc0).
Adding EN signal on $flatten\cnn_inst.\comm_mem_u0.\spi_u0.\loader_weight_sm.$procdff$1382 ($adff) from module CLASSIFIER_plus_cross_TOP (D = \cnn_inst.comm_mem_u0.spi_u0.weight_count, Q = \cnn_inst.comm_mem_u0.spi_u0.loader_weight_sm.weight_latch).
Adding EN signal on $flatten\cnn_inst.\comm_mem_u0.\spi_u0.\loader_image_sm.$procdff$1376 ($adff) from module CLASSIFIER_plus_cross_TOP (D = \cnn_inst.comm_mem_u0.spi_u0.row, Q = \cnn_inst.comm_mem_u0.spi_u0.loader_image_sm.row_latch).
Adding EN signal on $flatten\cnn_inst.\comm_mem_u0.\spi_u0.$procdff$1508 ($dff) from module CLASSIFIER_plus_cross_TOP (D = { \cnn_inst.comm_mem_u0.spi_u0.weight_shift [13:0] \ui_PAD2CORE [2] }, Q = \cnn_inst.comm_mem_u0.spi_u0.weight_mem[4]).
Adding EN signal on $flatten\cnn_inst.\comm_mem_u0.\spi_u0.$procdff$1503 ($dff) from module CLASSIFIER_plus_cross_TOP (D = { \cnn_inst.comm_mem_u0.spi_u0.weight_shift [13:0] \ui_PAD2CORE [2] }, Q = \cnn_inst.comm_mem_u0.spi_u0.weight_mem[3]).
Adding EN signal on $flatten\cnn_inst.\comm_mem_u0.\spi_u0.$procdff$1498 ($dff) from module CLASSIFIER_plus_cross_TOP (D = { \cnn_inst.comm_mem_u0.spi_u0.weight_shift [13:0] \ui_PAD2CORE [2] }, Q = \cnn_inst.comm_mem_u0.spi_u0.weight_mem[2]).
Adding EN signal on $flatten\cnn_inst.\comm_mem_u0.\spi_u0.$procdff$1493 ($dff) from module CLASSIFIER_plus_cross_TOP (D = { \cnn_inst.comm_mem_u0.spi_u0.weight_shift [13:0] \ui_PAD2CORE [2] }, Q = \cnn_inst.comm_mem_u0.spi_u0.weight_mem[1]).
Adding EN signal on $flatten\cnn_inst.\comm_mem_u0.\spi_u0.$procdff$1488 ($dff) from module CLASSIFIER_plus_cross_TOP (D = { \cnn_inst.comm_mem_u0.spi_u0.weight_shift [13:0] \ui_PAD2CORE [2] }, Q = \cnn_inst.comm_mem_u0.spi_u0.weight_mem[0]).
Adding EN signal on $flatten\cnn_inst.\comm_mem_u0.\spi_u0.$procdff$1483 ($dff) from module CLASSIFIER_plus_cross_TOP (D = { \cnn_inst.comm_mem_u0.spi_u0.image_shift [28:0] \ui_PAD2CORE [2] }, Q = \cnn_inst.comm_mem_u0.spi_u0.image_mem[9]).
Adding EN signal on $flatten\cnn_inst.\comm_mem_u0.\spi_u0.$procdff$1478 ($dff) from module CLASSIFIER_plus_cross_TOP (D = { \cnn_inst.comm_mem_u0.spi_u0.image_shift [28:0] \ui_PAD2CORE [2] }, Q = \cnn_inst.comm_mem_u0.spi_u0.image_mem[8]).
Adding EN signal on $flatten\cnn_inst.\comm_mem_u0.\spi_u0.$procdff$1473 ($dff) from module CLASSIFIER_plus_cross_TOP (D = { \cnn_inst.comm_mem_u0.spi_u0.image_shift [28:0] \ui_PAD2CORE [2] }, Q = \cnn_inst.comm_mem_u0.spi_u0.image_mem[7]).
Adding EN signal on $flatten\cnn_inst.\comm_mem_u0.\spi_u0.$procdff$1468 ($dff) from module CLASSIFIER_plus_cross_TOP (D = { \cnn_inst.comm_mem_u0.spi_u0.image_shift [28:0] \ui_PAD2CORE [2] }, Q = \cnn_inst.comm_mem_u0.spi_u0.image_mem[6]).
Adding EN signal on $flatten\cnn_inst.\comm_mem_u0.\spi_u0.$procdff$1463 ($dff) from module CLASSIFIER_plus_cross_TOP (D = { \cnn_inst.comm_mem_u0.spi_u0.image_shift [28:0] \ui_PAD2CORE [2] }, Q = \cnn_inst.comm_mem_u0.spi_u0.image_mem[5]).
Adding EN signal on $flatten\cnn_inst.\comm_mem_u0.\spi_u0.$procdff$1458 ($dff) from module CLASSIFIER_plus_cross_TOP (D = { \cnn_inst.comm_mem_u0.spi_u0.image_shift [28:0] \ui_PAD2CORE [2] }, Q = \cnn_inst.comm_mem_u0.spi_u0.image_mem[4]).
Adding EN signal on $flatten\cnn_inst.\comm_mem_u0.\spi_u0.$procdff$1453 ($dff) from module CLASSIFIER_plus_cross_TOP (D = { \cnn_inst.comm_mem_u0.spi_u0.image_shift [28:0] \ui_PAD2CORE [2] }, Q = \cnn_inst.comm_mem_u0.spi_u0.image_mem[3]).
Adding EN signal on $flatten\cnn_inst.\comm_mem_u0.\spi_u0.$procdff$1448 ($dff) from module CLASSIFIER_plus_cross_TOP (D = { \cnn_inst.comm_mem_u0.spi_u0.image_shift [28:0] \ui_PAD2CORE [2] }, Q = \cnn_inst.comm_mem_u0.spi_u0.image_mem[2]).
Adding EN signal on $flatten\cnn_inst.\comm_mem_u0.\spi_u0.$procdff$1443 ($dff) from module CLASSIFIER_plus_cross_TOP (D = { \cnn_inst.comm_mem_u0.spi_u0.image_shift [28:0] \ui_PAD2CORE [2] }, Q = \cnn_inst.comm_mem_u0.spi_u0.image_mem[1]).
Adding EN signal on $flatten\cnn_inst.\comm_mem_u0.\spi_u0.$procdff$1438 ($dff) from module CLASSIFIER_plus_cross_TOP (D = { \cnn_inst.comm_mem_u0.spi_u0.image_shift [28:0] \ui_PAD2CORE [2] }, Q = \cnn_inst.comm_mem_u0.spi_u0.image_mem[0]).
Adding EN signal on $flatten\cnn_inst.\comm_mem_u0.\spi_u0.$procdff$1430 ($adff) from module CLASSIFIER_plus_cross_TOP (D = $flatten\cnn_inst.\comm_mem_u0.\spi_u0.$procmux$1188_Y, Q = \cnn_inst.comm_mem_u0.spi_u0.miso_active).
Adding EN signal on $flatten\cnn_inst.\comm_mem_u0.\spi_u0.$procdff$1427 ($adff) from module CLASSIFIER_plus_cross_TOP (D = $flatten\cnn_inst.\comm_mem_u0.\spi_u0.$add$/home/designer/projects/CNN4IC/unic_cass_wrapper_user_project/CLASSIFIER_plus_cross_TOP/src/spi_cnn_slave_8.v:252$80_Y, Q = \cnn_inst.comm_mem_u0.spi_u0.miso_count).
Adding EN signal on $flatten\cnn_inst.\comm_mem_u0.\spi_u0.$procdff$1424 ($adff) from module CLASSIFIER_plus_cross_TOP (D = { \cnn_inst.comm_mem_u0.spi_u0.weight_shift [13:0] \ui_PAD2CORE [2] }, Q = \cnn_inst.comm_mem_u0.spi_u0.weight_shift).
Adding EN signal on $flatten\cnn_inst.\comm_mem_u0.\spi_u0.$procdff$1421 ($adff) from module CLASSIFIER_plus_cross_TOP (D = { \cnn_inst.comm_mem_u0.spi_u0.image_shift [28:0] \ui_PAD2CORE [2] }, Q = \cnn_inst.comm_mem_u0.spi_u0.image_shift).
Adding EN signal on $flatten\cnn_inst.\comm_mem_u0.\spi_u0.$procdff$1418 ($adff) from module CLASSIFIER_plus_cross_TOP (D = $flatten\cnn_inst.\comm_mem_u0.\spi_u0.$add$/home/designer/projects/CNN4IC/unic_cass_wrapper_user_project/CLASSIFIER_plus_cross_TOP/src/spi_cnn_slave_8.v:232$78_Y, Q = \cnn_inst.comm_mem_u0.spi_u0.weight_count).
Adding EN signal on $flatten\cnn_inst.\comm_mem_u0.\spi_u0.$procdff$1415 ($adff) from module CLASSIFIER_plus_cross_TOP (D = $flatten\cnn_inst.\comm_mem_u0.\spi_u0.$add$/home/designer/projects/CNN4IC/unic_cass_wrapper_user_project/CLASSIFIER_plus_cross_TOP/src/spi_cnn_slave_8.v:222$74_Y, Q = \cnn_inst.comm_mem_u0.spi_u0.row).
Adding EN signal on $flatten\cnn_inst.\comm_mem_u0.\spi_u0.$procdff$1406 ($adff) from module CLASSIFIER_plus_cross_TOP (D = $flatten\cnn_inst.\comm_mem_u0.\spi_u0.$or$/home/designer/projects/CNN4IC/unic_cass_wrapper_user_project/CLASSIFIER_plus_cross_TOP/src/spi_cnn_slave_8.v:195$64_Y, Q = \cnn_inst.comm_mem_u0.spi_u0.cmd).
Adding SRST signal on $flatten\cnn_inst.\comm_mem_u0.\reg_wgt_u4.$procdff$1534 ($dff) from module CLASSIFIER_plus_cross_TOP (D = $flatten\cnn_inst.\comm_mem_u0.\reg_wgt_u4.$procmux$1262_Y, Q = \cnn_inst.comm_mem_u0.reg_wgt_u4.Datos, rval = 15'000000000000000).
Adding EN signal on $auto$ff.cc:337:slice$1919 ($sdff) from module CLASSIFIER_plus_cross_TOP (D = \cnn_inst.comm_mem_u0.spi_u0.weight_mem[4], Q = \cnn_inst.comm_mem_u0.reg_wgt_u4.Datos).
Adding SRST signal on $flatten\cnn_inst.\comm_mem_u0.\reg_wgt_u3.$procdff$1534 ($dff) from module CLASSIFIER_plus_cross_TOP (D = $flatten\cnn_inst.\comm_mem_u0.\reg_wgt_u3.$procmux$1262_Y, Q = \cnn_inst.comm_mem_u0.reg_wgt_u3.Datos, rval = 15'000000000000000).
Adding EN signal on $auto$ff.cc:337:slice$1921 ($sdff) from module CLASSIFIER_plus_cross_TOP (D = \cnn_inst.comm_mem_u0.spi_u0.weight_mem[3], Q = \cnn_inst.comm_mem_u0.reg_wgt_u3.Datos).
Adding SRST signal on $flatten\cnn_inst.\comm_mem_u0.\reg_wgt_u2.$procdff$1534 ($dff) from module CLASSIFIER_plus_cross_TOP (D = $flatten\cnn_inst.\comm_mem_u0.\reg_wgt_u2.$procmux$1262_Y, Q = \cnn_inst.comm_mem_u0.reg_wgt_u2.Datos, rval = 15'000000000000000).
Adding EN signal on $auto$ff.cc:337:slice$1923 ($sdff) from module CLASSIFIER_plus_cross_TOP (D = \cnn_inst.comm_mem_u0.spi_u0.weight_mem[2], Q = \cnn_inst.comm_mem_u0.reg_wgt_u2.Datos).
Adding SRST signal on $flatten\cnn_inst.\comm_mem_u0.\reg_wgt_u1.$procdff$1534 ($dff) from module CLASSIFIER_plus_cross_TOP (D = $flatten\cnn_inst.\comm_mem_u0.\reg_wgt_u1.$procmux$1262_Y, Q = \cnn_inst.comm_mem_u0.reg_wgt_u1.Datos, rval = 15'000000000000000).
Adding EN signal on $auto$ff.cc:337:slice$1925 ($sdff) from module CLASSIFIER_plus_cross_TOP (D = \cnn_inst.comm_mem_u0.spi_u0.weight_mem[1], Q = \cnn_inst.comm_mem_u0.reg_wgt_u1.Datos).
Adding SRST signal on $flatten\cnn_inst.\comm_mem_u0.\reg_wgt_u0.$procdff$1534 ($dff) from module CLASSIFIER_plus_cross_TOP (D = $flatten\cnn_inst.\comm_mem_u0.\reg_wgt_u0.$procmux$1262_Y, Q = \cnn_inst.comm_mem_u0.reg_wgt_u0.Datos, rval = 15'000000000000000).
Adding EN signal on $auto$ff.cc:337:slice$1927 ($sdff) from module CLASSIFIER_plus_cross_TOP (D = \cnn_inst.comm_mem_u0.spi_u0.weight_mem[0], Q = \cnn_inst.comm_mem_u0.reg_wgt_u0.Datos).
Adding SRST signal on $flatten\cnn_inst.\comm_mem_u0.\reg_img_u9.$procdff$1533 ($dff) from module CLASSIFIER_plus_cross_TOP (D = $flatten\cnn_inst.\comm_mem_u0.\reg_img_u9.$procmux$1257_Y, Q = \cnn_inst.comm_mem_u0.reg_img_u9.Datos, rval = 30'000000000000000000000000000000).
Adding EN signal on $auto$ff.cc:337:slice$1929 ($sdff) from module CLASSIFIER_plus_cross_TOP (D = \cnn_inst.comm_mem_u0.spi_u0.image_mem[9], Q = \cnn_inst.comm_mem_u0.reg_img_u9.Datos).
Adding SRST signal on $flatten\cnn_inst.\comm_mem_u0.\reg_img_u8.$procdff$1533 ($dff) from module CLASSIFIER_plus_cross_TOP (D = $flatten\cnn_inst.\comm_mem_u0.\reg_img_u8.$procmux$1257_Y, Q = \cnn_inst.comm_mem_u0.reg_img_u8.Datos, rval = 30'000000000000000000000000000000).
Adding EN signal on $auto$ff.cc:337:slice$1931 ($sdff) from module CLASSIFIER_plus_cross_TOP (D = \cnn_inst.comm_mem_u0.spi_u0.image_mem[8], Q = \cnn_inst.comm_mem_u0.reg_img_u8.Datos).
Adding SRST signal on $flatten\cnn_inst.\comm_mem_u0.\reg_img_u7.$procdff$1533 ($dff) from module CLASSIFIER_plus_cross_TOP (D = $flatten\cnn_inst.\comm_mem_u0.\reg_img_u7.$procmux$1257_Y, Q = \cnn_inst.comm_mem_u0.reg_img_u7.Datos, rval = 30'000000000000000000000000000000).
Adding EN signal on $auto$ff.cc:337:slice$1933 ($sdff) from module CLASSIFIER_plus_cross_TOP (D = \cnn_inst.comm_mem_u0.spi_u0.image_mem[7], Q = \cnn_inst.comm_mem_u0.reg_img_u7.Datos).
Adding SRST signal on $flatten\cnn_inst.\comm_mem_u0.\reg_img_u6.$procdff$1533 ($dff) from module CLASSIFIER_plus_cross_TOP (D = $flatten\cnn_inst.\comm_mem_u0.\reg_img_u6.$procmux$1257_Y, Q = \cnn_inst.comm_mem_u0.reg_img_u6.Datos, rval = 30'000000000000000000000000000000).
Adding EN signal on $auto$ff.cc:337:slice$1935 ($sdff) from module CLASSIFIER_plus_cross_TOP (D = \cnn_inst.comm_mem_u0.spi_u0.image_mem[6], Q = \cnn_inst.comm_mem_u0.reg_img_u6.Datos).
Adding SRST signal on $flatten\cnn_inst.\comm_mem_u0.\reg_img_u5.$procdff$1533 ($dff) from module CLASSIFIER_plus_cross_TOP (D = $flatten\cnn_inst.\comm_mem_u0.\reg_img_u5.$procmux$1257_Y, Q = \cnn_inst.comm_mem_u0.reg_img_u5.Datos, rval = 30'000000000000000000000000000000).
Adding EN signal on $auto$ff.cc:337:slice$1937 ($sdff) from module CLASSIFIER_plus_cross_TOP (D = \cnn_inst.comm_mem_u0.spi_u0.image_mem[5], Q = \cnn_inst.comm_mem_u0.reg_img_u5.Datos).
Adding SRST signal on $flatten\cnn_inst.\comm_mem_u0.\reg_img_u4.$procdff$1533 ($dff) from module CLASSIFIER_plus_cross_TOP (D = $flatten\cnn_inst.\comm_mem_u0.\reg_img_u4.$procmux$1257_Y, Q = \cnn_inst.comm_mem_u0.reg_img_u4.Datos, rval = 30'000000000000000000000000000000).
Adding EN signal on $auto$ff.cc:337:slice$1939 ($sdff) from module CLASSIFIER_plus_cross_TOP (D = \cnn_inst.comm_mem_u0.spi_u0.image_mem[4], Q = \cnn_inst.comm_mem_u0.reg_img_u4.Datos).
Adding SRST signal on $flatten\cnn_inst.\comm_mem_u0.\reg_img_u3.$procdff$1533 ($dff) from module CLASSIFIER_plus_cross_TOP (D = $flatten\cnn_inst.\comm_mem_u0.\reg_img_u3.$procmux$1257_Y, Q = \cnn_inst.comm_mem_u0.reg_img_u3.Datos, rval = 30'000000000000000000000000000000).
Adding EN signal on $auto$ff.cc:337:slice$1941 ($sdff) from module CLASSIFIER_plus_cross_TOP (D = \cnn_inst.comm_mem_u0.spi_u0.image_mem[3], Q = \cnn_inst.comm_mem_u0.reg_img_u3.Datos).
Adding SRST signal on $flatten\cnn_inst.\comm_mem_u0.\reg_img_u2.$procdff$1533 ($dff) from module CLASSIFIER_plus_cross_TOP (D = $flatten\cnn_inst.\comm_mem_u0.\reg_img_u2.$procmux$1257_Y, Q = \cnn_inst.comm_mem_u0.reg_img_u2.Datos, rval = 30'000000000000000000000000000000).
Adding EN signal on $auto$ff.cc:337:slice$1943 ($sdff) from module CLASSIFIER_plus_cross_TOP (D = \cnn_inst.comm_mem_u0.spi_u0.image_mem[2], Q = \cnn_inst.comm_mem_u0.reg_img_u2.Datos).
Adding SRST signal on $flatten\cnn_inst.\comm_mem_u0.\reg_img_u1.$procdff$1533 ($dff) from module CLASSIFIER_plus_cross_TOP (D = $flatten\cnn_inst.\comm_mem_u0.\reg_img_u1.$procmux$1257_Y, Q = \cnn_inst.comm_mem_u0.reg_img_u1.Datos, rval = 30'000000000000000000000000000000).
Adding EN signal on $auto$ff.cc:337:slice$1945 ($sdff) from module CLASSIFIER_plus_cross_TOP (D = \cnn_inst.comm_mem_u0.spi_u0.image_mem[1], Q = \cnn_inst.comm_mem_u0.reg_img_u1.Datos).
Adding SRST signal on $flatten\cnn_inst.\comm_mem_u0.\reg_img_u0.$procdff$1533 ($dff) from module CLASSIFIER_plus_cross_TOP (D = $flatten\cnn_inst.\comm_mem_u0.\reg_img_u0.$procmux$1257_Y, Q = \cnn_inst.comm_mem_u0.reg_img_u0.Datos, rval = 30'000000000000000000000000000000).
Adding EN signal on $auto$ff.cc:337:slice$1947 ($sdff) from module CLASSIFIER_plus_cross_TOP (D = \cnn_inst.comm_mem_u0.spi_u0.image_mem[0], Q = \cnn_inst.comm_mem_u0.reg_img_u0.Datos).
Adding SRST signal on $flatten\cnn_inst.\comm_mem_u0.\mr2_u0.$procdff$1535 ($dff) from module CLASSIFIER_plus_cross_TOP (D = $flatten\cnn_inst.\comm_mem_u0.\mr2_u0.$procmux$1267_Y, Q = \cnn_inst.comm_mem_u0.mr2_u0.Datos, rval = 16'0000000000000000).
Adding EN signal on $auto$ff.cc:337:slice$1949 ($sdff) from module CLASSIFIER_plus_cross_TOP (D = \cnn_inst.proc_u0.cnn_ctrl_u0.o_acc1, Q = \cnn_inst.comm_mem_u0.mr2_u0.Datos).
Adding SRST signal on $flatten\cnn_inst.\comm_mem_u0.\mr1_u0.$procdff$1535 ($dff) from module CLASSIFIER_plus_cross_TOP (D = $flatten\cnn_inst.\comm_mem_u0.\mr1_u0.$procmux$1267_Y, Q = \cnn_inst.comm_mem_u0.mr1_u0.Datos, rval = 16'0000000000000000).
Adding EN signal on $auto$ff.cc:337:slice$1951 ($sdff) from module CLASSIFIER_plus_cross_TOP (D = \cnn_inst.proc_u0.cnn_ctrl_u0.o_acc0, Q = \cnn_inst.comm_mem_u0.mr1_u0.Datos).

71. Executing OPT_CLEAN pass (remove unused cells and wires).
Finding unused cells or wires in module \CLASSIFIER_plus_cross_TOP..
Removed 131 unused cells and 192 unused wires.
<suppressed ~132 debug messages>

72. Executing OPT_EXPR pass (perform const folding).
Optimizing module CLASSIFIER_plus_cross_TOP.
<suppressed ~3 debug messages>

73. Rerunning OPT passes. (Maybe there is more to do…)

74. Executing OPT_MUXTREE pass (detect dead branches in mux trees).
Running muxtree optimizer on module \CLASSIFIER_plus_cross_TOP..
  Creating internal representation of mux trees.
  Evaluating internal representation of mux trees.
  Analyzing evaluation results.
Removed 0 multiplexer ports.
<suppressed ~86 debug messages>

75. Executing OPT_REDUCE pass (consolidate $*mux and $reduce_* inputs).
  Optimizing cells in module \CLASSIFIER_plus_cross_TOP.
Performed a total of 0 changes.

76. Executing OPT_MERGE pass (detect identical cells).
Finding identical cells in module `\CLASSIFIER_plus_cross_TOP'.
<suppressed ~105 debug messages>
Removed a total of 35 cells.

77. Executing OPT_DFF pass (perform DFF optimizations).

78. Executing OPT_CLEAN pass (remove unused cells and wires).
Finding unused cells or wires in module \CLASSIFIER_plus_cross_TOP..
Removed 0 unused cells and 35 unused wires.
<suppressed ~1 debug messages>

79. Executing OPT_EXPR pass (perform const folding).
Optimizing module CLASSIFIER_plus_cross_TOP.

80. Rerunning OPT passes. (Maybe there is more to do…)

81. Executing OPT_MUXTREE pass (detect dead branches in mux trees).
Running muxtree optimizer on module \CLASSIFIER_plus_cross_TOP..
  Creating internal representation of mux trees.
  Evaluating internal representation of mux trees.
  Analyzing evaluation results.
Removed 0 multiplexer ports.
<suppressed ~86 debug messages>

82. Executing OPT_REDUCE pass (consolidate $*mux and $reduce_* inputs).
  Optimizing cells in module \CLASSIFIER_plus_cross_TOP.
Performed a total of 0 changes.

83. Executing OPT_MERGE pass (detect identical cells).
Finding identical cells in module `\CLASSIFIER_plus_cross_TOP'.
Removed a total of 0 cells.

84. Executing OPT_DFF pass (perform DFF optimizations).

85. Executing OPT_CLEAN pass (remove unused cells and wires).
Finding unused cells or wires in module \CLASSIFIER_plus_cross_TOP..

86. Executing OPT_EXPR pass (perform const folding).
Optimizing module CLASSIFIER_plus_cross_TOP.

87. Executing WREDUCE pass (reducing word size of cells).
Removed top 28 address bits (of 32) from memory init port CLASSIFIER_plus_cross_TOP.$flatten\cnn_inst.\comm_mem_u0.\spi_u0.\loader_image_sm.$auto$mem.cc:351:emit$549 ($flatten\cnn_inst.\comm_mem_u0.\spi_u0.\loader_image_sm.$auto$proc_rom.cc:155:do_switch$547).
Removed top 28 address bits (of 32) from memory init port CLASSIFIER_plus_cross_TOP.$flatten\cnn_inst.\proc_u0.\cnn_ctrl_u0.\cnn_inst.\frag_mux.$auto$mem.cc:351:emit$545 ($flatten\cnn_inst.\proc_u0.\cnn_ctrl_u0.\cnn_inst.\frag_mux.$auto$proc_rom.cc:155:do_switch$543).
Removed top 1 bits (of 30) from FF cell CLASSIFIER_plus_cross_TOP.$auto$ff.cc:337:slice$1903 ($adffe).
Removed top 1 bits (of 15) from FF cell CLASSIFIER_plus_cross_TOP.$auto$ff.cc:337:slice$1898 ($adffe).
Removed top 1 bits (of 2) from port B of cell CLASSIFIER_plus_cross_TOP.$auto$opt_dff.cc:248:make_patterns_logic$1768 ($ne).
Removed top 3 bits (of 4) from port B of cell CLASSIFIER_plus_cross_TOP.$flatten\cnn_inst.\proc_u0.\cnn_ctrl_u0.\cnn_inst.$add$/home/designer/projects/CNN4IC/unic_cass_wrapper_user_project/CLASSIFIER_plus_cross_TOP/src/cnn_top.v:119$88 ($add).
Removed top 29 bits (of 32) from port B of cell CLASSIFIER_plus_cross_TOP.$flatten\cnn_inst.\proc_u0.\cnn_ctrl_u0.\cnn_inst.\frag_mux.$mul$/home/designer/projects/CNN4IC/unic_cass_wrapper_user_project/CLASSIFIER_plus_cross_TOP/src/fragment_mux_10x10_6x6.v:34$362 ($mul).
Removed top 29 bits (of 32) from port B of cell CLASSIFIER_plus_cross_TOP.$flatten\cnn_inst.\proc_u0.\cnn_ctrl_u0.\cnn_inst.\frag_mux.$mul$/home/designer/projects/CNN4IC/unic_cass_wrapper_user_project/CLASSIFIER_plus_cross_TOP/src/fragment_mux_10x10_6x6.v:34$355 ($mul).
Removed top 29 bits (of 32) from port B of cell CLASSIFIER_plus_cross_TOP.$flatten\cnn_inst.\proc_u0.\cnn_ctrl_u0.\cnn_inst.\frag_mux.$mul$/home/designer/projects/CNN4IC/unic_cass_wrapper_user_project/CLASSIFIER_plus_cross_TOP/src/fragment_mux_10x10_6x6.v:34$348 ($mul).
Removed top 29 bits (of 32) from port B of cell CLASSIFIER_plus_cross_TOP.$flatten\cnn_inst.\proc_u0.\cnn_ctrl_u0.\cnn_inst.\frag_mux.$mul$/home/designer/projects/CNN4IC/unic_cass_wrapper_user_project/CLASSIFIER_plus_cross_TOP/src/fragment_mux_10x10_6x6.v:34$341 ($mul).
Removed top 29 bits (of 32) from port B of cell CLASSIFIER_plus_cross_TOP.$flatten\cnn_inst.\proc_u0.\cnn_ctrl_u0.\cnn_inst.\frag_mux.$mul$/home/designer/projects/CNN4IC/unic_cass_wrapper_user_project/CLASSIFIER_plus_cross_TOP/src/fragment_mux_10x10_6x6.v:34$334 ($mul).
Removed top 29 bits (of 32) from port B of cell CLASSIFIER_plus_cross_TOP.$flatten\cnn_inst.\proc_u0.\cnn_ctrl_u0.\cnn_inst.\frag_mux.$mul$/home/designer/projects/CNN4IC/unic_cass_wrapper_user_project/CLASSIFIER_plus_cross_TOP/src/fragment_mux_10x10_6x6.v:34$327 ($mul).
Removed top 27 bits (of 31) from port B of cell CLASSIFIER_plus_cross_TOP.$flatten\cnn_inst.\proc_u0.\cnn_ctrl_u0.\cnn_inst.\frag_mux.$mul$/home/designer/projects/CNN4IC/unic_cass_wrapper_user_project/CLASSIFIER_plus_cross_TOP/src/fragment_mux_10x10_6x6.v:34$324 ($mul).
Removed top 28 bits (of 32) from port B of cell CLASSIFIER_plus_cross_TOP.$flatten\cnn_inst.\proc_u0.\cnn_ctrl_u0.\cnn_inst.\frag_mux.$add$/home/designer/projects/CNN4IC/unic_cass_wrapper_user_project/CLASSIFIER_plus_cross_TOP/src/fragment_mux_10x10_6x6.v:34$323 ($add).
Removed top 29 bits (of 32) from port B of cell CLASSIFIER_plus_cross_TOP.$flatten\cnn_inst.\proc_u0.\cnn_ctrl_u0.\cnn_inst.\frag_mux.$mul$/home/designer/projects/CNN4IC/unic_cass_wrapper_user_project/CLASSIFIER_plus_cross_TOP/src/fragment_mux_10x10_6x6.v:34$320 ($mul).
Removed top 29 bits (of 32) from port B of cell CLASSIFIER_plus_cross_TOP.$flatten\cnn_inst.\proc_u0.\cnn_ctrl_u0.\cnn_inst.\frag_mux.$mul$/home/designer/projects/CNN4IC/unic_cass_wrapper_user_project/CLASSIFIER_plus_cross_TOP/src/fragment_mux_10x10_6x6.v:34$313 ($mul).
Removed top 29 bits (of 32) from port B of cell CLASSIFIER_plus_cross_TOP.$flatten\cnn_inst.\proc_u0.\cnn_ctrl_u0.\cnn_inst.\frag_mux.$mul$/home/designer/projects/CNN4IC/unic_cass_wrapper_user_project/CLASSIFIER_plus_cross_TOP/src/fragment_mux_10x10_6x6.v:34$306 ($mul).
Removed top 29 bits (of 32) from port B of cell CLASSIFIER_plus_cross_TOP.$flatten\cnn_inst.\proc_u0.\cnn_ctrl_u0.\cnn_inst.\frag_mux.$mul$/home/designer/projects/CNN4IC/unic_cass_wrapper_user_project/CLASSIFIER_plus_cross_TOP/src/fragment_mux_10x10_6x6.v:34$299 ($mul).
Removed top 29 bits (of 32) from port B of cell CLASSIFIER_plus_cross_TOP.$flatten\cnn_inst.\proc_u0.\cnn_ctrl_u0.\cnn_inst.\frag_mux.$mul$/home/designer/projects/CNN4IC/unic_cass_wrapper_user_project/CLASSIFIER_plus_cross_TOP/src/fragment_mux_10x10_6x6.v:34$292 ($mul).
Removed top 29 bits (of 32) from port B of cell CLASSIFIER_plus_cross_TOP.$flatten\cnn_inst.\proc_u0.\cnn_ctrl_u0.\cnn_inst.\frag_mux.$mul$/home/designer/projects/CNN4IC/unic_cass_wrapper_user_project/CLASSIFIER_plus_cross_TOP/src/fragment_mux_10x10_6x6.v:34$285 ($mul).
Removed top 27 bits (of 31) from port B of cell CLASSIFIER_plus_cross_TOP.$flatten\cnn_inst.\proc_u0.\cnn_ctrl_u0.\cnn_inst.\frag_mux.$mul$/home/designer/projects/CNN4IC/unic_cass_wrapper_user_project/CLASSIFIER_plus_cross_TOP/src/fragment_mux_10x10_6x6.v:34$282 ($mul).
Removed top 28 bits (of 32) from port B of cell CLASSIFIER_plus_cross_TOP.$flatten\cnn_inst.\proc_u0.\cnn_ctrl_u0.\cnn_inst.\frag_mux.$add$/home/designer/projects/CNN4IC/unic_cass_wrapper_user_project/CLASSIFIER_plus_cross_TOP/src/fragment_mux_10x10_6x6.v:34$281 ($add).
Removed top 29 bits (of 32) from port B of cell CLASSIFIER_plus_cross_TOP.$flatten\cnn_inst.\proc_u0.\cnn_ctrl_u0.\cnn_inst.\frag_mux.$mul$/home/designer/projects/CNN4IC/unic_cass_wrapper_user_project/CLASSIFIER_plus_cross_TOP/src/fragment_mux_10x10_6x6.v:34$278 ($mul).
Removed top 29 bits (of 32) from port B of cell CLASSIFIER_plus_cross_TOP.$flatten\cnn_inst.\proc_u0.\cnn_ctrl_u0.\cnn_inst.\frag_mux.$mul$/home/designer/projects/CNN4IC/unic_cass_wrapper_user_project/CLASSIFIER_plus_cross_TOP/src/fragment_mux_10x10_6x6.v:34$271 ($mul).
Removed top 29 bits (of 32) from port B of cell CLASSIFIER_plus_cross_TOP.$flatten\cnn_inst.\proc_u0.\cnn_ctrl_u0.\cnn_inst.\frag_mux.$mul$/home/designer/projects/CNN4IC/unic_cass_wrapper_user_project/CLASSIFIER_plus_cross_TOP/src/fragment_mux_10x10_6x6.v:34$264 ($mul).
Removed top 29 bits (of 32) from port B of cell CLASSIFIER_plus_cross_TOP.$flatten\cnn_inst.\proc_u0.\cnn_ctrl_u0.\cnn_inst.\frag_mux.$mul$/home/designer/projects/CNN4IC/unic_cass_wrapper_user_project/CLASSIFIER_plus_cross_TOP/src/fragment_mux_10x10_6x6.v:34$257 ($mul).
Removed top 29 bits (of 32) from port B of cell CLASSIFIER_plus_cross_TOP.$flatten\cnn_inst.\proc_u0.\cnn_ctrl_u0.\cnn_inst.\frag_mux.$mul$/home/designer/projects/CNN4IC/unic_cass_wrapper_user_project/CLASSIFIER_plus_cross_TOP/src/fragment_mux_10x10_6x6.v:34$250 ($mul).
Removed top 29 bits (of 32) from port B of cell CLASSIFIER_plus_cross_TOP.$flatten\cnn_inst.\proc_u0.\cnn_ctrl_u0.\cnn_inst.\frag_mux.$mul$/home/designer/projects/CNN4IC/unic_cass_wrapper_user_project/CLASSIFIER_plus_cross_TOP/src/fragment_mux_10x10_6x6.v:34$243 ($mul).
Removed top 27 bits (of 31) from port B of cell CLASSIFIER_plus_cross_TOP.$flatten\cnn_inst.\proc_u0.\cnn_ctrl_u0.\cnn_inst.\frag_mux.$mul$/home/designer/projects/CNN4IC/unic_cass_wrapper_user_project/CLASSIFIER_plus_cross_TOP/src/fragment_mux_10x10_6x6.v:34$240 ($mul).
Removed top 29 bits (of 32) from port B of cell CLASSIFIER_plus_cross_TOP.$flatten\cnn_inst.\proc_u0.\cnn_ctrl_u0.\cnn_inst.\frag_mux.$add$/home/designer/projects/CNN4IC/unic_cass_wrapper_user_project/CLASSIFIER_plus_cross_TOP/src/fragment_mux_10x10_6x6.v:34$239 ($add).
Removed top 29 bits (of 32) from port B of cell CLASSIFIER_plus_cross_TOP.$flatten\cnn_inst.\proc_u0.\cnn_ctrl_u0.\cnn_inst.\frag_mux.$mul$/home/designer/projects/CNN4IC/unic_cass_wrapper_user_project/CLASSIFIER_plus_cross_TOP/src/fragment_mux_10x10_6x6.v:34$236 ($mul).
Removed top 29 bits (of 32) from port B of cell CLASSIFIER_plus_cross_TOP.$flatten\cnn_inst.\proc_u0.\cnn_ctrl_u0.\cnn_inst.\frag_mux.$mul$/home/designer/projects/CNN4IC/unic_cass_wrapper_user_project/CLASSIFIER_plus_cross_TOP/src/fragment_mux_10x10_6x6.v:34$229 ($mul).
Removed top 29 bits (of 32) from port B of cell CLASSIFIER_plus_cross_TOP.$flatten\cnn_inst.\proc_u0.\cnn_ctrl_u0.\cnn_inst.\frag_mux.$mul$/home/designer/projects/CNN4IC/unic_cass_wrapper_user_project/CLASSIFIER_plus_cross_TOP/src/fragment_mux_10x10_6x6.v:34$222 ($mul).
Removed top 29 bits (of 32) from port B of cell CLASSIFIER_plus_cross_TOP.$flatten\cnn_inst.\proc_u0.\cnn_ctrl_u0.\cnn_inst.\frag_mux.$mul$/home/designer/projects/CNN4IC/unic_cass_wrapper_user_project/CLASSIFIER_plus_cross_TOP/src/fragment_mux_10x10_6x6.v:34$215 ($mul).
Removed top 29 bits (of 32) from port B of cell CLASSIFIER_plus_cross_TOP.$flatten\cnn_inst.\proc_u0.\cnn_ctrl_u0.\cnn_inst.\frag_mux.$mul$/home/designer/projects/CNN4IC/unic_cass_wrapper_user_project/CLASSIFIER_plus_cross_TOP/src/fragment_mux_10x10_6x6.v:34$208 ($mul).
Removed top 29 bits (of 32) from port B of cell CLASSIFIER_plus_cross_TOP.$flatten\cnn_inst.\proc_u0.\cnn_ctrl_u0.\cnn_inst.\frag_mux.$mul$/home/designer/projects/CNN4IC/unic_cass_wrapper_user_project/CLASSIFIER_plus_cross_TOP/src/fragment_mux_10x10_6x6.v:34$201 ($mul).
Removed top 27 bits (of 31) from port B of cell CLASSIFIER_plus_cross_TOP.$flatten\cnn_inst.\proc_u0.\cnn_ctrl_u0.\cnn_inst.\frag_mux.$mul$/home/designer/projects/CNN4IC/unic_cass_wrapper_user_project/CLASSIFIER_plus_cross_TOP/src/fragment_mux_10x10_6x6.v:34$198 ($mul).
Removed top 29 bits (of 32) from port B of cell CLASSIFIER_plus_cross_TOP.$flatten\cnn_inst.\proc_u0.\cnn_ctrl_u0.\cnn_inst.\frag_mux.$add$/home/designer/projects/CNN4IC/unic_cass_wrapper_user_project/CLASSIFIER_plus_cross_TOP/src/fragment_mux_10x10_6x6.v:34$197 ($add).
Removed top 29 bits (of 32) from port B of cell CLASSIFIER_plus_cross_TOP.$flatten\cnn_inst.\proc_u0.\cnn_ctrl_u0.\cnn_inst.\frag_mux.$mul$/home/designer/projects/CNN4IC/unic_cass_wrapper_user_project/CLASSIFIER_plus_cross_TOP/src/fragment_mux_10x10_6x6.v:34$194 ($mul).
Removed top 29 bits (of 32) from port B of cell CLASSIFIER_plus_cross_TOP.$flatten\cnn_inst.\proc_u0.\cnn_ctrl_u0.\cnn_inst.\frag_mux.$mul$/home/designer/projects/CNN4IC/unic_cass_wrapper_user_project/CLASSIFIER_plus_cross_TOP/src/fragment_mux_10x10_6x6.v:34$187 ($mul).
Removed top 29 bits (of 32) from port B of cell CLASSIFIER_plus_cross_TOP.$flatten\cnn_inst.\proc_u0.\cnn_ctrl_u0.\cnn_inst.\frag_mux.$mul$/home/designer/projects/CNN4IC/unic_cass_wrapper_user_project/CLASSIFIER_plus_cross_TOP/src/fragment_mux_10x10_6x6.v:34$180 ($mul).
Removed top 29 bits (of 32) from port B of cell CLASSIFIER_plus_cross_TOP.$flatten\cnn_inst.\proc_u0.\cnn_ctrl_u0.\cnn_inst.\frag_mux.$mul$/home/designer/projects/CNN4IC/unic_cass_wrapper_user_project/CLASSIFIER_plus_cross_TOP/src/fragment_mux_10x10_6x6.v:34$173 ($mul).
Removed top 29 bits (of 32) from port B of cell CLASSIFIER_plus_cross_TOP.$flatten\cnn_inst.\proc_u0.\cnn_ctrl_u0.\cnn_inst.\frag_mux.$mul$/home/designer/projects/CNN4IC/unic_cass_wrapper_user_project/CLASSIFIER_plus_cross_TOP/src/fragment_mux_10x10_6x6.v:34$166 ($mul).
Removed top 29 bits (of 32) from port B of cell CLASSIFIER_plus_cross_TOP.$flatten\cnn_inst.\proc_u0.\cnn_ctrl_u0.\cnn_inst.\frag_mux.$mul$/home/designer/projects/CNN4IC/unic_cass_wrapper_user_project/CLASSIFIER_plus_cross_TOP/src/fragment_mux_10x10_6x6.v:34$159 ($mul).
Removed top 27 bits (of 31) from port B of cell CLASSIFIER_plus_cross_TOP.$flatten\cnn_inst.\proc_u0.\cnn_ctrl_u0.\cnn_inst.\frag_mux.$mul$/home/designer/projects/CNN4IC/unic_cass_wrapper_user_project/CLASSIFIER_plus_cross_TOP/src/fragment_mux_10x10_6x6.v:34$156 ($mul).
Removed top 30 bits (of 32) from port B of cell CLASSIFIER_plus_cross_TOP.$flatten\cnn_inst.\proc_u0.\cnn_ctrl_u0.\cnn_inst.\frag_mux.$add$/home/designer/projects/CNN4IC/unic_cass_wrapper_user_project/CLASSIFIER_plus_cross_TOP/src/fragment_mux_10x10_6x6.v:34$155 ($add).
Removed top 29 bits (of 32) from port B of cell CLASSIFIER_plus_cross_TOP.$flatten\cnn_inst.\proc_u0.\cnn_ctrl_u0.\cnn_inst.\frag_mux.$mul$/home/designer/projects/CNN4IC/unic_cass_wrapper_user_project/CLASSIFIER_plus_cross_TOP/src/fragment_mux_10x10_6x6.v:34$152 ($mul).
Removed top 28 bits (of 32) from port B of cell CLASSIFIER_plus_cross_TOP.$flatten\cnn_inst.\proc_u0.\cnn_ctrl_u0.\cnn_inst.\frag_mux.$add$/home/designer/projects/CNN4IC/unic_cass_wrapper_user_project/CLASSIFIER_plus_cross_TOP/src/fragment_mux_10x10_6x6.v:34$150 ($add).
Removed top 29 bits (of 32) from port B of cell CLASSIFIER_plus_cross_TOP.$flatten\cnn_inst.\proc_u0.\cnn_ctrl_u0.\cnn_inst.\frag_mux.$mul$/home/designer/projects/CNN4IC/unic_cass_wrapper_user_project/CLASSIFIER_plus_cross_TOP/src/fragment_mux_10x10_6x6.v:34$145 ($mul).
Removed top 28 bits (of 32) from port B of cell CLASSIFIER_plus_cross_TOP.$flatten\cnn_inst.\proc_u0.\cnn_ctrl_u0.\cnn_inst.\frag_mux.$add$/home/designer/projects/CNN4IC/unic_cass_wrapper_user_project/CLASSIFIER_plus_cross_TOP/src/fragment_mux_10x10_6x6.v:34$143 ($add).
Removed top 29 bits (of 32) from port B of cell CLASSIFIER_plus_cross_TOP.$flatten\cnn_inst.\proc_u0.\cnn_ctrl_u0.\cnn_inst.\frag_mux.$mul$/home/designer/projects/CNN4IC/unic_cass_wrapper_user_project/CLASSIFIER_plus_cross_TOP/src/fragment_mux_10x10_6x6.v:34$138 ($mul).
Removed top 29 bits (of 32) from port B of cell CLASSIFIER_plus_cross_TOP.$flatten\cnn_inst.\proc_u0.\cnn_ctrl_u0.\cnn_inst.\frag_mux.$add$/home/designer/projects/CNN4IC/unic_cass_wrapper_user_project/CLASSIFIER_plus_cross_TOP/src/fragment_mux_10x10_6x6.v:34$136 ($add).
Removed top 29 bits (of 32) from port B of cell CLASSIFIER_plus_cross_TOP.$flatten\cnn_inst.\proc_u0.\cnn_ctrl_u0.\cnn_inst.\frag_mux.$mul$/home/designer/projects/CNN4IC/unic_cass_wrapper_user_project/CLASSIFIER_plus_cross_TOP/src/fragment_mux_10x10_6x6.v:34$131 ($mul).
Removed top 29 bits (of 32) from port B of cell CLASSIFIER_plus_cross_TOP.$flatten\cnn_inst.\proc_u0.\cnn_ctrl_u0.\cnn_inst.\frag_mux.$add$/home/designer/projects/CNN4IC/unic_cass_wrapper_user_project/CLASSIFIER_plus_cross_TOP/src/fragment_mux_10x10_6x6.v:34$129 ($add).
Removed top 29 bits (of 32) from port B of cell CLASSIFIER_plus_cross_TOP.$flatten\cnn_inst.\proc_u0.\cnn_ctrl_u0.\cnn_inst.\frag_mux.$mul$/home/designer/projects/CNN4IC/unic_cass_wrapper_user_project/CLASSIFIER_plus_cross_TOP/src/fragment_mux_10x10_6x6.v:34$124 ($mul).
Removed top 30 bits (of 32) from port B of cell CLASSIFIER_plus_cross_TOP.$flatten\cnn_inst.\proc_u0.\cnn_ctrl_u0.\cnn_inst.\frag_mux.$add$/home/designer/projects/CNN4IC/unic_cass_wrapper_user_project/CLASSIFIER_plus_cross_TOP/src/fragment_mux_10x10_6x6.v:34$122 ($add).
Removed top 29 bits (of 32) from port B of cell CLASSIFIER_plus_cross_TOP.$flatten\cnn_inst.\proc_u0.\cnn_ctrl_u0.\cnn_inst.\frag_mux.$mul$/home/designer/projects/CNN4IC/unic_cass_wrapper_user_project/CLASSIFIER_plus_cross_TOP/src/fragment_mux_10x10_6x6.v:34$117 ($mul).
Removed top 27 bits (of 31) from port B of cell CLASSIFIER_plus_cross_TOP.$flatten\cnn_inst.\proc_u0.\cnn_ctrl_u0.\cnn_inst.\frag_mux.$mul$/home/designer/projects/CNN4IC/unic_cass_wrapper_user_project/CLASSIFIER_plus_cross_TOP/src/fragment_mux_10x10_6x6.v:34$114 ($mul).
Converting cell CLASSIFIER_plus_cross_TOP.$flatten\cnn_inst.\proc_u0.\cnn_ctrl_u0.\cnn_inst.\cnn_inst.\mac_inst.$mul$/home/designer/projects/CNN4IC/unic_cass_wrapper_user_project/CLASSIFIER_plus_cross_TOP/src/mac_parallel.v:8$368 ($mul) from unsigned to signed.
Removed top 13 bits (of 16) from port A of cell CLASSIFIER_plus_cross_TOP.$flatten\cnn_inst.\proc_u0.\cnn_ctrl_u0.\cnn_inst.\cnn_inst.\mac_inst.$mul$/home/designer/projects/CNN4IC/unic_cass_wrapper_user_project/CLASSIFIER_plus_cross_TOP/src/mac_parallel.v:8$368 ($mul).
Removed top 13 bits (of 16) from port B of cell CLASSIFIER_plus_cross_TOP.$flatten\cnn_inst.\proc_u0.\cnn_ctrl_u0.\cnn_inst.\cnn_inst.\mac_inst.$mul$/home/designer/projects/CNN4IC/unic_cass_wrapper_user_project/CLASSIFIER_plus_cross_TOP/src/mac_parallel.v:8$368 ($mul).
Removed top 10 bits (of 16) from port Y of cell CLASSIFIER_plus_cross_TOP.$flatten\cnn_inst.\proc_u0.\cnn_ctrl_u0.\cnn_inst.\cnn_inst.\mac_inst.$mul$/home/designer/projects/CNN4IC/unic_cass_wrapper_user_project/CLASSIFIER_plus_cross_TOP/src/mac_parallel.v:8$368 ($mul).
Removed top 10 bits (of 16) from port B of cell CLASSIFIER_plus_cross_TOP.$flatten\cnn_inst.\proc_u0.\cnn_ctrl_u0.\cnn_inst.\cnn_inst.\mac_inst.$add$/home/designer/projects/CNN4IC/unic_cass_wrapper_user_project/CLASSIFIER_plus_cross_TOP/src/mac_parallel.v:7$369 ($add).
Converting cell CLASSIFIER_plus_cross_TOP.$flatten\cnn_inst.\proc_u0.\cnn_ctrl_u0.\cnn_inst.\cnn_inst.\mac_inst.$mul$/home/designer/projects/CNN4IC/unic_cass_wrapper_user_project/CLASSIFIER_plus_cross_TOP/src/mac_parallel.v:9$370 ($mul) from unsigned to signed.
Removed top 13 bits (of 16) from port A of cell CLASSIFIER_plus_cross_TOP.$flatten\cnn_inst.\proc_u0.\cnn_ctrl_u0.\cnn_inst.\cnn_inst.\mac_inst.$mul$/home/designer/projects/CNN4IC/unic_cass_wrapper_user_project/CLASSIFIER_plus_cross_TOP/src/mac_parallel.v:9$370 ($mul).
Removed top 13 bits (of 16) from port B of cell CLASSIFIER_plus_cross_TOP.$flatten\cnn_inst.\proc_u0.\cnn_ctrl_u0.\cnn_inst.\cnn_inst.\mac_inst.$mul$/home/designer/projects/CNN4IC/unic_cass_wrapper_user_project/CLASSIFIER_plus_cross_TOP/src/mac_parallel.v:9$370 ($mul).
Removed top 10 bits (of 16) from port Y of cell CLASSIFIER_plus_cross_TOP.$flatten\cnn_inst.\proc_u0.\cnn_ctrl_u0.\cnn_inst.\cnn_inst.\mac_inst.$mul$/home/designer/projects/CNN4IC/unic_cass_wrapper_user_project/CLASSIFIER_plus_cross_TOP/src/mac_parallel.v:9$370 ($mul).
Removed top 10 bits (of 16) from port B of cell CLASSIFIER_plus_cross_TOP.$flatten\cnn_inst.\proc_u0.\cnn_ctrl_u0.\cnn_inst.\cnn_inst.\mac_inst.$add$/home/designer/projects/CNN4IC/unic_cass_wrapper_user_project/CLASSIFIER_plus_cross_TOP/src/mac_parallel.v:7$371 ($add).
Converting cell CLASSIFIER_plus_cross_TOP.$flatten\cnn_inst.\proc_u0.\cnn_ctrl_u0.\cnn_inst.\cnn_inst.\mac_inst.$mul$/home/designer/projects/CNN4IC/unic_cass_wrapper_user_project/CLASSIFIER_plus_cross_TOP/src/mac_parallel.v:10$372 ($mul) from unsigned to signed.
Removed top 13 bits (of 16) from port A of cell CLASSIFIER_plus_cross_TOP.$flatten\cnn_inst.\proc_u0.\cnn_ctrl_u0.\cnn_inst.\cnn_inst.\mac_inst.$mul$/home/designer/projects/CNN4IC/unic_cass_wrapper_user_project/CLASSIFIER_plus_cross_TOP/src/mac_parallel.v:10$372 ($mul).
Removed top 13 bits (of 16) from port B of cell CLASSIFIER_plus_cross_TOP.$flatten\cnn_inst.\proc_u0.\cnn_ctrl_u0.\cnn_inst.\cnn_inst.\mac_inst.$mul$/home/designer/projects/CNN4IC/unic_cass_wrapper_user_project/CLASSIFIER_plus_cross_TOP/src/mac_parallel.v:10$372 ($mul).
Removed top 10 bits (of 16) from port Y of cell CLASSIFIER_plus_cross_TOP.$flatten\cnn_inst.\proc_u0.\cnn_ctrl_u0.\cnn_inst.\cnn_inst.\mac_inst.$mul$/home/designer/projects/CNN4IC/unic_cass_wrapper_user_project/CLASSIFIER_plus_cross_TOP/src/mac_parallel.v:10$372 ($mul).
Removed top 10 bits (of 16) from port B of cell CLASSIFIER_plus_cross_TOP.$flatten\cnn_inst.\proc_u0.\cnn_ctrl_u0.\cnn_inst.\cnn_inst.\mac_inst.$add$/home/designer/projects/CNN4IC/unic_cass_wrapper_user_project/CLASSIFIER_plus_cross_TOP/src/mac_parallel.v:7$373 ($add).
Converting cell CLASSIFIER_plus_cross_TOP.$flatten\cnn_inst.\proc_u0.\cnn_ctrl_u0.\cnn_inst.\cnn_inst.\mac_inst.$mul$/home/designer/projects/CNN4IC/unic_cass_wrapper_user_project/CLASSIFIER_plus_cross_TOP/src/mac_parallel.v:11$374 ($mul) from unsigned to signed.
Removed top 13 bits (of 16) from port A of cell CLASSIFIER_plus_cross_TOP.$flatten\cnn_inst.\proc_u0.\cnn_ctrl_u0.\cnn_inst.\cnn_inst.\mac_inst.$mul$/home/designer/projects/CNN4IC/unic_cass_wrapper_user_project/CLASSIFIER_plus_cross_TOP/src/mac_parallel.v:11$374 ($mul).
Removed top 13 bits (of 16) from port B of cell CLASSIFIER_plus_cross_TOP.$flatten\cnn_inst.\proc_u0.\cnn_ctrl_u0.\cnn_inst.\cnn_inst.\mac_inst.$mul$/home/designer/projects/CNN4IC/unic_cass_wrapper_user_project/CLASSIFIER_plus_cross_TOP/src/mac_parallel.v:11$374 ($mul).
Removed top 10 bits (of 16) from port Y of cell CLASSIFIER_plus_cross_TOP.$flatten\cnn_inst.\proc_u0.\cnn_ctrl_u0.\cnn_inst.\cnn_inst.\mac_inst.$mul$/home/designer/projects/CNN4IC/unic_cass_wrapper_user_project/CLASSIFIER_plus_cross_TOP/src/mac_parallel.v:11$374 ($mul).
Removed top 10 bits (of 16) from port B of cell CLASSIFIER_plus_cross_TOP.$flatten\cnn_inst.\proc_u0.\cnn_ctrl_u0.\cnn_inst.\cnn_inst.\mac_inst.$add$/home/designer/projects/CNN4IC/unic_cass_wrapper_user_project/CLASSIFIER_plus_cross_TOP/src/mac_parallel.v:7$375 ($add).
Converting cell CLASSIFIER_plus_cross_TOP.$flatten\cnn_inst.\proc_u0.\cnn_ctrl_u0.\cnn_inst.\cnn_inst.\mac_inst.$mul$/home/designer/projects/CNN4IC/unic_cass_wrapper_user_project/CLASSIFIER_plus_cross_TOP/src/mac_parallel.v:12$376 ($mul) from unsigned to signed.
Removed top 13 bits (of 16) from port A of cell CLASSIFIER_plus_cross_TOP.$flatten\cnn_inst.\proc_u0.\cnn_ctrl_u0.\cnn_inst.\cnn_inst.\mac_inst.$mul$/home/designer/projects/CNN4IC/unic_cass_wrapper_user_project/CLASSIFIER_plus_cross_TOP/src/mac_parallel.v:12$376 ($mul).
Removed top 13 bits (of 16) from port B of cell CLASSIFIER_plus_cross_TOP.$flatten\cnn_inst.\proc_u0.\cnn_ctrl_u0.\cnn_inst.\cnn_inst.\mac_inst.$mul$/home/designer/projects/CNN4IC/unic_cass_wrapper_user_project/CLASSIFIER_plus_cross_TOP/src/mac_parallel.v:12$376 ($mul).
Removed top 10 bits (of 16) from port Y of cell CLASSIFIER_plus_cross_TOP.$flatten\cnn_inst.\proc_u0.\cnn_ctrl_u0.\cnn_inst.\cnn_inst.\mac_inst.$mul$/home/designer/projects/CNN4IC/unic_cass_wrapper_user_project/CLASSIFIER_plus_cross_TOP/src/mac_parallel.v:12$376 ($mul).
Removed top 10 bits (of 16) from port B of cell CLASSIFIER_plus_cross_TOP.$flatten\cnn_inst.\proc_u0.\cnn_ctrl_u0.\cnn_inst.\cnn_inst.\mac_inst.$add$/home/designer/projects/CNN4IC/unic_cass_wrapper_user_project/CLASSIFIER_plus_cross_TOP/src/mac_parallel.v:7$377 ($add).
Converting cell CLASSIFIER_plus_cross_TOP.$flatten\cnn_inst.\proc_u0.\cnn_ctrl_u0.\cnn_inst.\cnn_inst.\mac_inst.$mul$/home/designer/projects/CNN4IC/unic_cass_wrapper_user_project/CLASSIFIER_plus_cross_TOP/src/mac_parallel.v:13$378 ($mul) from unsigned to signed.
Removed top 13 bits (of 16) from port A of cell CLASSIFIER_plus_cross_TOP.$flatten\cnn_inst.\proc_u0.\cnn_ctrl_u0.\cnn_inst.\cnn_inst.\mac_inst.$mul$/home/designer/projects/CNN4IC/unic_cass_wrapper_user_project/CLASSIFIER_plus_cross_TOP/src/mac_parallel.v:13$378 ($mul).
Removed top 13 bits (of 16) from port B of cell CLASSIFIER_plus_cross_TOP.$flatten\cnn_inst.\proc_u0.\cnn_ctrl_u0.\cnn_inst.\cnn_inst.\mac_inst.$mul$/home/designer/projects/CNN4IC/unic_cass_wrapper_user_project/CLASSIFIER_plus_cross_TOP/src/mac_parallel.v:13$378 ($mul).
Removed top 10 bits (of 16) from port Y of cell CLASSIFIER_plus_cross_TOP.$flatten\cnn_inst.\proc_u0.\cnn_ctrl_u0.\cnn_inst.\cnn_inst.\mac_inst.$mul$/home/designer/projects/CNN4IC/unic_cass_wrapper_user_project/CLASSIFIER_plus_cross_TOP/src/mac_parallel.v:13$378 ($mul).
Removed top 10 bits (of 16) from port B of cell CLASSIFIER_plus_cross_TOP.$flatten\cnn_inst.\proc_u0.\cnn_ctrl_u0.\cnn_inst.\cnn_inst.\mac_inst.$add$/home/designer/projects/CNN4IC/unic_cass_wrapper_user_project/CLASSIFIER_plus_cross_TOP/src/mac_parallel.v:7$379 ($add).
Converting cell CLASSIFIER_plus_cross_TOP.$flatten\cnn_inst.\proc_u0.\cnn_ctrl_u0.\cnn_inst.\cnn_inst.\mac_inst.$mul$/home/designer/projects/CNN4IC/unic_cass_wrapper_user_project/CLASSIFIER_plus_cross_TOP/src/mac_parallel.v:14$380 ($mul) from unsigned to signed.
Removed top 13 bits (of 16) from port A of cell CLASSIFIER_plus_cross_TOP.$flatten\cnn_inst.\proc_u0.\cnn_ctrl_u0.\cnn_inst.\cnn_inst.\mac_inst.$mul$/home/designer/projects/CNN4IC/unic_cass_wrapper_user_project/CLASSIFIER_plus_cross_TOP/src/mac_parallel.v:14$380 ($mul).
Removed top 13 bits (of 16) from port B of cell CLASSIFIER_plus_cross_TOP.$flatten\cnn_inst.\proc_u0.\cnn_ctrl_u0.\cnn_inst.\cnn_inst.\mac_inst.$mul$/home/designer/projects/CNN4IC/unic_cass_wrapper_user_project/CLASSIFIER_plus_cross_TOP/src/mac_parallel.v:14$380 ($mul).
Removed top 10 bits (of 16) from port Y of cell CLASSIFIER_plus_cross_TOP.$flatten\cnn_inst.\proc_u0.\cnn_ctrl_u0.\cnn_inst.\cnn_inst.\mac_inst.$mul$/home/designer/projects/CNN4IC/unic_cass_wrapper_user_project/CLASSIFIER_plus_cross_TOP/src/mac_parallel.v:14$380 ($mul).
Removed top 10 bits (of 16) from port B of cell CLASSIFIER_plus_cross_TOP.$flatten\cnn_inst.\proc_u0.\cnn_ctrl_u0.\cnn_inst.\cnn_inst.\mac_inst.$add$/home/designer/projects/CNN4IC/unic_cass_wrapper_user_project/CLASSIFIER_plus_cross_TOP/src/mac_parallel.v:7$381 ($add).
Converting cell CLASSIFIER_plus_cross_TOP.$flatten\cnn_inst.\proc_u0.\cnn_ctrl_u0.\cnn_inst.\cnn_inst.\mac_inst.$mul$/home/designer/projects/CNN4IC/unic_cass_wrapper_user_project/CLASSIFIER_plus_cross_TOP/src/mac_parallel.v:15$382 ($mul) from unsigned to signed.
Removed top 13 bits (of 16) from port A of cell CLASSIFIER_plus_cross_TOP.$flatten\cnn_inst.\proc_u0.\cnn_ctrl_u0.\cnn_inst.\cnn_inst.\mac_inst.$mul$/home/designer/projects/CNN4IC/unic_cass_wrapper_user_project/CLASSIFIER_plus_cross_TOP/src/mac_parallel.v:15$382 ($mul).
Removed top 13 bits (of 16) from port B of cell CLASSIFIER_plus_cross_TOP.$flatten\cnn_inst.\proc_u0.\cnn_ctrl_u0.\cnn_inst.\cnn_inst.\mac_inst.$mul$/home/designer/projects/CNN4IC/unic_cass_wrapper_user_project/CLASSIFIER_plus_cross_TOP/src/mac_parallel.v:15$382 ($mul).
Removed top 10 bits (of 16) from port Y of cell CLASSIFIER_plus_cross_TOP.$flatten\cnn_inst.\proc_u0.\cnn_ctrl_u0.\cnn_inst.\cnn_inst.\mac_inst.$mul$/home/designer/projects/CNN4IC/unic_cass_wrapper_user_project/CLASSIFIER_plus_cross_TOP/src/mac_parallel.v:15$382 ($mul).
Removed top 10 bits (of 16) from port B of cell CLASSIFIER_plus_cross_TOP.$flatten\cnn_inst.\proc_u0.\cnn_ctrl_u0.\cnn_inst.\cnn_inst.\mac_inst.$add$/home/designer/projects/CNN4IC/unic_cass_wrapper_user_project/CLASSIFIER_plus_cross_TOP/src/mac_parallel.v:7$383 ($add).
Converting cell CLASSIFIER_plus_cross_TOP.$flatten\cnn_inst.\proc_u0.\cnn_ctrl_u0.\cnn_inst.\cnn_inst.\mac_inst.$mul$/home/designer/projects/CNN4IC/unic_cass_wrapper_user_project/CLASSIFIER_plus_cross_TOP/src/mac_parallel.v:16$384 ($mul) from unsigned to signed.
Removed top 13 bits (of 16) from port A of cell CLASSIFIER_plus_cross_TOP.$flatten\cnn_inst.\proc_u0.\cnn_ctrl_u0.\cnn_inst.\cnn_inst.\mac_inst.$mul$/home/designer/projects/CNN4IC/unic_cass_wrapper_user_project/CLASSIFIER_plus_cross_TOP/src/mac_parallel.v:16$384 ($mul).
Removed top 13 bits (of 16) from port B of cell CLASSIFIER_plus_cross_TOP.$flatten\cnn_inst.\proc_u0.\cnn_ctrl_u0.\cnn_inst.\cnn_inst.\mac_inst.$mul$/home/designer/projects/CNN4IC/unic_cass_wrapper_user_project/CLASSIFIER_plus_cross_TOP/src/mac_parallel.v:16$384 ($mul).
Removed top 10 bits (of 16) from port Y of cell CLASSIFIER_plus_cross_TOP.$flatten\cnn_inst.\proc_u0.\cnn_ctrl_u0.\cnn_inst.\cnn_inst.\mac_inst.$mul$/home/designer/projects/CNN4IC/unic_cass_wrapper_user_project/CLASSIFIER_plus_cross_TOP/src/mac_parallel.v:16$384 ($mul).
Removed top 10 bits (of 16) from port B of cell CLASSIFIER_plus_cross_TOP.$flatten\cnn_inst.\proc_u0.\cnn_ctrl_u0.\cnn_inst.\cnn_inst.\mac_inst.$add$/home/designer/projects/CNN4IC/unic_cass_wrapper_user_project/CLASSIFIER_plus_cross_TOP/src/mac_parallel.v:7$385 ($add).
Converting cell CLASSIFIER_plus_cross_TOP.$flatten\cnn_inst.\proc_u0.\cnn_ctrl_u0.\cnn_inst.\cnn_inst.\mac_inst.$mul$/home/designer/projects/CNN4IC/unic_cass_wrapper_user_project/CLASSIFIER_plus_cross_TOP/src/mac_parallel.v:17$386 ($mul) from unsigned to signed.
Removed top 13 bits (of 16) from port A of cell CLASSIFIER_plus_cross_TOP.$flatten\cnn_inst.\proc_u0.\cnn_ctrl_u0.\cnn_inst.\cnn_inst.\mac_inst.$mul$/home/designer/projects/CNN4IC/unic_cass_wrapper_user_project/CLASSIFIER_plus_cross_TOP/src/mac_parallel.v:17$386 ($mul).
Removed top 13 bits (of 16) from port B of cell CLASSIFIER_plus_cross_TOP.$flatten\cnn_inst.\proc_u0.\cnn_ctrl_u0.\cnn_inst.\cnn_inst.\mac_inst.$mul$/home/designer/projects/CNN4IC/unic_cass_wrapper_user_project/CLASSIFIER_plus_cross_TOP/src/mac_parallel.v:17$386 ($mul).
Removed top 10 bits (of 16) from port Y of cell CLASSIFIER_plus_cross_TOP.$flatten\cnn_inst.\proc_u0.\cnn_ctrl_u0.\cnn_inst.\cnn_inst.\mac_inst.$mul$/home/designer/projects/CNN4IC/unic_cass_wrapper_user_project/CLASSIFIER_plus_cross_TOP/src/mac_parallel.v:17$386 ($mul).
Removed top 10 bits (of 16) from port B of cell CLASSIFIER_plus_cross_TOP.$flatten\cnn_inst.\proc_u0.\cnn_ctrl_u0.\cnn_inst.\cnn_inst.\mac_inst.$add$/home/designer/projects/CNN4IC/unic_cass_wrapper_user_project/CLASSIFIER_plus_cross_TOP/src/mac_parallel.v:7$387 ($add).
Converting cell CLASSIFIER_plus_cross_TOP.$flatten\cnn_inst.\proc_u0.\cnn_ctrl_u0.\cnn_inst.\cnn_inst.\mac_inst.$mul$/home/designer/projects/CNN4IC/unic_cass_wrapper_user_project/CLASSIFIER_plus_cross_TOP/src/mac_parallel.v:18$388 ($mul) from unsigned to signed.
Removed top 13 bits (of 16) from port A of cell CLASSIFIER_plus_cross_TOP.$flatten\cnn_inst.\proc_u0.\cnn_ctrl_u0.\cnn_inst.\cnn_inst.\mac_inst.$mul$/home/designer/projects/CNN4IC/unic_cass_wrapper_user_project/CLASSIFIER_plus_cross_TOP/src/mac_parallel.v:18$388 ($mul).
Removed top 13 bits (of 16) from port B of cell CLASSIFIER_plus_cross_TOP.$flatten\cnn_inst.\proc_u0.\cnn_ctrl_u0.\cnn_inst.\cnn_inst.\mac_inst.$mul$/home/designer/projects/CNN4IC/unic_cass_wrapper_user_project/CLASSIFIER_plus_cross_TOP/src/mac_parallel.v:18$388 ($mul).
Removed top 10 bits (of 16) from port Y of cell CLASSIFIER_plus_cross_TOP.$flatten\cnn_inst.\proc_u0.\cnn_ctrl_u0.\cnn_inst.\cnn_inst.\mac_inst.$mul$/home/designer/projects/CNN4IC/unic_cass_wrapper_user_project/CLASSIFIER_plus_cross_TOP/src/mac_parallel.v:18$388 ($mul).
Removed top 10 bits (of 16) from port B of cell CLASSIFIER_plus_cross_TOP.$flatten\cnn_inst.\proc_u0.\cnn_ctrl_u0.\cnn_inst.\cnn_inst.\mac_inst.$add$/home/designer/projects/CNN4IC/unic_cass_wrapper_user_project/CLASSIFIER_plus_cross_TOP/src/mac_parallel.v:7$389 ($add).
Converting cell CLASSIFIER_plus_cross_TOP.$flatten\cnn_inst.\proc_u0.\cnn_ctrl_u0.\cnn_inst.\cnn_inst.\mac_inst.$mul$/home/designer/projects/CNN4IC/unic_cass_wrapper_user_project/CLASSIFIER_plus_cross_TOP/src/mac_parallel.v:19$390 ($mul) from unsigned to signed.
Removed top 13 bits (of 16) from port A of cell CLASSIFIER_plus_cross_TOP.$flatten\cnn_inst.\proc_u0.\cnn_ctrl_u0.\cnn_inst.\cnn_inst.\mac_inst.$mul$/home/designer/projects/CNN4IC/unic_cass_wrapper_user_project/CLASSIFIER_plus_cross_TOP/src/mac_parallel.v:19$390 ($mul).
Removed top 13 bits (of 16) from port B of cell CLASSIFIER_plus_cross_TOP.$flatten\cnn_inst.\proc_u0.\cnn_ctrl_u0.\cnn_inst.\cnn_inst.\mac_inst.$mul$/home/designer/projects/CNN4IC/unic_cass_wrapper_user_project/CLASSIFIER_plus_cross_TOP/src/mac_parallel.v:19$390 ($mul).
Removed top 10 bits (of 16) from port Y of cell CLASSIFIER_plus_cross_TOP.$flatten\cnn_inst.\proc_u0.\cnn_ctrl_u0.\cnn_inst.\cnn_inst.\mac_inst.$mul$/home/designer/projects/CNN4IC/unic_cass_wrapper_user_project/CLASSIFIER_plus_cross_TOP/src/mac_parallel.v:19$390 ($mul).
Removed top 10 bits (of 16) from port B of cell CLASSIFIER_plus_cross_TOP.$flatten\cnn_inst.\proc_u0.\cnn_ctrl_u0.\cnn_inst.\cnn_inst.\mac_inst.$add$/home/designer/projects/CNN4IC/unic_cass_wrapper_user_project/CLASSIFIER_plus_cross_TOP/src/mac_parallel.v:7$391 ($add).
Converting cell CLASSIFIER_plus_cross_TOP.$flatten\cnn_inst.\proc_u0.\cnn_ctrl_u0.\cnn_inst.\cnn_inst.\mac_inst.$mul$/home/designer/projects/CNN4IC/unic_cass_wrapper_user_project/CLASSIFIER_plus_cross_TOP/src/mac_parallel.v:20$392 ($mul) from unsigned to signed.
Removed top 13 bits (of 16) from port A of cell CLASSIFIER_plus_cross_TOP.$flatten\cnn_inst.\proc_u0.\cnn_ctrl_u0.\cnn_inst.\cnn_inst.\mac_inst.$mul$/home/designer/projects/CNN4IC/unic_cass_wrapper_user_project/CLASSIFIER_plus_cross_TOP/src/mac_parallel.v:20$392 ($mul).
Removed top 13 bits (of 16) from port B of cell CLASSIFIER_plus_cross_TOP.$flatten\cnn_inst.\proc_u0.\cnn_ctrl_u0.\cnn_inst.\cnn_inst.\mac_inst.$mul$/home/designer/projects/CNN4IC/unic_cass_wrapper_user_project/CLASSIFIER_plus_cross_TOP/src/mac_parallel.v:20$392 ($mul).
Removed top 10 bits (of 16) from port Y of cell CLASSIFIER_plus_cross_TOP.$flatten\cnn_inst.\proc_u0.\cnn_ctrl_u0.\cnn_inst.\cnn_inst.\mac_inst.$mul$/home/designer/projects/CNN4IC/unic_cass_wrapper_user_project/CLASSIFIER_plus_cross_TOP/src/mac_parallel.v:20$392 ($mul).
Removed top 10 bits (of 16) from port B of cell CLASSIFIER_plus_cross_TOP.$flatten\cnn_inst.\proc_u0.\cnn_ctrl_u0.\cnn_inst.\cnn_inst.\mac_inst.$add$/home/designer/projects/CNN4IC/unic_cass_wrapper_user_project/CLASSIFIER_plus_cross_TOP/src/mac_parallel.v:7$393 ($add).
Converting cell CLASSIFIER_plus_cross_TOP.$flatten\cnn_inst.\proc_u0.\cnn_ctrl_u0.\cnn_inst.\cnn_inst.\mac_inst.$mul$/home/designer/projects/CNN4IC/unic_cass_wrapper_user_project/CLASSIFIER_plus_cross_TOP/src/mac_parallel.v:21$394 ($mul) from unsigned to signed.
Removed top 13 bits (of 16) from port A of cell CLASSIFIER_plus_cross_TOP.$flatten\cnn_inst.\proc_u0.\cnn_ctrl_u0.\cnn_inst.\cnn_inst.\mac_inst.$mul$/home/designer/projects/CNN4IC/unic_cass_wrapper_user_project/CLASSIFIER_plus_cross_TOP/src/mac_parallel.v:21$394 ($mul).
Removed top 13 bits (of 16) from port B of cell CLASSIFIER_plus_cross_TOP.$flatten\cnn_inst.\proc_u0.\cnn_ctrl_u0.\cnn_inst.\cnn_inst.\mac_inst.$mul$/home/designer/projects/CNN4IC/unic_cass_wrapper_user_project/CLASSIFIER_plus_cross_TOP/src/mac_parallel.v:21$394 ($mul).
Removed top 10 bits (of 16) from port Y of cell CLASSIFIER_plus_cross_TOP.$flatten\cnn_inst.\proc_u0.\cnn_ctrl_u0.\cnn_inst.\cnn_inst.\mac_inst.$mul$/home/designer/projects/CNN4IC/unic_cass_wrapper_user_project/CLASSIFIER_plus_cross_TOP/src/mac_parallel.v:21$394 ($mul).
Removed top 10 bits (of 16) from port B of cell CLASSIFIER_plus_cross_TOP.$flatten\cnn_inst.\proc_u0.\cnn_ctrl_u0.\cnn_inst.\cnn_inst.\mac_inst.$add$/home/designer/projects/CNN4IC/unic_cass_wrapper_user_project/CLASSIFIER_plus_cross_TOP/src/mac_parallel.v:7$395 ($add).
Converting cell CLASSIFIER_plus_cross_TOP.$flatten\cnn_inst.\proc_u0.\cnn_ctrl_u0.\cnn_inst.\cnn_inst.\mac_inst.$mul$/home/designer/projects/CNN4IC/unic_cass_wrapper_user_project/CLASSIFIER_plus_cross_TOP/src/mac_parallel.v:22$396 ($mul) from unsigned to signed.
Removed top 13 bits (of 16) from port A of cell CLASSIFIER_plus_cross_TOP.$flatten\cnn_inst.\proc_u0.\cnn_ctrl_u0.\cnn_inst.\cnn_inst.\mac_inst.$mul$/home/designer/projects/CNN4IC/unic_cass_wrapper_user_project/CLASSIFIER_plus_cross_TOP/src/mac_parallel.v:22$396 ($mul).
Removed top 13 bits (of 16) from port B of cell CLASSIFIER_plus_cross_TOP.$flatten\cnn_inst.\proc_u0.\cnn_ctrl_u0.\cnn_inst.\cnn_inst.\mac_inst.$mul$/home/designer/projects/CNN4IC/unic_cass_wrapper_user_project/CLASSIFIER_plus_cross_TOP/src/mac_parallel.v:22$396 ($mul).
Removed top 10 bits (of 16) from port Y of cell CLASSIFIER_plus_cross_TOP.$flatten\cnn_inst.\proc_u0.\cnn_ctrl_u0.\cnn_inst.\cnn_inst.\mac_inst.$mul$/home/designer/projects/CNN4IC/unic_cass_wrapper_user_project/CLASSIFIER_plus_cross_TOP/src/mac_parallel.v:22$396 ($mul).
Removed top 10 bits (of 16) from port B of cell CLASSIFIER_plus_cross_TOP.$flatten\cnn_inst.\proc_u0.\cnn_ctrl_u0.\cnn_inst.\cnn_inst.\mac_inst.$add$/home/designer/projects/CNN4IC/unic_cass_wrapper_user_project/CLASSIFIER_plus_cross_TOP/src/mac_parallel.v:7$397 ($add).
Converting cell CLASSIFIER_plus_cross_TOP.$flatten\cnn_inst.\proc_u0.\cnn_ctrl_u0.\cnn_inst.\cnn_inst.\mac_inst.$mul$/home/designer/projects/CNN4IC/unic_cass_wrapper_user_project/CLASSIFIER_plus_cross_TOP/src/mac_parallel.v:23$398 ($mul) from unsigned to signed.
Removed top 13 bits (of 16) from port A of cell CLASSIFIER_plus_cross_TOP.$flatten\cnn_inst.\proc_u0.\cnn_ctrl_u0.\cnn_inst.\cnn_inst.\mac_inst.$mul$/home/designer/projects/CNN4IC/unic_cass_wrapper_user_project/CLASSIFIER_plus_cross_TOP/src/mac_parallel.v:23$398 ($mul).
Removed top 13 bits (of 16) from port B of cell CLASSIFIER_plus_cross_TOP.$flatten\cnn_inst.\proc_u0.\cnn_ctrl_u0.\cnn_inst.\cnn_inst.\mac_inst.$mul$/home/designer/projects/CNN4IC/unic_cass_wrapper_user_project/CLASSIFIER_plus_cross_TOP/src/mac_parallel.v:23$398 ($mul).
Removed top 10 bits (of 16) from port Y of cell CLASSIFIER_plus_cross_TOP.$flatten\cnn_inst.\proc_u0.\cnn_ctrl_u0.\cnn_inst.\cnn_inst.\mac_inst.$mul$/home/designer/projects/CNN4IC/unic_cass_wrapper_user_project/CLASSIFIER_plus_cross_TOP/src/mac_parallel.v:23$398 ($mul).
Removed top 10 bits (of 16) from port B of cell CLASSIFIER_plus_cross_TOP.$flatten\cnn_inst.\proc_u0.\cnn_ctrl_u0.\cnn_inst.\cnn_inst.\mac_inst.$add$/home/designer/projects/CNN4IC/unic_cass_wrapper_user_project/CLASSIFIER_plus_cross_TOP/src/mac_parallel.v:7$399 ($add).
Converting cell CLASSIFIER_plus_cross_TOP.$flatten\cnn_inst.\proc_u0.\cnn_ctrl_u0.\cnn_inst.\cnn_inst.\mac_inst.$mul$/home/designer/projects/CNN4IC/unic_cass_wrapper_user_project/CLASSIFIER_plus_cross_TOP/src/mac_parallel.v:24$400 ($mul) from unsigned to signed.
Removed top 13 bits (of 16) from port A of cell CLASSIFIER_plus_cross_TOP.$flatten\cnn_inst.\proc_u0.\cnn_ctrl_u0.\cnn_inst.\cnn_inst.\mac_inst.$mul$/home/designer/projects/CNN4IC/unic_cass_wrapper_user_project/CLASSIFIER_plus_cross_TOP/src/mac_parallel.v:24$400 ($mul).
Removed top 13 bits (of 16) from port B of cell CLASSIFIER_plus_cross_TOP.$flatten\cnn_inst.\proc_u0.\cnn_ctrl_u0.\cnn_inst.\cnn_inst.\mac_inst.$mul$/home/designer/projects/CNN4IC/unic_cass_wrapper_user_project/CLASSIFIER_plus_cross_TOP/src/mac_parallel.v:24$400 ($mul).
Removed top 10 bits (of 16) from port Y of cell CLASSIFIER_plus_cross_TOP.$flatten\cnn_inst.\proc_u0.\cnn_ctrl_u0.\cnn_inst.\cnn_inst.\mac_inst.$mul$/home/designer/projects/CNN4IC/unic_cass_wrapper_user_project/CLASSIFIER_plus_cross_TOP/src/mac_parallel.v:24$400 ($mul).
Removed top 10 bits (of 16) from port B of cell CLASSIFIER_plus_cross_TOP.$flatten\cnn_inst.\proc_u0.\cnn_ctrl_u0.\cnn_inst.\cnn_inst.\mac_inst.$add$/home/designer/projects/CNN4IC/unic_cass_wrapper_user_project/CLASSIFIER_plus_cross_TOP/src/mac_parallel.v:7$401 ($add).
Converting cell CLASSIFIER_plus_cross_TOP.$flatten\cnn_inst.\proc_u0.\cnn_ctrl_u0.\cnn_inst.\cnn_inst.\mac_inst.$mul$/home/designer/projects/CNN4IC/unic_cass_wrapper_user_project/CLASSIFIER_plus_cross_TOP/src/mac_parallel.v:25$402 ($mul) from unsigned to signed.
Removed top 13 bits (of 16) from port A of cell CLASSIFIER_plus_cross_TOP.$flatten\cnn_inst.\proc_u0.\cnn_ctrl_u0.\cnn_inst.\cnn_inst.\mac_inst.$mul$/home/designer/projects/CNN4IC/unic_cass_wrapper_user_project/CLASSIFIER_plus_cross_TOP/src/mac_parallel.v:25$402 ($mul).
Removed top 13 bits (of 16) from port B of cell CLASSIFIER_plus_cross_TOP.$flatten\cnn_inst.\proc_u0.\cnn_ctrl_u0.\cnn_inst.\cnn_inst.\mac_inst.$mul$/home/designer/projects/CNN4IC/unic_cass_wrapper_user_project/CLASSIFIER_plus_cross_TOP/src/mac_parallel.v:25$402 ($mul).
Removed top 10 bits (of 16) from port Y of cell CLASSIFIER_plus_cross_TOP.$flatten\cnn_inst.\proc_u0.\cnn_ctrl_u0.\cnn_inst.\cnn_inst.\mac_inst.$mul$/home/designer/projects/CNN4IC/unic_cass_wrapper_user_project/CLASSIFIER_plus_cross_TOP/src/mac_parallel.v:25$402 ($mul).
Removed top 10 bits (of 16) from port B of cell CLASSIFIER_plus_cross_TOP.$flatten\cnn_inst.\proc_u0.\cnn_ctrl_u0.\cnn_inst.\cnn_inst.\mac_inst.$add$/home/designer/projects/CNN4IC/unic_cass_wrapper_user_project/CLASSIFIER_plus_cross_TOP/src/mac_parallel.v:7$403 ($add).
Converting cell CLASSIFIER_plus_cross_TOP.$flatten\cnn_inst.\proc_u0.\cnn_ctrl_u0.\cnn_inst.\cnn_inst.\mac_inst.$mul$/home/designer/projects/CNN4IC/unic_cass_wrapper_user_project/CLASSIFIER_plus_cross_TOP/src/mac_parallel.v:26$404 ($mul) from unsigned to signed.
Removed top 13 bits (of 16) from port A of cell CLASSIFIER_plus_cross_TOP.$flatten\cnn_inst.\proc_u0.\cnn_ctrl_u0.\cnn_inst.\cnn_inst.\mac_inst.$mul$/home/designer/projects/CNN4IC/unic_cass_wrapper_user_project/CLASSIFIER_plus_cross_TOP/src/mac_parallel.v:26$404 ($mul).
Removed top 13 bits (of 16) from port B of cell CLASSIFIER_plus_cross_TOP.$flatten\cnn_inst.\proc_u0.\cnn_ctrl_u0.\cnn_inst.\cnn_inst.\mac_inst.$mul$/home/designer/projects/CNN4IC/unic_cass_wrapper_user_project/CLASSIFIER_plus_cross_TOP/src/mac_parallel.v:26$404 ($mul).
Removed top 10 bits (of 16) from port Y of cell CLASSIFIER_plus_cross_TOP.$flatten\cnn_inst.\proc_u0.\cnn_ctrl_u0.\cnn_inst.\cnn_inst.\mac_inst.$mul$/home/designer/projects/CNN4IC/unic_cass_wrapper_user_project/CLASSIFIER_plus_cross_TOP/src/mac_parallel.v:26$404 ($mul).
Removed top 10 bits (of 16) from port B of cell CLASSIFIER_plus_cross_TOP.$flatten\cnn_inst.\proc_u0.\cnn_ctrl_u0.\cnn_inst.\cnn_inst.\mac_inst.$add$/home/designer/projects/CNN4IC/unic_cass_wrapper_user_project/CLASSIFIER_plus_cross_TOP/src/mac_parallel.v:7$405 ($add).
Converting cell CLASSIFIER_plus_cross_TOP.$flatten\cnn_inst.\proc_u0.\cnn_ctrl_u0.\cnn_inst.\cnn_inst.\mac_inst.$mul$/home/designer/projects/CNN4IC/unic_cass_wrapper_user_project/CLASSIFIER_plus_cross_TOP/src/mac_parallel.v:27$406 ($mul) from unsigned to signed.
Removed top 13 bits (of 16) from port A of cell CLASSIFIER_plus_cross_TOP.$flatten\cnn_inst.\proc_u0.\cnn_ctrl_u0.\cnn_inst.\cnn_inst.\mac_inst.$mul$/home/designer/projects/CNN4IC/unic_cass_wrapper_user_project/CLASSIFIER_plus_cross_TOP/src/mac_parallel.v:27$406 ($mul).
Removed top 13 bits (of 16) from port B of cell CLASSIFIER_plus_cross_TOP.$flatten\cnn_inst.\proc_u0.\cnn_ctrl_u0.\cnn_inst.\cnn_inst.\mac_inst.$mul$/home/designer/projects/CNN4IC/unic_cass_wrapper_user_project/CLASSIFIER_plus_cross_TOP/src/mac_parallel.v:27$406 ($mul).
Removed top 10 bits (of 16) from port Y of cell CLASSIFIER_plus_cross_TOP.$flatten\cnn_inst.\proc_u0.\cnn_ctrl_u0.\cnn_inst.\cnn_inst.\mac_inst.$mul$/home/designer/projects/CNN4IC/unic_cass_wrapper_user_project/CLASSIFIER_plus_cross_TOP/src/mac_parallel.v:27$406 ($mul).
Removed top 10 bits (of 16) from port B of cell CLASSIFIER_plus_cross_TOP.$flatten\cnn_inst.\proc_u0.\cnn_ctrl_u0.\cnn_inst.\cnn_inst.\mac_inst.$add$/home/designer/projects/CNN4IC/unic_cass_wrapper_user_project/CLASSIFIER_plus_cross_TOP/src/mac_parallel.v:7$407 ($add).
Converting cell CLASSIFIER_plus_cross_TOP.$flatten\cnn_inst.\proc_u0.\cnn_ctrl_u0.\cnn_inst.\cnn_inst.\mac_inst.$mul$/home/designer/projects/CNN4IC/unic_cass_wrapper_user_project/CLASSIFIER_plus_cross_TOP/src/mac_parallel.v:28$408 ($mul) from unsigned to signed.
Removed top 13 bits (of 16) from port A of cell CLASSIFIER_plus_cross_TOP.$flatten\cnn_inst.\proc_u0.\cnn_ctrl_u0.\cnn_inst.\cnn_inst.\mac_inst.$mul$/home/designer/projects/CNN4IC/unic_cass_wrapper_user_project/CLASSIFIER_plus_cross_TOP/src/mac_parallel.v:28$408 ($mul).
Removed top 13 bits (of 16) from port B of cell CLASSIFIER_plus_cross_TOP.$flatten\cnn_inst.\proc_u0.\cnn_ctrl_u0.\cnn_inst.\cnn_inst.\mac_inst.$mul$/home/designer/projects/CNN4IC/unic_cass_wrapper_user_project/CLASSIFIER_plus_cross_TOP/src/mac_parallel.v:28$408 ($mul).
Removed top 10 bits (of 16) from port Y of cell CLASSIFIER_plus_cross_TOP.$flatten\cnn_inst.\proc_u0.\cnn_ctrl_u0.\cnn_inst.\cnn_inst.\mac_inst.$mul$/home/designer/projects/CNN4IC/unic_cass_wrapper_user_project/CLASSIFIER_plus_cross_TOP/src/mac_parallel.v:28$408 ($mul).
Removed top 10 bits (of 16) from port B of cell CLASSIFIER_plus_cross_TOP.$flatten\cnn_inst.\proc_u0.\cnn_ctrl_u0.\cnn_inst.\cnn_inst.\mac_inst.$add$/home/designer/projects/CNN4IC/unic_cass_wrapper_user_project/CLASSIFIER_plus_cross_TOP/src/mac_parallel.v:7$409 ($add).
Converting cell CLASSIFIER_plus_cross_TOP.$flatten\cnn_inst.\proc_u0.\cnn_ctrl_u0.\cnn_inst.\cnn_inst.\mac_inst.$mul$/home/designer/projects/CNN4IC/unic_cass_wrapper_user_project/CLASSIFIER_plus_cross_TOP/src/mac_parallel.v:29$410 ($mul) from unsigned to signed.
Removed top 13 bits (of 16) from port A of cell CLASSIFIER_plus_cross_TOP.$flatten\cnn_inst.\proc_u0.\cnn_ctrl_u0.\cnn_inst.\cnn_inst.\mac_inst.$mul$/home/designer/projects/CNN4IC/unic_cass_wrapper_user_project/CLASSIFIER_plus_cross_TOP/src/mac_parallel.v:29$410 ($mul).
Removed top 13 bits (of 16) from port B of cell CLASSIFIER_plus_cross_TOP.$flatten\cnn_inst.\proc_u0.\cnn_ctrl_u0.\cnn_inst.\cnn_inst.\mac_inst.$mul$/home/designer/projects/CNN4IC/unic_cass_wrapper_user_project/CLASSIFIER_plus_cross_TOP/src/mac_parallel.v:29$410 ($mul).
Removed top 10 bits (of 16) from port Y of cell CLASSIFIER_plus_cross_TOP.$flatten\cnn_inst.\proc_u0.\cnn_ctrl_u0.\cnn_inst.\cnn_inst.\mac_inst.$mul$/home/designer/projects/CNN4IC/unic_cass_wrapper_user_project/CLASSIFIER_plus_cross_TOP/src/mac_parallel.v:29$410 ($mul).
Removed top 10 bits (of 16) from port B of cell CLASSIFIER_plus_cross_TOP.$flatten\cnn_inst.\proc_u0.\cnn_ctrl_u0.\cnn_inst.\cnn_inst.\mac_inst.$add$/home/designer/projects/CNN4IC/unic_cass_wrapper_user_project/CLASSIFIER_plus_cross_TOP/src/mac_parallel.v:7$411 ($add).
Converting cell CLASSIFIER_plus_cross_TOP.$flatten\cnn_inst.\proc_u0.\cnn_ctrl_u0.\cnn_inst.\cnn_inst.\mac_inst.$mul$/home/designer/projects/CNN4IC/unic_cass_wrapper_user_project/CLASSIFIER_plus_cross_TOP/src/mac_parallel.v:30$412 ($mul) from unsigned to signed.
Removed top 13 bits (of 16) from port A of cell CLASSIFIER_plus_cross_TOP.$flatten\cnn_inst.\proc_u0.\cnn_ctrl_u0.\cnn_inst.\cnn_inst.\mac_inst.$mul$/home/designer/projects/CNN4IC/unic_cass_wrapper_user_project/CLASSIFIER_plus_cross_TOP/src/mac_parallel.v:30$412 ($mul).
Removed top 13 bits (of 16) from port B of cell CLASSIFIER_plus_cross_TOP.$flatten\cnn_inst.\proc_u0.\cnn_ctrl_u0.\cnn_inst.\cnn_inst.\mac_inst.$mul$/home/designer/projects/CNN4IC/unic_cass_wrapper_user_project/CLASSIFIER_plus_cross_TOP/src/mac_parallel.v:30$412 ($mul).
Removed top 10 bits (of 16) from port Y of cell CLASSIFIER_plus_cross_TOP.$flatten\cnn_inst.\proc_u0.\cnn_ctrl_u0.\cnn_inst.\cnn_inst.\mac_inst.$mul$/home/designer/projects/CNN4IC/unic_cass_wrapper_user_project/CLASSIFIER_plus_cross_TOP/src/mac_parallel.v:30$412 ($mul).
Removed top 10 bits (of 16) from port B of cell CLASSIFIER_plus_cross_TOP.$flatten\cnn_inst.\proc_u0.\cnn_ctrl_u0.\cnn_inst.\cnn_inst.\mac_inst.$add$/home/designer/projects/CNN4IC/unic_cass_wrapper_user_project/CLASSIFIER_plus_cross_TOP/src/mac_parallel.v:7$413 ($add).
Converting cell CLASSIFIER_plus_cross_TOP.$flatten\cnn_inst.\proc_u0.\cnn_ctrl_u0.\cnn_inst.\cnn_inst.\mac_inst.$mul$/home/designer/projects/CNN4IC/unic_cass_wrapper_user_project/CLASSIFIER_plus_cross_TOP/src/mac_parallel.v:31$414 ($mul) from unsigned to signed.
Removed top 13 bits (of 16) from port A of cell CLASSIFIER_plus_cross_TOP.$flatten\cnn_inst.\proc_u0.\cnn_ctrl_u0.\cnn_inst.\cnn_inst.\mac_inst.$mul$/home/designer/projects/CNN4IC/unic_cass_wrapper_user_project/CLASSIFIER_plus_cross_TOP/src/mac_parallel.v:31$414 ($mul).
Removed top 13 bits (of 16) from port B of cell CLASSIFIER_plus_cross_TOP.$flatten\cnn_inst.\proc_u0.\cnn_ctrl_u0.\cnn_inst.\cnn_inst.\mac_inst.$mul$/home/designer/projects/CNN4IC/unic_cass_wrapper_user_project/CLASSIFIER_plus_cross_TOP/src/mac_parallel.v:31$414 ($mul).
Removed top 10 bits (of 16) from port Y of cell CLASSIFIER_plus_cross_TOP.$flatten\cnn_inst.\proc_u0.\cnn_ctrl_u0.\cnn_inst.\cnn_inst.\mac_inst.$mul$/home/designer/projects/CNN4IC/unic_cass_wrapper_user_project/CLASSIFIER_plus_cross_TOP/src/mac_parallel.v:31$414 ($mul).
Removed top 10 bits (of 16) from port B of cell CLASSIFIER_plus_cross_TOP.$flatten\cnn_inst.\proc_u0.\cnn_ctrl_u0.\cnn_inst.\cnn_inst.\mac_inst.$add$/home/designer/projects/CNN4IC/unic_cass_wrapper_user_project/CLASSIFIER_plus_cross_TOP/src/mac_parallel.v:7$415 ($add).
Removed top 29 bits (of 32) from port B of cell CLASSIFIER_plus_cross_TOP.$flatten\cnn_inst.\proc_u0.\cnn_ctrl_u0.\cnn_inst.\cnn_inst.\win_mux.$mul$/home/designer/projects/CNN4IC/unic_cass_wrapper_user_project/CLASSIFIER_plus_cross_TOP/src/window_mux_6x6_5x5.v:28$419 ($mul).
Removed top 30 bits (of 32) from port B of cell CLASSIFIER_plus_cross_TOP.$flatten\cnn_inst.\proc_u0.\cnn_ctrl_u0.\cnn_inst.\cnn_inst.\win_mux.$add$/home/designer/projects/CNN4IC/unic_cass_wrapper_user_project/CLASSIFIER_plus_cross_TOP/src/window_mux_6x6_5x5.v:28$423 ($add).
Removed top 29 bits (of 32) from port B of cell CLASSIFIER_plus_cross_TOP.$flatten\cnn_inst.\proc_u0.\cnn_ctrl_u0.\cnn_inst.\cnn_inst.\win_mux.$mul$/home/designer/projects/CNN4IC/unic_cass_wrapper_user_project/CLASSIFIER_plus_cross_TOP/src/window_mux_6x6_5x5.v:28$424 ($mul).
Removed top 29 bits (of 32) from port B of cell CLASSIFIER_plus_cross_TOP.$flatten\cnn_inst.\proc_u0.\cnn_ctrl_u0.\cnn_inst.\cnn_inst.\win_mux.$add$/home/designer/projects/CNN4IC/unic_cass_wrapper_user_project/CLASSIFIER_plus_cross_TOP/src/window_mux_6x6_5x5.v:28$428 ($add).
Removed top 29 bits (of 32) from port B of cell CLASSIFIER_plus_cross_TOP.$flatten\cnn_inst.\proc_u0.\cnn_ctrl_u0.\cnn_inst.\cnn_inst.\win_mux.$mul$/home/designer/projects/CNN4IC/unic_cass_wrapper_user_project/CLASSIFIER_plus_cross_TOP/src/window_mux_6x6_5x5.v:28$429 ($mul).
Removed top 29 bits (of 32) from port B of cell CLASSIFIER_plus_cross_TOP.$flatten\cnn_inst.\proc_u0.\cnn_ctrl_u0.\cnn_inst.\cnn_inst.\win_mux.$add$/home/designer/projects/CNN4IC/unic_cass_wrapper_user_project/CLASSIFIER_plus_cross_TOP/src/window_mux_6x6_5x5.v:28$433 ($add).
Removed top 29 bits (of 32) from port B of cell CLASSIFIER_plus_cross_TOP.$flatten\cnn_inst.\proc_u0.\cnn_ctrl_u0.\cnn_inst.\cnn_inst.\win_mux.$mul$/home/designer/projects/CNN4IC/unic_cass_wrapper_user_project/CLASSIFIER_plus_cross_TOP/src/window_mux_6x6_5x5.v:28$434 ($mul).
Removed top 28 bits (of 32) from port B of cell CLASSIFIER_plus_cross_TOP.$flatten\cnn_inst.\proc_u0.\cnn_ctrl_u0.\cnn_inst.\cnn_inst.\win_mux.$add$/home/designer/projects/CNN4IC/unic_cass_wrapper_user_project/CLASSIFIER_plus_cross_TOP/src/window_mux_6x6_5x5.v:28$438 ($add).
Removed top 29 bits (of 32) from port B of cell CLASSIFIER_plus_cross_TOP.$flatten\cnn_inst.\proc_u0.\cnn_ctrl_u0.\cnn_inst.\cnn_inst.\win_mux.$mul$/home/designer/projects/CNN4IC/unic_cass_wrapper_user_project/CLASSIFIER_plus_cross_TOP/src/window_mux_6x6_5x5.v:28$439 ($mul).
Removed top 28 bits (of 32) from port B of cell CLASSIFIER_plus_cross_TOP.$flatten\cnn_inst.\proc_u0.\cnn_ctrl_u0.\cnn_inst.\cnn_inst.\win_mux.$add$/home/designer/projects/CNN4IC/unic_cass_wrapper_user_project/CLASSIFIER_plus_cross_TOP/src/window_mux_6x6_5x5.v:28$442 ($add).
Removed top 29 bits (of 32) from port B of cell CLASSIFIER_plus_cross_TOP.$flatten\cnn_inst.\proc_u0.\cnn_ctrl_u0.\cnn_inst.\cnn_inst.\win_mux.$mul$/home/designer/projects/CNN4IC/unic_cass_wrapper_user_project/CLASSIFIER_plus_cross_TOP/src/window_mux_6x6_5x5.v:28$444 ($mul).
Removed top 30 bits (of 32) from port B of cell CLASSIFIER_plus_cross_TOP.$flatten\cnn_inst.\proc_u0.\cnn_ctrl_u0.\cnn_inst.\cnn_inst.\win_mux.$add$/home/designer/projects/CNN4IC/unic_cass_wrapper_user_project/CLASSIFIER_plus_cross_TOP/src/window_mux_6x6_5x5.v:28$448 ($add).
Removed top 29 bits (of 32) from port B of cell CLASSIFIER_plus_cross_TOP.$flatten\cnn_inst.\proc_u0.\cnn_ctrl_u0.\cnn_inst.\cnn_inst.\win_mux.$mul$/home/designer/projects/CNN4IC/unic_cass_wrapper_user_project/CLASSIFIER_plus_cross_TOP/src/window_mux_6x6_5x5.v:28$449 ($mul).
Removed top 29 bits (of 32) from port B of cell CLASSIFIER_plus_cross_TOP.$flatten\cnn_inst.\proc_u0.\cnn_ctrl_u0.\cnn_inst.\cnn_inst.\win_mux.$add$/home/designer/projects/CNN4IC/unic_cass_wrapper_user_project/CLASSIFIER_plus_cross_TOP/src/window_mux_6x6_5x5.v:28$453 ($add).
Removed top 29 bits (of 32) from port B of cell CLASSIFIER_plus_cross_TOP.$flatten\cnn_inst.\proc_u0.\cnn_ctrl_u0.\cnn_inst.\cnn_inst.\win_mux.$mul$/home/designer/projects/CNN4IC/unic_cass_wrapper_user_project/CLASSIFIER_plus_cross_TOP/src/window_mux_6x6_5x5.v:28$454 ($mul).
Removed top 29 bits (of 32) from port B of cell CLASSIFIER_plus_cross_TOP.$flatten\cnn_inst.\proc_u0.\cnn_ctrl_u0.\cnn_inst.\cnn_inst.\win_mux.$add$/home/designer/projects/CNN4IC/unic_cass_wrapper_user_project/CLASSIFIER_plus_cross_TOP/src/window_mux_6x6_5x5.v:28$458 ($add).
Removed top 29 bits (of 32) from port B of cell CLASSIFIER_plus_cross_TOP.$flatten\cnn_inst.\proc_u0.\cnn_ctrl_u0.\cnn_inst.\cnn_inst.\win_mux.$mul$/home/designer/projects/CNN4IC/unic_cass_wrapper_user_project/CLASSIFIER_plus_cross_TOP/src/window_mux_6x6_5x5.v:28$459 ($mul).
Removed top 28 bits (of 32) from port B of cell CLASSIFIER_plus_cross_TOP.$flatten\cnn_inst.\proc_u0.\cnn_ctrl_u0.\cnn_inst.\cnn_inst.\win_mux.$add$/home/designer/projects/CNN4IC/unic_cass_wrapper_user_project/CLASSIFIER_plus_cross_TOP/src/window_mux_6x6_5x5.v:28$463 ($add).
Removed top 29 bits (of 32) from port B of cell CLASSIFIER_plus_cross_TOP.$flatten\cnn_inst.\proc_u0.\cnn_ctrl_u0.\cnn_inst.\cnn_inst.\win_mux.$mul$/home/designer/projects/CNN4IC/unic_cass_wrapper_user_project/CLASSIFIER_plus_cross_TOP/src/window_mux_6x6_5x5.v:28$464 ($mul).
Removed top 27 bits (of 32) from port B of cell CLASSIFIER_plus_cross_TOP.$flatten\cnn_inst.\proc_u0.\cnn_ctrl_u0.\cnn_inst.\cnn_inst.\win_mux.$add$/home/designer/projects/CNN4IC/unic_cass_wrapper_user_project/CLASSIFIER_plus_cross_TOP/src/window_mux_6x6_5x5.v:28$467 ($add).
Removed top 29 bits (of 32) from port B of cell CLASSIFIER_plus_cross_TOP.$flatten\cnn_inst.\proc_u0.\cnn_ctrl_u0.\cnn_inst.\cnn_inst.\win_mux.$mul$/home/designer/projects/CNN4IC/unic_cass_wrapper_user_project/CLASSIFIER_plus_cross_TOP/src/window_mux_6x6_5x5.v:28$469 ($mul).
Removed top 30 bits (of 32) from port B of cell CLASSIFIER_plus_cross_TOP.$flatten\cnn_inst.\proc_u0.\cnn_ctrl_u0.\cnn_inst.\cnn_inst.\win_mux.$add$/home/designer/projects/CNN4IC/unic_cass_wrapper_user_project/CLASSIFIER_plus_cross_TOP/src/window_mux_6x6_5x5.v:28$473 ($add).
Removed top 29 bits (of 32) from port B of cell CLASSIFIER_plus_cross_TOP.$flatten\cnn_inst.\proc_u0.\cnn_ctrl_u0.\cnn_inst.\cnn_inst.\win_mux.$mul$/home/designer/projects/CNN4IC/unic_cass_wrapper_user_project/CLASSIFIER_plus_cross_TOP/src/window_mux_6x6_5x5.v:28$474 ($mul).
Removed top 29 bits (of 32) from port B of cell CLASSIFIER_plus_cross_TOP.$flatten\cnn_inst.\proc_u0.\cnn_ctrl_u0.\cnn_inst.\cnn_inst.\win_mux.$add$/home/designer/projects/CNN4IC/unic_cass_wrapper_user_project/CLASSIFIER_plus_cross_TOP/src/window_mux_6x6_5x5.v:28$478 ($add).
Removed top 29 bits (of 32) from port B of cell CLASSIFIER_plus_cross_TOP.$flatten\cnn_inst.\proc_u0.\cnn_ctrl_u0.\cnn_inst.\cnn_inst.\win_mux.$mul$/home/designer/projects/CNN4IC/unic_cass_wrapper_user_project/CLASSIFIER_plus_cross_TOP/src/window_mux_6x6_5x5.v:28$479 ($mul).
Removed top 29 bits (of 32) from port B of cell CLASSIFIER_plus_cross_TOP.$flatten\cnn_inst.\proc_u0.\cnn_ctrl_u0.\cnn_inst.\cnn_inst.\win_mux.$add$/home/designer/projects/CNN4IC/unic_cass_wrapper_user_project/CLASSIFIER_plus_cross_TOP/src/window_mux_6x6_5x5.v:28$483 ($add).
Removed top 29 bits (of 32) from port B of cell CLASSIFIER_plus_cross_TOP.$flatten\cnn_inst.\proc_u0.\cnn_ctrl_u0.\cnn_inst.\cnn_inst.\win_mux.$mul$/home/designer/projects/CNN4IC/unic_cass_wrapper_user_project/CLASSIFIER_plus_cross_TOP/src/window_mux_6x6_5x5.v:28$484 ($mul).
Removed top 28 bits (of 32) from port B of cell CLASSIFIER_plus_cross_TOP.$flatten\cnn_inst.\proc_u0.\cnn_ctrl_u0.\cnn_inst.\cnn_inst.\win_mux.$add$/home/designer/projects/CNN4IC/unic_cass_wrapper_user_project/CLASSIFIER_plus_cross_TOP/src/window_mux_6x6_5x5.v:28$488 ($add).
Removed top 29 bits (of 32) from port B of cell CLASSIFIER_plus_cross_TOP.$flatten\cnn_inst.\proc_u0.\cnn_ctrl_u0.\cnn_inst.\cnn_inst.\win_mux.$mul$/home/designer/projects/CNN4IC/unic_cass_wrapper_user_project/CLASSIFIER_plus_cross_TOP/src/window_mux_6x6_5x5.v:28$489 ($mul).
Removed top 26 bits (of 32) from port B of cell CLASSIFIER_plus_cross_TOP.$flatten\cnn_inst.\proc_u0.\cnn_ctrl_u0.\cnn_inst.\cnn_inst.\win_mux.$add$/home/designer/projects/CNN4IC/unic_cass_wrapper_user_project/CLASSIFIER_plus_cross_TOP/src/window_mux_6x6_5x5.v:28$492 ($add).
Removed top 29 bits (of 32) from port B of cell CLASSIFIER_plus_cross_TOP.$flatten\cnn_inst.\proc_u0.\cnn_ctrl_u0.\cnn_inst.\cnn_inst.\win_mux.$mul$/home/designer/projects/CNN4IC/unic_cass_wrapper_user_project/CLASSIFIER_plus_cross_TOP/src/window_mux_6x6_5x5.v:28$494 ($mul).
Removed top 30 bits (of 32) from port B of cell CLASSIFIER_plus_cross_TOP.$flatten\cnn_inst.\proc_u0.\cnn_ctrl_u0.\cnn_inst.\cnn_inst.\win_mux.$add$/home/designer/projects/CNN4IC/unic_cass_wrapper_user_project/CLASSIFIER_plus_cross_TOP/src/window_mux_6x6_5x5.v:28$498 ($add).
Removed top 29 bits (of 32) from port B of cell CLASSIFIER_plus_cross_TOP.$flatten\cnn_inst.\proc_u0.\cnn_ctrl_u0.\cnn_inst.\cnn_inst.\win_mux.$mul$/home/designer/projects/CNN4IC/unic_cass_wrapper_user_project/CLASSIFIER_plus_cross_TOP/src/window_mux_6x6_5x5.v:28$499 ($mul).
Removed top 29 bits (of 32) from port B of cell CLASSIFIER_plus_cross_TOP.$flatten\cnn_inst.\proc_u0.\cnn_ctrl_u0.\cnn_inst.\cnn_inst.\win_mux.$add$/home/designer/projects/CNN4IC/unic_cass_wrapper_user_project/CLASSIFIER_plus_cross_TOP/src/window_mux_6x6_5x5.v:28$503 ($add).
Removed top 29 bits (of 32) from port B of cell CLASSIFIER_plus_cross_TOP.$flatten\cnn_inst.\proc_u0.\cnn_ctrl_u0.\cnn_inst.\cnn_inst.\win_mux.$mul$/home/designer/projects/CNN4IC/unic_cass_wrapper_user_project/CLASSIFIER_plus_cross_TOP/src/window_mux_6x6_5x5.v:28$504 ($mul).
Removed top 29 bits (of 32) from port B of cell CLASSIFIER_plus_cross_TOP.$flatten\cnn_inst.\proc_u0.\cnn_ctrl_u0.\cnn_inst.\cnn_inst.\win_mux.$add$/home/designer/projects/CNN4IC/unic_cass_wrapper_user_project/CLASSIFIER_plus_cross_TOP/src/window_mux_6x6_5x5.v:28$508 ($add).
Removed top 29 bits (of 32) from port B of cell CLASSIFIER_plus_cross_TOP.$flatten\cnn_inst.\proc_u0.\cnn_ctrl_u0.\cnn_inst.\cnn_inst.\win_mux.$mul$/home/designer/projects/CNN4IC/unic_cass_wrapper_user_project/CLASSIFIER_plus_cross_TOP/src/window_mux_6x6_5x5.v:28$509 ($mul).
Removed top 28 bits (of 32) from port B of cell CLASSIFIER_plus_cross_TOP.$flatten\cnn_inst.\proc_u0.\cnn_ctrl_u0.\cnn_inst.\cnn_inst.\win_mux.$add$/home/designer/projects/CNN4IC/unic_cass_wrapper_user_project/CLASSIFIER_plus_cross_TOP/src/window_mux_6x6_5x5.v:28$513 ($add).
Removed top 29 bits (of 32) from port B of cell CLASSIFIER_plus_cross_TOP.$flatten\cnn_inst.\proc_u0.\cnn_ctrl_u0.\cnn_inst.\cnn_inst.\win_mux.$mul$/home/designer/projects/CNN4IC/unic_cass_wrapper_user_project/CLASSIFIER_plus_cross_TOP/src/window_mux_6x6_5x5.v:28$514 ($mul).
Removed top 26 bits (of 32) from port B of cell CLASSIFIER_plus_cross_TOP.$flatten\cnn_inst.\proc_u0.\cnn_ctrl_u0.\cnn_inst.\cnn_inst.\win_mux.$add$/home/designer/projects/CNN4IC/unic_cass_wrapper_user_project/CLASSIFIER_plus_cross_TOP/src/window_mux_6x6_5x5.v:28$517 ($add).
Removed top 29 bits (of 32) from port B of cell CLASSIFIER_plus_cross_TOP.$flatten\cnn_inst.\proc_u0.\cnn_ctrl_u0.\cnn_inst.\cnn_inst.\win_mux.$mul$/home/designer/projects/CNN4IC/unic_cass_wrapper_user_project/CLASSIFIER_plus_cross_TOP/src/window_mux_6x6_5x5.v:28$519 ($mul).
Removed top 30 bits (of 32) from port B of cell CLASSIFIER_plus_cross_TOP.$flatten\cnn_inst.\proc_u0.\cnn_ctrl_u0.\cnn_inst.\cnn_inst.\win_mux.$add$/home/designer/projects/CNN4IC/unic_cass_wrapper_user_project/CLASSIFIER_plus_cross_TOP/src/window_mux_6x6_5x5.v:28$523 ($add).
Removed top 29 bits (of 32) from port B of cell CLASSIFIER_plus_cross_TOP.$flatten\cnn_inst.\proc_u0.\cnn_ctrl_u0.\cnn_inst.\cnn_inst.\win_mux.$mul$/home/designer/projects/CNN4IC/unic_cass_wrapper_user_project/CLASSIFIER_plus_cross_TOP/src/window_mux_6x6_5x5.v:28$524 ($mul).
Removed top 29 bits (of 32) from port B of cell CLASSIFIER_plus_cross_TOP.$flatten\cnn_inst.\proc_u0.\cnn_ctrl_u0.\cnn_inst.\cnn_inst.\win_mux.$add$/home/designer/projects/CNN4IC/unic_cass_wrapper_user_project/CLASSIFIER_plus_cross_TOP/src/window_mux_6x6_5x5.v:28$528 ($add).
Removed top 29 bits (of 32) from port B of cell CLASSIFIER_plus_cross_TOP.$flatten\cnn_inst.\proc_u0.\cnn_ctrl_u0.\cnn_inst.\cnn_inst.\win_mux.$mul$/home/designer/projects/CNN4IC/unic_cass_wrapper_user_project/CLASSIFIER_plus_cross_TOP/src/window_mux_6x6_5x5.v:28$529 ($mul).
Removed top 29 bits (of 32) from port B of cell CLASSIFIER_plus_cross_TOP.$flatten\cnn_inst.\proc_u0.\cnn_ctrl_u0.\cnn_inst.\cnn_inst.\win_mux.$add$/home/designer/projects/CNN4IC/unic_cass_wrapper_user_project/CLASSIFIER_plus_cross_TOP/src/window_mux_6x6_5x5.v:28$533 ($add).
Removed top 29 bits (of 32) from port B of cell CLASSIFIER_plus_cross_TOP.$flatten\cnn_inst.\proc_u0.\cnn_ctrl_u0.\cnn_inst.\cnn_inst.\win_mux.$mul$/home/designer/projects/CNN4IC/unic_cass_wrapper_user_project/CLASSIFIER_plus_cross_TOP/src/window_mux_6x6_5x5.v:28$534 ($mul).
Removed top 28 bits (of 32) from port B of cell CLASSIFIER_plus_cross_TOP.$flatten\cnn_inst.\proc_u0.\cnn_ctrl_u0.\cnn_inst.\cnn_inst.\win_mux.$add$/home/designer/projects/CNN4IC/unic_cass_wrapper_user_project/CLASSIFIER_plus_cross_TOP/src/window_mux_6x6_5x5.v:28$538 ($add).
Removed top 29 bits (of 32) from port B of cell CLASSIFIER_plus_cross_TOP.$flatten\cnn_inst.\proc_u0.\cnn_ctrl_u0.\cnn_inst.\cnn_inst.\win_mux.$mul$/home/designer/projects/CNN4IC/unic_cass_wrapper_user_project/CLASSIFIER_plus_cross_TOP/src/window_mux_6x6_5x5.v:28$539 ($mul).
Converting cell CLASSIFIER_plus_cross_TOP.$flatten\cnn_inst.\proc_u0.\cnn_ctrl_u0.\cnn_inst.\cnn_inst.\mac_inst.$mul$/home/designer/projects/CNN4IC/unic_cass_wrapper_user_project/CLASSIFIER_plus_cross_TOP/src/mac_parallel.v:7$367 ($mul) from unsigned to signed.
Removed top 13 bits (of 16) from port A of cell CLASSIFIER_plus_cross_TOP.$flatten\cnn_inst.\proc_u0.\cnn_ctrl_u0.\cnn_inst.\cnn_inst.\mac_inst.$mul$/home/designer/projects/CNN4IC/unic_cass_wrapper_user_project/CLASSIFIER_plus_cross_TOP/src/mac_parallel.v:7$367 ($mul).
Removed top 13 bits (of 16) from port B of cell CLASSIFIER_plus_cross_TOP.$flatten\cnn_inst.\proc_u0.\cnn_ctrl_u0.\cnn_inst.\cnn_inst.\mac_inst.$mul$/home/designer/projects/CNN4IC/unic_cass_wrapper_user_project/CLASSIFIER_plus_cross_TOP/src/mac_parallel.v:7$367 ($mul).
Removed top 10 bits (of 16) from port Y of cell CLASSIFIER_plus_cross_TOP.$flatten\cnn_inst.\proc_u0.\cnn_ctrl_u0.\cnn_inst.\cnn_inst.\mac_inst.$mul$/home/designer/projects/CNN4IC/unic_cass_wrapper_user_project/CLASSIFIER_plus_cross_TOP/src/mac_parallel.v:7$367 ($mul).
Removed top 1 bits (of 3) from port B of cell CLASSIFIER_plus_cross_TOP.$flatten\cnn_inst.\comm_mem_u0.\spi_u0.\loader_weight_sm.$procmux$665_CMP0 ($eq).
Removed top 1 bits (of 3) from port B of cell CLASSIFIER_plus_cross_TOP.$flatten\cnn_inst.\comm_mem_u0.\spi_u0.\loader_weight_sm.$procmux$673_CMP0 ($eq).
Removed top 2 bits (of 3) from port B of cell CLASSIFIER_plus_cross_TOP.$flatten\cnn_inst.\comm_mem_u0.\spi_u0.\loader_weight_sm.$procmux$682_CMP0 ($eq).
Removed top 1 bits (of 3) from port B of cell CLASSIFIER_plus_cross_TOP.$flatten\cnn_inst.\comm_mem_u0.\spi_u0.$procmux$1213_CMP0 ($eq).
Removed top 3 bits (of 4) from port B of cell CLASSIFIER_plus_cross_TOP.$flatten\cnn_inst.\comm_mem_u0.\spi_u0.$procmux$1153_CMP0 ($eq).
Removed top 2 bits (of 4) from port B of cell CLASSIFIER_plus_cross_TOP.$flatten\cnn_inst.\comm_mem_u0.\spi_u0.$procmux$1129_CMP0 ($eq).
Removed top 2 bits (of 4) from port B of cell CLASSIFIER_plus_cross_TOP.$flatten\cnn_inst.\comm_mem_u0.\spi_u0.$procmux$1106_CMP0 ($eq).
Removed top 1 bits (of 4) from port B of cell CLASSIFIER_plus_cross_TOP.$flatten\cnn_inst.\comm_mem_u0.\spi_u0.$procmux$1084_CMP0 ($eq).
Removed top 1 bits (of 4) from port B of cell CLASSIFIER_plus_cross_TOP.$flatten\cnn_inst.\comm_mem_u0.\spi_u0.$procmux$1063_CMP0 ($eq).
Removed top 1 bits (of 4) from port B of cell CLASSIFIER_plus_cross_TOP.$flatten\cnn_inst.\comm_mem_u0.\spi_u0.$procmux$1043_CMP0 ($eq).
Removed top 1 bits (of 4) from port B of cell CLASSIFIER_plus_cross_TOP.$flatten\cnn_inst.\comm_mem_u0.\spi_u0.$procmux$1024_CMP0 ($eq).
Removed top 2 bits (of 3) from port B of cell CLASSIFIER_plus_cross_TOP.$flatten\cnn_inst.\comm_mem_u0.\spi_u0.$procmux$1010_CMP0 ($eq).
Removed top 2 bits (of 3) from port B of cell CLASSIFIER_plus_cross_TOP.$flatten\cnn_inst.\comm_mem_u0.\spi_u0.$procmux$954_CMP0 ($eq).
Removed top 1 bits (of 3) from port B of cell CLASSIFIER_plus_cross_TOP.$flatten\cnn_inst.\comm_mem_u0.\spi_u0.$procmux$936_CMP0 ($eq).
Removed top 1 bits (of 3) from port B of cell CLASSIFIER_plus_cross_TOP.$flatten\cnn_inst.\comm_mem_u0.\spi_u0.$procmux$919_CMP0 ($eq).
Removed top 4 bits (of 5) from port B of cell CLASSIFIER_plus_cross_TOP.$flatten\cnn_inst.\comm_mem_u0.\spi_u0.$add$/home/designer/projects/CNN4IC/unic_cass_wrapper_user_project/CLASSIFIER_plus_cross_TOP/src/spi_cnn_slave_8.v:252$80 ($add).
Removed top 1 bits (of 5) from port B of cell CLASSIFIER_plus_cross_TOP.$flatten\cnn_inst.\comm_mem_u0.\spi_u0.$lt$/home/designer/projects/CNN4IC/unic_cass_wrapper_user_project/CLASSIFIER_plus_cross_TOP/src/spi_cnn_slave_8.v:251$79 ($lt).
Removed top 2 bits (of 3) from port B of cell CLASSIFIER_plus_cross_TOP.$flatten\cnn_inst.\comm_mem_u0.\spi_u0.$add$/home/designer/projects/CNN4IC/unic_cass_wrapper_user_project/CLASSIFIER_plus_cross_TOP/src/spi_cnn_slave_8.v:232$78 ($add).
Removed top 3 bits (of 7) from port B of cell CLASSIFIER_plus_cross_TOP.$flatten\cnn_inst.\comm_mem_u0.\spi_u0.$eq$/home/designer/projects/CNN4IC/unic_cass_wrapper_user_project/CLASSIFIER_plus_cross_TOP/src/spi_cnn_slave_8.v:230$75 ($eq).
Removed top 3 bits (of 4) from port B of cell CLASSIFIER_plus_cross_TOP.$flatten\cnn_inst.\comm_mem_u0.\spi_u0.$add$/home/designer/projects/CNN4IC/unic_cass_wrapper_user_project/CLASSIFIER_plus_cross_TOP/src/spi_cnn_slave_8.v:222$74 ($add).
Removed top 2 bits (of 7) from port B of cell CLASSIFIER_plus_cross_TOP.$flatten\cnn_inst.\comm_mem_u0.\spi_u0.$eq$/home/designer/projects/CNN4IC/unic_cass_wrapper_user_project/CLASSIFIER_plus_cross_TOP/src/spi_cnn_slave_8.v:220$71 ($eq).
Removed top 6 bits (of 7) from port B of cell CLASSIFIER_plus_cross_TOP.$flatten\cnn_inst.\comm_mem_u0.\spi_u0.$add$/home/designer/projects/CNN4IC/unic_cass_wrapper_user_project/CLASSIFIER_plus_cross_TOP/src/spi_cnn_slave_8.v:210$66 ($add).
Removed top 7 bits (of 9) from port B of cell CLASSIFIER_plus_cross_TOP.$flatten\cnn_inst.\comm_mem_u0.\spi_u0.$eq$/home/designer/projects/CNN4IC/unic_cass_wrapper_user_project/CLASSIFIER_plus_cross_TOP/src/spi_cnn_slave_8.v:200$65 ($eq).
Converting cell CLASSIFIER_plus_cross_TOP.$flatten\cnn_inst.\comm_mem_u0.\spi_u0.$neg$/home/designer/projects/CNN4IC/unic_cass_wrapper_user_project/CLASSIFIER_plus_cross_TOP/src/spi_cnn_slave_8.v:195$58 ($neg) from signed to unsigned.
Removed top 1 bits (of 33) from port A of cell CLASSIFIER_plus_cross_TOP.$flatten\cnn_inst.\comm_mem_u0.\spi_u0.$neg$/home/designer/projects/CNN4IC/unic_cass_wrapper_user_project/CLASSIFIER_plus_cross_TOP/src/spi_cnn_slave_8.v:195$58 ($neg).
Removed top 30 bits (of 32) from port A of cell CLASSIFIER_plus_cross_TOP.$flatten\cnn_inst.\comm_mem_u0.\spi_u0.$sub$/home/designer/projects/CNN4IC/unic_cass_wrapper_user_project/CLASSIFIER_plus_cross_TOP/src/spi_cnn_slave_8.v:195$57 ($sub).
Removed top 29 bits (of 32) from port Y of cell CLASSIFIER_plus_cross_TOP.$flatten\cnn_inst.\comm_mem_u0.\spi_u0.$sub$/home/designer/projects/CNN4IC/unic_cass_wrapper_user_project/CLASSIFIER_plus_cross_TOP/src/spi_cnn_slave_8.v:195$57 ($sub).
Removed top 7 bits (of 9) from port B of cell CLASSIFIER_plus_cross_TOP.$flatten\cnn_inst.\comm_mem_u0.\spi_u0.$lt$/home/designer/projects/CNN4IC/unic_cass_wrapper_user_project/CLASSIFIER_plus_cross_TOP/src/spi_cnn_slave_8.v:194$50 ($lt).
Removed top 8 bits (of 9) from port B of cell CLASSIFIER_plus_cross_TOP.$flatten\cnn_inst.\comm_mem_u0.\spi_u0.$add$/home/designer/projects/CNN4IC/unic_cass_wrapper_user_project/CLASSIFIER_plus_cross_TOP/src/spi_cnn_slave_8.v:191$49 ($add).
Removed top 1 bits (of 3) from port B of cell CLASSIFIER_plus_cross_TOP.$flatten\cnn_inst.\comm_mem_u0.\spi_u0.$eq$/home/designer/projects/CNN4IC/unic_cass_wrapper_user_project/CLASSIFIER_plus_cross_TOP/src/spi_cnn_slave_8.v:152$32 ($eq).
Removed top 7 bits (of 9) from port B of cell CLASSIFIER_plus_cross_TOP.$flatten\cnn_inst.\comm_mem_u0.\spi_u0.$eq$/home/designer/projects/CNN4IC/unic_cass_wrapper_user_project/CLASSIFIER_plus_cross_TOP/src/spi_cnn_slave_8.v:152$31 ($eq).
Removed top 28 bits (of 32) from port A of cell CLASSIFIER_plus_cross_TOP.$flatten\cnn_inst.\comm_mem_u0.\spi_u0.$sub$/home/designer/projects/CNN4IC/unic_cass_wrapper_user_project/CLASSIFIER_plus_cross_TOP/src/spi_cnn_slave_8.v:136$23 ($sub).
Removed top 27 bits (of 32) from port Y of cell CLASSIFIER_plus_cross_TOP.$flatten\cnn_inst.\comm_mem_u0.\spi_u0.$sub$/home/designer/projects/CNN4IC/unic_cass_wrapper_user_project/CLASSIFIER_plus_cross_TOP/src/spi_cnn_slave_8.v:136$23 ($sub).
Removed top 10 bits (of 16) from port A of cell CLASSIFIER_plus_cross_TOP.$flatten\cnn_inst.\proc_u0.\cnn_ctrl_u0.\cnn_inst.\cnn_inst.\mac_inst.$add$/home/designer/projects/CNN4IC/unic_cass_wrapper_user_project/CLASSIFIER_plus_cross_TOP/src/mac_parallel.v:7$369 ($add).
Removed top 9 bits (of 16) from port Y of cell CLASSIFIER_plus_cross_TOP.$flatten\cnn_inst.\proc_u0.\cnn_ctrl_u0.\cnn_inst.\cnn_inst.\mac_inst.$add$/home/designer/projects/CNN4IC/unic_cass_wrapper_user_project/CLASSIFIER_plus_cross_TOP/src/mac_parallel.v:7$369 ($add).
Removed top 9 bits (of 16) from port A of cell CLASSIFIER_plus_cross_TOP.$flatten\cnn_inst.\proc_u0.\cnn_ctrl_u0.\cnn_inst.\cnn_inst.\mac_inst.$add$/home/designer/projects/CNN4IC/unic_cass_wrapper_user_project/CLASSIFIER_plus_cross_TOP/src/mac_parallel.v:7$371 ($add).
Removed top 8 bits (of 16) from port Y of cell CLASSIFIER_plus_cross_TOP.$flatten\cnn_inst.\proc_u0.\cnn_ctrl_u0.\cnn_inst.\cnn_inst.\mac_inst.$add$/home/designer/projects/CNN4IC/unic_cass_wrapper_user_project/CLASSIFIER_plus_cross_TOP/src/mac_parallel.v:7$371 ($add).
Removed top 8 bits (of 16) from port A of cell CLASSIFIER_plus_cross_TOP.$flatten\cnn_inst.\proc_u0.\cnn_ctrl_u0.\cnn_inst.\cnn_inst.\mac_inst.$add$/home/designer/projects/CNN4IC/unic_cass_wrapper_user_project/CLASSIFIER_plus_cross_TOP/src/mac_parallel.v:7$373 ($add).
Removed top 7 bits (of 16) from port Y of cell CLASSIFIER_plus_cross_TOP.$flatten\cnn_inst.\proc_u0.\cnn_ctrl_u0.\cnn_inst.\cnn_inst.\mac_inst.$add$/home/designer/projects/CNN4IC/unic_cass_wrapper_user_project/CLASSIFIER_plus_cross_TOP/src/mac_parallel.v:7$373 ($add).
Removed top 7 bits (of 16) from port A of cell CLASSIFIER_plus_cross_TOP.$flatten\cnn_inst.\proc_u0.\cnn_ctrl_u0.\cnn_inst.\cnn_inst.\mac_inst.$add$/home/designer/projects/CNN4IC/unic_cass_wrapper_user_project/CLASSIFIER_plus_cross_TOP/src/mac_parallel.v:7$375 ($add).
Removed top 6 bits (of 16) from port Y of cell CLASSIFIER_plus_cross_TOP.$flatten\cnn_inst.\proc_u0.\cnn_ctrl_u0.\cnn_inst.\cnn_inst.\mac_inst.$add$/home/designer/projects/CNN4IC/unic_cass_wrapper_user_project/CLASSIFIER_plus_cross_TOP/src/mac_parallel.v:7$375 ($add).
Removed top 6 bits (of 16) from port A of cell CLASSIFIER_plus_cross_TOP.$flatten\cnn_inst.\proc_u0.\cnn_ctrl_u0.\cnn_inst.\cnn_inst.\mac_inst.$add$/home/designer/projects/CNN4IC/unic_cass_wrapper_user_project/CLASSIFIER_plus_cross_TOP/src/mac_parallel.v:7$377 ($add).
Removed top 5 bits (of 16) from port Y of cell CLASSIFIER_plus_cross_TOP.$flatten\cnn_inst.\proc_u0.\cnn_ctrl_u0.\cnn_inst.\cnn_inst.\mac_inst.$add$/home/designer/projects/CNN4IC/unic_cass_wrapper_user_project/CLASSIFIER_plus_cross_TOP/src/mac_parallel.v:7$377 ($add).
Removed top 5 bits (of 16) from port A of cell CLASSIFIER_plus_cross_TOP.$flatten\cnn_inst.\proc_u0.\cnn_ctrl_u0.\cnn_inst.\cnn_inst.\mac_inst.$add$/home/designer/projects/CNN4IC/unic_cass_wrapper_user_project/CLASSIFIER_plus_cross_TOP/src/mac_parallel.v:7$379 ($add).
Removed top 4 bits (of 16) from port Y of cell CLASSIFIER_plus_cross_TOP.$flatten\cnn_inst.\proc_u0.\cnn_ctrl_u0.\cnn_inst.\cnn_inst.\mac_inst.$add$/home/designer/projects/CNN4IC/unic_cass_wrapper_user_project/CLASSIFIER_plus_cross_TOP/src/mac_parallel.v:7$379 ($add).
Removed top 4 bits (of 16) from port A of cell CLASSIFIER_plus_cross_TOP.$flatten\cnn_inst.\proc_u0.\cnn_ctrl_u0.\cnn_inst.\cnn_inst.\mac_inst.$add$/home/designer/projects/CNN4IC/unic_cass_wrapper_user_project/CLASSIFIER_plus_cross_TOP/src/mac_parallel.v:7$381 ($add).
Removed top 3 bits (of 16) from port Y of cell CLASSIFIER_plus_cross_TOP.$flatten\cnn_inst.\proc_u0.\cnn_ctrl_u0.\cnn_inst.\cnn_inst.\mac_inst.$add$/home/designer/projects/CNN4IC/unic_cass_wrapper_user_project/CLASSIFIER_plus_cross_TOP/src/mac_parallel.v:7$381 ($add).
Removed top 3 bits (of 16) from port A of cell CLASSIFIER_plus_cross_TOP.$flatten\cnn_inst.\proc_u0.\cnn_ctrl_u0.\cnn_inst.\cnn_inst.\mac_inst.$add$/home/designer/projects/CNN4IC/unic_cass_wrapper_user_project/CLASSIFIER_plus_cross_TOP/src/mac_parallel.v:7$383 ($add).
Removed top 2 bits (of 16) from port Y of cell CLASSIFIER_plus_cross_TOP.$flatten\cnn_inst.\proc_u0.\cnn_ctrl_u0.\cnn_inst.\cnn_inst.\mac_inst.$add$/home/designer/projects/CNN4IC/unic_cass_wrapper_user_project/CLASSIFIER_plus_cross_TOP/src/mac_parallel.v:7$383 ($add).
Removed top 2 bits (of 16) from port A of cell CLASSIFIER_plus_cross_TOP.$flatten\cnn_inst.\proc_u0.\cnn_ctrl_u0.\cnn_inst.\cnn_inst.\mac_inst.$add$/home/designer/projects/CNN4IC/unic_cass_wrapper_user_project/CLASSIFIER_plus_cross_TOP/src/mac_parallel.v:7$385 ($add).
Removed top 1 bits (of 16) from port Y of cell CLASSIFIER_plus_cross_TOP.$flatten\cnn_inst.\proc_u0.\cnn_ctrl_u0.\cnn_inst.\cnn_inst.\mac_inst.$add$/home/designer/projects/CNN4IC/unic_cass_wrapper_user_project/CLASSIFIER_plus_cross_TOP/src/mac_parallel.v:7$385 ($add).
Removed top 1 bits (of 16) from port A of cell CLASSIFIER_plus_cross_TOP.$flatten\cnn_inst.\proc_u0.\cnn_ctrl_u0.\cnn_inst.\cnn_inst.\mac_inst.$add$/home/designer/projects/CNN4IC/unic_cass_wrapper_user_project/CLASSIFIER_plus_cross_TOP/src/mac_parallel.v:7$387 ($add).

88. Executing PEEPOPT pass (run peephole optimizers).

89. Executing OPT_CLEAN pass (remove unused cells and wires).
Finding unused cells or wires in module \CLASSIFIER_plus_cross_TOP..

90. Executing ALUMACC pass (create $alu and $macc cells).
Extracting $alu and $macc cells in module CLASSIFIER_plus_cross_TOP:
  creating $macc model for $flatten\cnn_inst.\comm_mem_u0.\spi_u0.$add$/home/designer/projects/CNN4IC/unic_cass_wrapper_user_project/CLASSIFIER_plus_cross_TOP/src/spi_cnn_slave_8.v:191$49 ($add).
  creating $macc model for $flatten\cnn_inst.\comm_mem_u0.\spi_u0.$add$/home/designer/projects/CNN4IC/unic_cass_wrapper_user_project/CLASSIFIER_plus_cross_TOP/src/spi_cnn_slave_8.v:210$66 ($add).
  creating $macc model for $flatten\cnn_inst.\comm_mem_u0.\spi_u0.$add$/home/designer/projects/CNN4IC/unic_cass_wrapper_user_project/CLASSIFIER_plus_cross_TOP/src/spi_cnn_slave_8.v:222$74 ($add).
  creating $macc model for $flatten\cnn_inst.\comm_mem_u0.\spi_u0.$add$/home/designer/projects/CNN4IC/unic_cass_wrapper_user_project/CLASSIFIER_plus_cross_TOP/src/spi_cnn_slave_8.v:232$78 ($add).
  creating $macc model for $flatten\cnn_inst.\comm_mem_u0.\spi_u0.$add$/home/designer/projects/CNN4IC/unic_cass_wrapper_user_project/CLASSIFIER_plus_cross_TOP/src/spi_cnn_slave_8.v:252$80 ($add).
  creating $macc model for $flatten\cnn_inst.\comm_mem_u0.\spi_u0.$neg$/home/designer/projects/CNN4IC/unic_cass_wrapper_user_project/CLASSIFIER_plus_cross_TOP/src/spi_cnn_slave_8.v:195$58 ($neg).
  creating $macc model for $flatten\cnn_inst.\comm_mem_u0.\spi_u0.$sub$/home/designer/projects/CNN4IC/unic_cass_wrapper_user_project/CLASSIFIER_plus_cross_TOP/src/spi_cnn_slave_8.v:136$23 ($sub).
  creating $macc model for $flatten\cnn_inst.\comm_mem_u0.\spi_u0.$sub$/home/designer/projects/CNN4IC/unic_cass_wrapper_user_project/CLASSIFIER_plus_cross_TOP/src/spi_cnn_slave_8.v:195$57 ($sub).
  creating $macc model for $flatten\cnn_inst.\proc_u0.\cnn_ctrl_u0.\cnn_inst.$add$/home/designer/projects/CNN4IC/unic_cass_wrapper_user_project/CLASSIFIER_plus_cross_TOP/src/cnn_top.v:115$86 ($add).
  creating $macc model for $flatten\cnn_inst.\proc_u0.\cnn_ctrl_u0.\cnn_inst.$add$/home/designer/projects/CNN4IC/unic_cass_wrapper_user_project/CLASSIFIER_plus_cross_TOP/src/cnn_top.v:119$88 ($add).
  creating $macc model for $flatten\cnn_inst.\proc_u0.\cnn_ctrl_u0.\cnn_inst.\cnn_inst.\mac_inst.$add$/home/designer/projects/CNN4IC/unic_cass_wrapper_user_project/CLASSIFIER_plus_cross_TOP/src/mac_parallel.v:7$369 ($add).
  creating $macc model for $flatten\cnn_inst.\proc_u0.\cnn_ctrl_u0.\cnn_inst.\cnn_inst.\mac_inst.$add$/home/designer/projects/CNN4IC/unic_cass_wrapper_user_project/CLASSIFIER_plus_cross_TOP/src/mac_parallel.v:7$371 ($add).
  creating $macc model for $flatten\cnn_inst.\proc_u0.\cnn_ctrl_u0.\cnn_inst.\cnn_inst.\mac_inst.$add$/home/designer/projects/CNN4IC/unic_cass_wrapper_user_project/CLASSIFIER_plus_cross_TOP/src/mac_parallel.v:7$373 ($add).
  creating $macc model for $flatten\cnn_inst.\proc_u0.\cnn_ctrl_u0.\cnn_inst.\cnn_inst.\mac_inst.$add$/home/designer/projects/CNN4IC/unic_cass_wrapper_user_project/CLASSIFIER_plus_cross_TOP/src/mac_parallel.v:7$375 ($add).
  creating $macc model for $flatten\cnn_inst.\proc_u0.\cnn_ctrl_u0.\cnn_inst.\cnn_inst.\mac_inst.$add$/home/designer/projects/CNN4IC/unic_cass_wrapper_user_project/CLASSIFIER_plus_cross_TOP/src/mac_parallel.v:7$377 ($add).
  creating $macc model for $flatten\cnn_inst.\proc_u0.\cnn_ctrl_u0.\cnn_inst.\cnn_inst.\mac_inst.$add$/home/designer/projects/CNN4IC/unic_cass_wrapper_user_project/CLASSIFIER_plus_cross_TOP/src/mac_parallel.v:7$379 ($add).
  creating $macc model for $flatten\cnn_inst.\proc_u0.\cnn_ctrl_u0.\cnn_inst.\cnn_inst.\mac_inst.$add$/home/designer/projects/CNN4IC/unic_cass_wrapper_user_project/CLASSIFIER_plus_cross_TOP/src/mac_parallel.v:7$381 ($add).
  creating $macc model for $flatten\cnn_inst.\proc_u0.\cnn_ctrl_u0.\cnn_inst.\cnn_inst.\mac_inst.$add$/home/designer/projects/CNN4IC/unic_cass_wrapper_user_project/CLASSIFIER_plus_cross_TOP/src/mac_parallel.v:7$383 ($add).
  creating $macc model for $flatten\cnn_inst.\proc_u0.\cnn_ctrl_u0.\cnn_inst.\cnn_inst.\mac_inst.$add$/home/designer/projects/CNN4IC/unic_cass_wrapper_user_project/CLASSIFIER_plus_cross_TOP/src/mac_parallel.v:7$385 ($add).
  creating $macc model for $flatten\cnn_inst.\proc_u0.\cnn_ctrl_u0.\cnn_inst.\cnn_inst.\mac_inst.$add$/home/designer/projects/CNN4IC/unic_cass_wrapper_user_project/CLASSIFIER_plus_cross_TOP/src/mac_parallel.v:7$387 ($add).
  creating $macc model for $flatten\cnn_inst.\proc_u0.\cnn_ctrl_u0.\cnn_inst.\cnn_inst.\mac_inst.$add$/home/designer/projects/CNN4IC/unic_cass_wrapper_user_project/CLASSIFIER_plus_cross_TOP/src/mac_parallel.v:7$389 ($add).
  creating $macc model for $flatten\cnn_inst.\proc_u0.\cnn_ctrl_u0.\cnn_inst.\cnn_inst.\mac_inst.$add$/home/designer/projects/CNN4IC/unic_cass_wrapper_user_project/CLASSIFIER_plus_cross_TOP/src/mac_parallel.v:7$391 ($add).
  creating $macc model for $flatten\cnn_inst.\proc_u0.\cnn_ctrl_u0.\cnn_inst.\cnn_inst.\mac_inst.$add$/home/designer/projects/CNN4IC/unic_cass_wrapper_user_project/CLASSIFIER_plus_cross_TOP/src/mac_parallel.v:7$393 ($add).
  creating $macc model for $flatten\cnn_inst.\proc_u0.\cnn_ctrl_u0.\cnn_inst.\cnn_inst.\mac_inst.$add$/home/designer/projects/CNN4IC/unic_cass_wrapper_user_project/CLASSIFIER_plus_cross_TOP/src/mac_parallel.v:7$395 ($add).
  creating $macc model for $flatten\cnn_inst.\proc_u0.\cnn_ctrl_u0.\cnn_inst.\cnn_inst.\mac_inst.$add$/home/designer/projects/CNN4IC/unic_cass_wrapper_user_project/CLASSIFIER_plus_cross_TOP/src/mac_parallel.v:7$397 ($add).
  creating $macc model for $flatten\cnn_inst.\proc_u0.\cnn_ctrl_u0.\cnn_inst.\cnn_inst.\mac_inst.$add$/home/designer/projects/CNN4IC/unic_cass_wrapper_user_project/CLASSIFIER_plus_cross_TOP/src/mac_parallel.v:7$399 ($add).
  creating $macc model for $flatten\cnn_inst.\proc_u0.\cnn_ctrl_u0.\cnn_inst.\cnn_inst.\mac_inst.$add$/home/designer/projects/CNN4IC/unic_cass_wrapper_user_project/CLASSIFIER_plus_cross_TOP/src/mac_parallel.v:7$401 ($add).
  creating $macc model for $flatten\cnn_inst.\proc_u0.\cnn_ctrl_u0.\cnn_inst.\cnn_inst.\mac_inst.$add$/home/designer/projects/CNN4IC/unic_cass_wrapper_user_project/CLASSIFIER_plus_cross_TOP/src/mac_parallel.v:7$403 ($add).
  creating $macc model for $flatten\cnn_inst.\proc_u0.\cnn_ctrl_u0.\cnn_inst.\cnn_inst.\mac_inst.$add$/home/designer/projects/CNN4IC/unic_cass_wrapper_user_project/CLASSIFIER_plus_cross_TOP/src/mac_parallel.v:7$405 ($add).
  creating $macc model for $flatten\cnn_inst.\proc_u0.\cnn_ctrl_u0.\cnn_inst.\cnn_inst.\mac_inst.$add$/home/designer/projects/CNN4IC/unic_cass_wrapper_user_project/CLASSIFIER_plus_cross_TOP/src/mac_parallel.v:7$407 ($add).
  creating $macc model for $flatten\cnn_inst.\proc_u0.\cnn_ctrl_u0.\cnn_inst.\cnn_inst.\mac_inst.$add$/home/designer/projects/CNN4IC/unic_cass_wrapper_user_project/CLASSIFIER_plus_cross_TOP/src/mac_parallel.v:7$409 ($add).
  creating $macc model for $flatten\cnn_inst.\proc_u0.\cnn_ctrl_u0.\cnn_inst.\cnn_inst.\mac_inst.$add$/home/designer/projects/CNN4IC/unic_cass_wrapper_user_project/CLASSIFIER_plus_cross_TOP/src/mac_parallel.v:7$411 ($add).
  creating $macc model for $flatten\cnn_inst.\proc_u0.\cnn_ctrl_u0.\cnn_inst.\cnn_inst.\mac_inst.$add$/home/designer/projects/CNN4IC/unic_cass_wrapper_user_project/CLASSIFIER_plus_cross_TOP/src/mac_parallel.v:7$413 ($add).
  creating $macc model for $flatten\cnn_inst.\proc_u0.\cnn_ctrl_u0.\cnn_inst.\cnn_inst.\mac_inst.$add$/home/designer/projects/CNN4IC/unic_cass_wrapper_user_project/CLASSIFIER_plus_cross_TOP/src/mac_parallel.v:7$415 ($add).
  creating $macc model for $flatten\cnn_inst.\proc_u0.\cnn_ctrl_u0.\cnn_inst.\cnn_inst.\mac_inst.$mul$/home/designer/projects/CNN4IC/unic_cass_wrapper_user_project/CLASSIFIER_plus_cross_TOP/src/mac_parallel.v:10$372 ($mul).
  creating $macc model for $flatten\cnn_inst.\proc_u0.\cnn_ctrl_u0.\cnn_inst.\cnn_inst.\mac_inst.$mul$/home/designer/projects/CNN4IC/unic_cass_wrapper_user_project/CLASSIFIER_plus_cross_TOP/src/mac_parallel.v:11$374 ($mul).
  creating $macc model for $flatten\cnn_inst.\proc_u0.\cnn_ctrl_u0.\cnn_inst.\cnn_inst.\mac_inst.$mul$/home/designer/projects/CNN4IC/unic_cass_wrapper_user_project/CLASSIFIER_plus_cross_TOP/src/mac_parallel.v:12$376 ($mul).
  creating $macc model for $flatten\cnn_inst.\proc_u0.\cnn_ctrl_u0.\cnn_inst.\cnn_inst.\mac_inst.$mul$/home/designer/projects/CNN4IC/unic_cass_wrapper_user_project/CLASSIFIER_plus_cross_TOP/src/mac_parallel.v:13$378 ($mul).
  creating $macc model for $flatten\cnn_inst.\proc_u0.\cnn_ctrl_u0.\cnn_inst.\cnn_inst.\mac_inst.$mul$/home/designer/projects/CNN4IC/unic_cass_wrapper_user_project/CLASSIFIER_plus_cross_TOP/src/mac_parallel.v:14$380 ($mul).
  creating $macc model for $flatten\cnn_inst.\proc_u0.\cnn_ctrl_u0.\cnn_inst.\cnn_inst.\mac_inst.$mul$/home/designer/projects/CNN4IC/unic_cass_wrapper_user_project/CLASSIFIER_plus_cross_TOP/src/mac_parallel.v:15$382 ($mul).
  creating $macc model for $flatten\cnn_inst.\proc_u0.\cnn_ctrl_u0.\cnn_inst.\cnn_inst.\mac_inst.$mul$/home/designer/projects/CNN4IC/unic_cass_wrapper_user_project/CLASSIFIER_plus_cross_TOP/src/mac_parallel.v:16$384 ($mul).
  creating $macc model for $flatten\cnn_inst.\proc_u0.\cnn_ctrl_u0.\cnn_inst.\cnn_inst.\mac_inst.$mul$/home/designer/projects/CNN4IC/unic_cass_wrapper_user_project/CLASSIFIER_plus_cross_TOP/src/mac_parallel.v:17$386 ($mul).
  creating $macc model for $flatten\cnn_inst.\proc_u0.\cnn_ctrl_u0.\cnn_inst.\cnn_inst.\mac_inst.$mul$/home/designer/projects/CNN4IC/unic_cass_wrapper_user_project/CLASSIFIER_plus_cross_TOP/src/mac_parallel.v:18$388 ($mul).
  creating $macc model for $flatten\cnn_inst.\proc_u0.\cnn_ctrl_u0.\cnn_inst.\cnn_inst.\mac_inst.$mul$/home/designer/projects/CNN4IC/unic_cass_wrapper_user_project/CLASSIFIER_plus_cross_TOP/src/mac_parallel.v:19$390 ($mul).
  creating $macc model for $flatten\cnn_inst.\proc_u0.\cnn_ctrl_u0.\cnn_inst.\cnn_inst.\mac_inst.$mul$/home/designer/projects/CNN4IC/unic_cass_wrapper_user_project/CLASSIFIER_plus_cross_TOP/src/mac_parallel.v:20$392 ($mul).
  creating $macc model for $flatten\cnn_inst.\proc_u0.\cnn_ctrl_u0.\cnn_inst.\cnn_inst.\mac_inst.$mul$/home/designer/projects/CNN4IC/unic_cass_wrapper_user_project/CLASSIFIER_plus_cross_TOP/src/mac_parallel.v:21$394 ($mul).
  creating $macc model for $flatten\cnn_inst.\proc_u0.\cnn_ctrl_u0.\cnn_inst.\cnn_inst.\mac_inst.$mul$/home/designer/projects/CNN4IC/unic_cass_wrapper_user_project/CLASSIFIER_plus_cross_TOP/src/mac_parallel.v:22$396 ($mul).
  creating $macc model for $flatten\cnn_inst.\proc_u0.\cnn_ctrl_u0.\cnn_inst.\cnn_inst.\mac_inst.$mul$/home/designer/projects/CNN4IC/unic_cass_wrapper_user_project/CLASSIFIER_plus_cross_TOP/src/mac_parallel.v:23$398 ($mul).
  creating $macc model for $flatten\cnn_inst.\proc_u0.\cnn_ctrl_u0.\cnn_inst.\cnn_inst.\mac_inst.$mul$/home/designer/projects/CNN4IC/unic_cass_wrapper_user_project/CLASSIFIER_plus_cross_TOP/src/mac_parallel.v:24$400 ($mul).
  creating $macc model for $flatten\cnn_inst.\proc_u0.\cnn_ctrl_u0.\cnn_inst.\cnn_inst.\mac_inst.$mul$/home/designer/projects/CNN4IC/unic_cass_wrapper_user_project/CLASSIFIER_plus_cross_TOP/src/mac_parallel.v:25$402 ($mul).
  creating $macc model for $flatten\cnn_inst.\proc_u0.\cnn_ctrl_u0.\cnn_inst.\cnn_inst.\mac_inst.$mul$/home/designer/projects/CNN4IC/unic_cass_wrapper_user_project/CLASSIFIER_plus_cross_TOP/src/mac_parallel.v:26$404 ($mul).
  creating $macc model for $flatten\cnn_inst.\proc_u0.\cnn_ctrl_u0.\cnn_inst.\cnn_inst.\mac_inst.$mul$/home/designer/projects/CNN4IC/unic_cass_wrapper_user_project/CLASSIFIER_plus_cross_TOP/src/mac_parallel.v:27$406 ($mul).
  creating $macc model for $flatten\cnn_inst.\proc_u0.\cnn_ctrl_u0.\cnn_inst.\cnn_inst.\mac_inst.$mul$/home/designer/projects/CNN4IC/unic_cass_wrapper_user_project/CLASSIFIER_plus_cross_TOP/src/mac_parallel.v:28$408 ($mul).
  creating $macc model for $flatten\cnn_inst.\proc_u0.\cnn_ctrl_u0.\cnn_inst.\cnn_inst.\mac_inst.$mul$/home/designer/projects/CNN4IC/unic_cass_wrapper_user_project/CLASSIFIER_plus_cross_TOP/src/mac_parallel.v:29$410 ($mul).
  creating $macc model for $flatten\cnn_inst.\proc_u0.\cnn_ctrl_u0.\cnn_inst.\cnn_inst.\mac_inst.$mul$/home/designer/projects/CNN4IC/unic_cass_wrapper_user_project/CLASSIFIER_plus_cross_TOP/src/mac_parallel.v:30$412 ($mul).
  creating $macc model for $flatten\cnn_inst.\proc_u0.\cnn_ctrl_u0.\cnn_inst.\cnn_inst.\mac_inst.$mul$/home/designer/projects/CNN4IC/unic_cass_wrapper_user_project/CLASSIFIER_plus_cross_TOP/src/mac_parallel.v:31$414 ($mul).
  creating $macc model for $flatten\cnn_inst.\proc_u0.\cnn_ctrl_u0.\cnn_inst.\cnn_inst.\mac_inst.$mul$/home/designer/projects/CNN4IC/unic_cass_wrapper_user_project/CLASSIFIER_plus_cross_TOP/src/mac_parallel.v:7$367 ($mul).
  creating $macc model for $flatten\cnn_inst.\proc_u0.\cnn_ctrl_u0.\cnn_inst.\cnn_inst.\mac_inst.$mul$/home/designer/projects/CNN4IC/unic_cass_wrapper_user_project/CLASSIFIER_plus_cross_TOP/src/mac_parallel.v:8$368 ($mul).
  creating $macc model for $flatten\cnn_inst.\proc_u0.\cnn_ctrl_u0.\cnn_inst.\cnn_inst.\mac_inst.$mul$/home/designer/projects/CNN4IC/unic_cass_wrapper_user_project/CLASSIFIER_plus_cross_TOP/src/mac_parallel.v:9$370 ($mul).
  creating $macc model for $flatten\cnn_inst.\proc_u0.\cnn_ctrl_u0.\cnn_inst.\cnn_inst.\win_mux.$add$/home/designer/projects/CNN4IC/unic_cass_wrapper_user_project/CLASSIFIER_plus_cross_TOP/src/window_mux_6x6_5x5.v:28$423 ($add).
  creating $macc model for $flatten\cnn_inst.\proc_u0.\cnn_ctrl_u0.\cnn_inst.\cnn_inst.\win_mux.$add$/home/designer/projects/CNN4IC/unic_cass_wrapper_user_project/CLASSIFIER_plus_cross_TOP/src/window_mux_6x6_5x5.v:28$428 ($add).
  creating $macc model for $flatten\cnn_inst.\proc_u0.\cnn_ctrl_u0.\cnn_inst.\cnn_inst.\win_mux.$add$/home/designer/projects/CNN4IC/unic_cass_wrapper_user_project/CLASSIFIER_plus_cross_TOP/src/window_mux_6x6_5x5.v:28$433 ($add).
  creating $macc model for $flatten\cnn_inst.\proc_u0.\cnn_ctrl_u0.\cnn_inst.\cnn_inst.\win_mux.$add$/home/designer/projects/CNN4IC/unic_cass_wrapper_user_project/CLASSIFIER_plus_cross_TOP/src/window_mux_6x6_5x5.v:28$438 ($add).
  creating $macc model for $flatten\cnn_inst.\proc_u0.\cnn_ctrl_u0.\cnn_inst.\cnn_inst.\win_mux.$add$/home/designer/projects/CNN4IC/unic_cass_wrapper_user_project/CLASSIFIER_plus_cross_TOP/src/window_mux_6x6_5x5.v:28$442 ($add).
  creating $macc model for $flatten\cnn_inst.\proc_u0.\cnn_ctrl_u0.\cnn_inst.\cnn_inst.\win_mux.$add$/home/designer/projects/CNN4IC/unic_cass_wrapper_user_project/CLASSIFIER_plus_cross_TOP/src/window_mux_6x6_5x5.v:28$448 ($add).
  creating $macc model for $flatten\cnn_inst.\proc_u0.\cnn_ctrl_u0.\cnn_inst.\cnn_inst.\win_mux.$add$/home/designer/projects/CNN4IC/unic_cass_wrapper_user_project/CLASSIFIER_plus_cross_TOP/src/window_mux_6x6_5x5.v:28$453 ($add).
  creating $macc model for $flatten\cnn_inst.\proc_u0.\cnn_ctrl_u0.\cnn_inst.\cnn_inst.\win_mux.$add$/home/designer/projects/CNN4IC/unic_cass_wrapper_user_project/CLASSIFIER_plus_cross_TOP/src/window_mux_6x6_5x5.v:28$458 ($add).
  creating $macc model for $flatten\cnn_inst.\proc_u0.\cnn_ctrl_u0.\cnn_inst.\cnn_inst.\win_mux.$add$/home/designer/projects/CNN4IC/unic_cass_wrapper_user_project/CLASSIFIER_plus_cross_TOP/src/window_mux_6x6_5x5.v:28$463 ($add).
  creating $macc model for $flatten\cnn_inst.\proc_u0.\cnn_ctrl_u0.\cnn_inst.\cnn_inst.\win_mux.$add$/home/designer/projects/CNN4IC/unic_cass_wrapper_user_project/CLASSIFIER_plus_cross_TOP/src/window_mux_6x6_5x5.v:28$467 ($add).
  creating $macc model for $flatten\cnn_inst.\proc_u0.\cnn_ctrl_u0.\cnn_inst.\cnn_inst.\win_mux.$add$/home/designer/projects/CNN4IC/unic_cass_wrapper_user_project/CLASSIFIER_plus_cross_TOP/src/window_mux_6x6_5x5.v:28$473 ($add).
  creating $macc model for $flatten\cnn_inst.\proc_u0.\cnn_ctrl_u0.\cnn_inst.\cnn_inst.\win_mux.$add$/home/designer/projects/CNN4IC/unic_cass_wrapper_user_project/CLASSIFIER_plus_cross_TOP/src/window_mux_6x6_5x5.v:28$478 ($add).
  creating $macc model for $flatten\cnn_inst.\proc_u0.\cnn_ctrl_u0.\cnn_inst.\cnn_inst.\win_mux.$add$/home/designer/projects/CNN4IC/unic_cass_wrapper_user_project/CLASSIFIER_plus_cross_TOP/src/window_mux_6x6_5x5.v:28$483 ($add).
  creating $macc model for $flatten\cnn_inst.\proc_u0.\cnn_ctrl_u0.\cnn_inst.\cnn_inst.\win_mux.$add$/home/designer/projects/CNN4IC/unic_cass_wrapper_user_project/CLASSIFIER_plus_cross_TOP/src/window_mux_6x6_5x5.v:28$488 ($add).
  creating $macc model for $flatten\cnn_inst.\proc_u0.\cnn_ctrl_u0.\cnn_inst.\cnn_inst.\win_mux.$add$/home/designer/projects/CNN4IC/unic_cass_wrapper_user_project/CLASSIFIER_plus_cross_TOP/src/window_mux_6x6_5x5.v:28$492 ($add).
  creating $macc model for $flatten\cnn_inst.\proc_u0.\cnn_ctrl_u0.\cnn_inst.\cnn_inst.\win_mux.$add$/home/designer/projects/CNN4IC/unic_cass_wrapper_user_project/CLASSIFIER_plus_cross_TOP/src/window_mux_6x6_5x5.v:28$498 ($add).
  creating $macc model for $flatten\cnn_inst.\proc_u0.\cnn_ctrl_u0.\cnn_inst.\cnn_inst.\win_mux.$add$/home/designer/projects/CNN4IC/unic_cass_wrapper_user_project/CLASSIFIER_plus_cross_TOP/src/window_mux_6x6_5x5.v:28$503 ($add).
  creating $macc model for $flatten\cnn_inst.\proc_u0.\cnn_ctrl_u0.\cnn_inst.\cnn_inst.\win_mux.$add$/home/designer/projects/CNN4IC/unic_cass_wrapper_user_project/CLASSIFIER_plus_cross_TOP/src/window_mux_6x6_5x5.v:28$508 ($add).
  creating $macc model for $flatten\cnn_inst.\proc_u0.\cnn_ctrl_u0.\cnn_inst.\cnn_inst.\win_mux.$add$/home/designer/projects/CNN4IC/unic_cass_wrapper_user_project/CLASSIFIER_plus_cross_TOP/src/window_mux_6x6_5x5.v:28$513 ($add).
  creating $macc model for $flatten\cnn_inst.\proc_u0.\cnn_ctrl_u0.\cnn_inst.\cnn_inst.\win_mux.$add$/home/designer/projects/CNN4IC/unic_cass_wrapper_user_project/CLASSIFIER_plus_cross_TOP/src/window_mux_6x6_5x5.v:28$517 ($add).
  creating $macc model for $flatten\cnn_inst.\proc_u0.\cnn_ctrl_u0.\cnn_inst.\cnn_inst.\win_mux.$add$/home/designer/projects/CNN4IC/unic_cass_wrapper_user_project/CLASSIFIER_plus_cross_TOP/src/window_mux_6x6_5x5.v:28$523 ($add).
  creating $macc model for $flatten\cnn_inst.\proc_u0.\cnn_ctrl_u0.\cnn_inst.\cnn_inst.\win_mux.$add$/home/designer/projects/CNN4IC/unic_cass_wrapper_user_project/CLASSIFIER_plus_cross_TOP/src/window_mux_6x6_5x5.v:28$528 ($add).
  creating $macc model for $flatten\cnn_inst.\proc_u0.\cnn_ctrl_u0.\cnn_inst.\cnn_inst.\win_mux.$add$/home/designer/projects/CNN4IC/unic_cass_wrapper_user_project/CLASSIFIER_plus_cross_TOP/src/window_mux_6x6_5x5.v:28$533 ($add).
  creating $macc model for $flatten\cnn_inst.\proc_u0.\cnn_ctrl_u0.\cnn_inst.\cnn_inst.\win_mux.$add$/home/designer/projects/CNN4IC/unic_cass_wrapper_user_project/CLASSIFIER_plus_cross_TOP/src/window_mux_6x6_5x5.v:28$538 ($add).
  creating $macc model for $flatten\cnn_inst.\proc_u0.\cnn_ctrl_u0.\cnn_inst.\cnn_inst.\win_mux.$mul$/home/designer/projects/CNN4IC/unic_cass_wrapper_user_project/CLASSIFIER_plus_cross_TOP/src/window_mux_6x6_5x5.v:28$419 ($mul).
  creating $macc model for $flatten\cnn_inst.\proc_u0.\cnn_ctrl_u0.\cnn_inst.\cnn_inst.\win_mux.$mul$/home/designer/projects/CNN4IC/unic_cass_wrapper_user_project/CLASSIFIER_plus_cross_TOP/src/window_mux_6x6_5x5.v:28$424 ($mul).
  creating $macc model for $flatten\cnn_inst.\proc_u0.\cnn_ctrl_u0.\cnn_inst.\cnn_inst.\win_mux.$mul$/home/designer/projects/CNN4IC/unic_cass_wrapper_user_project/CLASSIFIER_plus_cross_TOP/src/window_mux_6x6_5x5.v:28$429 ($mul).
  creating $macc model for $flatten\cnn_inst.\proc_u0.\cnn_ctrl_u0.\cnn_inst.\cnn_inst.\win_mux.$mul$/home/designer/projects/CNN4IC/unic_cass_wrapper_user_project/CLASSIFIER_plus_cross_TOP/src/window_mux_6x6_5x5.v:28$434 ($mul).
  creating $macc model for $flatten\cnn_inst.\proc_u0.\cnn_ctrl_u0.\cnn_inst.\cnn_inst.\win_mux.$mul$/home/designer/projects/CNN4IC/unic_cass_wrapper_user_project/CLASSIFIER_plus_cross_TOP/src/window_mux_6x6_5x5.v:28$439 ($mul).
  creating $macc model for $flatten\cnn_inst.\proc_u0.\cnn_ctrl_u0.\cnn_inst.\cnn_inst.\win_mux.$mul$/home/designer/projects/CNN4IC/unic_cass_wrapper_user_project/CLASSIFIER_plus_cross_TOP/src/window_mux_6x6_5x5.v:28$444 ($mul).
  creating $macc model for $flatten\cnn_inst.\proc_u0.\cnn_ctrl_u0.\cnn_inst.\cnn_inst.\win_mux.$mul$/home/designer/projects/CNN4IC/unic_cass_wrapper_user_project/CLASSIFIER_plus_cross_TOP/src/window_mux_6x6_5x5.v:28$449 ($mul).
  creating $macc model for $flatten\cnn_inst.\proc_u0.\cnn_ctrl_u0.\cnn_inst.\cnn_inst.\win_mux.$mul$/home/designer/projects/CNN4IC/unic_cass_wrapper_user_project/CLASSIFIER_plus_cross_TOP/src/window_mux_6x6_5x5.v:28$454 ($mul).
  creating $macc model for $flatten\cnn_inst.\proc_u0.\cnn_ctrl_u0.\cnn_inst.\cnn_inst.\win_mux.$mul$/home/designer/projects/CNN4IC/unic_cass_wrapper_user_project/CLASSIFIER_plus_cross_TOP/src/window_mux_6x6_5x5.v:28$459 ($mul).
  creating $macc model for $flatten\cnn_inst.\proc_u0.\cnn_ctrl_u0.\cnn_inst.\cnn_inst.\win_mux.$mul$/home/designer/projects/CNN4IC/unic_cass_wrapper_user_project/CLASSIFIER_plus_cross_TOP/src/window_mux_6x6_5x5.v:28$464 ($mul).
  creating $macc model for $flatten\cnn_inst.\proc_u0.\cnn_ctrl_u0.\cnn_inst.\cnn_inst.\win_mux.$mul$/home/designer/projects/CNN4IC/unic_cass_wrapper_user_project/CLASSIFIER_plus_cross_TOP/src/window_mux_6x6_5x5.v:28$469 ($mul).
  creating $macc model for $flatten\cnn_inst.\proc_u0.\cnn_ctrl_u0.\cnn_inst.\cnn_inst.\win_mux.$mul$/home/designer/projects/CNN4IC/unic_cass_wrapper_user_project/CLASSIFIER_plus_cross_TOP/src/window_mux_6x6_5x5.v:28$474 ($mul).
  creating $macc model for $flatten\cnn_inst.\proc_u0.\cnn_ctrl_u0.\cnn_inst.\cnn_inst.\win_mux.$mul$/home/designer/projects/CNN4IC/unic_cass_wrapper_user_project/CLASSIFIER_plus_cross_TOP/src/window_mux_6x6_5x5.v:28$479 ($mul).
  creating $macc model for $flatten\cnn_inst.\proc_u0.\cnn_ctrl_u0.\cnn_inst.\cnn_inst.\win_mux.$mul$/home/designer/projects/CNN4IC/unic_cass_wrapper_user_project/CLASSIFIER_plus_cross_TOP/src/window_mux_6x6_5x5.v:28$484 ($mul).
  creating $macc model for $flatten\cnn_inst.\proc_u0.\cnn_ctrl_u0.\cnn_inst.\cnn_inst.\win_mux.$mul$/home/designer/projects/CNN4IC/unic_cass_wrapper_user_project/CLASSIFIER_plus_cross_TOP/src/window_mux_6x6_5x5.v:28$489 ($mul).
  creating $macc model for $flatten\cnn_inst.\proc_u0.\cnn_ctrl_u0.\cnn_inst.\cnn_inst.\win_mux.$mul$/home/designer/projects/CNN4IC/unic_cass_wrapper_user_project/CLASSIFIER_plus_cross_TOP/src/window_mux_6x6_5x5.v:28$494 ($mul).
  creating $macc model for $flatten\cnn_inst.\proc_u0.\cnn_ctrl_u0.\cnn_inst.\cnn_inst.\win_mux.$mul$/home/designer/projects/CNN4IC/unic_cass_wrapper_user_project/CLASSIFIER_plus_cross_TOP/src/window_mux_6x6_5x5.v:28$499 ($mul).
  creating $macc model for $flatten\cnn_inst.\proc_u0.\cnn_ctrl_u0.\cnn_inst.\cnn_inst.\win_mux.$mul$/home/designer/projects/CNN4IC/unic_cass_wrapper_user_project/CLASSIFIER_plus_cross_TOP/src/window_mux_6x6_5x5.v:28$504 ($mul).
  creating $macc model for $flatten\cnn_inst.\proc_u0.\cnn_ctrl_u0.\cnn_inst.\cnn_inst.\win_mux.$mul$/home/designer/projects/CNN4IC/unic_cass_wrapper_user_project/CLASSIFIER_plus_cross_TOP/src/window_mux_6x6_5x5.v:28$509 ($mul).
  creating $macc model for $flatten\cnn_inst.\proc_u0.\cnn_ctrl_u0.\cnn_inst.\cnn_inst.\win_mux.$mul$/home/designer/projects/CNN4IC/unic_cass_wrapper_user_project/CLASSIFIER_plus_cross_TOP/src/window_mux_6x6_5x5.v:28$514 ($mul).
  creating $macc model for $flatten\cnn_inst.\proc_u0.\cnn_ctrl_u0.\cnn_inst.\cnn_inst.\win_mux.$mul$/home/designer/projects/CNN4IC/unic_cass_wrapper_user_project/CLASSIFIER_plus_cross_TOP/src/window_mux_6x6_5x5.v:28$519 ($mul).
  creating $macc model for $flatten\cnn_inst.\proc_u0.\cnn_ctrl_u0.\cnn_inst.\cnn_inst.\win_mux.$mul$/home/designer/projects/CNN4IC/unic_cass_wrapper_user_project/CLASSIFIER_plus_cross_TOP/src/window_mux_6x6_5x5.v:28$524 ($mul).
  creating $macc model for $flatten\cnn_inst.\proc_u0.\cnn_ctrl_u0.\cnn_inst.\cnn_inst.\win_mux.$mul$/home/designer/projects/CNN4IC/unic_cass_wrapper_user_project/CLASSIFIER_plus_cross_TOP/src/window_mux_6x6_5x5.v:28$529 ($mul).
  creating $macc model for $flatten\cnn_inst.\proc_u0.\cnn_ctrl_u0.\cnn_inst.\cnn_inst.\win_mux.$mul$/home/designer/projects/CNN4IC/unic_cass_wrapper_user_project/CLASSIFIER_plus_cross_TOP/src/window_mux_6x6_5x5.v:28$534 ($mul).
  creating $macc model for $flatten\cnn_inst.\proc_u0.\cnn_ctrl_u0.\cnn_inst.\cnn_inst.\win_mux.$mul$/home/designer/projects/CNN4IC/unic_cass_wrapper_user_project/CLASSIFIER_plus_cross_TOP/src/window_mux_6x6_5x5.v:28$539 ($mul).
  creating $macc model for $flatten\cnn_inst.\proc_u0.\cnn_ctrl_u0.\cnn_inst.\frag_mux.$add$/home/designer/projects/CNN4IC/unic_cass_wrapper_user_project/CLASSIFIER_plus_cross_TOP/src/fragment_mux_10x10_6x6.v:34$116 ($add).
  creating $macc model for $flatten\cnn_inst.\proc_u0.\cnn_ctrl_u0.\cnn_inst.\frag_mux.$add$/home/designer/projects/CNN4IC/unic_cass_wrapper_user_project/CLASSIFIER_plus_cross_TOP/src/fragment_mux_10x10_6x6.v:34$122 ($add).
  creating $macc model for $flatten\cnn_inst.\proc_u0.\cnn_ctrl_u0.\cnn_inst.\frag_mux.$add$/home/designer/projects/CNN4IC/unic_cass_wrapper_user_project/CLASSIFIER_plus_cross_TOP/src/fragment_mux_10x10_6x6.v:34$123 ($add).
  creating $macc model for $flatten\cnn_inst.\proc_u0.\cnn_ctrl_u0.\cnn_inst.\frag_mux.$add$/home/designer/projects/CNN4IC/unic_cass_wrapper_user_project/CLASSIFIER_plus_cross_TOP/src/fragment_mux_10x10_6x6.v:34$129 ($add).
  creating $macc model for $flatten\cnn_inst.\proc_u0.\cnn_ctrl_u0.\cnn_inst.\frag_mux.$add$/home/designer/projects/CNN4IC/unic_cass_wrapper_user_project/CLASSIFIER_plus_cross_TOP/src/fragment_mux_10x10_6x6.v:34$130 ($add).
  creating $macc model for $flatten\cnn_inst.\proc_u0.\cnn_ctrl_u0.\cnn_inst.\frag_mux.$add$/home/designer/projects/CNN4IC/unic_cass_wrapper_user_project/CLASSIFIER_plus_cross_TOP/src/fragment_mux_10x10_6x6.v:34$136 ($add).
  creating $macc model for $flatten\cnn_inst.\proc_u0.\cnn_ctrl_u0.\cnn_inst.\frag_mux.$add$/home/designer/projects/CNN4IC/unic_cass_wrapper_user_project/CLASSIFIER_plus_cross_TOP/src/fragment_mux_10x10_6x6.v:34$137 ($add).
  creating $macc model for $flatten\cnn_inst.\proc_u0.\cnn_ctrl_u0.\cnn_inst.\frag_mux.$add$/home/designer/projects/CNN4IC/unic_cass_wrapper_user_project/CLASSIFIER_plus_cross_TOP/src/fragment_mux_10x10_6x6.v:34$143 ($add).
  creating $macc model for $flatten\cnn_inst.\proc_u0.\cnn_ctrl_u0.\cnn_inst.\frag_mux.$add$/home/designer/projects/CNN4IC/unic_cass_wrapper_user_project/CLASSIFIER_plus_cross_TOP/src/fragment_mux_10x10_6x6.v:34$144 ($add).
  creating $macc model for $flatten\cnn_inst.\proc_u0.\cnn_ctrl_u0.\cnn_inst.\frag_mux.$add$/home/designer/projects/CNN4IC/unic_cass_wrapper_user_project/CLASSIFIER_plus_cross_TOP/src/fragment_mux_10x10_6x6.v:34$150 ($add).
  creating $macc model for $flatten\cnn_inst.\proc_u0.\cnn_ctrl_u0.\cnn_inst.\frag_mux.$add$/home/designer/projects/CNN4IC/unic_cass_wrapper_user_project/CLASSIFIER_plus_cross_TOP/src/fragment_mux_10x10_6x6.v:34$151 ($add).
  creating $macc model for $flatten\cnn_inst.\proc_u0.\cnn_ctrl_u0.\cnn_inst.\frag_mux.$add$/home/designer/projects/CNN4IC/unic_cass_wrapper_user_project/CLASSIFIER_plus_cross_TOP/src/fragment_mux_10x10_6x6.v:34$155 ($add).
  creating $macc model for $flatten\cnn_inst.\proc_u0.\cnn_ctrl_u0.\cnn_inst.\frag_mux.$add$/home/designer/projects/CNN4IC/unic_cass_wrapper_user_project/CLASSIFIER_plus_cross_TOP/src/fragment_mux_10x10_6x6.v:34$158 ($add).
  creating $macc model for $flatten\cnn_inst.\proc_u0.\cnn_ctrl_u0.\cnn_inst.\frag_mux.$add$/home/designer/projects/CNN4IC/unic_cass_wrapper_user_project/CLASSIFIER_plus_cross_TOP/src/fragment_mux_10x10_6x6.v:34$165 ($add).
  creating $macc model for $flatten\cnn_inst.\proc_u0.\cnn_ctrl_u0.\cnn_inst.\frag_mux.$add$/home/designer/projects/CNN4IC/unic_cass_wrapper_user_project/CLASSIFIER_plus_cross_TOP/src/fragment_mux_10x10_6x6.v:34$172 ($add).
  creating $macc model for $flatten\cnn_inst.\proc_u0.\cnn_ctrl_u0.\cnn_inst.\frag_mux.$add$/home/designer/projects/CNN4IC/unic_cass_wrapper_user_project/CLASSIFIER_plus_cross_TOP/src/fragment_mux_10x10_6x6.v:34$179 ($add).
  creating $macc model for $flatten\cnn_inst.\proc_u0.\cnn_ctrl_u0.\cnn_inst.\frag_mux.$add$/home/designer/projects/CNN4IC/unic_cass_wrapper_user_project/CLASSIFIER_plus_cross_TOP/src/fragment_mux_10x10_6x6.v:34$186 ($add).
  creating $macc model for $flatten\cnn_inst.\proc_u0.\cnn_ctrl_u0.\cnn_inst.\frag_mux.$add$/home/designer/projects/CNN4IC/unic_cass_wrapper_user_project/CLASSIFIER_plus_cross_TOP/src/fragment_mux_10x10_6x6.v:34$193 ($add).
  creating $macc model for $flatten\cnn_inst.\proc_u0.\cnn_ctrl_u0.\cnn_inst.\frag_mux.$add$/home/designer/projects/CNN4IC/unic_cass_wrapper_user_project/CLASSIFIER_plus_cross_TOP/src/fragment_mux_10x10_6x6.v:34$197 ($add).
  creating $macc model for $flatten\cnn_inst.\proc_u0.\cnn_ctrl_u0.\cnn_inst.\frag_mux.$add$/home/designer/projects/CNN4IC/unic_cass_wrapper_user_project/CLASSIFIER_plus_cross_TOP/src/fragment_mux_10x10_6x6.v:34$200 ($add).
  creating $macc model for $flatten\cnn_inst.\proc_u0.\cnn_ctrl_u0.\cnn_inst.\frag_mux.$add$/home/designer/projects/CNN4IC/unic_cass_wrapper_user_project/CLASSIFIER_plus_cross_TOP/src/fragment_mux_10x10_6x6.v:34$207 ($add).
  creating $macc model for $flatten\cnn_inst.\proc_u0.\cnn_ctrl_u0.\cnn_inst.\frag_mux.$add$/home/designer/projects/CNN4IC/unic_cass_wrapper_user_project/CLASSIFIER_plus_cross_TOP/src/fragment_mux_10x10_6x6.v:34$214 ($add).
  creating $macc model for $flatten\cnn_inst.\proc_u0.\cnn_ctrl_u0.\cnn_inst.\frag_mux.$add$/home/designer/projects/CNN4IC/unic_cass_wrapper_user_project/CLASSIFIER_plus_cross_TOP/src/fragment_mux_10x10_6x6.v:34$221 ($add).
  creating $macc model for $flatten\cnn_inst.\proc_u0.\cnn_ctrl_u0.\cnn_inst.\frag_mux.$add$/home/designer/projects/CNN4IC/unic_cass_wrapper_user_project/CLASSIFIER_plus_cross_TOP/src/fragment_mux_10x10_6x6.v:34$228 ($add).
  creating $macc model for $flatten\cnn_inst.\proc_u0.\cnn_ctrl_u0.\cnn_inst.\frag_mux.$add$/home/designer/projects/CNN4IC/unic_cass_wrapper_user_project/CLASSIFIER_plus_cross_TOP/src/fragment_mux_10x10_6x6.v:34$235 ($add).
  creating $macc model for $flatten\cnn_inst.\proc_u0.\cnn_ctrl_u0.\cnn_inst.\frag_mux.$add$/home/designer/projects/CNN4IC/unic_cass_wrapper_user_project/CLASSIFIER_plus_cross_TOP/src/fragment_mux_10x10_6x6.v:34$239 ($add).
  creating $macc model for $flatten\cnn_inst.\proc_u0.\cnn_ctrl_u0.\cnn_inst.\frag_mux.$add$/home/designer/projects/CNN4IC/unic_cass_wrapper_user_project/CLASSIFIER_plus_cross_TOP/src/fragment_mux_10x10_6x6.v:34$242 ($add).
  creating $macc model for $flatten\cnn_inst.\proc_u0.\cnn_ctrl_u0.\cnn_inst.\frag_mux.$add$/home/designer/projects/CNN4IC/unic_cass_wrapper_user_project/CLASSIFIER_plus_cross_TOP/src/fragment_mux_10x10_6x6.v:34$249 ($add).
  creating $macc model for $flatten\cnn_inst.\proc_u0.\cnn_ctrl_u0.\cnn_inst.\frag_mux.$add$/home/designer/projects/CNN4IC/unic_cass_wrapper_user_project/CLASSIFIER_plus_cross_TOP/src/fragment_mux_10x10_6x6.v:34$256 ($add).
  creating $macc model for $flatten\cnn_inst.\proc_u0.\cnn_ctrl_u0.\cnn_inst.\frag_mux.$add$/home/designer/projects/CNN4IC/unic_cass_wrapper_user_project/CLASSIFIER_plus_cross_TOP/src/fragment_mux_10x10_6x6.v:34$263 ($add).
  creating $macc model for $flatten\cnn_inst.\proc_u0.\cnn_ctrl_u0.\cnn_inst.\frag_mux.$add$/home/designer/projects/CNN4IC/unic_cass_wrapper_user_project/CLASSIFIER_plus_cross_TOP/src/fragment_mux_10x10_6x6.v:34$270 ($add).
  creating $macc model for $flatten\cnn_inst.\proc_u0.\cnn_ctrl_u0.\cnn_inst.\frag_mux.$add$/home/designer/projects/CNN4IC/unic_cass_wrapper_user_project/CLASSIFIER_plus_cross_TOP/src/fragment_mux_10x10_6x6.v:34$277 ($add).
  creating $macc model for $flatten\cnn_inst.\proc_u0.\cnn_ctrl_u0.\cnn_inst.\frag_mux.$add$/home/designer/projects/CNN4IC/unic_cass_wrapper_user_project/CLASSIFIER_plus_cross_TOP/src/fragment_mux_10x10_6x6.v:34$281 ($add).
  creating $macc model for $flatten\cnn_inst.\proc_u0.\cnn_ctrl_u0.\cnn_inst.\frag_mux.$add$/home/designer/projects/CNN4IC/unic_cass_wrapper_user_project/CLASSIFIER_plus_cross_TOP/src/fragment_mux_10x10_6x6.v:34$284 ($add).
  creating $macc model for $flatten\cnn_inst.\proc_u0.\cnn_ctrl_u0.\cnn_inst.\frag_mux.$add$/home/designer/projects/CNN4IC/unic_cass_wrapper_user_project/CLASSIFIER_plus_cross_TOP/src/fragment_mux_10x10_6x6.v:34$291 ($add).
  creating $macc model for $flatten\cnn_inst.\proc_u0.\cnn_ctrl_u0.\cnn_inst.\frag_mux.$add$/home/designer/projects/CNN4IC/unic_cass_wrapper_user_project/CLASSIFIER_plus_cross_TOP/src/fragment_mux_10x10_6x6.v:34$298 ($add).
  creating $macc model for $flatten\cnn_inst.\proc_u0.\cnn_ctrl_u0.\cnn_inst.\frag_mux.$add$/home/designer/projects/CNN4IC/unic_cass_wrapper_user_project/CLASSIFIER_plus_cross_TOP/src/fragment_mux_10x10_6x6.v:34$305 ($add).
  creating $macc model for $flatten\cnn_inst.\proc_u0.\cnn_ctrl_u0.\cnn_inst.\frag_mux.$add$/home/designer/projects/CNN4IC/unic_cass_wrapper_user_project/CLASSIFIER_plus_cross_TOP/src/fragment_mux_10x10_6x6.v:34$312 ($add).
  creating $macc model for $flatten\cnn_inst.\proc_u0.\cnn_ctrl_u0.\cnn_inst.\frag_mux.$add$/home/designer/projects/CNN4IC/unic_cass_wrapper_user_project/CLASSIFIER_plus_cross_TOP/src/fragment_mux_10x10_6x6.v:34$319 ($add).
  creating $macc model for $flatten\cnn_inst.\proc_u0.\cnn_ctrl_u0.\cnn_inst.\frag_mux.$add$/home/designer/projects/CNN4IC/unic_cass_wrapper_user_project/CLASSIFIER_plus_cross_TOP/src/fragment_mux_10x10_6x6.v:34$323 ($add).
  creating $macc model for $flatten\cnn_inst.\proc_u0.\cnn_ctrl_u0.\cnn_inst.\frag_mux.$add$/home/designer/projects/CNN4IC/unic_cass_wrapper_user_project/CLASSIFIER_plus_cross_TOP/src/fragment_mux_10x10_6x6.v:34$326 ($add).
  creating $macc model for $flatten\cnn_inst.\proc_u0.\cnn_ctrl_u0.\cnn_inst.\frag_mux.$add$/home/designer/projects/CNN4IC/unic_cass_wrapper_user_project/CLASSIFIER_plus_cross_TOP/src/fragment_mux_10x10_6x6.v:34$333 ($add).
  creating $macc model for $flatten\cnn_inst.\proc_u0.\cnn_ctrl_u0.\cnn_inst.\frag_mux.$add$/home/designer/projects/CNN4IC/unic_cass_wrapper_user_project/CLASSIFIER_plus_cross_TOP/src/fragment_mux_10x10_6x6.v:34$340 ($add).
  creating $macc model for $flatten\cnn_inst.\proc_u0.\cnn_ctrl_u0.\cnn_inst.\frag_mux.$add$/home/designer/projects/CNN4IC/unic_cass_wrapper_user_project/CLASSIFIER_plus_cross_TOP/src/fragment_mux_10x10_6x6.v:34$347 ($add).
  creating $macc model for $flatten\cnn_inst.\proc_u0.\cnn_ctrl_u0.\cnn_inst.\frag_mux.$add$/home/designer/projects/CNN4IC/unic_cass_wrapper_user_project/CLASSIFIER_plus_cross_TOP/src/fragment_mux_10x10_6x6.v:34$354 ($add).
  creating $macc model for $flatten\cnn_inst.\proc_u0.\cnn_ctrl_u0.\cnn_inst.\frag_mux.$add$/home/designer/projects/CNN4IC/unic_cass_wrapper_user_project/CLASSIFIER_plus_cross_TOP/src/fragment_mux_10x10_6x6.v:34$361 ($add).
  creating $macc model for $flatten\cnn_inst.\proc_u0.\cnn_ctrl_u0.\cnn_inst.\frag_mux.$mul$/home/designer/projects/CNN4IC/unic_cass_wrapper_user_project/CLASSIFIER_plus_cross_TOP/src/fragment_mux_10x10_6x6.v:34$114 ($mul).
  creating $macc model for $flatten\cnn_inst.\proc_u0.\cnn_ctrl_u0.\cnn_inst.\frag_mux.$mul$/home/designer/projects/CNN4IC/unic_cass_wrapper_user_project/CLASSIFIER_plus_cross_TOP/src/fragment_mux_10x10_6x6.v:34$117 ($mul).
  creating $macc model for $flatten\cnn_inst.\proc_u0.\cnn_ctrl_u0.\cnn_inst.\frag_mux.$mul$/home/designer/projects/CNN4IC/unic_cass_wrapper_user_project/CLASSIFIER_plus_cross_TOP/src/fragment_mux_10x10_6x6.v:34$124 ($mul).
  creating $macc model for $flatten\cnn_inst.\proc_u0.\cnn_ctrl_u0.\cnn_inst.\frag_mux.$mul$/home/designer/projects/CNN4IC/unic_cass_wrapper_user_project/CLASSIFIER_plus_cross_TOP/src/fragment_mux_10x10_6x6.v:34$131 ($mul).
  creating $macc model for $flatten\cnn_inst.\proc_u0.\cnn_ctrl_u0.\cnn_inst.\frag_mux.$mul$/home/designer/projects/CNN4IC/unic_cass_wrapper_user_project/CLASSIFIER_plus_cross_TOP/src/fragment_mux_10x10_6x6.v:34$138 ($mul).
  creating $macc model for $flatten\cnn_inst.\proc_u0.\cnn_ctrl_u0.\cnn_inst.\frag_mux.$mul$/home/designer/projects/CNN4IC/unic_cass_wrapper_user_project/CLASSIFIER_plus_cross_TOP/src/fragment_mux_10x10_6x6.v:34$145 ($mul).
  creating $macc model for $flatten\cnn_inst.\proc_u0.\cnn_ctrl_u0.\cnn_inst.\frag_mux.$mul$/home/designer/projects/CNN4IC/unic_cass_wrapper_user_project/CLASSIFIER_plus_cross_TOP/src/fragment_mux_10x10_6x6.v:34$152 ($mul).
  creating $macc model for $flatten\cnn_inst.\proc_u0.\cnn_ctrl_u0.\cnn_inst.\frag_mux.$mul$/home/designer/projects/CNN4IC/unic_cass_wrapper_user_project/CLASSIFIER_plus_cross_TOP/src/fragment_mux_10x10_6x6.v:34$156 ($mul).
  creating $macc model for $flatten\cnn_inst.\proc_u0.\cnn_ctrl_u0.\cnn_inst.\frag_mux.$mul$/home/designer/projects/CNN4IC/unic_cass_wrapper_user_project/CLASSIFIER_plus_cross_TOP/src/fragment_mux_10x10_6x6.v:34$159 ($mul).
  creating $macc model for $flatten\cnn_inst.\proc_u0.\cnn_ctrl_u0.\cnn_inst.\frag_mux.$mul$/home/designer/projects/CNN4IC/unic_cass_wrapper_user_project/CLASSIFIER_plus_cross_TOP/src/fragment_mux_10x10_6x6.v:34$166 ($mul).
  creating $macc model for $flatten\cnn_inst.\proc_u0.\cnn_ctrl_u0.\cnn_inst.\frag_mux.$mul$/home/designer/projects/CNN4IC/unic_cass_wrapper_user_project/CLASSIFIER_plus_cross_TOP/src/fragment_mux_10x10_6x6.v:34$173 ($mul).
  creating $macc model for $flatten\cnn_inst.\proc_u0.\cnn_ctrl_u0.\cnn_inst.\frag_mux.$mul$/home/designer/projects/CNN4IC/unic_cass_wrapper_user_project/CLASSIFIER_plus_cross_TOP/src/fragment_mux_10x10_6x6.v:34$180 ($mul).
  creating $macc model for $flatten\cnn_inst.\proc_u0.\cnn_ctrl_u0.\cnn_inst.\frag_mux.$mul$/home/designer/projects/CNN4IC/unic_cass_wrapper_user_project/CLASSIFIER_plus_cross_TOP/src/fragment_mux_10x10_6x6.v:34$187 ($mul).
  creating $macc model for $flatten\cnn_inst.\proc_u0.\cnn_ctrl_u0.\cnn_inst.\frag_mux.$mul$/home/designer/projects/CNN4IC/unic_cass_wrapper_user_project/CLASSIFIER_plus_cross_TOP/src/fragment_mux_10x10_6x6.v:34$194 ($mul).
  creating $macc model for $flatten\cnn_inst.\proc_u0.\cnn_ctrl_u0.\cnn_inst.\frag_mux.$mul$/home/designer/projects/CNN4IC/unic_cass_wrapper_user_project/CLASSIFIER_plus_cross_TOP/src/fragment_mux_10x10_6x6.v:34$198 ($mul).
  creating $macc model for $flatten\cnn_inst.\proc_u0.\cnn_ctrl_u0.\cnn_inst.\frag_mux.$mul$/home/designer/projects/CNN4IC/unic_cass_wrapper_user_project/CLASSIFIER_plus_cross_TOP/src/fragment_mux_10x10_6x6.v:34$201 ($mul).
  creating $macc model for $flatten\cnn_inst.\proc_u0.\cnn_ctrl_u0.\cnn_inst.\frag_mux.$mul$/home/designer/projects/CNN4IC/unic_cass_wrapper_user_project/CLASSIFIER_plus_cross_TOP/src/fragment_mux_10x10_6x6.v:34$208 ($mul).
  creating $macc model for $flatten\cnn_inst.\proc_u0.\cnn_ctrl_u0.\cnn_inst.\frag_mux.$mul$/home/designer/projects/CNN4IC/unic_cass_wrapper_user_project/CLASSIFIER_plus_cross_TOP/src/fragment_mux_10x10_6x6.v:34$215 ($mul).
  creating $macc model for $flatten\cnn_inst.\proc_u0.\cnn_ctrl_u0.\cnn_inst.\frag_mux.$mul$/home/designer/projects/CNN4IC/unic_cass_wrapper_user_project/CLASSIFIER_plus_cross_TOP/src/fragment_mux_10x10_6x6.v:34$222 ($mul).
  creating $macc model for $flatten\cnn_inst.\proc_u0.\cnn_ctrl_u0.\cnn_inst.\frag_mux.$mul$/home/designer/projects/CNN4IC/unic_cass_wrapper_user_project/CLASSIFIER_plus_cross_TOP/src/fragment_mux_10x10_6x6.v:34$229 ($mul).
  creating $macc model for $flatten\cnn_inst.\proc_u0.\cnn_ctrl_u0.\cnn_inst.\frag_mux.$mul$/home/designer/projects/CNN4IC/unic_cass_wrapper_user_project/CLASSIFIER_plus_cross_TOP/src/fragment_mux_10x10_6x6.v:34$236 ($mul).
  creating $macc model for $flatten\cnn_inst.\proc_u0.\cnn_ctrl_u0.\cnn_inst.\frag_mux.$mul$/home/designer/projects/CNN4IC/unic_cass_wrapper_user_project/CLASSIFIER_plus_cross_TOP/src/fragment_mux_10x10_6x6.v:34$240 ($mul).
  creating $macc model for $flatten\cnn_inst.\proc_u0.\cnn_ctrl_u0.\cnn_inst.\frag_mux.$mul$/home/designer/projects/CNN4IC/unic_cass_wrapper_user_project/CLASSIFIER_plus_cross_TOP/src/fragment_mux_10x10_6x6.v:34$243 ($mul).
  creating $macc model for $flatten\cnn_inst.\proc_u0.\cnn_ctrl_u0.\cnn_inst.\frag_mux.$mul$/home/designer/projects/CNN4IC/unic_cass_wrapper_user_project/CLASSIFIER_plus_cross_TOP/src/fragment_mux_10x10_6x6.v:34$250 ($mul).
  creating $macc model for $flatten\cnn_inst.\proc_u0.\cnn_ctrl_u0.\cnn_inst.\frag_mux.$mul$/home/designer/projects/CNN4IC/unic_cass_wrapper_user_project/CLASSIFIER_plus_cross_TOP/src/fragment_mux_10x10_6x6.v:34$257 ($mul).
  creating $macc model for $flatten\cnn_inst.\proc_u0.\cnn_ctrl_u0.\cnn_inst.\frag_mux.$mul$/home/designer/projects/CNN4IC/unic_cass_wrapper_user_project/CLASSIFIER_plus_cross_TOP/src/fragment_mux_10x10_6x6.v:34$264 ($mul).
  creating $macc model for $flatten\cnn_inst.\proc_u0.\cnn_ctrl_u0.\cnn_inst.\frag_mux.$mul$/home/designer/projects/CNN4IC/unic_cass_wrapper_user_project/CLASSIFIER_plus_cross_TOP/src/fragment_mux_10x10_6x6.v:34$271 ($mul).
  creating $macc model for $flatten\cnn_inst.\proc_u0.\cnn_ctrl_u0.\cnn_inst.\frag_mux.$mul$/home/designer/projects/CNN4IC/unic_cass_wrapper_user_project/CLASSIFIER_plus_cross_TOP/src/fragment_mux_10x10_6x6.v:34$278 ($mul).
  creating $macc model for $flatten\cnn_inst.\proc_u0.\cnn_ctrl_u0.\cnn_inst.\frag_mux.$mul$/home/designer/projects/CNN4IC/unic_cass_wrapper_user_project/CLASSIFIER_plus_cross_TOP/src/fragment_mux_10x10_6x6.v:34$282 ($mul).
  creating $macc model for $flatten\cnn_inst.\proc_u0.\cnn_ctrl_u0.\cnn_inst.\frag_mux.$mul$/home/designer/projects/CNN4IC/unic_cass_wrapper_user_project/CLASSIFIER_plus_cross_TOP/src/fragment_mux_10x10_6x6.v:34$285 ($mul).
  creating $macc model for $flatten\cnn_inst.\proc_u0.\cnn_ctrl_u0.\cnn_inst.\frag_mux.$mul$/home/designer/projects/CNN4IC/unic_cass_wrapper_user_project/CLASSIFIER_plus_cross_TOP/src/fragment_mux_10x10_6x6.v:34$292 ($mul).
  creating $macc model for $flatten\cnn_inst.\proc_u0.\cnn_ctrl_u0.\cnn_inst.\frag_mux.$mul$/home/designer/projects/CNN4IC/unic_cass_wrapper_user_project/CLASSIFIER_plus_cross_TOP/src/fragment_mux_10x10_6x6.v:34$299 ($mul).
  creating $macc model for $flatten\cnn_inst.\proc_u0.\cnn_ctrl_u0.\cnn_inst.\frag_mux.$mul$/home/designer/projects/CNN4IC/unic_cass_wrapper_user_project/CLASSIFIER_plus_cross_TOP/src/fragment_mux_10x10_6x6.v:34$306 ($mul).
  creating $macc model for $flatten\cnn_inst.\proc_u0.\cnn_ctrl_u0.\cnn_inst.\frag_mux.$mul$/home/designer/projects/CNN4IC/unic_cass_wrapper_user_project/CLASSIFIER_plus_cross_TOP/src/fragment_mux_10x10_6x6.v:34$313 ($mul).
  creating $macc model for $flatten\cnn_inst.\proc_u0.\cnn_ctrl_u0.\cnn_inst.\frag_mux.$mul$/home/designer/projects/CNN4IC/unic_cass_wrapper_user_project/CLASSIFIER_plus_cross_TOP/src/fragment_mux_10x10_6x6.v:34$320 ($mul).
  creating $macc model for $flatten\cnn_inst.\proc_u0.\cnn_ctrl_u0.\cnn_inst.\frag_mux.$mul$/home/designer/projects/CNN4IC/unic_cass_wrapper_user_project/CLASSIFIER_plus_cross_TOP/src/fragment_mux_10x10_6x6.v:34$324 ($mul).
  creating $macc model for $flatten\cnn_inst.\proc_u0.\cnn_ctrl_u0.\cnn_inst.\frag_mux.$mul$/home/designer/projects/CNN4IC/unic_cass_wrapper_user_project/CLASSIFIER_plus_cross_TOP/src/fragment_mux_10x10_6x6.v:34$327 ($mul).
  creating $macc model for $flatten\cnn_inst.\proc_u0.\cnn_ctrl_u0.\cnn_inst.\frag_mux.$mul$/home/designer/projects/CNN4IC/unic_cass_wrapper_user_project/CLASSIFIER_plus_cross_TOP/src/fragment_mux_10x10_6x6.v:34$334 ($mul).
  creating $macc model for $flatten\cnn_inst.\proc_u0.\cnn_ctrl_u0.\cnn_inst.\frag_mux.$mul$/home/designer/projects/CNN4IC/unic_cass_wrapper_user_project/CLASSIFIER_plus_cross_TOP/src/fragment_mux_10x10_6x6.v:34$341 ($mul).
  creating $macc model for $flatten\cnn_inst.\proc_u0.\cnn_ctrl_u0.\cnn_inst.\frag_mux.$mul$/home/designer/projects/CNN4IC/unic_cass_wrapper_user_project/CLASSIFIER_plus_cross_TOP/src/fragment_mux_10x10_6x6.v:34$348 ($mul).
  creating $macc model for $flatten\cnn_inst.\proc_u0.\cnn_ctrl_u0.\cnn_inst.\frag_mux.$mul$/home/designer/projects/CNN4IC/unic_cass_wrapper_user_project/CLASSIFIER_plus_cross_TOP/src/fragment_mux_10x10_6x6.v:34$355 ($mul).
  creating $macc model for $flatten\cnn_inst.\proc_u0.\cnn_ctrl_u0.\cnn_inst.\frag_mux.$mul$/home/designer/projects/CNN4IC/unic_cass_wrapper_user_project/CLASSIFIER_plus_cross_TOP/src/fragment_mux_10x10_6x6.v:34$362 ($mul).
  merging $macc model for $flatten\cnn_inst.\proc_u0.\cnn_ctrl_u0.\cnn_inst.\cnn_inst.\mac_inst.$add$/home/designer/projects/CNN4IC/unic_cass_wrapper_user_project/CLASSIFIER_plus_cross_TOP/src/mac_parallel.v:7$413 into $flatten\cnn_inst.\proc_u0.\cnn_ctrl_u0.\cnn_inst.\cnn_inst.\mac_inst.$add$/home/designer/projects/CNN4IC/unic_cass_wrapper_user_project/CLASSIFIER_plus_cross_TOP/src/mac_parallel.v:7$415.
  merging $macc model for $flatten\cnn_inst.\proc_u0.\cnn_ctrl_u0.\cnn_inst.\cnn_inst.\mac_inst.$add$/home/designer/projects/CNN4IC/unic_cass_wrapper_user_project/CLASSIFIER_plus_cross_TOP/src/mac_parallel.v:7$411 into $flatten\cnn_inst.\proc_u0.\cnn_ctrl_u0.\cnn_inst.\cnn_inst.\mac_inst.$add$/home/designer/projects/CNN4IC/unic_cass_wrapper_user_project/CLASSIFIER_plus_cross_TOP/src/mac_parallel.v:7$415.
  merging $macc model for $flatten\cnn_inst.\proc_u0.\cnn_ctrl_u0.\cnn_inst.\cnn_inst.\mac_inst.$add$/home/designer/projects/CNN4IC/unic_cass_wrapper_user_project/CLASSIFIER_plus_cross_TOP/src/mac_parallel.v:7$409 into $flatten\cnn_inst.\proc_u0.\cnn_ctrl_u0.\cnn_inst.\cnn_inst.\mac_inst.$add$/home/designer/projects/CNN4IC/unic_cass_wrapper_user_project/CLASSIFIER_plus_cross_TOP/src/mac_parallel.v:7$415.
  merging $macc model for $flatten\cnn_inst.\proc_u0.\cnn_ctrl_u0.\cnn_inst.\cnn_inst.\mac_inst.$add$/home/designer/projects/CNN4IC/unic_cass_wrapper_user_project/CLASSIFIER_plus_cross_TOP/src/mac_parallel.v:7$407 into $flatten\cnn_inst.\proc_u0.\cnn_ctrl_u0.\cnn_inst.\cnn_inst.\mac_inst.$add$/home/designer/projects/CNN4IC/unic_cass_wrapper_user_project/CLASSIFIER_plus_cross_TOP/src/mac_parallel.v:7$415.
  merging $macc model for $flatten\cnn_inst.\proc_u0.\cnn_ctrl_u0.\cnn_inst.\cnn_inst.\mac_inst.$add$/home/designer/projects/CNN4IC/unic_cass_wrapper_user_project/CLASSIFIER_plus_cross_TOP/src/mac_parallel.v:7$405 into $flatten\cnn_inst.\proc_u0.\cnn_ctrl_u0.\cnn_inst.\cnn_inst.\mac_inst.$add$/home/designer/projects/CNN4IC/unic_cass_wrapper_user_project/CLASSIFIER_plus_cross_TOP/src/mac_parallel.v:7$415.
  merging $macc model for $flatten\cnn_inst.\proc_u0.\cnn_ctrl_u0.\cnn_inst.\cnn_inst.\mac_inst.$add$/home/designer/projects/CNN4IC/unic_cass_wrapper_user_project/CLASSIFIER_plus_cross_TOP/src/mac_parallel.v:7$403 into $flatten\cnn_inst.\proc_u0.\cnn_ctrl_u0.\cnn_inst.\cnn_inst.\mac_inst.$add$/home/designer/projects/CNN4IC/unic_cass_wrapper_user_project/CLASSIFIER_plus_cross_TOP/src/mac_parallel.v:7$415.
  merging $macc model for $flatten\cnn_inst.\proc_u0.\cnn_ctrl_u0.\cnn_inst.\cnn_inst.\mac_inst.$add$/home/designer/projects/CNN4IC/unic_cass_wrapper_user_project/CLASSIFIER_plus_cross_TOP/src/mac_parallel.v:7$401 into $flatten\cnn_inst.\proc_u0.\cnn_ctrl_u0.\cnn_inst.\cnn_inst.\mac_inst.$add$/home/designer/projects/CNN4IC/unic_cass_wrapper_user_project/CLASSIFIER_plus_cross_TOP/src/mac_parallel.v:7$415.
  merging $macc model for $flatten\cnn_inst.\proc_u0.\cnn_ctrl_u0.\cnn_inst.\cnn_inst.\mac_inst.$add$/home/designer/projects/CNN4IC/unic_cass_wrapper_user_project/CLASSIFIER_plus_cross_TOP/src/mac_parallel.v:7$399 into $flatten\cnn_inst.\proc_u0.\cnn_ctrl_u0.\cnn_inst.\cnn_inst.\mac_inst.$add$/home/designer/projects/CNN4IC/unic_cass_wrapper_user_project/CLASSIFIER_plus_cross_TOP/src/mac_parallel.v:7$415.
  merging $macc model for $flatten\cnn_inst.\proc_u0.\cnn_ctrl_u0.\cnn_inst.\cnn_inst.\mac_inst.$add$/home/designer/projects/CNN4IC/unic_cass_wrapper_user_project/CLASSIFIER_plus_cross_TOP/src/mac_parallel.v:7$397 into $flatten\cnn_inst.\proc_u0.\cnn_ctrl_u0.\cnn_inst.\cnn_inst.\mac_inst.$add$/home/designer/projects/CNN4IC/unic_cass_wrapper_user_project/CLASSIFIER_plus_cross_TOP/src/mac_parallel.v:7$415.
  merging $macc model for $flatten\cnn_inst.\proc_u0.\cnn_ctrl_u0.\cnn_inst.\cnn_inst.\mac_inst.$add$/home/designer/projects/CNN4IC/unic_cass_wrapper_user_project/CLASSIFIER_plus_cross_TOP/src/mac_parallel.v:7$395 into $flatten\cnn_inst.\proc_u0.\cnn_ctrl_u0.\cnn_inst.\cnn_inst.\mac_inst.$add$/home/designer/projects/CNN4IC/unic_cass_wrapper_user_project/CLASSIFIER_plus_cross_TOP/src/mac_parallel.v:7$415.
  merging $macc model for $flatten\cnn_inst.\proc_u0.\cnn_ctrl_u0.\cnn_inst.\cnn_inst.\mac_inst.$add$/home/designer/projects/CNN4IC/unic_cass_wrapper_user_project/CLASSIFIER_plus_cross_TOP/src/mac_parallel.v:7$393 into $flatten\cnn_inst.\proc_u0.\cnn_ctrl_u0.\cnn_inst.\cnn_inst.\mac_inst.$add$/home/designer/projects/CNN4IC/unic_cass_wrapper_user_project/CLASSIFIER_plus_cross_TOP/src/mac_parallel.v:7$415.
  merging $macc model for $flatten\cnn_inst.\proc_u0.\cnn_ctrl_u0.\cnn_inst.\cnn_inst.\mac_inst.$add$/home/designer/projects/CNN4IC/unic_cass_wrapper_user_project/CLASSIFIER_plus_cross_TOP/src/mac_parallel.v:7$391 into $flatten\cnn_inst.\proc_u0.\cnn_ctrl_u0.\cnn_inst.\cnn_inst.\mac_inst.$add$/home/designer/projects/CNN4IC/unic_cass_wrapper_user_project/CLASSIFIER_plus_cross_TOP/src/mac_parallel.v:7$415.
  merging $macc model for $flatten\cnn_inst.\proc_u0.\cnn_ctrl_u0.\cnn_inst.\cnn_inst.\mac_inst.$add$/home/designer/projects/CNN4IC/unic_cass_wrapper_user_project/CLASSIFIER_plus_cross_TOP/src/mac_parallel.v:7$389 into $flatten\cnn_inst.\proc_u0.\cnn_ctrl_u0.\cnn_inst.\cnn_inst.\mac_inst.$add$/home/designer/projects/CNN4IC/unic_cass_wrapper_user_project/CLASSIFIER_plus_cross_TOP/src/mac_parallel.v:7$415.
  merging $macc model for $flatten\cnn_inst.\proc_u0.\cnn_ctrl_u0.\cnn_inst.\cnn_inst.\mac_inst.$add$/home/designer/projects/CNN4IC/unic_cass_wrapper_user_project/CLASSIFIER_plus_cross_TOP/src/mac_parallel.v:7$387 into $flatten\cnn_inst.\proc_u0.\cnn_ctrl_u0.\cnn_inst.\cnn_inst.\mac_inst.$add$/home/designer/projects/CNN4IC/unic_cass_wrapper_user_project/CLASSIFIER_plus_cross_TOP/src/mac_parallel.v:7$415.
  merging $macc model for $flatten\cnn_inst.\proc_u0.\cnn_ctrl_u0.\cnn_inst.\cnn_inst.\mac_inst.$add$/home/designer/projects/CNN4IC/unic_cass_wrapper_user_project/CLASSIFIER_plus_cross_TOP/src/mac_parallel.v:7$385 into $flatten\cnn_inst.\proc_u0.\cnn_ctrl_u0.\cnn_inst.\cnn_inst.\mac_inst.$add$/home/designer/projects/CNN4IC/unic_cass_wrapper_user_project/CLASSIFIER_plus_cross_TOP/src/mac_parallel.v:7$415.
  merging $macc model for $flatten\cnn_inst.\proc_u0.\cnn_ctrl_u0.\cnn_inst.\cnn_inst.\mac_inst.$add$/home/designer/projects/CNN4IC/unic_cass_wrapper_user_project/CLASSIFIER_plus_cross_TOP/src/mac_parallel.v:7$383 into $flatten\cnn_inst.\proc_u0.\cnn_ctrl_u0.\cnn_inst.\cnn_inst.\mac_inst.$add$/home/designer/projects/CNN4IC/unic_cass_wrapper_user_project/CLASSIFIER_plus_cross_TOP/src/mac_parallel.v:7$415.
  merging $macc model for $flatten\cnn_inst.\proc_u0.\cnn_ctrl_u0.\cnn_inst.\cnn_inst.\mac_inst.$add$/home/designer/projects/CNN4IC/unic_cass_wrapper_user_project/CLASSIFIER_plus_cross_TOP/src/mac_parallel.v:7$381 into $flatten\cnn_inst.\proc_u0.\cnn_ctrl_u0.\cnn_inst.\cnn_inst.\mac_inst.$add$/home/designer/projects/CNN4IC/unic_cass_wrapper_user_project/CLASSIFIER_plus_cross_TOP/src/mac_parallel.v:7$415.
  merging $macc model for $flatten\cnn_inst.\proc_u0.\cnn_ctrl_u0.\cnn_inst.\cnn_inst.\mac_inst.$add$/home/designer/projects/CNN4IC/unic_cass_wrapper_user_project/CLASSIFIER_plus_cross_TOP/src/mac_parallel.v:7$379 into $flatten\cnn_inst.\proc_u0.\cnn_ctrl_u0.\cnn_inst.\cnn_inst.\mac_inst.$add$/home/designer/projects/CNN4IC/unic_cass_wrapper_user_project/CLASSIFIER_plus_cross_TOP/src/mac_parallel.v:7$415.
  merging $macc model for $flatten\cnn_inst.\proc_u0.\cnn_ctrl_u0.\cnn_inst.\cnn_inst.\mac_inst.$add$/home/designer/projects/CNN4IC/unic_cass_wrapper_user_project/CLASSIFIER_plus_cross_TOP/src/mac_parallel.v:7$377 into $flatten\cnn_inst.\proc_u0.\cnn_ctrl_u0.\cnn_inst.\cnn_inst.\mac_inst.$add$/home/designer/projects/CNN4IC/unic_cass_wrapper_user_project/CLASSIFIER_plus_cross_TOP/src/mac_parallel.v:7$415.
  merging $macc model for $flatten\cnn_inst.\proc_u0.\cnn_ctrl_u0.\cnn_inst.\cnn_inst.\mac_inst.$add$/home/designer/projects/CNN4IC/unic_cass_wrapper_user_project/CLASSIFIER_plus_cross_TOP/src/mac_parallel.v:7$375 into $flatten\cnn_inst.\proc_u0.\cnn_ctrl_u0.\cnn_inst.\cnn_inst.\mac_inst.$add$/home/designer/projects/CNN4IC/unic_cass_wrapper_user_project/CLASSIFIER_plus_cross_TOP/src/mac_parallel.v:7$415.
  merging $macc model for $flatten\cnn_inst.\proc_u0.\cnn_ctrl_u0.\cnn_inst.\cnn_inst.\mac_inst.$add$/home/designer/projects/CNN4IC/unic_cass_wrapper_user_project/CLASSIFIER_plus_cross_TOP/src/mac_parallel.v:7$373 into $flatten\cnn_inst.\proc_u0.\cnn_ctrl_u0.\cnn_inst.\cnn_inst.\mac_inst.$add$/home/designer/projects/CNN4IC/unic_cass_wrapper_user_project/CLASSIFIER_plus_cross_TOP/src/mac_parallel.v:7$415.
  merging $macc model for $flatten\cnn_inst.\proc_u0.\cnn_ctrl_u0.\cnn_inst.\cnn_inst.\mac_inst.$add$/home/designer/projects/CNN4IC/unic_cass_wrapper_user_project/CLASSIFIER_plus_cross_TOP/src/mac_parallel.v:7$371 into $flatten\cnn_inst.\proc_u0.\cnn_ctrl_u0.\cnn_inst.\cnn_inst.\mac_inst.$add$/home/designer/projects/CNN4IC/unic_cass_wrapper_user_project/CLASSIFIER_plus_cross_TOP/src/mac_parallel.v:7$415.
  merging $macc model for $flatten\cnn_inst.\proc_u0.\cnn_ctrl_u0.\cnn_inst.\cnn_inst.\mac_inst.$add$/home/designer/projects/CNN4IC/unic_cass_wrapper_user_project/CLASSIFIER_plus_cross_TOP/src/mac_parallel.v:7$369 into $flatten\cnn_inst.\proc_u0.\cnn_ctrl_u0.\cnn_inst.\cnn_inst.\mac_inst.$add$/home/designer/projects/CNN4IC/unic_cass_wrapper_user_project/CLASSIFIER_plus_cross_TOP/src/mac_parallel.v:7$415.
  merging $macc model for $flatten\cnn_inst.\proc_u0.\cnn_ctrl_u0.\cnn_inst.\cnn_inst.\mac_inst.$mul$/home/designer/projects/CNN4IC/unic_cass_wrapper_user_project/CLASSIFIER_plus_cross_TOP/src/mac_parallel.v:7$367 into $flatten\cnn_inst.\proc_u0.\cnn_ctrl_u0.\cnn_inst.\cnn_inst.\mac_inst.$add$/home/designer/projects/CNN4IC/unic_cass_wrapper_user_project/CLASSIFIER_plus_cross_TOP/src/mac_parallel.v:7$415.
  merging $macc model for $flatten\cnn_inst.\proc_u0.\cnn_ctrl_u0.\cnn_inst.\cnn_inst.\mac_inst.$mul$/home/designer/projects/CNN4IC/unic_cass_wrapper_user_project/CLASSIFIER_plus_cross_TOP/src/mac_parallel.v:31$414 into $flatten\cnn_inst.\proc_u0.\cnn_ctrl_u0.\cnn_inst.\cnn_inst.\mac_inst.$add$/home/designer/projects/CNN4IC/unic_cass_wrapper_user_project/CLASSIFIER_plus_cross_TOP/src/mac_parallel.v:7$415.
  merging $macc model for $flatten\cnn_inst.\proc_u0.\cnn_ctrl_u0.\cnn_inst.\cnn_inst.\mac_inst.$mul$/home/designer/projects/CNN4IC/unic_cass_wrapper_user_project/CLASSIFIER_plus_cross_TOP/src/mac_parallel.v:30$412 into $flatten\cnn_inst.\proc_u0.\cnn_ctrl_u0.\cnn_inst.\cnn_inst.\mac_inst.$add$/home/designer/projects/CNN4IC/unic_cass_wrapper_user_project/CLASSIFIER_plus_cross_TOP/src/mac_parallel.v:7$415.
  merging $macc model for $flatten\cnn_inst.\proc_u0.\cnn_ctrl_u0.\cnn_inst.\cnn_inst.\mac_inst.$mul$/home/designer/projects/CNN4IC/unic_cass_wrapper_user_project/CLASSIFIER_plus_cross_TOP/src/mac_parallel.v:29$410 into $flatten\cnn_inst.\proc_u0.\cnn_ctrl_u0.\cnn_inst.\cnn_inst.\mac_inst.$add$/home/designer/projects/CNN4IC/unic_cass_wrapper_user_project/CLASSIFIER_plus_cross_TOP/src/mac_parallel.v:7$415.
  merging $macc model for $flatten\cnn_inst.\proc_u0.\cnn_ctrl_u0.\cnn_inst.\cnn_inst.\mac_inst.$mul$/home/designer/projects/CNN4IC/unic_cass_wrapper_user_project/CLASSIFIER_plus_cross_TOP/src/mac_parallel.v:28$408 into $flatten\cnn_inst.\proc_u0.\cnn_ctrl_u0.\cnn_inst.\cnn_inst.\mac_inst.$add$/home/designer/projects/CNN4IC/unic_cass_wrapper_user_project/CLASSIFIER_plus_cross_TOP/src/mac_parallel.v:7$415.
  merging $macc model for $flatten\cnn_inst.\proc_u0.\cnn_ctrl_u0.\cnn_inst.\cnn_inst.\mac_inst.$mul$/home/designer/projects/CNN4IC/unic_cass_wrapper_user_project/CLASSIFIER_plus_cross_TOP/src/mac_parallel.v:27$406 into $flatten\cnn_inst.\proc_u0.\cnn_ctrl_u0.\cnn_inst.\cnn_inst.\mac_inst.$add$/home/designer/projects/CNN4IC/unic_cass_wrapper_user_project/CLASSIFIER_plus_cross_TOP/src/mac_parallel.v:7$415.
  merging $macc model for $flatten\cnn_inst.\proc_u0.\cnn_ctrl_u0.\cnn_inst.\cnn_inst.\mac_inst.$mul$/home/designer/projects/CNN4IC/unic_cass_wrapper_user_project/CLASSIFIER_plus_cross_TOP/src/mac_parallel.v:26$404 into $flatten\cnn_inst.\proc_u0.\cnn_ctrl_u0.\cnn_inst.\cnn_inst.\mac_inst.$add$/home/designer/projects/CNN4IC/unic_cass_wrapper_user_project/CLASSIFIER_plus_cross_TOP/src/mac_parallel.v:7$415.
  merging $macc model for $flatten\cnn_inst.\proc_u0.\cnn_ctrl_u0.\cnn_inst.\cnn_inst.\mac_inst.$mul$/home/designer/projects/CNN4IC/unic_cass_wrapper_user_project/CLASSIFIER_plus_cross_TOP/src/mac_parallel.v:25$402 into $flatten\cnn_inst.\proc_u0.\cnn_ctrl_u0.\cnn_inst.\cnn_inst.\mac_inst.$add$/home/designer/projects/CNN4IC/unic_cass_wrapper_user_project/CLASSIFIER_plus_cross_TOP/src/mac_parallel.v:7$415.
  merging $macc model for $flatten\cnn_inst.\proc_u0.\cnn_ctrl_u0.\cnn_inst.\cnn_inst.\mac_inst.$mul$/home/designer/projects/CNN4IC/unic_cass_wrapper_user_project/CLASSIFIER_plus_cross_TOP/src/mac_parallel.v:24$400 into $flatten\cnn_inst.\proc_u0.\cnn_ctrl_u0.\cnn_inst.\cnn_inst.\mac_inst.$add$/home/designer/projects/CNN4IC/unic_cass_wrapper_user_project/CLASSIFIER_plus_cross_TOP/src/mac_parallel.v:7$415.
  merging $macc model for $flatten\cnn_inst.\proc_u0.\cnn_ctrl_u0.\cnn_inst.\cnn_inst.\mac_inst.$mul$/home/designer/projects/CNN4IC/unic_cass_wrapper_user_project/CLASSIFIER_plus_cross_TOP/src/mac_parallel.v:23$398 into $flatten\cnn_inst.\proc_u0.\cnn_ctrl_u0.\cnn_inst.\cnn_inst.\mac_inst.$add$/home/designer/projects/CNN4IC/unic_cass_wrapper_user_project/CLASSIFIER_plus_cross_TOP/src/mac_parallel.v:7$415.
  merging $macc model for $flatten\cnn_inst.\proc_u0.\cnn_ctrl_u0.\cnn_inst.\cnn_inst.\mac_inst.$mul$/home/designer/projects/CNN4IC/unic_cass_wrapper_user_project/CLASSIFIER_plus_cross_TOP/src/mac_parallel.v:22$396 into $flatten\cnn_inst.\proc_u0.\cnn_ctrl_u0.\cnn_inst.\cnn_inst.\mac_inst.$add$/home/designer/projects/CNN4IC/unic_cass_wrapper_user_project/CLASSIFIER_plus_cross_TOP/src/mac_parallel.v:7$415.
  merging $macc model for $flatten\cnn_inst.\proc_u0.\cnn_ctrl_u0.\cnn_inst.\cnn_inst.\mac_inst.$mul$/home/designer/projects/CNN4IC/unic_cass_wrapper_user_project/CLASSIFIER_plus_cross_TOP/src/mac_parallel.v:21$394 into $flatten\cnn_inst.\proc_u0.\cnn_ctrl_u0.\cnn_inst.\cnn_inst.\mac_inst.$add$/home/designer/projects/CNN4IC/unic_cass_wrapper_user_project/CLASSIFIER_plus_cross_TOP/src/mac_parallel.v:7$415.
  merging $macc model for $flatten\cnn_inst.\proc_u0.\cnn_ctrl_u0.\cnn_inst.\cnn_inst.\mac_inst.$mul$/home/designer/projects/CNN4IC/unic_cass_wrapper_user_project/CLASSIFIER_plus_cross_TOP/src/mac_parallel.v:20$392 into $flatten\cnn_inst.\proc_u0.\cnn_ctrl_u0.\cnn_inst.\cnn_inst.\mac_inst.$add$/home/designer/projects/CNN4IC/unic_cass_wrapper_user_project/CLASSIFIER_plus_cross_TOP/src/mac_parallel.v:7$415.
  merging $macc model for $flatten\cnn_inst.\proc_u0.\cnn_ctrl_u0.\cnn_inst.\cnn_inst.\mac_inst.$mul$/home/designer/projects/CNN4IC/unic_cass_wrapper_user_project/CLASSIFIER_plus_cross_TOP/src/mac_parallel.v:19$390 into $flatten\cnn_inst.\proc_u0.\cnn_ctrl_u0.\cnn_inst.\cnn_inst.\mac_inst.$add$/home/designer/projects/CNN4IC/unic_cass_wrapper_user_project/CLASSIFIER_plus_cross_TOP/src/mac_parallel.v:7$415.
  merging $macc model for $flatten\cnn_inst.\proc_u0.\cnn_ctrl_u0.\cnn_inst.\cnn_inst.\mac_inst.$mul$/home/designer/projects/CNN4IC/unic_cass_wrapper_user_project/CLASSIFIER_plus_cross_TOP/src/mac_parallel.v:18$388 into $flatten\cnn_inst.\proc_u0.\cnn_ctrl_u0.\cnn_inst.\cnn_inst.\mac_inst.$add$/home/designer/projects/CNN4IC/unic_cass_wrapper_user_project/CLASSIFIER_plus_cross_TOP/src/mac_parallel.v:7$415.
  merging $macc model for $flatten\cnn_inst.\proc_u0.\cnn_ctrl_u0.\cnn_inst.\cnn_inst.\mac_inst.$mul$/home/designer/projects/CNN4IC/unic_cass_wrapper_user_project/CLASSIFIER_plus_cross_TOP/src/mac_parallel.v:17$386 into $flatten\cnn_inst.\proc_u0.\cnn_ctrl_u0.\cnn_inst.\cnn_inst.\mac_inst.$add$/home/designer/projects/CNN4IC/unic_cass_wrapper_user_project/CLASSIFIER_plus_cross_TOP/src/mac_parallel.v:7$415.
  merging $macc model for $flatten\cnn_inst.\proc_u0.\cnn_ctrl_u0.\cnn_inst.\cnn_inst.\mac_inst.$mul$/home/designer/projects/CNN4IC/unic_cass_wrapper_user_project/CLASSIFIER_plus_cross_TOP/src/mac_parallel.v:16$384 into $flatten\cnn_inst.\proc_u0.\cnn_ctrl_u0.\cnn_inst.\cnn_inst.\mac_inst.$add$/home/designer/projects/CNN4IC/unic_cass_wrapper_user_project/CLASSIFIER_plus_cross_TOP/src/mac_parallel.v:7$415.
  merging $macc model for $flatten\cnn_inst.\proc_u0.\cnn_ctrl_u0.\cnn_inst.\cnn_inst.\mac_inst.$mul$/home/designer/projects/CNN4IC/unic_cass_wrapper_user_project/CLASSIFIER_plus_cross_TOP/src/mac_parallel.v:15$382 into $flatten\cnn_inst.\proc_u0.\cnn_ctrl_u0.\cnn_inst.\cnn_inst.\mac_inst.$add$/home/designer/projects/CNN4IC/unic_cass_wrapper_user_project/CLASSIFIER_plus_cross_TOP/src/mac_parallel.v:7$415.
  merging $macc model for $flatten\cnn_inst.\proc_u0.\cnn_ctrl_u0.\cnn_inst.\cnn_inst.\mac_inst.$mul$/home/designer/projects/CNN4IC/unic_cass_wrapper_user_project/CLASSIFIER_plus_cross_TOP/src/mac_parallel.v:14$380 into $flatten\cnn_inst.\proc_u0.\cnn_ctrl_u0.\cnn_inst.\cnn_inst.\mac_inst.$add$/home/designer/projects/CNN4IC/unic_cass_wrapper_user_project/CLASSIFIER_plus_cross_TOP/src/mac_parallel.v:7$415.
  merging $macc model for $flatten\cnn_inst.\proc_u0.\cnn_ctrl_u0.\cnn_inst.\cnn_inst.\mac_inst.$mul$/home/designer/projects/CNN4IC/unic_cass_wrapper_user_project/CLASSIFIER_plus_cross_TOP/src/mac_parallel.v:13$378 into $flatten\cnn_inst.\proc_u0.\cnn_ctrl_u0.\cnn_inst.\cnn_inst.\mac_inst.$add$/home/designer/projects/CNN4IC/unic_cass_wrapper_user_project/CLASSIFIER_plus_cross_TOP/src/mac_parallel.v:7$415.
  merging $macc model for $flatten\cnn_inst.\proc_u0.\cnn_ctrl_u0.\cnn_inst.\cnn_inst.\mac_inst.$mul$/home/designer/projects/CNN4IC/unic_cass_wrapper_user_project/CLASSIFIER_plus_cross_TOP/src/mac_parallel.v:12$376 into $flatten\cnn_inst.\proc_u0.\cnn_ctrl_u0.\cnn_inst.\cnn_inst.\mac_inst.$add$/home/designer/projects/CNN4IC/unic_cass_wrapper_user_project/CLASSIFIER_plus_cross_TOP/src/mac_parallel.v:7$415.
  merging $macc model for $flatten\cnn_inst.\proc_u0.\cnn_ctrl_u0.\cnn_inst.\cnn_inst.\mac_inst.$mul$/home/designer/projects/CNN4IC/unic_cass_wrapper_user_project/CLASSIFIER_plus_cross_TOP/src/mac_parallel.v:11$374 into $flatten\cnn_inst.\proc_u0.\cnn_ctrl_u0.\cnn_inst.\cnn_inst.\mac_inst.$add$/home/designer/projects/CNN4IC/unic_cass_wrapper_user_project/CLASSIFIER_plus_cross_TOP/src/mac_parallel.v:7$415.
  merging $macc model for $flatten\cnn_inst.\proc_u0.\cnn_ctrl_u0.\cnn_inst.\cnn_inst.\mac_inst.$mul$/home/designer/projects/CNN4IC/unic_cass_wrapper_user_project/CLASSIFIER_plus_cross_TOP/src/mac_parallel.v:10$372 into $flatten\cnn_inst.\proc_u0.\cnn_ctrl_u0.\cnn_inst.\cnn_inst.\mac_inst.$add$/home/designer/projects/CNN4IC/unic_cass_wrapper_user_project/CLASSIFIER_plus_cross_TOP/src/mac_parallel.v:7$415.
  merging $macc model for $flatten\cnn_inst.\proc_u0.\cnn_ctrl_u0.\cnn_inst.\cnn_inst.\mac_inst.$mul$/home/designer/projects/CNN4IC/unic_cass_wrapper_user_project/CLASSIFIER_plus_cross_TOP/src/mac_parallel.v:9$370 into $flatten\cnn_inst.\proc_u0.\cnn_ctrl_u0.\cnn_inst.\cnn_inst.\mac_inst.$add$/home/designer/projects/CNN4IC/unic_cass_wrapper_user_project/CLASSIFIER_plus_cross_TOP/src/mac_parallel.v:7$415.
  merging $macc model for $flatten\cnn_inst.\proc_u0.\cnn_ctrl_u0.\cnn_inst.\cnn_inst.\mac_inst.$mul$/home/designer/projects/CNN4IC/unic_cass_wrapper_user_project/CLASSIFIER_plus_cross_TOP/src/mac_parallel.v:8$368 into $flatten\cnn_inst.\proc_u0.\cnn_ctrl_u0.\cnn_inst.\cnn_inst.\mac_inst.$add$/home/designer/projects/CNN4IC/unic_cass_wrapper_user_project/CLASSIFIER_plus_cross_TOP/src/mac_parallel.v:7$415.
  creating $alu model for $macc $flatten\cnn_inst.\proc_u0.\cnn_ctrl_u0.\cnn_inst.\frag_mux.$add$/home/designer/projects/CNN4IC/unic_cass_wrapper_user_project/CLASSIFIER_plus_cross_TOP/src/fragment_mux_10x10_6x6.v:34$323.
  creating $alu model for $macc $flatten\cnn_inst.\proc_u0.\cnn_ctrl_u0.\cnn_inst.\frag_mux.$add$/home/designer/projects/CNN4IC/unic_cass_wrapper_user_project/CLASSIFIER_plus_cross_TOP/src/fragment_mux_10x10_6x6.v:34$319.
  creating $alu model for $macc $flatten\cnn_inst.\proc_u0.\cnn_ctrl_u0.\cnn_inst.\frag_mux.$add$/home/designer/projects/CNN4IC/unic_cass_wrapper_user_project/CLASSIFIER_plus_cross_TOP/src/fragment_mux_10x10_6x6.v:34$312.
  creating $alu model for $macc $flatten\cnn_inst.\proc_u0.\cnn_ctrl_u0.\cnn_inst.\frag_mux.$add$/home/designer/projects/CNN4IC/unic_cass_wrapper_user_project/CLASSIFIER_plus_cross_TOP/src/fragment_mux_10x10_6x6.v:34$305.
  creating $alu model for $macc $flatten\cnn_inst.\proc_u0.\cnn_ctrl_u0.\cnn_inst.\frag_mux.$add$/home/designer/projects/CNN4IC/unic_cass_wrapper_user_project/CLASSIFIER_plus_cross_TOP/src/fragment_mux_10x10_6x6.v:34$298.
  creating $alu model for $macc $flatten\cnn_inst.\proc_u0.\cnn_ctrl_u0.\cnn_inst.\frag_mux.$add$/home/designer/projects/CNN4IC/unic_cass_wrapper_user_project/CLASSIFIER_plus_cross_TOP/src/fragment_mux_10x10_6x6.v:34$291.
  creating $alu model for $macc $flatten\cnn_inst.\proc_u0.\cnn_ctrl_u0.\cnn_inst.\frag_mux.$add$/home/designer/projects/CNN4IC/unic_cass_wrapper_user_project/CLASSIFIER_plus_cross_TOP/src/fragment_mux_10x10_6x6.v:34$284.
  creating $alu model for $macc $flatten\cnn_inst.\proc_u0.\cnn_ctrl_u0.\cnn_inst.\frag_mux.$add$/home/designer/projects/CNN4IC/unic_cass_wrapper_user_project/CLASSIFIER_plus_cross_TOP/src/fragment_mux_10x10_6x6.v:34$281.
  creating $alu model for $macc $flatten\cnn_inst.\proc_u0.\cnn_ctrl_u0.\cnn_inst.\frag_mux.$add$/home/designer/projects/CNN4IC/unic_cass_wrapper_user_project/CLASSIFIER_plus_cross_TOP/src/fragment_mux_10x10_6x6.v:34$277.
  creating $alu model for $macc $flatten\cnn_inst.\proc_u0.\cnn_ctrl_u0.\cnn_inst.\frag_mux.$add$/home/designer/projects/CNN4IC/unic_cass_wrapper_user_project/CLASSIFIER_plus_cross_TOP/src/fragment_mux_10x10_6x6.v:34$270.
  creating $alu model for $macc $flatten\cnn_inst.\proc_u0.\cnn_ctrl_u0.\cnn_inst.\frag_mux.$add$/home/designer/projects/CNN4IC/unic_cass_wrapper_user_project/CLASSIFIER_plus_cross_TOP/src/fragment_mux_10x10_6x6.v:34$263.
  creating $alu model for $macc $flatten\cnn_inst.\proc_u0.\cnn_ctrl_u0.\cnn_inst.\frag_mux.$add$/home/designer/projects/CNN4IC/unic_cass_wrapper_user_project/CLASSIFIER_plus_cross_TOP/src/fragment_mux_10x10_6x6.v:34$256.
  creating $alu model for $macc $flatten\cnn_inst.\proc_u0.\cnn_ctrl_u0.\cnn_inst.\frag_mux.$add$/home/designer/projects/CNN4IC/unic_cass_wrapper_user_project/CLASSIFIER_plus_cross_TOP/src/fragment_mux_10x10_6x6.v:34$249.
  creating $alu model for $macc $flatten\cnn_inst.\proc_u0.\cnn_ctrl_u0.\cnn_inst.\frag_mux.$add$/home/designer/projects/CNN4IC/unic_cass_wrapper_user_project/CLASSIFIER_plus_cross_TOP/src/fragment_mux_10x10_6x6.v:34$242.
  creating $alu model for $macc $flatten\cnn_inst.\proc_u0.\cnn_ctrl_u0.\cnn_inst.\frag_mux.$add$/home/designer/projects/CNN4IC/unic_cass_wrapper_user_project/CLASSIFIER_plus_cross_TOP/src/fragment_mux_10x10_6x6.v:34$239.
  creating $alu model for $macc $flatten\cnn_inst.\proc_u0.\cnn_ctrl_u0.\cnn_inst.\frag_mux.$add$/home/designer/projects/CNN4IC/unic_cass_wrapper_user_project/CLASSIFIER_plus_cross_TOP/src/fragment_mux_10x10_6x6.v:34$235.
  creating $alu model for $macc $flatten\cnn_inst.\proc_u0.\cnn_ctrl_u0.\cnn_inst.\frag_mux.$add$/home/designer/projects/CNN4IC/unic_cass_wrapper_user_project/CLASSIFIER_plus_cross_TOP/src/fragment_mux_10x10_6x6.v:34$228.
  creating $alu model for $macc $flatten\cnn_inst.\proc_u0.\cnn_ctrl_u0.\cnn_inst.\frag_mux.$add$/home/designer/projects/CNN4IC/unic_cass_wrapper_user_project/CLASSIFIER_plus_cross_TOP/src/fragment_mux_10x10_6x6.v:34$221.
  creating $alu model for $macc $flatten\cnn_inst.\proc_u0.\cnn_ctrl_u0.\cnn_inst.\frag_mux.$add$/home/designer/projects/CNN4IC/unic_cass_wrapper_user_project/CLASSIFIER_plus_cross_TOP/src/fragment_mux_10x10_6x6.v:34$214.
  creating $alu model for $macc $flatten\cnn_inst.\proc_u0.\cnn_ctrl_u0.\cnn_inst.\frag_mux.$add$/home/designer/projects/CNN4IC/unic_cass_wrapper_user_project/CLASSIFIER_plus_cross_TOP/src/fragment_mux_10x10_6x6.v:34$207.
  creating $alu model for $macc $flatten\cnn_inst.\proc_u0.\cnn_ctrl_u0.\cnn_inst.\frag_mux.$add$/home/designer/projects/CNN4IC/unic_cass_wrapper_user_project/CLASSIFIER_plus_cross_TOP/src/fragment_mux_10x10_6x6.v:34$200.
  creating $alu model for $macc $flatten\cnn_inst.\proc_u0.\cnn_ctrl_u0.\cnn_inst.\frag_mux.$add$/home/designer/projects/CNN4IC/unic_cass_wrapper_user_project/CLASSIFIER_plus_cross_TOP/src/fragment_mux_10x10_6x6.v:34$197.
  creating $alu model for $macc $flatten\cnn_inst.\proc_u0.\cnn_ctrl_u0.\cnn_inst.\frag_mux.$add$/home/designer/projects/CNN4IC/unic_cass_wrapper_user_project/CLASSIFIER_plus_cross_TOP/src/fragment_mux_10x10_6x6.v:34$193.
  creating $alu model for $macc $flatten\cnn_inst.\proc_u0.\cnn_ctrl_u0.\cnn_inst.\frag_mux.$add$/home/designer/projects/CNN4IC/unic_cass_wrapper_user_project/CLASSIFIER_plus_cross_TOP/src/fragment_mux_10x10_6x6.v:34$186.
  creating $alu model for $macc $flatten\cnn_inst.\proc_u0.\cnn_ctrl_u0.\cnn_inst.\frag_mux.$add$/home/designer/projects/CNN4IC/unic_cass_wrapper_user_project/CLASSIFIER_plus_cross_TOP/src/fragment_mux_10x10_6x6.v:34$179.
  creating $alu model for $macc $flatten\cnn_inst.\proc_u0.\cnn_ctrl_u0.\cnn_inst.\frag_mux.$add$/home/designer/projects/CNN4IC/unic_cass_wrapper_user_project/CLASSIFIER_plus_cross_TOP/src/fragment_mux_10x10_6x6.v:34$172.
  creating $alu model for $macc $flatten\cnn_inst.\proc_u0.\cnn_ctrl_u0.\cnn_inst.\frag_mux.$add$/home/designer/projects/CNN4IC/unic_cass_wrapper_user_project/CLASSIFIER_plus_cross_TOP/src/fragment_mux_10x10_6x6.v:34$165.
  creating $alu model for $macc $flatten\cnn_inst.\proc_u0.\cnn_ctrl_u0.\cnn_inst.\frag_mux.$add$/home/designer/projects/CNN4IC/unic_cass_wrapper_user_project/CLASSIFIER_plus_cross_TOP/src/fragment_mux_10x10_6x6.v:34$158.
  creating $alu model for $macc $flatten\cnn_inst.\proc_u0.\cnn_ctrl_u0.\cnn_inst.\frag_mux.$add$/home/designer/projects/CNN4IC/unic_cass_wrapper_user_project/CLASSIFIER_plus_cross_TOP/src/fragment_mux_10x10_6x6.v:34$155.
  creating $alu model for $macc $flatten\cnn_inst.\proc_u0.\cnn_ctrl_u0.\cnn_inst.\frag_mux.$add$/home/designer/projects/CNN4IC/unic_cass_wrapper_user_project/CLASSIFIER_plus_cross_TOP/src/fragment_mux_10x10_6x6.v:34$151.
  creating $alu model for $macc $flatten\cnn_inst.\proc_u0.\cnn_ctrl_u0.\cnn_inst.\frag_mux.$add$/home/designer/projects/CNN4IC/unic_cass_wrapper_user_project/CLASSIFIER_plus_cross_TOP/src/fragment_mux_10x10_6x6.v:34$150.
  creating $alu model for $macc $flatten\cnn_inst.\proc_u0.\cnn_ctrl_u0.\cnn_inst.\frag_mux.$add$/home/designer/projects/CNN4IC/unic_cass_wrapper_user_project/CLASSIFIER_plus_cross_TOP/src/fragment_mux_10x10_6x6.v:34$144.
  creating $alu model for $macc $flatten\cnn_inst.\proc_u0.\cnn_ctrl_u0.\cnn_inst.\frag_mux.$add$/home/designer/projects/CNN4IC/unic_cass_wrapper_user_project/CLASSIFIER_plus_cross_TOP/src/fragment_mux_10x10_6x6.v:34$143.
  creating $alu model for $macc $flatten\cnn_inst.\proc_u0.\cnn_ctrl_u0.\cnn_inst.\frag_mux.$add$/home/designer/projects/CNN4IC/unic_cass_wrapper_user_project/CLASSIFIER_plus_cross_TOP/src/fragment_mux_10x10_6x6.v:34$137.
  creating $alu model for $macc $flatten\cnn_inst.\proc_u0.\cnn_ctrl_u0.\cnn_inst.\frag_mux.$add$/home/designer/projects/CNN4IC/unic_cass_wrapper_user_project/CLASSIFIER_plus_cross_TOP/src/fragment_mux_10x10_6x6.v:34$136.
  creating $alu model for $macc $flatten\cnn_inst.\proc_u0.\cnn_ctrl_u0.\cnn_inst.\frag_mux.$add$/home/designer/projects/CNN4IC/unic_cass_wrapper_user_project/CLASSIFIER_plus_cross_TOP/src/fragment_mux_10x10_6x6.v:34$130.
  creating $alu model for $macc $flatten\cnn_inst.\proc_u0.\cnn_ctrl_u0.\cnn_inst.\frag_mux.$add$/home/designer/projects/CNN4IC/unic_cass_wrapper_user_project/CLASSIFIER_plus_cross_TOP/src/fragment_mux_10x10_6x6.v:34$129.
  creating $alu model for $macc $flatten\cnn_inst.\proc_u0.\cnn_ctrl_u0.\cnn_inst.\frag_mux.$add$/home/designer/projects/CNN4IC/unic_cass_wrapper_user_project/CLASSIFIER_plus_cross_TOP/src/fragment_mux_10x10_6x6.v:34$123.
  creating $alu model for $macc $flatten\cnn_inst.\proc_u0.\cnn_ctrl_u0.\cnn_inst.\frag_mux.$add$/home/designer/projects/CNN4IC/unic_cass_wrapper_user_project/CLASSIFIER_plus_cross_TOP/src/fragment_mux_10x10_6x6.v:34$122.
  creating $alu model for $macc $flatten\cnn_inst.\proc_u0.\cnn_ctrl_u0.\cnn_inst.\frag_mux.$add$/home/designer/projects/CNN4IC/unic_cass_wrapper_user_project/CLASSIFIER_plus_cross_TOP/src/fragment_mux_10x10_6x6.v:34$116.
  creating $alu model for $macc $flatten\cnn_inst.\proc_u0.\cnn_ctrl_u0.\cnn_inst.\cnn_inst.\win_mux.$add$/home/designer/projects/CNN4IC/unic_cass_wrapper_user_project/CLASSIFIER_plus_cross_TOP/src/window_mux_6x6_5x5.v:28$538.
  creating $alu model for $macc $flatten\cnn_inst.\proc_u0.\cnn_ctrl_u0.\cnn_inst.\cnn_inst.\win_mux.$add$/home/designer/projects/CNN4IC/unic_cass_wrapper_user_project/CLASSIFIER_plus_cross_TOP/src/window_mux_6x6_5x5.v:28$533.
  creating $alu model for $macc $flatten\cnn_inst.\proc_u0.\cnn_ctrl_u0.\cnn_inst.\cnn_inst.\win_mux.$add$/home/designer/projects/CNN4IC/unic_cass_wrapper_user_project/CLASSIFIER_plus_cross_TOP/src/window_mux_6x6_5x5.v:28$528.
  creating $alu model for $macc $flatten\cnn_inst.\proc_u0.\cnn_ctrl_u0.\cnn_inst.\cnn_inst.\win_mux.$add$/home/designer/projects/CNN4IC/unic_cass_wrapper_user_project/CLASSIFIER_plus_cross_TOP/src/window_mux_6x6_5x5.v:28$523.
  creating $alu model for $macc $flatten\cnn_inst.\proc_u0.\cnn_ctrl_u0.\cnn_inst.\cnn_inst.\win_mux.$add$/home/designer/projects/CNN4IC/unic_cass_wrapper_user_project/CLASSIFIER_plus_cross_TOP/src/window_mux_6x6_5x5.v:28$517.
  creating $alu model for $macc $flatten\cnn_inst.\proc_u0.\cnn_ctrl_u0.\cnn_inst.\cnn_inst.\win_mux.$add$/home/designer/projects/CNN4IC/unic_cass_wrapper_user_project/CLASSIFIER_plus_cross_TOP/src/window_mux_6x6_5x5.v:28$513.
  creating $alu model for $macc $flatten\cnn_inst.\proc_u0.\cnn_ctrl_u0.\cnn_inst.\cnn_inst.\win_mux.$add$/home/designer/projects/CNN4IC/unic_cass_wrapper_user_project/CLASSIFIER_plus_cross_TOP/src/window_mux_6x6_5x5.v:28$508.
  creating $alu model for $macc $flatten\cnn_inst.\proc_u0.\cnn_ctrl_u0.\cnn_inst.\cnn_inst.\win_mux.$add$/home/designer/projects/CNN4IC/unic_cass_wrapper_user_project/CLASSIFIER_plus_cross_TOP/src/window_mux_6x6_5x5.v:28$503.
  creating $alu model for $macc $flatten\cnn_inst.\proc_u0.\cnn_ctrl_u0.\cnn_inst.\cnn_inst.\win_mux.$add$/home/designer/projects/CNN4IC/unic_cass_wrapper_user_project/CLASSIFIER_plus_cross_TOP/src/window_mux_6x6_5x5.v:28$498.
  creating $alu model for $macc $flatten\cnn_inst.\proc_u0.\cnn_ctrl_u0.\cnn_inst.\cnn_inst.\win_mux.$add$/home/designer/projects/CNN4IC/unic_cass_wrapper_user_project/CLASSIFIER_plus_cross_TOP/src/window_mux_6x6_5x5.v:28$492.
  creating $alu model for $macc $flatten\cnn_inst.\proc_u0.\cnn_ctrl_u0.\cnn_inst.\cnn_inst.\win_mux.$add$/home/designer/projects/CNN4IC/unic_cass_wrapper_user_project/CLASSIFIER_plus_cross_TOP/src/window_mux_6x6_5x5.v:28$488.
  creating $alu model for $macc $flatten\cnn_inst.\proc_u0.\cnn_ctrl_u0.\cnn_inst.\cnn_inst.\win_mux.$add$/home/designer/projects/CNN4IC/unic_cass_wrapper_user_project/CLASSIFIER_plus_cross_TOP/src/window_mux_6x6_5x5.v:28$483.
  creating $alu model for $macc $flatten\cnn_inst.\proc_u0.\cnn_ctrl_u0.\cnn_inst.\cnn_inst.\win_mux.$add$/home/designer/projects/CNN4IC/unic_cass_wrapper_user_project/CLASSIFIER_plus_cross_TOP/src/window_mux_6x6_5x5.v:28$478.
  creating $alu model for $macc $flatten\cnn_inst.\proc_u0.\cnn_ctrl_u0.\cnn_inst.\cnn_inst.\win_mux.$add$/home/designer/projects/CNN4IC/unic_cass_wrapper_user_project/CLASSIFIER_plus_cross_TOP/src/window_mux_6x6_5x5.v:28$473.
  creating $alu model for $macc $flatten\cnn_inst.\proc_u0.\cnn_ctrl_u0.\cnn_inst.\cnn_inst.\win_mux.$add$/home/designer/projects/CNN4IC/unic_cass_wrapper_user_project/CLASSIFIER_plus_cross_TOP/src/window_mux_6x6_5x5.v:28$467.
  creating $alu model for $macc $flatten\cnn_inst.\proc_u0.\cnn_ctrl_u0.\cnn_inst.\cnn_inst.\win_mux.$add$/home/designer/projects/CNN4IC/unic_cass_wrapper_user_project/CLASSIFIER_plus_cross_TOP/src/window_mux_6x6_5x5.v:28$463.
  creating $alu model for $macc $flatten\cnn_inst.\proc_u0.\cnn_ctrl_u0.\cnn_inst.\cnn_inst.\win_mux.$add$/home/designer/projects/CNN4IC/unic_cass_wrapper_user_project/CLASSIFIER_plus_cross_TOP/src/window_mux_6x6_5x5.v:28$458.
  creating $alu model for $macc $flatten\cnn_inst.\proc_u0.\cnn_ctrl_u0.\cnn_inst.\cnn_inst.\win_mux.$add$/home/designer/projects/CNN4IC/unic_cass_wrapper_user_project/CLASSIFIER_plus_cross_TOP/src/window_mux_6x6_5x5.v:28$453.
  creating $alu model for $macc $flatten\cnn_inst.\proc_u0.\cnn_ctrl_u0.\cnn_inst.\cnn_inst.\win_mux.$add$/home/designer/projects/CNN4IC/unic_cass_wrapper_user_project/CLASSIFIER_plus_cross_TOP/src/window_mux_6x6_5x5.v:28$448.
  creating $alu model for $macc $flatten\cnn_inst.\proc_u0.\cnn_ctrl_u0.\cnn_inst.\cnn_inst.\win_mux.$add$/home/designer/projects/CNN4IC/unic_cass_wrapper_user_project/CLASSIFIER_plus_cross_TOP/src/window_mux_6x6_5x5.v:28$442.
  creating $alu model for $macc $flatten\cnn_inst.\proc_u0.\cnn_ctrl_u0.\cnn_inst.\cnn_inst.\win_mux.$add$/home/designer/projects/CNN4IC/unic_cass_wrapper_user_project/CLASSIFIER_plus_cross_TOP/src/window_mux_6x6_5x5.v:28$438.
  creating $alu model for $macc $flatten\cnn_inst.\proc_u0.\cnn_ctrl_u0.\cnn_inst.\cnn_inst.\win_mux.$add$/home/designer/projects/CNN4IC/unic_cass_wrapper_user_project/CLASSIFIER_plus_cross_TOP/src/window_mux_6x6_5x5.v:28$433.
  creating $alu model for $macc $flatten\cnn_inst.\proc_u0.\cnn_ctrl_u0.\cnn_inst.\cnn_inst.\win_mux.$add$/home/designer/projects/CNN4IC/unic_cass_wrapper_user_project/CLASSIFIER_plus_cross_TOP/src/window_mux_6x6_5x5.v:28$428.
  creating $alu model for $macc $flatten\cnn_inst.\proc_u0.\cnn_ctrl_u0.\cnn_inst.\cnn_inst.\win_mux.$add$/home/designer/projects/CNN4IC/unic_cass_wrapper_user_project/CLASSIFIER_plus_cross_TOP/src/window_mux_6x6_5x5.v:28$423.
  creating $alu model for $macc $flatten\cnn_inst.\proc_u0.\cnn_ctrl_u0.\cnn_inst.\frag_mux.$add$/home/designer/projects/CNN4IC/unic_cass_wrapper_user_project/CLASSIFIER_plus_cross_TOP/src/fragment_mux_10x10_6x6.v:34$326.
  creating $alu model for $macc $flatten\cnn_inst.\proc_u0.\cnn_ctrl_u0.\cnn_inst.\frag_mux.$add$/home/designer/projects/CNN4IC/unic_cass_wrapper_user_project/CLASSIFIER_plus_cross_TOP/src/fragment_mux_10x10_6x6.v:34$333.
  creating $alu model for $macc $flatten\cnn_inst.\proc_u0.\cnn_ctrl_u0.\cnn_inst.\frag_mux.$add$/home/designer/projects/CNN4IC/unic_cass_wrapper_user_project/CLASSIFIER_plus_cross_TOP/src/fragment_mux_10x10_6x6.v:34$340.
  creating $alu model for $macc $flatten\cnn_inst.\proc_u0.\cnn_ctrl_u0.\cnn_inst.\frag_mux.$add$/home/designer/projects/CNN4IC/unic_cass_wrapper_user_project/CLASSIFIER_plus_cross_TOP/src/fragment_mux_10x10_6x6.v:34$347.
  creating $alu model for $macc $flatten\cnn_inst.\proc_u0.\cnn_ctrl_u0.\cnn_inst.\frag_mux.$add$/home/designer/projects/CNN4IC/unic_cass_wrapper_user_project/CLASSIFIER_plus_cross_TOP/src/fragment_mux_10x10_6x6.v:34$354.
  creating $alu model for $macc $flatten\cnn_inst.\proc_u0.\cnn_ctrl_u0.\cnn_inst.\frag_mux.$add$/home/designer/projects/CNN4IC/unic_cass_wrapper_user_project/CLASSIFIER_plus_cross_TOP/src/fragment_mux_10x10_6x6.v:34$361.
  creating $alu model for $macc $flatten\cnn_inst.\proc_u0.\cnn_ctrl_u0.\cnn_inst.$add$/home/designer/projects/CNN4IC/unic_cass_wrapper_user_project/CLASSIFIER_plus_cross_TOP/src/cnn_top.v:119$88.
  creating $alu model for $macc $flatten\cnn_inst.\proc_u0.\cnn_ctrl_u0.\cnn_inst.$add$/home/designer/projects/CNN4IC/unic_cass_wrapper_user_project/CLASSIFIER_plus_cross_TOP/src/cnn_top.v:115$86.
  creating $alu model for $macc $flatten\cnn_inst.\comm_mem_u0.\spi_u0.$sub$/home/designer/projects/CNN4IC/unic_cass_wrapper_user_project/CLASSIFIER_plus_cross_TOP/src/spi_cnn_slave_8.v:195$57.
  creating $alu model for $macc $flatten\cnn_inst.\comm_mem_u0.\spi_u0.$sub$/home/designer/projects/CNN4IC/unic_cass_wrapper_user_project/CLASSIFIER_plus_cross_TOP/src/spi_cnn_slave_8.v:136$23.
  creating $alu model for $macc $flatten\cnn_inst.\comm_mem_u0.\spi_u0.$neg$/home/designer/projects/CNN4IC/unic_cass_wrapper_user_project/CLASSIFIER_plus_cross_TOP/src/spi_cnn_slave_8.v:195$58.
  creating $alu model for $macc $flatten\cnn_inst.\comm_mem_u0.\spi_u0.$add$/home/designer/projects/CNN4IC/unic_cass_wrapper_user_project/CLASSIFIER_plus_cross_TOP/src/spi_cnn_slave_8.v:252$80.
  creating $alu model for $macc $flatten\cnn_inst.\comm_mem_u0.\spi_u0.$add$/home/designer/projects/CNN4IC/unic_cass_wrapper_user_project/CLASSIFIER_plus_cross_TOP/src/spi_cnn_slave_8.v:232$78.
  creating $alu model for $macc $flatten\cnn_inst.\comm_mem_u0.\spi_u0.$add$/home/designer/projects/CNN4IC/unic_cass_wrapper_user_project/CLASSIFIER_plus_cross_TOP/src/spi_cnn_slave_8.v:222$74.
  creating $alu model for $macc $flatten\cnn_inst.\comm_mem_u0.\spi_u0.$add$/home/designer/projects/CNN4IC/unic_cass_wrapper_user_project/CLASSIFIER_plus_cross_TOP/src/spi_cnn_slave_8.v:210$66.
  creating $alu model for $macc $flatten\cnn_inst.\comm_mem_u0.\spi_u0.$add$/home/designer/projects/CNN4IC/unic_cass_wrapper_user_project/CLASSIFIER_plus_cross_TOP/src/spi_cnn_slave_8.v:191$49.
  creating $macc cell for $flatten\cnn_inst.\proc_u0.\cnn_ctrl_u0.\cnn_inst.\cnn_inst.\win_mux.$mul$/home/designer/projects/CNN4IC/unic_cass_wrapper_user_project/CLASSIFIER_plus_cross_TOP/src/window_mux_6x6_5x5.v:28$464: $auto$alumacc.cc:382:replace_macc$1953
  creating $macc cell for $flatten\cnn_inst.\proc_u0.\cnn_ctrl_u0.\cnn_inst.\cnn_inst.\win_mux.$mul$/home/designer/projects/CNN4IC/unic_cass_wrapper_user_project/CLASSIFIER_plus_cross_TOP/src/window_mux_6x6_5x5.v:28$459: $auto$alumacc.cc:382:replace_macc$1954
  creating $macc cell for $flatten\cnn_inst.\proc_u0.\cnn_ctrl_u0.\cnn_inst.\cnn_inst.\win_mux.$mul$/home/designer/projects/CNN4IC/unic_cass_wrapper_user_project/CLASSIFIER_plus_cross_TOP/src/window_mux_6x6_5x5.v:28$454: $auto$alumacc.cc:382:replace_macc$1955
  creating $macc cell for $flatten\cnn_inst.\proc_u0.\cnn_ctrl_u0.\cnn_inst.\cnn_inst.\win_mux.$mul$/home/designer/projects/CNN4IC/unic_cass_wrapper_user_project/CLASSIFIER_plus_cross_TOP/src/window_mux_6x6_5x5.v:28$449: $auto$alumacc.cc:382:replace_macc$1956
  creating $macc cell for $flatten\cnn_inst.\proc_u0.\cnn_ctrl_u0.\cnn_inst.\cnn_inst.\win_mux.$mul$/home/designer/projects/CNN4IC/unic_cass_wrapper_user_project/CLASSIFIER_plus_cross_TOP/src/window_mux_6x6_5x5.v:28$444: $auto$alumacc.cc:382:replace_macc$1957
  creating $macc cell for $flatten\cnn_inst.\proc_u0.\cnn_ctrl_u0.\cnn_inst.\cnn_inst.\win_mux.$mul$/home/designer/projects/CNN4IC/unic_cass_wrapper_user_project/CLASSIFIER_plus_cross_TOP/src/window_mux_6x6_5x5.v:28$439: $auto$alumacc.cc:382:replace_macc$1958
  creating $macc cell for $flatten\cnn_inst.\proc_u0.\cnn_ctrl_u0.\cnn_inst.\cnn_inst.\win_mux.$mul$/home/designer/projects/CNN4IC/unic_cass_wrapper_user_project/CLASSIFIER_plus_cross_TOP/src/window_mux_6x6_5x5.v:28$434: $auto$alumacc.cc:382:replace_macc$1959
  creating $macc cell for $flatten\cnn_inst.\proc_u0.\cnn_ctrl_u0.\cnn_inst.\cnn_inst.\win_mux.$mul$/home/designer/projects/CNN4IC/unic_cass_wrapper_user_project/CLASSIFIER_plus_cross_TOP/src/window_mux_6x6_5x5.v:28$429: $auto$alumacc.cc:382:replace_macc$1960
  creating $macc cell for $flatten\cnn_inst.\proc_u0.\cnn_ctrl_u0.\cnn_inst.\cnn_inst.\win_mux.$mul$/home/designer/projects/CNN4IC/unic_cass_wrapper_user_project/CLASSIFIER_plus_cross_TOP/src/window_mux_6x6_5x5.v:28$424: $auto$alumacc.cc:382:replace_macc$1961
  creating $macc cell for $flatten\cnn_inst.\proc_u0.\cnn_ctrl_u0.\cnn_inst.\frag_mux.$mul$/home/designer/projects/CNN4IC/unic_cass_wrapper_user_project/CLASSIFIER_plus_cross_TOP/src/fragment_mux_10x10_6x6.v:34$355: $auto$alumacc.cc:382:replace_macc$1962
  creating $macc cell for $flatten\cnn_inst.\proc_u0.\cnn_ctrl_u0.\cnn_inst.\frag_mux.$mul$/home/designer/projects/CNN4IC/unic_cass_wrapper_user_project/CLASSIFIER_plus_cross_TOP/src/fragment_mux_10x10_6x6.v:34$362: $auto$alumacc.cc:382:replace_macc$1963
  creating $macc cell for $flatten\cnn_inst.\proc_u0.\cnn_ctrl_u0.\cnn_inst.\frag_mux.$mul$/home/designer/projects/CNN4IC/unic_cass_wrapper_user_project/CLASSIFIER_plus_cross_TOP/src/fragment_mux_10x10_6x6.v:34$215: $auto$alumacc.cc:382:replace_macc$1964
  creating $macc cell for $flatten\cnn_inst.\proc_u0.\cnn_ctrl_u0.\cnn_inst.\frag_mux.$mul$/home/designer/projects/CNN4IC/unic_cass_wrapper_user_project/CLASSIFIER_plus_cross_TOP/src/fragment_mux_10x10_6x6.v:34$222: $auto$alumacc.cc:382:replace_macc$1965
  creating $macc cell for $flatten\cnn_inst.\proc_u0.\cnn_ctrl_u0.\cnn_inst.\frag_mux.$mul$/home/designer/projects/CNN4IC/unic_cass_wrapper_user_project/CLASSIFIER_plus_cross_TOP/src/fragment_mux_10x10_6x6.v:34$229: $auto$alumacc.cc:382:replace_macc$1966
  creating $macc cell for $flatten\cnn_inst.\proc_u0.\cnn_ctrl_u0.\cnn_inst.\frag_mux.$mul$/home/designer/projects/CNN4IC/unic_cass_wrapper_user_project/CLASSIFIER_plus_cross_TOP/src/fragment_mux_10x10_6x6.v:34$236: $auto$alumacc.cc:382:replace_macc$1967
  creating $macc cell for $flatten\cnn_inst.\proc_u0.\cnn_ctrl_u0.\cnn_inst.\frag_mux.$mul$/home/designer/projects/CNN4IC/unic_cass_wrapper_user_project/CLASSIFIER_plus_cross_TOP/src/fragment_mux_10x10_6x6.v:34$240: $auto$alumacc.cc:382:replace_macc$1968
  creating $macc cell for $flatten\cnn_inst.\proc_u0.\cnn_ctrl_u0.\cnn_inst.\frag_mux.$mul$/home/designer/projects/CNN4IC/unic_cass_wrapper_user_project/CLASSIFIER_plus_cross_TOP/src/fragment_mux_10x10_6x6.v:34$243: $auto$alumacc.cc:382:replace_macc$1969
  creating $macc cell for $flatten\cnn_inst.\proc_u0.\cnn_ctrl_u0.\cnn_inst.\frag_mux.$mul$/home/designer/projects/CNN4IC/unic_cass_wrapper_user_project/CLASSIFIER_plus_cross_TOP/src/fragment_mux_10x10_6x6.v:34$250: $auto$alumacc.cc:382:replace_macc$1970
  creating $macc cell for $flatten\cnn_inst.\proc_u0.\cnn_ctrl_u0.\cnn_inst.\frag_mux.$mul$/home/designer/projects/CNN4IC/unic_cass_wrapper_user_project/CLASSIFIER_plus_cross_TOP/src/fragment_mux_10x10_6x6.v:34$257: $auto$alumacc.cc:382:replace_macc$1971
  creating $macc cell for $flatten\cnn_inst.\proc_u0.\cnn_ctrl_u0.\cnn_inst.\frag_mux.$mul$/home/designer/projects/CNN4IC/unic_cass_wrapper_user_project/CLASSIFIER_plus_cross_TOP/src/fragment_mux_10x10_6x6.v:34$264: $auto$alumacc.cc:382:replace_macc$1972
  creating $macc cell for $flatten\cnn_inst.\proc_u0.\cnn_ctrl_u0.\cnn_inst.\frag_mux.$mul$/home/designer/projects/CNN4IC/unic_cass_wrapper_user_project/CLASSIFIER_plus_cross_TOP/src/fragment_mux_10x10_6x6.v:34$271: $auto$alumacc.cc:382:replace_macc$1973
  creating $macc cell for $flatten\cnn_inst.\proc_u0.\cnn_ctrl_u0.\cnn_inst.\frag_mux.$mul$/home/designer/projects/CNN4IC/unic_cass_wrapper_user_project/CLASSIFIER_plus_cross_TOP/src/fragment_mux_10x10_6x6.v:34$278: $auto$alumacc.cc:382:replace_macc$1974
  creating $macc cell for $flatten\cnn_inst.\proc_u0.\cnn_ctrl_u0.\cnn_inst.\frag_mux.$mul$/home/designer/projects/CNN4IC/unic_cass_wrapper_user_project/CLASSIFIER_plus_cross_TOP/src/fragment_mux_10x10_6x6.v:34$282: $auto$alumacc.cc:382:replace_macc$1975
  creating $macc cell for $flatten\cnn_inst.\proc_u0.\cnn_ctrl_u0.\cnn_inst.\frag_mux.$mul$/home/designer/projects/CNN4IC/unic_cass_wrapper_user_project/CLASSIFIER_plus_cross_TOP/src/fragment_mux_10x10_6x6.v:34$285: $auto$alumacc.cc:382:replace_macc$1976
  creating $macc cell for $flatten\cnn_inst.\proc_u0.\cnn_ctrl_u0.\cnn_inst.\frag_mux.$mul$/home/designer/projects/CNN4IC/unic_cass_wrapper_user_project/CLASSIFIER_plus_cross_TOP/src/fragment_mux_10x10_6x6.v:34$292: $auto$alumacc.cc:382:replace_macc$1977
  creating $macc cell for $flatten\cnn_inst.\proc_u0.\cnn_ctrl_u0.\cnn_inst.\frag_mux.$mul$/home/designer/projects/CNN4IC/unic_cass_wrapper_user_project/CLASSIFIER_plus_cross_TOP/src/fragment_mux_10x10_6x6.v:34$299: $auto$alumacc.cc:382:replace_macc$1978
  creating $macc cell for $flatten\cnn_inst.\proc_u0.\cnn_ctrl_u0.\cnn_inst.\frag_mux.$mul$/home/designer/projects/CNN4IC/unic_cass_wrapper_user_project/CLASSIFIER_plus_cross_TOP/src/fragment_mux_10x10_6x6.v:34$306: $auto$alumacc.cc:382:replace_macc$1979
  creating $macc cell for $flatten\cnn_inst.\proc_u0.\cnn_ctrl_u0.\cnn_inst.\frag_mux.$mul$/home/designer/projects/CNN4IC/unic_cass_wrapper_user_project/CLASSIFIER_plus_cross_TOP/src/fragment_mux_10x10_6x6.v:34$313: $auto$alumacc.cc:382:replace_macc$1980
  creating $macc cell for $flatten\cnn_inst.\proc_u0.\cnn_ctrl_u0.\cnn_inst.\frag_mux.$mul$/home/designer/projects/CNN4IC/unic_cass_wrapper_user_project/CLASSIFIER_plus_cross_TOP/src/fragment_mux_10x10_6x6.v:34$320: $auto$alumacc.cc:382:replace_macc$1981
  creating $macc cell for $flatten\cnn_inst.\proc_u0.\cnn_ctrl_u0.\cnn_inst.\frag_mux.$mul$/home/designer/projects/CNN4IC/unic_cass_wrapper_user_project/CLASSIFIER_plus_cross_TOP/src/fragment_mux_10x10_6x6.v:34$324: $auto$alumacc.cc:382:replace_macc$1982
  creating $macc cell for $flatten\cnn_inst.\proc_u0.\cnn_ctrl_u0.\cnn_inst.\frag_mux.$mul$/home/designer/projects/CNN4IC/unic_cass_wrapper_user_project/CLASSIFIER_plus_cross_TOP/src/fragment_mux_10x10_6x6.v:34$327: $auto$alumacc.cc:382:replace_macc$1983
  creating $macc cell for $flatten\cnn_inst.\proc_u0.\cnn_ctrl_u0.\cnn_inst.\frag_mux.$mul$/home/designer/projects/CNN4IC/unic_cass_wrapper_user_project/CLASSIFIER_plus_cross_TOP/src/fragment_mux_10x10_6x6.v:34$334: $auto$alumacc.cc:382:replace_macc$1984
  creating $macc cell for $flatten\cnn_inst.\proc_u0.\cnn_ctrl_u0.\cnn_inst.\frag_mux.$mul$/home/designer/projects/CNN4IC/unic_cass_wrapper_user_project/CLASSIFIER_plus_cross_TOP/src/fragment_mux_10x10_6x6.v:34$341: $auto$alumacc.cc:382:replace_macc$1985
  creating $macc cell for $flatten\cnn_inst.\proc_u0.\cnn_ctrl_u0.\cnn_inst.\frag_mux.$mul$/home/designer/projects/CNN4IC/unic_cass_wrapper_user_project/CLASSIFIER_plus_cross_TOP/src/fragment_mux_10x10_6x6.v:34$348: $auto$alumacc.cc:382:replace_macc$1986
  creating $macc cell for $flatten\cnn_inst.\proc_u0.\cnn_ctrl_u0.\cnn_inst.\cnn_inst.\mac_inst.$add$/home/designer/projects/CNN4IC/unic_cass_wrapper_user_project/CLASSIFIER_plus_cross_TOP/src/mac_parallel.v:7$415: $auto$alumacc.cc:382:replace_macc$1987
  creating $macc cell for $flatten\cnn_inst.\proc_u0.\cnn_ctrl_u0.\cnn_inst.\cnn_inst.\win_mux.$mul$/home/designer/projects/CNN4IC/unic_cass_wrapper_user_project/CLASSIFIER_plus_cross_TOP/src/window_mux_6x6_5x5.v:28$419: $auto$alumacc.cc:382:replace_macc$1988
  creating $macc cell for $flatten\cnn_inst.\proc_u0.\cnn_ctrl_u0.\cnn_inst.\cnn_inst.\win_mux.$mul$/home/designer/projects/CNN4IC/unic_cass_wrapper_user_project/CLASSIFIER_plus_cross_TOP/src/window_mux_6x6_5x5.v:28$539: $auto$alumacc.cc:382:replace_macc$1989
  creating $macc cell for $flatten\cnn_inst.\proc_u0.\cnn_ctrl_u0.\cnn_inst.\cnn_inst.\win_mux.$mul$/home/designer/projects/CNN4IC/unic_cass_wrapper_user_project/CLASSIFIER_plus_cross_TOP/src/window_mux_6x6_5x5.v:28$534: $auto$alumacc.cc:382:replace_macc$1990
  creating $macc cell for $flatten\cnn_inst.\proc_u0.\cnn_ctrl_u0.\cnn_inst.\cnn_inst.\win_mux.$mul$/home/designer/projects/CNN4IC/unic_cass_wrapper_user_project/CLASSIFIER_plus_cross_TOP/src/window_mux_6x6_5x5.v:28$529: $auto$alumacc.cc:382:replace_macc$1991
  creating $macc cell for $flatten\cnn_inst.\proc_u0.\cnn_ctrl_u0.\cnn_inst.\cnn_inst.\win_mux.$mul$/home/designer/projects/CNN4IC/unic_cass_wrapper_user_project/CLASSIFIER_plus_cross_TOP/src/window_mux_6x6_5x5.v:28$524: $auto$alumacc.cc:382:replace_macc$1992
  creating $macc cell for $flatten\cnn_inst.\proc_u0.\cnn_ctrl_u0.\cnn_inst.\cnn_inst.\win_mux.$mul$/home/designer/projects/CNN4IC/unic_cass_wrapper_user_project/CLASSIFIER_plus_cross_TOP/src/window_mux_6x6_5x5.v:28$519: $auto$alumacc.cc:382:replace_macc$1993
  creating $macc cell for $flatten\cnn_inst.\proc_u0.\cnn_ctrl_u0.\cnn_inst.\frag_mux.$mul$/home/designer/projects/CNN4IC/unic_cass_wrapper_user_project/CLASSIFIER_plus_cross_TOP/src/fragment_mux_10x10_6x6.v:34$114: $auto$alumacc.cc:382:replace_macc$1994
  creating $macc cell for $flatten\cnn_inst.\proc_u0.\cnn_ctrl_u0.\cnn_inst.\frag_mux.$mul$/home/designer/projects/CNN4IC/unic_cass_wrapper_user_project/CLASSIFIER_plus_cross_TOP/src/fragment_mux_10x10_6x6.v:34$117: $auto$alumacc.cc:382:replace_macc$1995
  creating $macc cell for $flatten\cnn_inst.\proc_u0.\cnn_ctrl_u0.\cnn_inst.\frag_mux.$mul$/home/designer/projects/CNN4IC/unic_cass_wrapper_user_project/CLASSIFIER_plus_cross_TOP/src/fragment_mux_10x10_6x6.v:34$124: $auto$alumacc.cc:382:replace_macc$1996
  creating $macc cell for $flatten\cnn_inst.\proc_u0.\cnn_ctrl_u0.\cnn_inst.\frag_mux.$mul$/home/designer/projects/CNN4IC/unic_cass_wrapper_user_project/CLASSIFIER_plus_cross_TOP/src/fragment_mux_10x10_6x6.v:34$131: $auto$alumacc.cc:382:replace_macc$1997
  creating $macc cell for $flatten\cnn_inst.\proc_u0.\cnn_ctrl_u0.\cnn_inst.\frag_mux.$mul$/home/designer/projects/CNN4IC/unic_cass_wrapper_user_project/CLASSIFIER_plus_cross_TOP/src/fragment_mux_10x10_6x6.v:34$138: $auto$alumacc.cc:382:replace_macc$1998
  creating $macc cell for $flatten\cnn_inst.\proc_u0.\cnn_ctrl_u0.\cnn_inst.\frag_mux.$mul$/home/designer/projects/CNN4IC/unic_cass_wrapper_user_project/CLASSIFIER_plus_cross_TOP/src/fragment_mux_10x10_6x6.v:34$145: $auto$alumacc.cc:382:replace_macc$1999
  creating $macc cell for $flatten\cnn_inst.\proc_u0.\cnn_ctrl_u0.\cnn_inst.\frag_mux.$mul$/home/designer/projects/CNN4IC/unic_cass_wrapper_user_project/CLASSIFIER_plus_cross_TOP/src/fragment_mux_10x10_6x6.v:34$152: $auto$alumacc.cc:382:replace_macc$2000
  creating $macc cell for $flatten\cnn_inst.\proc_u0.\cnn_ctrl_u0.\cnn_inst.\frag_mux.$mul$/home/designer/projects/CNN4IC/unic_cass_wrapper_user_project/CLASSIFIER_plus_cross_TOP/src/fragment_mux_10x10_6x6.v:34$156: $auto$alumacc.cc:382:replace_macc$2001
  creating $macc cell for $flatten\cnn_inst.\proc_u0.\cnn_ctrl_u0.\cnn_inst.\frag_mux.$mul$/home/designer/projects/CNN4IC/unic_cass_wrapper_user_project/CLASSIFIER_plus_cross_TOP/src/fragment_mux_10x10_6x6.v:34$159: $auto$alumacc.cc:382:replace_macc$2002
  creating $macc cell for $flatten\cnn_inst.\proc_u0.\cnn_ctrl_u0.\cnn_inst.\frag_mux.$mul$/home/designer/projects/CNN4IC/unic_cass_wrapper_user_project/CLASSIFIER_plus_cross_TOP/src/fragment_mux_10x10_6x6.v:34$166: $auto$alumacc.cc:382:replace_macc$2003
  creating $macc cell for $flatten\cnn_inst.\proc_u0.\cnn_ctrl_u0.\cnn_inst.\frag_mux.$mul$/home/designer/projects/CNN4IC/unic_cass_wrapper_user_project/CLASSIFIER_plus_cross_TOP/src/fragment_mux_10x10_6x6.v:34$173: $auto$alumacc.cc:382:replace_macc$2004
  creating $macc cell for $flatten\cnn_inst.\proc_u0.\cnn_ctrl_u0.\cnn_inst.\frag_mux.$mul$/home/designer/projects/CNN4IC/unic_cass_wrapper_user_project/CLASSIFIER_plus_cross_TOP/src/fragment_mux_10x10_6x6.v:34$180: $auto$alumacc.cc:382:replace_macc$2005
  creating $macc cell for $flatten\cnn_inst.\proc_u0.\cnn_ctrl_u0.\cnn_inst.\frag_mux.$mul$/home/designer/projects/CNN4IC/unic_cass_wrapper_user_project/CLASSIFIER_plus_cross_TOP/src/fragment_mux_10x10_6x6.v:34$187: $auto$alumacc.cc:382:replace_macc$2006
  creating $macc cell for $flatten\cnn_inst.\proc_u0.\cnn_ctrl_u0.\cnn_inst.\frag_mux.$mul$/home/designer/projects/CNN4IC/unic_cass_wrapper_user_project/CLASSIFIER_plus_cross_TOP/src/fragment_mux_10x10_6x6.v:34$194: $auto$alumacc.cc:382:replace_macc$2007
  creating $macc cell for $flatten\cnn_inst.\proc_u0.\cnn_ctrl_u0.\cnn_inst.\frag_mux.$mul$/home/designer/projects/CNN4IC/unic_cass_wrapper_user_project/CLASSIFIER_plus_cross_TOP/src/fragment_mux_10x10_6x6.v:34$198: $auto$alumacc.cc:382:replace_macc$2008
  creating $macc cell for $flatten\cnn_inst.\proc_u0.\cnn_ctrl_u0.\cnn_inst.\frag_mux.$mul$/home/designer/projects/CNN4IC/unic_cass_wrapper_user_project/CLASSIFIER_plus_cross_TOP/src/fragment_mux_10x10_6x6.v:34$201: $auto$alumacc.cc:382:replace_macc$2009
  creating $macc cell for $flatten\cnn_inst.\proc_u0.\cnn_ctrl_u0.\cnn_inst.\frag_mux.$mul$/home/designer/projects/CNN4IC/unic_cass_wrapper_user_project/CLASSIFIER_plus_cross_TOP/src/fragment_mux_10x10_6x6.v:34$208: $auto$alumacc.cc:382:replace_macc$2010
  creating $macc cell for $flatten\cnn_inst.\proc_u0.\cnn_ctrl_u0.\cnn_inst.\cnn_inst.\win_mux.$mul$/home/designer/projects/CNN4IC/unic_cass_wrapper_user_project/CLASSIFIER_plus_cross_TOP/src/window_mux_6x6_5x5.v:28$514: $auto$alumacc.cc:382:replace_macc$2011
  creating $macc cell for $flatten\cnn_inst.\proc_u0.\cnn_ctrl_u0.\cnn_inst.\cnn_inst.\win_mux.$mul$/home/designer/projects/CNN4IC/unic_cass_wrapper_user_project/CLASSIFIER_plus_cross_TOP/src/window_mux_6x6_5x5.v:28$509: $auto$alumacc.cc:382:replace_macc$2012
  creating $macc cell for $flatten\cnn_inst.\proc_u0.\cnn_ctrl_u0.\cnn_inst.\cnn_inst.\win_mux.$mul$/home/designer/projects/CNN4IC/unic_cass_wrapper_user_project/CLASSIFIER_plus_cross_TOP/src/window_mux_6x6_5x5.v:28$504: $auto$alumacc.cc:382:replace_macc$2013
  creating $macc cell for $flatten\cnn_inst.\proc_u0.\cnn_ctrl_u0.\cnn_inst.\cnn_inst.\win_mux.$mul$/home/designer/projects/CNN4IC/unic_cass_wrapper_user_project/CLASSIFIER_plus_cross_TOP/src/window_mux_6x6_5x5.v:28$499: $auto$alumacc.cc:382:replace_macc$2014
  creating $macc cell for $flatten\cnn_inst.\proc_u0.\cnn_ctrl_u0.\cnn_inst.\cnn_inst.\win_mux.$mul$/home/designer/projects/CNN4IC/unic_cass_wrapper_user_project/CLASSIFIER_plus_cross_TOP/src/window_mux_6x6_5x5.v:28$494: $auto$alumacc.cc:382:replace_macc$2015
  creating $macc cell for $flatten\cnn_inst.\proc_u0.\cnn_ctrl_u0.\cnn_inst.\cnn_inst.\win_mux.$mul$/home/designer/projects/CNN4IC/unic_cass_wrapper_user_project/CLASSIFIER_plus_cross_TOP/src/window_mux_6x6_5x5.v:28$489: $auto$alumacc.cc:382:replace_macc$2016
  creating $macc cell for $flatten\cnn_inst.\proc_u0.\cnn_ctrl_u0.\cnn_inst.\cnn_inst.\win_mux.$mul$/home/designer/projects/CNN4IC/unic_cass_wrapper_user_project/CLASSIFIER_plus_cross_TOP/src/window_mux_6x6_5x5.v:28$484: $auto$alumacc.cc:382:replace_macc$2017
  creating $macc cell for $flatten\cnn_inst.\proc_u0.\cnn_ctrl_u0.\cnn_inst.\cnn_inst.\win_mux.$mul$/home/designer/projects/CNN4IC/unic_cass_wrapper_user_project/CLASSIFIER_plus_cross_TOP/src/window_mux_6x6_5x5.v:28$479: $auto$alumacc.cc:382:replace_macc$2018
  creating $macc cell for $flatten\cnn_inst.\proc_u0.\cnn_ctrl_u0.\cnn_inst.\cnn_inst.\win_mux.$mul$/home/designer/projects/CNN4IC/unic_cass_wrapper_user_project/CLASSIFIER_plus_cross_TOP/src/window_mux_6x6_5x5.v:28$474: $auto$alumacc.cc:382:replace_macc$2019
  creating $macc cell for $flatten\cnn_inst.\proc_u0.\cnn_ctrl_u0.\cnn_inst.\cnn_inst.\win_mux.$mul$/home/designer/projects/CNN4IC/unic_cass_wrapper_user_project/CLASSIFIER_plus_cross_TOP/src/window_mux_6x6_5x5.v:28$469: $auto$alumacc.cc:382:replace_macc$2020
  creating $alu model for $flatten\cnn_inst.\comm_mem_u0.\spi_u0.$lt$/home/designer/projects/CNN4IC/unic_cass_wrapper_user_project/CLASSIFIER_plus_cross_TOP/src/spi_cnn_slave_8.v:194$50 ($lt): new $alu
  creating $alu model for $flatten\cnn_inst.\comm_mem_u0.\spi_u0.$lt$/home/designer/projects/CNN4IC/unic_cass_wrapper_user_project/CLASSIFIER_plus_cross_TOP/src/spi_cnn_slave_8.v:251$79 ($lt): new $alu
  creating $alu model for $flatten\cnn_inst.\proc_u0.$gt$/home/designer/projects/CNN4IC/unic_cass_wrapper_user_project/CLASSIFIER_plus_cross_TOP/src/cnn_proc_top.v:95$5 ($gt): new $alu
  creating $alu model for $flatten\cnn_inst.\proc_u0.\cnn_ctrl_u0.\cnn_inst.\cnn_inst.\pool_inst.$gt$/home/designer/projects/CNN4IC/unic_cass_wrapper_user_project/CLASSIFIER_plus_cross_TOP/src/progressive_maxpool.v:15$366 ($gt): new $alu
  creating $alu model for $flatten\cnn_inst.\comm_mem_u0.\spi_u0.$eq$/home/designer/projects/CNN4IC/unic_cass_wrapper_user_project/CLASSIFIER_plus_cross_TOP/src/spi_cnn_slave_8.v:152$31 ($eq): merged with $flatten\cnn_inst.\comm_mem_u0.\spi_u0.$lt$/home/designer/projects/CNN4IC/unic_cass_wrapper_user_project/CLASSIFIER_plus_cross_TOP/src/spi_cnn_slave_8.v:194$50.
  creating $alu cell for $flatten\cnn_inst.\proc_u0.\cnn_ctrl_u0.\cnn_inst.\cnn_inst.\pool_inst.$gt$/home/designer/projects/CNN4IC/unic_cass_wrapper_user_project/CLASSIFIER_plus_cross_TOP/src/progressive_maxpool.v:15$366: $auto$alumacc.cc:512:replace_alu$2025
  creating $alu cell for $flatten\cnn_inst.\proc_u0.$gt$/home/designer/projects/CNN4IC/unic_cass_wrapper_user_project/CLASSIFIER_plus_cross_TOP/src/cnn_proc_top.v:95$5: $auto$alumacc.cc:512:replace_alu$2038
  creating $alu cell for $flatten\cnn_inst.\comm_mem_u0.\spi_u0.$lt$/home/designer/projects/CNN4IC/unic_cass_wrapper_user_project/CLASSIFIER_plus_cross_TOP/src/spi_cnn_slave_8.v:251$79: $auto$alumacc.cc:512:replace_alu$2051
  creating $alu cell for $flatten\cnn_inst.\comm_mem_u0.\spi_u0.$lt$/home/designer/projects/CNN4IC/unic_cass_wrapper_user_project/CLASSIFIER_plus_cross_TOP/src/spi_cnn_slave_8.v:194$50, $flatten\cnn_inst.\comm_mem_u0.\spi_u0.$eq$/home/designer/projects/CNN4IC/unic_cass_wrapper_user_project/CLASSIFIER_plus_cross_TOP/src/spi_cnn_slave_8.v:152$31: $auto$alumacc.cc:512:replace_alu$2056
  creating $alu cell for $flatten\cnn_inst.\comm_mem_u0.\spi_u0.$add$/home/designer/projects/CNN4IC/unic_cass_wrapper_user_project/CLASSIFIER_plus_cross_TOP/src/spi_cnn_slave_8.v:191$49: $auto$alumacc.cc:512:replace_alu$2063
  creating $alu cell for $flatten\cnn_inst.\comm_mem_u0.\spi_u0.$add$/home/designer/projects/CNN4IC/unic_cass_wrapper_user_project/CLASSIFIER_plus_cross_TOP/src/spi_cnn_slave_8.v:210$66: $auto$alumacc.cc:512:replace_alu$2066
  creating $alu cell for $flatten\cnn_inst.\comm_mem_u0.\spi_u0.$add$/home/designer/projects/CNN4IC/unic_cass_wrapper_user_project/CLASSIFIER_plus_cross_TOP/src/spi_cnn_slave_8.v:222$74: $auto$alumacc.cc:512:replace_alu$2069
  creating $alu cell for $flatten\cnn_inst.\comm_mem_u0.\spi_u0.$add$/home/designer/projects/CNN4IC/unic_cass_wrapper_user_project/CLASSIFIER_plus_cross_TOP/src/spi_cnn_slave_8.v:232$78: $auto$alumacc.cc:512:replace_alu$2072
  creating $alu cell for $flatten\cnn_inst.\comm_mem_u0.\spi_u0.$add$/home/designer/projects/CNN4IC/unic_cass_wrapper_user_project/CLASSIFIER_plus_cross_TOP/src/spi_cnn_slave_8.v:252$80: $auto$alumacc.cc:512:replace_alu$2075
  creating $alu cell for $flatten\cnn_inst.\comm_mem_u0.\spi_u0.$neg$/home/designer/projects/CNN4IC/unic_cass_wrapper_user_project/CLASSIFIER_plus_cross_TOP/src/spi_cnn_slave_8.v:195$58: $auto$alumacc.cc:512:replace_alu$2078
  creating $alu cell for $flatten\cnn_inst.\comm_mem_u0.\spi_u0.$sub$/home/designer/projects/CNN4IC/unic_cass_wrapper_user_project/CLASSIFIER_plus_cross_TOP/src/spi_cnn_slave_8.v:136$23: $auto$alumacc.cc:512:replace_alu$2081
  creating $alu cell for $flatten\cnn_inst.\comm_mem_u0.\spi_u0.$sub$/home/designer/projects/CNN4IC/unic_cass_wrapper_user_project/CLASSIFIER_plus_cross_TOP/src/spi_cnn_slave_8.v:195$57: $auto$alumacc.cc:512:replace_alu$2084
  creating $alu cell for $flatten\cnn_inst.\proc_u0.\cnn_ctrl_u0.\cnn_inst.$add$/home/designer/projects/CNN4IC/unic_cass_wrapper_user_project/CLASSIFIER_plus_cross_TOP/src/cnn_top.v:115$86: $auto$alumacc.cc:512:replace_alu$2087
  creating $alu cell for $flatten\cnn_inst.\proc_u0.\cnn_ctrl_u0.\cnn_inst.$add$/home/designer/projects/CNN4IC/unic_cass_wrapper_user_project/CLASSIFIER_plus_cross_TOP/src/cnn_top.v:119$88: $auto$alumacc.cc:512:replace_alu$2090
  creating $alu cell for $flatten\cnn_inst.\proc_u0.\cnn_ctrl_u0.\cnn_inst.\frag_mux.$add$/home/designer/projects/CNN4IC/unic_cass_wrapper_user_project/CLASSIFIER_plus_cross_TOP/src/fragment_mux_10x10_6x6.v:34$361: $auto$alumacc.cc:512:replace_alu$2093
  creating $alu cell for $flatten\cnn_inst.\proc_u0.\cnn_ctrl_u0.\cnn_inst.\frag_mux.$add$/home/designer/projects/CNN4IC/unic_cass_wrapper_user_project/CLASSIFIER_plus_cross_TOP/src/fragment_mux_10x10_6x6.v:34$354: $auto$alumacc.cc:512:replace_alu$2096
  creating $alu cell for $flatten\cnn_inst.\proc_u0.\cnn_ctrl_u0.\cnn_inst.\frag_mux.$add$/home/designer/projects/CNN4IC/unic_cass_wrapper_user_project/CLASSIFIER_plus_cross_TOP/src/fragment_mux_10x10_6x6.v:34$347: $auto$alumacc.cc:512:replace_alu$2099
  creating $alu cell for $flatten\cnn_inst.\proc_u0.\cnn_ctrl_u0.\cnn_inst.\frag_mux.$add$/home/designer/projects/CNN4IC/unic_cass_wrapper_user_project/CLASSIFIER_plus_cross_TOP/src/fragment_mux_10x10_6x6.v:34$340: $auto$alumacc.cc:512:replace_alu$2102
  creating $alu cell for $flatten\cnn_inst.\proc_u0.\cnn_ctrl_u0.\cnn_inst.\frag_mux.$add$/home/designer/projects/CNN4IC/unic_cass_wrapper_user_project/CLASSIFIER_plus_cross_TOP/src/fragment_mux_10x10_6x6.v:34$333: $auto$alumacc.cc:512:replace_alu$2105
  creating $alu cell for $flatten\cnn_inst.\proc_u0.\cnn_ctrl_u0.\cnn_inst.\frag_mux.$add$/home/designer/projects/CNN4IC/unic_cass_wrapper_user_project/CLASSIFIER_plus_cross_TOP/src/fragment_mux_10x10_6x6.v:34$326: $auto$alumacc.cc:512:replace_alu$2108
  creating $alu cell for $flatten\cnn_inst.\proc_u0.\cnn_ctrl_u0.\cnn_inst.\cnn_inst.\win_mux.$add$/home/designer/projects/CNN4IC/unic_cass_wrapper_user_project/CLASSIFIER_plus_cross_TOP/src/window_mux_6x6_5x5.v:28$423: $auto$alumacc.cc:512:replace_alu$2111
  creating $alu cell for $flatten\cnn_inst.\proc_u0.\cnn_ctrl_u0.\cnn_inst.\cnn_inst.\win_mux.$add$/home/designer/projects/CNN4IC/unic_cass_wrapper_user_project/CLASSIFIER_plus_cross_TOP/src/window_mux_6x6_5x5.v:28$428: $auto$alumacc.cc:512:replace_alu$2114
  creating $alu cell for $flatten\cnn_inst.\proc_u0.\cnn_ctrl_u0.\cnn_inst.\cnn_inst.\win_mux.$add$/home/designer/projects/CNN4IC/unic_cass_wrapper_user_project/CLASSIFIER_plus_cross_TOP/src/window_mux_6x6_5x5.v:28$433: $auto$alumacc.cc:512:replace_alu$2117
  creating $alu cell for $flatten\cnn_inst.\proc_u0.\cnn_ctrl_u0.\cnn_inst.\cnn_inst.\win_mux.$add$/home/designer/projects/CNN4IC/unic_cass_wrapper_user_project/CLASSIFIER_plus_cross_TOP/src/window_mux_6x6_5x5.v:28$438: $auto$alumacc.cc:512:replace_alu$2120
  creating $alu cell for $flatten\cnn_inst.\proc_u0.\cnn_ctrl_u0.\cnn_inst.\cnn_inst.\win_mux.$add$/home/designer/projects/CNN4IC/unic_cass_wrapper_user_project/CLASSIFIER_plus_cross_TOP/src/window_mux_6x6_5x5.v:28$442: $auto$alumacc.cc:512:replace_alu$2123
  creating $alu cell for $flatten\cnn_inst.\proc_u0.\cnn_ctrl_u0.\cnn_inst.\cnn_inst.\win_mux.$add$/home/designer/projects/CNN4IC/unic_cass_wrapper_user_project/CLASSIFIER_plus_cross_TOP/src/window_mux_6x6_5x5.v:28$448: $auto$alumacc.cc:512:replace_alu$2126
  creating $alu cell for $flatten\cnn_inst.\proc_u0.\cnn_ctrl_u0.\cnn_inst.\cnn_inst.\win_mux.$add$/home/designer/projects/CNN4IC/unic_cass_wrapper_user_project/CLASSIFIER_plus_cross_TOP/src/window_mux_6x6_5x5.v:28$453: $auto$alumacc.cc:512:replace_alu$2129
  creating $alu cell for $flatten\cnn_inst.\proc_u0.\cnn_ctrl_u0.\cnn_inst.\cnn_inst.\win_mux.$add$/home/designer/projects/CNN4IC/unic_cass_wrapper_user_project/CLASSIFIER_plus_cross_TOP/src/window_mux_6x6_5x5.v:28$458: $auto$alumacc.cc:512:replace_alu$2132
  creating $alu cell for $flatten\cnn_inst.\proc_u0.\cnn_ctrl_u0.\cnn_inst.\cnn_inst.\win_mux.$add$/home/designer/projects/CNN4IC/unic_cass_wrapper_user_project/CLASSIFIER_plus_cross_TOP/src/window_mux_6x6_5x5.v:28$463: $auto$alumacc.cc:512:replace_alu$2135
  creating $alu cell for $flatten\cnn_inst.\proc_u0.\cnn_ctrl_u0.\cnn_inst.\cnn_inst.\win_mux.$add$/home/designer/projects/CNN4IC/unic_cass_wrapper_user_project/CLASSIFIER_plus_cross_TOP/src/window_mux_6x6_5x5.v:28$467: $auto$alumacc.cc:512:replace_alu$2138
  creating $alu cell for $flatten\cnn_inst.\proc_u0.\cnn_ctrl_u0.\cnn_inst.\cnn_inst.\win_mux.$add$/home/designer/projects/CNN4IC/unic_cass_wrapper_user_project/CLASSIFIER_plus_cross_TOP/src/window_mux_6x6_5x5.v:28$473: $auto$alumacc.cc:512:replace_alu$2141
  creating $alu cell for $flatten\cnn_inst.\proc_u0.\cnn_ctrl_u0.\cnn_inst.\cnn_inst.\win_mux.$add$/home/designer/projects/CNN4IC/unic_cass_wrapper_user_project/CLASSIFIER_plus_cross_TOP/src/window_mux_6x6_5x5.v:28$478: $auto$alumacc.cc:512:replace_alu$2144
  creating $alu cell for $flatten\cnn_inst.\proc_u0.\cnn_ctrl_u0.\cnn_inst.\cnn_inst.\win_mux.$add$/home/designer/projects/CNN4IC/unic_cass_wrapper_user_project/CLASSIFIER_plus_cross_TOP/src/window_mux_6x6_5x5.v:28$483: $auto$alumacc.cc:512:replace_alu$2147
  creating $alu cell for $flatten\cnn_inst.\proc_u0.\cnn_ctrl_u0.\cnn_inst.\cnn_inst.\win_mux.$add$/home/designer/projects/CNN4IC/unic_cass_wrapper_user_project/CLASSIFIER_plus_cross_TOP/src/window_mux_6x6_5x5.v:28$488: $auto$alumacc.cc:512:replace_alu$2150
  creating $alu cell for $flatten\cnn_inst.\proc_u0.\cnn_ctrl_u0.\cnn_inst.\cnn_inst.\win_mux.$add$/home/designer/projects/CNN4IC/unic_cass_wrapper_user_project/CLASSIFIER_plus_cross_TOP/src/window_mux_6x6_5x5.v:28$492: $auto$alumacc.cc:512:replace_alu$2153
  creating $alu cell for $flatten\cnn_inst.\proc_u0.\cnn_ctrl_u0.\cnn_inst.\cnn_inst.\win_mux.$add$/home/designer/projects/CNN4IC/unic_cass_wrapper_user_project/CLASSIFIER_plus_cross_TOP/src/window_mux_6x6_5x5.v:28$498: $auto$alumacc.cc:512:replace_alu$2156
  creating $alu cell for $flatten\cnn_inst.\proc_u0.\cnn_ctrl_u0.\cnn_inst.\cnn_inst.\win_mux.$add$/home/designer/projects/CNN4IC/unic_cass_wrapper_user_project/CLASSIFIER_plus_cross_TOP/src/window_mux_6x6_5x5.v:28$503: $auto$alumacc.cc:512:replace_alu$2159
  creating $alu cell for $flatten\cnn_inst.\proc_u0.\cnn_ctrl_u0.\cnn_inst.\cnn_inst.\win_mux.$add$/home/designer/projects/CNN4IC/unic_cass_wrapper_user_project/CLASSIFIER_plus_cross_TOP/src/window_mux_6x6_5x5.v:28$508: $auto$alumacc.cc:512:replace_alu$2162
  creating $alu cell for $flatten\cnn_inst.\proc_u0.\cnn_ctrl_u0.\cnn_inst.\cnn_inst.\win_mux.$add$/home/designer/projects/CNN4IC/unic_cass_wrapper_user_project/CLASSIFIER_plus_cross_TOP/src/window_mux_6x6_5x5.v:28$513: $auto$alumacc.cc:512:replace_alu$2165
  creating $alu cell for $flatten\cnn_inst.\proc_u0.\cnn_ctrl_u0.\cnn_inst.\cnn_inst.\win_mux.$add$/home/designer/projects/CNN4IC/unic_cass_wrapper_user_project/CLASSIFIER_plus_cross_TOP/src/window_mux_6x6_5x5.v:28$517: $auto$alumacc.cc:512:replace_alu$2168
  creating $alu cell for $flatten\cnn_inst.\proc_u0.\cnn_ctrl_u0.\cnn_inst.\cnn_inst.\win_mux.$add$/home/designer/projects/CNN4IC/unic_cass_wrapper_user_project/CLASSIFIER_plus_cross_TOP/src/window_mux_6x6_5x5.v:28$523: $auto$alumacc.cc:512:replace_alu$2171
  creating $alu cell for $flatten\cnn_inst.\proc_u0.\cnn_ctrl_u0.\cnn_inst.\cnn_inst.\win_mux.$add$/home/designer/projects/CNN4IC/unic_cass_wrapper_user_project/CLASSIFIER_plus_cross_TOP/src/window_mux_6x6_5x5.v:28$528: $auto$alumacc.cc:512:replace_alu$2174
  creating $alu cell for $flatten\cnn_inst.\proc_u0.\cnn_ctrl_u0.\cnn_inst.\cnn_inst.\win_mux.$add$/home/designer/projects/CNN4IC/unic_cass_wrapper_user_project/CLASSIFIER_plus_cross_TOP/src/window_mux_6x6_5x5.v:28$533: $auto$alumacc.cc:512:replace_alu$2177
  creating $alu cell for $flatten\cnn_inst.\proc_u0.\cnn_ctrl_u0.\cnn_inst.\cnn_inst.\win_mux.$add$/home/designer/projects/CNN4IC/unic_cass_wrapper_user_project/CLASSIFIER_plus_cross_TOP/src/window_mux_6x6_5x5.v:28$538: $auto$alumacc.cc:512:replace_alu$2180
  creating $alu cell for $flatten\cnn_inst.\proc_u0.\cnn_ctrl_u0.\cnn_inst.\frag_mux.$add$/home/designer/projects/CNN4IC/unic_cass_wrapper_user_project/CLASSIFIER_plus_cross_TOP/src/fragment_mux_10x10_6x6.v:34$116: $auto$alumacc.cc:512:replace_alu$2183
  creating $alu cell for $flatten\cnn_inst.\proc_u0.\cnn_ctrl_u0.\cnn_inst.\frag_mux.$add$/home/designer/projects/CNN4IC/unic_cass_wrapper_user_project/CLASSIFIER_plus_cross_TOP/src/fragment_mux_10x10_6x6.v:34$122: $auto$alumacc.cc:512:replace_alu$2186
  creating $alu cell for $flatten\cnn_inst.\proc_u0.\cnn_ctrl_u0.\cnn_inst.\frag_mux.$add$/home/designer/projects/CNN4IC/unic_cass_wrapper_user_project/CLASSIFIER_plus_cross_TOP/src/fragment_mux_10x10_6x6.v:34$123: $auto$alumacc.cc:512:replace_alu$2189
  creating $alu cell for $flatten\cnn_inst.\proc_u0.\cnn_ctrl_u0.\cnn_inst.\frag_mux.$add$/home/designer/projects/CNN4IC/unic_cass_wrapper_user_project/CLASSIFIER_plus_cross_TOP/src/fragment_mux_10x10_6x6.v:34$129: $auto$alumacc.cc:512:replace_alu$2192
  creating $alu cell for $flatten\cnn_inst.\proc_u0.\cnn_ctrl_u0.\cnn_inst.\frag_mux.$add$/home/designer/projects/CNN4IC/unic_cass_wrapper_user_project/CLASSIFIER_plus_cross_TOP/src/fragment_mux_10x10_6x6.v:34$130: $auto$alumacc.cc:512:replace_alu$2195
  creating $alu cell for $flatten\cnn_inst.\proc_u0.\cnn_ctrl_u0.\cnn_inst.\frag_mux.$add$/home/designer/projects/CNN4IC/unic_cass_wrapper_user_project/CLASSIFIER_plus_cross_TOP/src/fragment_mux_10x10_6x6.v:34$136: $auto$alumacc.cc:512:replace_alu$2198
  creating $alu cell for $flatten\cnn_inst.\proc_u0.\cnn_ctrl_u0.\cnn_inst.\frag_mux.$add$/home/designer/projects/CNN4IC/unic_cass_wrapper_user_project/CLASSIFIER_plus_cross_TOP/src/fragment_mux_10x10_6x6.v:34$137: $auto$alumacc.cc:512:replace_alu$2201
  creating $alu cell for $flatten\cnn_inst.\proc_u0.\cnn_ctrl_u0.\cnn_inst.\frag_mux.$add$/home/designer/projects/CNN4IC/unic_cass_wrapper_user_project/CLASSIFIER_plus_cross_TOP/src/fragment_mux_10x10_6x6.v:34$143: $auto$alumacc.cc:512:replace_alu$2204
  creating $alu cell for $flatten\cnn_inst.\proc_u0.\cnn_ctrl_u0.\cnn_inst.\frag_mux.$add$/home/designer/projects/CNN4IC/unic_cass_wrapper_user_project/CLASSIFIER_plus_cross_TOP/src/fragment_mux_10x10_6x6.v:34$144: $auto$alumacc.cc:512:replace_alu$2207
  creating $alu cell for $flatten\cnn_inst.\proc_u0.\cnn_ctrl_u0.\cnn_inst.\frag_mux.$add$/home/designer/projects/CNN4IC/unic_cass_wrapper_user_project/CLASSIFIER_plus_cross_TOP/src/fragment_mux_10x10_6x6.v:34$150: $auto$alumacc.cc:512:replace_alu$2210
  creating $alu cell for $flatten\cnn_inst.\proc_u0.\cnn_ctrl_u0.\cnn_inst.\frag_mux.$add$/home/designer/projects/CNN4IC/unic_cass_wrapper_user_project/CLASSIFIER_plus_cross_TOP/src/fragment_mux_10x10_6x6.v:34$151: $auto$alumacc.cc:512:replace_alu$2213
  creating $alu cell for $flatten\cnn_inst.\proc_u0.\cnn_ctrl_u0.\cnn_inst.\frag_mux.$add$/home/designer/projects/CNN4IC/unic_cass_wrapper_user_project/CLASSIFIER_plus_cross_TOP/src/fragment_mux_10x10_6x6.v:34$155: $auto$alumacc.cc:512:replace_alu$2216
  creating $alu cell for $flatten\cnn_inst.\proc_u0.\cnn_ctrl_u0.\cnn_inst.\frag_mux.$add$/home/designer/projects/CNN4IC/unic_cass_wrapper_user_project/CLASSIFIER_plus_cross_TOP/src/fragment_mux_10x10_6x6.v:34$158: $auto$alumacc.cc:512:replace_alu$2219
  creating $alu cell for $flatten\cnn_inst.\proc_u0.\cnn_ctrl_u0.\cnn_inst.\frag_mux.$add$/home/designer/projects/CNN4IC/unic_cass_wrapper_user_project/CLASSIFIER_plus_cross_TOP/src/fragment_mux_10x10_6x6.v:34$165: $auto$alumacc.cc:512:replace_alu$2222
  creating $alu cell for $flatten\cnn_inst.\proc_u0.\cnn_ctrl_u0.\cnn_inst.\frag_mux.$add$/home/designer/projects/CNN4IC/unic_cass_wrapper_user_project/CLASSIFIER_plus_cross_TOP/src/fragment_mux_10x10_6x6.v:34$172: $auto$alumacc.cc:512:replace_alu$2225
  creating $alu cell for $flatten\cnn_inst.\proc_u0.\cnn_ctrl_u0.\cnn_inst.\frag_mux.$add$/home/designer/projects/CNN4IC/unic_cass_wrapper_user_project/CLASSIFIER_plus_cross_TOP/src/fragment_mux_10x10_6x6.v:34$179: $auto$alumacc.cc:512:replace_alu$2228
  creating $alu cell for $flatten\cnn_inst.\proc_u0.\cnn_ctrl_u0.\cnn_inst.\frag_mux.$add$/home/designer/projects/CNN4IC/unic_cass_wrapper_user_project/CLASSIFIER_plus_cross_TOP/src/fragment_mux_10x10_6x6.v:34$186: $auto$alumacc.cc:512:replace_alu$2231
  creating $alu cell for $flatten\cnn_inst.\proc_u0.\cnn_ctrl_u0.\cnn_inst.\frag_mux.$add$/home/designer/projects/CNN4IC/unic_cass_wrapper_user_project/CLASSIFIER_plus_cross_TOP/src/fragment_mux_10x10_6x6.v:34$193: $auto$alumacc.cc:512:replace_alu$2234
  creating $alu cell for $flatten\cnn_inst.\proc_u0.\cnn_ctrl_u0.\cnn_inst.\frag_mux.$add$/home/designer/projects/CNN4IC/unic_cass_wrapper_user_project/CLASSIFIER_plus_cross_TOP/src/fragment_mux_10x10_6x6.v:34$197: $auto$alumacc.cc:512:replace_alu$2237
  creating $alu cell for $flatten\cnn_inst.\proc_u0.\cnn_ctrl_u0.\cnn_inst.\frag_mux.$add$/home/designer/projects/CNN4IC/unic_cass_wrapper_user_project/CLASSIFIER_plus_cross_TOP/src/fragment_mux_10x10_6x6.v:34$200: $auto$alumacc.cc:512:replace_alu$2240
  creating $alu cell for $flatten\cnn_inst.\proc_u0.\cnn_ctrl_u0.\cnn_inst.\frag_mux.$add$/home/designer/projects/CNN4IC/unic_cass_wrapper_user_project/CLASSIFIER_plus_cross_TOP/src/fragment_mux_10x10_6x6.v:34$207: $auto$alumacc.cc:512:replace_alu$2243
  creating $alu cell for $flatten\cnn_inst.\proc_u0.\cnn_ctrl_u0.\cnn_inst.\frag_mux.$add$/home/designer/projects/CNN4IC/unic_cass_wrapper_user_project/CLASSIFIER_plus_cross_TOP/src/fragment_mux_10x10_6x6.v:34$214: $auto$alumacc.cc:512:replace_alu$2246
  creating $alu cell for $flatten\cnn_inst.\proc_u0.\cnn_ctrl_u0.\cnn_inst.\frag_mux.$add$/home/designer/projects/CNN4IC/unic_cass_wrapper_user_project/CLASSIFIER_plus_cross_TOP/src/fragment_mux_10x10_6x6.v:34$221: $auto$alumacc.cc:512:replace_alu$2249
  creating $alu cell for $flatten\cnn_inst.\proc_u0.\cnn_ctrl_u0.\cnn_inst.\frag_mux.$add$/home/designer/projects/CNN4IC/unic_cass_wrapper_user_project/CLASSIFIER_plus_cross_TOP/src/fragment_mux_10x10_6x6.v:34$228: $auto$alumacc.cc:512:replace_alu$2252
  creating $alu cell for $flatten\cnn_inst.\proc_u0.\cnn_ctrl_u0.\cnn_inst.\frag_mux.$add$/home/designer/projects/CNN4IC/unic_cass_wrapper_user_project/CLASSIFIER_plus_cross_TOP/src/fragment_mux_10x10_6x6.v:34$235: $auto$alumacc.cc:512:replace_alu$2255
  creating $alu cell for $flatten\cnn_inst.\proc_u0.\cnn_ctrl_u0.\cnn_inst.\frag_mux.$add$/home/designer/projects/CNN4IC/unic_cass_wrapper_user_project/CLASSIFIER_plus_cross_TOP/src/fragment_mux_10x10_6x6.v:34$239: $auto$alumacc.cc:512:replace_alu$2258
  creating $alu cell for $flatten\cnn_inst.\proc_u0.\cnn_ctrl_u0.\cnn_inst.\frag_mux.$add$/home/designer/projects/CNN4IC/unic_cass_wrapper_user_project/CLASSIFIER_plus_cross_TOP/src/fragment_mux_10x10_6x6.v:34$242: $auto$alumacc.cc:512:replace_alu$2261
  creating $alu cell for $flatten\cnn_inst.\proc_u0.\cnn_ctrl_u0.\cnn_inst.\frag_mux.$add$/home/designer/projects/CNN4IC/unic_cass_wrapper_user_project/CLASSIFIER_plus_cross_TOP/src/fragment_mux_10x10_6x6.v:34$249: $auto$alumacc.cc:512:replace_alu$2264
  creating $alu cell for $flatten\cnn_inst.\proc_u0.\cnn_ctrl_u0.\cnn_inst.\frag_mux.$add$/home/designer/projects/CNN4IC/unic_cass_wrapper_user_project/CLASSIFIER_plus_cross_TOP/src/fragment_mux_10x10_6x6.v:34$256: $auto$alumacc.cc:512:replace_alu$2267
  creating $alu cell for $flatten\cnn_inst.\proc_u0.\cnn_ctrl_u0.\cnn_inst.\frag_mux.$add$/home/designer/projects/CNN4IC/unic_cass_wrapper_user_project/CLASSIFIER_plus_cross_TOP/src/fragment_mux_10x10_6x6.v:34$263: $auto$alumacc.cc:512:replace_alu$2270
  creating $alu cell for $flatten\cnn_inst.\proc_u0.\cnn_ctrl_u0.\cnn_inst.\frag_mux.$add$/home/designer/projects/CNN4IC/unic_cass_wrapper_user_project/CLASSIFIER_plus_cross_TOP/src/fragment_mux_10x10_6x6.v:34$270: $auto$alumacc.cc:512:replace_alu$2273
  creating $alu cell for $flatten\cnn_inst.\proc_u0.\cnn_ctrl_u0.\cnn_inst.\frag_mux.$add$/home/designer/projects/CNN4IC/unic_cass_wrapper_user_project/CLASSIFIER_plus_cross_TOP/src/fragment_mux_10x10_6x6.v:34$277: $auto$alumacc.cc:512:replace_alu$2276
  creating $alu cell for $flatten\cnn_inst.\proc_u0.\cnn_ctrl_u0.\cnn_inst.\frag_mux.$add$/home/designer/projects/CNN4IC/unic_cass_wrapper_user_project/CLASSIFIER_plus_cross_TOP/src/fragment_mux_10x10_6x6.v:34$281: $auto$alumacc.cc:512:replace_alu$2279
  creating $alu cell for $flatten\cnn_inst.\proc_u0.\cnn_ctrl_u0.\cnn_inst.\frag_mux.$add$/home/designer/projects/CNN4IC/unic_cass_wrapper_user_project/CLASSIFIER_plus_cross_TOP/src/fragment_mux_10x10_6x6.v:34$284: $auto$alumacc.cc:512:replace_alu$2282
  creating $alu cell for $flatten\cnn_inst.\proc_u0.\cnn_ctrl_u0.\cnn_inst.\frag_mux.$add$/home/designer/projects/CNN4IC/unic_cass_wrapper_user_project/CLASSIFIER_plus_cross_TOP/src/fragment_mux_10x10_6x6.v:34$291: $auto$alumacc.cc:512:replace_alu$2285
  creating $alu cell for $flatten\cnn_inst.\proc_u0.\cnn_ctrl_u0.\cnn_inst.\frag_mux.$add$/home/designer/projects/CNN4IC/unic_cass_wrapper_user_project/CLASSIFIER_plus_cross_TOP/src/fragment_mux_10x10_6x6.v:34$298: $auto$alumacc.cc:512:replace_alu$2288
  creating $alu cell for $flatten\cnn_inst.\proc_u0.\cnn_ctrl_u0.\cnn_inst.\frag_mux.$add$/home/designer/projects/CNN4IC/unic_cass_wrapper_user_project/CLASSIFIER_plus_cross_TOP/src/fragment_mux_10x10_6x6.v:34$305: $auto$alumacc.cc:512:replace_alu$2291
  creating $alu cell for $flatten\cnn_inst.\proc_u0.\cnn_ctrl_u0.\cnn_inst.\frag_mux.$add$/home/designer/projects/CNN4IC/unic_cass_wrapper_user_project/CLASSIFIER_plus_cross_TOP/src/fragment_mux_10x10_6x6.v:34$312: $auto$alumacc.cc:512:replace_alu$2294
  creating $alu cell for $flatten\cnn_inst.\proc_u0.\cnn_ctrl_u0.\cnn_inst.\frag_mux.$add$/home/designer/projects/CNN4IC/unic_cass_wrapper_user_project/CLASSIFIER_plus_cross_TOP/src/fragment_mux_10x10_6x6.v:34$319: $auto$alumacc.cc:512:replace_alu$2297
  creating $alu cell for $flatten\cnn_inst.\proc_u0.\cnn_ctrl_u0.\cnn_inst.\frag_mux.$add$/home/designer/projects/CNN4IC/unic_cass_wrapper_user_project/CLASSIFIER_plus_cross_TOP/src/fragment_mux_10x10_6x6.v:34$323: $auto$alumacc.cc:512:replace_alu$2300
  created 84 $alu and 68 $macc cells.

91. Executing SHARE pass (SAT-based resource sharing).
Found 26 cells in module CLASSIFIER_plus_cross_TOP that may be considered for resource sharing.
  Analyzing resource sharing options for $flatten\cnn_inst.\proc_u0.\cnn_ctrl_u0.\cnn_inst.\cnn_inst.\mac_inst.$mul$/home/designer/projects/CNN4IC/unic_cass_wrapper_user_project/CLASSIFIER_plus_cross_TOP/src/mac_parallel.v:9$370 ($mul):
    Found cell that is never activated: $flatten\cnn_inst.\proc_u0.\cnn_ctrl_u0.\cnn_inst.\cnn_inst.\mac_inst.$add$/home/designer/projects/CNN4IC/unic_cass_wrapper_user_project/CLASSIFIER_plus_cross_TOP/src/mac_parallel.v:7$413
    Found cell that is never activated: $flatten\cnn_inst.\proc_u0.\cnn_ctrl_u0.\cnn_inst.\cnn_inst.\mac_inst.$add$/home/designer/projects/CNN4IC/unic_cass_wrapper_user_project/CLASSIFIER_plus_cross_TOP/src/mac_parallel.v:7$411
    Found cell that is never activated: $flatten\cnn_inst.\proc_u0.\cnn_ctrl_u0.\cnn_inst.\cnn_inst.\mac_inst.$add$/home/designer/projects/CNN4IC/unic_cass_wrapper_user_project/CLASSIFIER_plus_cross_TOP/src/mac_parallel.v:7$409
    Found cell that is never activated: $flatten\cnn_inst.\proc_u0.\cnn_ctrl_u0.\cnn_inst.\cnn_inst.\mac_inst.$add$/home/designer/projects/CNN4IC/unic_cass_wrapper_user_project/CLASSIFIER_plus_cross_TOP/src/mac_parallel.v:7$407
    Found cell that is never activated: $flatten\cnn_inst.\proc_u0.\cnn_ctrl_u0.\cnn_inst.\cnn_inst.\mac_inst.$add$/home/designer/projects/CNN4IC/unic_cass_wrapper_user_project/CLASSIFIER_plus_cross_TOP/src/mac_parallel.v:7$405
    Found cell that is never activated: $flatten\cnn_inst.\proc_u0.\cnn_ctrl_u0.\cnn_inst.\cnn_inst.\mac_inst.$add$/home/designer/projects/CNN4IC/unic_cass_wrapper_user_project/CLASSIFIER_plus_cross_TOP/src/mac_parallel.v:7$403
    Found cell that is never activated: $flatten\cnn_inst.\proc_u0.\cnn_ctrl_u0.\cnn_inst.\cnn_inst.\mac_inst.$add$/home/designer/projects/CNN4IC/unic_cass_wrapper_user_project/CLASSIFIER_plus_cross_TOP/src/mac_parallel.v:7$401
    Found cell that is never activated: $flatten\cnn_inst.\proc_u0.\cnn_ctrl_u0.\cnn_inst.\cnn_inst.\mac_inst.$add$/home/designer/projects/CNN4IC/unic_cass_wrapper_user_project/CLASSIFIER_plus_cross_TOP/src/mac_parallel.v:7$399
    Found cell that is never activated: $flatten\cnn_inst.\proc_u0.\cnn_ctrl_u0.\cnn_inst.\cnn_inst.\mac_inst.$add$/home/designer/projects/CNN4IC/unic_cass_wrapper_user_project/CLASSIFIER_plus_cross_TOP/src/mac_parallel.v:7$397
    Found cell that is never activated: $flatten\cnn_inst.\proc_u0.\cnn_ctrl_u0.\cnn_inst.\cnn_inst.\mac_inst.$add$/home/designer/projects/CNN4IC/unic_cass_wrapper_user_project/CLASSIFIER_plus_cross_TOP/src/mac_parallel.v:7$395
    Found cell that is never activated: $flatten\cnn_inst.\proc_u0.\cnn_ctrl_u0.\cnn_inst.\cnn_inst.\mac_inst.$add$/home/designer/projects/CNN4IC/unic_cass_wrapper_user_project/CLASSIFIER_plus_cross_TOP/src/mac_parallel.v:7$393
    Found cell that is never activated: $flatten\cnn_inst.\proc_u0.\cnn_ctrl_u0.\cnn_inst.\cnn_inst.\mac_inst.$add$/home/designer/projects/CNN4IC/unic_cass_wrapper_user_project/CLASSIFIER_plus_cross_TOP/src/mac_parallel.v:7$391
    Found cell that is never activated: $flatten\cnn_inst.\proc_u0.\cnn_ctrl_u0.\cnn_inst.\cnn_inst.\mac_inst.$add$/home/designer/projects/CNN4IC/unic_cass_wrapper_user_project/CLASSIFIER_plus_cross_TOP/src/mac_parallel.v:7$389
    Found cell that is never activated: $flatten\cnn_inst.\proc_u0.\cnn_ctrl_u0.\cnn_inst.\cnn_inst.\mac_inst.$add$/home/designer/projects/CNN4IC/unic_cass_wrapper_user_project/CLASSIFIER_plus_cross_TOP/src/mac_parallel.v:7$387
    Found cell that is never activated: $flatten\cnn_inst.\proc_u0.\cnn_ctrl_u0.\cnn_inst.\cnn_inst.\mac_inst.$add$/home/designer/projects/CNN4IC/unic_cass_wrapper_user_project/CLASSIFIER_plus_cross_TOP/src/mac_parallel.v:7$385
    Found cell that is never activated: $flatten\cnn_inst.\proc_u0.\cnn_ctrl_u0.\cnn_inst.\cnn_inst.\mac_inst.$add$/home/designer/projects/CNN4IC/unic_cass_wrapper_user_project/CLASSIFIER_plus_cross_TOP/src/mac_parallel.v:7$383
    Found cell that is never activated: $flatten\cnn_inst.\proc_u0.\cnn_ctrl_u0.\cnn_inst.\cnn_inst.\mac_inst.$add$/home/designer/projects/CNN4IC/unic_cass_wrapper_user_project/CLASSIFIER_plus_cross_TOP/src/mac_parallel.v:7$381
    Found cell that is never activated: $flatten\cnn_inst.\proc_u0.\cnn_ctrl_u0.\cnn_inst.\cnn_inst.\mac_inst.$add$/home/designer/projects/CNN4IC/unic_cass_wrapper_user_project/CLASSIFIER_plus_cross_TOP/src/mac_parallel.v:7$379
    Found cell that is never activated: $flatten\cnn_inst.\proc_u0.\cnn_ctrl_u0.\cnn_inst.\cnn_inst.\mac_inst.$add$/home/designer/projects/CNN4IC/unic_cass_wrapper_user_project/CLASSIFIER_plus_cross_TOP/src/mac_parallel.v:7$377
    Found cell that is never activated: $flatten\cnn_inst.\proc_u0.\cnn_ctrl_u0.\cnn_inst.\cnn_inst.\mac_inst.$add$/home/designer/projects/CNN4IC/unic_cass_wrapper_user_project/CLASSIFIER_plus_cross_TOP/src/mac_parallel.v:7$375
    Found cell that is never activated: $flatten\cnn_inst.\proc_u0.\cnn_ctrl_u0.\cnn_inst.\cnn_inst.\mac_inst.$add$/home/designer/projects/CNN4IC/unic_cass_wrapper_user_project/CLASSIFIER_plus_cross_TOP/src/mac_parallel.v:7$373
    Found cell that is never activated: $flatten\cnn_inst.\proc_u0.\cnn_ctrl_u0.\cnn_inst.\cnn_inst.\mac_inst.$add$/home/designer/projects/CNN4IC/unic_cass_wrapper_user_project/CLASSIFIER_plus_cross_TOP/src/mac_parallel.v:7$371
    Found cell that is never activated: $flatten\cnn_inst.\proc_u0.\cnn_ctrl_u0.\cnn_inst.\cnn_inst.\mac_inst.$mul$/home/designer/projects/CNN4IC/unic_cass_wrapper_user_project/CLASSIFIER_plus_cross_TOP/src/mac_parallel.v:9$370
    Cell is never active. Sharing is pointless, we simply remove it.
  Analyzing resource sharing options for $flatten\cnn_inst.\proc_u0.\cnn_ctrl_u0.\cnn_inst.\cnn_inst.\mac_inst.$mul$/home/designer/projects/CNN4IC/unic_cass_wrapper_user_project/CLASSIFIER_plus_cross_TOP/src/mac_parallel.v:8$368 ($mul):
    Found cell that is never activated: $flatten\cnn_inst.\proc_u0.\cnn_ctrl_u0.\cnn_inst.\cnn_inst.\mac_inst.$add$/home/designer/projects/CNN4IC/unic_cass_wrapper_user_project/CLASSIFIER_plus_cross_TOP/src/mac_parallel.v:7$369
    Found cell that is never activated: $flatten\cnn_inst.\proc_u0.\cnn_ctrl_u0.\cnn_inst.\cnn_inst.\mac_inst.$mul$/home/designer/projects/CNN4IC/unic_cass_wrapper_user_project/CLASSIFIER_plus_cross_TOP/src/mac_parallel.v:8$368
    Cell is never active. Sharing is pointless, we simply remove it.
  Analyzing resource sharing options for $flatten\cnn_inst.\proc_u0.\cnn_ctrl_u0.\cnn_inst.\cnn_inst.\mac_inst.$mul$/home/designer/projects/CNN4IC/unic_cass_wrapper_user_project/CLASSIFIER_plus_cross_TOP/src/mac_parallel.v:7$367 ($mul):
    Found cell that is never activated: $flatten\cnn_inst.\proc_u0.\cnn_ctrl_u0.\cnn_inst.\cnn_inst.\mac_inst.$mul$/home/designer/projects/CNN4IC/unic_cass_wrapper_user_project/CLASSIFIER_plus_cross_TOP/src/mac_parallel.v:7$367
    Cell is never active. Sharing is pointless, we simply remove it.
  Analyzing resource sharing options for $flatten\cnn_inst.\proc_u0.\cnn_ctrl_u0.\cnn_inst.\cnn_inst.\mac_inst.$mul$/home/designer/projects/CNN4IC/unic_cass_wrapper_user_project/CLASSIFIER_plus_cross_TOP/src/mac_parallel.v:31$414 ($mul):
    Found cell that is never activated: $flatten\cnn_inst.\proc_u0.\cnn_ctrl_u0.\cnn_inst.\cnn_inst.\mac_inst.$mul$/home/designer/projects/CNN4IC/unic_cass_wrapper_user_project/CLASSIFIER_plus_cross_TOP/src/mac_parallel.v:31$414
    Cell is never active. Sharing is pointless, we simply remove it.
  Analyzing resource sharing options for $flatten\cnn_inst.\proc_u0.\cnn_ctrl_u0.\cnn_inst.\cnn_inst.\mac_inst.$mul$/home/designer/projects/CNN4IC/unic_cass_wrapper_user_project/CLASSIFIER_plus_cross_TOP/src/mac_parallel.v:30$412 ($mul):
    Found cell that is never activated: $flatten\cnn_inst.\proc_u0.\cnn_ctrl_u0.\cnn_inst.\cnn_inst.\mac_inst.$mul$/home/designer/projects/CNN4IC/unic_cass_wrapper_user_project/CLASSIFIER_plus_cross_TOP/src/mac_parallel.v:30$412
    Cell is never active. Sharing is pointless, we simply remove it.
  Analyzing resource sharing options for $flatten\cnn_inst.\proc_u0.\cnn_ctrl_u0.\cnn_inst.\cnn_inst.\mac_inst.$mul$/home/designer/projects/CNN4IC/unic_cass_wrapper_user_project/CLASSIFIER_plus_cross_TOP/src/mac_parallel.v:29$410 ($mul):
    Found cell that is never activated: $flatten\cnn_inst.\proc_u0.\cnn_ctrl_u0.\cnn_inst.\cnn_inst.\mac_inst.$mul$/home/designer/projects/CNN4IC/unic_cass_wrapper_user_project/CLASSIFIER_plus_cross_TOP/src/mac_parallel.v:29$410
    Cell is never active. Sharing is pointless, we simply remove it.
  Analyzing resource sharing options for $flatten\cnn_inst.\proc_u0.\cnn_ctrl_u0.\cnn_inst.\cnn_inst.\mac_inst.$mul$/home/designer/projects/CNN4IC/unic_cass_wrapper_user_project/CLASSIFIER_plus_cross_TOP/src/mac_parallel.v:28$408 ($mul):
    Found cell that is never activated: $flatten\cnn_inst.\proc_u0.\cnn_ctrl_u0.\cnn_inst.\cnn_inst.\mac_inst.$mul$/home/designer/projects/CNN4IC/unic_cass_wrapper_user_project/CLASSIFIER_plus_cross_TOP/src/mac_parallel.v:28$408
    Cell is never active. Sharing is pointless, we simply remove it.
  Analyzing resource sharing options for $flatten\cnn_inst.\proc_u0.\cnn_ctrl_u0.\cnn_inst.\cnn_inst.\mac_inst.$mul$/home/designer/projects/CNN4IC/unic_cass_wrapper_user_project/CLASSIFIER_plus_cross_TOP/src/mac_parallel.v:27$406 ($mul):
    Found cell that is never activated: $flatten\cnn_inst.\proc_u0.\cnn_ctrl_u0.\cnn_inst.\cnn_inst.\mac_inst.$mul$/home/designer/projects/CNN4IC/unic_cass_wrapper_user_project/CLASSIFIER_plus_cross_TOP/src/mac_parallel.v:27$406
    Cell is never active. Sharing is pointless, we simply remove it.
  Analyzing resource sharing options for $flatten\cnn_inst.\proc_u0.\cnn_ctrl_u0.\cnn_inst.\cnn_inst.\mac_inst.$mul$/home/designer/projects/CNN4IC/unic_cass_wrapper_user_project/CLASSIFIER_plus_cross_TOP/src/mac_parallel.v:26$404 ($mul):
    Found cell that is never activated: $flatten\cnn_inst.\proc_u0.\cnn_ctrl_u0.\cnn_inst.\cnn_inst.\mac_inst.$mul$/home/designer/projects/CNN4IC/unic_cass_wrapper_user_project/CLASSIFIER_plus_cross_TOP/src/mac_parallel.v:26$404
    Cell is never active. Sharing is pointless, we simply remove it.
  Analyzing resource sharing options for $flatten\cnn_inst.\proc_u0.\cnn_ctrl_u0.\cnn_inst.\cnn_inst.\mac_inst.$mul$/home/designer/projects/CNN4IC/unic_cass_wrapper_user_project/CLASSIFIER_plus_cross_TOP/src/mac_parallel.v:25$402 ($mul):
    Found cell that is never activated: $flatten\cnn_inst.\proc_u0.\cnn_ctrl_u0.\cnn_inst.\cnn_inst.\mac_inst.$mul$/home/designer/projects/CNN4IC/unic_cass_wrapper_user_project/CLASSIFIER_plus_cross_TOP/src/mac_parallel.v:25$402
    Cell is never active. Sharing is pointless, we simply remove it.
  Analyzing resource sharing options for $flatten\cnn_inst.\proc_u0.\cnn_ctrl_u0.\cnn_inst.\cnn_inst.\mac_inst.$mul$/home/designer/projects/CNN4IC/unic_cass_wrapper_user_project/CLASSIFIER_plus_cross_TOP/src/mac_parallel.v:24$400 ($mul):
    Found cell that is never activated: $flatten\cnn_inst.\proc_u0.\cnn_ctrl_u0.\cnn_inst.\cnn_inst.\mac_inst.$mul$/home/designer/projects/CNN4IC/unic_cass_wrapper_user_project/CLASSIFIER_plus_cross_TOP/src/mac_parallel.v:24$400
    Cell is never active. Sharing is pointless, we simply remove it.
  Analyzing resource sharing options for $flatten\cnn_inst.\proc_u0.\cnn_ctrl_u0.\cnn_inst.\cnn_inst.\mac_inst.$mul$/home/designer/projects/CNN4IC/unic_cass_wrapper_user_project/CLASSIFIER_plus_cross_TOP/src/mac_parallel.v:23$398 ($mul):
    Found cell that is never activated: $flatten\cnn_inst.\proc_u0.\cnn_ctrl_u0.\cnn_inst.\cnn_inst.\mac_inst.$mul$/home/designer/projects/CNN4IC/unic_cass_wrapper_user_project/CLASSIFIER_plus_cross_TOP/src/mac_parallel.v:23$398
    Cell is never active. Sharing is pointless, we simply remove it.
  Analyzing resource sharing options for $flatten\cnn_inst.\proc_u0.\cnn_ctrl_u0.\cnn_inst.\cnn_inst.\mac_inst.$mul$/home/designer/projects/CNN4IC/unic_cass_wrapper_user_project/CLASSIFIER_plus_cross_TOP/src/mac_parallel.v:22$396 ($mul):
    Found cell that is never activated: $flatten\cnn_inst.\proc_u0.\cnn_ctrl_u0.\cnn_inst.\cnn_inst.\mac_inst.$mul$/home/designer/projects/CNN4IC/unic_cass_wrapper_user_project/CLASSIFIER_plus_cross_TOP/src/mac_parallel.v:22$396
    Cell is never active. Sharing is pointless, we simply remove it.
  Analyzing resource sharing options for $flatten\cnn_inst.\proc_u0.\cnn_ctrl_u0.\cnn_inst.\cnn_inst.\mac_inst.$mul$/home/designer/projects/CNN4IC/unic_cass_wrapper_user_project/CLASSIFIER_plus_cross_TOP/src/mac_parallel.v:21$394 ($mul):
    Found cell that is never activated: $flatten\cnn_inst.\proc_u0.\cnn_ctrl_u0.\cnn_inst.\cnn_inst.\mac_inst.$mul$/home/designer/projects/CNN4IC/unic_cass_wrapper_user_project/CLASSIFIER_plus_cross_TOP/src/mac_parallel.v:21$394
    Cell is never active. Sharing is pointless, we simply remove it.
  Analyzing resource sharing options for $flatten\cnn_inst.\proc_u0.\cnn_ctrl_u0.\cnn_inst.\cnn_inst.\mac_inst.$mul$/home/designer/projects/CNN4IC/unic_cass_wrapper_user_project/CLASSIFIER_plus_cross_TOP/src/mac_parallel.v:20$392 ($mul):
    Found cell that is never activated: $flatten\cnn_inst.\proc_u0.\cnn_ctrl_u0.\cnn_inst.\cnn_inst.\mac_inst.$mul$/home/designer/projects/CNN4IC/unic_cass_wrapper_user_project/CLASSIFIER_plus_cross_TOP/src/mac_parallel.v:20$392
    Cell is never active. Sharing is pointless, we simply remove it.
  Analyzing resource sharing options for $flatten\cnn_inst.\proc_u0.\cnn_ctrl_u0.\cnn_inst.\cnn_inst.\mac_inst.$mul$/home/designer/projects/CNN4IC/unic_cass_wrapper_user_project/CLASSIFIER_plus_cross_TOP/src/mac_parallel.v:19$390 ($mul):
    Found cell that is never activated: $flatten\cnn_inst.\proc_u0.\cnn_ctrl_u0.\cnn_inst.\cnn_inst.\mac_inst.$mul$/home/designer/projects/CNN4IC/unic_cass_wrapper_user_project/CLASSIFIER_plus_cross_TOP/src/mac_parallel.v:19$390
    Cell is never active. Sharing is pointless, we simply remove it.
  Analyzing resource sharing options for $flatten\cnn_inst.\proc_u0.\cnn_ctrl_u0.\cnn_inst.\cnn_inst.\mac_inst.$mul$/home/designer/projects/CNN4IC/unic_cass_wrapper_user_project/CLASSIFIER_plus_cross_TOP/src/mac_parallel.v:18$388 ($mul):
    Found cell that is never activated: $flatten\cnn_inst.\proc_u0.\cnn_ctrl_u0.\cnn_inst.\cnn_inst.\mac_inst.$mul$/home/designer/projects/CNN4IC/unic_cass_wrapper_user_project/CLASSIFIER_plus_cross_TOP/src/mac_parallel.v:18$388
    Cell is never active. Sharing is pointless, we simply remove it.
  Analyzing resource sharing options for $flatten\cnn_inst.\proc_u0.\cnn_ctrl_u0.\cnn_inst.\cnn_inst.\mac_inst.$mul$/home/designer/projects/CNN4IC/unic_cass_wrapper_user_project/CLASSIFIER_plus_cross_TOP/src/mac_parallel.v:17$386 ($mul):
    Found cell that is never activated: $flatten\cnn_inst.\proc_u0.\cnn_ctrl_u0.\cnn_inst.\cnn_inst.\mac_inst.$mul$/home/designer/projects/CNN4IC/unic_cass_wrapper_user_project/CLASSIFIER_plus_cross_TOP/src/mac_parallel.v:17$386
    Cell is never active. Sharing is pointless, we simply remove it.
  Analyzing resource sharing options for $flatten\cnn_inst.\proc_u0.\cnn_ctrl_u0.\cnn_inst.\cnn_inst.\mac_inst.$mul$/home/designer/projects/CNN4IC/unic_cass_wrapper_user_project/CLASSIFIER_plus_cross_TOP/src/mac_parallel.v:16$384 ($mul):
    Found cell that is never activated: $flatten\cnn_inst.\proc_u0.\cnn_ctrl_u0.\cnn_inst.\cnn_inst.\mac_inst.$mul$/home/designer/projects/CNN4IC/unic_cass_wrapper_user_project/CLASSIFIER_plus_cross_TOP/src/mac_parallel.v:16$384
    Cell is never active. Sharing is pointless, we simply remove it.
  Analyzing resource sharing options for $flatten\cnn_inst.\proc_u0.\cnn_ctrl_u0.\cnn_inst.\cnn_inst.\mac_inst.$mul$/home/designer/projects/CNN4IC/unic_cass_wrapper_user_project/CLASSIFIER_plus_cross_TOP/src/mac_parallel.v:15$382 ($mul):
    Found cell that is never activated: $flatten\cnn_inst.\proc_u0.\cnn_ctrl_u0.\cnn_inst.\cnn_inst.\mac_inst.$mul$/home/designer/projects/CNN4IC/unic_cass_wrapper_user_project/CLASSIFIER_plus_cross_TOP/src/mac_parallel.v:15$382
    Cell is never active. Sharing is pointless, we simply remove it.
  Analyzing resource sharing options for $flatten\cnn_inst.\proc_u0.\cnn_ctrl_u0.\cnn_inst.\cnn_inst.\mac_inst.$mul$/home/designer/projects/CNN4IC/unic_cass_wrapper_user_project/CLASSIFIER_plus_cross_TOP/src/mac_parallel.v:14$380 ($mul):
    Found cell that is never activated: $flatten\cnn_inst.\proc_u0.\cnn_ctrl_u0.\cnn_inst.\cnn_inst.\mac_inst.$mul$/home/designer/projects/CNN4IC/unic_cass_wrapper_user_project/CLASSIFIER_plus_cross_TOP/src/mac_parallel.v:14$380
    Cell is never active. Sharing is pointless, we simply remove it.
  Analyzing resource sharing options for $flatten\cnn_inst.\proc_u0.\cnn_ctrl_u0.\cnn_inst.\cnn_inst.\mac_inst.$mul$/home/designer/projects/CNN4IC/unic_cass_wrapper_user_project/CLASSIFIER_plus_cross_TOP/src/mac_parallel.v:13$378 ($mul):
    Found cell that is never activated: $flatten\cnn_inst.\proc_u0.\cnn_ctrl_u0.\cnn_inst.\cnn_inst.\mac_inst.$mul$/home/designer/projects/CNN4IC/unic_cass_wrapper_user_project/CLASSIFIER_plus_cross_TOP/src/mac_parallel.v:13$378
    Cell is never active. Sharing is pointless, we simply remove it.
  Analyzing resource sharing options for $flatten\cnn_inst.\proc_u0.\cnn_ctrl_u0.\cnn_inst.\cnn_inst.\mac_inst.$mul$/home/designer/projects/CNN4IC/unic_cass_wrapper_user_project/CLASSIFIER_plus_cross_TOP/src/mac_parallel.v:12$376 ($mul):
    Found cell that is never activated: $flatten\cnn_inst.\proc_u0.\cnn_ctrl_u0.\cnn_inst.\cnn_inst.\mac_inst.$mul$/home/designer/projects/CNN4IC/unic_cass_wrapper_user_project/CLASSIFIER_plus_cross_TOP/src/mac_parallel.v:12$376
    Cell is never active. Sharing is pointless, we simply remove it.
  Analyzing resource sharing options for $flatten\cnn_inst.\proc_u0.\cnn_ctrl_u0.\cnn_inst.\cnn_inst.\mac_inst.$mul$/home/designer/projects/CNN4IC/unic_cass_wrapper_user_project/CLASSIFIER_plus_cross_TOP/src/mac_parallel.v:11$374 ($mul):
    Found cell that is never activated: $flatten\cnn_inst.\proc_u0.\cnn_ctrl_u0.\cnn_inst.\cnn_inst.\mac_inst.$mul$/home/designer/projects/CNN4IC/unic_cass_wrapper_user_project/CLASSIFIER_plus_cross_TOP/src/mac_parallel.v:11$374
    Cell is never active. Sharing is pointless, we simply remove it.
  Analyzing resource sharing options for $flatten\cnn_inst.\proc_u0.\cnn_ctrl_u0.\cnn_inst.\cnn_inst.\mac_inst.$mul$/home/designer/projects/CNN4IC/unic_cass_wrapper_user_project/CLASSIFIER_plus_cross_TOP/src/mac_parallel.v:10$372 ($mul):
    Found cell that is never activated: $flatten\cnn_inst.\proc_u0.\cnn_ctrl_u0.\cnn_inst.\cnn_inst.\mac_inst.$mul$/home/designer/projects/CNN4IC/unic_cass_wrapper_user_project/CLASSIFIER_plus_cross_TOP/src/mac_parallel.v:10$372
    Cell is never active. Sharing is pointless, we simply remove it.
  Analyzing resource sharing options for $flatten\cnn_inst.\comm_mem_u0.\spi_u0.\loader_image_sm.$auto$mem.cc:305:emit$548 ($memrd_v2):
    Found 1 activation_patterns using ctrl signal \cnn_inst.comm_mem_u0.spi_u0.loader_image_sm.STATE_Register.
    No candidates found.
Removing 48 cells in module CLASSIFIER_plus_cross_TOP:
  Removing cell $flatten\cnn_inst.\proc_u0.\cnn_ctrl_u0.\cnn_inst.\cnn_inst.\mac_inst.$mul$/home/designer/projects/CNN4IC/unic_cass_wrapper_user_project/CLASSIFIER_plus_cross_TOP/src/mac_parallel.v:10$372 ($mul).
  Removing cell $flatten\cnn_inst.\proc_u0.\cnn_ctrl_u0.\cnn_inst.\cnn_inst.\mac_inst.$mul$/home/designer/projects/CNN4IC/unic_cass_wrapper_user_project/CLASSIFIER_plus_cross_TOP/src/mac_parallel.v:11$374 ($mul).
  Removing cell $flatten\cnn_inst.\proc_u0.\cnn_ctrl_u0.\cnn_inst.\cnn_inst.\mac_inst.$mul$/home/designer/projects/CNN4IC/unic_cass_wrapper_user_project/CLASSIFIER_plus_cross_TOP/src/mac_parallel.v:12$376 ($mul).
  Removing cell $flatten\cnn_inst.\proc_u0.\cnn_ctrl_u0.\cnn_inst.\cnn_inst.\mac_inst.$mul$/home/designer/projects/CNN4IC/unic_cass_wrapper_user_project/CLASSIFIER_plus_cross_TOP/src/mac_parallel.v:13$378 ($mul).
  Removing cell $flatten\cnn_inst.\proc_u0.\cnn_ctrl_u0.\cnn_inst.\cnn_inst.\mac_inst.$mul$/home/designer/projects/CNN4IC/unic_cass_wrapper_user_project/CLASSIFIER_plus_cross_TOP/src/mac_parallel.v:14$380 ($mul).
  Removing cell $flatten\cnn_inst.\proc_u0.\cnn_ctrl_u0.\cnn_inst.\cnn_inst.\mac_inst.$mul$/home/designer/projects/CNN4IC/unic_cass_wrapper_user_project/CLASSIFIER_plus_cross_TOP/src/mac_parallel.v:15$382 ($mul).
  Removing cell $flatten\cnn_inst.\proc_u0.\cnn_ctrl_u0.\cnn_inst.\cnn_inst.\mac_inst.$mul$/home/designer/projects/CNN4IC/unic_cass_wrapper_user_project/CLASSIFIER_plus_cross_TOP/src/mac_parallel.v:16$384 ($mul).
  Removing cell $flatten\cnn_inst.\proc_u0.\cnn_ctrl_u0.\cnn_inst.\cnn_inst.\mac_inst.$mul$/home/designer/projects/CNN4IC/unic_cass_wrapper_user_project/CLASSIFIER_plus_cross_TOP/src/mac_parallel.v:17$386 ($mul).
  Removing cell $flatten\cnn_inst.\proc_u0.\cnn_ctrl_u0.\cnn_inst.\cnn_inst.\mac_inst.$mul$/home/designer/projects/CNN4IC/unic_cass_wrapper_user_project/CLASSIFIER_plus_cross_TOP/src/mac_parallel.v:18$388 ($mul).
  Removing cell $flatten\cnn_inst.\proc_u0.\cnn_ctrl_u0.\cnn_inst.\cnn_inst.\mac_inst.$mul$/home/designer/projects/CNN4IC/unic_cass_wrapper_user_project/CLASSIFIER_plus_cross_TOP/src/mac_parallel.v:19$390 ($mul).
  Removing cell $flatten\cnn_inst.\proc_u0.\cnn_ctrl_u0.\cnn_inst.\cnn_inst.\mac_inst.$mul$/home/designer/projects/CNN4IC/unic_cass_wrapper_user_project/CLASSIFIER_plus_cross_TOP/src/mac_parallel.v:20$392 ($mul).
  Removing cell $flatten\cnn_inst.\proc_u0.\cnn_ctrl_u0.\cnn_inst.\cnn_inst.\mac_inst.$mul$/home/designer/projects/CNN4IC/unic_cass_wrapper_user_project/CLASSIFIER_plus_cross_TOP/src/mac_parallel.v:21$394 ($mul).
  Removing cell $flatten\cnn_inst.\proc_u0.\cnn_ctrl_u0.\cnn_inst.\cnn_inst.\mac_inst.$mul$/home/designer/projects/CNN4IC/unic_cass_wrapper_user_project/CLASSIFIER_plus_cross_TOP/src/mac_parallel.v:22$396 ($mul).
  Removing cell $flatten\cnn_inst.\proc_u0.\cnn_ctrl_u0.\cnn_inst.\cnn_inst.\mac_inst.$mul$/home/designer/projects/CNN4IC/unic_cass_wrapper_user_project/CLASSIFIER_plus_cross_TOP/src/mac_parallel.v:23$398 ($mul).
  Removing cell $flatten\cnn_inst.\proc_u0.\cnn_ctrl_u0.\cnn_inst.\cnn_inst.\mac_inst.$mul$/home/designer/projects/CNN4IC/unic_cass_wrapper_user_project/CLASSIFIER_plus_cross_TOP/src/mac_parallel.v:24$400 ($mul).
  Removing cell $flatten\cnn_inst.\proc_u0.\cnn_ctrl_u0.\cnn_inst.\cnn_inst.\mac_inst.$mul$/home/designer/projects/CNN4IC/unic_cass_wrapper_user_project/CLASSIFIER_plus_cross_TOP/src/mac_parallel.v:25$402 ($mul).
  Removing cell $flatten\cnn_inst.\proc_u0.\cnn_ctrl_u0.\cnn_inst.\cnn_inst.\mac_inst.$mul$/home/designer/projects/CNN4IC/unic_cass_wrapper_user_project/CLASSIFIER_plus_cross_TOP/src/mac_parallel.v:26$404 ($mul).
  Removing cell $flatten\cnn_inst.\proc_u0.\cnn_ctrl_u0.\cnn_inst.\cnn_inst.\mac_inst.$mul$/home/designer/projects/CNN4IC/unic_cass_wrapper_user_project/CLASSIFIER_plus_cross_TOP/src/mac_parallel.v:27$406 ($mul).
  Removing cell $flatten\cnn_inst.\proc_u0.\cnn_ctrl_u0.\cnn_inst.\cnn_inst.\mac_inst.$mul$/home/designer/projects/CNN4IC/unic_cass_wrapper_user_project/CLASSIFIER_plus_cross_TOP/src/mac_parallel.v:28$408 ($mul).
  Removing cell $flatten\cnn_inst.\proc_u0.\cnn_ctrl_u0.\cnn_inst.\cnn_inst.\mac_inst.$mul$/home/designer/projects/CNN4IC/unic_cass_wrapper_user_project/CLASSIFIER_plus_cross_TOP/src/mac_parallel.v:29$410 ($mul).
  Removing cell $flatten\cnn_inst.\proc_u0.\cnn_ctrl_u0.\cnn_inst.\cnn_inst.\mac_inst.$mul$/home/designer/projects/CNN4IC/unic_cass_wrapper_user_project/CLASSIFIER_plus_cross_TOP/src/mac_parallel.v:30$412 ($mul).
  Removing cell $flatten\cnn_inst.\proc_u0.\cnn_ctrl_u0.\cnn_inst.\cnn_inst.\mac_inst.$mul$/home/designer/projects/CNN4IC/unic_cass_wrapper_user_project/CLASSIFIER_plus_cross_TOP/src/mac_parallel.v:31$414 ($mul).
  Removing cell $flatten\cnn_inst.\proc_u0.\cnn_ctrl_u0.\cnn_inst.\cnn_inst.\mac_inst.$mul$/home/designer/projects/CNN4IC/unic_cass_wrapper_user_project/CLASSIFIER_plus_cross_TOP/src/mac_parallel.v:7$367 ($mul).
  Removing cell $flatten\cnn_inst.\proc_u0.\cnn_ctrl_u0.\cnn_inst.\cnn_inst.\mac_inst.$mul$/home/designer/projects/CNN4IC/unic_cass_wrapper_user_project/CLASSIFIER_plus_cross_TOP/src/mac_parallel.v:8$368 ($mul).
  Removing cell $flatten\cnn_inst.\proc_u0.\cnn_ctrl_u0.\cnn_inst.\cnn_inst.\mac_inst.$add$/home/designer/projects/CNN4IC/unic_cass_wrapper_user_project/CLASSIFIER_plus_cross_TOP/src/mac_parallel.v:7$369 ($add).
  Removing cell $flatten\cnn_inst.\proc_u0.\cnn_ctrl_u0.\cnn_inst.\cnn_inst.\mac_inst.$mul$/home/designer/projects/CNN4IC/unic_cass_wrapper_user_project/CLASSIFIER_plus_cross_TOP/src/mac_parallel.v:9$370 ($mul).
  Removing cell $flatten\cnn_inst.\proc_u0.\cnn_ctrl_u0.\cnn_inst.\cnn_inst.\mac_inst.$add$/home/designer/projects/CNN4IC/unic_cass_wrapper_user_project/CLASSIFIER_plus_cross_TOP/src/mac_parallel.v:7$371 ($add).
  Removing cell $flatten\cnn_inst.\proc_u0.\cnn_ctrl_u0.\cnn_inst.\cnn_inst.\mac_inst.$add$/home/designer/projects/CNN4IC/unic_cass_wrapper_user_project/CLASSIFIER_plus_cross_TOP/src/mac_parallel.v:7$373 ($add).
  Removing cell $flatten\cnn_inst.\proc_u0.\cnn_ctrl_u0.\cnn_inst.\cnn_inst.\mac_inst.$add$/home/designer/projects/CNN4IC/unic_cass_wrapper_user_project/CLASSIFIER_plus_cross_TOP/src/mac_parallel.v:7$375 ($add).
  Removing cell $flatten\cnn_inst.\proc_u0.\cnn_ctrl_u0.\cnn_inst.\cnn_inst.\mac_inst.$add$/home/designer/projects/CNN4IC/unic_cass_wrapper_user_project/CLASSIFIER_plus_cross_TOP/src/mac_parallel.v:7$377 ($add).
  Removing cell $flatten\cnn_inst.\proc_u0.\cnn_ctrl_u0.\cnn_inst.\cnn_inst.\mac_inst.$add$/home/designer/projects/CNN4IC/unic_cass_wrapper_user_project/CLASSIFIER_plus_cross_TOP/src/mac_parallel.v:7$379 ($add).
  Removing cell $flatten\cnn_inst.\proc_u0.\cnn_ctrl_u0.\cnn_inst.\cnn_inst.\mac_inst.$add$/home/designer/projects/CNN4IC/unic_cass_wrapper_user_project/CLASSIFIER_plus_cross_TOP/src/mac_parallel.v:7$381 ($add).
  Removing cell $flatten\cnn_inst.\proc_u0.\cnn_ctrl_u0.\cnn_inst.\cnn_inst.\mac_inst.$add$/home/designer/projects/CNN4IC/unic_cass_wrapper_user_project/CLASSIFIER_plus_cross_TOP/src/mac_parallel.v:7$383 ($add).
  Removing cell $flatten\cnn_inst.\proc_u0.\cnn_ctrl_u0.\cnn_inst.\cnn_inst.\mac_inst.$add$/home/designer/projects/CNN4IC/unic_cass_wrapper_user_project/CLASSIFIER_plus_cross_TOP/src/mac_parallel.v:7$385 ($add).
  Removing cell $flatten\cnn_inst.\proc_u0.\cnn_ctrl_u0.\cnn_inst.\cnn_inst.\mac_inst.$add$/home/designer/projects/CNN4IC/unic_cass_wrapper_user_project/CLASSIFIER_plus_cross_TOP/src/mac_parallel.v:7$387 ($add).
  Removing cell $flatten\cnn_inst.\proc_u0.\cnn_ctrl_u0.\cnn_inst.\cnn_inst.\mac_inst.$add$/home/designer/projects/CNN4IC/unic_cass_wrapper_user_project/CLASSIFIER_plus_cross_TOP/src/mac_parallel.v:7$389 ($add).
  Removing cell $flatten\cnn_inst.\proc_u0.\cnn_ctrl_u0.\cnn_inst.\cnn_inst.\mac_inst.$add$/home/designer/projects/CNN4IC/unic_cass_wrapper_user_project/CLASSIFIER_plus_cross_TOP/src/mac_parallel.v:7$391 ($add).
  Removing cell $flatten\cnn_inst.\proc_u0.\cnn_ctrl_u0.\cnn_inst.\cnn_inst.\mac_inst.$add$/home/designer/projects/CNN4IC/unic_cass_wrapper_user_project/CLASSIFIER_plus_cross_TOP/src/mac_parallel.v:7$393 ($add).
  Removing cell $flatten\cnn_inst.\proc_u0.\cnn_ctrl_u0.\cnn_inst.\cnn_inst.\mac_inst.$add$/home/designer/projects/CNN4IC/unic_cass_wrapper_user_project/CLASSIFIER_plus_cross_TOP/src/mac_parallel.v:7$395 ($add).
  Removing cell $flatten\cnn_inst.\proc_u0.\cnn_ctrl_u0.\cnn_inst.\cnn_inst.\mac_inst.$add$/home/designer/projects/CNN4IC/unic_cass_wrapper_user_project/CLASSIFIER_plus_cross_TOP/src/mac_parallel.v:7$397 ($add).
  Removing cell $flatten\cnn_inst.\proc_u0.\cnn_ctrl_u0.\cnn_inst.\cnn_inst.\mac_inst.$add$/home/designer/projects/CNN4IC/unic_cass_wrapper_user_project/CLASSIFIER_plus_cross_TOP/src/mac_parallel.v:7$399 ($add).
  Removing cell $flatten\cnn_inst.\proc_u0.\cnn_ctrl_u0.\cnn_inst.\cnn_inst.\mac_inst.$add$/home/designer/projects/CNN4IC/unic_cass_wrapper_user_project/CLASSIFIER_plus_cross_TOP/src/mac_parallel.v:7$401 ($add).
  Removing cell $flatten\cnn_inst.\proc_u0.\cnn_ctrl_u0.\cnn_inst.\cnn_inst.\mac_inst.$add$/home/designer/projects/CNN4IC/unic_cass_wrapper_user_project/CLASSIFIER_plus_cross_TOP/src/mac_parallel.v:7$403 ($add).
  Removing cell $flatten\cnn_inst.\proc_u0.\cnn_ctrl_u0.\cnn_inst.\cnn_inst.\mac_inst.$add$/home/designer/projects/CNN4IC/unic_cass_wrapper_user_project/CLASSIFIER_plus_cross_TOP/src/mac_parallel.v:7$405 ($add).
  Removing cell $flatten\cnn_inst.\proc_u0.\cnn_ctrl_u0.\cnn_inst.\cnn_inst.\mac_inst.$add$/home/designer/projects/CNN4IC/unic_cass_wrapper_user_project/CLASSIFIER_plus_cross_TOP/src/mac_parallel.v:7$407 ($add).
  Removing cell $flatten\cnn_inst.\proc_u0.\cnn_ctrl_u0.\cnn_inst.\cnn_inst.\mac_inst.$add$/home/designer/projects/CNN4IC/unic_cass_wrapper_user_project/CLASSIFIER_plus_cross_TOP/src/mac_parallel.v:7$409 ($add).
  Removing cell $flatten\cnn_inst.\proc_u0.\cnn_ctrl_u0.\cnn_inst.\cnn_inst.\mac_inst.$add$/home/designer/projects/CNN4IC/unic_cass_wrapper_user_project/CLASSIFIER_plus_cross_TOP/src/mac_parallel.v:7$411 ($add).
  Removing cell $flatten\cnn_inst.\proc_u0.\cnn_ctrl_u0.\cnn_inst.\cnn_inst.\mac_inst.$add$/home/designer/projects/CNN4IC/unic_cass_wrapper_user_project/CLASSIFIER_plus_cross_TOP/src/mac_parallel.v:7$413 ($add).

92. Executing OPT_EXPR pass (perform const folding).
Optimizing module CLASSIFIER_plus_cross_TOP.
<suppressed ~5 debug messages>

93. Executing OPT_MERGE pass (detect identical cells).
Finding identical cells in module `\CLASSIFIER_plus_cross_TOP'.
Removed a total of 0 cells.

94. Executing OPT_MUXTREE pass (detect dead branches in mux trees).
Running muxtree optimizer on module \CLASSIFIER_plus_cross_TOP..
  Creating internal representation of mux trees.
  Evaluating internal representation of mux trees.
  Analyzing evaluation results.
Removed 0 multiplexer ports.
<suppressed ~86 debug messages>

95. Executing OPT_REDUCE pass (consolidate $*mux and $reduce_* inputs).
  Optimizing cells in module \CLASSIFIER_plus_cross_TOP.
Performed a total of 0 changes.

96. Executing OPT_MERGE pass (detect identical cells).
Finding identical cells in module `\CLASSIFIER_plus_cross_TOP'.
Removed a total of 0 cells.

97. Executing OPT_DFF pass (perform DFF optimizations).

98. Executing OPT_CLEAN pass (remove unused cells and wires).
Finding unused cells or wires in module \CLASSIFIER_plus_cross_TOP..
Removed 1 unused cells and 55 unused wires.
<suppressed ~2 debug messages>

99. Executing OPT_EXPR pass (perform const folding).
Optimizing module CLASSIFIER_plus_cross_TOP.

100. Rerunning OPT passes. (Maybe there is more to do…)

101. Executing OPT_MUXTREE pass (detect dead branches in mux trees).
Running muxtree optimizer on module \CLASSIFIER_plus_cross_TOP..
  Creating internal representation of mux trees.
  Evaluating internal representation of mux trees.
  Analyzing evaluation results.
Removed 0 multiplexer ports.
<suppressed ~86 debug messages>

102. Executing OPT_REDUCE pass (consolidate $*mux and $reduce_* inputs).
  Optimizing cells in module \CLASSIFIER_plus_cross_TOP.
Performed a total of 0 changes.

103. Executing OPT_MERGE pass (detect identical cells).
Finding identical cells in module `\CLASSIFIER_plus_cross_TOP'.
Removed a total of 0 cells.

104. Executing OPT_DFF pass (perform DFF optimizations).

105. Executing OPT_CLEAN pass (remove unused cells and wires).
Finding unused cells or wires in module \CLASSIFIER_plus_cross_TOP..

106. Executing OPT_EXPR pass (perform const folding).
Optimizing module CLASSIFIER_plus_cross_TOP.

107. Executing MEMORY pass.

107.1. Executing OPT_MEM pass (optimize memories).
CLASSIFIER_plus_cross_TOP.$flatten\cnn_inst.\proc_u0.\cnn_ctrl_u0.\cnn_inst.\frag_mux.$auto$proc_rom.cc:155:do_switch$543: removing const-0 lane 0
CLASSIFIER_plus_cross_TOP.$flatten\cnn_inst.\proc_u0.\cnn_ctrl_u0.\cnn_inst.\frag_mux.$auto$proc_rom.cc:155:do_switch$543: removing const-0 lane 3
CLASSIFIER_plus_cross_TOP.$flatten\cnn_inst.\proc_u0.\cnn_ctrl_u0.\cnn_inst.\frag_mux.$auto$proc_rom.cc:155:do_switch$543: removing const-0 lane 4
CLASSIFIER_plus_cross_TOP.$flatten\cnn_inst.\proc_u0.\cnn_ctrl_u0.\cnn_inst.\frag_mux.$auto$proc_rom.cc:155:do_switch$543: removing const-0 lane 5
CLASSIFIER_plus_cross_TOP.$flatten\cnn_inst.\proc_u0.\cnn_ctrl_u0.\cnn_inst.\frag_mux.$auto$proc_rom.cc:155:do_switch$543: removing const-0 lane 6
CLASSIFIER_plus_cross_TOP.$flatten\cnn_inst.\proc_u0.\cnn_ctrl_u0.\cnn_inst.\frag_mux.$auto$proc_rom.cc:155:do_switch$543: removing const-0 lane 7
CLASSIFIER_plus_cross_TOP.$flatten\cnn_inst.\proc_u0.\cnn_ctrl_u0.\cnn_inst.\frag_mux.$auto$proc_rom.cc:155:do_switch$543: removing const-0 lane 8
CLASSIFIER_plus_cross_TOP.$flatten\cnn_inst.\proc_u0.\cnn_ctrl_u0.\cnn_inst.\frag_mux.$auto$proc_rom.cc:155:do_switch$543: removing const-0 lane 9
CLASSIFIER_plus_cross_TOP.$flatten\cnn_inst.\proc_u0.\cnn_ctrl_u0.\cnn_inst.\frag_mux.$auto$proc_rom.cc:155:do_switch$543: removing const-0 lane 10
CLASSIFIER_plus_cross_TOP.$flatten\cnn_inst.\proc_u0.\cnn_ctrl_u0.\cnn_inst.\frag_mux.$auto$proc_rom.cc:155:do_switch$543: removing const-0 lane 11
CLASSIFIER_plus_cross_TOP.$flatten\cnn_inst.\proc_u0.\cnn_ctrl_u0.\cnn_inst.\frag_mux.$auto$proc_rom.cc:155:do_switch$543: removing const-0 lane 12
CLASSIFIER_plus_cross_TOP.$flatten\cnn_inst.\proc_u0.\cnn_ctrl_u0.\cnn_inst.\frag_mux.$auto$proc_rom.cc:155:do_switch$543: removing const-0 lane 13
CLASSIFIER_plus_cross_TOP.$flatten\cnn_inst.\proc_u0.\cnn_ctrl_u0.\cnn_inst.\frag_mux.$auto$proc_rom.cc:155:do_switch$543: removing const-0 lane 14
CLASSIFIER_plus_cross_TOP.$flatten\cnn_inst.\proc_u0.\cnn_ctrl_u0.\cnn_inst.\frag_mux.$auto$proc_rom.cc:155:do_switch$543: removing const-0 lane 15
CLASSIFIER_plus_cross_TOP.$flatten\cnn_inst.\proc_u0.\cnn_ctrl_u0.\cnn_inst.\frag_mux.$auto$proc_rom.cc:155:do_switch$543: removing const-0 lane 16
CLASSIFIER_plus_cross_TOP.$flatten\cnn_inst.\proc_u0.\cnn_ctrl_u0.\cnn_inst.\frag_mux.$auto$proc_rom.cc:155:do_switch$543: removing const-0 lane 17
CLASSIFIER_plus_cross_TOP.$flatten\cnn_inst.\proc_u0.\cnn_ctrl_u0.\cnn_inst.\frag_mux.$auto$proc_rom.cc:155:do_switch$543: removing const-0 lane 18
CLASSIFIER_plus_cross_TOP.$flatten\cnn_inst.\proc_u0.\cnn_ctrl_u0.\cnn_inst.\frag_mux.$auto$proc_rom.cc:155:do_switch$543: removing const-0 lane 19
CLASSIFIER_plus_cross_TOP.$flatten\cnn_inst.\proc_u0.\cnn_ctrl_u0.\cnn_inst.\frag_mux.$auto$proc_rom.cc:155:do_switch$543: removing const-0 lane 20
CLASSIFIER_plus_cross_TOP.$flatten\cnn_inst.\proc_u0.\cnn_ctrl_u0.\cnn_inst.\frag_mux.$auto$proc_rom.cc:155:do_switch$543: removing const-0 lane 21
CLASSIFIER_plus_cross_TOP.$flatten\cnn_inst.\proc_u0.\cnn_ctrl_u0.\cnn_inst.\frag_mux.$auto$proc_rom.cc:155:do_switch$543: removing const-0 lane 22
CLASSIFIER_plus_cross_TOP.$flatten\cnn_inst.\proc_u0.\cnn_ctrl_u0.\cnn_inst.\frag_mux.$auto$proc_rom.cc:155:do_switch$543: removing const-0 lane 23
CLASSIFIER_plus_cross_TOP.$flatten\cnn_inst.\proc_u0.\cnn_ctrl_u0.\cnn_inst.\frag_mux.$auto$proc_rom.cc:155:do_switch$543: removing const-0 lane 24
CLASSIFIER_plus_cross_TOP.$flatten\cnn_inst.\proc_u0.\cnn_ctrl_u0.\cnn_inst.\frag_mux.$auto$proc_rom.cc:155:do_switch$543: removing const-0 lane 25
CLASSIFIER_plus_cross_TOP.$flatten\cnn_inst.\proc_u0.\cnn_ctrl_u0.\cnn_inst.\frag_mux.$auto$proc_rom.cc:155:do_switch$543: removing const-0 lane 26
CLASSIFIER_plus_cross_TOP.$flatten\cnn_inst.\proc_u0.\cnn_ctrl_u0.\cnn_inst.\frag_mux.$auto$proc_rom.cc:155:do_switch$543: removing const-0 lane 27
CLASSIFIER_plus_cross_TOP.$flatten\cnn_inst.\proc_u0.\cnn_ctrl_u0.\cnn_inst.\frag_mux.$auto$proc_rom.cc:155:do_switch$543: removing const-0 lane 28
CLASSIFIER_plus_cross_TOP.$flatten\cnn_inst.\proc_u0.\cnn_ctrl_u0.\cnn_inst.\frag_mux.$auto$proc_rom.cc:155:do_switch$543: removing const-0 lane 29
CLASSIFIER_plus_cross_TOP.$flatten\cnn_inst.\proc_u0.\cnn_ctrl_u0.\cnn_inst.\frag_mux.$auto$proc_rom.cc:155:do_switch$543: removing const-0 lane 30
CLASSIFIER_plus_cross_TOP.$flatten\cnn_inst.\proc_u0.\cnn_ctrl_u0.\cnn_inst.\frag_mux.$auto$proc_rom.cc:155:do_switch$543: removing const-0 lane 31
CLASSIFIER_plus_cross_TOP.$flatten\cnn_inst.\proc_u0.\cnn_ctrl_u0.\cnn_inst.\frag_mux.$auto$proc_rom.cc:155:do_switch$543: removing const-0 lane 32
CLASSIFIER_plus_cross_TOP.$flatten\cnn_inst.\proc_u0.\cnn_ctrl_u0.\cnn_inst.\frag_mux.$auto$proc_rom.cc:155:do_switch$543: removing const-0 lane 35
CLASSIFIER_plus_cross_TOP.$flatten\cnn_inst.\proc_u0.\cnn_ctrl_u0.\cnn_inst.\frag_mux.$auto$proc_rom.cc:155:do_switch$543: removing const-0 lane 36
CLASSIFIER_plus_cross_TOP.$flatten\cnn_inst.\proc_u0.\cnn_ctrl_u0.\cnn_inst.\frag_mux.$auto$proc_rom.cc:155:do_switch$543: removing const-0 lane 37
CLASSIFIER_plus_cross_TOP.$flatten\cnn_inst.\proc_u0.\cnn_ctrl_u0.\cnn_inst.\frag_mux.$auto$proc_rom.cc:155:do_switch$543: removing const-0 lane 38
CLASSIFIER_plus_cross_TOP.$flatten\cnn_inst.\proc_u0.\cnn_ctrl_u0.\cnn_inst.\frag_mux.$auto$proc_rom.cc:155:do_switch$543: removing const-0 lane 39
CLASSIFIER_plus_cross_TOP.$flatten\cnn_inst.\proc_u0.\cnn_ctrl_u0.\cnn_inst.\frag_mux.$auto$proc_rom.cc:155:do_switch$543: removing const-0 lane 40
CLASSIFIER_plus_cross_TOP.$flatten\cnn_inst.\proc_u0.\cnn_ctrl_u0.\cnn_inst.\frag_mux.$auto$proc_rom.cc:155:do_switch$543: removing const-0 lane 41
CLASSIFIER_plus_cross_TOP.$flatten\cnn_inst.\proc_u0.\cnn_ctrl_u0.\cnn_inst.\frag_mux.$auto$proc_rom.cc:155:do_switch$543: removing const-0 lane 42
CLASSIFIER_plus_cross_TOP.$flatten\cnn_inst.\proc_u0.\cnn_ctrl_u0.\cnn_inst.\frag_mux.$auto$proc_rom.cc:155:do_switch$543: removing const-0 lane 43
CLASSIFIER_plus_cross_TOP.$flatten\cnn_inst.\proc_u0.\cnn_ctrl_u0.\cnn_inst.\frag_mux.$auto$proc_rom.cc:155:do_switch$543: removing const-0 lane 44
CLASSIFIER_plus_cross_TOP.$flatten\cnn_inst.\proc_u0.\cnn_ctrl_u0.\cnn_inst.\frag_mux.$auto$proc_rom.cc:155:do_switch$543: removing const-0 lane 45
CLASSIFIER_plus_cross_TOP.$flatten\cnn_inst.\proc_u0.\cnn_ctrl_u0.\cnn_inst.\frag_mux.$auto$proc_rom.cc:155:do_switch$543: removing const-0 lane 46
CLASSIFIER_plus_cross_TOP.$flatten\cnn_inst.\proc_u0.\cnn_ctrl_u0.\cnn_inst.\frag_mux.$auto$proc_rom.cc:155:do_switch$543: removing const-0 lane 47
CLASSIFIER_plus_cross_TOP.$flatten\cnn_inst.\proc_u0.\cnn_ctrl_u0.\cnn_inst.\frag_mux.$auto$proc_rom.cc:155:do_switch$543: removing const-0 lane 48
CLASSIFIER_plus_cross_TOP.$flatten\cnn_inst.\proc_u0.\cnn_ctrl_u0.\cnn_inst.\frag_mux.$auto$proc_rom.cc:155:do_switch$543: removing const-0 lane 49
CLASSIFIER_plus_cross_TOP.$flatten\cnn_inst.\proc_u0.\cnn_ctrl_u0.\cnn_inst.\frag_mux.$auto$proc_rom.cc:155:do_switch$543: removing const-0 lane 50
CLASSIFIER_plus_cross_TOP.$flatten\cnn_inst.\proc_u0.\cnn_ctrl_u0.\cnn_inst.\frag_mux.$auto$proc_rom.cc:155:do_switch$543: removing const-0 lane 51
CLASSIFIER_plus_cross_TOP.$flatten\cnn_inst.\proc_u0.\cnn_ctrl_u0.\cnn_inst.\frag_mux.$auto$proc_rom.cc:155:do_switch$543: removing const-0 lane 52
CLASSIFIER_plus_cross_TOP.$flatten\cnn_inst.\proc_u0.\cnn_ctrl_u0.\cnn_inst.\frag_mux.$auto$proc_rom.cc:155:do_switch$543: removing const-0 lane 53
CLASSIFIER_plus_cross_TOP.$flatten\cnn_inst.\proc_u0.\cnn_ctrl_u0.\cnn_inst.\frag_mux.$auto$proc_rom.cc:155:do_switch$543: removing const-0 lane 54
CLASSIFIER_plus_cross_TOP.$flatten\cnn_inst.\proc_u0.\cnn_ctrl_u0.\cnn_inst.\frag_mux.$auto$proc_rom.cc:155:do_switch$543: removing const-0 lane 55
CLASSIFIER_plus_cross_TOP.$flatten\cnn_inst.\proc_u0.\cnn_ctrl_u0.\cnn_inst.\frag_mux.$auto$proc_rom.cc:155:do_switch$543: removing const-0 lane 56
CLASSIFIER_plus_cross_TOP.$flatten\cnn_inst.\proc_u0.\cnn_ctrl_u0.\cnn_inst.\frag_mux.$auto$proc_rom.cc:155:do_switch$543: removing const-0 lane 57
CLASSIFIER_plus_cross_TOP.$flatten\cnn_inst.\proc_u0.\cnn_ctrl_u0.\cnn_inst.\frag_mux.$auto$proc_rom.cc:155:do_switch$543: removing const-0 lane 58
CLASSIFIER_plus_cross_TOP.$flatten\cnn_inst.\proc_u0.\cnn_ctrl_u0.\cnn_inst.\frag_mux.$auto$proc_rom.cc:155:do_switch$543: removing const-0 lane 59
CLASSIFIER_plus_cross_TOP.$flatten\cnn_inst.\proc_u0.\cnn_ctrl_u0.\cnn_inst.\frag_mux.$auto$proc_rom.cc:155:do_switch$543: removing const-0 lane 60
CLASSIFIER_plus_cross_TOP.$flatten\cnn_inst.\proc_u0.\cnn_ctrl_u0.\cnn_inst.\frag_mux.$auto$proc_rom.cc:155:do_switch$543: removing const-0 lane 61
CLASSIFIER_plus_cross_TOP.$flatten\cnn_inst.\proc_u0.\cnn_ctrl_u0.\cnn_inst.\frag_mux.$auto$proc_rom.cc:155:do_switch$543: removing const-0 lane 62
CLASSIFIER_plus_cross_TOP.$flatten\cnn_inst.\proc_u0.\cnn_ctrl_u0.\cnn_inst.\frag_mux.$auto$proc_rom.cc:155:do_switch$543: removing const-0 lane 63
Performed a total of 1 transformations.

107.2. Executing OPT_MEM_PRIORITY pass (removing unnecessary memory write priority relations).
Performed a total of 0 transformations.

107.3. Executing OPT_MEM_FEEDBACK pass (finding memory read-to-write feedback paths).

107.4. Executing MEMORY_BMUX2ROM pass (converting muxes to ROMs).

107.5. Executing MEMORY_DFF pass (merging $dff cells to $memrd).
Checking read port `$flatten\cnn_inst.\comm_mem_u0.\spi_u0.\loader_image_sm.$auto$proc_rom.cc:155:do_switch$547'[0] in module `\CLASSIFIER_plus_cross_TOP': no output FF found.
Checking read port `$flatten\cnn_inst.\proc_u0.\cnn_ctrl_u0.\cnn_inst.\frag_mux.$auto$proc_rom.cc:155:do_switch$543'[0] in module `\CLASSIFIER_plus_cross_TOP': no output FF found.
Checking read port address `$flatten\cnn_inst.\comm_mem_u0.\spi_u0.\loader_image_sm.$auto$proc_rom.cc:155:do_switch$547'[0] in module `\CLASSIFIER_plus_cross_TOP': address FF has async set and/or reset, not supported.
Checking read port address `$flatten\cnn_inst.\proc_u0.\cnn_ctrl_u0.\cnn_inst.\frag_mux.$auto$proc_rom.cc:155:do_switch$543'[0] in module `\CLASSIFIER_plus_cross_TOP': address FF has async set and/or reset, not supported.

107.6. Executing OPT_CLEAN pass (remove unused cells and wires).
Finding unused cells or wires in module \CLASSIFIER_plus_cross_TOP..

107.7. Executing MEMORY_SHARE pass (consolidating $memrd/$memwr cells).

107.8. Executing OPT_MEM_WIDEN pass (optimize memories where all ports are wide).
Performed a total of 0 transformations.

107.9. Executing OPT_CLEAN pass (remove unused cells and wires).
Finding unused cells or wires in module \CLASSIFIER_plus_cross_TOP..

107.10. Executing MEMORY_COLLECT pass (generating $mem cells).

108. Executing OPT_CLEAN pass (remove unused cells and wires).
Finding unused cells or wires in module \CLASSIFIER_plus_cross_TOP..

109. Executing OPT_EXPR pass (perform const folding).
Optimizing module CLASSIFIER_plus_cross_TOP.
<suppressed ~1232 debug messages>

110. Executing OPT_MERGE pass (detect identical cells).
Finding identical cells in module `\CLASSIFIER_plus_cross_TOP'.
<suppressed ~110 debug messages>
Removed a total of 22 cells.

111. Executing OPT_DFF pass (perform DFF optimizations).

112. Executing OPT_CLEAN pass (remove unused cells and wires).
Finding unused cells or wires in module \CLASSIFIER_plus_cross_TOP..
Removed 0 unused cells and 379 unused wires.
<suppressed ~1 debug messages>

113. Executing MEMORY_MAP pass (converting memories to logic and flip-flops).
Mapping memory $flatten\cnn_inst.\comm_mem_u0.\spi_u0.\loader_image_sm.$auto$proc_rom.cc:155:do_switch$547 in module \CLASSIFIER_plus_cross_TOP:
  created 16 $dff cells and 0 static cells of width 10.
  read interface: 0 $dff and 15 $mux cells.
  write interface: 0 write mux blocks.
Mapping memory $flatten\cnn_inst.\proc_u0.\cnn_ctrl_u0.\cnn_inst.\frag_mux.$auto$proc_rom.cc:155:do_switch$543 in module \CLASSIFIER_plus_cross_TOP:
  created 16 $dff cells and 0 static cells of width 4.
  read interface: 0 $dff and 15 $mux cells.
  write interface: 0 write mux blocks.

114. Executing OPT_EXPR pass (perform const folding).
Optimizing module CLASSIFIER_plus_cross_TOP.
<suppressed ~8 debug messages>

115. Executing OPT_MERGE pass (detect identical cells).
Finding identical cells in module `\CLASSIFIER_plus_cross_TOP'.
Removed a total of 0 cells.

116. Executing OPT_MUXTREE pass (detect dead branches in mux trees).
Running muxtree optimizer on module \CLASSIFIER_plus_cross_TOP..
  Creating internal representation of mux trees.
  Evaluating internal representation of mux trees.
  Analyzing evaluation results.
Removed 0 multiplexer ports.
<suppressed ~182 debug messages>

117. Executing OPT_REDUCE pass (consolidate $*mux and $reduce_* inputs).
  Optimizing cells in module \CLASSIFIER_plus_cross_TOP.
    Consolidated identical input bits for $mux cell $memory$flatten\cnn_inst.\proc_u0.\cnn_ctrl_u0.\cnn_inst.\frag_mux.$auto$proc_rom.cc:155:do_switch$543$rdmux[0][3][1]$2966:
      Old ports: A=4'1000, B=4'0001, Y=$memory$flatten\cnn_inst.\proc_u0.\cnn_ctrl_u0.\cnn_inst.\frag_mux.$auto$proc_rom.cc:155:do_switch$543$rdmux[0][2][0]$b$2953
      New ports: A=2'10, B=2'01, Y={ $memory$flatten\cnn_inst.\proc_u0.\cnn_ctrl_u0.\cnn_inst.\frag_mux.$auto$proc_rom.cc:155:do_switch$543$rdmux[0][2][0]$b$2953 [3] $memory$flatten\cnn_inst.\proc_u0.\cnn_ctrl_u0.\cnn_inst.\frag_mux.$auto$proc_rom.cc:155:do_switch$543$rdmux[0][2][0]$b$2953 [0] }
      New connections: $memory$flatten\cnn_inst.\proc_u0.\cnn_ctrl_u0.\cnn_inst.\frag_mux.$auto$proc_rom.cc:155:do_switch$543$rdmux[0][2][0]$b$2953 [2:1] = 2'00
    Consolidated identical input bits for $mux cell $memory$flatten\cnn_inst.\proc_u0.\cnn_ctrl_u0.\cnn_inst.\frag_mux.$auto$proc_rom.cc:155:do_switch$543$rdmux[0][3][0]$2963:
      Old ports: A=4'0000, B=4'0100, Y=$memory$flatten\cnn_inst.\proc_u0.\cnn_ctrl_u0.\cnn_inst.\frag_mux.$auto$proc_rom.cc:155:do_switch$543$rdmux[0][2][0]$a$2952
      New ports: A=1'0, B=1'1, Y=$memory$flatten\cnn_inst.\proc_u0.\cnn_ctrl_u0.\cnn_inst.\frag_mux.$auto$proc_rom.cc:155:do_switch$543$rdmux[0][2][0]$a$2952 [2]
      New connections: { $memory$flatten\cnn_inst.\proc_u0.\cnn_ctrl_u0.\cnn_inst.\frag_mux.$auto$proc_rom.cc:155:do_switch$543$rdmux[0][2][0]$a$2952 [3] $memory$flatten\cnn_inst.\proc_u0.\cnn_ctrl_u0.\cnn_inst.\frag_mux.$auto$proc_rom.cc:155:do_switch$543$rdmux[0][2][0]$a$2952 [1:0] } = 3'000
    Consolidated identical input bits for $mux cell $memory$flatten\cnn_inst.\comm_mem_u0.\spi_u0.\loader_image_sm.$auto$proc_rom.cc:155:do_switch$547$rdmux[0][3][4]$2930:
      Old ports: A=10'1101111111, B=10'1011111111, Y=$memory$flatten\cnn_inst.\comm_mem_u0.\spi_u0.\loader_image_sm.$auto$proc_rom.cc:155:do_switch$547$rdmux[0][2][2]$a$2913
      New ports: A=2'10, B=2'01, Y=$memory$flatten\cnn_inst.\comm_mem_u0.\spi_u0.\loader_image_sm.$auto$proc_rom.cc:155:do_switch$547$rdmux[0][2][2]$a$2913 [8:7]
      New connections: { $memory$flatten\cnn_inst.\comm_mem_u0.\spi_u0.\loader_image_sm.$auto$proc_rom.cc:155:do_switch$547$rdmux[0][2][2]$a$2913 [9] $memory$flatten\cnn_inst.\comm_mem_u0.\spi_u0.\loader_image_sm.$auto$proc_rom.cc:155:do_switch$547$rdmux[0][2][2]$a$2913 [6:0] } = 8'11111111
    Consolidated identical input bits for $mux cell $memory$flatten\cnn_inst.\comm_mem_u0.\spi_u0.\loader_image_sm.$auto$proc_rom.cc:155:do_switch$547$rdmux[0][3][3]$2927:
      Old ports: A=10'1111011111, B=10'1110111111, Y=$memory$flatten\cnn_inst.\comm_mem_u0.\spi_u0.\loader_image_sm.$auto$proc_rom.cc:155:do_switch$547$rdmux[0][2][1]$b$2911
      New ports: A=2'10, B=2'01, Y=$memory$flatten\cnn_inst.\comm_mem_u0.\spi_u0.\loader_image_sm.$auto$proc_rom.cc:155:do_switch$547$rdmux[0][2][1]$b$2911 [6:5]
      New connections: { $memory$flatten\cnn_inst.\comm_mem_u0.\spi_u0.\loader_image_sm.$auto$proc_rom.cc:155:do_switch$547$rdmux[0][2][1]$b$2911 [9:7] $memory$flatten\cnn_inst.\comm_mem_u0.\spi_u0.\loader_image_sm.$auto$proc_rom.cc:155:do_switch$547$rdmux[0][2][1]$b$2911 [4:0] } = 8'11111111
    Consolidated identical input bits for $mux cell $memory$flatten\cnn_inst.\comm_mem_u0.\spi_u0.\loader_image_sm.$auto$proc_rom.cc:155:do_switch$547$rdmux[0][3][2]$2924:
      Old ports: A=10'1111110111, B=10'1111101111, Y=$memory$flatten\cnn_inst.\comm_mem_u0.\spi_u0.\loader_image_sm.$auto$proc_rom.cc:155:do_switch$547$rdmux[0][2][1]$a$2910
      New ports: A=2'10, B=2'01, Y=$memory$flatten\cnn_inst.\comm_mem_u0.\spi_u0.\loader_image_sm.$auto$proc_rom.cc:155:do_switch$547$rdmux[0][2][1]$a$2910 [4:3]
      New connections: { $memory$flatten\cnn_inst.\comm_mem_u0.\spi_u0.\loader_image_sm.$auto$proc_rom.cc:155:do_switch$547$rdmux[0][2][1]$a$2910 [9:5] $memory$flatten\cnn_inst.\comm_mem_u0.\spi_u0.\loader_image_sm.$auto$proc_rom.cc:155:do_switch$547$rdmux[0][2][1]$a$2910 [2:0] } = 8'11111111
    Consolidated identical input bits for $mux cell $memory$flatten\cnn_inst.\comm_mem_u0.\spi_u0.\loader_image_sm.$auto$proc_rom.cc:155:do_switch$547$rdmux[0][3][1]$2921:
      Old ports: A=10'1111111101, B=10'1111111011, Y=$memory$flatten\cnn_inst.\comm_mem_u0.\spi_u0.\loader_image_sm.$auto$proc_rom.cc:155:do_switch$547$rdmux[0][2][0]$b$2908
      New ports: A=2'10, B=2'01, Y=$memory$flatten\cnn_inst.\comm_mem_u0.\spi_u0.\loader_image_sm.$auto$proc_rom.cc:155:do_switch$547$rdmux[0][2][0]$b$2908 [2:1]
      New connections: { $memory$flatten\cnn_inst.\comm_mem_u0.\spi_u0.\loader_image_sm.$auto$proc_rom.cc:155:do_switch$547$rdmux[0][2][0]$b$2908 [9:3] $memory$flatten\cnn_inst.\comm_mem_u0.\spi_u0.\loader_image_sm.$auto$proc_rom.cc:155:do_switch$547$rdmux[0][2][0]$b$2908 [0] } = 8'11111111
    Consolidated identical input bits for $mux cell $memory$flatten\cnn_inst.\comm_mem_u0.\spi_u0.\loader_image_sm.$auto$proc_rom.cc:155:do_switch$547$rdmux[0][3][0]$2918:
      Old ports: A=10'0111111111, B=10'1111111110, Y=$memory$flatten\cnn_inst.\comm_mem_u0.\spi_u0.\loader_image_sm.$auto$proc_rom.cc:155:do_switch$547$rdmux[0][2][0]$a$2907
      New ports: A=2'01, B=2'10, Y={ $memory$flatten\cnn_inst.\comm_mem_u0.\spi_u0.\loader_image_sm.$auto$proc_rom.cc:155:do_switch$547$rdmux[0][2][0]$a$2907 [9] $memory$flatten\cnn_inst.\comm_mem_u0.\spi_u0.\loader_image_sm.$auto$proc_rom.cc:155:do_switch$547$rdmux[0][2][0]$a$2907 [0] }
      New connections: $memory$flatten\cnn_inst.\comm_mem_u0.\spi_u0.\loader_image_sm.$auto$proc_rom.cc:155:do_switch$547$rdmux[0][2][0]$a$2907 [8:1] = 8'11111111
    Consolidated identical input bits for $mux cell $memory$flatten\cnn_inst.\proc_u0.\cnn_ctrl_u0.\cnn_inst.\frag_mux.$auto$proc_rom.cc:155:do_switch$543$rdmux[0][3][3]$2972:
      Old ports: A=4'0010, B=4'0110, Y=$memory$flatten\cnn_inst.\proc_u0.\cnn_ctrl_u0.\cnn_inst.\frag_mux.$auto$proc_rom.cc:155:do_switch$543$rdmux[0][2][1]$b$2956
      New ports: A=1'0, B=1'1, Y=$memory$flatten\cnn_inst.\proc_u0.\cnn_ctrl_u0.\cnn_inst.\frag_mux.$auto$proc_rom.cc:155:do_switch$543$rdmux[0][2][1]$b$2956 [2]
      New connections: { $memory$flatten\cnn_inst.\proc_u0.\cnn_ctrl_u0.\cnn_inst.\frag_mux.$auto$proc_rom.cc:155:do_switch$543$rdmux[0][2][1]$b$2956 [3] $memory$flatten\cnn_inst.\proc_u0.\cnn_ctrl_u0.\cnn_inst.\frag_mux.$auto$proc_rom.cc:155:do_switch$543$rdmux[0][2][1]$b$2956 [1:0] } = 3'010
    Consolidated identical input bits for $mux cell $memory$flatten\cnn_inst.\proc_u0.\cnn_ctrl_u0.\cnn_inst.\frag_mux.$auto$proc_rom.cc:155:do_switch$543$rdmux[0][3][2]$2969:
      Old ports: A=4'0101, B=4'1001, Y=$memory$flatten\cnn_inst.\proc_u0.\cnn_ctrl_u0.\cnn_inst.\frag_mux.$auto$proc_rom.cc:155:do_switch$543$rdmux[0][2][1]$a$2955
      New ports: A=2'01, B=2'10, Y=$memory$flatten\cnn_inst.\proc_u0.\cnn_ctrl_u0.\cnn_inst.\frag_mux.$auto$proc_rom.cc:155:do_switch$543$rdmux[0][2][1]$a$2955 [3:2]
      New connections: $memory$flatten\cnn_inst.\proc_u0.\cnn_ctrl_u0.\cnn_inst.\frag_mux.$auto$proc_rom.cc:155:do_switch$543$rdmux[0][2][1]$a$2955 [1:0] = 2'01
    Consolidated identical input bits for $pmux cell $flatten\cnn_inst.\proc_u0.\cnn_ctrl_u0.\cnn_inst.\cnn_inst.\win_mux.$procmux$1351:
      Old ports: A=0, B=96'000000000000000000000000000000010000000000000000000000000000011000000000000000000000000000000111, Y=\cnn_inst.proc_u0.cnn_ctrl_u0.cnn_inst.cnn_inst.win_mux.base_idx
      New ports: A=2'00, B=6'011011, Y=\cnn_inst.proc_u0.cnn_ctrl_u0.cnn_inst.cnn_inst.win_mux.base_idx [1:0]
      New connections: \cnn_inst.proc_u0.cnn_ctrl_u0.cnn_inst.cnn_inst.win_mux.base_idx [31:2] = { 29'00000000000000000000000000000 \cnn_inst.proc_u0.cnn_ctrl_u0.cnn_inst.cnn_inst.win_mux.base_idx [1] }
    Consolidated identical input bits for $mux cell $memory$flatten\cnn_inst.\proc_u0.\cnn_ctrl_u0.\cnn_inst.\frag_mux.$auto$proc_rom.cc:155:do_switch$543$rdmux[0][3][4]$2975:
      Old ports: A=4'1010, B=4'0000, Y=$memory$flatten\cnn_inst.\proc_u0.\cnn_ctrl_u0.\cnn_inst.\frag_mux.$auto$proc_rom.cc:155:do_switch$543$rdmux[0][2][2]$a$2958
      New ports: A=1'1, B=1'0, Y=$memory$flatten\cnn_inst.\proc_u0.\cnn_ctrl_u0.\cnn_inst.\frag_mux.$auto$proc_rom.cc:155:do_switch$543$rdmux[0][2][2]$a$2958 [1]
      New connections: { $memory$flatten\cnn_inst.\proc_u0.\cnn_ctrl_u0.\cnn_inst.\frag_mux.$auto$proc_rom.cc:155:do_switch$543$rdmux[0][2][2]$a$2958 [3:2] $memory$flatten\cnn_inst.\proc_u0.\cnn_ctrl_u0.\cnn_inst.\frag_mux.$auto$proc_rom.cc:155:do_switch$543$rdmux[0][2][2]$a$2958 [0] } = { $memory$flatten\cnn_inst.\proc_u0.\cnn_ctrl_u0.\cnn_inst.\frag_mux.$auto$proc_rom.cc:155:do_switch$543$rdmux[0][2][2]$a$2958 [1] 2'00 }
  Optimizing cells in module \CLASSIFIER_plus_cross_TOP.
    Consolidated identical input bits for $mux cell $memory$flatten\cnn_inst.\proc_u0.\cnn_ctrl_u0.\cnn_inst.\frag_mux.$auto$proc_rom.cc:155:do_switch$543$rdmux[0][2][2]$2957:
      Old ports: A=$memory$flatten\cnn_inst.\proc_u0.\cnn_ctrl_u0.\cnn_inst.\frag_mux.$auto$proc_rom.cc:155:do_switch$543$rdmux[0][2][2]$a$2958, B=4'0000, Y=$memory$flatten\cnn_inst.\proc_u0.\cnn_ctrl_u0.\cnn_inst.\frag_mux.$auto$proc_rom.cc:155:do_switch$543$rdmux[0][1][1]$a$2949
      New ports: A=$memory$flatten\cnn_inst.\proc_u0.\cnn_ctrl_u0.\cnn_inst.\frag_mux.$auto$proc_rom.cc:155:do_switch$543$rdmux[0][2][2]$a$2958 [1], B=1'0, Y=$memory$flatten\cnn_inst.\proc_u0.\cnn_ctrl_u0.\cnn_inst.\frag_mux.$auto$proc_rom.cc:155:do_switch$543$rdmux[0][1][1]$a$2949 [1]
      New connections: { $memory$flatten\cnn_inst.\proc_u0.\cnn_ctrl_u0.\cnn_inst.\frag_mux.$auto$proc_rom.cc:155:do_switch$543$rdmux[0][1][1]$a$2949 [3:2] $memory$flatten\cnn_inst.\proc_u0.\cnn_ctrl_u0.\cnn_inst.\frag_mux.$auto$proc_rom.cc:155:do_switch$543$rdmux[0][1][1]$a$2949 [0] } = { $memory$flatten\cnn_inst.\proc_u0.\cnn_ctrl_u0.\cnn_inst.\frag_mux.$auto$proc_rom.cc:155:do_switch$543$rdmux[0][1][1]$a$2949 [1] 2'00 }
    Consolidated identical input bits for $mux cell $memory$flatten\cnn_inst.\proc_u0.\cnn_ctrl_u0.\cnn_inst.\frag_mux.$auto$proc_rom.cc:155:do_switch$543$rdmux[0][2][0]$2951:
      Old ports: A=$memory$flatten\cnn_inst.\proc_u0.\cnn_ctrl_u0.\cnn_inst.\frag_mux.$auto$proc_rom.cc:155:do_switch$543$rdmux[0][2][0]$a$2952, B=$memory$flatten\cnn_inst.\proc_u0.\cnn_ctrl_u0.\cnn_inst.\frag_mux.$auto$proc_rom.cc:155:do_switch$543$rdmux[0][2][0]$b$2953, Y=$memory$flatten\cnn_inst.\proc_u0.\cnn_ctrl_u0.\cnn_inst.\frag_mux.$auto$proc_rom.cc:155:do_switch$543$rdmux[0][1][0]$a$2946
      New ports: A={ 1'0 $memory$flatten\cnn_inst.\proc_u0.\cnn_ctrl_u0.\cnn_inst.\frag_mux.$auto$proc_rom.cc:155:do_switch$543$rdmux[0][2][0]$a$2952 [2] 1'0 }, B={ $memory$flatten\cnn_inst.\proc_u0.\cnn_ctrl_u0.\cnn_inst.\frag_mux.$auto$proc_rom.cc:155:do_switch$543$rdmux[0][2][0]$b$2953 [3] 1'0 $memory$flatten\cnn_inst.\proc_u0.\cnn_ctrl_u0.\cnn_inst.\frag_mux.$auto$proc_rom.cc:155:do_switch$543$rdmux[0][2][0]$b$2953 [0] }, Y={ $memory$flatten\cnn_inst.\proc_u0.\cnn_ctrl_u0.\cnn_inst.\frag_mux.$auto$proc_rom.cc:155:do_switch$543$rdmux[0][1][0]$a$2946 [3:2] $memory$flatten\cnn_inst.\proc_u0.\cnn_ctrl_u0.\cnn_inst.\frag_mux.$auto$proc_rom.cc:155:do_switch$543$rdmux[0][1][0]$a$2946 [0] }
      New connections: $memory$flatten\cnn_inst.\proc_u0.\cnn_ctrl_u0.\cnn_inst.\frag_mux.$auto$proc_rom.cc:155:do_switch$543$rdmux[0][1][0]$a$2946 [1] = 1'0
    Consolidated identical input bits for $mux cell $memory$flatten\cnn_inst.\comm_mem_u0.\spi_u0.\loader_image_sm.$auto$proc_rom.cc:155:do_switch$547$rdmux[0][2][2]$2912:
      Old ports: A=$memory$flatten\cnn_inst.\comm_mem_u0.\spi_u0.\loader_image_sm.$auto$proc_rom.cc:155:do_switch$547$rdmux[0][2][2]$a$2913, B=10'1111111111, Y=$memory$flatten\cnn_inst.\comm_mem_u0.\spi_u0.\loader_image_sm.$auto$proc_rom.cc:155:do_switch$547$rdmux[0][1][1]$a$2904
      New ports: A=$memory$flatten\cnn_inst.\comm_mem_u0.\spi_u0.\loader_image_sm.$auto$proc_rom.cc:155:do_switch$547$rdmux[0][2][2]$a$2913 [8:7], B=2'11, Y=$memory$flatten\cnn_inst.\comm_mem_u0.\spi_u0.\loader_image_sm.$auto$proc_rom.cc:155:do_switch$547$rdmux[0][1][1]$a$2904 [8:7]
      New connections: { $memory$flatten\cnn_inst.\comm_mem_u0.\spi_u0.\loader_image_sm.$auto$proc_rom.cc:155:do_switch$547$rdmux[0][1][1]$a$2904 [9] $memory$flatten\cnn_inst.\comm_mem_u0.\spi_u0.\loader_image_sm.$auto$proc_rom.cc:155:do_switch$547$rdmux[0][1][1]$a$2904 [6:0] } = 8'11111111
    Consolidated identical input bits for $mux cell $memory$flatten\cnn_inst.\comm_mem_u0.\spi_u0.\loader_image_sm.$auto$proc_rom.cc:155:do_switch$547$rdmux[0][2][1]$2909:
      Old ports: A=$memory$flatten\cnn_inst.\comm_mem_u0.\spi_u0.\loader_image_sm.$auto$proc_rom.cc:155:do_switch$547$rdmux[0][2][1]$a$2910, B=$memory$flatten\cnn_inst.\comm_mem_u0.\spi_u0.\loader_image_sm.$auto$proc_rom.cc:155:do_switch$547$rdmux[0][2][1]$b$2911, Y=$memory$flatten\cnn_inst.\comm_mem_u0.\spi_u0.\loader_image_sm.$auto$proc_rom.cc:155:do_switch$547$rdmux[0][1][0]$b$2902
      New ports: A={ 2'11 $memory$flatten\cnn_inst.\comm_mem_u0.\spi_u0.\loader_image_sm.$auto$proc_rom.cc:155:do_switch$547$rdmux[0][2][1]$a$2910 [4:3] }, B={ $memory$flatten\cnn_inst.\comm_mem_u0.\spi_u0.\loader_image_sm.$auto$proc_rom.cc:155:do_switch$547$rdmux[0][2][1]$b$2911 [6:5] 2'11 }, Y=$memory$flatten\cnn_inst.\comm_mem_u0.\spi_u0.\loader_image_sm.$auto$proc_rom.cc:155:do_switch$547$rdmux[0][1][0]$b$2902 [6:3]
      New connections: { $memory$flatten\cnn_inst.\comm_mem_u0.\spi_u0.\loader_image_sm.$auto$proc_rom.cc:155:do_switch$547$rdmux[0][1][0]$b$2902 [9:7] $memory$flatten\cnn_inst.\comm_mem_u0.\spi_u0.\loader_image_sm.$auto$proc_rom.cc:155:do_switch$547$rdmux[0][1][0]$b$2902 [2:0] } = 6'111111
    Consolidated identical input bits for $mux cell $memory$flatten\cnn_inst.\comm_mem_u0.\spi_u0.\loader_image_sm.$auto$proc_rom.cc:155:do_switch$547$rdmux[0][2][0]$2906:
      Old ports: A=$memory$flatten\cnn_inst.\comm_mem_u0.\spi_u0.\loader_image_sm.$auto$proc_rom.cc:155:do_switch$547$rdmux[0][2][0]$a$2907, B=$memory$flatten\cnn_inst.\comm_mem_u0.\spi_u0.\loader_image_sm.$auto$proc_rom.cc:155:do_switch$547$rdmux[0][2][0]$b$2908, Y=$memory$flatten\cnn_inst.\comm_mem_u0.\spi_u0.\loader_image_sm.$auto$proc_rom.cc:155:do_switch$547$rdmux[0][1][0]$a$2901
      New ports: A={ $memory$flatten\cnn_inst.\comm_mem_u0.\spi_u0.\loader_image_sm.$auto$proc_rom.cc:155:do_switch$547$rdmux[0][2][0]$a$2907 [9] 2'11 $memory$flatten\cnn_inst.\comm_mem_u0.\spi_u0.\loader_image_sm.$auto$proc_rom.cc:155:do_switch$547$rdmux[0][2][0]$a$2907 [0] }, B={ 1'1 $memory$flatten\cnn_inst.\comm_mem_u0.\spi_u0.\loader_image_sm.$auto$proc_rom.cc:155:do_switch$547$rdmux[0][2][0]$b$2908 [2:1] 1'1 }, Y={ $memory$flatten\cnn_inst.\comm_mem_u0.\spi_u0.\loader_image_sm.$auto$proc_rom.cc:155:do_switch$547$rdmux[0][1][0]$a$2901 [9] $memory$flatten\cnn_inst.\comm_mem_u0.\spi_u0.\loader_image_sm.$auto$proc_rom.cc:155:do_switch$547$rdmux[0][1][0]$a$2901 [2:0] }
      New connections: $memory$flatten\cnn_inst.\comm_mem_u0.\spi_u0.\loader_image_sm.$auto$proc_rom.cc:155:do_switch$547$rdmux[0][1][0]$a$2901 [8:3] = 6'111111
  Optimizing cells in module \CLASSIFIER_plus_cross_TOP.
    Consolidated identical input bits for $mux cell $memory$flatten\cnn_inst.\proc_u0.\cnn_ctrl_u0.\cnn_inst.\frag_mux.$auto$proc_rom.cc:155:do_switch$543$rdmux[0][1][1]$2948:
      Old ports: A=$memory$flatten\cnn_inst.\proc_u0.\cnn_ctrl_u0.\cnn_inst.\frag_mux.$auto$proc_rom.cc:155:do_switch$543$rdmux[0][1][1]$a$2949, B=4'0000, Y=$memory$flatten\cnn_inst.\proc_u0.\cnn_ctrl_u0.\cnn_inst.\frag_mux.$auto$proc_rom.cc:155:do_switch$543$rdmux[0][0][0]$b$2944
      New ports: A=$memory$flatten\cnn_inst.\proc_u0.\cnn_ctrl_u0.\cnn_inst.\frag_mux.$auto$proc_rom.cc:155:do_switch$543$rdmux[0][1][1]$a$2949 [1], B=1'0, Y=$memory$flatten\cnn_inst.\proc_u0.\cnn_ctrl_u0.\cnn_inst.\frag_mux.$auto$proc_rom.cc:155:do_switch$543$rdmux[0][0][0]$b$2944 [1]
      New connections: { $memory$flatten\cnn_inst.\proc_u0.\cnn_ctrl_u0.\cnn_inst.\frag_mux.$auto$proc_rom.cc:155:do_switch$543$rdmux[0][0][0]$b$2944 [3:2] $memory$flatten\cnn_inst.\proc_u0.\cnn_ctrl_u0.\cnn_inst.\frag_mux.$auto$proc_rom.cc:155:do_switch$543$rdmux[0][0][0]$b$2944 [0] } = { $memory$flatten\cnn_inst.\proc_u0.\cnn_ctrl_u0.\cnn_inst.\frag_mux.$auto$proc_rom.cc:155:do_switch$543$rdmux[0][0][0]$b$2944 [1] 2'00 }
    Consolidated identical input bits for $mux cell $memory$flatten\cnn_inst.\comm_mem_u0.\spi_u0.\loader_image_sm.$auto$proc_rom.cc:155:do_switch$547$rdmux[0][1][1]$2903:
      Old ports: A=$memory$flatten\cnn_inst.\comm_mem_u0.\spi_u0.\loader_image_sm.$auto$proc_rom.cc:155:do_switch$547$rdmux[0][1][1]$a$2904, B=10'1111111111, Y=$memory$flatten\cnn_inst.\comm_mem_u0.\spi_u0.\loader_image_sm.$auto$proc_rom.cc:155:do_switch$547$rdmux[0][0][0]$b$2899
      New ports: A=$memory$flatten\cnn_inst.\comm_mem_u0.\spi_u0.\loader_image_sm.$auto$proc_rom.cc:155:do_switch$547$rdmux[0][1][1]$a$2904 [8:7], B=2'11, Y=$memory$flatten\cnn_inst.\comm_mem_u0.\spi_u0.\loader_image_sm.$auto$proc_rom.cc:155:do_switch$547$rdmux[0][0][0]$b$2899 [8:7]
      New connections: { $memory$flatten\cnn_inst.\comm_mem_u0.\spi_u0.\loader_image_sm.$auto$proc_rom.cc:155:do_switch$547$rdmux[0][0][0]$b$2899 [9] $memory$flatten\cnn_inst.\comm_mem_u0.\spi_u0.\loader_image_sm.$auto$proc_rom.cc:155:do_switch$547$rdmux[0][0][0]$b$2899 [6:0] } = 8'11111111
    Consolidated identical input bits for $mux cell $memory$flatten\cnn_inst.\comm_mem_u0.\spi_u0.\loader_image_sm.$auto$proc_rom.cc:155:do_switch$547$rdmux[0][1][0]$2900:
      Old ports: A=$memory$flatten\cnn_inst.\comm_mem_u0.\spi_u0.\loader_image_sm.$auto$proc_rom.cc:155:do_switch$547$rdmux[0][1][0]$a$2901, B=$memory$flatten\cnn_inst.\comm_mem_u0.\spi_u0.\loader_image_sm.$auto$proc_rom.cc:155:do_switch$547$rdmux[0][1][0]$b$2902, Y=$memory$flatten\cnn_inst.\comm_mem_u0.\spi_u0.\loader_image_sm.$auto$proc_rom.cc:155:do_switch$547$rdmux[0][0][0]$a$2898
      New ports: A={ $memory$flatten\cnn_inst.\comm_mem_u0.\spi_u0.\loader_image_sm.$auto$proc_rom.cc:155:do_switch$547$rdmux[0][1][0]$a$2901 [9] 4'1111 $memory$flatten\cnn_inst.\comm_mem_u0.\spi_u0.\loader_image_sm.$auto$proc_rom.cc:155:do_switch$547$rdmux[0][1][0]$a$2901 [2:0] }, B={ 1'1 $memory$flatten\cnn_inst.\comm_mem_u0.\spi_u0.\loader_image_sm.$auto$proc_rom.cc:155:do_switch$547$rdmux[0][1][0]$b$2902 [6:3] 3'111 }, Y={ $memory$flatten\cnn_inst.\comm_mem_u0.\spi_u0.\loader_image_sm.$auto$proc_rom.cc:155:do_switch$547$rdmux[0][0][0]$a$2898 [9] $memory$flatten\cnn_inst.\comm_mem_u0.\spi_u0.\loader_image_sm.$auto$proc_rom.cc:155:do_switch$547$rdmux[0][0][0]$a$2898 [6:0] }
      New connections: $memory$flatten\cnn_inst.\comm_mem_u0.\spi_u0.\loader_image_sm.$auto$proc_rom.cc:155:do_switch$547$rdmux[0][0][0]$a$2898 [8:7] = 2'11
  Optimizing cells in module \CLASSIFIER_plus_cross_TOP.
Performed a total of 19 changes.

118. Executing OPT_MERGE pass (detect identical cells).
Finding identical cells in module `\CLASSIFIER_plus_cross_TOP'.
<suppressed ~12 debug messages>
Removed a total of 4 cells.

119. Executing OPT_SHARE pass.
    Found cells that share an operand and can be merged by moving the $mux $flatten\cnn_inst.\comm_mem_u0.\spi_u0.$ternary$/home/designer/projects/CNN4IC/unic_cass_wrapper_user_project/CLASSIFIER_plus_cross_TOP/src/spi_cnn_slave_8.v:136$27 in front of them:
        $flatten\cnn_inst.\comm_mem_u0.\spi_u0.$shiftx$/home/designer/projects/CNN4IC/unic_cass_wrapper_user_project/CLASSIFIER_plus_cross_TOP/src/spi_cnn_slave_8.v:136$24
        $flatten\cnn_inst.\comm_mem_u0.\spi_u0.$shiftx$/home/designer/projects/CNN4IC/unic_cass_wrapper_user_project/CLASSIFIER_plus_cross_TOP/src/spi_cnn_slave_8.v:137$26

120. Executing OPT_DFF pass (perform DFF optimizations).

121. Executing OPT_CLEAN pass (remove unused cells and wires).
Finding unused cells or wires in module \CLASSIFIER_plus_cross_TOP..
Removed 0 unused cells and 46 unused wires.
<suppressed ~1 debug messages>

122. Executing OPT_EXPR pass (perform const folding).
Optimizing module CLASSIFIER_plus_cross_TOP.
<suppressed ~2183 debug messages>

123. Rerunning OPT passes. (Maybe there is more to do…)

124. Executing OPT_MUXTREE pass (detect dead branches in mux trees).
Running muxtree optimizer on module \CLASSIFIER_plus_cross_TOP..
  Creating internal representation of mux trees.
  Evaluating internal representation of mux trees.
  Analyzing evaluation results.
Removed 0 multiplexer ports.
<suppressed ~182 debug messages>

125. Executing OPT_REDUCE pass (consolidate $*mux and $reduce_* inputs).
  Optimizing cells in module \CLASSIFIER_plus_cross_TOP.
Performed a total of 0 changes.

126. Executing OPT_MERGE pass (detect identical cells).
Finding identical cells in module `\CLASSIFIER_plus_cross_TOP'.
<suppressed ~5 debug messages>
Removed a total of 1 cells.

127. Executing OPT_SHARE pass.

128. Executing OPT_DFF pass (perform DFF optimizations).

129. Executing OPT_CLEAN pass (remove unused cells and wires).
Finding unused cells or wires in module \CLASSIFIER_plus_cross_TOP..
Removed 0 unused cells and 545 unused wires.
<suppressed ~1 debug messages>

130. Executing OPT_EXPR pass (perform const folding).
Optimizing module CLASSIFIER_plus_cross_TOP.

131. Rerunning OPT passes. (Maybe there is more to do…)

132. Executing OPT_MUXTREE pass (detect dead branches in mux trees).
Running muxtree optimizer on module \CLASSIFIER_plus_cross_TOP..
  Creating internal representation of mux trees.
  Evaluating internal representation of mux trees.
  Analyzing evaluation results.
Removed 0 multiplexer ports.
<suppressed ~182 debug messages>

133. Executing OPT_REDUCE pass (consolidate $*mux and $reduce_* inputs).
  Optimizing cells in module \CLASSIFIER_plus_cross_TOP.
Performed a total of 0 changes.

134. Executing OPT_MERGE pass (detect identical cells).
Finding identical cells in module `\CLASSIFIER_plus_cross_TOP'.
Removed a total of 0 cells.

135. Executing OPT_SHARE pass.

136. Executing OPT_DFF pass (perform DFF optimizations).

137. Executing OPT_CLEAN pass (remove unused cells and wires).
Finding unused cells or wires in module \CLASSIFIER_plus_cross_TOP..

138. Executing OPT_EXPR pass (perform const folding).
Optimizing module CLASSIFIER_plus_cross_TOP.

139. Executing TECHMAP pass (map to technology primitives).

139.1. Executing Verilog-2005 frontend: /nix/store/zlx8k2adfi2x3iglj8r5wkb3fg9k6s2f-yosys-0.60/bin/../share/yosys/techmap.v
Parsing Verilog input from `/nix/store/zlx8k2adfi2x3iglj8r5wkb3fg9k6s2f-yosys-0.60/bin/../share/yosys/techmap.v' to AST representation.
verilog frontend filename /nix/store/zlx8k2adfi2x3iglj8r5wkb3fg9k6s2f-yosys-0.60/bin/../share/yosys/techmap.v
Generating RTLIL representation for module `\_90_simplemap_bool_ops'.
Generating RTLIL representation for module `\_90_simplemap_reduce_ops'.
Generating RTLIL representation for module `\_90_simplemap_logic_ops'.
Generating RTLIL representation for module `\_90_simplemap_compare_ops'.
Generating RTLIL representation for module `\_90_simplemap_various'.
Generating RTLIL representation for module `\_90_simplemap_registers'.
Generating RTLIL representation for module `\_90_shift_ops_shr_shl_sshl_sshr'.
Generating RTLIL representation for module `\_90_shift_shiftx'.
Generating RTLIL representation for module `\_90_fa'.
Generating RTLIL representation for module `\_90_lcu_brent_kung'.
Generating RTLIL representation for module `\_90_alu'.
Generating RTLIL representation for module `\_90_macc'.
Generating RTLIL representation for module `\_90_alumacc'.
Generating RTLIL representation for module `\$__div_mod_u'.
Generating RTLIL representation for module `\$__div_mod_trunc'.
Generating RTLIL representation for module `\_90_div'.
Generating RTLIL representation for module `\_90_mod'.
Generating RTLIL representation for module `\$__div_mod_floor'.
Generating RTLIL representation for module `\_90_divfloor'.
Generating RTLIL representation for module `\_90_modfloor'.
Generating RTLIL representation for module `\_90_pow'.
Generating RTLIL representation for module `\_90_pmux'.
Generating RTLIL representation for module `\_90_demux'.
Generating RTLIL representation for module `\_90_lut'.
Generating RTLIL representation for module `\$connect'.
Generating RTLIL representation for module `\$input_port'.
Successfully finished Verilog frontend.

139.2. Continuing TECHMAP pass.
Using template $paramod$97565c3687be688407d1272a293bd9d0ae6852dc\_90_pmux for cells of type $pmux.
Using template $paramod$78e969f2586efcf3a5b0b0440bcca0db83d5cca2\_90_alu for cells of type $alu.
Using template $paramod$b18e16801adf491a64caa0542270798e5d4ac6b6\_90_alu for cells of type $alu.
Using template $paramod$740b056ede97228d3eae64ea2fdc81f0a33e0fe7\_90_alu for cells of type $alu.
Using template $paramod$00298f3f8094950cb9a5ff2fda48d0d8bde8806c\_90_alu for cells of type $alu.
Using template $paramod$7e708ae28ab761f11d0fb59d3ffc72f6a4baf5d9\_90_alu for cells of type $alu.
Using extmapper simplemap for cells of type $mux.
Using extmapper simplemap for cells of type $not.
Using template $paramod$03b53527b09ab3d29404888b7d241b299d7b96e4\_90_alu for cells of type $alu.
Using template $paramod$32a7b7b86c07519b7537abc18e96f0331f97914d\_90_alu for cells of type $alu.
Using template $paramod$d4c0c20b0ee59f495e14575c4397dc0a6dd9e8e6\_90_alu for cells of type $alu.
Using template $paramod$649fc39eef2451024566705288528c8671211199\_90_alu for cells of type $alu.
Using template $paramod$99501223b6f7e5af250351eeb57edb5403a5ad0b\_90_alu for cells of type $alu.
Using template $paramod$672a140277c71df8314410f22acc08d55222c3c7\_90_alu for cells of type $alu.
Using template $paramod$3ef7d3dd227da7627a99c5e5a6a4deb817573e39\_90_alu for cells of type $alu.
Using template $paramod$103b4016182df467cceab67bcf3e18e6361ec0fd\_90_alu for cells of type $alu.
Using template $paramod$53700bbee849b2010ad0b60a61ccd204a10e24ca\_90_alu for cells of type $alu.
Using extmapper simplemap for cells of type $reduce_and.
Using template $paramod$694f8aada8e1d2b9d9b778ffe851c169b50bc07c\_90_alu for cells of type $alu.
Using template $paramod$dad13a281fa6a9ffd6dd427a87dc9a952e80e9ea\_90_alu for cells of type $alu.
Using extmapper simplemap for cells of type $or.
Using extmapper simplemap for cells of type $xor.
Using extmapper maccmap for cells of type $macc_v2.
  add { 27'000000000000000000000000000 $flatten\cnn_inst.\proc_u0.\cnn_ctrl_u0.\cnn_inst.\cnn_inst.\win_mux.$add$/home/designer/projects/CNN4IC/unic_cass_wrapper_user_project/CLASSIFIER_plus_cross_TOP/src/window_mux_6x6_5x5.v:28$467_Y [4:2] \cnn_inst.proc_u0.cnn_ctrl_u0.cnn_inst.cnn_inst.win_mux.base_idx [2] \cnn_inst.proc_u0.cnn_ctrl_u0.cnn_inst.cnn_inst.win_mux.base_idx [0] } * 3'011 (32x3 bits, signed)
  add { 26'00000000000000000000000000 $flatten\cnn_inst.\proc_u0.\cnn_ctrl_u0.\cnn_inst.\cnn_inst.\win_mux.$add$/home/designer/projects/CNN4IC/unic_cass_wrapper_user_project/CLASSIFIER_plus_cross_TOP/src/window_mux_6x6_5x5.v:28$473_Y [5:0] } * 3'011 (32x3 bits, signed)
  add { 26'00000000000000000000000000 $flatten\cnn_inst.\proc_u0.\cnn_ctrl_u0.\cnn_inst.\cnn_inst.\win_mux.$add$/home/designer/projects/CNN4IC/unic_cass_wrapper_user_project/CLASSIFIER_plus_cross_TOP/src/window_mux_6x6_5x5.v:28$478_Y [5:1] \cnn_inst.proc_u0.cnn_ctrl_u0.cnn_inst.cnn_inst.win_mux.base_idx [0] } * 3'011 (32x3 bits, signed)
  add { 26'00000000000000000000000000 $flatten\cnn_inst.\proc_u0.\cnn_ctrl_u0.\cnn_inst.\cnn_inst.\win_mux.$add$/home/designer/projects/CNN4IC/unic_cass_wrapper_user_project/CLASSIFIER_plus_cross_TOP/src/window_mux_6x6_5x5.v:28$483_Y [5:0] } * 3'011 (32x3 bits, signed)
  add { 26'00000000000000000000000000 $flatten\cnn_inst.\proc_u0.\cnn_ctrl_u0.\cnn_inst.\cnn_inst.\win_mux.$add$/home/designer/projects/CNN4IC/unic_cass_wrapper_user_project/CLASSIFIER_plus_cross_TOP/src/window_mux_6x6_5x5.v:28$488_Y [5:2] \cnn_inst.proc_u0.cnn_ctrl_u0.cnn_inst.cnn_inst.win_mux.base_idx [2] \cnn_inst.proc_u0.cnn_ctrl_u0.cnn_inst.cnn_inst.win_mux.base_idx [0] } * 3'011 (32x3 bits, signed)
  add { 28'0000000000000000000000000001 $flatten\cnn_inst.\proc_u0.\cnn_ctrl_u0.\cnn_inst.\cnn_inst.\win_mux.$add$/home/designer/projects/CNN4IC/unic_cass_wrapper_user_project/CLASSIFIER_plus_cross_TOP/src/window_mux_6x6_5x5.v:28$428_Y [3:2] $auto$alumacc.cc:528:replace_alu$2166 [1] \cnn_inst.proc_u0.cnn_ctrl_u0.cnn_inst.cnn_inst.win_mux.base_idx [0] } * 3'011 (32x3 bits, signed)
  add { 26'00000000000000000000000000 $flatten\cnn_inst.\proc_u0.\cnn_ctrl_u0.\cnn_inst.\cnn_inst.\win_mux.$add$/home/designer/projects/CNN4IC/unic_cass_wrapper_user_project/CLASSIFIER_plus_cross_TOP/src/window_mux_6x6_5x5.v:28$498_Y [5:0] } * 3'011 (32x3 bits, signed)
  add { 26'00000000000000000000000000 $flatten\cnn_inst.\proc_u0.\cnn_ctrl_u0.\cnn_inst.\cnn_inst.\win_mux.$add$/home/designer/projects/CNN4IC/unic_cass_wrapper_user_project/CLASSIFIER_plus_cross_TOP/src/window_mux_6x6_5x5.v:28$503_Y [5:1] \cnn_inst.proc_u0.cnn_ctrl_u0.cnn_inst.cnn_inst.win_mux.base_idx [0] } * 3'011 (32x3 bits, signed)
  add { 26'00000000000000000000000000 $flatten\cnn_inst.\proc_u0.\cnn_ctrl_u0.\cnn_inst.\cnn_inst.\win_mux.$add$/home/designer/projects/CNN4IC/unic_cass_wrapper_user_project/CLASSIFIER_plus_cross_TOP/src/window_mux_6x6_5x5.v:28$508_Y [5:0] } * 3'011 (32x3 bits, signed)
  add { 26'00000000000000000000000000 $flatten\cnn_inst.\proc_u0.\cnn_ctrl_u0.\cnn_inst.\cnn_inst.\win_mux.$add$/home/designer/projects/CNN4IC/unic_cass_wrapper_user_project/CLASSIFIER_plus_cross_TOP/src/window_mux_6x6_5x5.v:28$513_Y [5:2] $auto$alumacc.cc:528:replace_alu$2166 [1] \cnn_inst.proc_u0.cnn_ctrl_u0.cnn_inst.cnn_inst.win_mux.base_idx [0] } * 3'011 (32x3 bits, signed)
  add { $flatten\cnn_inst.\proc_u0.\cnn_ctrl_u0.\cnn_inst.\frag_mux.$add$/home/designer/projects/CNN4IC/unic_cass_wrapper_user_project/CLASSIFIER_plus_cross_TOP/src/fragment_mux_10x10_6x6.v:34$200_Y [31:1] 1'1 } * 3'011 (32x3 bits, signed)
  add { $flatten\cnn_inst.\proc_u0.\cnn_ctrl_u0.\cnn_inst.\frag_mux.$add$/home/designer/projects/CNN4IC/unic_cass_wrapper_user_project/CLASSIFIER_plus_cross_TOP/src/fragment_mux_10x10_6x6.v:34$200_Y [31:1] 1'0 } * 3'011 (32x3 bits, signed)
  add { 28'0000000000000000000000000000 $flatten\cnn_inst.\proc_u0.\cnn_ctrl_u0.\cnn_inst.\frag_mux.$add$/home/designer/projects/CNN4IC/unic_cass_wrapper_user_project/CLASSIFIER_plus_cross_TOP/src/fragment_mux_10x10_6x6.v:34$197_Y [3:1] 1'0 } * 4'0101 (32x4 bits, signed)
  add { $flatten\cnn_inst.\proc_u0.\cnn_ctrl_u0.\cnn_inst.\frag_mux.$add$/home/designer/projects/CNN4IC/unic_cass_wrapper_user_project/CLASSIFIER_plus_cross_TOP/src/fragment_mux_10x10_6x6.v:34$186_Y [31:1] 1'1 } * 3'011 (32x3 bits, signed)
  add { $flatten\cnn_inst.\proc_u0.\cnn_ctrl_u0.\cnn_inst.\frag_mux.$add$/home/designer/projects/CNN4IC/unic_cass_wrapper_user_project/CLASSIFIER_plus_cross_TOP/src/fragment_mux_10x10_6x6.v:34$186_Y [31:1] 1'0 } * 3'011 (32x3 bits, signed)
  add { $flatten\cnn_inst.\proc_u0.\cnn_ctrl_u0.\cnn_inst.\frag_mux.$add$/home/designer/projects/CNN4IC/unic_cass_wrapper_user_project/CLASSIFIER_plus_cross_TOP/src/fragment_mux_10x10_6x6.v:34$172_Y [31:1] 1'1 } * 3'011 (32x3 bits, signed)
  add { $flatten\cnn_inst.\proc_u0.\cnn_ctrl_u0.\cnn_inst.\frag_mux.$add$/home/designer/projects/CNN4IC/unic_cass_wrapper_user_project/CLASSIFIER_plus_cross_TOP/src/fragment_mux_10x10_6x6.v:34$172_Y [31:1] 1'0 } * 3'011 (32x3 bits, signed)
  add { $flatten\cnn_inst.\proc_u0.\cnn_ctrl_u0.\cnn_inst.\frag_mux.$add$/home/designer/projects/CNN4IC/unic_cass_wrapper_user_project/CLASSIFIER_plus_cross_TOP/src/fragment_mux_10x10_6x6.v:34$158_Y [31:1] 1'1 } * 3'011 (32x3 bits, signed)
  add { $flatten\cnn_inst.\proc_u0.\cnn_ctrl_u0.\cnn_inst.\frag_mux.$add$/home/designer/projects/CNN4IC/unic_cass_wrapper_user_project/CLASSIFIER_plus_cross_TOP/src/fragment_mux_10x10_6x6.v:34$158_Y [31:1] 1'0 } * 3'011 (32x3 bits, signed)
  add { 29'00000000000000000000000000000 \cnn_inst.proc_u0.cnn_ctrl_u0.cnn_inst.frag_mux.base_row [2:1] 1'1 } * 4'0101 (32x4 bits, signed)
  add { $flatten\cnn_inst.\proc_u0.\cnn_ctrl_u0.\cnn_inst.\frag_mux.$add$/home/designer/projects/CNN4IC/unic_cass_wrapper_user_project/CLASSIFIER_plus_cross_TOP/src/fragment_mux_10x10_6x6.v:34$144_Y [31:1] 1'1 } * 3'011 (32x3 bits, signed)
  add { $flatten\cnn_inst.\proc_u0.\cnn_ctrl_u0.\cnn_inst.\frag_mux.$add$/home/designer/projects/CNN4IC/unic_cass_wrapper_user_project/CLASSIFIER_plus_cross_TOP/src/fragment_mux_10x10_6x6.v:34$144_Y [31:1] 1'0 } * 3'011 (32x3 bits, signed)
  add { $flatten\cnn_inst.\proc_u0.\cnn_ctrl_u0.\cnn_inst.\frag_mux.$add$/home/designer/projects/CNN4IC/unic_cass_wrapper_user_project/CLASSIFIER_plus_cross_TOP/src/fragment_mux_10x10_6x6.v:34$130_Y [31:1] 1'1 } * 3'011 (32x3 bits, signed)
  add { $flatten\cnn_inst.\proc_u0.\cnn_ctrl_u0.\cnn_inst.\frag_mux.$add$/home/designer/projects/CNN4IC/unic_cass_wrapper_user_project/CLASSIFIER_plus_cross_TOP/src/fragment_mux_10x10_6x6.v:34$130_Y [31:1] 1'0 } * 3'011 (32x3 bits, signed)
  add { $flatten\cnn_inst.\proc_u0.\cnn_ctrl_u0.\cnn_inst.\frag_mux.$add$/home/designer/projects/CNN4IC/unic_cass_wrapper_user_project/CLASSIFIER_plus_cross_TOP/src/fragment_mux_10x10_6x6.v:34$116_Y [31:1] 1'1 } * 3'011 (32x3 bits, signed)
  add { $flatten\cnn_inst.\proc_u0.\cnn_ctrl_u0.\cnn_inst.\frag_mux.$add$/home/designer/projects/CNN4IC/unic_cass_wrapper_user_project/CLASSIFIER_plus_cross_TOP/src/fragment_mux_10x10_6x6.v:34$116_Y [31:1] 1'0 } * 3'011 (32x3 bits, signed)
  add { 29'00000000000000000000000000000 \cnn_inst.proc_u0.cnn_ctrl_u0.cnn_inst.frag_mux.base_row [2:1] 1'0 } * 4'0101 (32x4 bits, signed)
  add { 29'00000000000000000000000000011 \cnn_inst.proc_u0.cnn_ctrl_u0.cnn_inst.cnn_inst.win_mux.base_idx [2] \cnn_inst.proc_u0.cnn_ctrl_u0.cnn_inst.cnn_inst.win_mux.base_idx [2] \cnn_inst.proc_u0.cnn_ctrl_u0.cnn_inst.cnn_inst.win_mux.base_idx [0] } * 3'011 (32x3 bits, signed)
  add { 26'00000000000000000000000000 $flatten\cnn_inst.\proc_u0.\cnn_ctrl_u0.\cnn_inst.\cnn_inst.\win_mux.$add$/home/designer/projects/CNN4IC/unic_cass_wrapper_user_project/CLASSIFIER_plus_cross_TOP/src/window_mux_6x6_5x5.v:28$523_Y [5:0] } * 3'011 (32x3 bits, signed)
  add { 26'00000000000000000000000000 $flatten\cnn_inst.\proc_u0.\cnn_ctrl_u0.\cnn_inst.\cnn_inst.\win_mux.$add$/home/designer/projects/CNN4IC/unic_cass_wrapper_user_project/CLASSIFIER_plus_cross_TOP/src/window_mux_6x6_5x5.v:28$528_Y [5:1] \cnn_inst.proc_u0.cnn_ctrl_u0.cnn_inst.cnn_inst.win_mux.base_idx [0] } * 3'011 (32x3 bits, signed)
  add { 26'00000000000000000000000000 $flatten\cnn_inst.\proc_u0.\cnn_ctrl_u0.\cnn_inst.\cnn_inst.\win_mux.$add$/home/designer/projects/CNN4IC/unic_cass_wrapper_user_project/CLASSIFIER_plus_cross_TOP/src/window_mux_6x6_5x5.v:28$533_Y [5:0] } * 3'011 (32x3 bits, signed)
  add { 26'00000000000000000000000000 $flatten\cnn_inst.\proc_u0.\cnn_ctrl_u0.\cnn_inst.\cnn_inst.\win_mux.$add$/home/designer/projects/CNN4IC/unic_cass_wrapper_user_project/CLASSIFIER_plus_cross_TOP/src/window_mux_6x6_5x5.v:28$538_Y [5:2] \cnn_inst.proc_u0.cnn_ctrl_u0.cnn_inst.cnn_inst.win_mux.base_idx [2] \cnn_inst.proc_u0.cnn_ctrl_u0.cnn_inst.cnn_inst.win_mux.base_idx [0] } * 3'011 (32x3 bits, signed)
  add { 29'00000000000000000000000000000 \cnn_inst.proc_u0.cnn_ctrl_u0.cnn_inst.cnn_inst.win_mux.base_idx [2] \cnn_inst.proc_u0.cnn_ctrl_u0.cnn_inst.cnn_inst.win_mux.base_idx [2] \cnn_inst.proc_u0.cnn_ctrl_u0.cnn_inst.cnn_inst.win_mux.base_idx [0] } * 3'011 (32x3 bits, signed)
  add \cnn_inst.proc_u0.cnn_ctrl_u0.cnn_inst.cnn_inst.mac_inst.px [2:0] * \cnn_inst.proc_u0.cnn_ctrl_u0.kernel_reg [2:0] (3x3 bits, signed)
  add \cnn_inst.proc_u0.cnn_ctrl_u0.cnn_inst.cnn_inst.mac_inst.px [74:72] * \cnn_inst.proc_u0.cnn_ctrl_u0.kernel_reg [74:72] (3x3 bits, signed)
  add \cnn_inst.proc_u0.cnn_ctrl_u0.cnn_inst.cnn_inst.mac_inst.px [71:69] * \cnn_inst.proc_u0.cnn_ctrl_u0.kernel_reg [71:69] (3x3 bits, signed)
  add \cnn_inst.proc_u0.cnn_ctrl_u0.cnn_inst.cnn_inst.mac_inst.px [68:66] * \cnn_inst.proc_u0.cnn_ctrl_u0.kernel_reg [68:66] (3x3 bits, signed)
  add \cnn_inst.proc_u0.cnn_ctrl_u0.cnn_inst.cnn_inst.mac_inst.px [65:63] * \cnn_inst.proc_u0.cnn_ctrl_u0.kernel_reg [65:63] (3x3 bits, signed)
  add \cnn_inst.proc_u0.cnn_ctrl_u0.cnn_inst.cnn_inst.mac_inst.px [62:60] * \cnn_inst.proc_u0.cnn_ctrl_u0.kernel_reg [62:60] (3x3 bits, signed)
  add \cnn_inst.proc_u0.cnn_ctrl_u0.cnn_inst.cnn_inst.mac_inst.px [59:57] * \cnn_inst.proc_u0.cnn_ctrl_u0.kernel_reg [59:57] (3x3 bits, signed)
  add \cnn_inst.proc_u0.cnn_ctrl_u0.cnn_inst.cnn_inst.mac_inst.px [56:54] * \cnn_inst.proc_u0.cnn_ctrl_u0.kernel_reg [56:54] (3x3 bits, signed)
  add \cnn_inst.proc_u0.cnn_ctrl_u0.cnn_inst.cnn_inst.mac_inst.px [53:51] * \cnn_inst.proc_u0.cnn_ctrl_u0.kernel_reg [53:51] (3x3 bits, signed)
  add \cnn_inst.proc_u0.cnn_ctrl_u0.cnn_inst.cnn_inst.mac_inst.px [50:48] * \cnn_inst.proc_u0.cnn_ctrl_u0.kernel_reg [50:48] (3x3 bits, signed)
  add \cnn_inst.proc_u0.cnn_ctrl_u0.cnn_inst.cnn_inst.mac_inst.px [47:45] * \cnn_inst.proc_u0.cnn_ctrl_u0.kernel_reg [47:45] (3x3 bits, signed)
  add \cnn_inst.proc_u0.cnn_ctrl_u0.cnn_inst.cnn_inst.mac_inst.px [44:42] * \cnn_inst.proc_u0.cnn_ctrl_u0.kernel_reg [44:42] (3x3 bits, signed)
  add \cnn_inst.proc_u0.cnn_ctrl_u0.cnn_inst.cnn_inst.mac_inst.px [41:39] * \cnn_inst.proc_u0.cnn_ctrl_u0.kernel_reg [41:39] (3x3 bits, signed)
  add \cnn_inst.proc_u0.cnn_ctrl_u0.cnn_inst.cnn_inst.mac_inst.px [38:36] * \cnn_inst.proc_u0.cnn_ctrl_u0.kernel_reg [38:36] (3x3 bits, signed)
  add \cnn_inst.proc_u0.cnn_ctrl_u0.cnn_inst.cnn_inst.mac_inst.px [35:33] * \cnn_inst.proc_u0.cnn_ctrl_u0.kernel_reg [35:33] (3x3 bits, signed)
  add \cnn_inst.proc_u0.cnn_ctrl_u0.cnn_inst.cnn_inst.mac_inst.px [32:30] * \cnn_inst.proc_u0.cnn_ctrl_u0.kernel_reg [32:30] (3x3 bits, signed)
  add \cnn_inst.proc_u0.cnn_ctrl_u0.cnn_inst.cnn_inst.mac_inst.px [29:27] * \cnn_inst.proc_u0.cnn_ctrl_u0.kernel_reg [29:27] (3x3 bits, signed)
  add \cnn_inst.proc_u0.cnn_ctrl_u0.cnn_inst.cnn_inst.mac_inst.px [26:24] * \cnn_inst.proc_u0.cnn_ctrl_u0.kernel_reg [26:24] (3x3 bits, signed)
  add \cnn_inst.proc_u0.cnn_ctrl_u0.cnn_inst.cnn_inst.mac_inst.px [23:21] * \cnn_inst.proc_u0.cnn_ctrl_u0.kernel_reg [23:21] (3x3 bits, signed)
  add \cnn_inst.proc_u0.cnn_ctrl_u0.cnn_inst.cnn_inst.mac_inst.px [20:18] * \cnn_inst.proc_u0.cnn_ctrl_u0.kernel_reg [20:18] (3x3 bits, signed)
  add \cnn_inst.proc_u0.cnn_ctrl_u0.cnn_inst.cnn_inst.mac_inst.px [17:15] * \cnn_inst.proc_u0.cnn_ctrl_u0.kernel_reg [17:15] (3x3 bits, signed)
  add \cnn_inst.proc_u0.cnn_ctrl_u0.cnn_inst.cnn_inst.mac_inst.px [14:12] * \cnn_inst.proc_u0.cnn_ctrl_u0.kernel_reg [14:12] (3x3 bits, signed)
  add \cnn_inst.proc_u0.cnn_ctrl_u0.cnn_inst.cnn_inst.mac_inst.px [11:9] * \cnn_inst.proc_u0.cnn_ctrl_u0.kernel_reg [11:9] (3x3 bits, signed)
  add \cnn_inst.proc_u0.cnn_ctrl_u0.cnn_inst.cnn_inst.mac_inst.px [8:6] * \cnn_inst.proc_u0.cnn_ctrl_u0.kernel_reg [8:6] (3x3 bits, signed)
  add \cnn_inst.proc_u0.cnn_ctrl_u0.cnn_inst.cnn_inst.mac_inst.px [5:3] * \cnn_inst.proc_u0.cnn_ctrl_u0.kernel_reg [5:3] (3x3 bits, signed)
  packed 76 (19) bits / 19 words into adder tree
  add { $flatten\cnn_inst.\proc_u0.\cnn_ctrl_u0.\cnn_inst.\frag_mux.$add$/home/designer/projects/CNN4IC/unic_cass_wrapper_user_project/CLASSIFIER_plus_cross_TOP/src/fragment_mux_10x10_6x6.v:34$340_Y [31:1] 1'1 } * 3'011 (32x3 bits, signed)
  add { $flatten\cnn_inst.\proc_u0.\cnn_ctrl_u0.\cnn_inst.\frag_mux.$add$/home/designer/projects/CNN4IC/unic_cass_wrapper_user_project/CLASSIFIER_plus_cross_TOP/src/fragment_mux_10x10_6x6.v:34$340_Y [31:1] 1'0 } * 3'011 (32x3 bits, signed)
  add { $flatten\cnn_inst.\proc_u0.\cnn_ctrl_u0.\cnn_inst.\frag_mux.$add$/home/designer/projects/CNN4IC/unic_cass_wrapper_user_project/CLASSIFIER_plus_cross_TOP/src/fragment_mux_10x10_6x6.v:34$326_Y [31:1] 1'1 } * 3'011 (32x3 bits, signed)
  add { $flatten\cnn_inst.\proc_u0.\cnn_ctrl_u0.\cnn_inst.\frag_mux.$add$/home/designer/projects/CNN4IC/unic_cass_wrapper_user_project/CLASSIFIER_plus_cross_TOP/src/fragment_mux_10x10_6x6.v:34$326_Y [31:1] 1'0 } * 3'011 (32x3 bits, signed)
  add { 28'0000000000000000000000000000 $flatten\cnn_inst.\proc_u0.\cnn_ctrl_u0.\cnn_inst.\frag_mux.$add$/home/designer/projects/CNN4IC/unic_cass_wrapper_user_project/CLASSIFIER_plus_cross_TOP/src/fragment_mux_10x10_6x6.v:34$281_Y [3:2] \cnn_inst.proc_u0.cnn_ctrl_u0.cnn_inst.frag_mux.base_row [1] 1'1 } * 4'0101 (32x4 bits, signed)
  add { $flatten\cnn_inst.\proc_u0.\cnn_ctrl_u0.\cnn_inst.\frag_mux.$add$/home/designer/projects/CNN4IC/unic_cass_wrapper_user_project/CLASSIFIER_plus_cross_TOP/src/fragment_mux_10x10_6x6.v:34$312_Y [31:1] 1'1 } * 3'011 (32x3 bits, signed)
  add { $flatten\cnn_inst.\proc_u0.\cnn_ctrl_u0.\cnn_inst.\frag_mux.$add$/home/designer/projects/CNN4IC/unic_cass_wrapper_user_project/CLASSIFIER_plus_cross_TOP/src/fragment_mux_10x10_6x6.v:34$312_Y [31:1] 1'0 } * 3'011 (32x3 bits, signed)
  add { $flatten\cnn_inst.\proc_u0.\cnn_ctrl_u0.\cnn_inst.\frag_mux.$add$/home/designer/projects/CNN4IC/unic_cass_wrapper_user_project/CLASSIFIER_plus_cross_TOP/src/fragment_mux_10x10_6x6.v:34$298_Y [31:1] 1'1 } * 3'011 (32x3 bits, signed)
  add { $flatten\cnn_inst.\proc_u0.\cnn_ctrl_u0.\cnn_inst.\frag_mux.$add$/home/designer/projects/CNN4IC/unic_cass_wrapper_user_project/CLASSIFIER_plus_cross_TOP/src/fragment_mux_10x10_6x6.v:34$298_Y [31:1] 1'0 } * 3'011 (32x3 bits, signed)
  add { $flatten\cnn_inst.\proc_u0.\cnn_ctrl_u0.\cnn_inst.\frag_mux.$add$/home/designer/projects/CNN4IC/unic_cass_wrapper_user_project/CLASSIFIER_plus_cross_TOP/src/fragment_mux_10x10_6x6.v:34$284_Y [31:1] 1'1 } * 3'011 (32x3 bits, signed)
  add { $flatten\cnn_inst.\proc_u0.\cnn_ctrl_u0.\cnn_inst.\frag_mux.$add$/home/designer/projects/CNN4IC/unic_cass_wrapper_user_project/CLASSIFIER_plus_cross_TOP/src/fragment_mux_10x10_6x6.v:34$284_Y [31:1] 1'0 } * 3'011 (32x3 bits, signed)
  add { 28'0000000000000000000000000000 $flatten\cnn_inst.\proc_u0.\cnn_ctrl_u0.\cnn_inst.\frag_mux.$add$/home/designer/projects/CNN4IC/unic_cass_wrapper_user_project/CLASSIFIER_plus_cross_TOP/src/fragment_mux_10x10_6x6.v:34$281_Y [3:2] \cnn_inst.proc_u0.cnn_ctrl_u0.cnn_inst.frag_mux.base_row [1] 1'0 } * 4'0101 (32x4 bits, signed)
  add { $flatten\cnn_inst.\proc_u0.\cnn_ctrl_u0.\cnn_inst.\frag_mux.$add$/home/designer/projects/CNN4IC/unic_cass_wrapper_user_project/CLASSIFIER_plus_cross_TOP/src/fragment_mux_10x10_6x6.v:34$270_Y [31:1] 1'1 } * 3'011 (32x3 bits, signed)
  add { $flatten\cnn_inst.\proc_u0.\cnn_ctrl_u0.\cnn_inst.\frag_mux.$add$/home/designer/projects/CNN4IC/unic_cass_wrapper_user_project/CLASSIFIER_plus_cross_TOP/src/fragment_mux_10x10_6x6.v:34$270_Y [31:1] 1'0 } * 3'011 (32x3 bits, signed)
  add { $flatten\cnn_inst.\proc_u0.\cnn_ctrl_u0.\cnn_inst.\frag_mux.$add$/home/designer/projects/CNN4IC/unic_cass_wrapper_user_project/CLASSIFIER_plus_cross_TOP/src/fragment_mux_10x10_6x6.v:34$256_Y [31:1] 1'1 } * 3'011 (32x3 bits, signed)
  add { $flatten\cnn_inst.\proc_u0.\cnn_ctrl_u0.\cnn_inst.\frag_mux.$add$/home/designer/projects/CNN4IC/unic_cass_wrapper_user_project/CLASSIFIER_plus_cross_TOP/src/fragment_mux_10x10_6x6.v:34$256_Y [31:1] 1'0 } * 3'011 (32x3 bits, signed)
  add { $flatten\cnn_inst.\proc_u0.\cnn_ctrl_u0.\cnn_inst.\frag_mux.$add$/home/designer/projects/CNN4IC/unic_cass_wrapper_user_project/CLASSIFIER_plus_cross_TOP/src/fragment_mux_10x10_6x6.v:34$242_Y [31:1] 1'1 } * 3'011 (32x3 bits, signed)
  add { $flatten\cnn_inst.\proc_u0.\cnn_ctrl_u0.\cnn_inst.\frag_mux.$add$/home/designer/projects/CNN4IC/unic_cass_wrapper_user_project/CLASSIFIER_plus_cross_TOP/src/fragment_mux_10x10_6x6.v:34$242_Y [31:1] 1'0 } * 3'011 (32x3 bits, signed)
  add { 28'0000000000000000000000000000 $flatten\cnn_inst.\proc_u0.\cnn_ctrl_u0.\cnn_inst.\frag_mux.$add$/home/designer/projects/CNN4IC/unic_cass_wrapper_user_project/CLASSIFIER_plus_cross_TOP/src/fragment_mux_10x10_6x6.v:34$197_Y [3:1] 1'1 } * 4'0101 (32x4 bits, signed)
  add { $flatten\cnn_inst.\proc_u0.\cnn_ctrl_u0.\cnn_inst.\frag_mux.$add$/home/designer/projects/CNN4IC/unic_cass_wrapper_user_project/CLASSIFIER_plus_cross_TOP/src/fragment_mux_10x10_6x6.v:34$228_Y [31:1] 1'1 } * 3'011 (32x3 bits, signed)
  add { $flatten\cnn_inst.\proc_u0.\cnn_ctrl_u0.\cnn_inst.\frag_mux.$add$/home/designer/projects/CNN4IC/unic_cass_wrapper_user_project/CLASSIFIER_plus_cross_TOP/src/fragment_mux_10x10_6x6.v:34$228_Y [31:1] 1'0 } * 3'011 (32x3 bits, signed)
  add { $flatten\cnn_inst.\proc_u0.\cnn_ctrl_u0.\cnn_inst.\frag_mux.$add$/home/designer/projects/CNN4IC/unic_cass_wrapper_user_project/CLASSIFIER_plus_cross_TOP/src/fragment_mux_10x10_6x6.v:34$214_Y [31:1] 1'1 } * 3'011 (32x3 bits, signed)
  add { $flatten\cnn_inst.\proc_u0.\cnn_ctrl_u0.\cnn_inst.\frag_mux.$add$/home/designer/projects/CNN4IC/unic_cass_wrapper_user_project/CLASSIFIER_plus_cross_TOP/src/fragment_mux_10x10_6x6.v:34$214_Y [31:1] 1'0 } * 3'011 (32x3 bits, signed)
  add { $flatten\cnn_inst.\proc_u0.\cnn_ctrl_u0.\cnn_inst.\frag_mux.$add$/home/designer/projects/CNN4IC/unic_cass_wrapper_user_project/CLASSIFIER_plus_cross_TOP/src/fragment_mux_10x10_6x6.v:34$354_Y [31:1] 1'1 } * 3'011 (32x3 bits, signed)
  add { $flatten\cnn_inst.\proc_u0.\cnn_ctrl_u0.\cnn_inst.\frag_mux.$add$/home/designer/projects/CNN4IC/unic_cass_wrapper_user_project/CLASSIFIER_plus_cross_TOP/src/fragment_mux_10x10_6x6.v:34$354_Y [31:1] 1'0 } * 3'011 (32x3 bits, signed)
  add { 28'0000000000000000000000000000 $flatten\cnn_inst.\proc_u0.\cnn_ctrl_u0.\cnn_inst.\cnn_inst.\win_mux.$add$/home/designer/projects/CNN4IC/unic_cass_wrapper_user_project/CLASSIFIER_plus_cross_TOP/src/window_mux_6x6_5x5.v:28$423_Y [3:0] } * 3'011 (32x3 bits, signed)
  add { 28'0000000000000000000000000000 $flatten\cnn_inst.\proc_u0.\cnn_ctrl_u0.\cnn_inst.\cnn_inst.\win_mux.$add$/home/designer/projects/CNN4IC/unic_cass_wrapper_user_project/CLASSIFIER_plus_cross_TOP/src/window_mux_6x6_5x5.v:28$428_Y [3:2] $auto$alumacc.cc:528:replace_alu$2166 [1] \cnn_inst.proc_u0.cnn_ctrl_u0.cnn_inst.cnn_inst.win_mux.base_idx [0] } * 3'011 (32x3 bits, signed)
  add { 28'0000000000000000000000000000 $flatten\cnn_inst.\proc_u0.\cnn_ctrl_u0.\cnn_inst.\cnn_inst.\win_mux.$add$/home/designer/projects/CNN4IC/unic_cass_wrapper_user_project/CLASSIFIER_plus_cross_TOP/src/window_mux_6x6_5x5.v:28$433_Y [3:0] } * 3'011 (32x3 bits, signed)
  add { 28'0000000000000000000000000000 $flatten\cnn_inst.\proc_u0.\cnn_ctrl_u0.\cnn_inst.\cnn_inst.\win_mux.$add$/home/designer/projects/CNN4IC/unic_cass_wrapper_user_project/CLASSIFIER_plus_cross_TOP/src/window_mux_6x6_5x5.v:28$438_Y [3:2] \cnn_inst.proc_u0.cnn_ctrl_u0.cnn_inst.cnn_inst.win_mux.base_idx [2] \cnn_inst.proc_u0.cnn_ctrl_u0.cnn_inst.cnn_inst.win_mux.base_idx [0] } * 3'011 (32x3 bits, signed)
  add { 28'0000000000000000000000000000 $flatten\cnn_inst.\proc_u0.\cnn_ctrl_u0.\cnn_inst.\cnn_inst.\win_mux.$add$/home/designer/projects/CNN4IC/unic_cass_wrapper_user_project/CLASSIFIER_plus_cross_TOP/src/window_mux_6x6_5x5.v:28$442_Y [3:2] $auto$alumacc.cc:528:replace_alu$2136 [1] \cnn_inst.proc_u0.cnn_ctrl_u0.cnn_inst.cnn_inst.win_mux.base_idx [0] } * 3'011 (32x3 bits, signed)
  add { 27'000000000000000000000000000 $flatten\cnn_inst.\proc_u0.\cnn_ctrl_u0.\cnn_inst.\cnn_inst.\win_mux.$add$/home/designer/projects/CNN4IC/unic_cass_wrapper_user_project/CLASSIFIER_plus_cross_TOP/src/window_mux_6x6_5x5.v:28$448_Y [4:0] } * 3'011 (32x3 bits, signed)
  add { 27'000000000000000000000000000 $flatten\cnn_inst.\proc_u0.\cnn_ctrl_u0.\cnn_inst.\cnn_inst.\win_mux.$add$/home/designer/projects/CNN4IC/unic_cass_wrapper_user_project/CLASSIFIER_plus_cross_TOP/src/window_mux_6x6_5x5.v:28$453_Y [4:1] \cnn_inst.proc_u0.cnn_ctrl_u0.cnn_inst.cnn_inst.win_mux.base_idx [0] } * 3'011 (32x3 bits, signed)
  add { 27'000000000000000000000000000 $flatten\cnn_inst.\proc_u0.\cnn_ctrl_u0.\cnn_inst.\cnn_inst.\win_mux.$add$/home/designer/projects/CNN4IC/unic_cass_wrapper_user_project/CLASSIFIER_plus_cross_TOP/src/window_mux_6x6_5x5.v:28$458_Y [4:0] } * 3'011 (32x3 bits, signed)
  add { 27'000000000000000000000000000 $flatten\cnn_inst.\proc_u0.\cnn_ctrl_u0.\cnn_inst.\cnn_inst.\win_mux.$add$/home/designer/projects/CNN4IC/unic_cass_wrapper_user_project/CLASSIFIER_plus_cross_TOP/src/window_mux_6x6_5x5.v:28$463_Y [4:2] $auto$alumacc.cc:528:replace_alu$2136 [1] \cnn_inst.proc_u0.cnn_ctrl_u0.cnn_inst.cnn_inst.win_mux.base_idx [0] } * 3'011 (32x3 bits, signed)
Using extmapper simplemap for cells of type $sdffe.
Using extmapper simplemap for cells of type $adffe.
Using extmapper simplemap for cells of type $dffe.
Using extmapper simplemap for cells of type $ne.
Using extmapper simplemap for cells of type $reduce_bool.
Using extmapper simplemap for cells of type $and.
Using extmapper simplemap for cells of type $reduce_or.
Using extmapper simplemap for cells of type $adff.
Using extmapper simplemap for cells of type $logic_not.
Using extmapper simplemap for cells of type $eq.
Using template $paramod$constmap:468524f4f9ff4ed71f2ffa4ad622800854dc859e$paramod$2809e20dc3d70545094fdae142518905de1396fd\_90_shift_shiftx for cells of type $shiftx.
Using template $paramod$constmap:8ff5a113a49ee0b64543b626e1dd5518654c3eeb$paramod$33869bfdbe073eda101c85ce0c72477d000b4bc9\_90_shift_shiftx for cells of type $shiftx.
Using extmapper simplemap for cells of type $logic_and.
Using template $paramod$b756e651b7db7aeb455331d9a2df073db93fcc2e\_90_pmux for cells of type $pmux.
Using template $paramod$constmap:f92ab7cd6fa7756dad9b01ce722b51ca1f7823f6$paramod$7fd672e7a6cb1617ac8b51145594bbfd9a543875\_90_shift_shiftx for cells of type $shift.
Analyzing pattern of constant bits for this cell:
  Constant input on bit 0 of port A: 1'1
Creating constmapped module `$paramod$constmap:ae2eb4ba9897dacbedb4558d6dc0c80e7e239b20$paramod$7fd672e7a6cb1617ac8b51145594bbfd9a543875\_90_shift_shiftx'.

139.54. Executing OPT_MUXTREE pass (detect dead branches in mux trees).
Running muxtree optimizer on module $paramod$constmap:ae2eb4ba9897dacbedb4558d6dc0c80e7e239b20$paramod$7fd672e7a6cb1617ac8b51145594bbfd9a543875\_90_shift_shiftx..
  Creating internal representation of mux trees.
  Evaluating internal representation of mux trees.
  Analyzing evaluation results.
    dead port 2/2 on $mux $procmux$8013.
    dead port 2/2 on $mux $procmux$8007.
    dead port 2/2 on $mux $procmux$8001.
Removed 3 multiplexer ports.
<suppressed ~2306 debug messages>

139.55. Executing OPT_EXPR pass (perform const folding).
Optimizing module $paramod$constmap:ae2eb4ba9897dacbedb4558d6dc0c80e7e239b20$paramod$7fd672e7a6cb1617ac8b51145594bbfd9a543875\_90_shift_shiftx.
<suppressed ~31 debug messages>
Removed 0 unused cells and 9 unused wires.
Using template $paramod$constmap:ae2eb4ba9897dacbedb4558d6dc0c80e7e239b20$paramod$7fd672e7a6cb1617ac8b51145594bbfd9a543875\_90_shift_shiftx for cells of type $shift.
Using extmapper simplemap for cells of type $tribuf.
Using template $paramod$constmap:0f08473257a50ac6549809a50be9154ccb6bed88$paramod$2946c6b859aa2752201bd458da4a1bc8333accc9\_90_shift_shiftx for cells of type $shiftx.
Using template $paramod\_90_fa\WIDTH=32'00000000000000000000000000100000 for cells of type $fa.
Using template $paramod$fbc7873bff55778c0b3173955b7e4bce1d9d6834\_90_alu for cells of type $alu.
Using template $paramod\_90_fa\WIDTH=32'00000000000000000000000000011111 for cells of type $fa.
Using template $paramod$ebf89ea36a793f0f77858f212141d47c833068ad\_90_alu for cells of type $alu.
Using template $paramod\_90_fa\WIDTH=32'00000000000000000000000000000001 for cells of type $fa.
Using template $paramod\_90_fa\WIDTH=32'00000000000000000000000000000100 for cells of type $fa.
Using template $paramod\_90_fa\WIDTH=32'00000000000000000000000000010000 for cells of type $fa.
Using template $paramod$6df0329addda9228fcc2546de2aaf14ad26c98e1\_90_alu for cells of type $alu.
Using extmapper simplemap for cells of type $pos.
Using template $paramod\_90_fa\WIDTH=32'00000000000000000000000000000101 for cells of type $fa.
Using template $paramod\_90_lcu_brent_kung\WIDTH=32'00000000000000000000000000011111 for cells of type $lcu.
Using template $paramod\_90_lcu_brent_kung\WIDTH=32'00000000000000000000000000010000 for cells of type $lcu.
Using template $paramod\_90_fa\WIDTH=32'00000000000000000000000000000010 for cells of type $fa.
Using template $paramod\_90_lcu_brent_kung\WIDTH=32'00000000000000000000000000000010 for cells of type $lcu.
Using template $paramod\_90_lcu_brent_kung\WIDTH=32'00000000000000000000000000000101 for cells of type $lcu.
Using template $paramod\_90_fa\WIDTH=32'00000000000000000000000000001001 for cells of type $fa.
Using template $paramod\_90_lcu_brent_kung\WIDTH=32'00000000000000000000000000001001 for cells of type $lcu.
Using template $paramod\_90_fa\WIDTH=32'00000000000000000000000000000111 for cells of type $fa.
Using template $paramod\_90_lcu_brent_kung\WIDTH=32'00000000000000000000000000000111 for cells of type $lcu.
Using template $paramod\_90_fa\WIDTH=32'00000000000000000000000000000011 for cells of type $fa.
Using template $paramod\_90_lcu_brent_kung\WIDTH=32'00000000000000000000000000000011 for cells of type $lcu.
Using template $paramod\_90_lcu_brent_kung\WIDTH=32'00000000000000000000000000000100 for cells of type $lcu.
Using template $paramod\_90_fa\WIDTH=32'00000000000000000000000000000110 for cells of type $fa.
Using template $paramod\_90_lcu_brent_kung\WIDTH=32'00000000000000000000000000000110 for cells of type $lcu.
Using template $paramod\_90_fa\WIDTH=32'00000000000000000000000000100001 for cells of type $fa.
Using template $paramod\_90_lcu_brent_kung\WIDTH=32'00000000000000000000000000100001 for cells of type $lcu.
Using template $paramod\_90_lcu_brent_kung\WIDTH=32'00000000000000000000000000100000 for cells of type $lcu.
No more expansions possible.
<suppressed ~18113 debug messages>

140. Executing OPT_EXPR pass (perform const folding).
Optimizing module CLASSIFIER_plus_cross_TOP.
<suppressed ~441021 debug messages>

141. Executing OPT_MERGE pass (detect identical cells).
Finding identical cells in module `\CLASSIFIER_plus_cross_TOP'.
<suppressed ~46326 debug messages>
Removed a total of 15442 cells.

142. Executing OPT_DFF pass (perform DFF optimizations).

143. Executing OPT_CLEAN pass (remove unused cells and wires).
Finding unused cells or wires in module \CLASSIFIER_plus_cross_TOP..
Removed 201848 unused cells and 17108 unused wires.
<suppressed ~201849 debug messages>

144. Executing OPT_EXPR pass (perform const folding).
Optimizing module CLASSIFIER_plus_cross_TOP.
<suppressed ~104 debug messages>

145. Executing OPT_MERGE pass (detect identical cells).
Finding identical cells in module `\CLASSIFIER_plus_cross_TOP'.
<suppressed ~57 debug messages>
Removed a total of 19 cells.

146. Executing OPT_DFF pass (perform DFF optimizations).

147. Executing OPT_CLEAN pass (remove unused cells and wires).
Finding unused cells or wires in module \CLASSIFIER_plus_cross_TOP..
Removed 16 unused cells and 43 unused wires.
<suppressed ~17 debug messages>

148. Executing ABC pass (technology mapping using ABC).

148.1. Extracting gate netlist of module `\CLASSIFIER_plus_cross_TOP' to `<abc-temp-dir>/input.blif'..
Replacing 8158 occurrences of constant undef bits with constant zero bits

148.1.1. Executed ABC.
Extracted 29559 gates and 30117 wires to a netlist network with 555 inputs and 139 outputs.
Running ABC script: <abc-temp-dir>/abc.script
ABC: UC Berkeley, ABC 1.01 (compiled Jan  1 1980 00:00:00)
ABC: abc 01> abc 01> + read_blif <abc-temp-dir>/input.blif 
ABC: + read_library /tmp/yosys-abc-OyWuMP/stdcells.genlib 
ABC: + strash 
ABC: + dretime 
ABC: + map 
ABC: + write_blif <abc-temp-dir>/output.blif 
ABC: 

148.1.2. Re-integrating ABC results.
ABC RESULTS:               AND cells:       77
ABC RESULTS:            ANDNOT cells:     3206
ABC RESULTS:               MUX cells:    15647
ABC RESULTS:              NAND cells:      223
ABC RESULTS:               NOR cells:      220
ABC RESULTS:               NOT cells:     1547
ABC RESULTS:                OR cells:     7328
ABC RESULTS:             ORNOT cells:      707
ABC RESULTS:              XNOR cells:      311
ABC RESULTS:               XOR cells:     1164
ABC RESULTS:        internal signals:    29423
ABC RESULTS:           input signals:      555
ABC RESULTS:          output signals:      139
Removing temp directory.
** cmd error: unknown command 'abc'
(this is likely caused by using an alias defined in "abc.rc"
without having this file in the current or parent directory)
Removing global temp directory.

149. Executing OPT pass (performing simple optimizations).

149.1. Executing OPT_EXPR pass (perform const folding).
Optimizing module CLASSIFIER_plus_cross_TOP.
<suppressed ~288 debug messages>

149.2. Executing OPT_MERGE pass (detect identical cells).
Finding identical cells in module `\CLASSIFIER_plus_cross_TOP'.
<suppressed ~5412 debug messages>
Removed a total of 1804 cells.

149.3. Executing OPT_DFF pass (perform DFF optimizations).

149.4. Executing OPT_CLEAN pass (remove unused cells and wires).
Finding unused cells or wires in module \CLASSIFIER_plus_cross_TOP..
Removed 3 unused cells and 4732 unused wires.
<suppressed ~15 debug messages>

149.5. Finished fast OPT passes.

150. Executing HIERARCHY pass (managing design hierarchy).

150.1. Analyzing design hierarchy..
Top module:  \CLASSIFIER_plus_cross_TOP

150.2. Analyzing design hierarchy..
Top module:  \CLASSIFIER_plus_cross_TOP
Removed 0 unused modules.

151. Executing CHECK pass (checking for obvious problems).
Checking module CLASSIFIER_plus_cross_TOP...
Found and reported 0 problems.

152. Printing statistics.

=== CLASSIFIER_plus_cross_TOP ===

        +----------Local Count, excluding submodules.
        | 
    28962 wires
    34626 wire bits
      386 public wires
     6008 public wire bits
        4 ports
       36 port bits
    29705 cells
     3100   $_ANDNOT_
       70   $_AND_
        3   $_DFFE_PP0N_
      206   $_DFFE_PP0P_
      375   $_DFFE_PP_
       53   $_DFF_PP0_
        7   $_DFF_PP1_
    15316   $_MUX_
      196   $_NAND_
      191   $_NOR_
     1537   $_NOT_
      649   $_ORNOT_
     6123   $_OR_
      407   $_SDFFE_PP0N_
        1   $_TBUF_
      305   $_XNOR_
     1136   $_XOR_
       30   $scopeinfo

153. Executing OPT pass (performing simple optimizations).

153.1. Executing OPT_EXPR pass (perform const folding).
Optimizing module CLASSIFIER_plus_cross_TOP.
<suppressed ~27 debug messages>

153.2. Executing OPT_MERGE pass (detect identical cells).
Finding identical cells in module `\CLASSIFIER_plus_cross_TOP'.
Removed a total of 0 cells.

153.3. Executing OPT_MUXTREE pass (detect dead branches in mux trees).
Running muxtree optimizer on module \CLASSIFIER_plus_cross_TOP..
  Creating internal representation of mux trees.
  No muxes found in this module.
Removed 0 multiplexer ports.

153.4. Executing OPT_REDUCE pass (consolidate $*mux and $reduce_* inputs).
  Optimizing cells in module \CLASSIFIER_plus_cross_TOP.
Performed a total of 0 changes.

153.5. Executing OPT_MERGE pass (detect identical cells).
Finding identical cells in module `\CLASSIFIER_plus_cross_TOP'.
Removed a total of 0 cells.

153.6. Executing OPT_DFF pass (perform DFF optimizations).

153.7. Executing OPT_CLEAN pass (remove unused cells and wires).
Finding unused cells or wires in module \CLASSIFIER_plus_cross_TOP..
Removed 84 unused cells and 111 unused wires.
<suppressed ~85 debug messages>

153.8. Executing OPT_EXPR pass (perform const folding).
Optimizing module CLASSIFIER_plus_cross_TOP.

153.9. Rerunning OPT passes. (Maybe there is more to do..)

153.10. Executing OPT_MUXTREE pass (detect dead branches in mux trees).
Running muxtree optimizer on module \CLASSIFIER_plus_cross_TOP..
  Creating internal representation of mux trees.
  No muxes found in this module.
Removed 0 multiplexer ports.

153.11. Executing OPT_REDUCE pass (consolidate $*mux and $reduce_* inputs).
  Optimizing cells in module \CLASSIFIER_plus_cross_TOP.
Performed a total of 0 changes.

153.12. Executing OPT_MERGE pass (detect identical cells).
Finding identical cells in module `\CLASSIFIER_plus_cross_TOP'.
Removed a total of 0 cells.

153.13. Executing OPT_DFF pass (perform DFF optimizations).

153.14. Executing OPT_CLEAN pass (remove unused cells and wires).
Finding unused cells or wires in module \CLASSIFIER_plus_cross_TOP..

153.15. Executing OPT_EXPR pass (perform const folding).
Optimizing module CLASSIFIER_plus_cross_TOP.

153.16. Finished fast OPT passes. (There is nothing left to do.)

154. Executing OPT_CLEAN pass (remove unused cells and wires).
Finding unused cells or wires in module \CLASSIFIER_plus_cross_TOP..
Removed 30 unused cells and 296 unused wires.
<suppressed ~326 debug messages>
{
   "creator": "Yosys 0.60 (git sha1 5bafeb77dc71e054fa331ab9efa613e6fb0a1c49, clang++ 21.1.2 -fPIC -O3)",
   "invocation": "stat -json -liberty /home/designer/projects/CNN4IC/unic_cass_wrapper_user_project/CLASSIFIER_plus_cross_TOP/runs/user_project_run/tmp/4f551bd49b5b42d6850b8675aa2bbf13.lib -liberty /home/designer/projects/CNN4IC/unic_cass_wrapper_user_project/CLASSIFIER_plus_cross_TOP/runs/user_project_run/tmp/2441523648364acb8c24de7b7f0af9d9.lib ",
   "modules": {
      "\\CLASSIFIER_plus_cross_TOP": {
         "num_wires":         28555,
         "num_wire_bits":     29633,
         "num_pub_wires":     90,
         "num_pub_wire_bits": 1126,
         "num_ports":         4,
         "num_port_bits":     36,
         "num_memories":      0,
         "num_memory_bits":   0,
         "num_processes":     0,
         "num_cells":         29564,
         "num_submodules":       0,
         "num_cells_by_type": {
            "$_ANDNOT_": 3100,
            "$_AND_": 70,
            "$_DFFE_PP0N_": 3,
            "$_DFFE_PP0P_": 206,
            "$_DFFE_PP_": 375,
            "$_DFF_PP0_": 53,
            "$_DFF_PP1_": 7,
            "$_MUX_": 15232,
            "$_NAND_": 196,
            "$_NOR_": 191,
            "$_NOT_": 1513,
            "$_ORNOT_": 649,
            "$_OR_": 6123,
            "$_SDFFE_PP0N_": 407,
            "$_TBUF_": 1,
            "$_XNOR_": 305,
            "$_XOR_": 1133
         }
      }
   },
      "design": {
         "num_wires":         28555,
         "num_wire_bits":     29633,
         "num_pub_wires":     90,
         "num_pub_wire_bits": 1126,
         "num_ports":         4,
         "num_port_bits":     36,
         "num_memories":      0,
         "num_memory_bits":   0,
         "num_processes":     0,
         "num_cells":         29564,
         "num_submodules":       0,
         "num_cells_by_type": {
            "$_ANDNOT_": 3100,
            "$_AND_": 70,
            "$_DFFE_PP0N_": 3,
            "$_DFFE_PP0P_": 206,
            "$_DFFE_PP_": 375,
            "$_DFF_PP0_": 53,
            "$_DFF_PP1_": 7,
            "$_MUX_": 15232,
            "$_NAND_": 196,
            "$_NOR_": 191,
            "$_NOT_": 1513,
            "$_ORNOT_": 649,
            "$_OR_": 6123,
            "$_SDFFE_PP0N_": 407,
            "$_TBUF_": 1,
            "$_XNOR_": 305,
            "$_XOR_": 1133
         }
      }
}

155. Printing statistics.

=== CLASSIFIER_plus_cross_TOP ===

        +----------Local Count, excluding submodules.
        | 
    28555 wires
    29633 wire bits
       90 public wires
     1126 public wire bits
        4 ports
       36 port bits
    29564 cells
     3100   $_ANDNOT_
       70   $_AND_
        3   $_DFFE_PP0N_
      206   $_DFFE_PP0P_
      375   $_DFFE_PP_
       53   $_DFF_PP0_
        7   $_DFF_PP1_
    15232   $_MUX_
      196   $_NAND_
      191   $_NOR_
     1513   $_NOT_
      649   $_ORNOT_
     6123   $_OR_
      407   $_SDFFE_PP0N_
        1   $_TBUF_
      305   $_XNOR_
     1133   $_XOR_

   Area for cell type $_ANDNOT_ is unknown!
   Area for cell type $_AND_ is unknown!
   Area for cell type $_DFFE_PP0N_ is unknown!
   Area for cell type $_DFFE_PP0P_ is unknown!
   Area for cell type $_DFFE_PP_ is unknown!
   Area for cell type $_DFF_PP0_ is unknown!
   Area for cell type $_DFF_PP1_ is unknown!
   Area for cell type $_MUX_ is unknown!
   Area for cell type $_NAND_ is unknown!
   Area for cell type $_NOR_ is unknown!
   Area for cell type $_NOT_ is unknown!
   Area for cell type $_ORNOT_ is unknown!
   Area for cell type $_OR_ is unknown!
   Area for cell type $_SDFFE_PP0N_ is unknown!
   Area for cell type $_TBUF_ is unknown!
   Area for cell type $_XNOR_ is unknown!
   Area for cell type $_XOR_ is unknown!

[INFO] Applying tri-state buffer mapping from '/home/designer/projects/CNN4IC/IHP-Open-PDK/ihp-sg13g2/libs.tech/librelane/sg13g2_stdcell/tribuff_map.v'…

156. Executing TECHMAP pass (map to technology primitives).

156.1. Executing Verilog-2005 frontend: /home/designer/projects/CNN4IC/IHP-Open-PDK/ihp-sg13g2/libs.tech/librelane/sg13g2_stdcell/tribuff_map.v
Parsing Verilog input from `/home/designer/projects/CNN4IC/IHP-Open-PDK/ihp-sg13g2/libs.tech/librelane/sg13g2_stdcell/tribuff_map.v' to AST representation.
verilog frontend filename /home/designer/projects/CNN4IC/IHP-Open-PDK/ihp-sg13g2/libs.tech/librelane/sg13g2_stdcell/tribuff_map.v
Generating RTLIL representation for module `\$_TBUF_'.
Successfully finished Verilog frontend.

156.2. Continuing TECHMAP pass.
Using template \$_TBUF_ for cells of type $_TBUF_.
No more expansions possible.
<suppressed ~4 debug messages>

157. Executing SIMPLEMAP pass (map simple cells to gate primitives).
Mapping CLASSIFIER_plus_cross_TOP.$techmap$auto$simplemap.cc:331:simplemap_tribuf$8135.$not$/home/designer/projects/CNN4IC/IHP-Open-PDK/ihp-sg13g2/libs.tech/librelane/sg13g2_stdcell/tribuff_map.v:5$710976 ($not).
[INFO] Applying latch mapping from '/home/designer/projects/CNN4IC/IHP-Open-PDK/ihp-sg13g2/libs.tech/librelane/sg13g2_stdcell/latch_map.v'…

158. Executing TECHMAP pass (map to technology primitives).

158.1. Executing Verilog-2005 frontend: /home/designer/projects/CNN4IC/IHP-Open-PDK/ihp-sg13g2/libs.tech/librelane/sg13g2_stdcell/latch_map.v
Parsing Verilog input from `/home/designer/projects/CNN4IC/IHP-Open-PDK/ihp-sg13g2/libs.tech/librelane/sg13g2_stdcell/latch_map.v' to AST representation.
verilog frontend filename /home/designer/projects/CNN4IC/IHP-Open-PDK/ihp-sg13g2/libs.tech/librelane/sg13g2_stdcell/latch_map.v
Generating RTLIL representation for module `\$_DLATCH_P_'.
Generating RTLIL representation for module `\$_DLATCH_PN0_'.
Generating RTLIL representation for module `\$_DLATCH_N_'.
Generating RTLIL representation for module `\$_DLATCH_NN0_'.
Successfully finished Verilog frontend.

158.2. Continuing TECHMAP pass.
No more expansions possible.
<suppressed ~6 debug messages>

159. Executing SIMPLEMAP pass (map simple cells to gate primitives).

160. Executing DFFLIBMAP pass (mapping DFF cells to sequential cells from liberty file).
  cell sg13g2_dfrbpq_1 (noninv, pins=4, area=48.99) is a direct match for cell type $_DFF_PN0_.
  final dff cell mappings:
    unmapped dff cell: $_DFF_N_
    unmapped dff cell: $_DFF_P_
    unmapped dff cell: $_DFF_NN0_
    unmapped dff cell: $_DFF_NN1_
    unmapped dff cell: $_DFF_NP0_
    unmapped dff cell: $_DFF_NP1_
    \sg13g2_dfrbpq_1 _DFF_PN0_ (.CLK( C), .D( D), .Q( Q), .RESET_B( R));
    unmapped dff cell: $_DFF_PN1_
    unmapped dff cell: $_DFF_PP0_
    unmapped dff cell: $_DFF_PP1_
    unmapped dff cell: $_DFFE_NN_
    unmapped dff cell: $_DFFE_NP_
    unmapped dff cell: $_DFFE_PN_
    unmapped dff cell: $_DFFE_PP_
    unmapped dff cell: $_DFFSR_NNN_
    unmapped dff cell: $_DFFSR_NNP_
    unmapped dff cell: $_DFFSR_NPN_
    unmapped dff cell: $_DFFSR_NPP_
    unmapped dff cell: $_DFFSR_PNN_
    unmapped dff cell: $_DFFSR_PNP_
    unmapped dff cell: $_DFFSR_PPN_
    unmapped dff cell: $_DFFSR_PPP_

160.1. Executing DFFLEGALIZE pass (convert FFs to types supported by the target).
<suppressed ~4 debug messages>
Mapping DFF cells in module `\CLASSIFIER_plus_cross_TOP':
  mapped 1051 $_DFF_PN0_ cells to \sg13g2_dfrbpq_1 cells.
{
   "creator": "Yosys 0.60 (git sha1 5bafeb77dc71e054fa331ab9efa613e6fb0a1c49, clang++ 21.1.2 -fPIC -O3)",
   "invocation": "stat -json -liberty /home/designer/projects/CNN4IC/unic_cass_wrapper_user_project/CLASSIFIER_plus_cross_TOP/runs/user_project_run/tmp/4f551bd49b5b42d6850b8675aa2bbf13.lib -liberty /home/designer/projects/CNN4IC/unic_cass_wrapper_user_project/CLASSIFIER_plus_cross_TOP/runs/user_project_run/tmp/2441523648364acb8c24de7b7f0af9d9.lib ",
   "modules": {
      "\\CLASSIFIER_plus_cross_TOP": {
         "num_wires":         30240,
         "num_wire_bits":     31318,
         "num_pub_wires":     90,
         "num_pub_wire_bits": 1126,
         "num_ports":         4,
         "num_port_bits":     36,
         "num_memories":      0,
         "num_memory_bits":   0,
         "num_processes":     0,
         "num_cells":         31246,
         "num_submodules":       0,
         "area":              51505.372800,
         "sequential_area":    51487.228800,
         "num_cells_by_type": {
            "$_ANDNOT_": 3100,
            "$_AND_": 70,
            "$_MUX_": 16630,
            "$_NAND_": 196,
            "$_NOR_": 191,
            "$_NOT_": 1797,
            "$_ORNOT_": 649,
            "$_OR_": 6123,
            "$_XNOR_": 305,
            "$_XOR_": 1133,
            "sg13g2_dfrbpq_1": 1051,
            "sg13g2_ebufn_2": 1
         }
      }
   },
      "design": {
         "num_wires":         30240,
         "num_wire_bits":     31318,
         "num_pub_wires":     90,
         "num_pub_wire_bits": 1126,
         "num_ports":         4,
         "num_port_bits":     36,
         "num_memories":      0,
         "num_memory_bits":   0,
         "num_processes":     0,
         "num_cells":         31246,
         "num_submodules":       0,
         "area":              51505.372800,
         "sequential_area":    51487.228800,
         "num_cells_by_type": {
            "$_ANDNOT_": 3100,
            "$_AND_": 70,
            "$_MUX_": 16630,
            "$_NAND_": 196,
            "$_NOR_": 191,
            "$_NOT_": 1797,
            "$_ORNOT_": 649,
            "$_OR_": 6123,
            "$_XNOR_": 305,
            "$_XOR_": 1133,
            "sg13g2_dfrbpq_1": 1051,
            "sg13g2_ebufn_2": 1
         }
      }
}

161. Printing statistics.

=== CLASSIFIER_plus_cross_TOP ===

        +----------Local Count, excluding submodules.
        |        +-Local Area, excluding submodules.
        |        | 
    30240        - wires
    31318        - wire bits
       90        - public wires
     1126        - public wire bits
        4        - ports
       36        - port bits
    31246 5.15E+04 cells
     3100        -   $_ANDNOT_
       70        -   $_AND_
    16630        -   $_MUX_
      196        -   $_NAND_
      191        -   $_NOR_
     1797        -   $_NOT_
      649        -   $_ORNOT_
     6123        -   $_OR_
      305        -   $_XNOR_
     1133        -   $_XOR_
     1051 5.15E+04   sg13g2_dfrbpq_1
        1   18.144   sg13g2_ebufn_2

   Area for cell type $_ANDNOT_ is unknown!
   Area for cell type $_AND_ is unknown!
   Area for cell type $_MUX_ is unknown!
   Area for cell type $_NAND_ is unknown!
   Area for cell type $_NOR_ is unknown!
   Area for cell type $_NOT_ is unknown!
   Area for cell type $_ORNOT_ is unknown!
   Area for cell type $_OR_ is unknown!
   Area for cell type $_XNOR_ is unknown!
   Area for cell type $_XOR_ is unknown!

   Chip area for module '\CLASSIFIER_plus_cross_TOP': 51505.372800
     of which used for sequential elements: 51487.228800 (99.96%)

[INFO] Using generated ABC script '/home/designer/projects/CNN4IC/unic_cass_wrapper_user_project/CLASSIFIER_plus_cross_TOP/runs/user_project_run/06-yosys-synthesis/AREA_0.abc'…

162. Executing ABC pass (technology mapping using ABC).

162.1. Extracting gate netlist of module `\CLASSIFIER_plus_cross_TOP' to `/tmp/yosys-abc-rUUV1n/input.blif'..

162.1.1. Executed ABC.
Extracted 30194 gates and 31250 wires to a netlist network with 1055 inputs and 1307 outputs.
Running ABC script: /tmp/yosys-abc-rUUV1n/abc.script
ABC: UC Berkeley, ABC 1.01 (compiled Jan  1 1980 00:00:00)
ABC: abc 01> abc 01> + read_blif /tmp/yosys-abc-rUUV1n/input.blif 
ABC: + read_lib -w /home/designer/projects/CNN4IC/unic_cass_wrapper_user_project/CLASSIFIER_plus_cross_TOP/runs/user_project_run/tmp/4f551bd49b5b42d6850b8675aa2bbf13.lib 
ABC: Parsing finished successfully.  Parsing time =     0.01 sec
ABC: Scl_LibertyReadGenlib() skipped cell "sg13g2_antennanp" due to dont_use attribute.
ABC: Scl_LibertyReadGenlib() skipped cell "sg13g2_decap_4" due to dont_use attribute.
ABC: Scl_LibertyReadGenlib() skipped cell "sg13g2_decap_8" due to dont_use attribute.
ABC: Scl_LibertyReadGenlib() skipped sequential cell "sg13g2_dfrbp_1".
ABC: Scl_LibertyReadGenlib() skipped sequential cell "sg13g2_dfrbpq_1".
ABC: Scl_LibertyReadGenlib() skipped sequential cell "sg13g2_dfrbpq_2".
ABC: Scl_LibertyReadGenlib() skipped sequential cell "sg13g2_dlhq_1".
ABC: Scl_LibertyReadGenlib() skipped sequential cell "sg13g2_dlhr_1".
ABC: Scl_LibertyReadGenlib() skipped sequential cell "sg13g2_dlhrq_1".
ABC: Scl_LibertyReadGenlib() skipped sequential cell "sg13g2_dllr_1".
ABC: Scl_LibertyReadGenlib() skipped sequential cell "sg13g2_dllrq_1".
ABC: Scl_LibertyReadGenlib() skipped three-state cell "sg13g2_ebufn_2".
ABC: Scl_LibertyReadGenlib() skipped three-state cell "sg13g2_ebufn_4".
ABC: Scl_LibertyReadGenlib() skipped three-state cell "sg13g2_ebufn_8".
ABC: Scl_LibertyReadGenlib() skipped three-state cell "sg13g2_einvn_2".
ABC: Scl_LibertyReadGenlib() skipped three-state cell "sg13g2_einvn_4".
ABC: Scl_LibertyReadGenlib() skipped three-state cell "sg13g2_einvn_8".
ABC: Scl_LibertyReadGenlib() skipped cell "sg13g2_fill_1" due to dont_use attribute.
ABC: Scl_LibertyReadGenlib() skipped cell "sg13g2_fill_2" due to dont_use attribute.
ABC: Scl_LibertyReadGenlib() skipped cell "sg13g2_fill_4" due to dont_use attribute.
ABC: Scl_LibertyReadGenlib() skipped cell "sg13g2_fill_8" due to dont_use attribute.
ABC: Scl_LibertyReadGenlib() skipped sequential cell "sg13g2_sdfrbp_1".
ABC: Scl_LibertyReadGenlib() skipped sequential cell "sg13g2_sdfrbp_2".
ABC: Scl_LibertyReadGenlib() skipped sequential cell "sg13g2_sdfrbpq_1".
ABC: Scl_LibertyReadGenlib() skipped sequential cell "sg13g2_sdfrbpq_2".
ABC: Library "sg13g2_stdcell_typ_1p20V_25C" from "/home/designer/projects/CNN4IC/unic_cass_wrapper_user_project/CLASSIFIER_plus_cross_TOP/runs/user_project_run/tmp/4f551bd49b5b42d6850b8675aa2bbf13.lib" has 54 cells (25 skipped: 12 seq; 6 tri-state; 0 no func; 7 dont_use; 0 with 2 outputs; 0 with 3+ outputs).  Time =     0.01 sec
ABC: Memory =    2.63 MB. Time =     0.01 sec
ABC: + read_lib -m -w /home/designer/projects/CNN4IC/unic_cass_wrapper_user_project/CLASSIFIER_plus_cross_TOP/runs/user_project_run/tmp/2441523648364acb8c24de7b7f0af9d9.lib 
ABC: Parsing finished successfully.  Parsing time =     0.00 sec
ABC: Scl_LibertyReadGenlib() skipped cell "sg13g2_IOPadIOVdd" without logic function.
ABC: Scl_LibertyReadGenlib() skipped cell "sg13g2_IOPadIOVss" without logic function.
ABC: Scl_LibertyReadGenlib() skipped cell "sg13g2_IOPadIn" due to dont_use attribute.
ABC: Scl_LibertyReadGenlib() skipped cell "sg13g2_IOPadInOut16mA" due to dont_use attribute.
ABC: Scl_LibertyReadGenlib() skipped cell "sg13g2_IOPadInOut30mA" due to dont_use attribute.
ABC: Scl_LibertyReadGenlib() skipped cell "sg13g2_IOPadInOut4mA" due to dont_use attribute.
ABC: Scl_LibertyReadGenlib() skipped cell "sg13g2_IOPadOut16mA" due to dont_use attribute.
ABC: Scl_LibertyReadGenlib() skipped cell "sg13g2_IOPadOut30mA" due to dont_use attribute.
ABC: Scl_LibertyReadGenlib() skipped cell "sg13g2_IOPadOut4mA" due to dont_use attribute.
ABC: Scl_LibertyReadGenlib() skipped cell "sg13g2_IOPadTriOut16mA" due to dont_use attribute.
ABC: Scl_LibertyReadGenlib() skipped cell "sg13g2_IOPadTriOut30mA" due to dont_use attribute.
ABC: Scl_LibertyReadGenlib() skipped cell "sg13g2_IOPadTriOut4mA" due to dont_use attribute.
ABC: Scl_LibertyReadGenlib() skipped cell "sg13g2_IOPadVdd" without logic function.
ABC: Scl_LibertyReadGenlib() skipped cell "sg13g2_IOPadVss" without logic function.
ABC: Scl_LibertyReadGenlib() skipped cell "sg13g2_IOPadAnalog" due to dont_use attribute.
ABC: Library "sg13g2_io_typ_1p2V_3p3V_25C" from "/home/designer/projects/CNN4IC/unic_cass_wrapper_user_project/CLASSIFIER_plus_cross_TOP/runs/user_project_run/tmp/2441523648364acb8c24de7b7f0af9d9.lib" has 0 cells (15 skipped: 0 seq; 0 tri-state; 4 no func; 11 dont_use; 0 with 2 outputs; 0 with 3+ outputs).  Time =     0.00 sec
ABC: Memory =    0.38 MB. Time =     0.00 sec
ABC: Updated library "sg13g2_stdcell_typ_1p20V_25C" with additional 0 cells from library "sg13g2_io_typ_1p2V_3p3V_25C".
ABC: + read_constr -v /home/designer/projects/CNN4IC/unic_cass_wrapper_user_project/CLASSIFIER_plus_cross_TOP/runs/user_project_run/06-yosys-synthesis/synthesis.abc.sdc 
ABC: Setting driving cell to be "sg13g2_buf_4/X".
ABC: Setting output load to be 6.000000.
ABC: + source /home/designer/projects/CNN4IC/unic_cass_wrapper_user_project/CLASSIFIER_plus_cross_TOP/runs/user_project_run/06-yosys-synthesis/AREA_0.abc 
ABC: Fanins of node 27008: Vector has 2 entries: { 3135 3135 }
ABC: Abc_NtkFastExtract: Nodes have duplicated fanins. FX is not performed.
ABC: Error: The network is combinational.
ABC: Cannot find the default PI driving cell (sg13g2_buf_4/X) in the library.
ABC: WireLoad = "none"  Gates =   6822 ( 11.1 %)   Cap =  8.4 ff (  5.7 %)   Area =    74635.16 ( 88.4 %)   Delay = 19428.50 ps  (  5.6 %)               
ABC: Path  0 --      28 : 0   13 pi              A =   0.00  Df =   0.0   -0.0 ps  S =   0.0 ps  Cin =  0.0 ff  Cout =  39.5 ff  Cmax =   0.0 ff  G =    0  
ABC: Path  1 --    2877 : 2    8 sg13g2_nand2b_1 A =   9.07  Df = 145.3  -35.7 ps  S = 136.6 ps  Cin =  2.6 ff  Cout =  23.4 ff  Cmax = 300.0 ff  G =  864  
ABC: Path  2 --    2888 : 2   25 sg13g2_nand2b_1 A =   9.07  Df = 519.3  -46.5 ps  S = 459.0 ps  Cin =  2.6 ff  Cout =  84.8 ff  Cmax = 300.0 ff  G = 3147  
ABC: Path  3 --    2892 : 2  215 sg13g2_nor2_1   A =   7.26  Df =8279.0-4602.7 ps  S =10540.2 ps  Cin =  3.0 ff  Cout =1313.7 ff  Cmax = 300.0 ff  G =39674  
ABC: Path  4 --    2902 : 3   24 sg13g2_nor3_1   A =   9.07  Df =10824.0-5461.4 ps  S =2208.6 ps  Cin =  3.0 ff  Cout =  75.3 ff  Cmax = 300.0 ff  G = 2487  
ABC: Path  5 --    2906 : 3   52 sg13g2_o21ai_1  A =   9.07  Df =13101.6-6430.1 ps  S =2038.3 ps  Cin =  3.3 ff  Cout = 181.3 ff  Cmax = 300.0 ff  G = 5356  
ABC: Path  6 --    3496 : 6    1 sg13g2_mux4_1   A =  38.10  Df =13406.6-6448.3 ps  S =  77.0 ps  Cin =  4.1 ff  Cout =   3.0 ff  Cmax = 300.0 ff  G =   71  
ABC: Path  7 --    3497 : 2    1 sg13g2_nor2_1   A =   7.26  Df =13450.8-6430.8 ps  S = 144.2 ps  Cin =  3.0 ff  Cout =   3.0 ff  Cmax = 300.0 ff  G =  101  
ABC: Path  8 --    3503 : 3    3 sg13g2_nor3_1   A =   9.07  Df =13625.6-5950.7 ps  S = 162.6 ps  Cin =  3.0 ff  Cout =   8.3 ff  Cmax = 300.0 ff  G =  275  
ABC: Path  9 --    3638 : 2    1 sg13g2_nand2b_1 A =   9.07  Df =13734.6-5969.1 ps  S = 192.8 ps  Cin =  2.6 ff  Cout =   2.9 ff  Cmax = 300.0 ff  G =  111  
ABC: Path 10 --    3640 : 5    2 sg13g2_a221oi_1 A =  14.52  Df =13837.1-2462.7 ps  S = 151.1 ps  Cin =  3.0 ff  Cout =   5.5 ff  Cmax = 300.0 ff  G =  179  
ABC: Path 11 --    3641 : 3    3 sg13g2_or3_1    A =  12.70  Df =14004.0-2497.3 ps  S =  58.4 ps  Cin =  2.5 ff  Cout =   8.8 ff  Cmax = 300.0 ff  G =  348  
ABC: Path 12 --    3688 : 3    6 sg13g2_a21oi_1  A =   9.07  Df =14199.1 -865.0 ps  S = 229.6 ps  Cin =  3.0 ff  Cout =  23.4 ff  Cmax = 300.0 ff  G =  776  
ABC: Path 13 --    3692 : 2    2 sg13g2_xor2_1   A =  14.52  Df =14389.0 -165.3 ps  S = 114.3 ps  Cin =  5.4 ff  Cout =   8.3 ff  Cmax = 300.0 ff  G =  150  
ABC: Path 14 --    3693 : 2    2 sg13g2_xor2_1   A =  14.52  Df =14539.1 -190.5 ps  S =  96.4 ps  Cin =  5.4 ff  Cout =   7.7 ff  Cmax = 300.0 ff  G =  140  
ABC: Path 15 --    3695 : 2    2 sg13g2_xnor2_1  A =  14.52  Df =14676.7 -205.0 ps  S = 106.9 ps  Cin =  5.4 ff  Cout =   8.2 ff  Cmax = 300.0 ff  G =  150  
ABC: Path 16 --    3697 : 2    2 sg13g2_xor2_1   A =  14.52  Df =14828.3 -235.3 ps  S =  98.3 ps  Cin =  5.4 ff  Cout =   8.3 ff  Cmax = 300.0 ff  G =  150  
ABC: Path 17 --    3698 : 2    2 sg13g2_xor2_1   A =  14.52  Df =14977.0 -256.3 ps  S = 100.0 ps  Cin =  5.4 ff  Cout =   8.2 ff  Cmax = 300.0 ff  G =  148  
ABC: Path 18 --    3950 : 2    2 sg13g2_xnor2_1  A =  14.52  Df =15118.5 -273.2 ps  S = 111.5 ps  Cin =  5.4 ff  Cout =   8.7 ff  Cmax = 300.0 ff  G =  158  
ABC: Path 19 --    6392 : 2    2 sg13g2_xor2_1   A =  14.52  Df =15271.1 -299.7 ps  S = 101.8 ps  Cin =  5.4 ff  Cout =   8.3 ff  Cmax = 300.0 ff  G =  149  
ABC: Path 20 --    6405 : 2    2 sg13g2_xnor2_1  A =  14.52  Df =15410.7 -315.7 ps  S = 108.1 ps  Cin =  5.4 ff  Cout =   8.3 ff  Cmax = 300.0 ff  G =  151  
ABC: Path 21 --    6600 : 2    2 sg13g2_xnor2_1  A =  14.52  Df =15552.1 -336.2 ps  S = 108.8 ps  Cin =  5.4 ff  Cout =   8.2 ff  Cmax = 300.0 ff  G =  150  
ABC: Path 22 --    6617 : 2    2 sg13g2_xnor2_1  A =  14.52  Df =15696.6 -357.9 ps  S = 112.9 ps  Cin =  5.4 ff  Cout =   8.7 ff  Cmax = 300.0 ff  G =  158  
ABC: Path 23 --    6745 : 2    2 sg13g2_xor2_1   A =  14.52  Df =15844.6 -386.0 ps  S =  95.0 ps  Cin =  5.4 ff  Cout =   7.4 ff  Cmax = 300.0 ff  G =  135  
ABC: Path 24 --    6757 : 2    2 sg13g2_xnor2_1  A =  14.52  Df =15981.5 -400.4 ps  S = 106.7 ps  Cin =  5.4 ff  Cout =   8.2 ff  Cmax = 300.0 ff  G =  151  
ABC: Path 25 --    6845 : 2    2 sg13g2_xnor2_1  A =  14.52  Df =16118.6 -308.5 ps  S = 102.9 ps  Cin =  5.4 ff  Cout =   7.5 ff  Cmax = 300.0 ff  G =  137  
ABC: Path 26 --    6875 : 2    2 sg13g2_xnor2_1  A =  14.52  Df =16261.1 -329.4 ps  S = 112.0 ps  Cin =  5.4 ff  Cout =   8.7 ff  Cmax = 300.0 ff  G =  158  
ABC: Path 27 --    6920 : 2    2 sg13g2_xor2_1   A =  14.52  Df =16413.5 -360.0 ps  S = 101.4 ps  Cin =  5.4 ff  Cout =   8.2 ff  Cmax = 300.0 ff  G =  148  
ABC: Path 28 --    6928 : 2    2 sg13g2_xnor2_1  A =  14.52  Df =16554.9 -376.9 ps  S = 110.9 ps  Cin =  5.4 ff  Cout =   8.6 ff  Cmax = 300.0 ff  G =  157  
ABC: Path 29 --    6955 : 2    2 sg13g2_xnor2_1  A =  14.52  Df =16697.3 -397.9 ps  S = 109.3 ps  Cin =  5.4 ff  Cout =   8.2 ff  Cmax = 300.0 ff  G =  150  
ABC: Path 30 --    6958 : 2    2 sg13g2_xor2_1   A =  14.52  Df =16845.0 -422.3 ps  S =  94.6 ps  Cin =  5.4 ff  Cout =   7.5 ff  Cmax = 300.0 ff  G =  136  
ABC: Path 31 --    6959 : 2    1 sg13g2_nor2b_1  A =   9.07  Df =16961.2 -453.0 ps  S =  54.9 ps  Cin =  2.6 ff  Cout =   3.0 ff  Cmax = 300.0 ff  G =  112  
ABC: Path 32 --    6960 : 2    2 sg13g2_nor2_1   A =   7.26  Df =17015.0 -171.3 ps  S =  92.3 ps  Cin =  3.0 ff  Cout =   8.8 ff  Cmax = 300.0 ff  G =  294  
ABC: Path 33 --    6977 : 2    2 sg13g2_xor2_1   A =  14.52  Df =17199.4  -67.9 ps  S =  99.3 ps  Cin =  5.4 ff  Cout =   8.2 ff  Cmax = 300.0 ff  G =  149  
ABC: Path 34 --    6978 : 3    2 sg13g2_a21oi_1  A =   9.07  Df =17309.4  -52.7 ps  S = 106.3 ps  Cin =  3.0 ff  Cout =   9.3 ff  Cmax = 300.0 ff  G =  305  
ABC: Path 35 --    6980 : 3    2 sg13g2_o21ai_1  A =   9.07  Df =17455.1  -87.0 ps  S = 127.8 ps  Cin =  3.3 ff  Cout =   8.8 ff  Cmax = 300.0 ff  G =  264  
ABC: Path 36 --    6982 : 3    2 sg13g2_a21oi_1  A =   9.07  Df =17572.0  -87.0 ps  S = 106.3 ps  Cin =  3.0 ff  Cout =   9.3 ff  Cmax = 300.0 ff  G =  305  
ABC: Path 37 --    6984 : 3    2 sg13g2_o21ai_1  A =   9.07  Df =17718.8 -122.7 ps  S = 126.3 ps  Cin =  3.3 ff  Cout =   8.6 ff  Cmax = 300.0 ff  G =  261  
ABC: Path 38 --    6987 : 3    2 sg13g2_a21oi_1  A =   9.07  Df =17835.2 -122.3 ps  S = 105.4 ps  Cin =  3.0 ff  Cout =   9.3 ff  Cmax = 300.0 ff  G =  305  
ABC: Path 39 --    6989 : 3    3 sg13g2_o21ai_1  A =   9.07  Df =18004.0 -165.8 ps  S = 154.8 ps  Cin =  3.3 ff  Cout =  11.7 ff  Cmax = 300.0 ff  G =  354  
ABC: Path 40 --    7005 : 5    8 sg13g2_a221oi_1 A =  14.52  Df =18218.5  -50.4 ps  S = 347.2 ps  Cin =  3.0 ff  Cout =  22.7 ff  Cmax = 300.0 ff  G =  753  
ABC: Path 41 --    7010 : 2    1 sg13g2_nand2_1  A =   7.26  Df =18295.1  -19.5 ps  S =  69.4 ps  Cin =  2.9 ff  Cout =   3.1 ff  Cmax = 300.0 ff  G =  102  
ABC: Path 42 --    7044 : 5    1 sg13g2_a221oi_1 A =  14.52  Df =18433.2  -57.5 ps  S = 110.1 ps  Cin =  3.0 ff  Cout =   3.1 ff  Cmax = 300.0 ff  G =  104  
ABC: Path 43 --    7048 : 4    1 sg13g2_a22oi_1  A =  10.85  Df =18525.3  -54.0 ps  S =  73.7 ps  Cin =  3.1 ff  Cout =   3.5 ff  Cmax = 300.0 ff  G =  109  
ABC: Path 44 --    7049 : 3   16 sg13g2_o21ai_1  A =   9.07  Df =19158.0 -294.3 ps  S = 815.2 ps  Cin =  3.3 ff  Cout =  81.5 ff  Cmax = 300.0 ff  G = 2443  
ABC: Path 45 --    7050 : 3    1 sg13g2_mux2_1   A =  18.14  Df =19428.5 -306.7 ps  S =  55.4 ps  Cin =  3.6 ff  Cout =   6.0 ff  Cmax = 300.0 ff  G =  167  
ABC: Start-point = pi27 (\cnn_inst.proc_u0.cnn_ctrl_u0.cnn_inst.frag_mux.frag_sel [0]).  End-point = po9 ($auto$rtlil.cc:3580:MuxGate$714189).
ABC: netlist                       : i/o = 1055/ 1307  lat =    0  nd =  6822  edge =  17538  area =74631.56  delay =45.00  lev = 45
ABC: + write_blif /tmp/yosys-abc-rUUV1n/output.blif 
ABC:                                                                                

162.1.2. Re-integrating ABC results.
ABC RESULTS:     sg13g2_a21o_1 cells:      135
ABC RESULTS:    sg13g2_a21oi_1 cells:     1101
ABC RESULTS:   sg13g2_a221oi_1 cells:      130
ABC RESULTS:    sg13g2_a22oi_1 cells:      101
ABC RESULTS:     sg13g2_and2_1 cells:      125
ABC RESULTS:     sg13g2_and3_1 cells:       16
ABC RESULTS:     sg13g2_and4_1 cells:        2
ABC RESULTS:      sg13g2_buf_1 cells:       63
ABC RESULTS:      sg13g2_inv_1 cells:      691
ABC RESULTS:     sg13g2_mux2_1 cells:      619
ABC RESULTS:     sg13g2_mux4_1 cells:      217
ABC RESULTS:    sg13g2_nand2_1 cells:      509
ABC RESULTS:   sg13g2_nand2b_1 cells:      193
ABC RESULTS:    sg13g2_nand3_1 cells:      106
ABC RESULTS:   sg13g2_nand3b_1 cells:        5
ABC RESULTS:    sg13g2_nand4_1 cells:       15
ABC RESULTS:     sg13g2_nor2_1 cells:      687
ABC RESULTS:    sg13g2_nor2b_1 cells:      143
ABC RESULTS:     sg13g2_nor3_1 cells:       92
ABC RESULTS:     sg13g2_nor4_1 cells:       20
ABC RESULTS:    sg13g2_o21ai_1 cells:     1009
ABC RESULTS:      sg13g2_or2_1 cells:       83
ABC RESULTS:      sg13g2_or3_1 cells:       23
ABC RESULTS:      sg13g2_or4_1 cells:        4
ABC RESULTS:    sg13g2_xnor2_1 cells:      434
ABC RESULTS:     sg13g2_xor2_1 cells:      299
ABC RESULTS:        internal signals:    28888
ABC RESULTS:           input signals:     1055
ABC RESULTS:          output signals:     1307
Removing temp directory.
** cmd error: unknown command 'abc'
(this is likely caused by using an alias defined in "abc.rc"
without having this file in the current or parent directory)
Removing global temp directory.

163. Executing SETUNDEF pass (replace undef values with defined constants).

164. Executing HILOMAP pass (mapping to constant drivers).

165. Executing SPLITNETS pass (splitting up multi-bit signals).

166. Executing OPT_CLEAN pass (remove unused cells and wires).
Finding unused cells or wires in module \CLASSIFIER_plus_cross_TOP..
Removed 2 unused cells and 31301 unused wires.
<suppressed ~44 debug messages>

167. Executing INSBUF pass (insert buffer cells for connected wires).
Add CLASSIFIER_plus_cross_TOP/$auto$insbuf.cc:97:execute$722759: \cnn_inst.CNNver2_MISO -> \uo_CORE2PAD [0]
Add CLASSIFIER_plus_cross_TOP/$auto$insbuf.cc:97:execute$722760: \cnn_inst.CNNver2_MR1_Load -> \uo_CORE2PAD [1]
Add CLASSIFIER_plus_cross_TOP/$auto$insbuf.cc:97:execute$722761: \cnn_inst.CNNver2_MR2_Load -> \uo_CORE2PAD [2]

168. Executing CHECK pass (checking for obvious problems).
Checking module CLASSIFIER_plus_cross_TOP...
Found and reported 0 problems.
{
   "creator": "Yosys 0.60 (git sha1 5bafeb77dc71e054fa331ab9efa613e6fb0a1c49, clang++ 21.1.2 -fPIC -O3)",
   "invocation": "stat -json -liberty /home/designer/projects/CNN4IC/unic_cass_wrapper_user_project/CLASSIFIER_plus_cross_TOP/runs/user_project_run/tmp/4f551bd49b5b42d6850b8675aa2bbf13.lib -liberty /home/designer/projects/CNN4IC/unic_cass_wrapper_user_project/CLASSIFIER_plus_cross_TOP/runs/user_project_run/tmp/2441523648364acb8c24de7b7f0af9d9.lib ",
   "modules": {
      "\\CLASSIFIER_plus_cross_TOP": {
         "num_wires":         8660,
         "num_wire_bits":     8692,
         "num_pub_wires":     1053,
         "num_pub_wire_bits": 1085,
         "num_ports":         4,
         "num_port_bits":     36,
         "num_memories":      0,
         "num_memory_bits":   0,
         "num_processes":     0,
         "num_cells":         8673,
         "num_submodules":       0,
         "area":              131939.350200,
         "sequential_area":    51487.228800,
         "num_cells_by_type": {
            "sg13g2_a21o_1": 135,
            "sg13g2_a21oi_1": 1101,
            "sg13g2_a221oi_1": 130,
            "sg13g2_a22oi_1": 101,
            "sg13g2_and2_1": 125,
            "sg13g2_and3_1": 16,
            "sg13g2_and4_1": 2,
            "sg13g2_buf_1": 66,
            "sg13g2_dfrbpq_1": 1051,
            "sg13g2_ebufn_2": 1,
            "sg13g2_inv_1": 691,
            "sg13g2_mux2_1": 619,
            "sg13g2_mux4_1": 217,
            "sg13g2_nand2_1": 509,
            "sg13g2_nand2b_1": 193,
            "sg13g2_nand3_1": 106,
            "sg13g2_nand3b_1": 5,
            "sg13g2_nand4_1": 15,
            "sg13g2_nor2_1": 687,
            "sg13g2_nor2b_1": 143,
            "sg13g2_nor3_1": 92,
            "sg13g2_nor4_1": 20,
            "sg13g2_o21ai_1": 1009,
            "sg13g2_or2_1": 83,
            "sg13g2_or3_1": 23,
            "sg13g2_or4_1": 4,
            "sg13g2_tiehi": 782,
            "sg13g2_tielo": 14,
            "sg13g2_xnor2_1": 434,
            "sg13g2_xor2_1": 299
         }
      }
   },
      "design": {
         "num_wires":         8660,
         "num_wire_bits":     8692,
         "num_pub_wires":     1053,
         "num_pub_wire_bits": 1085,
         "num_ports":         4,
         "num_port_bits":     36,
         "num_memories":      0,
         "num_memory_bits":   0,
         "num_processes":     0,
         "num_cells":         8673,
         "num_submodules":       0,
         "area":              131939.350200,
         "sequential_area":    51487.228800,
         "num_cells_by_type": {
            "sg13g2_a21o_1": 135,
            "sg13g2_a21oi_1": 1101,
            "sg13g2_a221oi_1": 130,
            "sg13g2_a22oi_1": 101,
            "sg13g2_and2_1": 125,
            "sg13g2_and3_1": 16,
            "sg13g2_and4_1": 2,
            "sg13g2_buf_1": 66,
            "sg13g2_dfrbpq_1": 1051,
            "sg13g2_ebufn_2": 1,
            "sg13g2_inv_1": 691,
            "sg13g2_mux2_1": 619,
            "sg13g2_mux4_1": 217,
            "sg13g2_nand2_1": 509,
            "sg13g2_nand2b_1": 193,
            "sg13g2_nand3_1": 106,
            "sg13g2_nand3b_1": 5,
            "sg13g2_nand4_1": 15,
            "sg13g2_nor2_1": 687,
            "sg13g2_nor2b_1": 143,
            "sg13g2_nor3_1": 92,
            "sg13g2_nor4_1": 20,
            "sg13g2_o21ai_1": 1009,
            "sg13g2_or2_1": 83,
            "sg13g2_or3_1": 23,
            "sg13g2_or4_1": 4,
            "sg13g2_tiehi": 782,
            "sg13g2_tielo": 14,
            "sg13g2_xnor2_1": 434,
            "sg13g2_xor2_1": 299
         }
      }
}

169. Printing statistics.

=== CLASSIFIER_plus_cross_TOP ===

        +----------Local Count, excluding submodules.
        |        +-Local Area, excluding submodules.
        |        | 
     8660        - wires
     8692        - wire bits
     1053        - public wires
     1085        - public wire bits
        4        - ports
       36        - port bits
     8673 1.32E+05 cells
      135 1.71E+03   sg13g2_a21o_1
     1101 9.99E+03   sg13g2_a21oi_1
      130 1.89E+03   sg13g2_a221oi_1
      101  1.1E+03   sg13g2_a22oi_1
      125     1134   sg13g2_and2_1
       16  203.213   sg13g2_and3_1
        2    29.03   sg13g2_and4_1
       66  479.002   sg13g2_buf_1
     1051 5.15E+04   sg13g2_dfrbpq_1
        1   18.144   sg13g2_ebufn_2
      691 3.76E+03   sg13g2_inv_1
      619 1.12E+04   sg13g2_mux2_1
      217 8.27E+03   sg13g2_mux4_1
      509 3.69E+03   sg13g2_nand2_1
      193 1.75E+03   sg13g2_nand2b_1
      106  961.632   sg13g2_nand3_1
        5   63.504   sg13g2_nand3b_1
       15  163.296   sg13g2_nand4_1
      687 4.99E+03   sg13g2_nor2_1
      143  1.3E+03   sg13g2_nor2b_1
       92  834.624   sg13g2_nor3_1
       20  217.728   sg13g2_nor4_1
     1009 9.15E+03   sg13g2_o21ai_1
       83  752.976   sg13g2_or2_1
       23  292.118   sg13g2_or3_1
        4   58.061   sg13g2_or4_1
      782 5.68E+03   sg13g2_tiehi
       14  101.606   sg13g2_tielo
      434  6.3E+03   sg13g2_xnor2_1
      299 4.34E+03   sg13g2_xor2_1

   Chip area for module '\CLASSIFIER_plus_cross_TOP': 131939.350200
     of which used for sequential elements: 51487.228800 (39.02%)

170. Executing Verilog backend.
Dumping module `\CLASSIFIER_plus_cross_TOP'.

171. Executing JSON backend.
