
===========================================================================
report_checks -path_delay min (Hold)
============================================================================
======================= nom_typ_1p20V_25C Corner ===================================

Startpoint: _200_ (rising edge-triggered flip-flop clocked by clk_i)
Endpoint: _199_ (rising edge-triggered flip-flop clocked by clk_i)
Path Group: clk_i
Path Type: min

Fanout         Cap        Slew       Delay        Time   Description
---------------------------------------------------------------------------------------------
                                  0.000000    0.000000   clock clk_i (rise edge)
                                  0.000000    0.000000   clock source latency
     1    0.024077    0.038967    0.020348    0.020348 ^ clk_i (in)
                                                         clk_i (net)
                      0.039068    0.000000    0.020348 ^ clkbuf_0_clk_i/A (sg13g2_buf_16)
     8    0.155975    0.051557    0.095633    0.115981 ^ clkbuf_0_clk_i/X (sg13g2_buf_16)
                                                         clknet_0_clk_i (net)
                      0.051794    0.002590    0.118571 ^ clkbuf_3_2__f_clk_i/A (sg13g2_buf_16)
     4    0.015639    0.019493    0.074893    0.193465 ^ clkbuf_3_2__f_clk_i/X (sg13g2_buf_16)
                                                         clknet_3_2__leaf_clk_i (net)
                      0.019493    0.000105    0.193570 ^ _200_/CLK (sg13g2_dfrbpq_1)
     1    0.001938    0.020520    0.159471    0.353041 ^ _200_/Q (sg13g2_dfrbpq_1)
                                                         spm_inst.tcmp.z (net)
                      0.020520    0.000014    0.353055 ^ hold42/A (sg13g2_dlygate4sd3_1)
     2    0.009664    0.058362    0.376137    0.729193 ^ hold42/X (sg13g2_dlygate4sd3_1)
                                                         net42 (net)
                      0.058362    0.000107    0.729299 ^ _164_/A (sg13g2_xnor2_1)
     1    0.001854    0.028213    0.066870    0.796169 v _164_/Y (sg13g2_xnor2_1)
                                                         _015_ (net)
                      0.028213    0.000013    0.796182 v _199_/D (sg13g2_dfrbpq_1)
                                              0.796182   data arrival time

                                  0.000000    0.000000   clock clk_i (rise edge)
                                  0.000000    0.000000   clock source latency
     1    0.024077    0.038967    0.020348    0.020348 ^ clk_i (in)
                                                         clk_i (net)
                      0.039068    0.000000    0.020348 ^ clkbuf_0_clk_i/A (sg13g2_buf_16)
     8    0.155975    0.051557    0.095633    0.115981 ^ clkbuf_0_clk_i/X (sg13g2_buf_16)
                                                         clknet_0_clk_i (net)
                      0.051794    0.002590    0.118571 ^ clkbuf_3_2__f_clk_i/A (sg13g2_buf_16)
     4    0.015639    0.019493    0.074893    0.193465 ^ clkbuf_3_2__f_clk_i/X (sg13g2_buf_16)
                                                         clknet_3_2__leaf_clk_i (net)
                      0.019493    0.000132    0.193596 ^ _199_/CLK (sg13g2_dfrbpq_1)
                                  0.250000    0.443596   clock uncertainty
                                  0.000000    0.443596   clock reconvergence pessimism
                                 -0.037092    0.406504   library hold time
                                              0.406504   data required time
---------------------------------------------------------------------------------------------
                                              0.406504   data required time
                                             -0.796182   data arrival time
---------------------------------------------------------------------------------------------
                                              0.389678   slack (MET)


Startpoint: _200_ (rising edge-triggered flip-flop clocked by clk_i)
Endpoint: _200_ (rising edge-triggered flip-flop clocked by clk_i)
Path Group: clk_i
Path Type: min

Fanout         Cap        Slew       Delay        Time   Description
---------------------------------------------------------------------------------------------
                                  0.000000    0.000000   clock clk_i (rise edge)
                                  0.000000    0.000000   clock source latency
     1    0.024077    0.038967    0.020348    0.020348 ^ clk_i (in)
                                                         clk_i (net)
                      0.039068    0.000000    0.020348 ^ clkbuf_0_clk_i/A (sg13g2_buf_16)
     8    0.155975    0.051557    0.095633    0.115981 ^ clkbuf_0_clk_i/X (sg13g2_buf_16)
                                                         clknet_0_clk_i (net)
                      0.051794    0.002590    0.118571 ^ clkbuf_3_2__f_clk_i/A (sg13g2_buf_16)
     4    0.015639    0.019493    0.074893    0.193465 ^ clkbuf_3_2__f_clk_i/X (sg13g2_buf_16)
                                                         clknet_3_2__leaf_clk_i (net)
                      0.019493    0.000105    0.193570 ^ _200_/CLK (sg13g2_dfrbpq_1)
     1    0.001975    0.017097    0.157100    0.350670 v _200_/Q (sg13g2_dfrbpq_1)
                                                         spm_inst.tcmp.z (net)
                      0.017097    0.000014    0.350684 v hold42/A (sg13g2_dlygate4sd3_1)
     2    0.009537    0.055666    0.387827    0.738511 v hold42/X (sg13g2_dlygate4sd3_1)
                                                         net42 (net)
                      0.055666    0.000034    0.738545 v _163_/A_N (sg13g2_nand2b_1)
     1    0.003065    0.033773    0.086824    0.825369 v _163_/Y (sg13g2_nand2b_1)
                                                         _016_ (net)
                      0.033773    0.000041    0.825410 v _200_/D (sg13g2_dfrbpq_1)
                                              0.825410   data arrival time

                                  0.000000    0.000000   clock clk_i (rise edge)
                                  0.000000    0.000000   clock source latency
     1    0.024077    0.038967    0.020348    0.020348 ^ clk_i (in)
                                                         clk_i (net)
                      0.039068    0.000000    0.020348 ^ clkbuf_0_clk_i/A (sg13g2_buf_16)
     8    0.155975    0.051557    0.095633    0.115981 ^ clkbuf_0_clk_i/X (sg13g2_buf_16)
                                                         clknet_0_clk_i (net)
                      0.051794    0.002590    0.118571 ^ clkbuf_3_2__f_clk_i/A (sg13g2_buf_16)
     4    0.015639    0.019493    0.074893    0.193465 ^ clkbuf_3_2__f_clk_i/X (sg13g2_buf_16)
                                                         clknet_3_2__leaf_clk_i (net)
                      0.019493    0.000105    0.193570 ^ _200_/CLK (sg13g2_dfrbpq_1)
                                  0.250000    0.443570   clock uncertainty
                                  0.000000    0.443570   clock reconvergence pessimism
                                 -0.038854    0.404716   library hold time
                                              0.404716   data required time
---------------------------------------------------------------------------------------------
                                              0.404716   data required time
                                             -0.825410   data arrival time
---------------------------------------------------------------------------------------------
                                              0.420694   slack (MET)


Startpoint: _199_ (rising edge-triggered flip-flop clocked by clk_i)
Endpoint: _171_ (rising edge-triggered flip-flop clocked by clk_i)
Path Group: clk_i
Path Type: min

Fanout         Cap        Slew       Delay        Time   Description
---------------------------------------------------------------------------------------------
                                  0.000000    0.000000   clock clk_i (rise edge)
                                  0.000000    0.000000   clock source latency
     1    0.024077    0.038967    0.020348    0.020348 ^ clk_i (in)
                                                         clk_i (net)
                      0.039068    0.000000    0.020348 ^ clkbuf_0_clk_i/A (sg13g2_buf_16)
     8    0.155975    0.051557    0.095633    0.115981 ^ clkbuf_0_clk_i/X (sg13g2_buf_16)
                                                         clknet_0_clk_i (net)
                      0.051794    0.002590    0.118571 ^ clkbuf_3_2__f_clk_i/A (sg13g2_buf_16)
     4    0.015639    0.019493    0.074893    0.193465 ^ clkbuf_3_2__f_clk_i/X (sg13g2_buf_16)
                                                         clknet_3_2__leaf_clk_i (net)
                      0.019493    0.000132    0.193596 ^ _199_/CLK (sg13g2_dfrbpq_1)
     3    0.009782    0.038647    0.176156    0.369752 v _199_/Q (sg13g2_dfrbpq_1)
                                                         spm_inst.genblk1[14].csa.y (net)
                      0.038647    0.000084    0.369836 v _080_/B (sg13g2_nor2_1)
     1    0.003829    0.052275    0.058445    0.428281 ^ _080_/Y (sg13g2_nor2_1)
                                                         _067_ (net)
                      0.052275    0.000024    0.428305 ^ _083_/A2 (sg13g2_o21ai_1)
     1    0.002123    0.028255    0.054341    0.482645 v _083_/Y (sg13g2_o21ai_1)
                                                         _005_ (net)
                      0.028255    0.000017    0.482663 v hold45/A (sg13g2_dlygate4sd3_1)
     1    0.001803    0.033634    0.367068    0.849731 v hold45/X (sg13g2_dlygate4sd3_1)
                                                         net45 (net)
                      0.033634    0.000012    0.849743 v _171_/D (sg13g2_dfrbpq_1)
                                              0.849743   data arrival time

                                  0.000000    0.000000   clock clk_i (rise edge)
                                  0.000000    0.000000   clock source latency
     1    0.024077    0.038967    0.020348    0.020348 ^ clk_i (in)
                                                         clk_i (net)
                      0.039068    0.000000    0.020348 ^ clkbuf_0_clk_i/A (sg13g2_buf_16)
     8    0.155975    0.051557    0.095633    0.115981 ^ clkbuf_0_clk_i/X (sg13g2_buf_16)
                                                         clknet_0_clk_i (net)
                      0.051794    0.002590    0.118571 ^ clkbuf_3_2__f_clk_i/A (sg13g2_buf_16)
     4    0.015639    0.019493    0.074893    0.193465 ^ clkbuf_3_2__f_clk_i/X (sg13g2_buf_16)
                                                         clknet_3_2__leaf_clk_i (net)
                      0.019493    0.000174    0.193639 ^ _171_/CLK (sg13g2_dfrbpq_1)
                                  0.250000    0.443639   clock uncertainty
                                  0.000000    0.443639   clock reconvergence pessimism
                                 -0.038810    0.404829   library hold time
                                              0.404829   data required time
---------------------------------------------------------------------------------------------
                                              0.404829   data required time
                                             -0.849743   data arrival time
---------------------------------------------------------------------------------------------
                                              0.444914   slack (MET)


Startpoint: _178_ (rising edge-triggered flip-flop clocked by clk_i)
Endpoint: _179_ (rising edge-triggered flip-flop clocked by clk_i)
Path Group: clk_i
Path Type: min

Fanout         Cap        Slew       Delay        Time   Description
---------------------------------------------------------------------------------------------
                                  0.000000    0.000000   clock clk_i (rise edge)
                                  0.000000    0.000000   clock source latency
     1    0.024077    0.038967    0.020348    0.020348 ^ clk_i (in)
                                                         clk_i (net)
                      0.039068    0.000000    0.020348 ^ clkbuf_0_clk_i/A (sg13g2_buf_16)
     8    0.155975    0.051557    0.095633    0.115981 ^ clkbuf_0_clk_i/X (sg13g2_buf_16)
                                                         clknet_0_clk_i (net)
                      0.051635    0.001259    0.117240 ^ clkbuf_3_1__f_clk_i/A (sg13g2_buf_16)
     4    0.016133    0.019597    0.074907    0.192147 ^ clkbuf_3_1__f_clk_i/X (sg13g2_buf_16)
                                                         clknet_3_1__leaf_clk_i (net)
                      0.019598    0.000227    0.192374 ^ _178_/CLK (sg13g2_dfrbpq_1)
     3    0.009326    0.037318    0.175096    0.367470 v _178_/Q (sg13g2_dfrbpq_1)
                                                         spm_inst.genblk1[10].csa.y (net)
                      0.037318    0.000103    0.367573 v _104_/B (sg13g2_nor2_1)
     1    0.003697    0.051051    0.057229    0.424802 ^ _104_/Y (sg13g2_nor2_1)
                                                         _022_ (net)
                      0.051051    0.000020    0.424821 ^ _107_/A2 (sg13g2_o21ai_1)
     1    0.002425    0.029629    0.055304    0.480125 v _107_/Y (sg13g2_o21ai_1)
                                                         _001_ (net)
                      0.029629    0.000023    0.480148 v hold69/A (sg13g2_dlygate4sd3_1)
     1    0.002160    0.034635    0.369074    0.849222 v hold69/X (sg13g2_dlygate4sd3_1)
                                                         net69 (net)
                      0.034635    0.000019    0.849241 v _179_/D (sg13g2_dfrbpq_1)
                                              0.849241   data arrival time

                                  0.000000    0.000000   clock clk_i (rise edge)
                                  0.000000    0.000000   clock source latency
     1    0.024077    0.038967    0.020348    0.020348 ^ clk_i (in)
                                                         clk_i (net)
                      0.039068    0.000000    0.020348 ^ clkbuf_0_clk_i/A (sg13g2_buf_16)
     8    0.155975    0.051557    0.095633    0.115981 ^ clkbuf_0_clk_i/X (sg13g2_buf_16)
                                                         clknet_0_clk_i (net)
                      0.051633    0.001232    0.117213 ^ clkbuf_3_4__f_clk_i/A (sg13g2_buf_16)
     4    0.014672    0.019278    0.074626    0.191839 ^ clkbuf_3_4__f_clk_i/X (sg13g2_buf_16)
                                                         clknet_3_4__leaf_clk_i (net)
                      0.019279    0.000168    0.192007 ^ _179_/CLK (sg13g2_dfrbpq_1)
                                  0.250000    0.442007   clock uncertainty
                                  0.000000    0.442007   clock reconvergence pessimism
                                 -0.039172    0.402836   library hold time
                                              0.402836   data required time
---------------------------------------------------------------------------------------------
                                              0.402836   data required time
                                             -0.849241   data arrival time
---------------------------------------------------------------------------------------------
                                              0.446405   slack (MET)


Startpoint: _188_ (rising edge-triggered flip-flop clocked by clk_i)
Endpoint: _189_ (rising edge-triggered flip-flop clocked by clk_i)
Path Group: clk_i
Path Type: min

Fanout         Cap        Slew       Delay        Time   Description
---------------------------------------------------------------------------------------------
                                  0.000000    0.000000   clock clk_i (rise edge)
                                  0.000000    0.000000   clock source latency
     1    0.024077    0.038967    0.020348    0.020348 ^ clk_i (in)
                                                         clk_i (net)
                      0.039068    0.000000    0.020348 ^ clkbuf_0_clk_i/A (sg13g2_buf_16)
     8    0.155975    0.051557    0.095633    0.115981 ^ clkbuf_0_clk_i/X (sg13g2_buf_16)
                                                         clknet_0_clk_i (net)
                      0.051690    0.001839    0.117820 ^ clkbuf_3_3__f_clk_i/A (sg13g2_buf_16)
     4    0.016313    0.019642    0.074970    0.192790 ^ clkbuf_3_3__f_clk_i/X (sg13g2_buf_16)
                                                         clknet_3_3__leaf_clk_i (net)
                      0.019642    0.000196    0.192986 ^ _188_/CLK (sg13g2_dfrbpq_1)
     3    0.010095    0.039578    0.176953    0.369939 v _188_/Q (sg13g2_dfrbpq_1)
                                                         spm_inst.genblk1[5].csa.y (net)
                      0.039579    0.000182    0.370121 v _134_/B (sg13g2_nor2_1)
     1    0.003991    0.053634    0.059716    0.429837 ^ _134_/Y (sg13g2_nor2_1)
                                                         _042_ (net)
                      0.053634    0.000031    0.429868 ^ _137_/A2 (sg13g2_o21ai_1)
     1    0.002023    0.027905    0.054310    0.484178 v _137_/Y (sg13g2_o21ai_1)
                                                         _010_ (net)
                      0.027905    0.000014    0.484192 v hold66/A (sg13g2_dlygate4sd3_1)
     1    0.001932    0.034002    0.367324    0.851516 v hold66/X (sg13g2_dlygate4sd3_1)
                                                         net66 (net)
                      0.034002    0.000014    0.851531 v _189_/D (sg13g2_dfrbpq_1)
                                              0.851531   data arrival time

                                  0.000000    0.000000   clock clk_i (rise edge)
                                  0.000000    0.000000   clock source latency
     1    0.024077    0.038967    0.020348    0.020348 ^ clk_i (in)
                                                         clk_i (net)
                      0.039068    0.000000    0.020348 ^ clkbuf_0_clk_i/A (sg13g2_buf_16)
     8    0.155975    0.051557    0.095633    0.115981 ^ clkbuf_0_clk_i/X (sg13g2_buf_16)
                                                         clknet_0_clk_i (net)
                      0.051794    0.002590    0.118571 ^ clkbuf_3_2__f_clk_i/A (sg13g2_buf_16)
     4    0.015639    0.019493    0.074893    0.193465 ^ clkbuf_3_2__f_clk_i/X (sg13g2_buf_16)
                                                         clknet_3_2__leaf_clk_i (net)
                      0.019493    0.000135    0.193600 ^ _189_/CLK (sg13g2_dfrbpq_1)
                                  0.250000    0.443600   clock uncertainty
                                  0.000000    0.443600   clock reconvergence pessimism
                                 -0.038926    0.404673   library hold time
                                              0.404673   data required time
---------------------------------------------------------------------------------------------
                                              0.404673   data required time
                                             -0.851531   data arrival time
---------------------------------------------------------------------------------------------
                                              0.446858   slack (MET)


Startpoint: _180_ (rising edge-triggered flip-flop clocked by clk_i)
Endpoint: _181_ (rising edge-triggered flip-flop clocked by clk_i)
Path Group: clk_i
Path Type: min

Fanout         Cap        Slew       Delay        Time   Description
---------------------------------------------------------------------------------------------
                                  0.000000    0.000000   clock clk_i (rise edge)
                                  0.000000    0.000000   clock source latency
     1    0.024077    0.038967    0.020348    0.020348 ^ clk_i (in)
                                                         clk_i (net)
                      0.039068    0.000000    0.020348 ^ clkbuf_0_clk_i/A (sg13g2_buf_16)
     8    0.155975    0.051557    0.095633    0.115981 ^ clkbuf_0_clk_i/X (sg13g2_buf_16)
                                                         clknet_0_clk_i (net)
                      0.051633    0.001232    0.117213 ^ clkbuf_3_4__f_clk_i/A (sg13g2_buf_16)
     4    0.014672    0.019278    0.074626    0.191839 ^ clkbuf_3_4__f_clk_i/X (sg13g2_buf_16)
                                                         clknet_3_4__leaf_clk_i (net)
                      0.019279    0.000122    0.191961 ^ _180_/CLK (sg13g2_dfrbpq_1)
     3    0.008380    0.034571    0.172648    0.364608 v _180_/Q (sg13g2_dfrbpq_1)
                                                         spm_inst.genblk1[10].csa.sum (net)
                      0.034571    0.000029    0.364638 v _110_/B (sg13g2_nor2_1)
     1    0.004989    0.060093    0.064141    0.428779 ^ _110_/Y (sg13g2_nor2_1)
                                                         _026_ (net)
                      0.060093    0.000069    0.428848 ^ _113_/A2 (sg13g2_o21ai_1)
     1    0.002198    0.029276    0.057066    0.485914 v _113_/Y (sg13g2_o21ai_1)
                                                         _014_ (net)
                      0.029276    0.000019    0.485933 v hold81/A (sg13g2_dlygate4sd3_1)
     1    0.001548    0.032899    0.366746    0.852678 v hold81/X (sg13g2_dlygate4sd3_1)
                                                         net81 (net)
                      0.032899    0.000007    0.852686 v _181_/D (sg13g2_dfrbpq_1)
                                              0.852686   data arrival time

                                  0.000000    0.000000   clock clk_i (rise edge)
                                  0.000000    0.000000   clock source latency
     1    0.024077    0.038967    0.020348    0.020348 ^ clk_i (in)
                                                         clk_i (net)
                      0.039068    0.000000    0.020348 ^ clkbuf_0_clk_i/A (sg13g2_buf_16)
     8    0.155975    0.051557    0.095633    0.115981 ^ clkbuf_0_clk_i/X (sg13g2_buf_16)
                                                         clknet_0_clk_i (net)
                      0.051633    0.001232    0.117213 ^ clkbuf_3_4__f_clk_i/A (sg13g2_buf_16)
     4    0.014672    0.019278    0.074626    0.191839 ^ clkbuf_3_4__f_clk_i/X (sg13g2_buf_16)
                                                         clknet_3_4__leaf_clk_i (net)
                      0.019278    0.000097    0.191936 ^ _181_/CLK (sg13g2_dfrbpq_1)
                                  0.250000    0.441936   clock uncertainty
                                  0.000000    0.441936   clock reconvergence pessimism
                                 -0.038622    0.403315   library hold time
                                              0.403315   data required time
---------------------------------------------------------------------------------------------
                                              0.403315   data required time
                                             -0.852686   data arrival time
---------------------------------------------------------------------------------------------
                                              0.449371   slack (MET)


Startpoint: _190_ (rising edge-triggered flip-flop clocked by clk_i)
Endpoint: _191_ (rising edge-triggered flip-flop clocked by clk_i)
Path Group: clk_i
Path Type: min

Fanout         Cap        Slew       Delay        Time   Description
---------------------------------------------------------------------------------------------
                                  0.000000    0.000000   clock clk_i (rise edge)
                                  0.000000    0.000000   clock source latency
     1    0.024077    0.038967    0.020348    0.020348 ^ clk_i (in)
                                                         clk_i (net)
                      0.039068    0.000000    0.020348 ^ clkbuf_0_clk_i/A (sg13g2_buf_16)
     8    0.155975    0.051557    0.095633    0.115981 ^ clkbuf_0_clk_i/X (sg13g2_buf_16)
                                                         clknet_0_clk_i (net)
                      0.051690    0.001839    0.117820 ^ clkbuf_3_3__f_clk_i/A (sg13g2_buf_16)
     4    0.016313    0.019642    0.074970    0.192790 ^ clkbuf_3_3__f_clk_i/X (sg13g2_buf_16)
                                                         clknet_3_3__leaf_clk_i (net)
                      0.019642    0.000183    0.192973 ^ _190_/CLK (sg13g2_dfrbpq_1)
     3    0.009117    0.036711    0.174603    0.367575 v _190_/Q (sg13g2_dfrbpq_1)
                                                         spm_inst.genblk1[4].csa.y (net)
                      0.036711    0.000119    0.367694 v _140_/B (sg13g2_nor2_1)
     1    0.004408    0.056146    0.061328    0.429022 ^ _140_/Y (sg13g2_nor2_1)
                                                         _046_ (net)
                      0.056146    0.000049    0.429070 ^ _143_/A2 (sg13g2_o21ai_1)
     1    0.002130    0.028719    0.055555    0.484625 v _143_/Y (sg13g2_o21ai_1)
                                                         _009_ (net)
                      0.028719    0.000017    0.484642 v hold51/A (sg13g2_dlygate4sd3_1)
     1    0.002296    0.035014    0.369043    0.853685 v hold51/X (sg13g2_dlygate4sd3_1)
                                                         net51 (net)
                      0.035014    0.000022    0.853707 v _191_/D (sg13g2_dfrbpq_1)
                                              0.853707   data arrival time

                                  0.000000    0.000000   clock clk_i (rise edge)
                                  0.000000    0.000000   clock source latency
     1    0.024077    0.038967    0.020348    0.020348 ^ clk_i (in)
                                                         clk_i (net)
                      0.039068    0.000000    0.020348 ^ clkbuf_0_clk_i/A (sg13g2_buf_16)
     8    0.155975    0.051557    0.095633    0.115981 ^ clkbuf_0_clk_i/X (sg13g2_buf_16)
                                                         clknet_0_clk_i (net)
                      0.051667    0.001625    0.117607 ^ clkbuf_3_6__f_clk_i/A (sg13g2_buf_16)
     4    0.014941    0.019326    0.074698    0.192305 ^ clkbuf_3_6__f_clk_i/X (sg13g2_buf_16)
                                                         clknet_3_6__leaf_clk_i (net)
                      0.019327    0.000107    0.192411 ^ _191_/CLK (sg13g2_dfrbpq_1)
                                  0.250000    0.442411   clock uncertainty
                                  0.000000    0.442411   clock reconvergence pessimism
                                 -0.039282    0.403130   library hold time
                                              0.403130   data required time
---------------------------------------------------------------------------------------------
                                              0.403130   data required time
                                             -0.853707   data arrival time
---------------------------------------------------------------------------------------------
                                              0.450577   slack (MET)


Startpoint: _186_ (rising edge-triggered flip-flop clocked by clk_i)
Endpoint: _187_ (rising edge-triggered flip-flop clocked by clk_i)
Path Group: clk_i
Path Type: min

Fanout         Cap        Slew       Delay        Time   Description
---------------------------------------------------------------------------------------------
                                  0.000000    0.000000   clock clk_i (rise edge)
                                  0.000000    0.000000   clock source latency
     1    0.024077    0.038967    0.020348    0.020348 ^ clk_i (in)
                                                         clk_i (net)
                      0.039068    0.000000    0.020348 ^ clkbuf_0_clk_i/A (sg13g2_buf_16)
     8    0.155975    0.051557    0.095633    0.115981 ^ clkbuf_0_clk_i/X (sg13g2_buf_16)
                                                         clknet_0_clk_i (net)
                      0.051690    0.001839    0.117820 ^ clkbuf_3_3__f_clk_i/A (sg13g2_buf_16)
     4    0.016313    0.019642    0.074970    0.192790 ^ clkbuf_3_3__f_clk_i/X (sg13g2_buf_16)
                                                         clknet_3_3__leaf_clk_i (net)
                      0.019643    0.000236    0.193026 ^ _186_/CLK (sg13g2_dfrbpq_1)
     3    0.009312    0.037284    0.175066    0.368092 v _186_/Q (sg13g2_dfrbpq_1)
                                                         spm_inst.genblk1[6].csa.y (net)
                      0.037284    0.000140    0.368232 v _128_/B (sg13g2_nor2_1)
     1    0.004928    0.060113    0.064640    0.432872 ^ _128_/Y (sg13g2_nor2_1)
                                                         _038_ (net)
                      0.060113    0.000072    0.432945 ^ _131_/A2 (sg13g2_o21ai_1)
     1    0.001931    0.027657    0.055874    0.488819 v _131_/Y (sg13g2_o21ai_1)
                                                         _011_ (net)
                      0.027657    0.000013    0.488832 v hold63/A (sg13g2_dlygate4sd3_1)
     1    0.001995    0.034182    0.367408    0.856239 v hold63/X (sg13g2_dlygate4sd3_1)
                                                         net63 (net)
                      0.034182    0.000016    0.856255 v _187_/D (sg13g2_dfrbpq_1)
                                              0.856255   data arrival time

                                  0.000000    0.000000   clock clk_i (rise edge)
                                  0.000000    0.000000   clock source latency
     1    0.024077    0.038967    0.020348    0.020348 ^ clk_i (in)
                                                         clk_i (net)
                      0.039068    0.000000    0.020348 ^ clkbuf_0_clk_i/A (sg13g2_buf_16)
     8    0.155975    0.051557    0.095633    0.115981 ^ clkbuf_0_clk_i/X (sg13g2_buf_16)
                                                         clknet_0_clk_i (net)
                      0.051690    0.001839    0.117820 ^ clkbuf_3_3__f_clk_i/A (sg13g2_buf_16)
     4    0.016313    0.019642    0.074970    0.192790 ^ clkbuf_3_3__f_clk_i/X (sg13g2_buf_16)
                                                         clknet_3_3__leaf_clk_i (net)
                      0.019642    0.000207    0.192997 ^ _187_/CLK (sg13g2_dfrbpq_1)
                                  0.250000    0.442997   clock uncertainty
                                  0.000000    0.442997   clock reconvergence pessimism
                                 -0.038952    0.404044   library hold time
                                              0.404044   data required time
---------------------------------------------------------------------------------------------
                                              0.404044   data required time
                                             -0.856255   data arrival time
---------------------------------------------------------------------------------------------
                                              0.452211   slack (MET)


Startpoint: _194_ (rising edge-triggered flip-flop clocked by clk_i)
Endpoint: _195_ (rising edge-triggered flip-flop clocked by clk_i)
Path Group: clk_i
Path Type: min

Fanout         Cap        Slew       Delay        Time   Description
---------------------------------------------------------------------------------------------
                                  0.000000    0.000000   clock clk_i (rise edge)
                                  0.000000    0.000000   clock source latency
     1    0.024077    0.038967    0.020348    0.020348 ^ clk_i (in)
                                                         clk_i (net)
                      0.039068    0.000000    0.020348 ^ clkbuf_0_clk_i/A (sg13g2_buf_16)
     8    0.155975    0.051557    0.095633    0.115981 ^ clkbuf_0_clk_i/X (sg13g2_buf_16)
                                                         clknet_0_clk_i (net)
                      0.051723    0.002107    0.118088 ^ clkbuf_3_7__f_clk_i/A (sg13g2_buf_16)
     4    0.014887    0.019315    0.074711    0.192799 ^ clkbuf_3_7__f_clk_i/X (sg13g2_buf_16)
                                                         clknet_3_7__leaf_clk_i (net)
                      0.019315    0.000106    0.192905 ^ _194_/CLK (sg13g2_dfrbpq_1)
     3    0.009190    0.036922    0.174634    0.367539 v _194_/Q (sg13g2_dfrbpq_1)
                                                         spm_inst.genblk1[2].csa.y (net)
                      0.036922    0.000038    0.367577 v _152_/B (sg13g2_nor2_1)
     1    0.004842    0.059406    0.064006    0.431583 ^ _152_/Y (sg13g2_nor2_1)
                                                         _054_ (net)
                      0.059406    0.000069    0.431652 ^ _155_/A2 (sg13g2_o21ai_1)
     1    0.002381    0.029938    0.057676    0.489327 v _155_/Y (sg13g2_o21ai_1)
                                                         _007_ (net)
                      0.029938    0.000023    0.489350 v hold57/A (sg13g2_dlygate4sd3_1)
     1    0.002361    0.035198    0.369946    0.859296 v hold57/X (sg13g2_dlygate4sd3_1)
                                                         net57 (net)
                      0.035198    0.000023    0.859319 v _195_/D (sg13g2_dfrbpq_1)
                                              0.859319   data arrival time

                                  0.000000    0.000000   clock clk_i (rise edge)
                                  0.000000    0.000000   clock source latency
     1    0.024077    0.038967    0.020348    0.020348 ^ clk_i (in)
                                                         clk_i (net)
                      0.039068    0.000000    0.020348 ^ clkbuf_0_clk_i/A (sg13g2_buf_16)
     8    0.155975    0.051557    0.095633    0.115981 ^ clkbuf_0_clk_i/X (sg13g2_buf_16)
                                                         clknet_0_clk_i (net)
                      0.051723    0.002107    0.118088 ^ clkbuf_3_7__f_clk_i/A (sg13g2_buf_16)
     4    0.014887    0.019315    0.074711    0.192799 ^ clkbuf_3_7__f_clk_i/X (sg13g2_buf_16)
                                                         clknet_3_7__leaf_clk_i (net)
                      0.019315    0.000140    0.192939 ^ _195_/CLK (sg13g2_dfrbpq_1)
                                  0.250000    0.442939   clock uncertainty
                                  0.000000    0.442939   clock reconvergence pessimism
                                 -0.039342    0.403597   library hold time
                                              0.403597   data required time
---------------------------------------------------------------------------------------------
                                              0.403597   data required time
                                             -0.859319   data arrival time
---------------------------------------------------------------------------------------------
                                              0.455722   slack (MET)


Startpoint: _172_ (rising edge-triggered flip-flop clocked by clk_i)
Endpoint: _173_ (rising edge-triggered flip-flop clocked by clk_i)
Path Group: clk_i
Path Type: min

Fanout         Cap        Slew       Delay        Time   Description
---------------------------------------------------------------------------------------------
                                  0.000000    0.000000   clock clk_i (rise edge)
                                  0.000000    0.000000   clock source latency
     1    0.024077    0.038967    0.020348    0.020348 ^ clk_i (in)
                                                         clk_i (net)
                      0.039068    0.000000    0.020348 ^ clkbuf_0_clk_i/A (sg13g2_buf_16)
     8    0.155975    0.051557    0.095633    0.115981 ^ clkbuf_0_clk_i/X (sg13g2_buf_16)
                                                         clknet_0_clk_i (net)
                      0.051686    0.001798    0.117779 ^ clkbuf_3_0__f_clk_i/A (sg13g2_buf_16)
     4    0.014672    0.019279    0.074654    0.192433 ^ clkbuf_3_0__f_clk_i/X (sg13g2_buf_16)
                                                         clknet_3_0__leaf_clk_i (net)
                      0.019279    0.000103    0.192536 ^ _172_/CLK (sg13g2_dfrbpq_1)
     3    0.009662    0.048760    0.181833    0.374369 ^ _172_/Q (sg13g2_dfrbpq_1)
                                                         spm_inst.genblk1[13].csa.y (net)
                      0.048760    0.000068    0.374437 ^ _086_/B (sg13g2_nor2_1)
     1    0.005241    0.028412    0.041745    0.416181 v _086_/Y (sg13g2_nor2_1)
                                                         _071_ (net)
                      0.028412    0.000095    0.416277 v _089_/A2 (sg13g2_o21ai_1)
     1    0.002027    0.025412    0.069453    0.485729 ^ _089_/Y (sg13g2_o21ai_1)
                                                         _004_ (net)
                      0.025412    0.000016    0.485745 ^ hold54/A (sg13g2_dlygate4sd3_1)
     1    0.001816    0.030415    0.351435    0.837180 ^ hold54/X (sg13g2_dlygate4sd3_1)
                                                         net54 (net)
                      0.030415    0.000013    0.837192 ^ _173_/D (sg13g2_dfrbpq_1)
                                              0.837192   data arrival time

                                  0.000000    0.000000   clock clk_i (rise edge)
                                  0.000000    0.000000   clock source latency
     1    0.024077    0.038967    0.020348    0.020348 ^ clk_i (in)
                                                         clk_i (net)
                      0.039068    0.000000    0.020348 ^ clkbuf_0_clk_i/A (sg13g2_buf_16)
     8    0.155975    0.051557    0.095633    0.115981 ^ clkbuf_0_clk_i/X (sg13g2_buf_16)
                                                         clknet_0_clk_i (net)
                      0.051686    0.001798    0.117779 ^ clkbuf_3_0__f_clk_i/A (sg13g2_buf_16)
     4    0.014672    0.019279    0.074654    0.192433 ^ clkbuf_3_0__f_clk_i/X (sg13g2_buf_16)
                                                         clknet_3_0__leaf_clk_i (net)
                      0.019279    0.000076    0.192509 ^ _173_/CLK (sg13g2_dfrbpq_1)
                                  0.250000    0.442509   clock uncertainty
                                  0.000000    0.442509   clock reconvergence pessimism
                                 -0.061834    0.380675   library hold time
                                              0.380675   data required time
---------------------------------------------------------------------------------------------
                                              0.380675   data required time
                                             -0.837192   data arrival time
---------------------------------------------------------------------------------------------
                                              0.456517   slack (MET)


Startpoint: _174_ (rising edge-triggered flip-flop clocked by clk_i)
Endpoint: _175_ (rising edge-triggered flip-flop clocked by clk_i)
Path Group: clk_i
Path Type: min

Fanout         Cap        Slew       Delay        Time   Description
---------------------------------------------------------------------------------------------
                                  0.000000    0.000000   clock clk_i (rise edge)
                                  0.000000    0.000000   clock source latency
     1    0.024077    0.038967    0.020348    0.020348 ^ clk_i (in)
                                                         clk_i (net)
                      0.039068    0.000000    0.020348 ^ clkbuf_0_clk_i/A (sg13g2_buf_16)
     8    0.155975    0.051557    0.095633    0.115981 ^ clkbuf_0_clk_i/X (sg13g2_buf_16)
                                                         clknet_0_clk_i (net)
                      0.051686    0.001798    0.117779 ^ clkbuf_3_0__f_clk_i/A (sg13g2_buf_16)
     4    0.014672    0.019279    0.074654    0.192433 ^ clkbuf_3_0__f_clk_i/X (sg13g2_buf_16)
                                                         clknet_3_0__leaf_clk_i (net)
                      0.019279    0.000067    0.192500 ^ _174_/CLK (sg13g2_dfrbpq_1)
     3    0.009751    0.038558    0.175981    0.368481 v _174_/Q (sg13g2_dfrbpq_1)
                                                         spm_inst.genblk1[12].csa.y (net)
                      0.038558    0.000087    0.368568 v _092_/B (sg13g2_nor2_1)
     1    0.004808    0.059442    0.064325    0.432892 ^ _092_/Y (sg13g2_nor2_1)
                                                         _075_ (net)
                      0.059442    0.000063    0.432955 ^ _095_/A2 (sg13g2_o21ai_1)
     1    0.002530    0.030391    0.058352    0.491308 v _095_/Y (sg13g2_o21ai_1)
                                                         _003_ (net)
                      0.030391    0.000027    0.491335 v hold48/A (sg13g2_dlygate4sd3_1)
     1    0.002146    0.034597    0.369448    0.860782 v hold48/X (sg13g2_dlygate4sd3_1)
                                                         net48 (net)
                      0.034597    0.000019    0.860801 v _175_/D (sg13g2_dfrbpq_1)
                                              0.860801   data arrival time

                                  0.000000    0.000000   clock clk_i (rise edge)
                                  0.000000    0.000000   clock source latency
     1    0.024077    0.038967    0.020348    0.020348 ^ clk_i (in)
                                                         clk_i (net)
                      0.039068    0.000000    0.020348 ^ clkbuf_0_clk_i/A (sg13g2_buf_16)
     8    0.155975    0.051557    0.095633    0.115981 ^ clkbuf_0_clk_i/X (sg13g2_buf_16)
                                                         clknet_0_clk_i (net)
                      0.051686    0.001798    0.117779 ^ clkbuf_3_0__f_clk_i/A (sg13g2_buf_16)
     4    0.014672    0.019279    0.074654    0.192433 ^ clkbuf_3_0__f_clk_i/X (sg13g2_buf_16)
                                                         clknet_3_0__leaf_clk_i (net)
                      0.019279    0.000098    0.192531 ^ _175_/CLK (sg13g2_dfrbpq_1)
                                  0.250000    0.442531   clock uncertainty
                                  0.000000    0.442531   clock reconvergence pessimism
                                 -0.039159    0.403372   library hold time
                                              0.403372   data required time
---------------------------------------------------------------------------------------------
                                              0.403372   data required time
                                             -0.860801   data arrival time
---------------------------------------------------------------------------------------------
                                              0.457429   slack (MET)


Startpoint: _182_ (rising edge-triggered flip-flop clocked by clk_i)
Endpoint: _183_ (rising edge-triggered flip-flop clocked by clk_i)
Path Group: clk_i
Path Type: min

Fanout         Cap        Slew       Delay        Time   Description
---------------------------------------------------------------------------------------------
                                  0.000000    0.000000   clock clk_i (rise edge)
                                  0.000000    0.000000   clock source latency
     1    0.024077    0.038967    0.020348    0.020348 ^ clk_i (in)
                                                         clk_i (net)
                      0.039068    0.000000    0.020348 ^ clkbuf_0_clk_i/A (sg13g2_buf_16)
     8    0.155975    0.051557    0.095633    0.115981 ^ clkbuf_0_clk_i/X (sg13g2_buf_16)
                                                         clknet_0_clk_i (net)
                      0.051633    0.001232    0.117213 ^ clkbuf_3_4__f_clk_i/A (sg13g2_buf_16)
     4    0.014672    0.019278    0.074626    0.191839 ^ clkbuf_3_4__f_clk_i/X (sg13g2_buf_16)
                                                         clknet_3_4__leaf_clk_i (net)
                      0.019278    0.000052    0.191891 ^ _182_/CLK (sg13g2_dfrbpq_1)
     3    0.010443    0.040584    0.177659    0.369551 v _182_/Q (sg13g2_dfrbpq_1)
                                                         spm_inst.genblk1[8].csa.y (net)
                      0.040584    0.000148    0.369698 v _116_/B (sg13g2_nor2_1)
     1    0.005156    0.062400    0.067081    0.436780 ^ _116_/Y (sg13g2_nor2_1)
                                                         _030_ (net)
                      0.062400    0.000078    0.436858 ^ _119_/A2 (sg13g2_o21ai_1)
     1    0.002123    0.029069    0.057435    0.494293 v _119_/Y (sg13g2_o21ai_1)
                                                         _013_ (net)
                      0.029069    0.000017    0.494310 v hold75/A (sg13g2_dlygate4sd3_1)
     1    0.001977    0.034132    0.368127    0.862437 v hold75/X (sg13g2_dlygate4sd3_1)
                                                         net75 (net)
                      0.034132    0.000015    0.862453 v _183_/D (sg13g2_dfrbpq_1)
                                              0.862453   data arrival time

                                  0.000000    0.000000   clock clk_i (rise edge)
                                  0.000000    0.000000   clock source latency
     1    0.024077    0.038967    0.020348    0.020348 ^ clk_i (in)
                                                         clk_i (net)
                      0.039068    0.000000    0.020348 ^ clkbuf_0_clk_i/A (sg13g2_buf_16)
     8    0.155975    0.051557    0.095633    0.115981 ^ clkbuf_0_clk_i/X (sg13g2_buf_16)
                                                         clknet_0_clk_i (net)
                      0.051667    0.001625    0.117607 ^ clkbuf_3_6__f_clk_i/A (sg13g2_buf_16)
     4    0.014941    0.019326    0.074698    0.192305 ^ clkbuf_3_6__f_clk_i/X (sg13g2_buf_16)
                                                         clknet_3_6__leaf_clk_i (net)
                      0.019326    0.000065    0.192370 ^ _183_/CLK (sg13g2_dfrbpq_1)
                                  0.250000    0.442370   clock uncertainty
                                  0.000000    0.442370   clock reconvergence pessimism
                                 -0.039002    0.403368   library hold time
                                              0.403368   data required time
---------------------------------------------------------------------------------------------
                                              0.403368   data required time
                                             -0.862453   data arrival time
---------------------------------------------------------------------------------------------
                                              0.459085   slack (MET)


Startpoint: _198_ (rising edge-triggered flip-flop clocked by clk_i)
Endpoint: _201_ (rising edge-triggered flip-flop clocked by clk_i)
Path Group: clk_i
Path Type: min

Fanout         Cap        Slew       Delay        Time   Description
---------------------------------------------------------------------------------------------
                                  0.000000    0.000000   clock clk_i (rise edge)
                                  0.000000    0.000000   clock source latency
     1    0.024077    0.038967    0.020348    0.020348 ^ clk_i (in)
                                                         clk_i (net)
                      0.039068    0.000000    0.020348 ^ clkbuf_0_clk_i/A (sg13g2_buf_16)
     8    0.155975    0.051557    0.095633    0.115981 ^ clkbuf_0_clk_i/X (sg13g2_buf_16)
                                                         clknet_0_clk_i (net)
                      0.051670    0.001651    0.117632 ^ clkbuf_3_5__f_clk_i/A (sg13g2_buf_16)
     4    0.014812    0.019314    0.074670    0.192301 ^ clkbuf_3_5__f_clk_i/X (sg13g2_buf_16)
                                                         clknet_3_5__leaf_clk_i (net)
                      0.019315    0.000107    0.192409 ^ _198_/CLK (sg13g2_dfrbpq_1)
     3    0.010066    0.039494    0.176719    0.369128 v _198_/Q (sg13g2_dfrbpq_1)
                                                         spm_inst.csa0.y (net)
                      0.039494    0.000189    0.369316 v _167_/B (sg13g2_nor2_1)
     1    0.004382    0.056474    0.062055    0.431371 ^ _167_/Y (sg13g2_nor2_1)
                                                         _063_ (net)
                      0.056474    0.000046    0.431417 ^ _170_/A2 (sg13g2_o21ai_1)
     1    0.003029    0.033104    0.059666    0.491083 v _170_/Y (sg13g2_o21ai_1)
                                                         _000_ (net)
                      0.033104    0.000040    0.491123 v hold72/A (sg13g2_dlygate4sd3_1)
     1    0.002361    0.035197    0.371697    0.862820 v hold72/X (sg13g2_dlygate4sd3_1)
                                                         net72 (net)
                      0.035197    0.000023    0.862843 v _201_/D (sg13g2_dfrbpq_1)
                                              0.862843   data arrival time

                                  0.000000    0.000000   clock clk_i (rise edge)
                                  0.000000    0.000000   clock source latency
     1    0.024077    0.038967    0.020348    0.020348 ^ clk_i (in)
                                                         clk_i (net)
                      0.039068    0.000000    0.020348 ^ clkbuf_0_clk_i/A (sg13g2_buf_16)
     8    0.155975    0.051557    0.095633    0.115981 ^ clkbuf_0_clk_i/X (sg13g2_buf_16)
                                                         clknet_0_clk_i (net)
                      0.051670    0.001651    0.117632 ^ clkbuf_3_5__f_clk_i/A (sg13g2_buf_16)
     4    0.014812    0.019314    0.074670    0.192301 ^ clkbuf_3_5__f_clk_i/X (sg13g2_buf_16)
                                                         clknet_3_5__leaf_clk_i (net)
                      0.019315    0.000139    0.192440 ^ _201_/CLK (sg13g2_dfrbpq_1)
                                  0.250000    0.442440   clock uncertainty
                                  0.000000    0.442440   clock reconvergence pessimism
                                 -0.039342    0.403098   library hold time
                                              0.403098   data required time
---------------------------------------------------------------------------------------------
                                              0.403098   data required time
                                             -0.862843   data arrival time
---------------------------------------------------------------------------------------------
                                              0.459745   slack (MET)


Startpoint: _184_ (rising edge-triggered flip-flop clocked by clk_i)
Endpoint: _185_ (rising edge-triggered flip-flop clocked by clk_i)
Path Group: clk_i
Path Type: min

Fanout         Cap        Slew       Delay        Time   Description
---------------------------------------------------------------------------------------------
                                  0.000000    0.000000   clock clk_i (rise edge)
                                  0.000000    0.000000   clock source latency
     1    0.024077    0.038967    0.020348    0.020348 ^ clk_i (in)
                                                         clk_i (net)
                      0.039068    0.000000    0.020348 ^ clkbuf_0_clk_i/A (sg13g2_buf_16)
     8    0.155975    0.051557    0.095633    0.115981 ^ clkbuf_0_clk_i/X (sg13g2_buf_16)
                                                         clknet_0_clk_i (net)
                      0.051667    0.001625    0.117607 ^ clkbuf_3_6__f_clk_i/A (sg13g2_buf_16)
     4    0.014941    0.019326    0.074698    0.192305 ^ clkbuf_3_6__f_clk_i/X (sg13g2_buf_16)
                                                         clknet_3_6__leaf_clk_i (net)
                      0.019326    0.000080    0.192384 ^ _184_/CLK (sg13g2_dfrbpq_1)
     3    0.010187    0.050755    0.183370    0.375754 ^ _184_/Q (sg13g2_dfrbpq_1)
                                                         spm_inst.genblk1[7].csa.y (net)
                      0.050755    0.000052    0.375807 ^ _122_/B (sg13g2_nor2_1)
     1    0.005708    0.030079    0.043693    0.419499 v _122_/Y (sg13g2_nor2_1)
                                                         _034_ (net)
                      0.030079    0.000118    0.419617 v _125_/A2 (sg13g2_o21ai_1)
     1    0.001894    0.025045    0.069149    0.488766 ^ _125_/Y (sg13g2_o21ai_1)
                                                         _012_ (net)
                      0.025045    0.000013    0.488779 ^ hold60/A (sg13g2_dlygate4sd3_1)
     1    0.001912    0.030755    0.351575    0.840354 ^ hold60/X (sg13g2_dlygate4sd3_1)
                                                         net60 (net)
                      0.030755    0.000014    0.840368 ^ _185_/D (sg13g2_dfrbpq_1)
                                              0.840368   data arrival time

                                  0.000000    0.000000   clock clk_i (rise edge)
                                  0.000000    0.000000   clock source latency
     1    0.024077    0.038967    0.020348    0.020348 ^ clk_i (in)
                                                         clk_i (net)
                      0.039068    0.000000    0.020348 ^ clkbuf_0_clk_i/A (sg13g2_buf_16)
     8    0.155975    0.051557    0.095633    0.115981 ^ clkbuf_0_clk_i/X (sg13g2_buf_16)
                                                         clknet_0_clk_i (net)
                      0.051635    0.001259    0.117240 ^ clkbuf_3_1__f_clk_i/A (sg13g2_buf_16)
     4    0.016133    0.019597    0.074907    0.192147 ^ clkbuf_3_1__f_clk_i/X (sg13g2_buf_16)
                                                         clknet_3_1__leaf_clk_i (net)
                      0.019598    0.000232    0.192379 ^ _185_/CLK (sg13g2_dfrbpq_1)
                                  0.250000    0.442379   clock uncertainty
                                  0.000000    0.442379   clock reconvergence pessimism
                                 -0.061892    0.380487   library hold time
                                              0.380487   data required time
---------------------------------------------------------------------------------------------
                                              0.380487   data required time
                                             -0.840368   data arrival time
---------------------------------------------------------------------------------------------
                                              0.459882   slack (MET)


Startpoint: _176_ (rising edge-triggered flip-flop clocked by clk_i)
Endpoint: _177_ (rising edge-triggered flip-flop clocked by clk_i)
Path Group: clk_i
Path Type: min

Fanout         Cap        Slew       Delay        Time   Description
---------------------------------------------------------------------------------------------
                                  0.000000    0.000000   clock clk_i (rise edge)
                                  0.000000    0.000000   clock source latency
     1    0.024077    0.038967    0.020348    0.020348 ^ clk_i (in)
                                                         clk_i (net)
                      0.039068    0.000000    0.020348 ^ clkbuf_0_clk_i/A (sg13g2_buf_16)
     8    0.155975    0.051557    0.095633    0.115981 ^ clkbuf_0_clk_i/X (sg13g2_buf_16)
                                                         clknet_0_clk_i (net)
                      0.051635    0.001259    0.117240 ^ clkbuf_3_1__f_clk_i/A (sg13g2_buf_16)
     4    0.016133    0.019597    0.074907    0.192147 ^ clkbuf_3_1__f_clk_i/X (sg13g2_buf_16)
                                                         clknet_3_1__leaf_clk_i (net)
                      0.019598    0.000185    0.192332 ^ _176_/CLK (sg13g2_dfrbpq_1)
     3    0.010001    0.039288    0.176739    0.369071 v _176_/Q (sg13g2_dfrbpq_1)
                                                         spm_inst.genblk1[11].csa.y (net)
                      0.039288    0.000085    0.369156 v _098_/B (sg13g2_nor2_1)
     1    0.005186    0.062397    0.066842    0.435998 ^ _098_/Y (sg13g2_nor2_1)
                                                         _018_ (net)
                      0.062397    0.000084    0.436082 ^ _101_/A2 (sg13g2_o21ai_1)
     1    0.002428    0.030082    0.058805    0.494887 v _101_/Y (sg13g2_o21ai_1)
                                                         _002_ (net)
                      0.030082    0.000025    0.494911 v hold87/A (sg13g2_dlygate4sd3_1)
     1    0.001945    0.034041    0.368576    0.863488 v hold87/X (sg13g2_dlygate4sd3_1)
                                                         net87 (net)
                      0.034041    0.000015    0.863503 v _177_/D (sg13g2_dfrbpq_1)
                                              0.863503   data arrival time

                                  0.000000    0.000000   clock clk_i (rise edge)
                                  0.000000    0.000000   clock source latency
     1    0.024077    0.038967    0.020348    0.020348 ^ clk_i (in)
                                                         clk_i (net)
                      0.039068    0.000000    0.020348 ^ clkbuf_0_clk_i/A (sg13g2_buf_16)
     8    0.155975    0.051557    0.095633    0.115981 ^ clkbuf_0_clk_i/X (sg13g2_buf_16)
                                                         clknet_0_clk_i (net)
                      0.051635    0.001259    0.117240 ^ clkbuf_3_1__f_clk_i/A (sg13g2_buf_16)
     4    0.016133    0.019597    0.074907    0.192147 ^ clkbuf_3_1__f_clk_i/X (sg13g2_buf_16)
                                                         clknet_3_1__leaf_clk_i (net)
                      0.019598    0.000202    0.192349 ^ _177_/CLK (sg13g2_dfrbpq_1)
                                  0.250000    0.442349   clock uncertainty
                                  0.000000    0.442349   clock reconvergence pessimism
                                 -0.038917    0.403432   library hold time
                                              0.403432   data required time
---------------------------------------------------------------------------------------------
                                              0.403432   data required time
                                             -0.863503   data arrival time
---------------------------------------------------------------------------------------------
                                              0.460071   slack (MET)


Startpoint: _193_ (rising edge-triggered flip-flop clocked by clk_i)
Endpoint: _193_ (rising edge-triggered flip-flop clocked by clk_i)
Path Group: clk_i
Path Type: min

Fanout         Cap        Slew       Delay        Time   Description
---------------------------------------------------------------------------------------------
                                  0.000000    0.000000   clock clk_i (rise edge)
                                  0.000000    0.000000   clock source latency
     1    0.024077    0.038967    0.020348    0.020348 ^ clk_i (in)
                                                         clk_i (net)
                      0.039068    0.000000    0.020348 ^ clkbuf_0_clk_i/A (sg13g2_buf_16)
     8    0.155975    0.051557    0.095633    0.115981 ^ clkbuf_0_clk_i/X (sg13g2_buf_16)
                                                         clknet_0_clk_i (net)
                      0.051723    0.002107    0.118088 ^ clkbuf_3_7__f_clk_i/A (sg13g2_buf_16)
     4    0.014887    0.019315    0.074711    0.192799 ^ clkbuf_3_7__f_clk_i/X (sg13g2_buf_16)
                                                         clknet_3_7__leaf_clk_i (net)
                      0.019315    0.000099    0.192898 ^ _193_/CLK (sg13g2_dfrbpq_1)
     3    0.010979    0.042149    0.179008    0.371907 v _193_/Q (sg13g2_dfrbpq_1)
                                                         spm_inst.genblk1[3].csa.sc (net)
                      0.042149    0.000061    0.371968 v _146_/A (sg13g2_nor2_1)
     1    0.005058    0.059944    0.073197    0.445164 ^ _146_/Y (sg13g2_nor2_1)
                                                         _050_ (net)
                      0.059944    0.000076    0.445240 ^ _149_/A2 (sg13g2_o21ai_1)
     1    0.001652    0.026591    0.054569    0.499809 v _149_/Y (sg13g2_o21ai_1)
                                                         _008_ (net)
                      0.026591    0.000008    0.499817 v hold78/A (sg13g2_dlygate4sd3_1)
     1    0.002296    0.035015    0.367866    0.867683 v hold78/X (sg13g2_dlygate4sd3_1)
                                                         net78 (net)
                      0.035015    0.000022    0.867705 v _193_/D (sg13g2_dfrbpq_1)
                                              0.867705   data arrival time

                                  0.000000    0.000000   clock clk_i (rise edge)
                                  0.000000    0.000000   clock source latency
     1    0.024077    0.038967    0.020348    0.020348 ^ clk_i (in)
                                                         clk_i (net)
                      0.039068    0.000000    0.020348 ^ clkbuf_0_clk_i/A (sg13g2_buf_16)
     8    0.155975    0.051557    0.095633    0.115981 ^ clkbuf_0_clk_i/X (sg13g2_buf_16)
                                                         clknet_0_clk_i (net)
                      0.051723    0.002107    0.118088 ^ clkbuf_3_7__f_clk_i/A (sg13g2_buf_16)
     4    0.014887    0.019315    0.074711    0.192799 ^ clkbuf_3_7__f_clk_i/X (sg13g2_buf_16)
                                                         clknet_3_7__leaf_clk_i (net)
                      0.019315    0.000099    0.192898 ^ _193_/CLK (sg13g2_dfrbpq_1)
                                  0.250000    0.442898   clock uncertainty
                                  0.000000    0.442898   clock reconvergence pessimism
                                 -0.039284    0.403614   library hold time
                                              0.403614   data required time
---------------------------------------------------------------------------------------------
                                              0.403614   data required time
                                             -0.867705   data arrival time
---------------------------------------------------------------------------------------------
                                              0.464091   slack (MET)


Startpoint: _192_ (rising edge-triggered flip-flop clocked by clk_i)
Endpoint: _194_ (rising edge-triggered flip-flop clocked by clk_i)
Path Group: clk_i
Path Type: min

Fanout         Cap        Slew       Delay        Time   Description
---------------------------------------------------------------------------------------------
                                  0.000000    0.000000   clock clk_i (rise edge)
                                  0.000000    0.000000   clock source latency
     1    0.024077    0.038967    0.020348    0.020348 ^ clk_i (in)
                                                         clk_i (net)
                      0.039068    0.000000    0.020348 ^ clkbuf_0_clk_i/A (sg13g2_buf_16)
     8    0.155975    0.051557    0.095633    0.115981 ^ clkbuf_0_clk_i/X (sg13g2_buf_16)
                                                         clknet_0_clk_i (net)
                      0.051667    0.001625    0.117607 ^ clkbuf_3_6__f_clk_i/A (sg13g2_buf_16)
     4    0.014941    0.019326    0.074698    0.192305 ^ clkbuf_3_6__f_clk_i/X (sg13g2_buf_16)
                                                         clknet_3_6__leaf_clk_i (net)
                      0.019327    0.000121    0.192426 ^ _192_/CLK (sg13g2_dfrbpq_1)
     1    0.001581    0.019235    0.158353    0.350779 ^ _192_/Q (sg13g2_dfrbpq_1)
                                                         spm_inst.genblk1[3].csa.y (net)
                      0.019235    0.000007    0.350786 ^ hold76/A (sg13g2_dlygate4sd3_1)
     3    0.014100    0.075710    0.390870    0.741656 ^ hold76/X (sg13g2_dlygate4sd3_1)
                                                         net76 (net)
                      0.075710    0.000126    0.741782 ^ _147_/B (sg13g2_xor2_1)
     1    0.005294    0.033553    0.080539    0.822320 v _147_/X (sg13g2_xor2_1)
                                                         _051_ (net)
                      0.033553    0.000031    0.822351 v _148_/B (sg13g2_xnor2_1)
     1    0.001854    0.026688    0.050378    0.872729 v _148_/Y (sg13g2_xnor2_1)
                                                         spm_inst.genblk1[3].csa.hsum2 (net)
                      0.026688    0.000013    0.872742 v _194_/D (sg13g2_dfrbpq_1)
                                              0.872742   data arrival time

                                  0.000000    0.000000   clock clk_i (rise edge)
                                  0.000000    0.000000   clock source latency
     1    0.024077    0.038967    0.020348    0.020348 ^ clk_i (in)
                                                         clk_i (net)
                      0.039068    0.000000    0.020348 ^ clkbuf_0_clk_i/A (sg13g2_buf_16)
     8    0.155975    0.051557    0.095633    0.115981 ^ clkbuf_0_clk_i/X (sg13g2_buf_16)
                                                         clknet_0_clk_i (net)
                      0.051723    0.002107    0.118088 ^ clkbuf_3_7__f_clk_i/A (sg13g2_buf_16)
     4    0.014887    0.019315    0.074711    0.192799 ^ clkbuf_3_7__f_clk_i/X (sg13g2_buf_16)
                                                         clknet_3_7__leaf_clk_i (net)
                      0.019315    0.000106    0.192905 ^ _194_/CLK (sg13g2_dfrbpq_1)
                                  0.250000    0.442905   clock uncertainty
                                  0.000000    0.442905   clock reconvergence pessimism
                                 -0.036646    0.406260   library hold time
                                              0.406260   data required time
---------------------------------------------------------------------------------------------
                                              0.406260   data required time
                                             -0.872742   data arrival time
---------------------------------------------------------------------------------------------
                                              0.466483   slack (MET)


Startpoint: _190_ (rising edge-triggered flip-flop clocked by clk_i)
Endpoint: _192_ (rising edge-triggered flip-flop clocked by clk_i)
Path Group: clk_i
Path Type: min

Fanout         Cap        Slew       Delay        Time   Description
---------------------------------------------------------------------------------------------
                                  0.000000    0.000000   clock clk_i (rise edge)
                                  0.000000    0.000000   clock source latency
     1    0.024077    0.038967    0.020348    0.020348 ^ clk_i (in)
                                                         clk_i (net)
                      0.039068    0.000000    0.020348 ^ clkbuf_0_clk_i/A (sg13g2_buf_16)
     8    0.155975    0.051557    0.095633    0.115981 ^ clkbuf_0_clk_i/X (sg13g2_buf_16)
                                                         clknet_0_clk_i (net)
                      0.051690    0.001839    0.117820 ^ clkbuf_3_3__f_clk_i/A (sg13g2_buf_16)
     4    0.016313    0.019642    0.074970    0.192790 ^ clkbuf_3_3__f_clk_i/X (sg13g2_buf_16)
                                                         clknet_3_3__leaf_clk_i (net)
                      0.019642    0.000183    0.192973 ^ _190_/CLK (sg13g2_dfrbpq_1)
     3    0.009463    0.048006    0.181413    0.374386 ^ _190_/Q (sg13g2_dfrbpq_1)
                                                         spm_inst.genblk1[4].csa.y (net)
                      0.048006    0.000024    0.374410 ^ hold89/A (sg13g2_dlygate4sd3_1)
     1    0.005419    0.042577    0.375725    0.750135 ^ hold89/X (sg13g2_dlygate4sd3_1)
                                                         net89 (net)
                      0.042577    0.000030    0.750166 ^ _141_/B (sg13g2_xor2_1)
     1    0.005676    0.034733    0.068714    0.818880 v _141_/X (sg13g2_xor2_1)
                                                         _047_ (net)
                      0.034733    0.000051    0.818931 v _142_/B (sg13g2_xnor2_1)
     1    0.002277    0.028916    0.052614    0.871546 v _142_/Y (sg13g2_xnor2_1)
                                                         spm_inst.genblk1[4].csa.hsum2 (net)
                      0.028916    0.000022    0.871568 v _192_/D (sg13g2_dfrbpq_1)
                                              0.871568   data arrival time

                                  0.000000    0.000000   clock clk_i (rise edge)
                                  0.000000    0.000000   clock source latency
     1    0.024077    0.038967    0.020348    0.020348 ^ clk_i (in)
                                                         clk_i (net)
                      0.039068    0.000000    0.020348 ^ clkbuf_0_clk_i/A (sg13g2_buf_16)
     8    0.155975    0.051557    0.095633    0.115981 ^ clkbuf_0_clk_i/X (sg13g2_buf_16)
                                                         clknet_0_clk_i (net)
                      0.051667    0.001625    0.117607 ^ clkbuf_3_6__f_clk_i/A (sg13g2_buf_16)
     4    0.014941    0.019326    0.074698    0.192305 ^ clkbuf_3_6__f_clk_i/X (sg13g2_buf_16)
                                                         clknet_3_6__leaf_clk_i (net)
                      0.019327    0.000121    0.192426 ^ _192_/CLK (sg13g2_dfrbpq_1)
                                  0.250000    0.442426   clock uncertainty
                                  0.000000    0.442426   clock reconvergence pessimism
                                 -0.037350    0.405076   library hold time
                                              0.405076   data required time
---------------------------------------------------------------------------------------------
                                              0.405076   data required time
                                             -0.871568   data arrival time
---------------------------------------------------------------------------------------------
                                              0.466491   slack (MET)


Startpoint: _172_ (rising edge-triggered flip-flop clocked by clk_i)
Endpoint: _174_ (rising edge-triggered flip-flop clocked by clk_i)
Path Group: clk_i
Path Type: min

Fanout         Cap        Slew       Delay        Time   Description
---------------------------------------------------------------------------------------------
                                  0.000000    0.000000   clock clk_i (rise edge)
                                  0.000000    0.000000   clock source latency
     1    0.024077    0.038967    0.020348    0.020348 ^ clk_i (in)
                                                         clk_i (net)
                      0.039068    0.000000    0.020348 ^ clkbuf_0_clk_i/A (sg13g2_buf_16)
     8    0.155975    0.051557    0.095633    0.115981 ^ clkbuf_0_clk_i/X (sg13g2_buf_16)
                                                         clknet_0_clk_i (net)
                      0.051686    0.001798    0.117779 ^ clkbuf_3_0__f_clk_i/A (sg13g2_buf_16)
     4    0.014672    0.019279    0.074654    0.192433 ^ clkbuf_3_0__f_clk_i/X (sg13g2_buf_16)
                                                         clknet_3_0__leaf_clk_i (net)
                      0.019279    0.000103    0.192536 ^ _172_/CLK (sg13g2_dfrbpq_1)
     3    0.009662    0.048760    0.181833    0.374369 ^ _172_/Q (sg13g2_dfrbpq_1)
                                                         spm_inst.genblk1[13].csa.y (net)
                      0.048760    0.000058    0.374427 ^ hold94/A (sg13g2_dlygate4sd3_1)
     1    0.006446    0.046497    0.379666    0.754093 ^ hold94/X (sg13g2_dlygate4sd3_1)
                                                         net94 (net)
                      0.046497    0.000088    0.754181 ^ _087_/B (sg13g2_xor2_1)
     1    0.005294    0.033809    0.068634    0.822815 v _087_/X (sg13g2_xor2_1)
                                                         _072_ (net)
                      0.033809    0.000031    0.822845 v _088_/B (sg13g2_xnor2_1)
     1    0.002017    0.027528    0.051170    0.874016 v _088_/Y (sg13g2_xnor2_1)
                                                         spm_inst.genblk1[13].csa.hsum2 (net)
                      0.027528    0.000016    0.874032 v _174_/D (sg13g2_dfrbpq_1)
                                              0.874032   data arrival time

                                  0.000000    0.000000   clock clk_i (rise edge)
                                  0.000000    0.000000   clock source latency
     1    0.024077    0.038967    0.020348    0.020348 ^ clk_i (in)
                                                         clk_i (net)
                      0.039068    0.000000    0.020348 ^ clkbuf_0_clk_i/A (sg13g2_buf_16)
     8    0.155975    0.051557    0.095633    0.115981 ^ clkbuf_0_clk_i/X (sg13g2_buf_16)
                                                         clknet_0_clk_i (net)
                      0.051686    0.001798    0.117779 ^ clkbuf_3_0__f_clk_i/A (sg13g2_buf_16)
     4    0.014672    0.019279    0.074654    0.192433 ^ clkbuf_3_0__f_clk_i/X (sg13g2_buf_16)
                                                         clknet_3_0__leaf_clk_i (net)
                      0.019279    0.000067    0.192500 ^ _174_/CLK (sg13g2_dfrbpq_1)
                                  0.250000    0.442500   clock uncertainty
                                  0.000000    0.442500   clock reconvergence pessimism
                                 -0.036920    0.405580   library hold time
                                              0.405580   data required time
---------------------------------------------------------------------------------------------
                                              0.405580   data required time
                                             -0.874032   data arrival time
---------------------------------------------------------------------------------------------
                                              0.468451   slack (MET)


Startpoint: _186_ (rising edge-triggered flip-flop clocked by clk_i)
Endpoint: _188_ (rising edge-triggered flip-flop clocked by clk_i)
Path Group: clk_i
Path Type: min

Fanout         Cap        Slew       Delay        Time   Description
---------------------------------------------------------------------------------------------
                                  0.000000    0.000000   clock clk_i (rise edge)
                                  0.000000    0.000000   clock source latency
     1    0.024077    0.038967    0.020348    0.020348 ^ clk_i (in)
                                                         clk_i (net)
                      0.039068    0.000000    0.020348 ^ clkbuf_0_clk_i/A (sg13g2_buf_16)
     8    0.155975    0.051557    0.095633    0.115981 ^ clkbuf_0_clk_i/X (sg13g2_buf_16)
                                                         clknet_0_clk_i (net)
                      0.051690    0.001839    0.117820 ^ clkbuf_3_3__f_clk_i/A (sg13g2_buf_16)
     4    0.016313    0.019642    0.074970    0.192790 ^ clkbuf_3_3__f_clk_i/X (sg13g2_buf_16)
                                                         clknet_3_3__leaf_clk_i (net)
                      0.019643    0.000236    0.193026 ^ _186_/CLK (sg13g2_dfrbpq_1)
     3    0.009658    0.048748    0.181968    0.374995 ^ _186_/Q (sg13g2_dfrbpq_1)
                                                         spm_inst.genblk1[6].csa.y (net)
                      0.048748    0.000076    0.375071 ^ hold98/A (sg13g2_dlygate4sd3_1)
     1    0.005471    0.042744    0.376292    0.751363 ^ hold98/X (sg13g2_dlygate4sd3_1)
                                                         net98 (net)
                      0.042744    0.000033    0.751396 ^ _129_/B (sg13g2_xor2_1)
     1    0.005471    0.034204    0.067882    0.819278 v _129_/X (sg13g2_xor2_1)
                                                         _039_ (net)
                      0.034204    0.000039    0.819317 v _130_/B (sg13g2_xnor2_1)
     1    0.002709    0.031045    0.054310    0.873627 v _130_/Y (sg13g2_xnor2_1)
                                                         spm_inst.genblk1[6].csa.hsum2 (net)
                      0.031045    0.000033    0.873660 v _188_/D (sg13g2_dfrbpq_1)
                                              0.873660   data arrival time

                                  0.000000    0.000000   clock clk_i (rise edge)
                                  0.000000    0.000000   clock source latency
     1    0.024077    0.038967    0.020348    0.020348 ^ clk_i (in)
                                                         clk_i (net)
                      0.039068    0.000000    0.020348 ^ clkbuf_0_clk_i/A (sg13g2_buf_16)
     8    0.155975    0.051557    0.095633    0.115981 ^ clkbuf_0_clk_i/X (sg13g2_buf_16)
                                                         clknet_0_clk_i (net)
                      0.051690    0.001839    0.117820 ^ clkbuf_3_3__f_clk_i/A (sg13g2_buf_16)
     4    0.016313    0.019642    0.074970    0.192790 ^ clkbuf_3_3__f_clk_i/X (sg13g2_buf_16)
                                                         clknet_3_3__leaf_clk_i (net)
                      0.019642    0.000196    0.192986 ^ _188_/CLK (sg13g2_dfrbpq_1)
                                  0.250000    0.442986   clock uncertainty
                                  0.000000    0.442986   clock reconvergence pessimism
                                 -0.037958    0.405027   library hold time
                                              0.405027   data required time
---------------------------------------------------------------------------------------------
                                              0.405027   data required time
                                             -0.873660   data arrival time
---------------------------------------------------------------------------------------------
                                              0.468633   slack (MET)


Startpoint: _180_ (rising edge-triggered flip-flop clocked by clk_i)
Endpoint: _182_ (rising edge-triggered flip-flop clocked by clk_i)
Path Group: clk_i
Path Type: min

Fanout         Cap        Slew       Delay        Time   Description
---------------------------------------------------------------------------------------------
                                  0.000000    0.000000   clock clk_i (rise edge)
                                  0.000000    0.000000   clock source latency
     1    0.024077    0.038967    0.020348    0.020348 ^ clk_i (in)
                                                         clk_i (net)
                      0.039068    0.000000    0.020348 ^ clkbuf_0_clk_i/A (sg13g2_buf_16)
     8    0.155975    0.051557    0.095633    0.115981 ^ clkbuf_0_clk_i/X (sg13g2_buf_16)
                                                         clknet_0_clk_i (net)
                      0.051633    0.001232    0.117213 ^ clkbuf_3_4__f_clk_i/A (sg13g2_buf_16)
     4    0.014672    0.019278    0.074626    0.191839 ^ clkbuf_3_4__f_clk_i/X (sg13g2_buf_16)
                                                         clknet_3_4__leaf_clk_i (net)
                      0.019279    0.000122    0.191961 ^ _180_/CLK (sg13g2_dfrbpq_1)
     3    0.008726    0.045218    0.179115    0.371075 ^ _180_/Q (sg13g2_dfrbpq_1)
                                                         spm_inst.genblk1[10].csa.sum (net)
                      0.045218    0.000056    0.371131 ^ hold92/A (sg13g2_dlygate4sd3_1)
     1    0.007069    0.048720    0.379975    0.751106 ^ hold92/X (sg13g2_dlygate4sd3_1)
                                                         net92 (net)
                      0.048720    0.000122    0.751228 ^ _111_/B (sg13g2_xor2_1)
     1    0.005294    0.033814    0.069540    0.820768 v _111_/X (sg13g2_xor2_1)
                                                         _027_ (net)
                      0.033814    0.000031    0.820799 v _112_/B (sg13g2_xnor2_1)
     1    0.002404    0.029478    0.052852    0.873651 v _112_/Y (sg13g2_xnor2_1)
                                                         spm_inst.genblk1[9].csa.hsum2 (net)
                      0.029478    0.000024    0.873675 v _182_/D (sg13g2_dfrbpq_1)
                                              0.873675   data arrival time

                                  0.000000    0.000000   clock clk_i (rise edge)
                                  0.000000    0.000000   clock source latency
     1    0.024077    0.038967    0.020348    0.020348 ^ clk_i (in)
                                                         clk_i (net)
                      0.039068    0.000000    0.020348 ^ clkbuf_0_clk_i/A (sg13g2_buf_16)
     8    0.155975    0.051557    0.095633    0.115981 ^ clkbuf_0_clk_i/X (sg13g2_buf_16)
                                                         clknet_0_clk_i (net)
                      0.051633    0.001232    0.117213 ^ clkbuf_3_4__f_clk_i/A (sg13g2_buf_16)
     4    0.014672    0.019278    0.074626    0.191839 ^ clkbuf_3_4__f_clk_i/X (sg13g2_buf_16)
                                                         clknet_3_4__leaf_clk_i (net)
                      0.019278    0.000052    0.191891 ^ _182_/CLK (sg13g2_dfrbpq_1)
                                  0.250000    0.441891   clock uncertainty
                                  0.000000    0.441891   clock reconvergence pessimism
                                 -0.037538    0.404354   library hold time
                                              0.404354   data required time
---------------------------------------------------------------------------------------------
                                              0.404354   data required time
                                             -0.873675   data arrival time
---------------------------------------------------------------------------------------------
                                              0.469321   slack (MET)


Startpoint: _199_ (rising edge-triggered flip-flop clocked by clk_i)
Endpoint: _172_ (rising edge-triggered flip-flop clocked by clk_i)
Path Group: clk_i
Path Type: min

Fanout         Cap        Slew       Delay        Time   Description
---------------------------------------------------------------------------------------------
                                  0.000000    0.000000   clock clk_i (rise edge)
                                  0.000000    0.000000   clock source latency
     1    0.024077    0.038967    0.020348    0.020348 ^ clk_i (in)
                                                         clk_i (net)
                      0.039068    0.000000    0.020348 ^ clkbuf_0_clk_i/A (sg13g2_buf_16)
     8    0.155975    0.051557    0.095633    0.115981 ^ clkbuf_0_clk_i/X (sg13g2_buf_16)
                                                         clknet_0_clk_i (net)
                      0.051794    0.002590    0.118571 ^ clkbuf_3_2__f_clk_i/A (sg13g2_buf_16)
     4    0.015639    0.019493    0.074893    0.193465 ^ clkbuf_3_2__f_clk_i/X (sg13g2_buf_16)
                                                         clknet_3_2__leaf_clk_i (net)
                      0.019493    0.000132    0.193596 ^ _199_/CLK (sg13g2_dfrbpq_1)
     3    0.010128    0.050529    0.183277    0.376873 ^ _199_/Q (sg13g2_dfrbpq_1)
                                                         spm_inst.genblk1[14].csa.y (net)
                      0.050529    0.000068    0.376941 ^ hold95/A (sg13g2_dlygate4sd3_1)
     1    0.006403    0.046346    0.380439    0.757380 ^ hold95/X (sg13g2_dlygate4sd3_1)
                                                         net95 (net)
                      0.046346    0.000086    0.757466 ^ _081_/B (sg13g2_xor2_1)
     1    0.005299    0.033810    0.068594    0.826059 v _081_/X (sg13g2_xor2_1)
                                                         _068_ (net)
                      0.033810    0.000031    0.826090 v _082_/B (sg13g2_xnor2_1)
     1    0.001811    0.026492    0.050278    0.876368 v _082_/Y (sg13g2_xnor2_1)
                                                         spm_inst.genblk1[14].csa.hsum2 (net)
                      0.026492    0.000012    0.876381 v _172_/D (sg13g2_dfrbpq_1)
                                              0.876381   data arrival time

                                  0.000000    0.000000   clock clk_i (rise edge)
                                  0.000000    0.000000   clock source latency
     1    0.024077    0.038967    0.020348    0.020348 ^ clk_i (in)
                                                         clk_i (net)
                      0.039068    0.000000    0.020348 ^ clkbuf_0_clk_i/A (sg13g2_buf_16)
     8    0.155975    0.051557    0.095633    0.115981 ^ clkbuf_0_clk_i/X (sg13g2_buf_16)
                                                         clknet_0_clk_i (net)
                      0.051686    0.001798    0.117779 ^ clkbuf_3_0__f_clk_i/A (sg13g2_buf_16)
     4    0.014672    0.019279    0.074654    0.192433 ^ clkbuf_3_0__f_clk_i/X (sg13g2_buf_16)
                                                         clknet_3_0__leaf_clk_i (net)
                      0.019279    0.000103    0.192536 ^ _172_/CLK (sg13g2_dfrbpq_1)
                                  0.250000    0.442536   clock uncertainty
                                  0.000000    0.442536   clock reconvergence pessimism
                                 -0.036591    0.405944   library hold time
                                              0.405944   data required time
---------------------------------------------------------------------------------------------
                                              0.405944   data required time
                                             -0.876381   data arrival time
---------------------------------------------------------------------------------------------
                                              0.470436   slack (MET)


Startpoint: _182_ (rising edge-triggered flip-flop clocked by clk_i)
Endpoint: _184_ (rising edge-triggered flip-flop clocked by clk_i)
Path Group: clk_i
Path Type: min

Fanout         Cap        Slew       Delay        Time   Description
---------------------------------------------------------------------------------------------
                                  0.000000    0.000000   clock clk_i (rise edge)
                                  0.000000    0.000000   clock source latency
     1    0.024077    0.038967    0.020348    0.020348 ^ clk_i (in)
                                                         clk_i (net)
                      0.039068    0.000000    0.020348 ^ clkbuf_0_clk_i/A (sg13g2_buf_16)
     8    0.155975    0.051557    0.095633    0.115981 ^ clkbuf_0_clk_i/X (sg13g2_buf_16)
                                                         clknet_0_clk_i (net)
                      0.051633    0.001232    0.117213 ^ clkbuf_3_4__f_clk_i/A (sg13g2_buf_16)
     4    0.014672    0.019278    0.074626    0.191839 ^ clkbuf_3_4__f_clk_i/X (sg13g2_buf_16)
                                                         clknet_3_4__leaf_clk_i (net)
                      0.019278    0.000052    0.191891 ^ _182_/CLK (sg13g2_dfrbpq_1)
     3    0.010789    0.053047    0.185088    0.376980 ^ _182_/Q (sg13g2_dfrbpq_1)
                                                         spm_inst.genblk1[8].csa.y (net)
                      0.053047    0.000088    0.377068 ^ hold91/A (sg13g2_dlygate4sd3_1)
     1    0.005714    0.043525    0.379370    0.756438 ^ hold91/X (sg13g2_dlygate4sd3_1)
                                                         net91 (net)
                      0.043525    0.000047    0.756485 ^ _117_/B (sg13g2_xor2_1)
     1    0.005729    0.034886    0.069337    0.825822 v _117_/X (sg13g2_xor2_1)
                                                         _031_ (net)
                      0.034886    0.000054    0.825876 v _118_/B (sg13g2_xnor2_1)
     1    0.001854    0.026798    0.050827    0.876703 v _118_/Y (sg13g2_xnor2_1)
                                                         spm_inst.genblk1[8].csa.hsum2 (net)
                      0.026798    0.000013    0.876716 v _184_/D (sg13g2_dfrbpq_1)
                                              0.876716   data arrival time

                                  0.000000    0.000000   clock clk_i (rise edge)
                                  0.000000    0.000000   clock source latency
     1    0.024077    0.038967    0.020348    0.020348 ^ clk_i (in)
                                                         clk_i (net)
                      0.039068    0.000000    0.020348 ^ clkbuf_0_clk_i/A (sg13g2_buf_16)
     8    0.155975    0.051557    0.095633    0.115981 ^ clkbuf_0_clk_i/X (sg13g2_buf_16)
                                                         clknet_0_clk_i (net)
                      0.051667    0.001625    0.117607 ^ clkbuf_3_6__f_clk_i/A (sg13g2_buf_16)
     4    0.014941    0.019326    0.074698    0.192305 ^ clkbuf_3_6__f_clk_i/X (sg13g2_buf_16)
                                                         clknet_3_6__leaf_clk_i (net)
                      0.019326    0.000080    0.192384 ^ _184_/CLK (sg13g2_dfrbpq_1)
                                  0.250000    0.442384   clock uncertainty
                                  0.000000    0.442384   clock reconvergence pessimism
                                 -0.036678    0.405706   library hold time
                                              0.405706   data required time
---------------------------------------------------------------------------------------------
                                              0.405706   data required time
                                             -0.876716   data arrival time
---------------------------------------------------------------------------------------------
                                              0.471010   slack (MET)


Startpoint: _176_ (rising edge-triggered flip-flop clocked by clk_i)
Endpoint: _178_ (rising edge-triggered flip-flop clocked by clk_i)
Path Group: clk_i
Path Type: min

Fanout         Cap        Slew       Delay        Time   Description
---------------------------------------------------------------------------------------------
                                  0.000000    0.000000   clock clk_i (rise edge)
                                  0.000000    0.000000   clock source latency
     1    0.024077    0.038967    0.020348    0.020348 ^ clk_i (in)
                                                         clk_i (net)
                      0.039068    0.000000    0.020348 ^ clkbuf_0_clk_i/A (sg13g2_buf_16)
     8    0.155975    0.051557    0.095633    0.115981 ^ clkbuf_0_clk_i/X (sg13g2_buf_16)
                                                         clknet_0_clk_i (net)
                      0.051635    0.001259    0.117240 ^ clkbuf_3_1__f_clk_i/A (sg13g2_buf_16)
     4    0.016133    0.019597    0.074907    0.192147 ^ clkbuf_3_1__f_clk_i/X (sg13g2_buf_16)
                                                         clknet_3_1__leaf_clk_i (net)
                      0.019598    0.000185    0.192332 ^ _176_/CLK (sg13g2_dfrbpq_1)
     3    0.010347    0.051363    0.183962    0.376295 ^ _176_/Q (sg13g2_dfrbpq_1)
                                                         spm_inst.genblk1[11].csa.y (net)
                      0.051363    0.000109    0.376404 ^ hold96/A (sg13g2_dlygate4sd3_1)
     1    0.005823    0.043877    0.378869    0.755272 ^ hold96/X (sg13g2_dlygate4sd3_1)
                                                         net96 (net)
                      0.043877    0.000053    0.755325 ^ _099_/B (sg13g2_xor2_1)
     1    0.005848    0.035200    0.070005    0.825330 v _099_/X (sg13g2_xor2_1)
                                                         _019_ (net)
                      0.035200    0.000060    0.825390 v _100_/B (sg13g2_xnor2_1)
     1    0.001931    0.027209    0.051266    0.876656 v _100_/Y (sg13g2_xnor2_1)
                                                         spm_inst.genblk1[11].csa.hsum2 (net)
                      0.027209    0.000014    0.876670 v _178_/D (sg13g2_dfrbpq_1)
                                              0.876670   data arrival time

                                  0.000000    0.000000   clock clk_i (rise edge)
                                  0.000000    0.000000   clock source latency
     1    0.024077    0.038967    0.020348    0.020348 ^ clk_i (in)
                                                         clk_i (net)
                      0.039068    0.000000    0.020348 ^ clkbuf_0_clk_i/A (sg13g2_buf_16)
     8    0.155975    0.051557    0.095633    0.115981 ^ clkbuf_0_clk_i/X (sg13g2_buf_16)
                                                         clknet_0_clk_i (net)
                      0.051635    0.001259    0.117240 ^ clkbuf_3_1__f_clk_i/A (sg13g2_buf_16)
     4    0.016133    0.019597    0.074907    0.192147 ^ clkbuf_3_1__f_clk_i/X (sg13g2_buf_16)
                                                         clknet_3_1__leaf_clk_i (net)
                      0.019598    0.000227    0.192374 ^ _178_/CLK (sg13g2_dfrbpq_1)
                                  0.250000    0.442374   clock uncertainty
                                  0.000000    0.442374   clock reconvergence pessimism
                                 -0.036752    0.405621   library hold time
                                              0.405621   data required time
---------------------------------------------------------------------------------------------
                                              0.405621   data required time
                                             -0.876670   data arrival time
---------------------------------------------------------------------------------------------
                                              0.471049   slack (MET)


Startpoint: _188_ (rising edge-triggered flip-flop clocked by clk_i)
Endpoint: _190_ (rising edge-triggered flip-flop clocked by clk_i)
Path Group: clk_i
Path Type: min

Fanout         Cap        Slew       Delay        Time   Description
---------------------------------------------------------------------------------------------
                                  0.000000    0.000000   clock clk_i (rise edge)
                                  0.000000    0.000000   clock source latency
     1    0.024077    0.038967    0.020348    0.020348 ^ clk_i (in)
                                                         clk_i (net)
                      0.039068    0.000000    0.020348 ^ clkbuf_0_clk_i/A (sg13g2_buf_16)
     8    0.155975    0.051557    0.095633    0.115981 ^ clkbuf_0_clk_i/X (sg13g2_buf_16)
                                                         clknet_0_clk_i (net)
                      0.051690    0.001839    0.117820 ^ clkbuf_3_3__f_clk_i/A (sg13g2_buf_16)
     4    0.016313    0.019642    0.074970    0.192790 ^ clkbuf_3_3__f_clk_i/X (sg13g2_buf_16)
                                                         clknet_3_3__leaf_clk_i (net)
                      0.019642    0.000196    0.192986 ^ _188_/CLK (sg13g2_dfrbpq_1)
     3    0.010441    0.051729    0.184223    0.377208 ^ _188_/Q (sg13g2_dfrbpq_1)
                                                         spm_inst.genblk1[5].csa.y (net)
                      0.051729    0.000144    0.377352 ^ hold97/A (sg13g2_dlygate4sd3_1)
     1    0.005806    0.043824    0.379003    0.756355 ^ hold97/X (sg13g2_dlygate4sd3_1)
                                                         net97 (net)
                      0.043824    0.000049    0.756404 ^ _135_/B (sg13g2_xor2_1)
     1    0.005648    0.034662    0.069102    0.825506 v _135_/X (sg13g2_xor2_1)
                                                         _043_ (net)
                      0.034662    0.000050    0.825556 v _136_/B (sg13g2_xnor2_1)
     1    0.002316    0.029108    0.052761    0.878317 v _136_/Y (sg13g2_xnor2_1)
                                                         spm_inst.genblk1[5].csa.hsum2 (net)
                      0.029108    0.000023    0.878340 v _190_/D (sg13g2_dfrbpq_1)
                                              0.878340   data arrival time

                                  0.000000    0.000000   clock clk_i (rise edge)
                                  0.000000    0.000000   clock source latency
     1    0.024077    0.038967    0.020348    0.020348 ^ clk_i (in)
                                                         clk_i (net)
                      0.039068    0.000000    0.020348 ^ clkbuf_0_clk_i/A (sg13g2_buf_16)
     8    0.155975    0.051557    0.095633    0.115981 ^ clkbuf_0_clk_i/X (sg13g2_buf_16)
                                                         clknet_0_clk_i (net)
                      0.051690    0.001839    0.117820 ^ clkbuf_3_3__f_clk_i/A (sg13g2_buf_16)
     4    0.016313    0.019642    0.074970    0.192790 ^ clkbuf_3_3__f_clk_i/X (sg13g2_buf_16)
                                                         clknet_3_3__leaf_clk_i (net)
                      0.019642    0.000183    0.192973 ^ _190_/CLK (sg13g2_dfrbpq_1)
                                  0.250000    0.442973   clock uncertainty
                                  0.000000    0.442973   clock reconvergence pessimism
                                 -0.037345    0.405628   library hold time
                                              0.405628   data required time
---------------------------------------------------------------------------------------------
                                              0.405628   data required time
                                             -0.878340   data arrival time
---------------------------------------------------------------------------------------------
                                              0.472712   slack (MET)


Startpoint: _174_ (rising edge-triggered flip-flop clocked by clk_i)
Endpoint: _176_ (rising edge-triggered flip-flop clocked by clk_i)
Path Group: clk_i
Path Type: min

Fanout         Cap        Slew       Delay        Time   Description
---------------------------------------------------------------------------------------------
                                  0.000000    0.000000   clock clk_i (rise edge)
                                  0.000000    0.000000   clock source latency
     1    0.024077    0.038967    0.020348    0.020348 ^ clk_i (in)
                                                         clk_i (net)
                      0.039068    0.000000    0.020348 ^ clkbuf_0_clk_i/A (sg13g2_buf_16)
     8    0.155975    0.051557    0.095633    0.115981 ^ clkbuf_0_clk_i/X (sg13g2_buf_16)
                                                         clknet_0_clk_i (net)
                      0.051686    0.001798    0.117779 ^ clkbuf_3_0__f_clk_i/A (sg13g2_buf_16)
     4    0.014672    0.019279    0.074654    0.192433 ^ clkbuf_3_0__f_clk_i/X (sg13g2_buf_16)
                                                         clknet_3_0__leaf_clk_i (net)
                      0.019279    0.000067    0.192500 ^ _174_/CLK (sg13g2_dfrbpq_1)
     3    0.010098    0.050414    0.183086    0.375587 ^ _174_/Q (sg13g2_dfrbpq_1)
                                                         spm_inst.genblk1[12].csa.y (net)
                      0.050414    0.000031    0.375617 ^ hold93/A (sg13g2_dlygate4sd3_1)
     1    0.006124    0.045371    0.379414    0.755032 ^ hold93/X (sg13g2_dlygate4sd3_1)
                                                         net93 (net)
                      0.045371    0.000068    0.755100 ^ _093_/B (sg13g2_xor2_1)
     1    0.005681    0.034762    0.069885    0.824985 v _093_/X (sg13g2_xor2_1)
                                                         _076_ (net)
                      0.034762    0.000049    0.825034 v _094_/B (sg13g2_xnor2_1)
     1    0.002416    0.029618    0.053229    0.878262 v _094_/Y (sg13g2_xnor2_1)
                                                         spm_inst.genblk1[12].csa.hsum2 (net)
                      0.029618    0.000023    0.878286 v _176_/D (sg13g2_dfrbpq_1)
                                              0.878286   data arrival time

                                  0.000000    0.000000   clock clk_i (rise edge)
                                  0.000000    0.000000   clock source latency
     1    0.024077    0.038967    0.020348    0.020348 ^ clk_i (in)
                                                         clk_i (net)
                      0.039068    0.000000    0.020348 ^ clkbuf_0_clk_i/A (sg13g2_buf_16)
     8    0.155975    0.051557    0.095633    0.115981 ^ clkbuf_0_clk_i/X (sg13g2_buf_16)
                                                         clknet_0_clk_i (net)
                      0.051635    0.001259    0.117240 ^ clkbuf_3_1__f_clk_i/A (sg13g2_buf_16)
     4    0.016133    0.019597    0.074907    0.192147 ^ clkbuf_3_1__f_clk_i/X (sg13g2_buf_16)
                                                         clknet_3_1__leaf_clk_i (net)
                      0.019598    0.000185    0.192332 ^ _176_/CLK (sg13g2_dfrbpq_1)
                                  0.250000    0.442332   clock uncertainty
                                  0.000000    0.442332   clock reconvergence pessimism
                                 -0.037515    0.404817   library hold time
                                              0.404817   data required time
---------------------------------------------------------------------------------------------
                                              0.404817   data required time
                                             -0.878286   data arrival time
---------------------------------------------------------------------------------------------
                                              0.473469   slack (MET)


Startpoint: _198_ (rising edge-triggered flip-flop clocked by clk_i)
Endpoint: _202_ (rising edge-triggered flip-flop clocked by clk_i)
Path Group: clk_i
Path Type: min

Fanout         Cap        Slew       Delay        Time   Description
---------------------------------------------------------------------------------------------
                                  0.000000    0.000000   clock clk_i (rise edge)
                                  0.000000    0.000000   clock source latency
     1    0.024077    0.038967    0.020348    0.020348 ^ clk_i (in)
                                                         clk_i (net)
                      0.039068    0.000000    0.020348 ^ clkbuf_0_clk_i/A (sg13g2_buf_16)
     8    0.155975    0.051557    0.095633    0.115981 ^ clkbuf_0_clk_i/X (sg13g2_buf_16)
                                                         clknet_0_clk_i (net)
                      0.051670    0.001651    0.117632 ^ clkbuf_3_5__f_clk_i/A (sg13g2_buf_16)
     4    0.014812    0.019314    0.074670    0.192301 ^ clkbuf_3_5__f_clk_i/X (sg13g2_buf_16)
                                                         clknet_3_5__leaf_clk_i (net)
                      0.019315    0.000107    0.192409 ^ _198_/CLK (sg13g2_dfrbpq_1)
     3    0.010412    0.051618    0.183973    0.376382 ^ _198_/Q (sg13g2_dfrbpq_1)
                                                         spm_inst.csa0.y (net)
                      0.051618    0.000105    0.376487 ^ hold100/A (sg13g2_dlygate4sd3_1)
     1    0.006253    0.045817    0.380488    0.756975 ^ hold100/X (sg13g2_dlygate4sd3_1)
                                                         net100 (net)
                      0.045817    0.000075    0.757050 ^ _168_/B (sg13g2_xor2_1)
     1    0.005590    0.034564    0.069663    0.826713 v _168_/X (sg13g2_xor2_1)
                                                         _064_ (net)
                      0.034564    0.000047    0.826760 v _169_/B (sg13g2_xnor2_1)
     1    0.002335    0.029191    0.052807    0.879567 v _169_/Y (sg13g2_xnor2_1)
                                                         spm_inst.csa0.hsum2 (net)
                      0.029191    0.000024    0.879591 v _202_/D (sg13g2_dfrbpq_1)
                                              0.879591   data arrival time

                                  0.000000    0.000000   clock clk_i (rise edge)
                                  0.000000    0.000000   clock source latency
     1    0.024077    0.038967    0.020348    0.020348 ^ clk_i (in)
                                                         clk_i (net)
                      0.039068    0.000000    0.020348 ^ clkbuf_0_clk_i/A (sg13g2_buf_16)
     8    0.155975    0.051557    0.095633    0.115981 ^ clkbuf_0_clk_i/X (sg13g2_buf_16)
                                                         clknet_0_clk_i (net)
                      0.051670    0.001651    0.117632 ^ clkbuf_3_5__f_clk_i/A (sg13g2_buf_16)
     4    0.014812    0.019314    0.074670    0.192301 ^ clkbuf_3_5__f_clk_i/X (sg13g2_buf_16)
                                                         clknet_3_5__leaf_clk_i (net)
                      0.019315    0.000158    0.192460 ^ _202_/CLK (sg13g2_dfrbpq_1)
                                  0.250000    0.442460   clock uncertainty
                                  0.000000    0.442460   clock reconvergence pessimism
                                 -0.037439    0.405020   library hold time
                                              0.405020   data required time
---------------------------------------------------------------------------------------------
                                              0.405020   data required time
                                             -0.879591   data arrival time
---------------------------------------------------------------------------------------------
                                              0.474570   slack (MET)


Startpoint: _178_ (rising edge-triggered flip-flop clocked by clk_i)
Endpoint: _180_ (rising edge-triggered flip-flop clocked by clk_i)
Path Group: clk_i
Path Type: min

Fanout         Cap        Slew       Delay        Time   Description
---------------------------------------------------------------------------------------------
                                  0.000000    0.000000   clock clk_i (rise edge)
                                  0.000000    0.000000   clock source latency
     1    0.024077    0.038967    0.020348    0.020348 ^ clk_i (in)
                                                         clk_i (net)
                      0.039068    0.000000    0.020348 ^ clkbuf_0_clk_i/A (sg13g2_buf_16)
     8    0.155975    0.051557    0.095633    0.115981 ^ clkbuf_0_clk_i/X (sg13g2_buf_16)
                                                         clknet_0_clk_i (net)
                      0.051635    0.001259    0.117240 ^ clkbuf_3_1__f_clk_i/A (sg13g2_buf_16)
     4    0.016133    0.019597    0.074907    0.192147 ^ clkbuf_3_1__f_clk_i/X (sg13g2_buf_16)
                                                         clknet_3_1__leaf_clk_i (net)
                      0.019598    0.000227    0.192374 ^ _178_/CLK (sg13g2_dfrbpq_1)
     3    0.009672    0.048798    0.182005    0.374379 ^ _178_/Q (sg13g2_dfrbpq_1)
                                                         spm_inst.genblk1[10].csa.y (net)
                      0.048798    0.000084    0.374463 ^ hold102/A (sg13g2_dlygate4sd3_1)
     1    0.006152    0.045468    0.378669    0.753132 ^ hold102/X (sg13g2_dlygate4sd3_1)
                                                         net102 (net)
                      0.045468    0.000072    0.753204 ^ _105_/B (sg13g2_xor2_1)
     1    0.005294    0.033762    0.068214    0.821418 v _105_/X (sg13g2_xor2_1)
                                                         _023_ (net)
                      0.033762    0.000031    0.821449 v _106_/B (sg13g2_xnor2_1)
     1    0.003233    0.033647    0.056433    0.877882 v _106_/Y (sg13g2_xnor2_1)
                                                         spm_inst.genblk1[10].csa.hsum2 (net)
                      0.033647    0.000049    0.877930 v _180_/D (sg13g2_dfrbpq_1)
                                              0.877930   data arrival time

                                  0.000000    0.000000   clock clk_i (rise edge)
                                  0.000000    0.000000   clock source latency
     1    0.024077    0.038967    0.020348    0.020348 ^ clk_i (in)
                                                         clk_i (net)
                      0.039068    0.000000    0.020348 ^ clkbuf_0_clk_i/A (sg13g2_buf_16)
     8    0.155975    0.051557    0.095633    0.115981 ^ clkbuf_0_clk_i/X (sg13g2_buf_16)
                                                         clknet_0_clk_i (net)
                      0.051633    0.001232    0.117213 ^ clkbuf_3_4__f_clk_i/A (sg13g2_buf_16)
     4    0.014672    0.019278    0.074626    0.191839 ^ clkbuf_3_4__f_clk_i/X (sg13g2_buf_16)
                                                         clknet_3_4__leaf_clk_i (net)
                      0.019279    0.000122    0.191961 ^ _180_/CLK (sg13g2_dfrbpq_1)
                                  0.250000    0.441961   clock uncertainty
                                  0.000000    0.441961   clock reconvergence pessimism
                                 -0.038859    0.403102   library hold time
                                              0.403102   data required time
---------------------------------------------------------------------------------------------
                                              0.403102   data required time
                                             -0.877930   data arrival time
---------------------------------------------------------------------------------------------
                                              0.474828   slack (MET)


Startpoint: _196_ (rising edge-triggered flip-flop clocked by clk_i)
Endpoint: _197_ (rising edge-triggered flip-flop clocked by clk_i)
Path Group: clk_i
Path Type: min

Fanout         Cap        Slew       Delay        Time   Description
---------------------------------------------------------------------------------------------
                                  0.000000    0.000000   clock clk_i (rise edge)
                                  0.000000    0.000000   clock source latency
     1    0.024077    0.038967    0.020348    0.020348 ^ clk_i (in)
                                                         clk_i (net)
                      0.039068    0.000000    0.020348 ^ clkbuf_0_clk_i/A (sg13g2_buf_16)
     8    0.155975    0.051557    0.095633    0.115981 ^ clkbuf_0_clk_i/X (sg13g2_buf_16)
                                                         clknet_0_clk_i (net)
                      0.051723    0.002107    0.118088 ^ clkbuf_3_7__f_clk_i/A (sg13g2_buf_16)
     4    0.014887    0.019315    0.074711    0.192799 ^ clkbuf_3_7__f_clk_i/X (sg13g2_buf_16)
                                                         clknet_3_7__leaf_clk_i (net)
                      0.019315    0.000167    0.192966 ^ _196_/CLK (sg13g2_dfrbpq_1)
     3    0.012369    0.046299    0.182282    0.375248 v _196_/Q (sg13g2_dfrbpq_1)
                                                         spm_inst.genblk1[1].csa.y (net)
                      0.046301    0.000317    0.375565 v _158_/B (sg13g2_nor2_1)
     1    0.004814    0.060883    0.066846    0.442411 ^ _158_/Y (sg13g2_nor2_1)
                                                         _058_ (net)
                      0.060883    0.000061    0.442472 ^ _161_/A2 (sg13g2_o21ai_1)
     1    0.003488    0.035973    0.063100    0.505572 v _161_/Y (sg13g2_o21ai_1)
                                                         _006_ (net)
                      0.035973    0.000056    0.505627 v hold84/A (sg13g2_dlygate4sd3_1)
     1    0.002490    0.035555    0.373733    0.879360 v hold84/X (sg13g2_dlygate4sd3_1)
                                                         net84 (net)
                      0.035555    0.000026    0.879386 v _197_/D (sg13g2_dfrbpq_1)
                                              0.879386   data arrival time

                                  0.000000    0.000000   clock clk_i (rise edge)
                                  0.000000    0.000000   clock source latency
     1    0.024077    0.038967    0.020348    0.020348 ^ clk_i (in)
                                                         clk_i (net)
                      0.039068    0.000000    0.020348 ^ clkbuf_0_clk_i/A (sg13g2_buf_16)
     8    0.155975    0.051557    0.095633    0.115981 ^ clkbuf_0_clk_i/X (sg13g2_buf_16)
                                                         clknet_0_clk_i (net)
                      0.051670    0.001651    0.117632 ^ clkbuf_3_5__f_clk_i/A (sg13g2_buf_16)
     4    0.014812    0.019314    0.074670    0.192301 ^ clkbuf_3_5__f_clk_i/X (sg13g2_buf_16)
                                                         clknet_3_5__leaf_clk_i (net)
                      0.019315    0.000125    0.192427 ^ _197_/CLK (sg13g2_dfrbpq_1)
                                  0.250000    0.442427   clock uncertainty
                                  0.000000    0.442427   clock reconvergence pessimism
                                 -0.039456    0.402971   library hold time
                                              0.402971   data required time
---------------------------------------------------------------------------------------------
                                              0.402971   data required time
                                             -0.879386   data arrival time
---------------------------------------------------------------------------------------------
                                              0.476415   slack (MET)


Startpoint: _184_ (rising edge-triggered flip-flop clocked by clk_i)
Endpoint: _186_ (rising edge-triggered flip-flop clocked by clk_i)
Path Group: clk_i
Path Type: min

Fanout         Cap        Slew       Delay        Time   Description
---------------------------------------------------------------------------------------------
                                  0.000000    0.000000   clock clk_i (rise edge)
                                  0.000000    0.000000   clock source latency
     1    0.024077    0.038967    0.020348    0.020348 ^ clk_i (in)
                                                         clk_i (net)
                      0.039068    0.000000    0.020348 ^ clkbuf_0_clk_i/A (sg13g2_buf_16)
     8    0.155975    0.051557    0.095633    0.115981 ^ clkbuf_0_clk_i/X (sg13g2_buf_16)
                                                         clknet_0_clk_i (net)
                      0.051667    0.001625    0.117607 ^ clkbuf_3_6__f_clk_i/A (sg13g2_buf_16)
     4    0.014941    0.019326    0.074698    0.192305 ^ clkbuf_3_6__f_clk_i/X (sg13g2_buf_16)
                                                         clknet_3_6__leaf_clk_i (net)
                      0.019326    0.000080    0.192384 ^ _184_/CLK (sg13g2_dfrbpq_1)
     3    0.010187    0.050755    0.183370    0.375754 ^ _184_/Q (sg13g2_dfrbpq_1)
                                                         spm_inst.genblk1[7].csa.y (net)
                      0.050755    0.000079    0.375833 ^ hold99/A (sg13g2_dlygate4sd3_1)
     1    0.006969    0.048361    0.382512    0.758345 ^ hold99/X (sg13g2_dlygate4sd3_1)
                                                         net99 (net)
                      0.048361    0.000122    0.758467 ^ _123_/B (sg13g2_xor2_1)
     1    0.006779    0.037703    0.075984    0.834451 v _123_/X (sg13g2_xor2_1)
                                                         _035_ (net)
                      0.037703    0.000116    0.834567 v _124_/B (sg13g2_xnor2_1)
     1    0.001802    0.026765    0.051545    0.886112 v _124_/Y (sg13g2_xnor2_1)
                                                         spm_inst.genblk1[7].csa.hsum2 (net)
                      0.026765    0.000012    0.886124 v _186_/D (sg13g2_dfrbpq_1)
                                              0.886124   data arrival time

                                  0.000000    0.000000   clock clk_i (rise edge)
                                  0.000000    0.000000   clock source latency
     1    0.024077    0.038967    0.020348    0.020348 ^ clk_i (in)
                                                         clk_i (net)
                      0.039068    0.000000    0.020348 ^ clkbuf_0_clk_i/A (sg13g2_buf_16)
     8    0.155975    0.051557    0.095633    0.115981 ^ clkbuf_0_clk_i/X (sg13g2_buf_16)
                                                         clknet_0_clk_i (net)
                      0.051690    0.001839    0.117820 ^ clkbuf_3_3__f_clk_i/A (sg13g2_buf_16)
     4    0.016313    0.019642    0.074970    0.192790 ^ clkbuf_3_3__f_clk_i/X (sg13g2_buf_16)
                                                         clknet_3_3__leaf_clk_i (net)
                      0.019643    0.000236    0.193026 ^ _186_/CLK (sg13g2_dfrbpq_1)
                                  0.250000    0.443026   clock uncertainty
                                  0.000000    0.443026   clock reconvergence pessimism
                                 -0.036602    0.406424   library hold time
                                              0.406424   data required time
---------------------------------------------------------------------------------------------
                                              0.406424   data required time
                                             -0.886124   data arrival time
---------------------------------------------------------------------------------------------
                                              0.479700   slack (MET)


Startpoint: _194_ (rising edge-triggered flip-flop clocked by clk_i)
Endpoint: _196_ (rising edge-triggered flip-flop clocked by clk_i)
Path Group: clk_i
Path Type: min

Fanout         Cap        Slew       Delay        Time   Description
---------------------------------------------------------------------------------------------
                                  0.000000    0.000000   clock clk_i (rise edge)
                                  0.000000    0.000000   clock source latency
     1    0.024077    0.038967    0.020348    0.020348 ^ clk_i (in)
                                                         clk_i (net)
                      0.039068    0.000000    0.020348 ^ clkbuf_0_clk_i/A (sg13g2_buf_16)
     8    0.155975    0.051557    0.095633    0.115981 ^ clkbuf_0_clk_i/X (sg13g2_buf_16)
                                                         clknet_0_clk_i (net)
                      0.051723    0.002107    0.118088 ^ clkbuf_3_7__f_clk_i/A (sg13g2_buf_16)
     4    0.014887    0.019315    0.074711    0.192799 ^ clkbuf_3_7__f_clk_i/X (sg13g2_buf_16)
                                                         clknet_3_7__leaf_clk_i (net)
                      0.019315    0.000106    0.192905 ^ _194_/CLK (sg13g2_dfrbpq_1)
     3    0.009537    0.048284    0.181479    0.374384 ^ _194_/Q (sg13g2_dfrbpq_1)
                                                         spm_inst.genblk1[2].csa.y (net)
                      0.048284    0.000083    0.374468 ^ hold90/A (sg13g2_dlygate4sd3_1)
     1    0.008193    0.052857    0.385441    0.759909 ^ hold90/X (sg13g2_dlygate4sd3_1)
                                                         net90 (net)
                      0.052857    0.000212    0.760120 ^ _153_/B (sg13g2_xor2_1)
     1    0.005900    0.035437    0.073936    0.834056 v _153_/X (sg13g2_xor2_1)
                                                         _055_ (net)
                      0.035437    0.000065    0.834121 v _154_/B (sg13g2_xnor2_1)
     1    0.002143    0.028296    0.052268    0.886389 v _154_/Y (sg13g2_xnor2_1)
                                                         spm_inst.genblk1[2].csa.hsum2 (net)
                      0.028296    0.000019    0.886408 v _196_/D (sg13g2_dfrbpq_1)
                                              0.886408   data arrival time

                                  0.000000    0.000000   clock clk_i (rise edge)
                                  0.000000    0.000000   clock source latency
     1    0.024077    0.038967    0.020348    0.020348 ^ clk_i (in)
                                                         clk_i (net)
                      0.039068    0.000000    0.020348 ^ clkbuf_0_clk_i/A (sg13g2_buf_16)
     8    0.155975    0.051557    0.095633    0.115981 ^ clkbuf_0_clk_i/X (sg13g2_buf_16)
                                                         clknet_0_clk_i (net)
                      0.051723    0.002107    0.118088 ^ clkbuf_3_7__f_clk_i/A (sg13g2_buf_16)
     4    0.014887    0.019315    0.074711    0.192799 ^ clkbuf_3_7__f_clk_i/X (sg13g2_buf_16)
                                                         clknet_3_7__leaf_clk_i (net)
                      0.019315    0.000167    0.192966 ^ _196_/CLK (sg13g2_dfrbpq_1)
                                  0.250000    0.442966   clock uncertainty
                                  0.000000    0.442966   clock reconvergence pessimism
                                 -0.037155    0.405811   library hold time
                                              0.405811   data required time
---------------------------------------------------------------------------------------------
                                              0.405811   data required time
                                             -0.886408   data arrival time
---------------------------------------------------------------------------------------------
                                              0.480597   slack (MET)


Startpoint: _196_ (rising edge-triggered flip-flop clocked by clk_i)
Endpoint: _198_ (rising edge-triggered flip-flop clocked by clk_i)
Path Group: clk_i
Path Type: min

Fanout         Cap        Slew       Delay        Time   Description
---------------------------------------------------------------------------------------------
                                  0.000000    0.000000   clock clk_i (rise edge)
                                  0.000000    0.000000   clock source latency
     1    0.024077    0.038967    0.020348    0.020348 ^ clk_i (in)
                                                         clk_i (net)
                      0.039068    0.000000    0.020348 ^ clkbuf_0_clk_i/A (sg13g2_buf_16)
     8    0.155975    0.051557    0.095633    0.115981 ^ clkbuf_0_clk_i/X (sg13g2_buf_16)
                                                         clknet_0_clk_i (net)
                      0.051723    0.002107    0.118088 ^ clkbuf_3_7__f_clk_i/A (sg13g2_buf_16)
     4    0.014887    0.019315    0.074711    0.192799 ^ clkbuf_3_7__f_clk_i/X (sg13g2_buf_16)
                                                         clknet_3_7__leaf_clk_i (net)
                      0.019315    0.000167    0.192966 ^ _196_/CLK (sg13g2_dfrbpq_1)
     3    0.012369    0.046299    0.182282    0.375248 v _196_/Q (sg13g2_dfrbpq_1)
                                                         spm_inst.genblk1[1].csa.y (net)
                      0.046299    0.000110    0.375358 v hold101/A (sg13g2_dlygate4sd3_1)
     1    0.006116    0.045398    0.392062    0.767420 v hold101/X (sg13g2_dlygate4sd3_1)
                                                         net101 (net)
                      0.045398    0.000077    0.767497 v _159_/B (sg13g2_xor2_1)
     1    0.006163    0.036055    0.072027    0.839524 v _159_/X (sg13g2_xor2_1)
                                                         _059_ (net)
                      0.036055    0.000076    0.839600 v _160_/B (sg13g2_xnor2_1)
     1    0.002798    0.031644    0.055333    0.894933 v _160_/Y (sg13g2_xnor2_1)
                                                         spm_inst.genblk1[1].csa.hsum2 (net)
                      0.031644    0.000035    0.894967 v _198_/D (sg13g2_dfrbpq_1)
                                              0.894967   data arrival time

                                  0.000000    0.000000   clock clk_i (rise edge)
                                  0.000000    0.000000   clock source latency
     1    0.024077    0.038967    0.020348    0.020348 ^ clk_i (in)
                                                         clk_i (net)
                      0.039068    0.000000    0.020348 ^ clkbuf_0_clk_i/A (sg13g2_buf_16)
     8    0.155975    0.051557    0.095633    0.115981 ^ clkbuf_0_clk_i/X (sg13g2_buf_16)
                                                         clknet_0_clk_i (net)
                      0.051670    0.001651    0.117632 ^ clkbuf_3_5__f_clk_i/A (sg13g2_buf_16)
     4    0.014812    0.019314    0.074670    0.192301 ^ clkbuf_3_5__f_clk_i/X (sg13g2_buf_16)
                                                         clknet_3_5__leaf_clk_i (net)
                      0.019315    0.000107    0.192409 ^ _198_/CLK (sg13g2_dfrbpq_1)
                                  0.250000    0.442409   clock uncertainty
                                  0.000000    0.442409   clock reconvergence pessimism
                                 -0.038216    0.404192   library hold time
                                              0.404192   data required time
---------------------------------------------------------------------------------------------
                                              0.404192   data required time
                                             -0.894967   data arrival time
---------------------------------------------------------------------------------------------
                                              0.490775   slack (MET)


Startpoint: rst_ni (input port clocked by clk_i)
Endpoint: _190_ (removal check against rising-edge clock clk_i)
Path Group: asynchronous
Path Type: min

Fanout         Cap        Slew       Delay        Time   Description
---------------------------------------------------------------------------------------------
                                  0.000000    0.000000   clock clk_i (rise edge)
                                  0.000000    0.000000   clock network delay (propagated)
                                  2.000000    2.000000 ^ input external delay
     1    0.004202    0.021341    0.003473    2.003473 ^ rst_ni (in)
                                                         rst_ni (net)
                      0.021341    0.000000    2.003473 ^ input1/A (sg13g2_buf_1)
     1    0.002811    0.021620    0.056172    2.059644 ^ input1/X (sg13g2_buf_1)
                                                         net1 (net)
                      0.021620    0.000022    2.059667 ^ fanout26/A (sg13g2_buf_1)
     4    0.019236    0.085705    0.104158    2.163825 ^ fanout26/X (sg13g2_buf_1)
                                                         net26 (net)
                      0.085734    0.000424    2.164248 ^ _190_/RESET_B (sg13g2_dfrbpq_1)
                                              2.164248   data arrival time

                                  0.000000    0.000000   clock clk_i (rise edge)
                                  0.000000    0.000000   clock source latency
     1    0.024077    0.038967    0.020348    0.020348 ^ clk_i (in)
                                                         clk_i (net)
                      0.039068    0.000000    0.020348 ^ clkbuf_0_clk_i/A (sg13g2_buf_16)
     8    0.155975    0.051557    0.095633    0.115981 ^ clkbuf_0_clk_i/X (sg13g2_buf_16)
                                                         clknet_0_clk_i (net)
                      0.051690    0.001839    0.117820 ^ clkbuf_3_3__f_clk_i/A (sg13g2_buf_16)
     4    0.016313    0.019642    0.074970    0.192790 ^ clkbuf_3_3__f_clk_i/X (sg13g2_buf_16)
                                                         clknet_3_3__leaf_clk_i (net)
                      0.019642    0.000183    0.192973 ^ _190_/CLK (sg13g2_dfrbpq_1)
                                  0.250000    0.442973   clock uncertainty
                                  0.000000    0.442973   clock reconvergence pessimism
                                 -0.120227    0.322746   library removal time
                                              0.322746   data required time
---------------------------------------------------------------------------------------------
                                              0.322746   data required time
                                             -2.164248   data arrival time
---------------------------------------------------------------------------------------------
                                              1.841503   slack (MET)


Startpoint: rst_ni (input port clocked by clk_i)
Endpoint: _182_ (removal check against rising-edge clock clk_i)
Path Group: asynchronous
Path Type: min

Fanout         Cap        Slew       Delay        Time   Description
---------------------------------------------------------------------------------------------
                                  0.000000    0.000000   clock clk_i (rise edge)
                                  0.000000    0.000000   clock network delay (propagated)
                                  2.000000    2.000000 ^ input external delay
     1    0.004202    0.021341    0.003473    2.003473 ^ rst_ni (in)
                                                         rst_ni (net)
                      0.021341    0.000000    2.003473 ^ input1/A (sg13g2_buf_1)
     1    0.002811    0.021620    0.056172    2.059644 ^ input1/X (sg13g2_buf_1)
                                                         net1 (net)
                      0.021620    0.000022    2.059667 ^ fanout26/A (sg13g2_buf_1)
     4    0.019236    0.085705    0.104158    2.163825 ^ fanout26/X (sg13g2_buf_1)
                                                         net26 (net)
                      0.085737    0.000577    2.164401 ^ fanout24/A (sg13g2_buf_1)
     8    0.047915    0.199892    0.212444    2.376845 ^ fanout24/X (sg13g2_buf_1)
                                                         net24 (net)
                      0.199892    0.000219    2.377064 ^ _182_/RESET_B (sg13g2_dfrbpq_1)
                                              2.377064   data arrival time

                                  0.000000    0.000000   clock clk_i (rise edge)
                                  0.000000    0.000000   clock source latency
     1    0.024077    0.038967    0.020348    0.020348 ^ clk_i (in)
                                                         clk_i (net)
                      0.039068    0.000000    0.020348 ^ clkbuf_0_clk_i/A (sg13g2_buf_16)
     8    0.155975    0.051557    0.095633    0.115981 ^ clkbuf_0_clk_i/X (sg13g2_buf_16)
                                                         clknet_0_clk_i (net)
                      0.051633    0.001232    0.117213 ^ clkbuf_3_4__f_clk_i/A (sg13g2_buf_16)
     4    0.014672    0.019278    0.074626    0.191839 ^ clkbuf_3_4__f_clk_i/X (sg13g2_buf_16)
                                                         clknet_3_4__leaf_clk_i (net)
                      0.019278    0.000052    0.191891 ^ _182_/CLK (sg13g2_dfrbpq_1)
                                  0.250000    0.441891   clock uncertainty
                                  0.000000    0.441891   clock reconvergence pessimism
                                 -0.154462    0.287429   library removal time
                                              0.287429   data required time
---------------------------------------------------------------------------------------------
                                              0.287429   data required time
                                             -2.377064   data arrival time
---------------------------------------------------------------------------------------------
                                              2.089635   slack (MET)


Startpoint: rst_ni (input port clocked by clk_i)
Endpoint: _198_ (removal check against rising-edge clock clk_i)
Path Group: asynchronous
Path Type: min

Fanout         Cap        Slew       Delay        Time   Description
---------------------------------------------------------------------------------------------
                                  0.000000    0.000000   clock clk_i (rise edge)
                                  0.000000    0.000000   clock network delay (propagated)
                                  2.000000    2.000000 ^ input external delay
     1    0.004202    0.021341    0.003473    2.003473 ^ rst_ni (in)
                                                         rst_ni (net)
                      0.021341    0.000000    2.003473 ^ input1/A (sg13g2_buf_1)
     1    0.002811    0.021620    0.056172    2.059644 ^ input1/X (sg13g2_buf_1)
                                                         net1 (net)
                      0.021620    0.000022    2.059667 ^ fanout26/A (sg13g2_buf_1)
     4    0.019236    0.085705    0.104158    2.163825 ^ fanout26/X (sg13g2_buf_1)
                                                         net26 (net)
                      0.085737    0.000577    2.164401 ^ fanout24/A (sg13g2_buf_1)
     8    0.047915    0.199892    0.212444    2.376845 ^ fanout24/X (sg13g2_buf_1)
                                                         net24 (net)
                      0.199897    0.000868    2.377713 ^ _198_/RESET_B (sg13g2_dfrbpq_1)
                                              2.377713   data arrival time

                                  0.000000    0.000000   clock clk_i (rise edge)
                                  0.000000    0.000000   clock source latency
     1    0.024077    0.038967    0.020348    0.020348 ^ clk_i (in)
                                                         clk_i (net)
                      0.039068    0.000000    0.020348 ^ clkbuf_0_clk_i/A (sg13g2_buf_16)
     8    0.155975    0.051557    0.095633    0.115981 ^ clkbuf_0_clk_i/X (sg13g2_buf_16)
                                                         clknet_0_clk_i (net)
                      0.051670    0.001651    0.117632 ^ clkbuf_3_5__f_clk_i/A (sg13g2_buf_16)
     4    0.014812    0.019314    0.074670    0.192301 ^ clkbuf_3_5__f_clk_i/X (sg13g2_buf_16)
                                                         clknet_3_5__leaf_clk_i (net)
                      0.019315    0.000107    0.192409 ^ _198_/CLK (sg13g2_dfrbpq_1)
                                  0.250000    0.442409   clock uncertainty
                                  0.000000    0.442409   clock reconvergence pessimism
                                 -0.154459    0.287950   library removal time
                                              0.287950   data required time
---------------------------------------------------------------------------------------------
                                              0.287950   data required time
                                             -2.377713   data arrival time
---------------------------------------------------------------------------------------------
                                              2.089763   slack (MET)


Startpoint: rst_ni (input port clocked by clk_i)
Endpoint: _197_ (removal check against rising-edge clock clk_i)
Path Group: asynchronous
Path Type: min

Fanout         Cap        Slew       Delay        Time   Description
---------------------------------------------------------------------------------------------
                                  0.000000    0.000000   clock clk_i (rise edge)
                                  0.000000    0.000000   clock network delay (propagated)
                                  2.000000    2.000000 ^ input external delay
     1    0.004202    0.021341    0.003473    2.003473 ^ rst_ni (in)
                                                         rst_ni (net)
                      0.021341    0.000000    2.003473 ^ input1/A (sg13g2_buf_1)
     1    0.002811    0.021620    0.056172    2.059644 ^ input1/X (sg13g2_buf_1)
                                                         net1 (net)
                      0.021620    0.000022    2.059667 ^ fanout26/A (sg13g2_buf_1)
     4    0.019236    0.085705    0.104158    2.163825 ^ fanout26/X (sg13g2_buf_1)
                                                         net26 (net)
                      0.085737    0.000577    2.164401 ^ fanout24/A (sg13g2_buf_1)
     8    0.047915    0.199892    0.212444    2.376845 ^ fanout24/X (sg13g2_buf_1)
                                                         net24 (net)
                      0.199898    0.000896    2.377742 ^ _197_/RESET_B (sg13g2_dfrbpq_1)
                                              2.377742   data arrival time

                                  0.000000    0.000000   clock clk_i (rise edge)
                                  0.000000    0.000000   clock source latency
     1    0.024077    0.038967    0.020348    0.020348 ^ clk_i (in)
                                                         clk_i (net)
                      0.039068    0.000000    0.020348 ^ clkbuf_0_clk_i/A (sg13g2_buf_16)
     8    0.155975    0.051557    0.095633    0.115981 ^ clkbuf_0_clk_i/X (sg13g2_buf_16)
                                                         clknet_0_clk_i (net)
                      0.051670    0.001651    0.117632 ^ clkbuf_3_5__f_clk_i/A (sg13g2_buf_16)
     4    0.014812    0.019314    0.074670    0.192301 ^ clkbuf_3_5__f_clk_i/X (sg13g2_buf_16)
                                                         clknet_3_5__leaf_clk_i (net)
                      0.019315    0.000125    0.192427 ^ _197_/CLK (sg13g2_dfrbpq_1)
                                  0.250000    0.442427   clock uncertainty
                                  0.000000    0.442427   clock reconvergence pessimism
                                 -0.154459    0.287968   library removal time
                                              0.287968   data required time
---------------------------------------------------------------------------------------------
                                              0.287968   data required time
                                             -2.377742   data arrival time
---------------------------------------------------------------------------------------------
                                              2.089773   slack (MET)


Startpoint: rst_ni (input port clocked by clk_i)
Endpoint: _201_ (removal check against rising-edge clock clk_i)
Path Group: asynchronous
Path Type: min

Fanout         Cap        Slew       Delay        Time   Description
---------------------------------------------------------------------------------------------
                                  0.000000    0.000000   clock clk_i (rise edge)
                                  0.000000    0.000000   clock network delay (propagated)
                                  2.000000    2.000000 ^ input external delay
     1    0.004202    0.021341    0.003473    2.003473 ^ rst_ni (in)
                                                         rst_ni (net)
                      0.021341    0.000000    2.003473 ^ input1/A (sg13g2_buf_1)
     1    0.002811    0.021620    0.056172    2.059644 ^ input1/X (sg13g2_buf_1)
                                                         net1 (net)
                      0.021620    0.000022    2.059667 ^ fanout26/A (sg13g2_buf_1)
     4    0.019236    0.085705    0.104158    2.163825 ^ fanout26/X (sg13g2_buf_1)
                                                         net26 (net)
                      0.085737    0.000577    2.164401 ^ fanout24/A (sg13g2_buf_1)
     8    0.047915    0.199892    0.212444    2.376845 ^ fanout24/X (sg13g2_buf_1)
                                                         net24 (net)
                      0.199899    0.001003    2.377849 ^ _201_/RESET_B (sg13g2_dfrbpq_1)
                                              2.377849   data arrival time

                                  0.000000    0.000000   clock clk_i (rise edge)
                                  0.000000    0.000000   clock source latency
     1    0.024077    0.038967    0.020348    0.020348 ^ clk_i (in)
                                                         clk_i (net)
                      0.039068    0.000000    0.020348 ^ clkbuf_0_clk_i/A (sg13g2_buf_16)
     8    0.155975    0.051557    0.095633    0.115981 ^ clkbuf_0_clk_i/X (sg13g2_buf_16)
                                                         clknet_0_clk_i (net)
                      0.051670    0.001651    0.117632 ^ clkbuf_3_5__f_clk_i/A (sg13g2_buf_16)
     4    0.014812    0.019314    0.074670    0.192301 ^ clkbuf_3_5__f_clk_i/X (sg13g2_buf_16)
                                                         clknet_3_5__leaf_clk_i (net)
                      0.019315    0.000139    0.192440 ^ _201_/CLK (sg13g2_dfrbpq_1)
                                  0.250000    0.442440   clock uncertainty
                                  0.000000    0.442440   clock reconvergence pessimism
                                 -0.154459    0.287981   library removal time
                                              0.287981   data required time
---------------------------------------------------------------------------------------------
                                              0.287981   data required time
                                             -2.377849   data arrival time
---------------------------------------------------------------------------------------------
                                              2.089868   slack (MET)


Startpoint: rst_ni (input port clocked by clk_i)
Endpoint: _202_ (removal check against rising-edge clock clk_i)
Path Group: asynchronous
Path Type: min

Fanout         Cap        Slew       Delay        Time   Description
---------------------------------------------------------------------------------------------
                                  0.000000    0.000000   clock clk_i (rise edge)
                                  0.000000    0.000000   clock network delay (propagated)
                                  2.000000    2.000000 ^ input external delay
     1    0.004202    0.021341    0.003473    2.003473 ^ rst_ni (in)
                                                         rst_ni (net)
                      0.021341    0.000000    2.003473 ^ input1/A (sg13g2_buf_1)
     1    0.002811    0.021620    0.056172    2.059644 ^ input1/X (sg13g2_buf_1)
                                                         net1 (net)
                      0.021620    0.000022    2.059667 ^ fanout26/A (sg13g2_buf_1)
     4    0.019236    0.085705    0.104158    2.163825 ^ fanout26/X (sg13g2_buf_1)
                                                         net26 (net)
                      0.085737    0.000577    2.164401 ^ fanout24/A (sg13g2_buf_1)
     8    0.047915    0.199892    0.212444    2.376845 ^ fanout24/X (sg13g2_buf_1)
                                                         net24 (net)
                      0.199900    0.001035    2.377880 ^ _202_/RESET_B (sg13g2_dfrbpq_1)
                                              2.377880   data arrival time

                                  0.000000    0.000000   clock clk_i (rise edge)
                                  0.000000    0.000000   clock source latency
     1    0.024077    0.038967    0.020348    0.020348 ^ clk_i (in)
                                                         clk_i (net)
                      0.039068    0.000000    0.020348 ^ clkbuf_0_clk_i/A (sg13g2_buf_16)
     8    0.155975    0.051557    0.095633    0.115981 ^ clkbuf_0_clk_i/X (sg13g2_buf_16)
                                                         clknet_0_clk_i (net)
                      0.051670    0.001651    0.117632 ^ clkbuf_3_5__f_clk_i/A (sg13g2_buf_16)
     4    0.014812    0.019314    0.074670    0.192301 ^ clkbuf_3_5__f_clk_i/X (sg13g2_buf_16)
                                                         clknet_3_5__leaf_clk_i (net)
                      0.019315    0.000158    0.192460 ^ _202_/CLK (sg13g2_dfrbpq_1)
                                  0.250000    0.442460   clock uncertainty
                                  0.000000    0.442460   clock reconvergence pessimism
                                 -0.154459    0.288000   library removal time
                                              0.288000   data required time
---------------------------------------------------------------------------------------------
                                              0.288000   data required time
                                             -2.377880   data arrival time
---------------------------------------------------------------------------------------------
                                              2.089880   slack (MET)


Startpoint: rst_ni (input port clocked by clk_i)
Endpoint: _181_ (removal check against rising-edge clock clk_i)
Path Group: asynchronous
Path Type: min

Fanout         Cap        Slew       Delay        Time   Description
---------------------------------------------------------------------------------------------
                                  0.000000    0.000000   clock clk_i (rise edge)
                                  0.000000    0.000000   clock network delay (propagated)
                                  2.000000    2.000000 ^ input external delay
     1    0.004202    0.021341    0.003473    2.003473 ^ rst_ni (in)
                                                         rst_ni (net)
                      0.021341    0.000000    2.003473 ^ input1/A (sg13g2_buf_1)
     1    0.002811    0.021620    0.056172    2.059644 ^ input1/X (sg13g2_buf_1)
                                                         net1 (net)
                      0.021620    0.000022    2.059667 ^ fanout26/A (sg13g2_buf_1)
     4    0.019236    0.085705    0.104158    2.163825 ^ fanout26/X (sg13g2_buf_1)
                                                         net26 (net)
                      0.085737    0.000577    2.164401 ^ fanout24/A (sg13g2_buf_1)
     8    0.047915    0.199892    0.212444    2.376845 ^ fanout24/X (sg13g2_buf_1)
                                                         net24 (net)
                      0.199894    0.000546    2.377392 ^ _181_/RESET_B (sg13g2_dfrbpq_1)
                                              2.377392   data arrival time

                                  0.000000    0.000000   clock clk_i (rise edge)
                                  0.000000    0.000000   clock source latency
     1    0.024077    0.038967    0.020348    0.020348 ^ clk_i (in)
                                                         clk_i (net)
                      0.039068    0.000000    0.020348 ^ clkbuf_0_clk_i/A (sg13g2_buf_16)
     8    0.155975    0.051557    0.095633    0.115981 ^ clkbuf_0_clk_i/X (sg13g2_buf_16)
                                                         clknet_0_clk_i (net)
                      0.051633    0.001232    0.117213 ^ clkbuf_3_4__f_clk_i/A (sg13g2_buf_16)
     4    0.014672    0.019278    0.074626    0.191839 ^ clkbuf_3_4__f_clk_i/X (sg13g2_buf_16)
                                                         clknet_3_4__leaf_clk_i (net)
                      0.019278    0.000097    0.191936 ^ _181_/CLK (sg13g2_dfrbpq_1)
                                  0.250000    0.441936   clock uncertainty
                                  0.000000    0.441936   clock reconvergence pessimism
                                 -0.154463    0.287474   library removal time
                                              0.287474   data required time
---------------------------------------------------------------------------------------------
                                              0.287474   data required time
                                             -2.377392   data arrival time
---------------------------------------------------------------------------------------------
                                              2.089918   slack (MET)


Startpoint: rst_ni (input port clocked by clk_i)
Endpoint: _180_ (removal check against rising-edge clock clk_i)
Path Group: asynchronous
Path Type: min

Fanout         Cap        Slew       Delay        Time   Description
---------------------------------------------------------------------------------------------
                                  0.000000    0.000000   clock clk_i (rise edge)
                                  0.000000    0.000000   clock network delay (propagated)
                                  2.000000    2.000000 ^ input external delay
     1    0.004202    0.021341    0.003473    2.003473 ^ rst_ni (in)
                                                         rst_ni (net)
                      0.021341    0.000000    2.003473 ^ input1/A (sg13g2_buf_1)
     1    0.002811    0.021620    0.056172    2.059644 ^ input1/X (sg13g2_buf_1)
                                                         net1 (net)
                      0.021620    0.000022    2.059667 ^ fanout26/A (sg13g2_buf_1)
     4    0.019236    0.085705    0.104158    2.163825 ^ fanout26/X (sg13g2_buf_1)
                                                         net26 (net)
                      0.085737    0.000577    2.164401 ^ fanout24/A (sg13g2_buf_1)
     8    0.047915    0.199892    0.212444    2.376845 ^ fanout24/X (sg13g2_buf_1)
                                                         net24 (net)
                      0.199895    0.000615    2.377460 ^ _180_/RESET_B (sg13g2_dfrbpq_1)
                                              2.377460   data arrival time

                                  0.000000    0.000000   clock clk_i (rise edge)
                                  0.000000    0.000000   clock source latency
     1    0.024077    0.038967    0.020348    0.020348 ^ clk_i (in)
                                                         clk_i (net)
                      0.039068    0.000000    0.020348 ^ clkbuf_0_clk_i/A (sg13g2_buf_16)
     8    0.155975    0.051557    0.095633    0.115981 ^ clkbuf_0_clk_i/X (sg13g2_buf_16)
                                                         clknet_0_clk_i (net)
                      0.051633    0.001232    0.117213 ^ clkbuf_3_4__f_clk_i/A (sg13g2_buf_16)
     4    0.014672    0.019278    0.074626    0.191839 ^ clkbuf_3_4__f_clk_i/X (sg13g2_buf_16)
                                                         clknet_3_4__leaf_clk_i (net)
                      0.019279    0.000122    0.191961 ^ _180_/CLK (sg13g2_dfrbpq_1)
                                  0.250000    0.441961   clock uncertainty
                                  0.000000    0.441961   clock reconvergence pessimism
                                 -0.154463    0.287498   library removal time
                                              0.287498   data required time
---------------------------------------------------------------------------------------------
                                              0.287498   data required time
                                             -2.377460   data arrival time
---------------------------------------------------------------------------------------------
                                              2.089962   slack (MET)


Startpoint: rst_ni (input port clocked by clk_i)
Endpoint: _179_ (removal check against rising-edge clock clk_i)
Path Group: asynchronous
Path Type: min

Fanout         Cap        Slew       Delay        Time   Description
---------------------------------------------------------------------------------------------
                                  0.000000    0.000000   clock clk_i (rise edge)
                                  0.000000    0.000000   clock network delay (propagated)
                                  2.000000    2.000000 ^ input external delay
     1    0.004202    0.021341    0.003473    2.003473 ^ rst_ni (in)
                                                         rst_ni (net)
                      0.021341    0.000000    2.003473 ^ input1/A (sg13g2_buf_1)
     1    0.002811    0.021620    0.056172    2.059644 ^ input1/X (sg13g2_buf_1)
                                                         net1 (net)
                      0.021620    0.000022    2.059667 ^ fanout26/A (sg13g2_buf_1)
     4    0.019236    0.085705    0.104158    2.163825 ^ fanout26/X (sg13g2_buf_1)
                                                         net26 (net)
                      0.085737    0.000577    2.164401 ^ fanout24/A (sg13g2_buf_1)
     8    0.047915    0.199892    0.212444    2.376845 ^ fanout24/X (sg13g2_buf_1)
                                                         net24 (net)
                      0.199895    0.000688    2.377534 ^ _179_/RESET_B (sg13g2_dfrbpq_1)
                                              2.377534   data arrival time

                                  0.000000    0.000000   clock clk_i (rise edge)
                                  0.000000    0.000000   clock source latency
     1    0.024077    0.038967    0.020348    0.020348 ^ clk_i (in)
                                                         clk_i (net)
                      0.039068    0.000000    0.020348 ^ clkbuf_0_clk_i/A (sg13g2_buf_16)
     8    0.155975    0.051557    0.095633    0.115981 ^ clkbuf_0_clk_i/X (sg13g2_buf_16)
                                                         clknet_0_clk_i (net)
                      0.051633    0.001232    0.117213 ^ clkbuf_3_4__f_clk_i/A (sg13g2_buf_16)
     4    0.014672    0.019278    0.074626    0.191839 ^ clkbuf_3_4__f_clk_i/X (sg13g2_buf_16)
                                                         clknet_3_4__leaf_clk_i (net)
                      0.019279    0.000168    0.192007 ^ _179_/CLK (sg13g2_dfrbpq_1)
                                  0.250000    0.442007   clock uncertainty
                                  0.000000    0.442007   clock reconvergence pessimism
                                 -0.154463    0.287544   library removal time
                                              0.287544   data required time
---------------------------------------------------------------------------------------------
                                              0.287544   data required time
                                             -2.377534   data arrival time
---------------------------------------------------------------------------------------------
                                              2.089989   slack (MET)


Startpoint: rst_ni (input port clocked by clk_i)
Endpoint: _173_ (removal check against rising-edge clock clk_i)
Path Group: asynchronous
Path Type: min

Fanout         Cap        Slew       Delay        Time   Description
---------------------------------------------------------------------------------------------
                                  0.000000    0.000000   clock clk_i (rise edge)
                                  0.000000    0.000000   clock network delay (propagated)
                                  2.000000    2.000000 ^ input external delay
     1    0.004202    0.021341    0.003473    2.003473 ^ rst_ni (in)
                                                         rst_ni (net)
                      0.021341    0.000000    2.003473 ^ input1/A (sg13g2_buf_1)
     1    0.002811    0.021620    0.056172    2.059644 ^ input1/X (sg13g2_buf_1)
                                                         net1 (net)
                      0.021620    0.000022    2.059667 ^ fanout26/A (sg13g2_buf_1)
     4    0.019236    0.085705    0.104158    2.163825 ^ fanout26/X (sg13g2_buf_1)
                                                         net26 (net)
                      0.085705    0.000051    2.163876 ^ fanout23/A (sg13g2_buf_1)
     8    0.048731    0.203259    0.213692    2.377568 ^ fanout23/X (sg13g2_buf_1)
                                                         net23 (net)
                      0.203288    0.002051    2.379619 ^ _173_/RESET_B (sg13g2_dfrbpq_1)
                                              2.379619   data arrival time

                                  0.000000    0.000000   clock clk_i (rise edge)
                                  0.000000    0.000000   clock source latency
     1    0.024077    0.038967    0.020348    0.020348 ^ clk_i (in)
                                                         clk_i (net)
                      0.039068    0.000000    0.020348 ^ clkbuf_0_clk_i/A (sg13g2_buf_16)
     8    0.155975    0.051557    0.095633    0.115981 ^ clkbuf_0_clk_i/X (sg13g2_buf_16)
                                                         clknet_0_clk_i (net)
                      0.051686    0.001798    0.117779 ^ clkbuf_3_0__f_clk_i/A (sg13g2_buf_16)
     4    0.014672    0.019279    0.074654    0.192433 ^ clkbuf_3_0__f_clk_i/X (sg13g2_buf_16)
                                                         clknet_3_0__leaf_clk_i (net)
                      0.019279    0.000076    0.192509 ^ _173_/CLK (sg13g2_dfrbpq_1)
                                  0.250000    0.442509   clock uncertainty
                                  0.000000    0.442509   clock reconvergence pessimism
                                 -0.155479    0.287030   library removal time
                                              0.287030   data required time
---------------------------------------------------------------------------------------------
                                              0.287030   data required time
                                             -2.379619   data arrival time
---------------------------------------------------------------------------------------------
                                              2.092590   slack (MET)


Startpoint: rst_ni (input port clocked by clk_i)
Endpoint: _185_ (removal check against rising-edge clock clk_i)
Path Group: asynchronous
Path Type: min

Fanout         Cap        Slew       Delay        Time   Description
---------------------------------------------------------------------------------------------
                                  0.000000    0.000000   clock clk_i (rise edge)
                                  0.000000    0.000000   clock network delay (propagated)
                                  2.000000    2.000000 ^ input external delay
     1    0.004202    0.021341    0.003473    2.003473 ^ rst_ni (in)
                                                         rst_ni (net)
                      0.021341    0.000000    2.003473 ^ input1/A (sg13g2_buf_1)
     1    0.002811    0.021620    0.056172    2.059644 ^ input1/X (sg13g2_buf_1)
                                                         net1 (net)
                      0.021620    0.000022    2.059667 ^ fanout26/A (sg13g2_buf_1)
     4    0.019236    0.085705    0.104158    2.163825 ^ fanout26/X (sg13g2_buf_1)
                                                         net26 (net)
                      0.085705    0.000051    2.163876 ^ fanout23/A (sg13g2_buf_1)
     8    0.048731    0.203259    0.213692    2.377568 ^ fanout23/X (sg13g2_buf_1)
                                                         net23 (net)
                      0.203287    0.001995    2.379563 ^ _185_/RESET_B (sg13g2_dfrbpq_1)
                                              2.379563   data arrival time

                                  0.000000    0.000000   clock clk_i (rise edge)
                                  0.000000    0.000000   clock source latency
     1    0.024077    0.038967    0.020348    0.020348 ^ clk_i (in)
                                                         clk_i (net)
                      0.039068    0.000000    0.020348 ^ clkbuf_0_clk_i/A (sg13g2_buf_16)
     8    0.155975    0.051557    0.095633    0.115981 ^ clkbuf_0_clk_i/X (sg13g2_buf_16)
                                                         clknet_0_clk_i (net)
                      0.051635    0.001259    0.117240 ^ clkbuf_3_1__f_clk_i/A (sg13g2_buf_16)
     4    0.016133    0.019597    0.074907    0.192147 ^ clkbuf_3_1__f_clk_i/X (sg13g2_buf_16)
                                                         clknet_3_1__leaf_clk_i (net)
                      0.019598    0.000232    0.192379 ^ _185_/CLK (sg13g2_dfrbpq_1)
                                  0.250000    0.442379   clock uncertainty
                                  0.000000    0.442379   clock reconvergence pessimism
                                 -0.155436    0.286942   library removal time
                                              0.286942   data required time
---------------------------------------------------------------------------------------------
                                              0.286942   data required time
                                             -2.379563   data arrival time
---------------------------------------------------------------------------------------------
                                              2.092621   slack (MET)


Startpoint: rst_ni (input port clocked by clk_i)
Endpoint: _174_ (removal check against rising-edge clock clk_i)
Path Group: asynchronous
Path Type: min

Fanout         Cap        Slew       Delay        Time   Description
---------------------------------------------------------------------------------------------
                                  0.000000    0.000000   clock clk_i (rise edge)
                                  0.000000    0.000000   clock network delay (propagated)
                                  2.000000    2.000000 ^ input external delay
     1    0.004202    0.021341    0.003473    2.003473 ^ rst_ni (in)
                                                         rst_ni (net)
                      0.021341    0.000000    2.003473 ^ input1/A (sg13g2_buf_1)
     1    0.002811    0.021620    0.056172    2.059644 ^ input1/X (sg13g2_buf_1)
                                                         net1 (net)
                      0.021620    0.000022    2.059667 ^ fanout26/A (sg13g2_buf_1)
     4    0.019236    0.085705    0.104158    2.163825 ^ fanout26/X (sg13g2_buf_1)
                                                         net26 (net)
                      0.085705    0.000051    2.163876 ^ fanout23/A (sg13g2_buf_1)
     8    0.048731    0.203259    0.213692    2.377568 ^ fanout23/X (sg13g2_buf_1)
                                                         net23 (net)
                      0.203296    0.002307    2.379875 ^ _174_/RESET_B (sg13g2_dfrbpq_1)
                                              2.379875   data arrival time

                                  0.000000    0.000000   clock clk_i (rise edge)
                                  0.000000    0.000000   clock source latency
     1    0.024077    0.038967    0.020348    0.020348 ^ clk_i (in)
                                                         clk_i (net)
                      0.039068    0.000000    0.020348 ^ clkbuf_0_clk_i/A (sg13g2_buf_16)
     8    0.155975    0.051557    0.095633    0.115981 ^ clkbuf_0_clk_i/X (sg13g2_buf_16)
                                                         clknet_0_clk_i (net)
                      0.051686    0.001798    0.117779 ^ clkbuf_3_0__f_clk_i/A (sg13g2_buf_16)
     4    0.014672    0.019279    0.074654    0.192433 ^ clkbuf_3_0__f_clk_i/X (sg13g2_buf_16)
                                                         clknet_3_0__leaf_clk_i (net)
                      0.019279    0.000067    0.192500 ^ _174_/CLK (sg13g2_dfrbpq_1)
                                  0.250000    0.442500   clock uncertainty
                                  0.000000    0.442500   clock reconvergence pessimism
                                 -0.155481    0.287019   library removal time
                                              0.287019   data required time
---------------------------------------------------------------------------------------------
                                              0.287019   data required time
                                             -2.379875   data arrival time
---------------------------------------------------------------------------------------------
                                              2.092857   slack (MET)


Startpoint: rst_ni (input port clocked by clk_i)
Endpoint: _175_ (removal check against rising-edge clock clk_i)
Path Group: asynchronous
Path Type: min

Fanout         Cap        Slew       Delay        Time   Description
---------------------------------------------------------------------------------------------
                                  0.000000    0.000000   clock clk_i (rise edge)
                                  0.000000    0.000000   clock network delay (propagated)
                                  2.000000    2.000000 ^ input external delay
     1    0.004202    0.021341    0.003473    2.003473 ^ rst_ni (in)
                                                         rst_ni (net)
                      0.021341    0.000000    2.003473 ^ input1/A (sg13g2_buf_1)
     1    0.002811    0.021620    0.056172    2.059644 ^ input1/X (sg13g2_buf_1)
                                                         net1 (net)
                      0.021620    0.000022    2.059667 ^ fanout26/A (sg13g2_buf_1)
     4    0.019236    0.085705    0.104158    2.163825 ^ fanout26/X (sg13g2_buf_1)
                                                         net26 (net)
                      0.085705    0.000051    2.163876 ^ fanout23/A (sg13g2_buf_1)
     8    0.048731    0.203259    0.213692    2.377568 ^ fanout23/X (sg13g2_buf_1)
                                                         net23 (net)
                      0.203301    0.002434    2.380002 ^ _175_/RESET_B (sg13g2_dfrbpq_1)
                                              2.380002   data arrival time

                                  0.000000    0.000000   clock clk_i (rise edge)
                                  0.000000    0.000000   clock source latency
     1    0.024077    0.038967    0.020348    0.020348 ^ clk_i (in)
                                                         clk_i (net)
                      0.039068    0.000000    0.020348 ^ clkbuf_0_clk_i/A (sg13g2_buf_16)
     8    0.155975    0.051557    0.095633    0.115981 ^ clkbuf_0_clk_i/X (sg13g2_buf_16)
                                                         clknet_0_clk_i (net)
                      0.051686    0.001798    0.117779 ^ clkbuf_3_0__f_clk_i/A (sg13g2_buf_16)
     4    0.014672    0.019279    0.074654    0.192433 ^ clkbuf_3_0__f_clk_i/X (sg13g2_buf_16)
                                                         clknet_3_0__leaf_clk_i (net)
                      0.019279    0.000098    0.192531 ^ _175_/CLK (sg13g2_dfrbpq_1)
                                  0.250000    0.442531   clock uncertainty
                                  0.000000    0.442531   clock reconvergence pessimism
                                 -0.155483    0.287049   library removal time
                                              0.287049   data required time
---------------------------------------------------------------------------------------------
                                              0.287049   data required time
                                             -2.380002   data arrival time
---------------------------------------------------------------------------------------------
                                              2.092954   slack (MET)


Startpoint: rst_ni (input port clocked by clk_i)
Endpoint: _176_ (removal check against rising-edge clock clk_i)
Path Group: asynchronous
Path Type: min

Fanout         Cap        Slew       Delay        Time   Description
---------------------------------------------------------------------------------------------
                                  0.000000    0.000000   clock clk_i (rise edge)
                                  0.000000    0.000000   clock network delay (propagated)
                                  2.000000    2.000000 ^ input external delay
     1    0.004202    0.021341    0.003473    2.003473 ^ rst_ni (in)
                                                         rst_ni (net)
                      0.021341    0.000000    2.003473 ^ input1/A (sg13g2_buf_1)
     1    0.002811    0.021620    0.056172    2.059644 ^ input1/X (sg13g2_buf_1)
                                                         net1 (net)
                      0.021620    0.000022    2.059667 ^ fanout26/A (sg13g2_buf_1)
     4    0.019236    0.085705    0.104158    2.163825 ^ fanout26/X (sg13g2_buf_1)
                                                         net26 (net)
                      0.085705    0.000051    2.163876 ^ fanout23/A (sg13g2_buf_1)
     8    0.048731    0.203259    0.213692    2.377568 ^ fanout23/X (sg13g2_buf_1)
                                                         net23 (net)
                      0.203305    0.002563    2.380131 ^ _176_/RESET_B (sg13g2_dfrbpq_1)
                                              2.380131   data arrival time

                                  0.000000    0.000000   clock clk_i (rise edge)
                                  0.000000    0.000000   clock source latency
     1    0.024077    0.038967    0.020348    0.020348 ^ clk_i (in)
                                                         clk_i (net)
                      0.039068    0.000000    0.020348 ^ clkbuf_0_clk_i/A (sg13g2_buf_16)
     8    0.155975    0.051557    0.095633    0.115981 ^ clkbuf_0_clk_i/X (sg13g2_buf_16)
                                                         clknet_0_clk_i (net)
                      0.051635    0.001259    0.117240 ^ clkbuf_3_1__f_clk_i/A (sg13g2_buf_16)
     4    0.016133    0.019597    0.074907    0.192147 ^ clkbuf_3_1__f_clk_i/X (sg13g2_buf_16)
                                                         clknet_3_1__leaf_clk_i (net)
                      0.019598    0.000185    0.192332 ^ _176_/CLK (sg13g2_dfrbpq_1)
                                  0.250000    0.442332   clock uncertainty
                                  0.000000    0.442332   clock reconvergence pessimism
                                 -0.155442    0.286890   library removal time
                                              0.286890   data required time
---------------------------------------------------------------------------------------------
                                              0.286890   data required time
                                             -2.380131   data arrival time
---------------------------------------------------------------------------------------------
                                              2.093241   slack (MET)


Startpoint: rst_ni (input port clocked by clk_i)
Endpoint: _177_ (removal check against rising-edge clock clk_i)
Path Group: asynchronous
Path Type: min

Fanout         Cap        Slew       Delay        Time   Description
---------------------------------------------------------------------------------------------
                                  0.000000    0.000000   clock clk_i (rise edge)
                                  0.000000    0.000000   clock network delay (propagated)
                                  2.000000    2.000000 ^ input external delay
     1    0.004202    0.021341    0.003473    2.003473 ^ rst_ni (in)
                                                         rst_ni (net)
                      0.021341    0.000000    2.003473 ^ input1/A (sg13g2_buf_1)
     1    0.002811    0.021620    0.056172    2.059644 ^ input1/X (sg13g2_buf_1)
                                                         net1 (net)
                      0.021620    0.000022    2.059667 ^ fanout26/A (sg13g2_buf_1)
     4    0.019236    0.085705    0.104158    2.163825 ^ fanout26/X (sg13g2_buf_1)
                                                         net26 (net)
                      0.085705    0.000051    2.163876 ^ fanout23/A (sg13g2_buf_1)
     8    0.048731    0.203259    0.213692    2.377568 ^ fanout23/X (sg13g2_buf_1)
                                                         net23 (net)
                      0.203308    0.002633    2.380201 ^ _177_/RESET_B (sg13g2_dfrbpq_1)
                                              2.380201   data arrival time

                                  0.000000    0.000000   clock clk_i (rise edge)
                                  0.000000    0.000000   clock source latency
     1    0.024077    0.038967    0.020348    0.020348 ^ clk_i (in)
                                                         clk_i (net)
                      0.039068    0.000000    0.020348 ^ clkbuf_0_clk_i/A (sg13g2_buf_16)
     8    0.155975    0.051557    0.095633    0.115981 ^ clkbuf_0_clk_i/X (sg13g2_buf_16)
                                                         clknet_0_clk_i (net)
                      0.051635    0.001259    0.117240 ^ clkbuf_3_1__f_clk_i/A (sg13g2_buf_16)
     4    0.016133    0.019597    0.074907    0.192147 ^ clkbuf_3_1__f_clk_i/X (sg13g2_buf_16)
                                                         clknet_3_1__leaf_clk_i (net)
                      0.019598    0.000202    0.192349 ^ _177_/CLK (sg13g2_dfrbpq_1)
                                  0.250000    0.442349   clock uncertainty
                                  0.000000    0.442349   clock reconvergence pessimism
                                 -0.155443    0.286906   library removal time
                                              0.286906   data required time
---------------------------------------------------------------------------------------------
                                              0.286906   data required time
                                             -2.380201   data arrival time
---------------------------------------------------------------------------------------------
                                              2.093294   slack (MET)


Startpoint: rst_ni (input port clocked by clk_i)
Endpoint: _178_ (removal check against rising-edge clock clk_i)
Path Group: asynchronous
Path Type: min

Fanout         Cap        Slew       Delay        Time   Description
---------------------------------------------------------------------------------------------
                                  0.000000    0.000000   clock clk_i (rise edge)
                                  0.000000    0.000000   clock network delay (propagated)
                                  2.000000    2.000000 ^ input external delay
     1    0.004202    0.021341    0.003473    2.003473 ^ rst_ni (in)
                                                         rst_ni (net)
                      0.021341    0.000000    2.003473 ^ input1/A (sg13g2_buf_1)
     1    0.002811    0.021620    0.056172    2.059644 ^ input1/X (sg13g2_buf_1)
                                                         net1 (net)
                      0.021620    0.000022    2.059667 ^ fanout26/A (sg13g2_buf_1)
     4    0.019236    0.085705    0.104158    2.163825 ^ fanout26/X (sg13g2_buf_1)
                                                         net26 (net)
                      0.085705    0.000051    2.163876 ^ fanout23/A (sg13g2_buf_1)
     8    0.048731    0.203259    0.213692    2.377568 ^ fanout23/X (sg13g2_buf_1)
                                                         net23 (net)
                      0.203310    0.002672    2.380240 ^ _178_/RESET_B (sg13g2_dfrbpq_1)
                                              2.380240   data arrival time

                                  0.000000    0.000000   clock clk_i (rise edge)
                                  0.000000    0.000000   clock source latency
     1    0.024077    0.038967    0.020348    0.020348 ^ clk_i (in)
                                                         clk_i (net)
                      0.039068    0.000000    0.020348 ^ clkbuf_0_clk_i/A (sg13g2_buf_16)
     8    0.155975    0.051557    0.095633    0.115981 ^ clkbuf_0_clk_i/X (sg13g2_buf_16)
                                                         clknet_0_clk_i (net)
                      0.051635    0.001259    0.117240 ^ clkbuf_3_1__f_clk_i/A (sg13g2_buf_16)
     4    0.016133    0.019597    0.074907    0.192147 ^ clkbuf_3_1__f_clk_i/X (sg13g2_buf_16)
                                                         clknet_3_1__leaf_clk_i (net)
                      0.019598    0.000227    0.192374 ^ _178_/CLK (sg13g2_dfrbpq_1)
                                  0.250000    0.442374   clock uncertainty
                                  0.000000    0.442374   clock reconvergence pessimism
                                 -0.155443    0.286930   library removal time
                                              0.286930   data required time
---------------------------------------------------------------------------------------------
                                              0.286930   data required time
                                             -2.380240   data arrival time
---------------------------------------------------------------------------------------------
                                              2.093310   slack (MET)


Startpoint: rst_ni (input port clocked by clk_i)
Endpoint: _193_ (removal check against rising-edge clock clk_i)
Path Group: asynchronous
Path Type: min

Fanout         Cap        Slew       Delay        Time   Description
---------------------------------------------------------------------------------------------
                                  0.000000    0.000000   clock clk_i (rise edge)
                                  0.000000    0.000000   clock network delay (propagated)
                                  2.000000    2.000000 ^ input external delay
     1    0.004202    0.021341    0.003473    2.003473 ^ rst_ni (in)
                                                         rst_ni (net)
                      0.021341    0.000000    2.003473 ^ input1/A (sg13g2_buf_1)
     1    0.002811    0.021620    0.056172    2.059644 ^ input1/X (sg13g2_buf_1)
                                                         net1 (net)
                      0.021620    0.000022    2.059667 ^ fanout26/A (sg13g2_buf_1)
     4    0.019236    0.085705    0.104158    2.163825 ^ fanout26/X (sg13g2_buf_1)
                                                         net26 (net)
                      0.085735    0.000463    2.164288 ^ fanout25/A (sg13g2_buf_1)
     8    0.048997    0.204283    0.215238    2.379526 ^ fanout25/X (sg13g2_buf_1)
                                                         net25 (net)
                      0.204290    0.001013    2.380539 ^ _193_/RESET_B (sg13g2_dfrbpq_1)
                                              2.380539   data arrival time

                                  0.000000    0.000000   clock clk_i (rise edge)
                                  0.000000    0.000000   clock source latency
     1    0.024077    0.038967    0.020348    0.020348 ^ clk_i (in)
                                                         clk_i (net)
                      0.039068    0.000000    0.020348 ^ clkbuf_0_clk_i/A (sg13g2_buf_16)
     8    0.155975    0.051557    0.095633    0.115981 ^ clkbuf_0_clk_i/X (sg13g2_buf_16)
                                                         clknet_0_clk_i (net)
                      0.051723    0.002107    0.118088 ^ clkbuf_3_7__f_clk_i/A (sg13g2_buf_16)
     4    0.014887    0.019315    0.074711    0.192799 ^ clkbuf_3_7__f_clk_i/X (sg13g2_buf_16)
                                                         clknet_3_7__leaf_clk_i (net)
                      0.019315    0.000099    0.192898 ^ _193_/CLK (sg13g2_dfrbpq_1)
                                  0.250000    0.442898   clock uncertainty
                                  0.000000    0.442898   clock reconvergence pessimism
                                 -0.155774    0.287124   library removal time
                                              0.287124   data required time
---------------------------------------------------------------------------------------------
                                              0.287124   data required time
                                             -2.380539   data arrival time
---------------------------------------------------------------------------------------------
                                              2.093415   slack (MET)


Startpoint: rst_ni (input port clocked by clk_i)
Endpoint: _194_ (removal check against rising-edge clock clk_i)
Path Group: asynchronous
Path Type: min

Fanout         Cap        Slew       Delay        Time   Description
---------------------------------------------------------------------------------------------
                                  0.000000    0.000000   clock clk_i (rise edge)
                                  0.000000    0.000000   clock network delay (propagated)
                                  2.000000    2.000000 ^ input external delay
     1    0.004202    0.021341    0.003473    2.003473 ^ rst_ni (in)
                                                         rst_ni (net)
                      0.021341    0.000000    2.003473 ^ input1/A (sg13g2_buf_1)
     1    0.002811    0.021620    0.056172    2.059644 ^ input1/X (sg13g2_buf_1)
                                                         net1 (net)
                      0.021620    0.000022    2.059667 ^ fanout26/A (sg13g2_buf_1)
     4    0.019236    0.085705    0.104158    2.163825 ^ fanout26/X (sg13g2_buf_1)
                                                         net26 (net)
                      0.085735    0.000463    2.164288 ^ fanout25/A (sg13g2_buf_1)
     8    0.048997    0.204283    0.215238    2.379526 ^ fanout25/X (sg13g2_buf_1)
                                                         net25 (net)
                      0.204292    0.001154    2.380681 ^ _194_/RESET_B (sg13g2_dfrbpq_1)
                                              2.380681   data arrival time

                                  0.000000    0.000000   clock clk_i (rise edge)
                                  0.000000    0.000000   clock source latency
     1    0.024077    0.038967    0.020348    0.020348 ^ clk_i (in)
                                                         clk_i (net)
                      0.039068    0.000000    0.020348 ^ clkbuf_0_clk_i/A (sg13g2_buf_16)
     8    0.155975    0.051557    0.095633    0.115981 ^ clkbuf_0_clk_i/X (sg13g2_buf_16)
                                                         clknet_0_clk_i (net)
                      0.051723    0.002107    0.118088 ^ clkbuf_3_7__f_clk_i/A (sg13g2_buf_16)
     4    0.014887    0.019315    0.074711    0.192799 ^ clkbuf_3_7__f_clk_i/X (sg13g2_buf_16)
                                                         clknet_3_7__leaf_clk_i (net)
                      0.019315    0.000106    0.192905 ^ _194_/CLK (sg13g2_dfrbpq_1)
                                  0.250000    0.442905   clock uncertainty
                                  0.000000    0.442905   clock reconvergence pessimism
                                 -0.155775    0.287131   library removal time
                                              0.287131   data required time
---------------------------------------------------------------------------------------------
                                              0.287131   data required time
                                             -2.380681   data arrival time
---------------------------------------------------------------------------------------------
                                              2.093550   slack (MET)


Startpoint: rst_ni (input port clocked by clk_i)
Endpoint: _195_ (removal check against rising-edge clock clk_i)
Path Group: asynchronous
Path Type: min

Fanout         Cap        Slew       Delay        Time   Description
---------------------------------------------------------------------------------------------
                                  0.000000    0.000000   clock clk_i (rise edge)
                                  0.000000    0.000000   clock network delay (propagated)
                                  2.000000    2.000000 ^ input external delay
     1    0.004202    0.021341    0.003473    2.003473 ^ rst_ni (in)
                                                         rst_ni (net)
                      0.021341    0.000000    2.003473 ^ input1/A (sg13g2_buf_1)
     1    0.002811    0.021620    0.056172    2.059644 ^ input1/X (sg13g2_buf_1)
                                                         net1 (net)
                      0.021620    0.000022    2.059667 ^ fanout26/A (sg13g2_buf_1)
     4    0.019236    0.085705    0.104158    2.163825 ^ fanout26/X (sg13g2_buf_1)
                                                         net26 (net)
                      0.085735    0.000463    2.164288 ^ fanout25/A (sg13g2_buf_1)
     8    0.048997    0.204283    0.215238    2.379526 ^ fanout25/X (sg13g2_buf_1)
                                                         net25 (net)
                      0.204293    0.001207    2.380733 ^ _195_/RESET_B (sg13g2_dfrbpq_1)
                                              2.380733   data arrival time

                                  0.000000    0.000000   clock clk_i (rise edge)
                                  0.000000    0.000000   clock source latency
     1    0.024077    0.038967    0.020348    0.020348 ^ clk_i (in)
                                                         clk_i (net)
                      0.039068    0.000000    0.020348 ^ clkbuf_0_clk_i/A (sg13g2_buf_16)
     8    0.155975    0.051557    0.095633    0.115981 ^ clkbuf_0_clk_i/X (sg13g2_buf_16)
                                                         clknet_0_clk_i (net)
                      0.051723    0.002107    0.118088 ^ clkbuf_3_7__f_clk_i/A (sg13g2_buf_16)
     4    0.014887    0.019315    0.074711    0.192799 ^ clkbuf_3_7__f_clk_i/X (sg13g2_buf_16)
                                                         clknet_3_7__leaf_clk_i (net)
                      0.019315    0.000140    0.192939 ^ _195_/CLK (sg13g2_dfrbpq_1)
                                  0.250000    0.442939   clock uncertainty
                                  0.000000    0.442939   clock reconvergence pessimism
                                 -0.155775    0.287164   library removal time
                                              0.287164   data required time
---------------------------------------------------------------------------------------------
                                              0.287164   data required time
                                             -2.380733   data arrival time
---------------------------------------------------------------------------------------------
                                              2.093569   slack (MET)


Startpoint: rst_ni (input port clocked by clk_i)
Endpoint: _196_ (removal check against rising-edge clock clk_i)
Path Group: asynchronous
Path Type: min

Fanout         Cap        Slew       Delay        Time   Description
---------------------------------------------------------------------------------------------
                                  0.000000    0.000000   clock clk_i (rise edge)
                                  0.000000    0.000000   clock network delay (propagated)
                                  2.000000    2.000000 ^ input external delay
     1    0.004202    0.021341    0.003473    2.003473 ^ rst_ni (in)
                                                         rst_ni (net)
                      0.021341    0.000000    2.003473 ^ input1/A (sg13g2_buf_1)
     1    0.002811    0.021620    0.056172    2.059644 ^ input1/X (sg13g2_buf_1)
                                                         net1 (net)
                      0.021620    0.000022    2.059667 ^ fanout26/A (sg13g2_buf_1)
     4    0.019236    0.085705    0.104158    2.163825 ^ fanout26/X (sg13g2_buf_1)
                                                         net26 (net)
                      0.085735    0.000463    2.164288 ^ fanout25/A (sg13g2_buf_1)
     8    0.048997    0.204283    0.215238    2.379526 ^ fanout25/X (sg13g2_buf_1)
                                                         net25 (net)
                      0.204294    0.001251    2.380777 ^ _196_/RESET_B (sg13g2_dfrbpq_1)
                                              2.380777   data arrival time

                                  0.000000    0.000000   clock clk_i (rise edge)
                                  0.000000    0.000000   clock source latency
     1    0.024077    0.038967    0.020348    0.020348 ^ clk_i (in)
                                                         clk_i (net)
                      0.039068    0.000000    0.020348 ^ clkbuf_0_clk_i/A (sg13g2_buf_16)
     8    0.155975    0.051557    0.095633    0.115981 ^ clkbuf_0_clk_i/X (sg13g2_buf_16)
                                                         clknet_0_clk_i (net)
                      0.051723    0.002107    0.118088 ^ clkbuf_3_7__f_clk_i/A (sg13g2_buf_16)
     4    0.014887    0.019315    0.074711    0.192799 ^ clkbuf_3_7__f_clk_i/X (sg13g2_buf_16)
                                                         clknet_3_7__leaf_clk_i (net)
                      0.019315    0.000167    0.192966 ^ _196_/CLK (sg13g2_dfrbpq_1)
                                  0.250000    0.442966   clock uncertainty
                                  0.000000    0.442966   clock reconvergence pessimism
                                 -0.155775    0.287191   library removal time
                                              0.287191   data required time
---------------------------------------------------------------------------------------------
                                              0.287191   data required time
                                             -2.380777   data arrival time
---------------------------------------------------------------------------------------------
                                              2.093586   slack (MET)


Startpoint: rst_ni (input port clocked by clk_i)
Endpoint: _192_ (removal check against rising-edge clock clk_i)
Path Group: asynchronous
Path Type: min

Fanout         Cap        Slew       Delay        Time   Description
---------------------------------------------------------------------------------------------
                                  0.000000    0.000000   clock clk_i (rise edge)
                                  0.000000    0.000000   clock network delay (propagated)
                                  2.000000    2.000000 ^ input external delay
     1    0.004202    0.021341    0.003473    2.003473 ^ rst_ni (in)
                                                         rst_ni (net)
                      0.021341    0.000000    2.003473 ^ input1/A (sg13g2_buf_1)
     1    0.002811    0.021620    0.056172    2.059644 ^ input1/X (sg13g2_buf_1)
                                                         net1 (net)
                      0.021620    0.000022    2.059667 ^ fanout26/A (sg13g2_buf_1)
     4    0.019236    0.085705    0.104158    2.163825 ^ fanout26/X (sg13g2_buf_1)
                                                         net26 (net)
                      0.085735    0.000463    2.164288 ^ fanout25/A (sg13g2_buf_1)
     8    0.048997    0.204283    0.215238    2.379526 ^ fanout25/X (sg13g2_buf_1)
                                                         net25 (net)
                      0.204288    0.000825    2.380352 ^ _192_/RESET_B (sg13g2_dfrbpq_1)
                                              2.380352   data arrival time

                                  0.000000    0.000000   clock clk_i (rise edge)
                                  0.000000    0.000000   clock source latency
     1    0.024077    0.038967    0.020348    0.020348 ^ clk_i (in)
                                                         clk_i (net)
                      0.039068    0.000000    0.020348 ^ clkbuf_0_clk_i/A (sg13g2_buf_16)
     8    0.155975    0.051557    0.095633    0.115981 ^ clkbuf_0_clk_i/X (sg13g2_buf_16)
                                                         clknet_0_clk_i (net)
                      0.051667    0.001625    0.117607 ^ clkbuf_3_6__f_clk_i/A (sg13g2_buf_16)
     4    0.014941    0.019326    0.074698    0.192305 ^ clkbuf_3_6__f_clk_i/X (sg13g2_buf_16)
                                                         clknet_3_6__leaf_clk_i (net)
                      0.019327    0.000121    0.192426 ^ _192_/CLK (sg13g2_dfrbpq_1)
                                  0.250000    0.442426   clock uncertainty
                                  0.000000    0.442426   clock reconvergence pessimism
                                 -0.155772    0.286654   library removal time
                                              0.286654   data required time
---------------------------------------------------------------------------------------------
                                              0.286654   data required time
                                             -2.380352   data arrival time
---------------------------------------------------------------------------------------------
                                              2.093698   slack (MET)


Startpoint: rst_ni (input port clocked by clk_i)
Endpoint: _191_ (removal check against rising-edge clock clk_i)
Path Group: asynchronous
Path Type: min

Fanout         Cap        Slew       Delay        Time   Description
---------------------------------------------------------------------------------------------
                                  0.000000    0.000000   clock clk_i (rise edge)
                                  0.000000    0.000000   clock network delay (propagated)
                                  2.000000    2.000000 ^ input external delay
     1    0.004202    0.021341    0.003473    2.003473 ^ rst_ni (in)
                                                         rst_ni (net)
                      0.021341    0.000000    2.003473 ^ input1/A (sg13g2_buf_1)
     1    0.002811    0.021620    0.056172    2.059644 ^ input1/X (sg13g2_buf_1)
                                                         net1 (net)
                      0.021620    0.000022    2.059667 ^ fanout26/A (sg13g2_buf_1)
     4    0.019236    0.085705    0.104158    2.163825 ^ fanout26/X (sg13g2_buf_1)
                                                         net26 (net)
                      0.085735    0.000463    2.164288 ^ fanout25/A (sg13g2_buf_1)
     8    0.048997    0.204283    0.215238    2.379526 ^ fanout25/X (sg13g2_buf_1)
                                                         net25 (net)
                      0.204288    0.000890    2.380417 ^ _191_/RESET_B (sg13g2_dfrbpq_1)
                                              2.380417   data arrival time

                                  0.000000    0.000000   clock clk_i (rise edge)
                                  0.000000    0.000000   clock source latency
     1    0.024077    0.038967    0.020348    0.020348 ^ clk_i (in)
                                                         clk_i (net)
                      0.039068    0.000000    0.020348 ^ clkbuf_0_clk_i/A (sg13g2_buf_16)
     8    0.155975    0.051557    0.095633    0.115981 ^ clkbuf_0_clk_i/X (sg13g2_buf_16)
                                                         clknet_0_clk_i (net)
                      0.051667    0.001625    0.117607 ^ clkbuf_3_6__f_clk_i/A (sg13g2_buf_16)
     4    0.014941    0.019326    0.074698    0.192305 ^ clkbuf_3_6__f_clk_i/X (sg13g2_buf_16)
                                                         clknet_3_6__leaf_clk_i (net)
                      0.019327    0.000107    0.192411 ^ _191_/CLK (sg13g2_dfrbpq_1)
                                  0.250000    0.442411   clock uncertainty
                                  0.000000    0.442411   clock reconvergence pessimism
                                 -0.155772    0.286639   library removal time
                                              0.286639   data required time
---------------------------------------------------------------------------------------------
                                              0.286639   data required time
                                             -2.380417   data arrival time
---------------------------------------------------------------------------------------------
                                              2.093777   slack (MET)


Startpoint: rst_ni (input port clocked by clk_i)
Endpoint: _183_ (removal check against rising-edge clock clk_i)
Path Group: asynchronous
Path Type: min

Fanout         Cap        Slew       Delay        Time   Description
---------------------------------------------------------------------------------------------
                                  0.000000    0.000000   clock clk_i (rise edge)
                                  0.000000    0.000000   clock network delay (propagated)
                                  2.000000    2.000000 ^ input external delay
     1    0.004202    0.021341    0.003473    2.003473 ^ rst_ni (in)
                                                         rst_ni (net)
                      0.021341    0.000000    2.003473 ^ input1/A (sg13g2_buf_1)
     1    0.002811    0.021620    0.056172    2.059644 ^ input1/X (sg13g2_buf_1)
                                                         net1 (net)
                      0.021620    0.000022    2.059667 ^ fanout26/A (sg13g2_buf_1)
     4    0.019236    0.085705    0.104158    2.163825 ^ fanout26/X (sg13g2_buf_1)
                                                         net26 (net)
                      0.085735    0.000463    2.164288 ^ fanout25/A (sg13g2_buf_1)
     8    0.048997    0.204283    0.215238    2.379526 ^ fanout25/X (sg13g2_buf_1)
                                                         net25 (net)
                      0.204291    0.001049    2.380575 ^ _183_/RESET_B (sg13g2_dfrbpq_1)
                                              2.380575   data arrival time

                                  0.000000    0.000000   clock clk_i (rise edge)
                                  0.000000    0.000000   clock source latency
     1    0.024077    0.038967    0.020348    0.020348 ^ clk_i (in)
                                                         clk_i (net)
                      0.039068    0.000000    0.020348 ^ clkbuf_0_clk_i/A (sg13g2_buf_16)
     8    0.155975    0.051557    0.095633    0.115981 ^ clkbuf_0_clk_i/X (sg13g2_buf_16)
                                                         clknet_0_clk_i (net)
                      0.051667    0.001625    0.117607 ^ clkbuf_3_6__f_clk_i/A (sg13g2_buf_16)
     4    0.014941    0.019326    0.074698    0.192305 ^ clkbuf_3_6__f_clk_i/X (sg13g2_buf_16)
                                                         clknet_3_6__leaf_clk_i (net)
                      0.019326    0.000065    0.192370 ^ _183_/CLK (sg13g2_dfrbpq_1)
                                  0.250000    0.442370   clock uncertainty
                                  0.000000    0.442370   clock reconvergence pessimism
                                 -0.155773    0.286597   library removal time
                                              0.286597   data required time
---------------------------------------------------------------------------------------------
                                              0.286597   data required time
                                             -2.380575   data arrival time
---------------------------------------------------------------------------------------------
                                              2.093978   slack (MET)


Startpoint: rst_ni (input port clocked by clk_i)
Endpoint: _184_ (removal check against rising-edge clock clk_i)
Path Group: asynchronous
Path Type: min

Fanout         Cap        Slew       Delay        Time   Description
---------------------------------------------------------------------------------------------
                                  0.000000    0.000000   clock clk_i (rise edge)
                                  0.000000    0.000000   clock network delay (propagated)
                                  2.000000    2.000000 ^ input external delay
     1    0.004202    0.021341    0.003473    2.003473 ^ rst_ni (in)
                                                         rst_ni (net)
                      0.021341    0.000000    2.003473 ^ input1/A (sg13g2_buf_1)
     1    0.002811    0.021620    0.056172    2.059644 ^ input1/X (sg13g2_buf_1)
                                                         net1 (net)
                      0.021620    0.000022    2.059667 ^ fanout26/A (sg13g2_buf_1)
     4    0.019236    0.085705    0.104158    2.163825 ^ fanout26/X (sg13g2_buf_1)
                                                         net26 (net)
                      0.085735    0.000463    2.164288 ^ fanout25/A (sg13g2_buf_1)
     8    0.048997    0.204283    0.215238    2.379526 ^ fanout25/X (sg13g2_buf_1)
                                                         net25 (net)
                      0.204291    0.001070    2.380596 ^ _184_/RESET_B (sg13g2_dfrbpq_1)
                                              2.380596   data arrival time

                                  0.000000    0.000000   clock clk_i (rise edge)
                                  0.000000    0.000000   clock source latency
     1    0.024077    0.038967    0.020348    0.020348 ^ clk_i (in)
                                                         clk_i (net)
                      0.039068    0.000000    0.020348 ^ clkbuf_0_clk_i/A (sg13g2_buf_16)
     8    0.155975    0.051557    0.095633    0.115981 ^ clkbuf_0_clk_i/X (sg13g2_buf_16)
                                                         clknet_0_clk_i (net)
                      0.051667    0.001625    0.117607 ^ clkbuf_3_6__f_clk_i/A (sg13g2_buf_16)
     4    0.014941    0.019326    0.074698    0.192305 ^ clkbuf_3_6__f_clk_i/X (sg13g2_buf_16)
                                                         clknet_3_6__leaf_clk_i (net)
                      0.019326    0.000080    0.192384 ^ _184_/CLK (sg13g2_dfrbpq_1)
                                  0.250000    0.442384   clock uncertainty
                                  0.000000    0.442384   clock reconvergence pessimism
                                 -0.155773    0.286611   library removal time
                                              0.286611   data required time
---------------------------------------------------------------------------------------------
                                              0.286611   data required time
                                             -2.380596   data arrival time
---------------------------------------------------------------------------------------------
                                              2.093985   slack (MET)


Startpoint: _202_ (rising edge-triggered flip-flop clocked by clk_i)
Endpoint: uo_CORE2PAD[0] (output port clocked by clk_i)
Path Group: clk_i
Path Type: min

Fanout         Cap        Slew       Delay        Time   Description
---------------------------------------------------------------------------------------------
                                  0.000000    0.000000   clock clk_i (rise edge)
                                  0.000000    0.000000   clock source latency
     1    0.024077    0.038967    0.020348    0.020348 ^ clk_i (in)
                                                         clk_i (net)
                      0.039068    0.000000    0.020348 ^ clkbuf_0_clk_i/A (sg13g2_buf_16)
     8    0.155975    0.051557    0.095633    0.115981 ^ clkbuf_0_clk_i/X (sg13g2_buf_16)
                                                         clknet_0_clk_i (net)
                      0.051670    0.001651    0.117632 ^ clkbuf_3_5__f_clk_i/A (sg13g2_buf_16)
     4    0.014812    0.019314    0.074670    0.192301 ^ clkbuf_3_5__f_clk_i/X (sg13g2_buf_16)
                                                         clknet_3_5__leaf_clk_i (net)
                      0.019315    0.000158    0.192460 ^ _202_/CLK (sg13g2_dfrbpq_1)
     1    0.003232    0.020407    0.160085    0.352544 v _202_/Q (sg13g2_dfrbpq_1)
                                                         spm_inst.csa0.sum (net)
                      0.020407    0.000035    0.352579 v _219_/A (sg13g2_buf_1)
     1    0.003244    0.020372    0.058980    0.411559 v _219_/X (sg13g2_buf_1)
                                                         net19 (net)
                      0.020375    0.000035    0.411594 v output19/A (sg13g2_buf_1)
     1    0.006000    0.028949    0.065771    0.477366 v output19/X (sg13g2_buf_1)
                                                         uo_CORE2PAD[0] (net)
                      0.028949    0.000000    0.477366 v uo_CORE2PAD[0] (out)
                                              0.477366   data arrival time

                                  0.000000    0.000000   clock clk_i (rise edge)
                                  0.000000    0.000000   clock network delay (propagated)
                                  0.250000    0.250000   clock uncertainty
                                  0.000000    0.250000   clock reconvergence pessimism
                                 -2.000000   -1.750000   output external delay
                                             -1.750000   data required time
---------------------------------------------------------------------------------------------
                                             -1.750000   data required time
                                             -0.477366   data arrival time
---------------------------------------------------------------------------------------------
                                              2.227365   slack (MET)


Startpoint: rst_ni (input port clocked by clk_i)
Endpoint: _199_ (removal check against rising-edge clock clk_i)
Path Group: asynchronous
Path Type: min

Fanout         Cap        Slew       Delay        Time   Description
---------------------------------------------------------------------------------------------
                                  0.000000    0.000000   clock clk_i (rise edge)
                                  0.000000    0.000000   clock network delay (propagated)
                                  2.000000    2.000000 ^ input external delay
     1    0.004202    0.021341    0.003473    2.003473 ^ rst_ni (in)
                                                         rst_ni (net)
                      0.021341    0.000000    2.003473 ^ input1/A (sg13g2_buf_1)
     1    0.002811    0.021620    0.056172    2.059644 ^ input1/X (sg13g2_buf_1)
                                                         net1 (net)
                      0.021620    0.000022    2.059667 ^ fanout26/A (sg13g2_buf_1)
     4    0.019236    0.085705    0.104158    2.163825 ^ fanout26/X (sg13g2_buf_1)
                                                         net26 (net)
                      0.085705    0.000051    2.163876 ^ fanout23/A (sg13g2_buf_1)
     8    0.048731    0.203259    0.213692    2.377568 ^ fanout23/X (sg13g2_buf_1)
                                                         net23 (net)
                      0.203259    0.000291    2.377859 ^ fanout22/A (sg13g2_buf_1)
     8    0.048003    0.200648    0.244898    2.622757 ^ fanout22/X (sg13g2_buf_1)
                                                         net22 (net)
                      0.200648    0.000530    2.623287 ^ _199_/RESET_B (sg13g2_dfrbpq_1)
                                              2.623287   data arrival time

                                  0.000000    0.000000   clock clk_i (rise edge)
                                  0.000000    0.000000   clock source latency
     1    0.024077    0.038967    0.020348    0.020348 ^ clk_i (in)
                                                         clk_i (net)
                      0.039068    0.000000    0.020348 ^ clkbuf_0_clk_i/A (sg13g2_buf_16)
     8    0.155975    0.051557    0.095633    0.115981 ^ clkbuf_0_clk_i/X (sg13g2_buf_16)
                                                         clknet_0_clk_i (net)
                      0.051794    0.002590    0.118571 ^ clkbuf_3_2__f_clk_i/A (sg13g2_buf_16)
     4    0.015639    0.019493    0.074893    0.193465 ^ clkbuf_3_2__f_clk_i/X (sg13g2_buf_16)
                                                         clknet_3_2__leaf_clk_i (net)
                      0.019493    0.000132    0.193596 ^ _199_/CLK (sg13g2_dfrbpq_1)
                                  0.250000    0.443596   clock uncertainty
                                  0.000000    0.443596   clock reconvergence pessimism
                                 -0.154660    0.288936   library removal time
                                              0.288936   data required time
---------------------------------------------------------------------------------------------
                                              0.288936   data required time
                                             -2.623287   data arrival time
---------------------------------------------------------------------------------------------
                                              2.334351   slack (MET)


Startpoint: rst_ni (input port clocked by clk_i)
Endpoint: _200_ (removal check against rising-edge clock clk_i)
Path Group: asynchronous
Path Type: min

Fanout         Cap        Slew       Delay        Time   Description
---------------------------------------------------------------------------------------------
                                  0.000000    0.000000   clock clk_i (rise edge)
                                  0.000000    0.000000   clock network delay (propagated)
                                  2.000000    2.000000 ^ input external delay
     1    0.004202    0.021341    0.003473    2.003473 ^ rst_ni (in)
                                                         rst_ni (net)
                      0.021341    0.000000    2.003473 ^ input1/A (sg13g2_buf_1)
     1    0.002811    0.021620    0.056172    2.059644 ^ input1/X (sg13g2_buf_1)
                                                         net1 (net)
                      0.021620    0.000022    2.059667 ^ fanout26/A (sg13g2_buf_1)
     4    0.019236    0.085705    0.104158    2.163825 ^ fanout26/X (sg13g2_buf_1)
                                                         net26 (net)
                      0.085705    0.000051    2.163876 ^ fanout23/A (sg13g2_buf_1)
     8    0.048731    0.203259    0.213692    2.377568 ^ fanout23/X (sg13g2_buf_1)
                                                         net23 (net)
                      0.203259    0.000291    2.377859 ^ fanout22/A (sg13g2_buf_1)
     8    0.048003    0.200648    0.244898    2.622757 ^ fanout22/X (sg13g2_buf_1)
                                                         net22 (net)
                      0.200648    0.000576    2.623333 ^ _200_/RESET_B (sg13g2_dfrbpq_1)
                                              2.623333   data arrival time

                                  0.000000    0.000000   clock clk_i (rise edge)
                                  0.000000    0.000000   clock source latency
     1    0.024077    0.038967    0.020348    0.020348 ^ clk_i (in)
                                                         clk_i (net)
                      0.039068    0.000000    0.020348 ^ clkbuf_0_clk_i/A (sg13g2_buf_16)
     8    0.155975    0.051557    0.095633    0.115981 ^ clkbuf_0_clk_i/X (sg13g2_buf_16)
                                                         clknet_0_clk_i (net)
                      0.051794    0.002590    0.118571 ^ clkbuf_3_2__f_clk_i/A (sg13g2_buf_16)
     4    0.015639    0.019493    0.074893    0.193465 ^ clkbuf_3_2__f_clk_i/X (sg13g2_buf_16)
                                                         clknet_3_2__leaf_clk_i (net)
                      0.019493    0.000105    0.193570 ^ _200_/CLK (sg13g2_dfrbpq_1)
                                  0.250000    0.443570   clock uncertainty
                                  0.000000    0.443570   clock reconvergence pessimism
                                 -0.154660    0.288910   library removal time
                                              0.288910   data required time
---------------------------------------------------------------------------------------------
                                              0.288910   data required time
                                             -2.623333   data arrival time
---------------------------------------------------------------------------------------------
                                              2.334423   slack (MET)


Startpoint: rst_ni (input port clocked by clk_i)
Endpoint: _171_ (removal check against rising-edge clock clk_i)
Path Group: asynchronous
Path Type: min

Fanout         Cap        Slew       Delay        Time   Description
---------------------------------------------------------------------------------------------
                                  0.000000    0.000000   clock clk_i (rise edge)
                                  0.000000    0.000000   clock network delay (propagated)
                                  2.000000    2.000000 ^ input external delay
     1    0.004202    0.021341    0.003473    2.003473 ^ rst_ni (in)
                                                         rst_ni (net)
                      0.021341    0.000000    2.003473 ^ input1/A (sg13g2_buf_1)
     1    0.002811    0.021620    0.056172    2.059644 ^ input1/X (sg13g2_buf_1)
                                                         net1 (net)
                      0.021620    0.000022    2.059667 ^ fanout26/A (sg13g2_buf_1)
     4    0.019236    0.085705    0.104158    2.163825 ^ fanout26/X (sg13g2_buf_1)
                                                         net26 (net)
                      0.085705    0.000051    2.163876 ^ fanout23/A (sg13g2_buf_1)
     8    0.048731    0.203259    0.213692    2.377568 ^ fanout23/X (sg13g2_buf_1)
                                                         net23 (net)
                      0.203259    0.000291    2.377859 ^ fanout22/A (sg13g2_buf_1)
     8    0.048003    0.200648    0.244898    2.622757 ^ fanout22/X (sg13g2_buf_1)
                                                         net22 (net)
                      0.200648    0.000670    2.623427 ^ _171_/RESET_B (sg13g2_dfrbpq_1)
                                              2.623427   data arrival time

                                  0.000000    0.000000   clock clk_i (rise edge)
                                  0.000000    0.000000   clock source latency
     1    0.024077    0.038967    0.020348    0.020348 ^ clk_i (in)
                                                         clk_i (net)
                      0.039068    0.000000    0.020348 ^ clkbuf_0_clk_i/A (sg13g2_buf_16)
     8    0.155975    0.051557    0.095633    0.115981 ^ clkbuf_0_clk_i/X (sg13g2_buf_16)
                                                         clknet_0_clk_i (net)
                      0.051794    0.002590    0.118571 ^ clkbuf_3_2__f_clk_i/A (sg13g2_buf_16)
     4    0.015639    0.019493    0.074893    0.193465 ^ clkbuf_3_2__f_clk_i/X (sg13g2_buf_16)
                                                         clknet_3_2__leaf_clk_i (net)
                      0.019493    0.000174    0.193639 ^ _171_/CLK (sg13g2_dfrbpq_1)
                                  0.250000    0.443639   clock uncertainty
                                  0.000000    0.443639   clock reconvergence pessimism
                                 -0.154660    0.288979   library removal time
                                              0.288979   data required time
---------------------------------------------------------------------------------------------
                                              0.288979   data required time
                                             -2.623427   data arrival time
---------------------------------------------------------------------------------------------
                                              2.334448   slack (MET)


Startpoint: rst_ni (input port clocked by clk_i)
Endpoint: _189_ (removal check against rising-edge clock clk_i)
Path Group: asynchronous
Path Type: min

Fanout         Cap        Slew       Delay        Time   Description
---------------------------------------------------------------------------------------------
                                  0.000000    0.000000   clock clk_i (rise edge)
                                  0.000000    0.000000   clock network delay (propagated)
                                  2.000000    2.000000 ^ input external delay
     1    0.004202    0.021341    0.003473    2.003473 ^ rst_ni (in)
                                                         rst_ni (net)
                      0.021341    0.000000    2.003473 ^ input1/A (sg13g2_buf_1)
     1    0.002811    0.021620    0.056172    2.059644 ^ input1/X (sg13g2_buf_1)
                                                         net1 (net)
                      0.021620    0.000022    2.059667 ^ fanout26/A (sg13g2_buf_1)
     4    0.019236    0.085705    0.104158    2.163825 ^ fanout26/X (sg13g2_buf_1)
                                                         net26 (net)
                      0.085705    0.000051    2.163876 ^ fanout23/A (sg13g2_buf_1)
     8    0.048731    0.203259    0.213692    2.377568 ^ fanout23/X (sg13g2_buf_1)
                                                         net23 (net)
                      0.203259    0.000291    2.377859 ^ fanout22/A (sg13g2_buf_1)
     8    0.048003    0.200648    0.244898    2.622757 ^ fanout22/X (sg13g2_buf_1)
                                                         net22 (net)
                      0.200648    0.000743    2.623501 ^ _189_/RESET_B (sg13g2_dfrbpq_1)
                                              2.623501   data arrival time

                                  0.000000    0.000000   clock clk_i (rise edge)
                                  0.000000    0.000000   clock source latency
     1    0.024077    0.038967    0.020348    0.020348 ^ clk_i (in)
                                                         clk_i (net)
                      0.039068    0.000000    0.020348 ^ clkbuf_0_clk_i/A (sg13g2_buf_16)
     8    0.155975    0.051557    0.095633    0.115981 ^ clkbuf_0_clk_i/X (sg13g2_buf_16)
                                                         clknet_0_clk_i (net)
                      0.051794    0.002590    0.118571 ^ clkbuf_3_2__f_clk_i/A (sg13g2_buf_16)
     4    0.015639    0.019493    0.074893    0.193465 ^ clkbuf_3_2__f_clk_i/X (sg13g2_buf_16)
                                                         clknet_3_2__leaf_clk_i (net)
                      0.019493    0.000135    0.193600 ^ _189_/CLK (sg13g2_dfrbpq_1)
                                  0.250000    0.443600   clock uncertainty
                                  0.000000    0.443600   clock reconvergence pessimism
                                 -0.154660    0.288940   library removal time
                                              0.288940   data required time
---------------------------------------------------------------------------------------------
                                              0.288940   data required time
                                             -2.623501   data arrival time
---------------------------------------------------------------------------------------------
                                              2.334561   slack (MET)


Startpoint: rst_ni (input port clocked by clk_i)
Endpoint: _188_ (removal check against rising-edge clock clk_i)
Path Group: asynchronous
Path Type: min

Fanout         Cap        Slew       Delay        Time   Description
---------------------------------------------------------------------------------------------
                                  0.000000    0.000000   clock clk_i (rise edge)
                                  0.000000    0.000000   clock network delay (propagated)
                                  2.000000    2.000000 ^ input external delay
     1    0.004202    0.021341    0.003473    2.003473 ^ rst_ni (in)
                                                         rst_ni (net)
                      0.021341    0.000000    2.003473 ^ input1/A (sg13g2_buf_1)
     1    0.002811    0.021620    0.056172    2.059644 ^ input1/X (sg13g2_buf_1)
                                                         net1 (net)
                      0.021620    0.000022    2.059667 ^ fanout26/A (sg13g2_buf_1)
     4    0.019236    0.085705    0.104158    2.163825 ^ fanout26/X (sg13g2_buf_1)
                                                         net26 (net)
                      0.085705    0.000051    2.163876 ^ fanout23/A (sg13g2_buf_1)
     8    0.048731    0.203259    0.213692    2.377568 ^ fanout23/X (sg13g2_buf_1)
                                                         net23 (net)
                      0.203259    0.000291    2.377859 ^ fanout22/A (sg13g2_buf_1)
     8    0.048003    0.200648    0.244898    2.622757 ^ fanout22/X (sg13g2_buf_1)
                                                         net22 (net)
                      0.200648    0.000825    2.623582 ^ _188_/RESET_B (sg13g2_dfrbpq_1)
                                              2.623582   data arrival time

                                  0.000000    0.000000   clock clk_i (rise edge)
                                  0.000000    0.000000   clock source latency
     1    0.024077    0.038967    0.020348    0.020348 ^ clk_i (in)
                                                         clk_i (net)
                      0.039068    0.000000    0.020348 ^ clkbuf_0_clk_i/A (sg13g2_buf_16)
     8    0.155975    0.051557    0.095633    0.115981 ^ clkbuf_0_clk_i/X (sg13g2_buf_16)
                                                         clknet_0_clk_i (net)
                      0.051690    0.001839    0.117820 ^ clkbuf_3_3__f_clk_i/A (sg13g2_buf_16)
     4    0.016313    0.019642    0.074970    0.192790 ^ clkbuf_3_3__f_clk_i/X (sg13g2_buf_16)
                                                         clknet_3_3__leaf_clk_i (net)
                      0.019642    0.000196    0.192986 ^ _188_/CLK (sg13g2_dfrbpq_1)
                                  0.250000    0.442986   clock uncertainty
                                  0.000000    0.442986   clock reconvergence pessimism
                                 -0.154640    0.288345   library removal time
                                              0.288345   data required time
---------------------------------------------------------------------------------------------
                                              0.288345   data required time
                                             -2.623582   data arrival time
---------------------------------------------------------------------------------------------
                                              2.335237   slack (MET)


Startpoint: rst_ni (input port clocked by clk_i)
Endpoint: _187_ (removal check against rising-edge clock clk_i)
Path Group: asynchronous
Path Type: min

Fanout         Cap        Slew       Delay        Time   Description
---------------------------------------------------------------------------------------------
                                  0.000000    0.000000   clock clk_i (rise edge)
                                  0.000000    0.000000   clock network delay (propagated)
                                  2.000000    2.000000 ^ input external delay
     1    0.004202    0.021341    0.003473    2.003473 ^ rst_ni (in)
                                                         rst_ni (net)
                      0.021341    0.000000    2.003473 ^ input1/A (sg13g2_buf_1)
     1    0.002811    0.021620    0.056172    2.059644 ^ input1/X (sg13g2_buf_1)
                                                         net1 (net)
                      0.021620    0.000022    2.059667 ^ fanout26/A (sg13g2_buf_1)
     4    0.019236    0.085705    0.104158    2.163825 ^ fanout26/X (sg13g2_buf_1)
                                                         net26 (net)
                      0.085705    0.000051    2.163876 ^ fanout23/A (sg13g2_buf_1)
     8    0.048731    0.203259    0.213692    2.377568 ^ fanout23/X (sg13g2_buf_1)
                                                         net23 (net)
                      0.203259    0.000291    2.377859 ^ fanout22/A (sg13g2_buf_1)
     8    0.048003    0.200648    0.244898    2.622757 ^ fanout22/X (sg13g2_buf_1)
                                                         net22 (net)
                      0.200649    0.000938    2.623695 ^ _187_/RESET_B (sg13g2_dfrbpq_1)
                                              2.623695   data arrival time

                                  0.000000    0.000000   clock clk_i (rise edge)
                                  0.000000    0.000000   clock source latency
     1    0.024077    0.038967    0.020348    0.020348 ^ clk_i (in)
                                                         clk_i (net)
                      0.039068    0.000000    0.020348 ^ clkbuf_0_clk_i/A (sg13g2_buf_16)
     8    0.155975    0.051557    0.095633    0.115981 ^ clkbuf_0_clk_i/X (sg13g2_buf_16)
                                                         clknet_0_clk_i (net)
                      0.051690    0.001839    0.117820 ^ clkbuf_3_3__f_clk_i/A (sg13g2_buf_16)
     4    0.016313    0.019642    0.074970    0.192790 ^ clkbuf_3_3__f_clk_i/X (sg13g2_buf_16)
                                                         clknet_3_3__leaf_clk_i (net)
                      0.019642    0.000207    0.192997 ^ _187_/CLK (sg13g2_dfrbpq_1)
                                  0.250000    0.442997   clock uncertainty
                                  0.000000    0.442997   clock reconvergence pessimism
                                 -0.154641    0.288356   library removal time
                                              0.288356   data required time
---------------------------------------------------------------------------------------------
                                              0.288356   data required time
                                             -2.623695   data arrival time
---------------------------------------------------------------------------------------------
                                              2.335339   slack (MET)


Startpoint: rst_ni (input port clocked by clk_i)
Endpoint: _186_ (removal check against rising-edge clock clk_i)
Path Group: asynchronous
Path Type: min

Fanout         Cap        Slew       Delay        Time   Description
---------------------------------------------------------------------------------------------
                                  0.000000    0.000000   clock clk_i (rise edge)
                                  0.000000    0.000000   clock network delay (propagated)
                                  2.000000    2.000000 ^ input external delay
     1    0.004202    0.021341    0.003473    2.003473 ^ rst_ni (in)
                                                         rst_ni (net)
                      0.021341    0.000000    2.003473 ^ input1/A (sg13g2_buf_1)
     1    0.002811    0.021620    0.056172    2.059644 ^ input1/X (sg13g2_buf_1)
                                                         net1 (net)
                      0.021620    0.000022    2.059667 ^ fanout26/A (sg13g2_buf_1)
     4    0.019236    0.085705    0.104158    2.163825 ^ fanout26/X (sg13g2_buf_1)
                                                         net26 (net)
                      0.085705    0.000051    2.163876 ^ fanout23/A (sg13g2_buf_1)
     8    0.048731    0.203259    0.213692    2.377568 ^ fanout23/X (sg13g2_buf_1)
                                                         net23 (net)
                      0.203259    0.000291    2.377859 ^ fanout22/A (sg13g2_buf_1)
     8    0.048003    0.200648    0.244898    2.622757 ^ fanout22/X (sg13g2_buf_1)
                                                         net22 (net)
                      0.200649    0.000978    2.623735 ^ _186_/RESET_B (sg13g2_dfrbpq_1)
                                              2.623735   data arrival time

                                  0.000000    0.000000   clock clk_i (rise edge)
                                  0.000000    0.000000   clock source latency
     1    0.024077    0.038967    0.020348    0.020348 ^ clk_i (in)
                                                         clk_i (net)
                      0.039068    0.000000    0.020348 ^ clkbuf_0_clk_i/A (sg13g2_buf_16)
     8    0.155975    0.051557    0.095633    0.115981 ^ clkbuf_0_clk_i/X (sg13g2_buf_16)
                                                         clknet_0_clk_i (net)
                      0.051690    0.001839    0.117820 ^ clkbuf_3_3__f_clk_i/A (sg13g2_buf_16)
     4    0.016313    0.019642    0.074970    0.192790 ^ clkbuf_3_3__f_clk_i/X (sg13g2_buf_16)
                                                         clknet_3_3__leaf_clk_i (net)
                      0.019643    0.000236    0.193026 ^ _186_/CLK (sg13g2_dfrbpq_1)
                                  0.250000    0.443026   clock uncertainty
                                  0.000000    0.443026   clock reconvergence pessimism
                                 -0.154641    0.288386   library removal time
                                              0.288386   data required time
---------------------------------------------------------------------------------------------
                                              0.288386   data required time
                                             -2.623735   data arrival time
---------------------------------------------------------------------------------------------
                                              2.335350   slack (MET)


Startpoint: rst_ni (input port clocked by clk_i)
Endpoint: _172_ (removal check against rising-edge clock clk_i)
Path Group: asynchronous
Path Type: min

Fanout         Cap        Slew       Delay        Time   Description
---------------------------------------------------------------------------------------------
                                  0.000000    0.000000   clock clk_i (rise edge)
                                  0.000000    0.000000   clock network delay (propagated)
                                  2.000000    2.000000 ^ input external delay
     1    0.004202    0.021341    0.003473    2.003473 ^ rst_ni (in)
                                                         rst_ni (net)
                      0.021341    0.000000    2.003473 ^ input1/A (sg13g2_buf_1)
     1    0.002811    0.021620    0.056172    2.059644 ^ input1/X (sg13g2_buf_1)
                                                         net1 (net)
                      0.021620    0.000022    2.059667 ^ fanout26/A (sg13g2_buf_1)
     4    0.019236    0.085705    0.104158    2.163825 ^ fanout26/X (sg13g2_buf_1)
                                                         net26 (net)
                      0.085705    0.000051    2.163876 ^ fanout23/A (sg13g2_buf_1)
     8    0.048731    0.203259    0.213692    2.377568 ^ fanout23/X (sg13g2_buf_1)
                                                         net23 (net)
                      0.203259    0.000291    2.377859 ^ fanout22/A (sg13g2_buf_1)
     8    0.048003    0.200648    0.244898    2.622757 ^ fanout22/X (sg13g2_buf_1)
                                                         net22 (net)
                      0.200648    0.000714    2.623471 ^ _172_/RESET_B (sg13g2_dfrbpq_1)
                                              2.623471   data arrival time

                                  0.000000    0.000000   clock clk_i (rise edge)
                                  0.000000    0.000000   clock source latency
     1    0.024077    0.038967    0.020348    0.020348 ^ clk_i (in)
                                                         clk_i (net)
                      0.039068    0.000000    0.020348 ^ clkbuf_0_clk_i/A (sg13g2_buf_16)
     8    0.155975    0.051557    0.095633    0.115981 ^ clkbuf_0_clk_i/X (sg13g2_buf_16)
                                                         clknet_0_clk_i (net)
                      0.051686    0.001798    0.117779 ^ clkbuf_3_0__f_clk_i/A (sg13g2_buf_16)
     4    0.014672    0.019279    0.074654    0.192433 ^ clkbuf_3_0__f_clk_i/X (sg13g2_buf_16)
                                                         clknet_3_0__leaf_clk_i (net)
                      0.019279    0.000103    0.192536 ^ _172_/CLK (sg13g2_dfrbpq_1)
                                  0.250000    0.442536   clock uncertainty
                                  0.000000    0.442536   clock reconvergence pessimism
                                 -0.154688    0.287848   library removal time
                                              0.287848   data required time
---------------------------------------------------------------------------------------------
                                              0.287848   data required time
                                             -2.623471   data arrival time
---------------------------------------------------------------------------------------------
                                              2.335623   slack (MET)



