Reading timing models for corner nom_typ_1p20V_25C…
Reading timing library for the 'nom_typ_1p20V_25C' corner at '/home/designer/projects/CNN4IC/IHP-Open-PDK/ihp-sg13g2/libs.ref/sg13g2_stdcell/lib/sg13g2_stdcell_typ_1p20V_25C.lib'…
Reading timing library for the 'nom_typ_1p20V_25C' corner at '/home/designer/projects/CNN4IC/IHP-Open-PDK/ihp-sg13g2/libs.ref/sg13g2_io/lib/sg13g2_io_typ_1p2V_3p3V_25C.lib'…
Reading OpenROAD database at '/home/designer/projects/CNN4IC/unic_cass_wrapper_user_project/CLASSIFIER_plus_cross_TOP/runs/user_project_run/28-openroad-globalplacement/CLASSIFIER_plus_cross_TOP.odb'…
Reading design constraints file at '/nix/store/w99sjyq5j8hvscxr5zh2x597anf2hadx-python3-3.13.9-env/lib/python3.13/site-packages/librelane/scripts/base.sdc'…
[INFO] Using clock clk_i…
[INFO] Setting output delay to: 2
[INFO] Setting input delay to: 2
[INFO] Setting load to: 0.006
[INFO] Setting clock uncertainty to: 0.25
[INFO] Setting clock transition to: 0.15
[INFO] Setting timing derate to: 5%
[WARNING GRT-0281] Net ui_PAD2CORE[0] has a large fanout of 1052 terminals.
%OL_CREATE_REPORT min.rpt

===========================================================================
report_checks -path_delay min (Hold)
============================================================================
======================= nom_typ_1p20V_25C Corner ===================================

No paths found.

%OL_END_REPORT
%OL_CREATE_REPORT max.rpt

===========================================================================
report_checks -path_delay max (Setup)
============================================================================
======================= nom_typ_1p20V_25C Corner ===================================

No paths found.

%OL_END_REPORT
%OL_CREATE_REPORT checks.rpt

===========================================================================
report_checks -unconstrained
===========================================================================
======================= nom_typ_1p20V_25C Corner ===================================

Startpoint: _15401_ (rising edge-triggered flip-flop)
Endpoint: _15414_ (rising edge-triggered flip-flop)
Path Group: unconstrained
Path Type: max

Fanout         Cap        Slew       Delay        Time   Description
---------------------------------------------------------------------------------------------
                      4.506510    0.000000    0.000000 ^ _15401_/CLK (sg13g2_dfrbpq_1)
    25    0.133504    0.539032    1.019637    1.019637 ^ _15401_/Q (sg13g2_dfrbpq_1)
                                                         cnn_inst.proc_u0.cnn_ctrl_u0.cnn_inst.frag_mux.frag_sel[1] (net)
                      0.539462    0.013941    1.033578 ^ _08122_/A (sg13g2_nor2b_1)
     4    0.019068    0.179990    0.222188    1.255766 v _08122_/Y (sg13g2_nor2b_1)
                                                         _01814_ (net)
                      0.179990    0.000074    1.255840 v _08135_/B (sg13g2_xnor2_1)
    25    0.153026    0.879854    0.748574    2.004414 v _08135_/Y (sg13g2_xnor2_1)
                                                         _01827_ (net)
                      0.880136    0.013317    2.017731 v _08136_/B (sg13g2_nor2_1)
   215    1.578867   12.615068    9.441391   11.459122 ^ _08136_/Y (sg13g2_nor2_1)
                                                         _01828_ (net)
                     12.618962    0.187670   11.646792 ^ _08146_/C (sg13g2_nor3_1)
    24    0.164317    3.379693    4.505024   16.151815 v _08146_/Y (sg13g2_nor3_1)
                                                         _01838_ (net)
                      3.379727    0.014529   16.166346 v _08150_/A2 (sg13g2_o21ai_1)
    52    0.314002    3.390019    3.787934   19.954279 ^ _08150_/Y (sg13g2_o21ai_1)
                                                         _01842_ (net)
                      3.390312    0.031863   19.986141 ^ _09721_/S1 (sg13g2_mux4_1)
     1    0.007252    0.113172    0.399419   20.385561 ^ _09721_/X (sg13g2_mux4_1)
                                                         _03413_ (net)
                      0.113172    0.000204   20.385765 ^ _09722_/B (sg13g2_nor2_1)
     1    0.003981    0.179442    0.056460   20.442225 v _09722_/Y (sg13g2_nor2_1)
                                                         _03414_ (net)
                      0.179442    0.000044   20.442268 v _09733_/A (sg13g2_nor3_1)
     3    0.026649    0.376194    0.353428   20.795696 ^ _09733_/Y (sg13g2_nor3_1)
                                                         _03425_ (net)
                      0.376219    0.002492   20.798189 ^ _09739_/B (sg13g2_nor2_1)
     2    0.006343    0.285259    0.106287   20.904474 v _09739_/Y (sg13g2_nor2_1)
                                                         _03431_ (net)
                      0.285259    0.000021   20.904497 v _10309_/A1 (sg13g2_o21ai_1)
     1    0.003221    0.096691    0.151285   21.055782 ^ _10309_/Y (sg13g2_o21ai_1)
                                                         _04001_ (net)
                      0.096691    0.000020   21.055801 ^ _10312_/A1 (sg13g2_a21oi_1)
     1    0.003056    0.087866    0.078533   21.134335 v _10312_/Y (sg13g2_a21oi_1)
                                                         _04004_ (net)
                      0.087866    0.000020   21.134354 v _10313_/C1 (sg13g2_a221oi_1)
     4    0.031280    0.570525    0.312582   21.446936 ^ _10313_/Y (sg13g2_a221oi_1)
                                                         _04005_ (net)
                      0.570558    0.003590   21.450525 ^ _10314_/B (sg13g2_nand2_1)
     5    0.022329    0.233133    0.299643   21.750168 v _10314_/Y (sg13g2_nand2_1)
                                                         _04006_ (net)
                      0.233133    0.000181   21.750349 v _10334_/A (sg13g2_xor2_1)
     2    0.008412    0.089832    0.168177   21.918526 v _10334_/X (sg13g2_xor2_1)
                                                         _04026_ (net)
                      0.089832    0.000043   21.918570 v _10447_/A2 (sg13g2_a21oi_1)
     2    0.012393    0.127629    0.149711   22.068281 ^ _10447_/Y (sg13g2_a21oi_1)
                                                         _04139_ (net)
                      0.127674    0.000359   22.068640 ^ _10453_/A (sg13g2_xnor2_1)
     2    0.009180    0.111804    0.140243   22.208883 ^ _10453_/Y (sg13g2_xnor2_1)
                                                         _04145_ (net)
                      0.111804    0.000071   22.208954 ^ _10480_/A (sg13g2_xor2_1)
     2    0.011943    0.126261    0.178380   22.387333 ^ _10480_/X (sg13g2_xor2_1)
                                                         _04172_ (net)
                      0.126261    0.000362   22.387695 ^ _10482_/B (sg13g2_xnor2_1)
     2    0.009384    0.116291    0.137275   22.524971 ^ _10482_/Y (sg13g2_xnor2_1)
                                                         _04174_ (net)
                      0.116291    0.000068   22.525038 ^ _10483_/B (sg13g2_xor2_1)
     2    0.009383    0.106540    0.160426   22.685465 ^ _10483_/X (sg13g2_xor2_1)
                                                         _04175_ (net)
                      0.106540    0.000156   22.685621 ^ _10496_/B (sg13g2_xnor2_1)
     2    0.008035    0.103509    0.124542   22.810163 ^ _10496_/Y (sg13g2_xnor2_1)
                                                         _04188_ (net)
                      0.103509    0.000066   22.810228 ^ _11699_/B (sg13g2_xnor2_1)
     2    0.010758    0.122862    0.138886   22.949116 ^ _11699_/Y (sg13g2_xnor2_1)
                                                         _05391_ (net)
                      0.122862    0.000226   22.949341 ^ _11701_/B (sg13g2_xor2_1)
     2    0.008699    0.097545    0.158279   23.107620 ^ _11701_/X (sg13g2_xor2_1)
                                                         _05393_ (net)
                      0.097545    0.000091   23.107710 ^ _11879_/B (sg13g2_xnor2_1)
     2    0.013859    0.145343    0.156293   23.264004 ^ _11879_/Y (sg13g2_xnor2_1)
                                                         _05571_ (net)
                      0.145347    0.000615   23.264618 ^ _11881_/B (sg13g2_xor2_1)
     2    0.008633    0.100215    0.164103   23.428720 ^ _11881_/X (sg13g2_xor2_1)
                                                         _05573_ (net)
                      0.100215    0.000053   23.428774 ^ _11882_/B (sg13g2_xnor2_1)
     2    0.020129    0.197883    0.196367   23.625141 ^ _11882_/Y (sg13g2_xnor2_1)
                                                         _05574_ (net)
                      0.197900    0.001542   23.626684 ^ _12003_/A (sg13g2_xor2_1)
     2    0.009523    0.115829    0.189571   23.816254 ^ _12003_/X (sg13g2_xor2_1)
                                                         _05695_ (net)
                      0.115829    0.000117   23.816372 ^ _12047_/B (sg13g2_xnor2_1)
     2    0.009185    0.113224    0.132747   23.949120 ^ _12047_/Y (sg13g2_xnor2_1)
                                                         _05739_ (net)
                      0.113224    0.000092   23.949211 ^ _12121_/B (sg13g2_xnor2_1)
     2    0.009386    0.118441    0.133236   24.082447 ^ _12121_/Y (sg13g2_xnor2_1)
                                                         _05813_ (net)
                      0.118441    0.000115   24.082561 ^ _12129_/B (sg13g2_xnor2_1)
     2    0.009553    0.116305    0.135939   24.218502 ^ _12129_/Y (sg13g2_xnor2_1)
                                                         _05821_ (net)
                      0.116305    0.000092   24.218594 ^ _12174_/B (sg13g2_xor2_1)
     2    0.009397    0.113625    0.160536   24.379131 ^ _12174_/X (sg13g2_xor2_1)
                                                         _05866_ (net)
                      0.113625    0.000107   24.379236 ^ _12176_/B (sg13g2_xnor2_1)
     2    0.008826    0.110284    0.129766   24.509003 ^ _12176_/Y (sg13g2_xnor2_1)
                                                         _05868_ (net)
                      0.110284    0.000069   24.509073 ^ _12205_/B (sg13g2_xor2_1)
     2    0.010249    0.114946    0.163803   24.672876 ^ _12205_/X (sg13g2_xor2_1)
                                                         _05897_ (net)
                      0.114946    0.000197   24.673073 ^ _12221_/B (sg13g2_xor2_1)
     2    0.008827    0.082286    0.111921   24.784994 v _12221_/X (sg13g2_xor2_1)
                                                         _05913_ (net)
                      0.082286    0.000044   24.785038 v _12222_/A2 (sg13g2_a21oi_1)
     2    0.010245    0.110495    0.133877   24.918915 ^ _12222_/Y (sg13g2_a21oi_1)
                                                         _05914_ (net)
                      0.110495    0.000085   24.919001 ^ _12224_/A1 (sg13g2_o21ai_1)
     2    0.009604    0.080081    0.116763   25.035765 v _12224_/Y (sg13g2_o21ai_1)
                                                         _05916_ (net)
                      0.080081    0.000068   25.035831 v _12226_/A1 (sg13g2_a21oi_1)
     2    0.010279    0.110690    0.123931   25.159763 ^ _12226_/Y (sg13g2_a21oi_1)
                                                         _05918_ (net)
                      0.110690    0.000096   25.159859 ^ _12228_/A1 (sg13g2_o21ai_1)
     2    0.010101    0.082761    0.119140   25.278999 v _12228_/Y (sg13g2_o21ai_1)
                                                         _05920_ (net)
                      0.082761    0.000114   25.279114 v _12231_/A1 (sg13g2_a21oi_1)
     2    0.010967    0.115176    0.129090   25.408203 ^ _12231_/Y (sg13g2_a21oi_1)
                                                         _05923_ (net)
                      0.115176    0.000160   25.408361 ^ _12233_/A1 (sg13g2_o21ai_1)
     3    0.013946    0.104262    0.138604   25.546967 v _12233_/Y (sg13g2_o21ai_1)
                                                         _05925_ (net)
                      0.104262    0.000245   25.547211 v _12249_/A1 (sg13g2_a221oi_1)
     8    0.030522    0.431228    0.402665   25.949877 ^ _12249_/Y (sg13g2_a221oi_1)
                                                         _05941_ (net)
                      0.431230    0.000643   25.950520 ^ _12254_/B (sg13g2_nand2_1)
     1    0.003625    0.080758    0.120611   26.071131 v _12254_/Y (sg13g2_nand2_1)
                                                         _05946_ (net)
                      0.080758    0.000034   26.071163 v _12288_/A2 (sg13g2_a221oi_1)
     1    0.003630    0.115037    0.166292   26.237455 ^ _12288_/Y (sg13g2_a221oi_1)
                                                         _05980_ (net)
                      0.115037    0.000028   26.237484 ^ _12292_/A2 (sg13g2_a22oi_1)
     1    0.012787    0.102464    0.138472   26.375956 v _12292_/Y (sg13g2_a22oi_1)
                                                         _05984_ (net)
                      0.102513    0.000671   26.376627 v _12293_/A2 (sg13g2_o21ai_1)
    16    0.098636    0.974235    0.769198   27.145826 ^ _12293_/Y (sg13g2_o21ai_1)
                                                         _05985_ (net)
                      0.974294    0.006469   27.152296 ^ _12300_/S (sg13g2_mux2_1)
     1    0.001802    0.044814    0.303929   27.456224 v _12300_/X (sg13g2_mux2_1)
                                                         _01303_ (net)
                      0.044814    0.000012   27.456238 v _15414_/D (sg13g2_dfrbpq_1)
                                             27.456238   data arrival time
---------------------------------------------------------------------------------------------
(Path is unconstrained)




===========================================================================
report_checks --slack_max -0.01
============================================================================
======================= nom_typ_1p20V_25C Corner ===================================

No paths found.


===========================================================================
 report_check_types -max_slew -max_cap -max_fanout -violators
============================================================================
======================= nom_typ_1p20V_25C Corner ===================================

max slew

Pin                                        Limit        Slew       Slack
------------------------------------------------------------------------
_08418_/S                               2.507400   12.619272  -10.111873 (VIOLATED)
_08419_/S                               2.507400   12.619270  -10.111871 (VIOLATED)
_09094_/S0                              2.507400   12.619273  -10.111873 (VIOLATED)
_08915_/S                               2.507400   12.619258  -10.111858 (VIOLATED)
_08187_/S                               2.507400   12.619246  -10.111846 (VIOLATED)
_08567_/S0                              2.507400   12.619242  -10.111842 (VIOLATED)
_08916_/S                               2.507400   12.619247  -10.111848 (VIOLATED)
_09113_/S0                              2.507400   12.619243  -10.111842 (VIOLATED)
_08907_/S                               2.507400   12.619232  -10.111832 (VIOLATED)
_08208_/A2                              2.507400   12.619217  -10.111817 (VIOLATED)
_08412_/B1                              2.507400   12.619206  -10.111807 (VIOLATED)
_09110_/S0                              2.507400   12.619186  -10.111786 (VIOLATED)
_08303_/B                               2.507400   12.619157  -10.111757 (VIOLATED)
_08304_/A2                              2.507400   12.619154  -10.111753 (VIOLATED)
_08315_/B                               2.507400   12.619160  -10.111759 (VIOLATED)
_08423_/S0                              2.507400   12.619162  -10.111760 (VIOLATED)
_08908_/S                               2.507400   12.619160  -10.111759 (VIOLATED)
_08909_/A2                              2.507400   12.619159  -10.111759 (VIOLATED)
_08307_/B                               2.507400   12.619149  -10.111748 (VIOLATED)
_08308_/A2                              2.507400   12.619149  -10.111748 (VIOLATED)
_08410_/S0                              2.507400   12.619149  -10.111748 (VIOLATED)
_08753_/S0                              2.507400   12.619154  -10.111753 (VIOLATED)
_08910_/S                               2.507400   12.619158  -10.111757 (VIOLATED)
_08195_/S                               2.507400   12.619133  -10.111732 (VIOLATED)
_08201_/S                               2.507400   12.619134  -10.111734 (VIOLATED)
_08563_/S                               2.507400   12.619133  -10.111732 (VIOLATED)
_08565_/S                               2.507400   12.619124  -10.111725 (VIOLATED)
_08194_/S                               2.507400   12.619114  -10.111714 (VIOLATED)
_09175_/S                               2.507400   12.619058  -10.111657 (VIOLATED)
_09331_/B                               2.507400   12.619063  -10.111663 (VIOLATED)
_09332_/B                               2.507400   12.619062  -10.111663 (VIOLATED)
_09334_/B                               2.507400   12.619061  -10.111661 (VIOLATED)
_09439_/A2                              2.507400   12.619062  -10.111663 (VIOLATED)
_09440_/A2                              2.507400   12.619061  -10.111661 (VIOLATED)
_09480_/A2                              2.507400   12.619063  -10.111663 (VIOLATED)
_09296_/S0                              2.507400   12.619046  -10.111647 (VIOLATED)
_08560_/S                               2.507400   12.619035  -10.111634 (VIOLATED)
_09335_/S0                              2.507400   12.619036  -10.111636 (VIOLATED)
_10262_/S0                              2.507400   12.619037  -10.111636 (VIOLATED)
_09295_/B                               2.507400   12.619026  -10.111626 (VIOLATED)
_09336_/S0                              2.507400   12.619034  -10.111634 (VIOLATED)
_09522_/S0                              2.507400   12.619028  -10.111628 (VIOLATED)
_10739_/S0                              2.507400   12.619033  -10.111632 (VIOLATED)
_09871_/S                               2.507400   12.619014  -10.111613 (VIOLATED)
_10287_/S0                              2.507400   12.619020  -10.111618 (VIOLATED)
_08561_/S                               2.507400   12.618985  -10.111585 (VIOLATED)
_08755_/D                               2.507400   12.618988  -10.111588 (VIOLATED)
_09922_/S0                              2.507400   12.618992  -10.111592 (VIOLATED)
_10422_/S0                              2.507400   12.618986  -10.111587 (VIOLATED)
_08146_/C                               2.507400   12.618962  -10.111562 (VIOLATED)
_08160_/B1                              2.507400   12.618968  -10.111568 (VIOLATED)
_10289_/S0                              2.507400   12.618955  -10.111554 (VIOLATED)
_09033_/S0                              2.507400   12.618829  -10.111428 (VIOLATED)
_09360_/S0                              2.507400   12.618827  -10.111426 (VIOLATED)
_08960_/B                               2.507400   12.618791  -10.111391 (VIOLATED)
_09149_/S                               2.507400   12.618787  -10.111387 (VIOLATED)
_09151_/B                               2.507400   12.618791  -10.111391 (VIOLATED)
_09152_/A2                              2.507400   12.618789  -10.111389 (VIOLATED)
_09370_/S                               2.507400   12.618787  -10.111385 (VIOLATED)
_09371_/S                               2.507400   12.618782  -10.111382 (VIOLATED)
_09492_/A2                              2.507400   12.618791  -10.111391 (VIOLATED)
_09493_/A2                              2.507400   12.618792  -10.111391 (VIOLATED)
_09923_/S0                              2.507400   12.618787  -10.111387 (VIOLATED)
_08253_/S                               2.507400   12.618771  -10.111370 (VIOLATED)
_08771_/S                               2.507400   12.618779  -10.111379 (VIOLATED)
_08772_/S                               2.507400   12.618778  -10.111379 (VIOLATED)
_08138_/B1                              2.507400   12.618741  -10.111341 (VIOLATED)
_10271_/S0                              2.507400   12.618702  -10.111302 (VIOLATED)
_08254_/S                               2.507400   12.618616  -10.111216 (VIOLATED)
_08257_/S                               2.507400   12.618386  -10.110986 (VIOLATED)
_08258_/S                               2.507400   12.618363  -10.110963 (VIOLATED)
_09133_/C                               2.507400   12.618318  -10.110917 (VIOLATED)
_08204_/B1                              2.507400   12.618287  -10.110887 (VIOLATED)
_08959_/S                               2.507400   12.618136  -10.110736 (VIOLATED)
_08961_/S                               2.507400   12.618123  -10.110723 (VIOLATED)
_09029_/S0                              2.507400   12.617718  -10.110318 (VIOLATED)
_08241_/B                               2.507400   12.617704  -10.110304 (VIOLATED)
_08242_/A2                              2.507400   12.617704  -10.110304 (VIOLATED)
_08480_/S                               2.507400   12.617713  -10.110312 (VIOLATED)
_08244_/B                               2.507400   12.617700  -10.110299 (VIOLATED)
_08481_/S                               2.507400   12.617705  -10.110306 (VIOLATED)
_08247_/S0                              2.507400   12.617688  -10.110288 (VIOLATED)
_08482_/S                               2.507400   12.617687  -10.110286 (VIOLATED)
_08483_/S                               2.507400   12.617688  -10.110288 (VIOLATED)
_09463_/S0                              2.507400   12.617610  -10.110209 (VIOLATED)
_08494_/A2                              2.507400   12.617584  -10.110183 (VIOLATED)
_08227_/S                               2.507400   12.617546  -10.110146 (VIOLATED)
_08228_/S                               2.507400   12.617543  -10.110143 (VIOLATED)
_08231_/S0                              2.507400   12.617551  -10.110151 (VIOLATED)
_10432_/S0                              2.507400   12.617439  -10.110040 (VIOLATED)
_10392_/S0                              2.507400   12.617406  -10.110005 (VIOLATED)
_10731_/S0                              2.507400   12.617406  -10.110005 (VIOLATED)
_10733_/S0                              2.507400   12.617402  -10.110002 (VIOLATED)
_10377_/S0                              2.507400   12.617387  -10.109986 (VIOLATED)
_10375_/S0                              2.507400   12.617372  -10.109972 (VIOLATED)
_10657_/S0                              2.507400   12.617377  -10.109977 (VIOLATED)
_08677_/S                               2.507400   12.617338  -10.109938 (VIOLATED)
_10295_/S0                              2.507400   12.617338  -10.109938 (VIOLATED)
_08652_/B                               2.507400   12.617327  -10.109927 (VIOLATED)
_08653_/A2                              2.507400   12.617331  -10.109931 (VIOLATED)
_10430_/S                               2.507400   12.617334  -10.109935 (VIOLATED)
_08972_/B                               2.507400   12.617311  -10.109911 (VIOLATED)
_08973_/A2                              2.507400   12.617309  -10.109908 (VIOLATED)
_09856_/S                               2.507400   12.617269  -10.109869 (VIOLATED)
_10293_/S0                              2.507400   12.617273  -10.109872 (VIOLATED)
_08761_/S0                              2.507400   12.617170  -10.109771 (VIOLATED)
_09099_/S0                              2.507400   12.617172  -10.109773 (VIOLATED)
_09255_/S0                              2.507400   12.617166  -10.109766 (VIOLATED)
_10767_/S0                              2.507400   12.617116  -10.109716 (VIOLATED)
_09927_/S                               2.507400   12.617064  -10.109663 (VIOLATED)
_09929_/S                               2.507400   12.616989  -10.109588 (VIOLATED)
_09350_/S0                              2.507400   12.616954  -10.109554 (VIOLATED)
_09020_/S0                              2.507400   12.616856  -10.109455 (VIOLATED)
_08335_/S0                              2.507400   12.616259  -10.108858 (VIOLATED)
_08526_/S0                              2.507400   12.616258  -10.108858 (VIOLATED)
_08802_/S0                              2.507400   12.616260  -10.108860 (VIOLATED)
_08804_/S0                              2.507400   12.616259  -10.108858 (VIOLATED)
_08157_/B                               2.507400   12.616245  -10.108846 (VIOLATED)
_08158_/A2                              2.507400   12.616240  -10.108838 (VIOLATED)
_08163_/B                               2.507400   12.616243  -10.108844 (VIOLATED)
_08164_/A2                              2.507400   12.616242  -10.108842 (VIOLATED)
_08165_/B                               2.507400   12.616239  -10.108838 (VIOLATED)
_08334_/S0                              2.507400   12.616245  -10.108846 (VIOLATED)
_08166_/A2                              2.507400   12.616236  -10.108835 (VIOLATED)
_08685_/S0                              2.507400   12.616216  -10.108815 (VIOLATED)
_08529_/S0                              2.507400   12.616200  -10.108801 (VIOLATED)
_08540_/S0                              2.507400   12.616163  -10.108764 (VIOLATED)
_08376_/S0                              2.507400   12.616136  -10.108735 (VIOLATED)
_08471_/S0                              2.507400   12.616131  -10.108730 (VIOLATED)
_08726_/S0                              2.507400   12.616135  -10.108734 (VIOLATED)
_08328_/S                               2.507400   12.616112  -10.108712 (VIOLATED)
_08329_/S                               2.507400   12.616112  -10.108712 (VIOLATED)
_08378_/S0                              2.507400   12.616114  -10.108714 (VIOLATED)
_08595_/S0                              2.507400   12.616119  -10.108720 (VIOLATED)
_08724_/S0                              2.507400   12.616123  -10.108723 (VIOLATED)
_08728_/S0                              2.507400   12.616119  -10.108720 (VIOLATED)
_08992_/S0                              2.507400   12.616121  -10.108722 (VIOLATED)
_08331_/S0                              2.507400   12.616090  -10.108689 (VIOLATED)
_08538_/S0                              2.507400   12.616089  -10.108689 (VIOLATED)
_08174_/B                               2.507400   12.616071  -10.108669 (VIOLATED)
_08176_/S                               2.507400   12.616074  -10.108673 (VIOLATED)
_08177_/S                               2.507400   12.616075  -10.108675 (VIOLATED)
_08997_/S0                              2.507400   12.616057  -10.108657 (VIOLATED)
_08808_/S                               2.507400   12.616043  -10.108644 (VIOLATED)
_08809_/S                               2.507400   12.616035  -10.108634 (VIOLATED)
_09098_/S0                              2.507400   12.615899  -10.108500 (VIOLATED)
_08763_/B                               2.507400   12.615875  -10.108475 (VIOLATED)
_09271_/B                               2.507400   12.615812  -10.108412 (VIOLATED)
_10553_/B                               2.507400   12.615782  -10.108382 (VIOLATED)
_10559_/B                               2.507400   12.615781  -10.108380 (VIOLATED)
_10679_/S0                              2.507400   12.615779  -10.108378 (VIOLATED)
_09261_/B                               2.507400   12.615767  -10.108368 (VIOLATED)
_09262_/A2                              2.507400   12.615767  -10.108366 (VIOLATED)
_09263_/B                               2.507400   12.615766  -10.108366 (VIOLATED)
_09264_/A2                              2.507400   12.615766  -10.108366 (VIOLATED)
_09383_/B                               2.507400   12.615771  -10.108372 (VIOLATED)
_09384_/A2                              2.507400   12.615771  -10.108372 (VIOLATED)
_11108_/S0                              2.507400   12.615772  -10.108372 (VIOLATED)
_11143_/S                               2.507400   12.615775  -10.108375 (VIOLATED)
_08814_/S0                              2.507400   12.615754  -10.108354 (VIOLATED)
_09268_/B                               2.507400   12.615761  -10.108360 (VIOLATED)
_09385_/B                               2.507400   12.615770  -10.108370 (VIOLATED)
_09386_/A2                              2.507400   12.615770  -10.108370 (VIOLATED)
_09726_/A2                              2.507400   12.615766  -10.108366 (VIOLATED)
_08320_/S                               2.507400   12.615743  -10.108343 (VIOLATED)
_08321_/S                               2.507400   12.615744  -10.108343 (VIOLATED)
_08396_/S                               2.507400   12.615746  -10.108345 (VIOLATED)
_11094_/S0                              2.507400   12.615739  -10.108339 (VIOLATED)
_08533_/S0                              2.507400   12.615718  -10.108318 (VIOLATED)
_09097_/B                               2.507400   12.615726  -10.108327 (VIOLATED)
_09983_/B                               2.507400   12.615735  -10.108334 (VIOLATED)
_09986_/B                               2.507400   12.615738  -10.108337 (VIOLATED)
_09997_/A2                              2.507400   12.615725  -10.108325 (VIOLATED)
_10006_/A2                              2.507400   12.615735  -10.108334 (VIOLATED)
_08323_/S0                              2.507400   12.615705  -10.108306 (VIOLATED)
_08464_/S0                              2.507400   12.615702  -10.108302 (VIOLATED)
_08578_/S0                              2.507400   12.615702  -10.108302 (VIOLATED)
_09974_/S0                              2.507400   12.615707  -10.108308 (VIOLATED)
_08266_/B                               2.507400   12.615638  -10.108238 (VIOLATED)
_08381_/S                               2.507400   12.615637  -10.108236 (VIOLATED)
_08382_/S                               2.507400   12.615637  -10.108236 (VIOLATED)
_08384_/S                               2.507400   12.615631  -10.108231 (VIOLATED)
_08385_/S                               2.507400   12.615632  -10.108232 (VIOLATED)
_10020_/S0                              2.507400   12.615633  -10.108232 (VIOLATED)
_08267_/A2                              2.507400   12.615602  -10.108201 (VIOLATED)
_08273_/B                               2.507400   12.615562  -10.108162 (VIOLATED)
_08274_/A2                              2.507400   12.615556  -10.108156 (VIOLATED)
_08288_/S                               2.507400   12.615432  -10.108032 (VIOLATED)
_08289_/S                               2.507400   12.615432  -10.108032 (VIOLATED)
_08370_/S                               2.507400   12.615434  -10.108034 (VIOLATED)
_08371_/S                               2.507400   12.615434  -10.108034 (VIOLATED)
_08582_/B                               2.507400   12.615434  -10.108034 (VIOLATED)
_08585_/B                               2.507400   12.615433  -10.108032 (VIOLATED)
_08588_/B                               2.507400   12.615426  -10.108027 (VIOLATED)
_08590_/S0                              2.507400   12.615393  -10.107993 (VIOLATED)
_09398_/S0                              2.507400   12.615212  -10.107812 (VIOLATED)
_09341_/B                               2.507400   12.615093  -10.107693 (VIOLATED)
_09342_/A2                              2.507400   12.615093  -10.107693 (VIOLATED)
_09343_/S                               2.507400   12.615093  -10.107693 (VIOLATED)
_10764_/S0                              2.507400   12.615097  -10.107697 (VIOLATED)
_08136_/Y                               2.507400   12.615068  -10.107668 (VIOLATED)
_09787_/S                               2.507400   12.615068  -10.107668 (VIOLATED)
_09788_/S                               2.507400   12.615068  -10.107668 (VIOLATED)
_09791_/S                               2.507400   12.615068  -10.107668 (VIOLATED)
_09792_/S                               2.507400   12.615068  -10.107668 (VIOLATED)
_10024_/S                               2.507400   12.615068  -10.107668 (VIOLATED)
_10025_/S                               2.507400   12.615068  -10.107668 (VIOLATED)
_10528_/B                               2.507400   12.615068  -10.107668 (VIOLATED)
_10531_/B                               2.507400   12.615068  -10.107668 (VIOLATED)
_10535_/B                               2.507400   12.615068  -10.107668 (VIOLATED)
_10603_/S0                              2.507400   12.615068  -10.107668 (VIOLATED)
_10604_/S0                              2.507400   12.615068  -10.107668 (VIOLATED)
_10707_/S0                              2.507400   12.615068  -10.107668 (VIOLATED)
_10716_/S0                              2.507400   12.615068  -10.107668 (VIOLATED)
_10758_/A2                              2.507400   12.615068  -10.107668 (VIOLATED)
_10759_/A2                              2.507400   12.615068  -10.107668 (VIOLATED)
_10026_/S                               2.507400    9.501108   -6.993708 (VIOLATED)
_10469_/S0                              2.507400    9.501111   -6.993711 (VIOLATED)
_10708_/A                               2.507400    9.501109   -6.993710 (VIOLATED)
_09789_/A                               2.507400    9.501097   -6.993697 (VIOLATED)
_10468_/S0                              2.507400    9.501101   -6.993701 (VIOLATED)
_09793_/S                               2.507400    9.501092   -6.993691 (VIOLATED)
_11081_/A1                              2.507400    9.501097   -6.993697 (VIOLATED)
_10536_/S0                              2.507400    9.501082   -6.993683 (VIOLATED)
_10603_/S1                              2.507400    9.501081   -6.993681 (VIOLATED)
_10759_/B1                              2.507400    9.501082   -6.993682 (VIOLATED)
_10760_/A1                              2.507400    9.501082   -6.993682 (VIOLATED)
_10755_/A                               2.507400    9.501073   -6.993673 (VIOLATED)
_10604_/S1                              2.507400    9.501060   -6.993660 (VIOLATED)
_08369_/S                               2.507400    9.501019   -6.993619 (VIOLATED)
_08372_/S                               2.507400    9.501018   -6.993618 (VIOLATED)
_08720_/A                               2.507400    9.501008   -6.993608 (VIOLATED)
_08586_/A                               2.507400    9.500983   -6.993583 (VIOLATED)
_10020_/S1                              2.507400    9.500926   -6.993526 (VIOLATED)
_10464_/S0                              2.507400    9.500916   -6.993516 (VIOLATED)
_08995_/S                               2.507400    9.500871   -6.993471 (VIOLATED)
_09405_/A1                              2.507400    9.500862   -6.993462 (VIOLATED)
_09344_/A1                              2.507400    9.500807   -6.993406 (VIOLATED)
_09345_/A1                              2.507400    9.500808   -6.993407 (VIOLATED)
_09713_/S0                              2.507400    9.500802   -6.993402 (VIOLATED)
_10088_/S0                              2.507400    9.500802   -6.993402 (VIOLATED)
_10599_/A                               2.507400    9.500809   -6.993408 (VIOLATED)
_10600_/A1                              2.507400    9.500808   -6.993407 (VIOLATED)
_10764_/S1                              2.507400    9.500809   -6.993408 (VIOLATED)
_09265_/A1                              2.507400    9.500780   -6.993380 (VIOLATED)
_08386_/S                               2.507400    9.500772   -6.993371 (VIOLATED)
_09266_/A1                              2.507400    9.500773   -6.993374 (VIOLATED)
_10801_/A                               2.507400    9.500777   -6.993377 (VIOLATED)
_10802_/A1                              2.507400    9.500772   -6.993372 (VIOLATED)
_08383_/S                               2.507400    9.500748   -6.993348 (VIOLATED)
_08474_/S0                              2.507400    9.500754   -6.993354 (VIOLATED)
_09272_/A                               2.507400    9.500748   -6.993348 (VIOLATED)
_08463_/S0                              2.507400    9.500733   -6.993334 (VIOLATED)
_09359_/B2                              2.507400    9.500701   -6.993301 (VIOLATED)
_08171_/S0                              2.507400    9.500651   -6.993251 (VIOLATED)
_09098_/S1                              2.507400    9.500649   -6.993249 (VIOLATED)
_08768_/S                               2.507400    9.500587   -6.993186 (VIOLATED)
_08448_/S                               2.507400    9.500341   -6.992941 (VIOLATED)
_08997_/S1                              2.507400    9.500339   -6.992939 (VIOLATED)
_09352_/A                               2.507400    9.500341   -6.992941 (VIOLATED)
_09020_/S1                              2.507400    9.500327   -6.992927 (VIOLATED)
_08322_/S                               2.507400    9.500316   -6.992915 (VIOLATED)
_08761_/S1                              2.507400    9.500319   -6.992920 (VIOLATED)
_09099_/S1                              2.507400    9.500319   -6.992920 (VIOLATED)
_09488_/S0                              2.507400    9.500319   -6.992919 (VIOLATED)
_09846_/A                               2.507400    9.500322   -6.992922 (VIOLATED)
_10767_/S1                              2.507400    9.500321   -6.992921 (VIOLATED)
_08323_/S1                              2.507400    9.500312   -6.992912 (VIOLATED)
_08814_/S1                              2.507400    9.500317   -6.992916 (VIOLATED)
_08816_/S                               2.507400    9.500314   -6.992914 (VIOLATED)
_10432_/S1                              2.507400    9.500312   -6.992912 (VIOLATED)
_09802_/S0                              2.507400    9.500304   -6.992904 (VIOLATED)
_09804_/S0                              2.507400    9.500305   -6.992905 (VIOLATED)
_10002_/S0                              2.507400    9.500306   -6.992906 (VIOLATED)
_09746_/S0                              2.507400    9.500287   -6.992887 (VIOLATED)
_09887_/S0                              2.507400    9.500294   -6.992893 (VIOLATED)
_09928_/A                               2.507400    9.500290   -6.992889 (VIOLATED)
_08536_/S0                              2.507400    9.500270   -6.992870 (VIOLATED)
_09745_/S0                              2.507400    9.500272   -6.992872 (VIOLATED)
_09809_/S0                              2.507400    9.500278   -6.992877 (VIOLATED)
_09885_/S0                              2.507400    9.500280   -6.992881 (VIOLATED)
_09962_/A                               2.507400    9.500264   -6.992864 (VIOLATED)
_09964_/A1                              2.507400    9.500265   -6.992865 (VIOLATED)
_09967_/S                               2.507400    9.500267   -6.992867 (VIOLATED)
_09987_/A                               2.507400    9.500266   -6.992866 (VIOLATED)
_08178_/S                               2.507400    9.500251   -6.992850 (VIOLATED)
_10679_/S1                              2.507400    9.500255   -6.992854 (VIOLATED)
_10781_/S0                              2.507400    9.500253   -6.992852 (VIOLATED)
_11144_/A1                              2.507400    9.500257   -6.992857 (VIOLATED)
_08331_/S1                              2.507400    9.500236   -6.992836 (VIOLATED)
_08810_/S                               2.507400    9.500237   -6.992837 (VIOLATED)
_09978_/A                               2.507400    9.500237   -6.992837 (VIOLATED)
_10783_/S0                              2.507400    9.500239   -6.992839 (VIOLATED)
_10792_/A                               2.507400    9.500239   -6.992839 (VIOLATED)
_08330_/S                               2.507400    9.500216   -6.992817 (VIOLATED)
_08247_/S1                              2.507400    9.500194   -6.992794 (VIOLATED)
_08363_/S0                              2.507400    9.500198   -6.992798 (VIOLATED)
_08364_/S0                              2.507400    9.500193   -6.992793 (VIOLATED)
_08376_/S1                              2.507400    9.500193   -6.992793 (VIOLATED)
_09029_/S1                              2.507400    9.500198   -6.992798 (VIOLATED)
_11158_/S0                              2.507400    9.500196   -6.992795 (VIOLATED)
_11159_/S0                              2.507400    9.500194   -6.992794 (VIOLATED)
_08887_/S                               2.507400    9.500186   -6.992785 (VIOLATED)
_08378_/S1                              2.507400    9.500175   -6.992774 (VIOLATED)
_08992_/S1                              2.507400    9.500172   -6.992772 (VIOLATED)
_09033_/S1                              2.507400    9.500172   -6.992772 (VIOLATED)
_08469_/S0                              2.507400    9.500163   -6.992763 (VIOLATED)
_09501_/S0                              2.507400    9.500164   -6.992764 (VIOLATED)
_08352_/S0                              2.507400    9.500148   -6.992747 (VIOLATED)
_08685_/S1                              2.507400    9.500150   -6.992749 (VIOLATED)
_09133_/B                               2.507400    9.500154   -6.992754 (VIOLATED)
_08900_/A1                              2.507400    9.500134   -6.992734 (VIOLATED)
_08335_/S1                              2.507400    9.500118   -6.992718 (VIOLATED)
_08525_/S0                              2.507400    9.500117   -6.992717 (VIOLATED)
_08802_/S1                              2.507400    9.500116   -6.992716 (VIOLATED)
_08804_/S1                              2.507400    9.500118   -6.992718 (VIOLATED)
_08229_/S                               2.507400    9.500110   -6.992709 (VIOLATED)
_08231_/S1                              2.507400    9.500114   -6.992714 (VIOLATED)
_08355_/S0                              2.507400    9.500114   -6.992714 (VIOLATED)
_11195_/A1                              2.507400    9.500115   -6.992715 (VIOLATED)
_08892_/S                               2.507400    9.500107   -6.992707 (VIOLATED)
_08894_/S                               2.507400    9.500107   -6.992707 (VIOLATED)
_08902_/S                               2.507400    9.500105   -6.992705 (VIOLATED)
_09465_/A1                              2.507400    9.500110   -6.992709 (VIOLATED)
_08334_/S1                              2.507400    9.500093   -6.992692 (VIOLATED)
_08255_/S                               2.507400    9.500079   -6.992679 (VIOLATED)
_08351_/S0                              2.507400    9.500080   -6.992680 (VIOLATED)
_10426_/A1                              2.507400    9.500051   -6.992651 (VIOLATED)
_09150_/A                               2.507400    9.500026   -6.992626 (VIOLATED)
_10274_/A1                              2.507400    9.500026   -6.992626 (VIOLATED)
_10271_/S1                              2.507400    9.500002   -6.992602 (VIOLATED)
_09842_/S0                              2.507400    9.499979   -6.992579 (VIOLATED)
_08316_/S0                              2.507400    9.499949   -6.992549 (VIOLATED)
_08410_/S1                              2.507400    9.499949   -6.992549 (VIOLATED)
_08423_/S1                              2.507400    9.499951   -6.992551 (VIOLATED)
_08425_/S                               2.507400    9.499950   -6.992550 (VIOLATED)
_08564_/A                               2.507400    9.499950   -6.992550 (VIOLATED)
_08218_/A1                              2.507400    9.499942   -6.992541 (VIOLATED)
_08753_/S1                              2.507400    9.499947   -6.992547 (VIOLATED)
_08831_/S0                              2.507400    9.499949   -6.992549 (VIOLATED)
_08911_/S0                              2.507400    9.499945   -6.992545 (VIOLATED)
_09105_/A                               2.507400    9.499945   -6.992545 (VIOLATED)
_09141_/S                               2.507400    9.499950   -6.992550 (VIOLATED)
_09110_/S1                              2.507400    9.499944   -6.992543 (VIOLATED)
_08312_/S0                              2.507400    9.499932   -6.992533 (VIOLATED)
_08413_/A1                              2.507400    9.499937   -6.992537 (VIOLATED)
_08313_/S0                              2.507400    9.499929   -6.992529 (VIOLATED)
_08420_/S                               2.507400    9.499931   -6.992531 (VIOLATED)
_08838_/S0                              2.507400    9.499932   -6.992533 (VIOLATED)
_08839_/S0                              2.507400    9.499930   -6.992530 (VIOLATED)
_09113_/S1                              2.507400    9.499936   -6.992536 (VIOLATED)
_11124_/S0                              2.507400    9.499935   -6.992535 (VIOLATED)
_09093_/S                               2.507400    9.499928   -6.992528 (VIOLATED)
_09094_/S1                              2.507400    9.499931   -6.992532 (VIOLATED)
_08417_/A1                              2.507400    9.499919   -6.992519 (VIOLATED)
_09477_/S0                              2.507400    9.499903   -6.992502 (VIOLATED)
_09521_/A1                              2.507400    9.499905   -6.992504 (VIOLATED)
_10375_/S1                              2.507400    9.499907   -6.992507 (VIOLATED)
_10377_/S1                              2.507400    9.499907   -6.992507 (VIOLATED)
_10392_/S1                              2.507400    9.499907   -6.992507 (VIOLATED)
_10657_/S1                              2.507400    9.499907   -6.992507 (VIOLATED)
_10731_/S1                              2.507400    9.499910   -6.992510 (VIOLATED)
_10733_/S1                              2.507400    9.499906   -6.992505 (VIOLATED)
_08681_/A1                              2.507400    9.499891   -6.992491 (VIOLATED)
_08774_/A1                              2.507400    9.499892   -6.992492 (VIOLATED)
_09136_/S0                              2.507400    9.499892   -6.992492 (VIOLATED)
_09304_/A                               2.507400    9.499892   -6.992492 (VIOLATED)
_09522_/S1                              2.507400    9.499891   -6.992491 (VIOLATED)
_09858_/A                               2.507400    9.499891   -6.992491 (VIOLATED)
_09338_/A1                              2.507400    9.499880   -6.992479 (VIOLATED)
_10262_/S1                              2.507400    9.499884   -6.992484 (VIOLATED)
_10739_/S1                              2.507400    9.499889   -6.992489 (VIOLATED)
_09883_/S0                              2.507400    9.499874   -6.992474 (VIOLATED)
_10316_/A                               2.507400    9.499869   -6.992469 (VIOLATED)
_08129_/Y                               2.507400    9.499859   -6.992459 (VIOLATED)
_09882_/S0                              2.507400    9.499859   -6.992459 (VIOLATED)
_09896_/S0                              2.507400    9.499859   -6.992459 (VIOLATED)
_10422_/S1                              2.507400    9.499859   -6.992459 (VIOLATED)
_13629_/B1                              2.507400    8.047546   -5.540147 (VIOLATED)
_13597_/B1                              2.507400    8.047529   -5.540129 (VIOLATED)
_13625_/B1                              2.507400    8.047529   -5.540129 (VIOLATED)
_13621_/B1                              2.507400    8.047523   -5.540123 (VIOLATED)
_13587_/B1                              2.507400    8.047500   -5.540100 (VIOLATED)
_13613_/B1                              2.507400    8.047503   -5.540102 (VIOLATED)
_13595_/B1                              2.507400    8.047485   -5.540085 (VIOLATED)
_13603_/B1                              2.507400    8.047480   -5.540079 (VIOLATED)
_13589_/B1                              2.507400    8.047456   -5.540055 (VIOLATED)
_13591_/B1                              2.507400    8.047459   -5.540059 (VIOLATED)
_13593_/B1                              2.507400    8.047456   -5.540056 (VIOLATED)
_13615_/B1                              2.507400    8.047452   -5.540051 (VIOLATED)
_13627_/B1                              2.507400    8.047447   -5.540047 (VIOLATED)
_13599_/B1                              2.507400    8.047441   -5.540041 (VIOLATED)
_13623_/B1                              2.507400    8.047440   -5.540039 (VIOLATED)
_13640_/B1                              2.507400    8.047430   -5.540030 (VIOLATED)
_13581_/B1                              2.507400    8.047418   -5.540017 (VIOLATED)
_13619_/B1                              2.507400    8.047409   -5.540009 (VIOLATED)
_13601_/B1                              2.507400    8.047392   -5.539992 (VIOLATED)
_13633_/B1                              2.507400    8.047389   -5.539989 (VIOLATED)
_13631_/B1                              2.507400    8.047379   -5.539979 (VIOLATED)
_13611_/B1                              2.507400    8.047323   -5.539923 (VIOLATED)
_13617_/B1                              2.507400    8.047319   -5.539919 (VIOLATED)
_13583_/B1                              2.507400    8.047285   -5.539885 (VIOLATED)
_13642_/B1                              2.507400    8.047197   -5.539797 (VIOLATED)
_13579_/B1                              2.507400    8.047143   -5.539742 (VIOLATED)
_13652_/B1                              2.507400    8.047092   -5.539692 (VIOLATED)
_13650_/B1                              2.507400    8.046978   -5.539577 (VIOLATED)
_13575_/B1                              2.507400    8.046928   -5.539528 (VIOLATED)
_13585_/B1                              2.507400    8.046779   -5.539379 (VIOLATED)
_13646_/B1                              2.507400    8.046588   -5.539187 (VIOLATED)
_13648_/B1                              2.507400    8.046583   -5.539183 (VIOLATED)
_13548_/B1                              2.507400    8.046565   -5.539165 (VIOLATED)
_13570_/B1                              2.507400    8.046395   -5.538996 (VIOLATED)
_13635_/B1                              2.507400    8.046309   -5.538909 (VIOLATED)
_13607_/B1                              2.507400    8.046303   -5.538902 (VIOLATED)
_13609_/B1                              2.507400    8.046286   -5.538886 (VIOLATED)
_13638_/B1                              2.507400    8.046272   -5.538872 (VIOLATED)
_13577_/B1                              2.507400    8.046239   -5.538838 (VIOLATED)
_13654_/B1                              2.507400    8.046153   -5.538753 (VIOLATED)
_13656_/B1                              2.507400    8.046103   -5.538702 (VIOLATED)
_13660_/B1                              2.507400    8.046106   -5.538706 (VIOLATED)
_13658_/B1                              2.507400    8.046093   -5.538693 (VIOLATED)
_13662_/B1                              2.507400    8.046098   -5.538697 (VIOLATED)
_13666_/B1                              2.507400    8.046096   -5.538695 (VIOLATED)
_13664_/B1                              2.507400    8.046082   -5.538682 (VIOLATED)
_13568_/B1                              2.507400    8.046044   -5.538644 (VIOLATED)
_13692_/B1                              2.507400    8.046000   -5.538599 (VIOLATED)
_13644_/B1                              2.507400    8.045974   -5.538574 (VIOLATED)
_13566_/B1                              2.507400    8.045847   -5.538447 (VIOLATED)
_13572_/B1                              2.507400    8.045760   -5.538360 (VIOLATED)
_13564_/B1                              2.507400    8.045748   -5.538347 (VIOLATED)
_13674_/B1                              2.507400    8.045552   -5.538152 (VIOLATED)
_13684_/B1                              2.507400    8.045491   -5.538092 (VIOLATED)
_13698_/B1                              2.507400    8.045428   -5.538028 (VIOLATED)
_13558_/B1                              2.507400    8.045254   -5.537853 (VIOLATED)
_13562_/B1                              2.507400    8.045218   -5.537819 (VIOLATED)
_13560_/B1                              2.507400    8.045068   -5.537668 (VIOLATED)
_13676_/B1                              2.507400    8.045022   -5.537621 (VIOLATED)
_13672_/B1                              2.507400    8.045009   -5.537608 (VIOLATED)
_13550_/B1                              2.507400    8.044991   -5.537591 (VIOLATED)
_13682_/B1                              2.507400    8.044952   -5.537552 (VIOLATED)
_13686_/B1                              2.507400    8.044881   -5.537480 (VIOLATED)
_13556_/B1                              2.507400    8.044869   -5.537470 (VIOLATED)
_13497_/B1                              2.507400    8.044654   -5.537254 (VIOLATED)
_13546_/B1                              2.507400    8.044660   -5.537259 (VIOLATED)
_13509_/B1                              2.507400    8.044653   -5.537253 (VIOLATED)
_13680_/B1                              2.507400    8.044645   -5.537245 (VIOLATED)
_13505_/B1                              2.507400    8.044635   -5.537234 (VIOLATED)
_13248_/B1                              2.507400    8.044619   -5.537219 (VIOLATED)
_13554_/B1                              2.507400    8.044621   -5.537221 (VIOLATED)
_13690_/B1                              2.507400    8.044611   -5.537211 (VIOLATED)
_13552_/B1                              2.507400    8.044592   -5.537192 (VIOLATED)
_13260_/B1                              2.507400    8.044585   -5.537186 (VIOLATED)
_13256_/B1                              2.507400    8.044576   -5.537176 (VIOLATED)
_13493_/B1                              2.507400    8.044568   -5.537168 (VIOLATED)
_13501_/B1                              2.507400    8.044564   -5.537164 (VIOLATED)
_13154_/B1                              2.507400    8.044552   -5.537152 (VIOLATED)
_13513_/B1                              2.507400    8.044555   -5.537155 (VIOLATED)
_13521_/B1                              2.507400    8.044558   -5.537157 (VIOLATED)
_13264_/B1                              2.507400    8.044539   -5.537139 (VIOLATED)
_13272_/B1                              2.507400    8.044540   -5.537140 (VIOLATED)
_13517_/B1                              2.507400    8.044536   -5.537136 (VIOLATED)
_13268_/B1                              2.507400    8.044494   -5.537093 (VIOLATED)
_13525_/B1                              2.507400    8.044490   -5.537090 (VIOLATED)
_13544_/B1                              2.507400    8.044460   -5.537060 (VIOLATED)
_13388_/B1                              2.507400    8.044430   -5.537029 (VIOLATED)
_13688_/B1                              2.507400    8.044433   -5.537033 (VIOLATED)
_13392_/B1                              2.507400    8.044275   -5.536875 (VIOLATED)
_13694_/B1                              2.507400    8.044226   -5.536826 (VIOLATED)
_13400_/B1                              2.507400    8.044173   -5.536773 (VIOLATED)
_13678_/B1                              2.507400    8.044166   -5.536766 (VIOLATED)
_13384_/B1                              2.507400    8.044134   -5.536734 (VIOLATED)
_13380_/B1                              2.507400    8.044080   -5.536679 (VIOLATED)
_13372_/B1                              2.507400    8.044071   -5.536671 (VIOLATED)
_13404_/B1                              2.507400    8.044062   -5.536662 (VIOLATED)
_13523_/B1                              2.507400    8.043996   -5.536596 (VIOLATED)
_13274_/B1                              2.507400    8.043988   -5.536588 (VIOLATED)
_13527_/B1                              2.507400    8.043990   -5.536590 (VIOLATED)
_13148_/B1                              2.507400    8.043980   -5.536580 (VIOLATED)
_13282_/B1                              2.507400    8.043951   -5.536551 (VIOLATED)
_13406_/B1                              2.507400    8.043893   -5.536493 (VIOLATED)
_13408_/B1                              2.507400    8.043898   -5.536497 (VIOLATED)
_13162_/B1                              2.507400    8.043871   -5.536470 (VIOLATED)
_13290_/B1                              2.507400    8.043872   -5.536471 (VIOLATED)
_13414_/B1                              2.507400    8.043877   -5.536477 (VIOLATED)
_13280_/B1                              2.507400    8.043850   -5.536450 (VIOLATED)
_13284_/B1                              2.507400    8.043848   -5.536448 (VIOLATED)
_13533_/B1                              2.507400    8.043846   -5.536446 (VIOLATED)
_13696_/B1                              2.507400    8.043844   -5.536444 (VIOLATED)
_13278_/B1                              2.507400    8.043834   -5.536433 (VIOLATED)
_13376_/B1                              2.507400    8.043829   -5.536429 (VIOLATED)
_13134_/B1                              2.507400    8.043822   -5.536422 (VIOLATED)
_13398_/B1                              2.507400    8.043822   -5.536423 (VIOLATED)
_13402_/B1                              2.507400    8.043820   -5.536420 (VIOLATED)
_13138_/B1                              2.507400    8.043797   -5.536398 (VIOLATED)
_13529_/B1                              2.507400    8.043797   -5.536398 (VIOLATED)
_13146_/B1                              2.507400    8.043778   -5.536378 (VIOLATED)
_13386_/B1                              2.507400    8.043764   -5.536364 (VIOLATED)
_13390_/B1                              2.507400    8.043728   -5.536327 (VIOLATED)
_13126_/B1                              2.507400    8.043668   -5.536268 (VIOLATED)
_13670_/B1                              2.507400    8.043672   -5.536272 (VIOLATED)
_13412_/B1                              2.507400    8.043555   -5.536155 (VIOLATED)
_13382_/B1                              2.507400    8.043338   -5.535938 (VIOLATED)
_13396_/B1                              2.507400    8.043217   -5.535817 (VIOLATED)
_13150_/B1                              2.507400    8.043020   -5.535620 (VIOLATED)
_13374_/B1                              2.507400    8.042921   -5.535521 (VIOLATED)
_13258_/B1                              2.507400    8.042784   -5.535383 (VIOLATED)
_13254_/B1                              2.507400    8.042776   -5.535377 (VIOLATED)
_13489_/B1                              2.507400    8.042708   -5.535308 (VIOLATED)
_13140_/B1                              2.507400    8.042700   -5.535300 (VIOLATED)
_13491_/B1                              2.507400    8.042685   -5.535284 (VIOLATED)
_13535_/B1                              2.507400    8.042684   -5.535283 (VIOLATED)
_13495_/B1                              2.507400    8.042675   -5.535275 (VIOLATED)
_13158_/B1                              2.507400    8.042667   -5.535267 (VIOLATED)
_13515_/B1                              2.507400    8.042668   -5.535268 (VIOLATED)
_13366_/B1                              2.507400    8.042644   -5.535243 (VIOLATED)
_13368_/B1                              2.507400    8.042638   -5.535238 (VIOLATED)
_13128_/B1                              2.507400    8.042631   -5.535231 (VIOLATED)
_13370_/B1                              2.507400    8.042583   -5.535182 (VIOLATED)
_13136_/B1                              2.507400    8.042575   -5.535175 (VIOLATED)
_13276_/B1                              2.507400    8.042542   -5.535142 (VIOLATED)
_13364_/B1                              2.507400    8.042478   -5.535078 (VIOLATED)
_13152_/B1                              2.507400    8.042368   -5.534968 (VIOLATED)
_13027_/B1                              2.507400    8.042354   -5.534954 (VIOLATED)
_13015_/B1                              2.507400    8.042342   -5.534942 (VIOLATED)
_13356_/B1                              2.507400    8.042337   -5.534937 (VIOLATED)
_13023_/B1                              2.507400    8.042273   -5.534873 (VIOLATED)
_13124_/B1                              2.507400    8.042166   -5.534765 (VIOLATED)
_13144_/B1                              2.507400    8.042171   -5.534770 (VIOLATED)
_13019_/B1                              2.507400    8.042155   -5.534756 (VIOLATED)
_13003_/B1                              2.507400    8.042141   -5.534740 (VIOLATED)
_13007_/B1                              2.507400    8.042102   -5.534702 (VIOLATED)
_13360_/B1                              2.507400    8.042090   -5.534691 (VIOLATED)
_12999_/B1                              2.507400    8.042074   -5.534674 (VIOLATED)
_12991_/B1                              2.507400    8.041935   -5.534535 (VIOLATED)
_13160_/B1                              2.507400    8.041939   -5.534539 (VIOLATED)
_13164_/B1                              2.507400    8.041929   -5.534529 (VIOLATED)
_13394_/B1                              2.507400    8.041934   -5.534534 (VIOLATED)
_13531_/B1                              2.507400    8.041939   -5.534539 (VIOLATED)
_13120_/B1                              2.507400    8.041918   -5.534517 (VIOLATED)
_13537_/B1                              2.507400    8.041921   -5.534521 (VIOLATED)
_13142_/B1                              2.507400    8.041908   -5.534509 (VIOLATED)
_13519_/B1                              2.507400    8.041914   -5.534514 (VIOLATED)
_13031_/B1                              2.507400    8.041897   -5.534497 (VIOLATED)
_13011_/B1                              2.507400    8.041876   -5.534476 (VIOLATED)
_13539_/B1                              2.507400    8.041881   -5.534480 (VIOLATED)
_13286_/B1                              2.507400    8.041874   -5.534474 (VIOLATED)
_13511_/B1                              2.507400    8.041864   -5.534464 (VIOLATED)
_13410_/B1                              2.507400    8.041856   -5.534455 (VIOLATED)
_13110_/B1                              2.507400    8.041828   -5.534428 (VIOLATED)
_13499_/B1                              2.507400    8.041822   -5.534422 (VIOLATED)
_12987_/B1                              2.507400    8.041813   -5.534413 (VIOLATED)
_13503_/B1                              2.507400    8.041817   -5.534416 (VIOLATED)
_13507_/B1                              2.507400    8.041816   -5.534415 (VIOLATED)
_13118_/B1                              2.507400    8.041783   -5.534383 (VIOLATED)
_12995_/B1                              2.507400    8.041774   -5.534374 (VIOLATED)
_13156_/B1                              2.507400    8.041766   -5.534366 (VIOLATED)
_13114_/B1                              2.507400    8.041759   -5.534359 (VIOLATED)
_13116_/B1                              2.507400    8.041717   -5.534317 (VIOLATED)
_13035_/B1                              2.507400    8.041699   -5.534299 (VIOLATED)
_13362_/B1                              2.507400    8.041609   -5.534208 (VIOLATED)
_13009_/B1                              2.507400    8.041597   -5.534198 (VIOLATED)
_13378_/B1                              2.507400    8.041592   -5.534192 (VIOLATED)
_12979_/B1                              2.507400    8.041520   -5.534121 (VIOLATED)
_13252_/B1                              2.507400    8.041523   -5.534123 (VIOLATED)
_13246_/B1                              2.507400    8.041459   -5.534059 (VIOLATED)
_13270_/B1                              2.507400    8.041401   -5.534000 (VIOLATED)
_13266_/B1                              2.507400    8.041220   -5.533819 (VIOLATED)
_13262_/B1                              2.507400    8.041185   -5.533786 (VIOLATED)
_13244_/B1                              2.507400    8.041142   -5.533742 (VIOLATED)
_12983_/B1                              2.507400    8.041019   -5.533619 (VIOLATED)
_13132_/B1                              2.507400    8.040998   -5.533597 (VIOLATED)
_13021_/B1                              2.507400    8.040857   -5.533457 (VIOLATED)
_13130_/B1                              2.507400    8.040816   -5.533416 (VIOLATED)
_13250_/B1                              2.507400    8.039635   -5.532235 (VIOLATED)
_13122_/B1                              2.507400    8.038666   -5.531266 (VIOLATED)
_13106_/B1                              2.507400    8.038651   -5.531251 (VIOLATED)
_13288_/B1                              2.507400    8.038651   -5.531251 (VIOLATED)
_13242_/B1                              2.507400    8.038610   -5.531209 (VIOLATED)
_13112_/B1                              2.507400    8.038327   -5.530928 (VIOLATED)
_13033_/B1                              2.507400    8.038321   -5.530921 (VIOLATED)
_13001_/B1                              2.507400    8.038305   -5.530905 (VIOLATED)
_13013_/B1                              2.507400    8.038309   -5.530909 (VIOLATED)
_13029_/B1                              2.507400    8.038309   -5.530909 (VIOLATED)
_13025_/B1                              2.507400    8.038280   -5.530880 (VIOLATED)
_13017_/B1                              2.507400    8.038214   -5.530814 (VIOLATED)
_12989_/B1                              2.507400    8.038193   -5.530792 (VIOLATED)
_12997_/B1                              2.507400    8.038197   -5.530796 (VIOLATED)
_12985_/B1                              2.507400    8.038180   -5.530780 (VIOLATED)
_12993_/B1                              2.507400    8.038181   -5.530781 (VIOLATED)
_13005_/B1                              2.507400    8.038079   -5.530679 (VIOLATED)
_13358_/B1                              2.507400    8.038041   -5.530642 (VIOLATED)
_13238_/B1                              2.507400    8.038008   -5.530608 (VIOLATED)
_12981_/B1                              2.507400    8.037947   -5.530546 (VIOLATED)
_13037_/B1                              2.507400    8.037849   -5.530449 (VIOLATED)
_15270_/RESET_B                         2.507400    8.037820   -5.530419 (VIOLATED)
_13296_/B1                              2.507400    8.037683   -5.530283 (VIOLATED)
_13228_/B1                              2.507400    8.037462   -5.530062 (VIOLATED)
_13176_/B1                              2.507400    8.037360   -5.529960 (VIOLATED)
_13234_/B1                              2.507400    8.037281   -5.529881 (VIOLATED)
_13172_/B1                              2.507400    8.037269   -5.529869 (VIOLATED)
_13232_/B1                              2.507400    8.036995   -5.529595 (VIOLATED)
_13236_/B1                              2.507400    8.037001   -5.529601 (VIOLATED)
_13170_/B1                              2.507400    8.036982   -5.529582 (VIOLATED)
_13174_/B1                              2.507400    8.036968   -5.529568 (VIOLATED)
_13184_/B1                              2.507400    8.036938   -5.529537 (VIOLATED)
_13180_/B1                              2.507400    8.036914   -5.529513 (VIOLATED)
_13294_/B1                              2.507400    8.036885   -5.529485 (VIOLATED)
_13298_/B1                              2.507400    8.036833   -5.529433 (VIOLATED)
_13045_/B1                              2.507400    8.035241   -5.527841 (VIOLATED)
_13308_/B1                              2.507400    8.033063   -5.525663 (VIOLATED)
_13312_/B1                              2.507400    8.033060   -5.525660 (VIOLATED)
_13240_/B1                              2.507400    8.033020   -5.525620 (VIOLATED)
_13108_/B1                              2.507400    8.032338   -5.524938 (VIOLATED)
_13487_/B1                              2.507400    8.032329   -5.524929 (VIOLATED)
_13485_/B1                              2.507400    8.032314   -5.524914 (VIOLATED)
_13483_/B1                              2.507400    8.032297   -5.524897 (VIOLATED)
_13467_/B1                              2.507400    8.032251   -5.524851 (VIOLATED)
_13475_/B1                              2.507400    8.032214   -5.524814 (VIOLATED)
_13481_/B1                              2.507400    8.032219   -5.524818 (VIOLATED)
_13455_/B1                              2.507400    8.032202   -5.524802 (VIOLATED)
_13465_/B1                              2.507400    8.032197   -5.524797 (VIOLATED)
_13463_/B1                              2.507400    8.032187   -5.524787 (VIOLATED)
_13457_/B1                              2.507400    8.032179   -5.524778 (VIOLATED)
_13461_/B1                              2.507400    8.032173   -5.524773 (VIOLATED)
_13419_/B1                              2.507400    8.032149   -5.524749 (VIOLATED)
_13459_/B1                              2.507400    8.032137   -5.524737 (VIOLATED)
_13431_/B1                              2.507400    8.032101   -5.524701 (VIOLATED)
_13453_/B1                              2.507400    8.032103   -5.524702 (VIOLATED)
_13439_/B1                              2.507400    8.032090   -5.524690 (VIOLATED)
_13471_/B1                              2.507400    8.032092   -5.524693 (VIOLATED)
_13477_/B1                              2.507400    8.032085   -5.524685 (VIOLATED)
_13473_/B1                              2.507400    8.032074   -5.524674 (VIOLATED)
_13469_/B1                              2.507400    8.032062   -5.524662 (VIOLATED)
_13427_/B1                              2.507400    8.032037   -5.524636 (VIOLATED)
_13423_/B1                              2.507400    8.032017   -5.524617 (VIOLATED)
_13447_/B1                              2.507400    8.032010   -5.524610 (VIOLATED)
_13441_/B1                              2.507400    8.031964   -5.524565 (VIOLATED)
_13435_/B1                              2.507400    8.031912   -5.524512 (VIOLATED)
_13445_/B1                              2.507400    8.031877   -5.524477 (VIOLATED)
_12970_/B1                              2.507400    8.031622   -5.524222 (VIOLATED)
_13425_/B1                              2.507400    8.031571   -5.524171 (VIOLATED)
_13429_/B1                              2.507400    8.031567   -5.524167 (VIOLATED)
_13421_/B1                              2.507400    8.031555   -5.524155 (VIOLATED)
_13449_/B1                              2.507400    8.031535   -5.524135 (VIOLATED)
_13443_/B1                              2.507400    8.031514   -5.524114 (VIOLATED)
_13433_/B1                              2.507400    8.031502   -5.524102 (VIOLATED)
_13451_/B1                              2.507400    8.031497   -5.524096 (VIOLATED)
_13437_/B1                              2.507400    8.031471   -5.524072 (VIOLATED)
_13222_/B1                              2.507400    8.031453   -5.524053 (VIOLATED)
_13300_/B1                              2.507400    8.031383   -5.523983 (VIOLATED)
_13049_/B1                              2.507400    8.031314   -5.523913 (VIOLATED)
_13302_/B1                              2.507400    8.031318   -5.523918 (VIOLATED)
_12974_/B1                              2.507400    8.031302   -5.523902 (VIOLATED)
_13224_/B1                              2.507400    8.031290   -5.523890 (VIOLATED)
_13324_/B1                              2.507400    8.031270   -5.523870 (VIOLATED)
_13310_/B1                              2.507400    8.031193   -5.523793 (VIOLATED)
_13344_/B1                              2.507400    8.031178   -5.523778 (VIOLATED)
_13226_/B1                              2.507400    8.030994   -5.523595 (VIOLATED)
_13348_/B1                              2.507400    8.030982   -5.523582 (VIOLATED)
_13332_/B1                              2.507400    8.030736   -5.523336 (VIOLATED)
_13328_/B1                              2.507400    8.030669   -5.523269 (VIOLATED)
_13192_/B1                              2.507400    8.030329   -5.522929 (VIOLATED)
_13200_/B1                              2.507400    8.030010   -5.522610 (VIOLATED)
_13101_/B1                              2.507400    8.029804   -5.522405 (VIOLATED)
_12918_/B1                              2.507400    8.029709   -5.522308 (VIOLATED)
_13220_/B1                              2.507400    8.029327   -5.521927 (VIOLATED)
_13322_/B1                              2.507400    8.029015   -5.521615 (VIOLATED)
_12922_/B1                              2.507400    8.028878   -5.521478 (VIOLATED)
_13097_/B1                              2.507400    8.028873   -5.521474 (VIOLATED)
_13352_/B1                              2.507400    8.028872   -5.521472 (VIOLATED)
_13304_/B1                              2.507400    8.028858   -5.521458 (VIOLATED)
_12926_/B1                              2.507400    8.028829   -5.521429 (VIOLATED)
_12972_/B1                              2.507400    8.028829   -5.521429 (VIOLATED)
_13188_/B1                              2.507400    8.028800   -5.521400 (VIOLATED)
_13320_/B1                              2.507400    8.028802   -5.521402 (VIOLATED)
_13196_/B1                              2.507400    8.028794   -5.521394 (VIOLATED)
_13212_/B1                              2.507400    8.028769   -5.521370 (VIOLATED)
_13336_/B1                              2.507400    8.028772   -5.521372 (VIOLATED)
_13216_/B1                              2.507400    8.028763   -5.521363 (VIOLATED)
_13340_/B1                              2.507400    8.028762   -5.521362 (VIOLATED)
_13208_/B1                              2.507400    8.028754   -5.521354 (VIOLATED)
_13204_/B1                              2.507400    8.028717   -5.521317 (VIOLATED)
_13316_/B1                              2.507400    8.028699   -5.521299 (VIOLATED)
_12966_/B1                              2.507400    8.028623   -5.521222 (VIOLATED)
_13093_/B1                              2.507400    8.028625   -5.521224 (VIOLATED)
_13346_/B1                              2.507400    8.028625   -5.521224 (VIOLATED)
_13330_/B1                              2.507400    8.028562   -5.521161 (VIOLATED)
_13350_/B1                              2.507400    8.028497   -5.521096 (VIOLATED)
_12938_/B1                              2.507400    8.028184   -5.520783 (VIOLATED)
_13077_/B1                              2.507400    8.027904   -5.520504 (VIOLATED)
_12950_/B1                              2.507400    8.027738   -5.520338 (VIOLATED)
_13085_/B1                              2.507400    8.027658   -5.520258 (VIOLATED)
_13338_/B1                              2.507400    8.027658   -5.520258 (VIOLATED)
_12958_/B1                              2.507400    8.027640   -5.520240 (VIOLATED)
_13342_/B1                              2.507400    8.027645   -5.520245 (VIOLATED)
_12962_/B1                              2.507400    8.027631   -5.520231 (VIOLATED)
_12942_/B1                              2.507400    8.027596   -5.520196 (VIOLATED)
_13326_/B1                              2.507400    8.027362   -5.519962 (VIOLATED)
_12954_/B1                              2.507400    8.026892   -5.519491 (VIOLATED)
_13089_/B1                              2.507400    8.026894   -5.519494 (VIOLATED)
_13081_/B1                              2.507400    8.026875   -5.519475 (VIOLATED)
_13318_/B1                              2.507400    8.026582   -5.519181 (VIOLATED)
_13073_/B1                              2.507400    8.026293   -5.518893 (VIOLATED)
_13065_/B1                              2.507400    8.026283   -5.518883 (VIOLATED)
_13053_/B1                              2.507400    8.025869   -5.518469 (VIOLATED)
_13051_/B1                              2.507400    8.024299   -5.516899 (VIOLATED)
_13210_/B1                              2.507400    8.024138   -5.516738 (VIOLATED)
_13186_/B1                              2.507400    8.023570   -5.516171 (VIOLATED)
_13202_/B1                              2.507400    8.023465   -5.516065 (VIOLATED)
_13063_/B1                              2.507400    8.022916   -5.515516 (VIOLATED)
_13218_/B1                              2.507400    8.022875   -5.515475 (VIOLATED)
_13178_/B1                              2.507400    8.022203   -5.514803 (VIOLATED)
_13079_/B1                              2.507400    8.022134   -5.514733 (VIOLATED)
_13067_/B1                              2.507400    8.021276   -5.513876 (VIOLATED)
_13194_/B1                              2.507400    8.021279   -5.513879 (VIOLATED)
_13047_/B1                              2.507400    8.021222   -5.513822 (VIOLATED)
_13071_/B1                              2.507400    8.021209   -5.513809 (VIOLATED)
_13059_/B1                              2.507400    8.021198   -5.513798 (VIOLATED)
_13043_/B1                              2.507400    8.021190   -5.513790 (VIOLATED)
_13075_/B1                              2.507400    8.021180   -5.513780 (VIOLATED)
_12920_/B1                              2.507400    8.020274   -5.512874 (VIOLATED)
_12916_/B1                              2.507400    8.020194   -5.512794 (VIOLATED)
_12924_/B1                              2.507400    8.020097   -5.512697 (VIOLATED)
_13057_/B1                              2.507400    8.019640   -5.512240 (VIOLATED)
_13306_/B1                              2.507400    8.019003   -5.511602 (VIOLATED)
_13334_/B1                              2.507400    8.019005   -5.511604 (VIOLATED)
_13314_/B1                              2.507400    8.018998   -5.511598 (VIOLATED)
_13190_/B1                              2.507400    8.018989   -5.511588 (VIOLATED)
_13182_/B1                              2.507400    8.018982   -5.511582 (VIOLATED)
_13061_/B1                              2.507400    8.018970   -5.511569 (VIOLATED)
_13087_/B1                              2.507400    8.018974   -5.511574 (VIOLATED)
_13091_/B1                              2.507400    8.018952   -5.511553 (VIOLATED)
_13214_/B1                              2.507400    8.018955   -5.511555 (VIOLATED)
_12932_/B1                              2.507400    8.018936   -5.511536 (VIOLATED)
_12964_/B1                              2.507400    8.018938   -5.511538 (VIOLATED)
_13055_/B1                              2.507400    8.018921   -5.511521 (VIOLATED)
_13083_/B1                              2.507400    8.018919   -5.511519 (VIOLATED)
_12968_/B1                              2.507400    8.018908   -5.511508 (VIOLATED)
_13069_/B1                              2.507400    8.018911   -5.511511 (VIOLATED)
_12960_/B1                              2.507400    8.018901   -5.511501 (VIOLATED)
_13099_/B1                              2.507400    8.018904   -5.511504 (VIOLATED)
_13198_/B1                              2.507400    8.018905   -5.511505 (VIOLATED)
_13206_/B1                              2.507400    8.018909   -5.511508 (VIOLATED)
_12956_/B1                              2.507400    8.018892   -5.511492 (VIOLATED)
_13095_/B1                              2.507400    8.018889   -5.511490 (VIOLATED)
_12952_/B1                              2.507400    8.018877   -5.511477 (VIOLATED)
_12946_/B1                              2.507400    8.018843   -5.511443 (VIOLATED)
_12928_/B1                              2.507400    8.018797   -5.511396 (VIOLATED)
_12940_/B1                              2.507400    8.018750   -5.511350 (VIOLATED)
_12934_/B1                              2.507400    8.018744   -5.511344 (VIOLATED)
_12936_/B1                              2.507400    8.018742   -5.511341 (VIOLATED)
_12944_/B1                              2.507400    8.018738   -5.511338 (VIOLATED)
_12948_/B1                              2.507400    8.018680   -5.511279 (VIOLATED)
_12930_/B1                              2.507400    8.018585   -5.511185 (VIOLATED)
_12864_/B1                              2.507400    8.015986   -5.508586 (VIOLATED)
_12850_/B1                              2.507400    8.015980   -5.508580 (VIOLATED)
_12852_/B1                              2.507400    8.015979   -5.508579 (VIOLATED)
_12854_/B1                              2.507400    8.015981   -5.508581 (VIOLATED)
_12858_/B1                              2.507400    8.015982   -5.508582 (VIOLATED)
_12860_/B1                              2.507400    8.015982   -5.508582 (VIOLATED)
_12862_/B1                              2.507400    8.015985   -5.508584 (VIOLATED)
_12866_/B1                              2.507400    8.015983   -5.508583 (VIOLATED)
_12868_/B1                              2.507400    8.015983   -5.508583 (VIOLATED)
_12870_/B1                              2.507400    8.015985   -5.508585 (VIOLATED)
_12872_/B1                              2.507400    8.015985   -5.508584 (VIOLATED)
_12874_/B1                              2.507400    8.015978   -5.508578 (VIOLATED)
_12882_/B1                              2.507400    8.015979   -5.508579 (VIOLATED)
_12884_/B1                              2.507400    8.015979   -5.508579 (VIOLATED)
_12886_/B1                              2.507400    8.015982   -5.508582 (VIOLATED)
_12890_/B1                              2.507400    8.015982   -5.508582 (VIOLATED)
_12892_/B1                              2.507400    8.015982   -5.508582 (VIOLATED)
_12894_/B1                              2.507400    8.015985   -5.508584 (VIOLATED)
_12896_/B1                              2.507400    8.015986   -5.508586 (VIOLATED)
_12898_/B1                              2.507400    8.015983   -5.508583 (VIOLATED)
_12900_/B1                              2.507400    8.015983   -5.508583 (VIOLATED)
_12902_/B1                              2.507400    8.015985   -5.508585 (VIOLATED)
_12904_/B1                              2.507400    8.015984   -5.508584 (VIOLATED)
_08091_/Y                               2.507400    8.015969   -5.508569 (VIOLATED)
_12846_/B1                              2.507400    8.015969   -5.508569 (VIOLATED)
_12848_/B1                              2.507400    8.015969   -5.508569 (VIOLATED)
_12856_/B1                              2.507400    8.015969   -5.508569 (VIOLATED)
_12876_/B1                              2.507400    8.015969   -5.508569 (VIOLATED)
_12878_/B1                              2.507400    8.015969   -5.508569 (VIOLATED)
_12880_/B1                              2.507400    8.015969   -5.508569 (VIOLATED)
_12888_/B1                              2.507400    8.015969   -5.508569 (VIOLATED)
_12906_/B1                              2.507400    8.015969   -5.508569 (VIOLATED)
_12908_/B1                              2.507400    8.015969   -5.508569 (VIOLATED)
_10552_/B                               2.507400    6.137909   -3.630509 (VIOLATED)
_10783_/S1                              2.507400    6.137912   -3.630512 (VIOLATED)
_10555_/B                               2.507400    6.137903   -3.630503 (VIOLATED)
_10556_/A2                              2.507400    6.137903   -3.630503 (VIOLATED)
_10560_/S0                              2.507400    6.137905   -3.630504 (VIOLATED)
_10568_/S1                              2.507400    6.137887   -3.630487 (VIOLATED)
_10781_/S1                              2.507400    6.137889   -3.630489 (VIOLATED)
_09813_/B                               2.507400    6.137883   -3.630483 (VIOLATED)
_09821_/B                               2.507400    6.137878   -3.630478 (VIOLATED)
_09965_/A2                              2.507400    6.137880   -3.630480 (VIOLATED)
_09966_/A2                              2.507400    6.137882   -3.630482 (VIOLATED)
_09982_/B                               2.507400    6.137881   -3.630481 (VIOLATED)
_10005_/A2                              2.507400    6.137881   -3.630481 (VIOLATED)
_09985_/B                               2.507400    6.137873   -3.630473 (VIOLATED)
_09963_/A2                              2.507400    6.137865   -3.630465 (VIOLATED)
_11145_/S1                              2.507400    6.137868   -3.630468 (VIOLATED)
_09816_/B                               2.507400    6.137861   -3.630461 (VIOLATED)
_09822_/B                               2.507400    6.137864   -3.630464 (VIOLATED)
_09823_/A2                              2.507400    6.137865   -3.630465 (VIOLATED)
_09961_/A2                              2.507400    6.137861   -3.630461 (VIOLATED)
_10010_/S                               2.507400    6.137862   -3.630461 (VIOLATED)
_09817_/B                               2.507400    6.137854   -3.630454 (VIOLATED)
_09818_/A2                              2.507400    6.137855   -3.630455 (VIOLATED)
_09820_/A2                              2.507400    6.137857   -3.630457 (VIOLATED)
_09814_/B                               2.507400    6.137847   -3.630447 (VIOLATED)
_09815_/A2                              2.507400    6.137843   -3.630443 (VIOLATED)
_10469_/S1                              2.507400    6.137724   -3.630324 (VIOLATED)
_10027_/S1                              2.507400    6.137718   -3.630318 (VIOLATED)
_10468_/S1                              2.507400    6.137717   -3.630317 (VIOLATED)
_10536_/S1                              2.507400    6.137699   -3.630298 (VIOLATED)
_10527_/B                               2.507400    6.137692   -3.630292 (VIOLATED)
_10530_/B                               2.507400    6.137689   -3.630289 (VIOLATED)
_10534_/B                               2.507400    6.137687   -3.630287 (VIOLATED)
_10715_/B                               2.507400    6.137667   -3.630266 (VIOLATED)
_11332_/A2                              2.507400    6.137667   -3.630266 (VIOLATED)
_10580_/S                               2.507400    6.137648   -3.630247 (VIOLATED)
_08736_/S1                              2.507400    6.137603   -3.630203 (VIOLATED)
_08859_/S1                              2.507400    6.137598   -3.630198 (VIOLATED)
_08581_/B                               2.507400    6.137591   -3.630191 (VIOLATED)
_08858_/B                               2.507400    6.137559   -3.630159 (VIOLATED)
_08398_/A2                              2.507400    6.137541   -3.630141 (VIOLATED)
_09999_/A2                              2.507400    6.137542   -3.630142 (VIOLATED)
_10464_/S1                              2.507400    6.137545   -3.630144 (VIOLATED)
_09802_/S1                              2.507400    6.137538   -3.630138 (VIOLATED)
_10002_/S1                              2.507400    6.137539   -3.630139 (VIOLATED)
_08324_/S1                              2.507400    6.137531   -3.630131 (VIOLATED)
_09804_/S1                              2.507400    6.137534   -3.630134 (VIOLATED)
_08862_/S1                              2.507400    6.137507   -3.630107 (VIOLATED)
_10575_/A2                              2.507400    6.137507   -3.630107 (VIOLATED)
_08584_/B                               2.507400    6.137499   -3.630099 (VIOLATED)
_08589_/B                               2.507400    6.137500   -3.630100 (VIOLATED)
_08861_/A2                              2.507400    6.137499   -3.630099 (VIOLATED)
_08459_/A2                              2.507400    6.137491   -3.630090 (VIOLATED)
_08461_/A2                              2.507400    6.137491   -3.630091 (VIOLATED)
_08993_/A2                              2.507400    6.137491   -3.630091 (VIOLATED)
_08994_/A2                              2.507400    6.137491   -3.630091 (VIOLATED)
_08272_/S                               2.507400    6.137484   -3.630084 (VIOLATED)
_08269_/B                               2.507400    6.137471   -3.630071 (VIOLATED)
_08270_/A2                              2.507400    6.137473   -3.630072 (VIOLATED)
_09745_/S1                              2.507400    6.137400   -3.629999 (VIOLATED)
_08866_/S1                              2.507400    6.137375   -3.629975 (VIOLATED)
_09076_/S1                              2.507400    6.137342   -3.629942 (VIOLATED)
_09270_/B                               2.507400    6.137344   -3.629944 (VIOLATED)
_09746_/S1                              2.507400    6.137341   -3.629941 (VIOLATED)
_10774_/S                               2.507400    6.137343   -3.629943 (VIOLATED)
_09277_/S1                              2.507400    6.137338   -3.629937 (VIOLATED)
_09809_/S1                              2.507400    6.137338   -3.629938 (VIOLATED)
_10586_/S1                              2.507400    6.137335   -3.629935 (VIOLATED)
_09713_/S1                              2.507400    6.137317   -3.629916 (VIOLATED)
_10088_/S1                              2.507400    6.137318   -3.629918 (VIOLATED)
_08536_/S1                              2.507400    6.137306   -3.629905 (VIOLATED)
_08868_/S1                              2.507400    6.137299   -3.629898 (VIOLATED)
_08445_/A2                              2.507400    6.137275   -3.629875 (VIOLATED)
_08447_/A2                              2.507400    6.137274   -3.629874 (VIOLATED)
_08463_/S1                              2.507400    6.137275   -3.629875 (VIOLATED)
_09280_/S1                              2.507400    6.137272   -3.629872 (VIOLATED)
_08474_/S1                              2.507400    6.137266   -3.629866 (VIOLATED)
_09387_/S1                              2.507400    6.137229   -3.629829 (VIOLATED)
_09728_/S1                              2.507400    6.137231   -3.629831 (VIOLATED)
_09727_/S                               2.507400    6.137224   -3.629824 (VIOLATED)
_08175_/B                               2.507400    6.137200   -3.629800 (VIOLATED)
_09053_/S1                              2.507400    6.137203   -3.629803 (VIOLATED)
_09267_/B                               2.507400    6.137203   -3.629803 (VIOLATED)
_08926_/A2                              2.507400    6.137176   -3.629776 (VIOLATED)
_08171_/S1                              2.507400    6.137170   -3.629770 (VIOLATED)
_08767_/A2                              2.507400    6.137171   -3.629771 (VIOLATED)
_09390_/S1                              2.507400    6.137170   -3.629770 (VIOLATED)
_08765_/A2                              2.507400    6.137167   -3.629766 (VIOLATED)
_09282_/S1                              2.507400    6.137161   -3.629761 (VIOLATED)
_08404_/S1                              2.507400    6.137111   -3.629710 (VIOLATED)
_08283_/B                               2.507400    6.137101   -3.629701 (VIOLATED)
_08870_/S1                              2.507400    6.137102   -3.629702 (VIOLATED)
_08281_/B                               2.507400    6.137097   -3.629697 (VIOLATED)
_08282_/A2                              2.507400    6.137098   -3.629698 (VIOLATED)
_08284_/A2                              2.507400    6.137100   -3.629700 (VIOLATED)
_08278_/A2                              2.507400    6.137093   -3.629693 (VIOLATED)
_08277_/B                               2.507400    6.137088   -3.629688 (VIOLATED)
_08402_/S1                              2.507400    6.137086   -3.629686 (VIOLATED)
_08469_/S1                              2.507400    6.137085   -3.629685 (VIOLATED)
_08279_/B                               2.507400    6.137073   -3.629673 (VIOLATED)
_09041_/S1                              2.507400    6.137072   -3.629671 (VIOLATED)
_08280_/A2                              2.507400    6.137066   -3.629666 (VIOLATED)
_08871_/S1                              2.507400    6.137065   -3.629665 (VIOLATED)
_09720_/S1                              2.507400    6.137047   -3.629647 (VIOLATED)
_09719_/S1                              2.507400    6.136963   -3.629563 (VIOLATED)
_08742_/S1                              2.507400    6.136717   -3.629317 (VIOLATED)
_08167_/S                               2.507400    6.136695   -3.629295 (VIOLATED)
_08525_/S1                              2.507400    6.136698   -3.629297 (VIOLATED)
_09086_/S1                              2.507400    6.136694   -3.629294 (VIOLATED)
_08391_/S1                              2.507400    6.136690   -3.629290 (VIOLATED)
_08733_/S1                              2.507400    6.136671   -3.629270 (VIOLATED)
_09083_/S1                              2.507400    6.136606   -3.629205 (VIOLATED)
_09079_/S1                              2.507400    6.136595   -3.629195 (VIOLATED)
_09887_/S1                              2.507400    6.136572   -3.629172 (VIOLATED)
_08980_/S                               2.507400    6.136433   -3.629033 (VIOLATED)
_09046_/S                               2.507400    6.136372   -3.628971 (VIOLATED)
_09102_/B                               2.507400    6.136344   -3.628944 (VIOLATED)
_08791_/S1                              2.507400    6.136265   -3.628865 (VIOLATED)
_09488_/S1                              2.507400    6.136264   -3.628864 (VIOLATED)
_08612_/S1                              2.507400    6.136260   -3.628860 (VIOLATED)
_08651_/S                               2.507400    6.136261   -3.628861 (VIOLATED)
_08702_/S                               2.507400    6.136255   -3.628855 (VIOLATED)
_08696_/S1                              2.507400    6.136230   -3.628830 (VIOLATED)
_09885_/S1                              2.507400    6.136229   -3.628829 (VIOLATED)
_08664_/S                               2.507400    6.136213   -3.628813 (VIOLATED)
_08666_/S                               2.507400    6.136204   -3.628804 (VIOLATED)
_08737_/B                               2.507400    6.136033   -3.628633 (VIOLATED)
_08738_/A2                              2.507400    6.136021   -3.628621 (VIOLATED)
_08739_/S1                              2.507400    6.135871   -3.628471 (VIOLATED)
_09069_/S1                              2.507400    6.135871   -3.628471 (VIOLATED)
_08970_/B                               2.507400    6.135862   -3.628462 (VIOLATED)
_08971_/A2                              2.507400    6.135864   -3.628464 (VIOLATED)
_09136_/S1                              2.507400    6.135862   -3.628462 (VIOLATED)
_08139_/B1                              2.507400    6.135857   -3.628457 (VIOLATED)
_08147_/C                               2.507400    6.135797   -3.628396 (VIOLATED)
_10341_/S1                              2.507400    6.135745   -3.628344 (VIOLATED)
_08363_/S1                              2.507400    6.135663   -3.628262 (VIOLATED)
_08607_/S1                              2.507400    6.135663   -3.628263 (VIOLATED)
_08785_/S1                              2.507400    6.135664   -3.628264 (VIOLATED)
_08787_/S1                              2.507400    6.135664   -3.628264 (VIOLATED)
_08604_/S1                              2.507400    6.135659   -3.628259 (VIOLATED)
_11158_/S1                              2.507400    6.135659   -3.628259 (VIOLATED)
_08243_/B                               2.507400    6.135653   -3.628253 (VIOLATED)
_08364_/S1                              2.507400    6.135648   -3.628247 (VIOLATED)
_11159_/S1                              2.507400    6.135649   -3.628248 (VIOLATED)
_08627_/S1                              2.507400    6.135626   -3.628226 (VIOLATED)
_10370_/S1                              2.507400    6.135616   -3.628216 (VIOLATED)
_08781_/S1                              2.507400    6.135609   -3.628209 (VIOLATED)
_09501_/S1                              2.507400    6.135605   -3.628205 (VIOLATED)
_08790_/S1                              2.507400    6.135582   -3.628182 (VIOLATED)
_10366_/B                               2.507400    6.135581   -3.628181 (VIOLATED)
_10367_/A2                              2.507400    6.135581   -3.628181 (VIOLATED)
_08352_/S1                              2.507400    6.135576   -3.628176 (VIOLATED)
_08898_/A2                              2.507400    6.135560   -3.628159 (VIOLATED)
_08355_/S1                              2.507400    6.135545   -3.628145 (VIOLATED)
_08357_/S                               2.507400    6.135544   -3.628144 (VIOLATED)
_08619_/A2                              2.507400    6.135545   -3.628145 (VIOLATED)
_08778_/S1                              2.507400    6.135545   -3.628145 (VIOLATED)
_08356_/S                               2.507400    6.135538   -3.628138 (VIOLATED)
_08490_/A2                              2.507400    6.135539   -3.628138 (VIOLATED)
_08506_/A2                              2.507400    6.135529   -3.628129 (VIOLATED)
_08508_/A2                              2.507400    6.135526   -3.628126 (VIOLATED)
_09485_/A2                              2.507400    6.135529   -3.628129 (VIOLATED)
_09486_/B                               2.507400    6.135529   -3.628129 (VIOLATED)
_09487_/A2                              2.507400    6.135530   -3.628129 (VIOLATED)
_09842_/S1                              2.507400    6.135524   -3.628124 (VIOLATED)
_08351_/S1                              2.507400    6.135519   -3.628119 (VIOLATED)
_09423_/S1                              2.507400    6.135509   -3.628109 (VIOLATED)
_09418_/B                               2.507400    6.135453   -3.628053 (VIOLATED)
_09419_/B                               2.507400    6.135448   -3.628047 (VIOLATED)
_09457_/A2                              2.507400    6.135447   -3.628047 (VIOLATED)
_09883_/S1                              2.507400    6.135450   -3.628050 (VIOLATED)
_08695_/B                               2.507400    6.135427   -3.628027 (VIOLATED)
_09456_/A2                              2.507400    6.135430   -3.628030 (VIOLATED)
_08159_/B1                              2.507400    6.135419   -3.628019 (VIOLATED)
_09882_/S1                              2.507400    6.135417   -3.628016 (VIOLATED)
_09320_/S                               2.507400    6.135404   -3.628004 (VIOLATED)
_09315_/B                               2.507400    6.135387   -3.627987 (VIOLATED)
_09314_/B                               2.507400    6.135383   -3.627982 (VIOLATED)
_09319_/S                               2.507400    6.135375   -3.627975 (VIOLATED)
_09496_/S                               2.507400    6.135358   -3.627958 (VIOLATED)
_09497_/S                               2.507400    6.135356   -3.627956 (VIOLATED)
_09901_/S                               2.507400    6.135282   -3.627882 (VIOLATED)
_09477_/S1                              2.507400    6.135199   -3.627799 (VIOLATED)
_10639_/S0                              2.507400    6.135179   -3.627779 (VIOLATED)
_09333_/B                               2.507400    6.135108   -3.627708 (VIOLATED)
_09441_/A2                              2.507400    6.135111   -3.627711 (VIOLATED)
_09819_/B                               2.507400    6.135098   -3.627698 (VIOLATED)
_10640_/A2                              2.507400    6.135101   -3.627701 (VIOLATED)
_09896_/S1                              2.507400    6.135098   -3.627697 (VIOLATED)
_08198_/A2                              2.507400    6.135075   -3.627675 (VIOLATED)
_08199_/A2                              2.507400    6.135075   -3.627675 (VIOLATED)
_08202_/A2                              2.507400    6.135075   -3.627675 (VIOLATED)
_08305_/B                               2.507400    6.135073   -3.627672 (VIOLATED)
_08306_/A2                              2.507400    6.135073   -3.627673 (VIOLATED)
_08831_/S1                              2.507400    6.135075   -3.627674 (VIOLATED)
_08832_/A2                              2.507400    6.135075   -3.627675 (VIOLATED)
_09449_/S1                              2.507400    6.135074   -3.627674 (VIOLATED)
_08214_/B1                              2.507400    6.135067   -3.627666 (VIOLATED)
_08316_/S1                              2.507400    6.135070   -3.627670 (VIOLATED)
_08544_/S1                              2.507400    6.135069   -3.627669 (VIOLATED)
_08547_/S1                              2.507400    6.135071   -3.627671 (VIOLATED)
_08752_/B                               2.507400    6.135067   -3.627667 (VIOLATED)
_08827_/A2                              2.507400    6.135068   -3.627668 (VIOLATED)
_08137_/Y                               2.507400    6.135059   -3.627659 (VIOLATED)
_08209_/B                               2.507400    6.135059   -3.627659 (VIOLATED)
_08312_/S1                              2.507400    6.135059   -3.627659 (VIOLATED)
_08313_/S1                              2.507400    6.135059   -3.627659 (VIOLATED)
_08555_/S1                              2.507400    6.135059   -3.627659 (VIOLATED)
_08838_/S1                              2.507400    6.135059   -3.627659 (VIOLATED)
_08839_/S1                              2.507400    6.135059   -3.627659 (VIOLATED)
_09443_/S1                              2.507400    6.135059   -3.627659 (VIOLATED)
_11124_/S1                              2.507400    6.135059   -3.627659 (VIOLATED)
_09950_/S                               2.507400    5.731878   -3.224478 (VIOLATED)
_10027_/S0                              2.507400    5.731880   -3.224479 (VIOLATED)
_10707_/S1                              2.507400    5.731871   -3.224471 (VIOLATED)
_10709_/A1                              2.507400    5.731868   -3.224468 (VIOLATED)
_09790_/B2                              2.507400    5.731847   -3.224447 (VIOLATED)
_11080_/A                               2.507400    5.731846   -3.224446 (VIOLATED)
_09277_/S0                              2.507400    5.731797   -3.224397 (VIOLATED)
_10586_/S0                              2.507400    5.731786   -3.224386 (VIOLATED)
_08290_/S                               2.507400    5.731740   -3.224340 (VIOLATED)
_08721_/A1                              2.507400    5.731741   -3.224341 (VIOLATED)
_09946_/S0                              2.507400    5.731740   -3.224340 (VIOLATED)
_08862_/S0                              2.507400    5.731722   -3.224322 (VIOLATED)
_08590_/S1                              2.507400    5.731629   -3.224229 (VIOLATED)
_09398_/S1                              2.507400    5.731584   -3.224183 (VIOLATED)
_08712_/S                               2.507400    5.731436   -3.224036 (VIOLATED)
_10756_/A                               2.507400    5.731422   -3.224022 (VIOLATED)
_10716_/S1                              2.507400    5.731418   -3.224018 (VIOLATED)
_10046_/S                               2.507400    5.731411   -3.224011 (VIOLATED)
_11105_/S0                              2.507400    5.731410   -3.224010 (VIOLATED)
_08583_/A                               2.507400    5.731400   -3.224000 (VIOLATED)
_09984_/A                               2.507400    5.731403   -3.224003 (VIOLATED)
_08859_/S0                              2.507400    5.731393   -3.223993 (VIOLATED)
_08868_/S0                              2.507400    5.731378   -3.223978 (VIOLATED)
_08533_/S1                              2.507400    5.731364   -3.223964 (VIOLATED)
_08866_/S0                              2.507400    5.731360   -3.223960 (VIOLATED)
_08578_/S1                              2.507400    5.731332   -3.223932 (VIOLATED)
_08464_/S1                              2.507400    5.731328   -3.223927 (VIOLATED)
_09728_/S0                              2.507400    5.731325   -3.223925 (VIOLATED)
_09403_/A                               2.507400    5.731297   -3.223897 (VIOLATED)
_09387_/S0                              2.507400    5.731293   -3.223892 (VIOLATED)
_09269_/A                               2.507400    5.731183   -3.223783 (VIOLATED)
_10793_/A                               2.507400    5.731047   -3.223646 (VIOLATED)
_10568_/S0                              2.507400    5.731041   -3.223641 (VIOLATED)
_11145_/S0                              2.507400    5.731038   -3.223638 (VIOLATED)
_11108_/S1                              2.507400    5.731016   -3.223616 (VIOLATED)
_10777_/B2                              2.507400    5.731007   -3.223607 (VIOLATED)
_08532_/S                               2.507400    5.730954   -3.223553 (VIOLATED)
_08736_/S0                              2.507400    5.730954   -3.223554 (VIOLATED)
_08399_/S                               2.507400    5.730950   -3.223550 (VIOLATED)
_09974_/S1                              2.507400    5.730944   -3.223544 (VIOLATED)
_08324_/S0                              2.507400    5.730920   -3.223520 (VIOLATED)
_08471_/S1                              2.507400    5.730905   -3.223505 (VIOLATED)
_08726_/S1                              2.507400    5.730901   -3.223501 (VIOLATED)
_08870_/S0                              2.507400    5.730904   -3.223504 (VIOLATED)
_09041_/S0                              2.507400    5.730890   -3.223490 (VIOLATED)
_08728_/S1                              2.507400    5.730878   -3.223478 (VIOLATED)
_08595_/S1                              2.507400    5.730872   -3.223471 (VIOLATED)
_09076_/S0                              2.507400    5.730786   -3.223386 (VIOLATED)
_09979_/A1                              2.507400    5.730744   -3.223344 (VIOLATED)
_08724_/S1                              2.507400    5.730714   -3.223314 (VIOLATED)
_08871_/S0                              2.507400    5.730713   -3.223313 (VIOLATED)
_09393_/A                               2.507400    5.730687   -3.223287 (VIOLATED)
_09394_/A1                              2.507400    5.730682   -3.223282 (VIOLATED)
_08404_/S0                              2.507400    5.730593   -3.223193 (VIOLATED)
_09719_/S0                              2.507400    5.730572   -3.223172 (VIOLATED)
_09720_/S0                              2.507400    5.730569   -3.223169 (VIOLATED)
_08402_/S0                              2.507400    5.730565   -3.223165 (VIOLATED)
_08538_/S1                              2.507400    5.730551   -3.223151 (VIOLATED)
_09258_/S                               2.507400    5.730469   -3.223069 (VIOLATED)
_09353_/A1                              2.507400    5.730306   -3.222906 (VIOLATED)
_09280_/S0                              2.507400    5.730302   -3.222902 (VIOLATED)
_08713_/S                               2.507400    5.730290   -3.222890 (VIOLATED)
_09053_/S0                              2.507400    5.730276   -3.222875 (VIOLATED)
_09282_/S0                              2.507400    5.730260   -3.222860 (VIOLATED)
_09390_/S0                              2.507400    5.730213   -3.222813 (VIOLATED)
_09253_/S                               2.507400    5.730187   -3.222787 (VIOLATED)
_08540_/S1                              2.507400    5.729976   -3.222576 (VIOLATED)
_09079_/S0                              2.507400    5.729638   -3.222238 (VIOLATED)
_09255_/S1                              2.507400    5.728878   -3.221478 (VIOLATED)
_08391_/S0                              2.507400    5.728823   -3.221423 (VIOLATED)
_09086_/S0                              2.507400    5.728825   -3.221425 (VIOLATED)
_08526_/S1                              2.507400    5.728822   -3.221421 (VIOLATED)
_08529_/S1                              2.507400    5.728821   -3.221421 (VIOLATED)
_08742_/S0                              2.507400    5.728822   -3.221422 (VIOLATED)
_08733_/S0                              2.507400    5.728815   -3.221414 (VIOLATED)
_09083_/S0                              2.507400    5.728805   -3.221405 (VIOLATED)
_09103_/B1                              2.507400    5.728764   -3.221363 (VIOLATED)
_10293_/S1                              2.507400    5.728723   -3.221322 (VIOLATED)
_08739_/S0                              2.507400    5.728703   -3.221303 (VIOLATED)
_09069_/S0                              2.507400    5.728691   -3.221291 (VIOLATED)
_09857_/B2                              2.507400    5.728548   -3.221148 (VIOLATED)
_10295_/S1                              2.507400    5.728156   -3.220756 (VIOLATED)
_10431_/A1                              2.507400    5.728157   -3.220757 (VIOLATED)
_10289_/S1                              2.507400    5.727497   -3.220096 (VIOLATED)
_10315_/A                               2.507400    5.727431   -3.220031 (VIOLATED)
_10341_/S0                              2.507400    5.727298   -3.219898 (VIOLATED)
_10370_/S0                              2.507400    5.727297   -3.219897 (VIOLATED)
_09922_/S1                              2.507400    5.727291   -3.219891 (VIOLATED)
_09350_/S1                              2.507400    5.727286   -3.219886 (VIOLATED)
_08612_/S0                              2.507400    5.727282   -3.219881 (VIOLATED)
_08791_/S0                              2.507400    5.727283   -3.219883 (VIOLATED)
_10287_/S1                              2.507400    5.727281   -3.219880 (VIOLATED)
_08696_/S0                              2.507400    5.727276   -3.219876 (VIOLATED)
_09872_/B2                              2.507400    5.727278   -3.219878 (VIOLATED)
_09930_/A1                              2.507400    5.727277   -3.219877 (VIOLATED)
_08488_/A                               2.507400    5.727270   -3.219870 (VIOLATED)
_08491_/B                               2.507400    5.727270   -3.219870 (VIOLATED)
_08498_/S                               2.507400    5.727270   -3.219869 (VIOLATED)
_08499_/S0                              2.507400    5.727270   -3.219870 (VIOLATED)
_08962_/S                               2.507400    5.727270   -3.219870 (VIOLATED)
_09337_/A1                              2.507400    5.727273   -3.219872 (VIOLATED)
_09932_/A1                              2.507400    5.727272   -3.219872 (VIOLATED)
_09464_/A                               2.507400    5.727266   -3.219866 (VIOLATED)
_08509_/S                               2.507400    5.727258   -3.219857 (VIOLATED)
_08778_/S0                              2.507400    5.727261   -3.219861 (VIOLATED)
_09154_/S                               2.507400    5.727258   -3.219857 (VIOLATED)
_09365_/S0                              2.507400    5.727258   -3.219857 (VIOLATED)
_08245_/A                               2.507400    5.727252   -3.219852 (VIOLATED)
_09423_/S0                              2.507400    5.727256   -3.219856 (VIOLATED)
_09463_/S1                              2.507400    5.727257   -3.219857 (VIOLATED)
_08259_/S                               2.507400    5.727252   -3.219851 (VIOLATED)
_08604_/S0                              2.507400    5.727254   -3.219854 (VIOLATED)
_08607_/S0                              2.507400    5.727257   -3.219857 (VIOLATED)
_08785_/S0                              2.507400    5.727257   -3.219857 (VIOLATED)
_08787_/S0                              2.507400    5.727256   -3.219856 (VIOLATED)
_08484_/S0                              2.507400    5.727247   -3.219847 (VIOLATED)
_08886_/S                               2.507400    5.727248   -3.219848 (VIOLATED)
_09459_/S0                              2.507400    5.727251   -3.219851 (VIOLATED)
_08246_/B2                              2.507400    5.727243   -3.219843 (VIOLATED)
_09461_/S                               2.507400    5.727245   -3.219845 (VIOLATED)
_10425_/A                               2.507400    5.727244   -3.219844 (VIOLATED)
_08627_/S0                              2.507400    5.727240   -3.219840 (VIOLATED)
_09360_/S1                              2.507400    5.727234   -3.219834 (VIOLATED)
_08781_/S0                              2.507400    5.727231   -3.219831 (VIOLATED)
_09153_/A1                              2.507400    5.727231   -3.219831 (VIOLATED)
_09372_/S0                              2.507400    5.727230   -3.219830 (VIOLATED)
_10273_/A                               2.507400    5.727231   -3.219830 (VIOLATED)
_10380_/S                               2.507400    5.727230   -3.219830 (VIOLATED)
_09931_/A                               2.507400    5.727224   -3.219824 (VIOLATED)
_08790_/S0                              2.507400    5.727210   -3.219809 (VIOLATED)
_08566_/A1                              2.507400    5.727188   -3.219788 (VIOLATED)
_08562_/S                               2.507400    5.727183   -3.219783 (VIOLATED)
_08568_/S0                              2.507400    5.727179   -3.219779 (VIOLATED)
_09296_/S1                              2.507400    5.727181   -3.219781 (VIOLATED)
_09176_/S                               2.507400    5.727161   -3.219761 (VIOLATED)
_08773_/A                               2.507400    5.727133   -3.219733 (VIOLATED)
_09305_/A1                              2.507400    5.727132   -3.219732 (VIOLATED)
_09923_/S1                              2.507400    5.727134   -3.219733 (VIOLATED)
_08203_/S0                              2.507400    5.727128   -3.219728 (VIOLATED)
_08544_/S0                              2.507400    5.727124   -3.219724 (VIOLATED)
_08547_/S0                              2.507400    5.727126   -3.219725 (VIOLATED)
_08567_/S1                              2.507400    5.727122   -3.219722 (VIOLATED)
_09106_/A1                              2.507400    5.727126   -3.219725 (VIOLATED)
_09109_/S                               2.507400    5.727125   -3.219725 (VIOLATED)
_09301_/S0                              2.507400    5.727128   -3.219728 (VIOLATED)
_09449_/S0                              2.507400    5.727127   -3.219727 (VIOLATED)
_08211_/A                               2.507400    5.727118   -3.219718 (VIOLATED)
_08212_/A1                              2.507400    5.727118   -3.219718 (VIOLATED)
_08130_/Y                               2.507400    5.727108   -3.219708 (VIOLATED)
_08191_/S                               2.507400    5.727108   -3.219708 (VIOLATED)
_08555_/S0                              2.507400    5.727108   -3.219708 (VIOLATED)
_08917_/S                               2.507400    5.727108   -3.219708 (VIOLATED)
_09179_/S                               2.507400    5.727108   -3.219708 (VIOLATED)
_09443_/S0                              2.507400    5.727108   -3.219708 (VIOLATED)
_08377_/A                               2.507400    5.415115   -2.907715 (VIOLATED)
_08379_/A1                              2.507400    5.415114   -2.907714 (VIOLATED)
_08450_/A_N                             2.507400    5.415111   -2.907711 (VIOLATED)
_08451_/A2                              2.507400    5.415111   -2.907711 (VIOLATED)
_09004_/S                               2.507400    5.415113   -2.907713 (VIOLATED)
_08336_/A                               2.507400    5.415103   -2.907703 (VIOLATED)
_08337_/A1                              2.507400    5.415102   -2.907702 (VIOLATED)
_08805_/A1                              2.507400    5.415101   -2.907701 (VIOLATED)
_08944_/B                               2.507400    5.415086   -2.907686 (VIOLATED)
_08945_/A_N                             2.507400    5.415087   -2.907687 (VIOLATED)
_10794_/A2                              2.507400    5.415074   -2.907674 (VIOLATED)
_10376_/A                               2.507400    5.415061   -2.907661 (VIOLATED)
_10391_/A                               2.507400    5.415055   -2.907655 (VIOLATED)
_10732_/A                               2.507400    5.415056   -2.907656 (VIOLATED)
_08332_/S                               2.507400    5.415051   -2.907650 (VIOLATED)
_08811_/A_N                             2.507400    5.415051   -2.907651 (VIOLATED)
_08812_/A1                              2.507400    5.415051   -2.907651 (VIOLATED)
_08815_/A                               2.507400    5.415050   -2.907650 (VIOLATED)
_08817_/A1                              2.507400    5.415049   -2.907649 (VIOLATED)
_09968_/A1                              2.507400    5.415051   -2.907651 (VIOLATED)
_09969_/A1                              2.507400    5.415051   -2.907650 (VIOLATED)
_10754_/S                               2.507400    5.415051   -2.907651 (VIOLATED)
_10795_/B1                              2.507400    5.415051   -2.907651 (VIOLATED)
_11092_/A                               2.507400    5.415050   -2.907649 (VIOLATED)
_08325_/S                               2.507400    5.415045   -2.907645 (VIOLATED)
_08686_/A                               2.507400    5.415043   -2.907643 (VIOLATED)
_10680_/A                               2.507400    5.415045   -2.907645 (VIOLATED)
_08949_/A1                              2.507400    5.415034   -2.907634 (VIOLATED)
_08950_/A2                              2.507400    5.415036   -2.907635 (VIOLATED)
_10605_/A                               2.507400    5.415032   -2.907632 (VIOLATED)
_08691_/A1                              2.507400    5.415030   -2.907629 (VIOLATED)
_08769_/A1                              2.507400    5.415030   -2.907630 (VIOLATED)
_10698_/A2                              2.507400    5.415031   -2.907631 (VIOLATED)
_10757_/A                               2.507400    5.415033   -2.907633 (VIOLATED)
_08762_/A                               2.507400    5.415024   -2.907624 (VIOLATED)
_09100_/S                               2.507400    5.415026   -2.907626 (VIOLATED)
_10433_/B2                              2.507400    5.415021   -2.907621 (VIOLATED)
_08156_/A2                              2.507400    5.415017   -2.907617 (VIOLATED)
_10021_/A1                              2.507400    5.415016   -2.907616 (VIOLATED)
_10022_/A1                              2.507400    5.415018   -2.907617 (VIOLATED)
_08155_/A1                              2.507400    5.415009   -2.907609 (VIOLATED)
_08373_/S                               2.507400    5.415006   -2.907605 (VIOLATED)
_10699_/A1                              2.507400    5.415006   -2.907606 (VIOLATED)
_08757_/A1                              2.507400    5.414998   -2.907597 (VIOLATED)
_09523_/S                               2.507400    5.414999   -2.907598 (VIOLATED)
_10318_/S                               2.507400    5.414996   -2.907596 (VIOLATED)
_10740_/S                               2.507400    5.414999   -2.907598 (VIOLATED)
_08421_/S                               2.507400    5.414991   -2.907591 (VIOLATED)
_08676_/B                               2.507400    5.414990   -2.907590 (VIOLATED)
_10270_/A_N                             2.507400    5.414992   -2.907592 (VIOLATED)
_08411_/A                               2.507400    5.414987   -2.907587 (VIOLATED)
_08414_/A1                              2.507400    5.414987   -2.907587 (VIOLATED)
_08751_/A1                              2.507400    5.414987   -2.907587 (VIOLATED)
_08754_/A_N                             2.507400    5.414987   -2.907587 (VIOLATED)
_08760_/S                               2.507400    5.414990   -2.907590 (VIOLATED)
_10736_/S                               2.507400    5.414987   -2.907587 (VIOLATED)
_08387_/S                               2.507400    5.414983   -2.907583 (VIOLATED)
_09142_/S                               2.507400    5.414986   -2.907586 (VIOLATED)
_10381_/A1                              2.507400    5.414976   -2.907576 (VIOLATED)
_10382_/A1                              2.507400    5.414974   -2.907574 (VIOLATED)
_08963_/S                               2.507400    5.414967   -2.907567 (VIOLATED)
_08424_/A_N                             2.507400    5.414961   -2.907561 (VIOLATED)
_08426_/A1                              2.507400    5.414961   -2.907561 (VIOLATED)
_10601_/A2                              2.507400    5.414961   -2.907561 (VIOLATED)
_10602_/A1                              2.507400    5.414961   -2.907561 (VIOLATED)
_10765_/B                               2.507400    5.414961   -2.907561 (VIOLATED)
_08687_/A_N                             2.507400    5.414956   -2.907556 (VIOLATED)
_08688_/A1                              2.507400    5.414956   -2.907556 (VIOLATED)
_08449_/A                               2.507400    5.414929   -2.907529 (VIOLATED)
_10768_/A                               2.507400    5.414929   -2.907529 (VIOLATED)
_08260_/A1                              2.507400    5.414926   -2.907525 (VIOLATED)
_08903_/A                               2.507400    5.414927   -2.907526 (VIOLATED)
_08996_/B                               2.507400    5.414928   -2.907529 (VIOLATED)
_09021_/A1                              2.507400    5.414929   -2.907529 (VIOLATED)
_10268_/S                               2.507400    5.414926   -2.907526 (VIOLATED)
_10419_/A1                              2.507400    5.414926   -2.907526 (VIOLATED)
_08901_/A                               2.507400    5.414923   -2.907523 (VIOLATED)
_09023_/A1                              2.507400    5.414914   -2.907514 (VIOLATED)
_08230_/B_N                             2.507400    5.414908   -2.907508 (VIOLATED)
_08236_/A1                              2.507400    5.414907   -2.907507 (VIOLATED)
_08248_/A1                              2.507400    5.414909   -2.907509 (VIOLATED)
_08256_/A_N                             2.507400    5.414907   -2.907507 (VIOLATED)
_08888_/A                               2.507400    5.414909   -2.907509 (VIOLATED)
_08895_/A1                              2.507400    5.414906   -2.907506 (VIOLATED)
_08955_/S                               2.507400    5.414906   -2.907506 (VIOLATED)
_08153_/Y                               2.507400    5.414899   -2.907499 (VIOLATED)
_12477_/S                               2.507400    5.187159   -2.679759 (VIOLATED)
_12472_/S                               2.507400    5.187147   -2.679747 (VIOLATED)
_12492_/S                               2.507400    5.187136   -2.679736 (VIOLATED)
_12491_/S                               2.507400    5.187114   -2.679713 (VIOLATED)
_12480_/S                               2.507400    5.187099   -2.679699 (VIOLATED)
_12483_/S                               2.507400    5.187088   -2.679688 (VIOLATED)
_12499_/S                               2.507400    5.187075   -2.679675 (VIOLATED)
_12506_/S                               2.507400    5.187067   -2.679666 (VIOLATED)
_12487_/B                               2.507400    5.187063   -2.679663 (VIOLATED)
_12486_/S                               2.507400    5.187047   -2.679647 (VIOLATED)
_12469_/B                               2.507400    5.187025   -2.679625 (VIOLATED)
_12485_/S                               2.507400    5.186964   -2.679564 (VIOLATED)
_12511_/S                               2.507400    5.186962   -2.679562 (VIOLATED)
_12467_/B                               2.507400    5.186812   -2.679412 (VIOLATED)
_12457_/B                               2.507400    5.186654   -2.679254 (VIOLATED)
_12471_/S                               2.507400    5.186595   -2.679195 (VIOLATED)
_12514_/S                               2.507400    5.186570   -2.679169 (VIOLATED)
_12456_/S                               2.507400    5.186542   -2.679142 (VIOLATED)
_12454_/B                               2.507400    5.186521   -2.679121 (VIOLATED)
_12459_/B                               2.507400    5.186506   -2.679106 (VIOLATED)
_12465_/B                               2.507400    5.186448   -2.679048 (VIOLATED)
_12463_/B                               2.507400    5.186396   -2.678995 (VIOLATED)
_12476_/A2                              2.507400    5.186388   -2.678988 (VIOLATED)
_12474_/A2                              2.507400    5.186380   -2.678980 (VIOLATED)
_12473_/B                               2.507400    5.186376   -2.678975 (VIOLATED)
_12484_/S                               2.507400    5.186375   -2.678975 (VIOLATED)
_12497_/B                               2.507400    5.186378   -2.678977 (VIOLATED)
_12503_/B                               2.507400    5.186378   -2.678977 (VIOLATED)
_12475_/B                               2.507400    5.186368   -2.678968 (VIOLATED)
_12461_/B                               2.507400    5.186363   -2.678962 (VIOLATED)
_12495_/B                               2.507400    5.186361   -2.678961 (VIOLATED)
_12489_/B                               2.507400    5.186351   -2.678951 (VIOLATED)
_12470_/A2                              2.507400    5.186317   -2.678917 (VIOLATED)
_12538_/S                               2.507400    5.186305   -2.678905 (VIOLATED)
_12509_/B                               2.507400    5.186302   -2.678902 (VIOLATED)
_12507_/B                               2.507400    5.186283   -2.678883 (VIOLATED)
_12513_/A2                              2.507400    5.186223   -2.678823 (VIOLATED)
_12512_/B                               2.507400    5.186210   -2.678810 (VIOLATED)
_12458_/A2                              2.507400    5.186158   -2.678758 (VIOLATED)
_12518_/B                               2.507400    5.186134   -2.678734 (VIOLATED)
_12515_/S                               2.507400    5.186096   -2.678696 (VIOLATED)
_12460_/A2                              2.507400    5.186059   -2.678659 (VIOLATED)
_12455_/A2                              2.507400    5.186000   -2.678600 (VIOLATED)
_12464_/A2                              2.507400    5.185770   -2.678370 (VIOLATED)
_12462_/A2                              2.507400    5.185563   -2.678163 (VIOLATED)
_12452_/S                               2.507400    5.185548   -2.678148 (VIOLATED)
_12447_/S                               2.507400    5.185541   -2.678140 (VIOLATED)
_12448_/B                               2.507400    5.185528   -2.678128 (VIOLATED)
_12453_/S                               2.507400    5.185528   -2.678128 (VIOLATED)
_12450_/B                               2.507400    5.185524   -2.678124 (VIOLATED)
_12430_/S                               2.507400    5.185475   -2.678075 (VIOLATED)
_12521_/B                               2.507400    5.185382   -2.677982 (VIOLATED)
_12466_/A2                              2.507400    5.185375   -2.677975 (VIOLATED)
_12523_/B                               2.507400    5.185358   -2.677958 (VIOLATED)
_12436_/B                               2.507400    5.185265   -2.677865 (VIOLATED)
_12443_/B                               2.507400    5.185144   -2.677744 (VIOLATED)
_12451_/A2                              2.507400    5.185060   -2.677660 (VIOLATED)
_12516_/B                               2.507400    5.185002   -2.677602 (VIOLATED)
_12426_/S                               2.507400    5.184968   -2.677567 (VIOLATED)
_12527_/B                               2.507400    5.184880   -2.677480 (VIOLATED)
_12525_/B                               2.507400    5.184869   -2.677469 (VIOLATED)
_12435_/S                               2.507400    5.184857   -2.677457 (VIOLATED)
_12442_/S                               2.507400    5.184642   -2.677242 (VIOLATED)
_12539_/S                               2.507400    5.184632   -2.677232 (VIOLATED)
_12440_/S                               2.507400    5.184601   -2.677201 (VIOLATED)
_12445_/S                               2.507400    5.184599   -2.677199 (VIOLATED)
_12536_/B                               2.507400    5.184589   -2.677189 (VIOLATED)
_12438_/B                               2.507400    5.184577   -2.677176 (VIOLATED)
_12449_/A2                              2.507400    5.184578   -2.677178 (VIOLATED)
_12532_/B                               2.507400    5.184566   -2.677166 (VIOLATED)
_12534_/B                               2.507400    5.184489   -2.677088 (VIOLATED)
_12431_/B                               2.507400    5.184412   -2.677012 (VIOLATED)
_12540_/S                               2.507400    5.184392   -2.676992 (VIOLATED)
_12441_/S                               2.507400    5.184328   -2.676928 (VIOLATED)
_12446_/S                               2.507400    5.184215   -2.676815 (VIOLATED)
_12427_/S                               2.507400    5.184209   -2.676809 (VIOLATED)
_12428_/B                               2.507400    5.184144   -2.676744 (VIOLATED)
_12433_/B                               2.507400    5.183856   -2.676455 (VIOLATED)
_12434_/A2                              2.507400    5.182529   -2.675129 (VIOLATED)
_12432_/A2                              2.507400    5.182027   -2.674627 (VIOLATED)
_12439_/A2                              2.507400    5.181380   -2.673980 (VIOLATED)
_12437_/A2                              2.507400    5.181354   -2.673954 (VIOLATED)
_12429_/A2                              2.507400    5.180884   -2.673484 (VIOLATED)
_12481_/B                               2.507400    5.179216   -2.671816 (VIOLATED)
_12493_/B                               2.507400    5.179208   -2.671808 (VIOLATED)
_12500_/S                               2.507400    5.179210   -2.671809 (VIOLATED)
_12501_/B                               2.507400    5.179193   -2.671793 (VIOLATED)
_12505_/S                               2.507400    5.179188   -2.671788 (VIOLATED)
_12478_/B                               2.507400    5.179173   -2.671773 (VIOLATED)
_12479_/A2                              2.507400    5.179165   -2.671765 (VIOLATED)
_12482_/A2                              2.507400    5.179044   -2.671643 (VIOLATED)
_12488_/A2                              2.507400    5.178963   -2.671563 (VIOLATED)
_12502_/A2                              2.507400    5.178882   -2.671481 (VIOLATED)
_12494_/A2                              2.507400    5.178876   -2.671476 (VIOLATED)
_12498_/A2                              2.507400    5.178867   -2.671467 (VIOLATED)
_12504_/A2                              2.507400    5.178865   -2.671465 (VIOLATED)
_12496_/A2                              2.507400    5.178818   -2.671418 (VIOLATED)
_12533_/A2                              2.507400    5.178781   -2.671381 (VIOLATED)
_12468_/A2                              2.507400    5.178774   -2.671374 (VIOLATED)
_12490_/A2                              2.507400    5.178777   -2.671376 (VIOLATED)
_12444_/A2                              2.507400    5.178541   -2.671141 (VIOLATED)
_12526_/A2                              2.507400    5.178540   -2.671140 (VIOLATED)
_12528_/A2                              2.507400    5.178535   -2.671135 (VIOLATED)
_12510_/A2                              2.507400    5.178525   -2.671125 (VIOLATED)
_12537_/A2                              2.507400    5.178291   -2.670891 (VIOLATED)
_12508_/A2                              2.507400    5.178265   -2.670865 (VIOLATED)
_12520_/S                               2.507400    5.178217   -2.670817 (VIOLATED)
_12519_/A2                              2.507400    5.178207   -2.670807 (VIOLATED)
_12517_/A2                              2.507400    5.178154   -2.670754 (VIOLATED)
_12522_/A2                              2.507400    5.178105   -2.670705 (VIOLATED)
_12524_/A2                              2.507400    5.178051   -2.670650 (VIOLATED)
_12535_/A2                              2.507400    5.177784   -2.670384 (VIOLATED)
_12531_/S                               2.507400    5.177198   -2.669798 (VIOLATED)
_12529_/B                               2.507400    5.176657   -2.669257 (VIOLATED)
_12530_/A2                              2.507400    5.176598   -2.669198 (VIOLATED)
_12425_/Y                               2.507400    5.175256   -2.667856 (VIOLATED)
_15124_/CLK                             2.507400    4.778281   -2.270880 (VIOLATED)
_15190_/CLK                             2.507400    4.778278   -2.270878 (VIOLATED)
_14756_/CLK                             2.507400    4.778255   -2.270855 (VIOLATED)
_15193_/CLK                             2.507400    4.778184   -2.270784 (VIOLATED)
_14690_/CLK                             2.507400    4.778117   -2.270717 (VIOLATED)
_14759_/CLK                             2.507400    4.778074   -2.270674 (VIOLATED)
_14698_/CLK                             2.507400    4.778007   -2.270607 (VIOLATED)
_14746_/CLK                             2.507400    4.777994   -2.270594 (VIOLATED)
_15178_/CLK                             2.507400    4.777905   -2.270505 (VIOLATED)
_15072_/CLK                             2.507400    4.777882   -2.270482 (VIOLATED)
_14638_/CLK                             2.507400    4.777667   -2.270267 (VIOLATED)
_14744_/CLK                             2.507400    4.777643   -2.270243 (VIOLATED)
_15184_/CLK                             2.507400    4.777594   -2.270194 (VIOLATED)
_14750_/CLK                             2.507400    4.777568   -2.270168 (VIOLATED)
_15003_/CLK                             2.507400    4.777518   -2.270118 (VIOLATED)
_14569_/CLK                             2.507400    4.777470   -2.270070 (VIOLATED)
_15186_/CLK                             2.507400    4.777463   -2.270063 (VIOLATED)
_15188_/CLK                             2.507400    4.777433   -2.270033 (VIOLATED)
_14752_/CLK                             2.507400    4.777412   -2.270012 (VIOLATED)
_15013_/CLK                             2.507400    4.777394   -2.269994 (VIOLATED)
_14754_/CLK                             2.507400    4.777376   -2.269976 (VIOLATED)
_15134_/CLK                             2.507400    4.777350   -2.269950 (VIOLATED)
_15074_/CLK                             2.507400    4.777304   -2.269904 (VIOLATED)
_15070_/CLK                             2.507400    4.777242   -2.269842 (VIOLATED)
_14636_/CLK                             2.507400    4.777174   -2.269773 (VIOLATED)
_15130_/CLK                             2.507400    4.777139   -2.269739 (VIOLATED)
_15172_/CLK                             2.507400    4.776964   -2.269564 (VIOLATED)
_15012_/CLK                             2.507400    4.776942   -2.269542 (VIOLATED)
_14579_/CLK                             2.507400    4.776911   -2.269511 (VIOLATED)
_14578_/CLK                             2.507400    4.776902   -2.269502 (VIOLATED)
_15008_/CLK                             2.507400    4.776820   -2.269420 (VIOLATED)
_14580_/CLK                             2.507400    4.776751   -2.269351 (VIOLATED)
_14574_/CLK                             2.507400    4.776675   -2.269275 (VIOLATED)
_14700_/CLK                             2.507400    4.776630   -2.269230 (VIOLATED)
_14640_/CLK                             2.507400    4.776523   -2.269123 (VIOLATED)
_14943_/CLK                             2.507400    4.776504   -2.269103 (VIOLATED)
_14515_/CLK                             2.507400    4.776314   -2.268914 (VIOLATED)
_15109_/CLK                             2.507400    4.776268   -2.268867 (VIOLATED)
_14947_/CLK                             2.507400    4.776224   -2.268823 (VIOLATED)
_14509_/CLK                             2.507400    4.776135   -2.268735 (VIOLATED)
_14673_/CLK                             2.507400    4.775810   -2.268409 (VIOLATED)
_14935_/CLK                             2.507400    4.775755   -2.268355 (VIOLATED)
_15194_/CLK                             2.507400    4.775677   -2.268277 (VIOLATED)
_15192_/CLK                             2.507400    4.775671   -2.268271 (VIOLATED)
_14949_/CLK                             2.507400    4.775651   -2.268250 (VIOLATED)
_14758_/CLK                             2.507400    4.775636   -2.268236 (VIOLATED)
_14517_/CLK                             2.507400    4.775633   -2.268233 (VIOLATED)
_15169_/CLK                             2.507400    4.775627   -2.268227 (VIOLATED)
_14735_/CLK                             2.507400    4.775617   -2.268217 (VIOLATED)
_14507_/CLK                             2.507400    4.775592   -2.268192 (VIOLATED)
_15011_/CLK                             2.507400    4.775583   -2.268183 (VIOLATED)
_14568_/CLK                             2.507400    4.775576   -2.268176 (VIOLATED)
_14694_/CLK                             2.507400    4.775544   -2.268143 (VIOLATED)
_15126_/CLK                             2.507400    4.775527   -2.268127 (VIOLATED)
_14696_/CLK                             2.507400    4.775524   -2.268124 (VIOLATED)
_15182_/CLK                             2.507400    4.775523   -2.268123 (VIOLATED)
_15107_/CLK                             2.507400    4.775506   -2.268105 (VIOLATED)
_14692_/CLK                             2.507400    4.775497   -2.268097 (VIOLATED)
_15120_/CLK                             2.507400    4.775460   -2.268059 (VIOLATED)
_14553_/CLK                             2.507400    4.775436   -2.268037 (VIOLATED)
_14931_/CLK                             2.507400    4.775427   -2.268027 (VIOLATED)
_14953_/CLK                             2.507400    4.775414   -2.268013 (VIOLATED)
_15002_/CLK                             2.507400    4.775409   -2.268008 (VIOLATED)
_15170_/CLK                             2.507400    4.775391   -2.267990 (VIOLATED)
_14748_/CLK                             2.507400    4.775387   -2.267987 (VIOLATED)
_14519_/CLK                             2.507400    4.775365   -2.267965 (VIOLATED)
_14736_/CLK                             2.507400    4.775329   -2.267929 (VIOLATED)
_15110_/CLK                             2.507400    4.775248   -2.267847 (VIOLATED)
_14929_/CLK                             2.507400    4.775203   -2.267803 (VIOLATED)
_14760_/CLK                             2.507400    4.775165   -2.267765 (VIOLATED)
_15180_/CLK                             2.507400    4.775145   -2.267744 (VIOLATED)
_15132_/CLK                             2.507400    4.775107   -2.267707 (VIOLATED)
_14676_/CLK                             2.507400    4.775030   -2.267630 (VIOLATED)
_14577_/CLK                             2.507400    4.775014   -2.267614 (VIOLATED)
_14933_/CLK                             2.507400    4.774967   -2.267567 (VIOLATED)
_15176_/CLK                             2.507400    4.774892   -2.267492 (VIOLATED)
_14675_/CLK                             2.507400    4.774704   -2.267304 (VIOLATED)
_14994_/CLK                             2.507400    4.774696   -2.267296 (VIOLATED)
_14570_/CLK                             2.507400    4.774652   -2.267252 (VIOLATED)
_14560_/CLK                             2.507400    4.774630   -2.267230 (VIOLATED)
_14937_/CLK                             2.507400    4.774632   -2.267231 (VIOLATED)
_14511_/CLK                             2.507400    4.774618   -2.267218 (VIOLATED)
_14945_/CLK                             2.507400    4.774599   -2.267199 (VIOLATED)
_14513_/CLK                             2.507400    4.774596   -2.267196 (VIOLATED)
_14686_/CLK                             2.507400    4.774539   -2.267139 (VIOLATED)
_14503_/CLK                             2.507400    4.774500   -2.267100 (VIOLATED)
_15174_/CLK                             2.507400    4.774494   -2.267094 (VIOLATED)
_14939_/CLK                             2.507400    4.774462   -2.267062 (VIOLATED)
_14738_/CLK                             2.507400    4.774401   -2.267001 (VIOLATED)
_14505_/CLK                             2.507400    4.774381   -2.266980 (VIOLATED)
_14996_/CLK                             2.507400    4.774374   -2.266974 (VIOLATED)
_14562_/CLK                             2.507400    4.774337   -2.266937 (VIOLATED)
_15000_/CLK                             2.507400    4.774293   -2.266893 (VIOLATED)
_14674_/CLK                             2.507400    4.774234   -2.266834 (VIOLATED)
_15112_/CLK                             2.507400    4.774211   -2.266811 (VIOLATED)
_14501_/CLK                             2.507400    4.774149   -2.266749 (VIOLATED)
_14925_/CLK                             2.507400    4.774086   -2.266686 (VIOLATED)
_14678_/CLK                             2.507400    4.773949   -2.266548 (VIOLATED)
_14497_/CLK                             2.507400    4.773909   -2.266508 (VIOLATED)
_14688_/CLK                             2.507400    4.773894   -2.266494 (VIOLATED)
_14499_/CLK                             2.507400    4.773657   -2.266257 (VIOLATED)
_14566_/CLK                             2.507400    4.773614   -2.266214 (VIOLATED)
_15004_/CLK                             2.507400    4.773591   -2.266191 (VIOLATED)
_14495_/CLK                             2.507400    4.773578   -2.266177 (VIOLATED)
_14491_/CLK                             2.507400    4.773448   -2.266048 (VIOLATED)
_15052_/CLK                             2.507400    4.773121   -2.265721 (VIOLATED)
_14991_/CLK                             2.507400    4.773057   -2.265657 (VIOLATED)
_14742_/CLK                             2.507400    4.773044   -2.265644 (VIOLATED)
_14740_/CLK                             2.507400    4.772998   -2.265598 (VIOLATED)
_14557_/CLK                             2.507400    4.772969   -2.265569 (VIOLATED)
_14682_/CLK                             2.507400    4.772934   -2.265534 (VIOLATED)
_15116_/CLK                             2.507400    4.772925   -2.265525 (VIOLATED)
_14684_/CLK                             2.507400    4.772899   -2.265499 (VIOLATED)
_15058_/CLK                             2.507400    4.772842   -2.265442 (VIOLATED)
_15118_/CLK                             2.507400    4.772798   -2.265397 (VIOLATED)
_14493_/CLK                             2.507400    4.772766   -2.265366 (VIOLATED)
_14512_/CLK                             2.507400    4.772743   -2.265343 (VIOLATED)
_14927_/CLK                             2.507400    4.772717   -2.265316 (VIOLATED)
_14946_/CLK                             2.507400    4.772670   -2.265270 (VIOLATED)
_15007_/CLK                             2.507400    4.772426   -2.265026 (VIOLATED)
_15066_/CLK                             2.507400    4.772303   -2.264903 (VIOLATED)
_14632_/CLK                             2.507400    4.772277   -2.264877 (VIOLATED)
_15068_/CLK                             2.507400    4.772217   -2.264817 (VIOLATED)
_14634_/CLK                             2.507400    4.772197   -2.264797 (VIOLATED)
_15064_/CLK                             2.507400    4.772182   -2.264782 (VIOLATED)
_15189_/CLK                             2.507400    4.772110   -2.264710 (VIOLATED)
_15006_/CLK                             2.507400    4.772060   -2.264660 (VIOLATED)
_14572_/CLK                             2.507400    4.772043   -2.264643 (VIOLATED)
_15014_/CLK                             2.507400    4.772041   -2.264641 (VIOLATED)
_14992_/CLK                             2.507400    4.772017   -2.264616 (VIOLATED)
_14558_/CLK                             2.507400    4.772002   -2.264601 (VIOLATED)
_15128_/CLK                             2.507400    4.771983   -2.264583 (VIOLATED)
_14755_/CLK                             2.507400    4.771964   -2.264564 (VIOLATED)
_14951_/CLK                             2.507400    4.771930   -2.264530 (VIOLATED)
_15001_/CLK                             2.507400    4.771902   -2.264502 (VIOLATED)
_14618_/CLK                             2.507400    4.771873   -2.264474 (VIOLATED)
_14941_/CLK                             2.507400    4.771836   -2.264436 (VIOLATED)
_14567_/CLK                             2.507400    4.771779   -2.264379 (VIOLATED)
_15005_/CLK                             2.507400    4.771771   -2.264371 (VIOLATED)
_14934_/CLK                             2.507400    4.771759   -2.264359 (VIOLATED)
_14987_/CLK                             2.507400    4.771739   -2.264339 (VIOLATED)
_14622_/CLK                             2.507400    4.771627   -2.264227 (VIOLATED)
_15056_/CLK                             2.507400    4.771610   -2.264210 (VIOLATED)
_14573_/CLK                             2.507400    4.771548   -2.264148 (VIOLATED)
_14989_/CLK                             2.507400    4.771550   -2.264150 (VIOLATED)
_15175_/CLK                             2.507400    4.771492   -2.264091 (VIOLATED)
_14990_/CLK                             2.507400    4.771464   -2.264064 (VIOLATED)
_14571_/CLK                             2.507400    4.771460   -2.264060 (VIOLATED)
_15171_/CLK                             2.507400    4.771452   -2.264052 (VIOLATED)
_15122_/CLK                             2.507400    4.771260   -2.263860 (VIOLATED)
_14555_/CLK                             2.507400    4.771255   -2.263855 (VIOLATED)
_14995_/CLK                             2.507400    4.771239   -2.263839 (VIOLATED)
_14561_/CLK                             2.507400    4.771217   -2.263817 (VIOLATED)
_14500_/CLK                             2.507400    4.771170   -2.263770 (VIOLATED)
_14556_/CLK                             2.507400    4.771080   -2.263680 (VIOLATED)
_15009_/CLK                             2.507400    4.771056   -2.263656 (VIOLATED)
_14496_/CLK                             2.507400    4.770811   -2.263411 (VIOLATED)
_14940_/CLK                             2.507400    4.770775   -2.263375 (VIOLATED)
_14575_/CLK                             2.507400    4.770693   -2.263293 (VIOLATED)
_15065_/CLK                             2.507400    4.770470   -2.263070 (VIOLATED)
_14936_/CLK                             2.507400    4.770449   -2.263049 (VIOLATED)
_14502_/CLK                             2.507400    4.770422   -2.263022 (VIOLATED)
_15108_/CLK                             2.507400    4.770366   -2.262965 (VIOLATED)
_14999_/CLK                             2.507400    4.770350   -2.262950 (VIOLATED)
_14565_/CLK                             2.507400    4.770327   -2.262926 (VIOLATED)
_14737_/CLK                             2.507400    4.770313   -2.262913 (VIOLATED)
_14741_/CLK                             2.507400    4.770308   -2.262908 (VIOLATED)
_15185_/CLK                             2.507400    4.770290   -2.262890 (VIOLATED)
_15062_/CLK                             2.507400    4.770276   -2.262876 (VIOLATED)
_14751_/CLK                             2.507400    4.770218   -2.262818 (VIOLATED)
_15183_/CLK                             2.507400    4.770087   -2.262687 (VIOLATED)
_15060_/CLK                             2.507400    4.769962   -2.262562 (VIOLATED)
_14514_/CLK                             2.507400    4.769947   -2.262547 (VIOLATED)
_14508_/CLK                             2.507400    4.769728   -2.262328 (VIOLATED)
_14631_/CLK                             2.507400    4.769719   -2.262319 (VIOLATED)
_14516_/CLK                             2.507400    4.769707   -2.262307 (VIOLATED)
_14948_/CLK                             2.507400    4.769662   -2.262262 (VIOLATED)
_14518_/CLK                             2.507400    4.769618   -2.262218 (VIOLATED)
_15187_/CLK                             2.507400    4.769549   -2.262149 (VIOLATED)
_14944_/CLK                             2.507400    4.769537   -2.262137 (VIOLATED)
_14498_/CLK                             2.507400    4.769172   -2.261772 (VIOLATED)
_14928_/CLK                             2.507400    4.769172   -2.261772 (VIOLATED)
_14510_/CLK                             2.507400    4.768997   -2.261597 (VIOLATED)
_14998_/CLK                             2.507400    4.768983   -2.261583 (VIOLATED)
_14506_/CLK                             2.507400    4.768872   -2.261472 (VIOLATED)
_14930_/CLK                             2.507400    4.768846   -2.261446 (VIOLATED)
_14932_/CLK                             2.507400    4.768798   -2.261398 (VIOLATED)
_14494_/CLK                             2.507400    4.768198   -2.260798 (VIOLATED)
_14630_/CLK                             2.507400    4.767862   -2.260462 (VIOLATED)
_14628_/CLK                             2.507400    4.767829   -2.260429 (VIOLATED)
_14626_/CLK                             2.507400    4.767815   -2.260415 (VIOLATED)
_14997_/CLK                             2.507400    4.767531   -2.260131 (VIOLATED)
_14753_/CLK                             2.507400    4.767315   -2.259915 (VIOLATED)
_14564_/CLK                             2.507400    4.766407   -2.259007 (VIOLATED)
_14938_/CLK                             2.507400    4.766335   -2.258935 (VIOLATED)
_15121_/CLK                             2.507400    4.765435   -2.258035 (VIOLATED)
_14504_/CLK                             2.507400    4.764929   -2.257529 (VIOLATED)
_14926_/CLK                             2.507400    4.764222   -2.256822 (VIOLATED)
_14687_/CLK                             2.507400    4.763884   -2.256484 (VIOLATED)
_14635_/CLK                             2.507400    4.763683   -2.256283 (VIOLATED)
_15191_/CLK                             2.507400    4.763672   -2.256272 (VIOLATED)
_15071_/CLK                             2.507400    4.763642   -2.256242 (VIOLATED)
_15069_/CLK                             2.507400    4.763634   -2.256233 (VIOLATED)
_15179_/CLK                             2.507400    4.763629   -2.256229 (VIOLATED)
_15173_/CLK                             2.507400    4.763622   -2.256222 (VIOLATED)
_14637_/CLK                             2.507400    4.763577   -2.256177 (VIOLATED)
_14745_/CLK                             2.507400    4.763533   -2.256133 (VIOLATED)
_14739_/CLK                             2.507400    4.763525   -2.256126 (VIOLATED)
_14757_/CLK                             2.507400    4.763489   -2.256089 (VIOLATED)
_15177_/CLK                             2.507400    4.763389   -2.255988 (VIOLATED)
_14743_/CLK                             2.507400    4.763301   -2.255901 (VIOLATED)
_15059_/CLK                             2.507400    4.763093   -2.255692 (VIOLATED)
_15181_/CLK                             2.507400    4.762776   -2.255376 (VIOLATED)
_14747_/CLK                             2.507400    4.762749   -2.255349 (VIOLATED)
_15061_/CLK                             2.507400    4.762599   -2.255199 (VIOLATED)
_15271_/CLK                             2.507400    4.762299   -2.254899 (VIOLATED)
_15270_/CLK                             2.507400    4.762294   -2.254894 (VIOLATED)
_15470_/CLK                             2.507400    4.762244   -2.254844 (VIOLATED)
_14749_/CLK                             2.507400    4.762236   -2.254836 (VIOLATED)
_15053_/CLK                             2.507400    4.762239   -2.254838 (VIOLATED)
_15469_/CLK                             2.507400    4.762233   -2.254833 (VIOLATED)
_14619_/CLK                             2.507400    4.762220   -2.254820 (VIOLATED)
_15063_/CLK                             2.507400    4.762153   -2.254753 (VIOLATED)
_15057_/CLK                             2.507400    4.762103   -2.254702 (VIOLATED)
_15127_/CLK                             2.507400    4.762082   -2.254681 (VIOLATED)
_14623_/CLK                             2.507400    4.762047   -2.254647 (VIOLATED)
_14625_/CLK                             2.507400    4.761994   -2.254594 (VIOLATED)
_14627_/CLK                             2.507400    4.761856   -2.254456 (VIOLATED)
_14629_/CLK                             2.507400    4.761714   -2.254314 (VIOLATED)
_14689_/CLK                             2.507400    4.761549   -2.254148 (VIOLATED)
_15123_/CLK                             2.507400    4.761540   -2.254140 (VIOLATED)
_15129_/CLK                             2.507400    4.761259   -2.253859 (VIOLATED)
_14954_/CLK                             2.507400    4.761207   -2.253807 (VIOLATED)
_15119_/CLK                             2.507400    4.760717   -2.253317 (VIOLATED)
_14685_/CLK                             2.507400    4.759759   -2.252359 (VIOLATED)
_15054_/CLK                             2.507400    4.759596   -2.252196 (VIOLATED)
_14693_/CLK                             2.507400    4.759568   -2.252168 (VIOLATED)
_14492_/CLK                             2.507400    4.758706   -2.251306 (VIOLATED)
_14520_/CLK                             2.507400    4.758287   -2.250887 (VIOLATED)
_15076_/CLK                             2.507400    4.757846   -2.250446 (VIOLATED)
_15131_/CLK                             2.507400    4.757780   -2.250380 (VIOLATED)
_15044_/CLK                             2.507400    4.756165   -2.248765 (VIOLATED)
_14642_/CLK                             2.507400    4.755625   -2.248225 (VIOLATED)
_15016_/CLK                             2.507400    4.755095   -2.247695 (VIOLATED)
_14697_/CLK                             2.507400    4.755087   -2.247687 (VIOLATED)
_14582_/CLK                             2.507400    4.754182   -2.246782 (VIOLATED)
_14681_/CLK                             2.507400    4.753895   -2.246495 (VIOLATED)
_15018_/CLK                             2.507400    4.752913   -2.245513 (VIOLATED)
_15133_/CLK                             2.507400    4.752055   -2.244655 (VIOLATED)
_14699_/CLK                             2.507400    4.751957   -2.244557 (VIOLATED)
_15200_/CLK                             2.507400    4.750142   -2.242742 (VIOLATED)
_15048_/CLK                             2.507400    4.749825   -2.242425 (VIOLATED)
_15046_/CLK                             2.507400    4.749788   -2.242388 (VIOLATED)
_14612_/CLK                             2.507400    4.749763   -2.242363 (VIOLATED)
_14584_/CLK                             2.507400    4.749660   -2.242260 (VIOLATED)
_15199_/CLK                             2.507400    4.748551   -2.241151 (VIOLATED)
_14610_/CLK                             2.507400    4.747745   -2.240345 (VIOLATED)
_15265_/CLK                             2.507400    4.746523   -2.239123 (VIOLATED)
_14766_/CLK                             2.507400    4.745241   -2.237841 (VIOLATED)
_14765_/CLK                             2.507400    4.745092   -2.237692 (VIOLATED)
_14633_/CLK                             2.507400    4.744034   -2.236634 (VIOLATED)
_15067_/CLK                             2.507400    4.744020   -2.236620 (VIOLATED)
_14624_/CLK                             2.507400    4.744006   -2.236606 (VIOLATED)
_14680_/CLK                             2.507400    4.743943   -2.236542 (VIOLATED)
_14563_/CLK                             2.507400    4.743591   -2.236191 (VIOLATED)
_14559_/CLK                             2.507400    4.743176   -2.235775 (VIOLATED)
_14993_/CLK                             2.507400    4.743092   -2.235692 (VIOLATED)
_14551_/CLK                             2.507400    4.742781   -2.235380 (VIOLATED)
_14611_/CLK                             2.507400    4.742617   -2.235217 (VIOLATED)
_15045_/CLK                             2.507400    4.742594   -2.235193 (VIOLATED)
_15047_/CLK                             2.507400    4.742587   -2.235186 (VIOLATED)
_14985_/CLK                             2.507400    4.742568   -2.235168 (VIOLATED)
_14639_/CLK                             2.507400    4.742527   -2.235127 (VIOLATED)
_15073_/CLK                             2.507400    4.742434   -2.235034 (VIOLATED)
_15467_/CLK                             2.507400    4.742209   -2.234809 (VIOLATED)
_15466_/CLK                             2.507400    4.742192   -2.234792 (VIOLATED)
_15261_/CLK                             2.507400    4.742171   -2.234771 (VIOLATED)
_15478_/CLK                             2.507400    4.742172   -2.234771 (VIOLATED)
_15477_/CLK                             2.507400    4.742168   -2.234768 (VIOLATED)
_14827_/CLK                             2.507400    4.742151   -2.234751 (VIOLATED)
_15475_/CLK                             2.507400    4.742126   -2.234726 (VIOLATED)
_15465_/CLK                             2.507400    4.742119   -2.234719 (VIOLATED)
_14956_/CLK                             2.507400    4.742008   -2.234608 (VIOLATED)
_14581_/CLK                             2.507400    4.741954   -2.234554 (VIOLATED)
_15464_/CLK                             2.507400    4.741955   -2.234555 (VIOLATED)
_15015_/CLK                             2.507400    4.741948   -2.234548 (VIOLATED)
_15473_/CLK                             2.507400    4.741925   -2.234525 (VIOLATED)
_14583_/CLK                             2.507400    4.741915   -2.234515 (VIOLATED)
_15017_/CLK                             2.507400    4.741879   -2.234479 (VIOLATED)
_15022_/CLK                             2.507400    4.741817   -2.234416 (VIOLATED)
_14641_/CLK                             2.507400    4.741774   -2.234374 (VIOLATED)
_15472_/CLK                             2.507400    4.741642   -2.234242 (VIOLATED)
_15471_/CLK                             2.507400    4.741634   -2.234234 (VIOLATED)
_15020_/CLK                             2.507400    4.741589   -2.234189 (VIOLATED)
_15201_/CLK                             2.507400    4.741550   -2.234150 (VIOLATED)
_14620_/CLK                             2.507400    4.741459   -2.234059 (VIOLATED)
_14616_/CLK                             2.507400    4.741417   -2.234017 (VIOLATED)
_14836_/CLK                             2.507400    4.741401   -2.234001 (VIOLATED)
_15050_/CLK                             2.507400    4.741348   -2.233948 (VIOLATED)
_14837_/CLK                             2.507400    4.741304   -2.233904 (VIOLATED)
_14672_/CLK                             2.507400    4.741251   -2.233851 (VIOLATED)
_14614_/CLK                             2.507400    4.741243   -2.233843 (VIOLATED)
_15106_/CLK                             2.507400    4.741224   -2.233824 (VIOLATED)
_14838_/CLK                             2.507400    4.740889   -2.233489 (VIOLATED)
_15468_/CLK                             2.507400    4.740881   -2.233481 (VIOLATED)
_15075_/CLK                             2.507400    4.740873   -2.233473 (VIOLATED)
_15117_/CLK                             2.507400    4.740841   -2.233441 (VIOLATED)
_14683_/CLK                             2.507400    4.740802   -2.233402 (VIOLATED)
_15113_/CLK                             2.507400    4.740725   -2.233324 (VIOLATED)
_14894_/CLK                             2.507400    4.740676   -2.233276 (VIOLATED)
_14679_/CLK                             2.507400    4.740654   -2.233254 (VIOLATED)
_14695_/CLK                             2.507400    4.740594   -2.233194 (VIOLATED)
_15115_/CLK                             2.507400    4.740469   -2.233069 (VIOLATED)
_14609_/CLK                             2.507400    4.740365   -2.232965 (VIOLATED)
_15043_/CLK                             2.507400    4.740350   -2.232950 (VIOLATED)
_14893_/CLK                             2.507400    4.740325   -2.232925 (VIOLATED)
_14588_/CLK                             2.507400    4.740317   -2.232917 (VIOLATED)
_14586_/CLK                             2.507400    4.740286   -2.232886 (VIOLATED)
_14643_/CLK                             2.507400    4.740098   -2.232698 (VIOLATED)
_15260_/CLK                             2.507400    4.740070   -2.232670 (VIOLATED)
_15077_/CLK                             2.507400    4.739674   -2.232274 (VIOLATED)
_14826_/CLK                             2.507400    4.739594   -2.232194 (VIOLATED)
_15196_/CLK                             2.507400    4.739322   -2.231921 (VIOLATED)
_14762_/CLK                             2.507400    4.739310   -2.231910 (VIOLATED)
_15310_/CLK                             2.507400    4.739288   -2.231888 (VIOLATED)
_14767_/CLK                             2.507400    4.739243   -2.231842 (VIOLATED)
_15256_/CLK                             2.507400    4.739238   -2.231838 (VIOLATED)
_15198_/CLK                             2.507400    4.739165   -2.231765 (VIOLATED)
_14822_/CLK                             2.507400    4.739116   -2.231716 (VIOLATED)
_15374_/CLK                             2.507400    4.738730   -2.231330 (VIOLATED)
_14764_/CLK                             2.507400    4.737986   -2.230586 (VIOLATED)
_14522_/CLK                             2.507400    4.737941   -2.230541 (VIOLATED)
_15202_/CLK                             2.507400    4.737032   -2.229632 (VIOLATED)
_14769_/CLK                             2.507400    4.736597   -2.229197 (VIOLATED)
_14768_/CLK                             2.507400    4.736465   -2.229065 (VIOLATED)
_15203_/CLK                             2.507400    4.734155   -2.226755 (VIOLATED)
_14617_/CLK                             2.507400    4.730037   -2.222637 (VIOLATED)
_15051_/CLK                             2.507400    4.730011   -2.222611 (VIOLATED)
_14677_/CLK                             2.507400    4.729975   -2.222575 (VIOLATED)
_15111_/CLK                             2.507400    4.729946   -2.222546 (VIOLATED)
_15255_/CLK                             2.507400    4.729878   -2.222478 (VIOLATED)
_14621_/CLK                             2.507400    4.729818   -2.222418 (VIOLATED)
_15055_/CLK                             2.507400    4.729785   -2.222385 (VIOLATED)
_15114_/CLK                             2.507400    4.729759   -2.222359 (VIOLATED)
_15268_/CLK                             2.507400    4.729757   -2.222357 (VIOLATED)
_15259_/CLK                             2.507400    4.729715   -2.222315 (VIOLATED)
_14671_/CLK                             2.507400    4.729707   -2.222307 (VIOLATED)
_15105_/CLK                             2.507400    4.729697   -2.222297 (VIOLATED)
_14821_/CLK                             2.507400    4.729633   -2.222233 (VIOLATED)
_14825_/CLK                             2.507400    4.729592   -2.222192 (VIOLATED)
_14834_/CLK                             2.507400    4.729538   -2.222139 (VIOLATED)
_15369_/CLK                             2.507400    4.729514   -2.222114 (VIOLATED)
_15382_/CLK                             2.507400    4.729494   -2.222094 (VIOLATED)
_14833_/CLK                             2.507400    4.729416   -2.222016 (VIOLATED)
_15373_/CLK                             2.507400    4.729297   -2.221896 (VIOLATED)
_15267_/CLK                             2.507400    4.729036   -2.221636 (VIOLATED)
_14691_/CLK                             2.507400    4.728971   -2.221571 (VIOLATED)
_15125_/CLK                             2.507400    4.728958   -2.221558 (VIOLATED)
_15195_/CLK                             2.507400    4.728931   -2.221531 (VIOLATED)
_14761_/CLK                             2.507400    4.728869   -2.221469 (VIOLATED)
_14831_/CLK                             2.507400    4.728822   -2.221422 (VIOLATED)
_15309_/CLK                             2.507400    4.728701   -2.221301 (VIOLATED)
_15204_/CLK                             2.507400    4.728597   -2.221197 (VIOLATED)
_14770_/CLK                             2.507400    4.728272   -2.220872 (VIOLATED)
_15263_/CLK                             2.507400    4.727726   -2.220326 (VIOLATED)
_15269_/CLK                             2.507400    4.724965   -2.217565 (VIOLATED)
_14835_/CLK                             2.507400    4.722780   -2.215380 (VIOLATED)
_14830_/CLK                             2.507400    4.720556   -2.213156 (VIOLATED)
_15264_/CLK                             2.507400    4.720530   -2.213130 (VIOLATED)
_14829_/CLK                             2.507400    4.720501   -2.213101 (VIOLATED)
_15367_/CLK                             2.507400    4.720465   -2.213065 (VIOLATED)
_15377_/CLK                             2.507400    4.720431   -2.213031 (VIOLATED)
_15366_/CLK                             2.507400    4.720366   -2.212966 (VIOLATED)
_15383_/CLK                             2.507400    4.720248   -2.212848 (VIOLATED)
_14576_/CLK                             2.507400    4.718152   -2.210751 (VIOLATED)
_15010_/CLK                             2.507400    4.718146   -2.210746 (VIOLATED)
_14942_/CLK                             2.507400    4.718099   -2.210698 (VIOLATED)
_14649_/CLK                             2.507400    4.718052   -2.210652 (VIOLATED)
_14950_/CLK                             2.507400    4.718022   -2.210622 (VIOLATED)
_14952_/CLK                             2.507400    4.717958   -2.210558 (VIOLATED)
_14988_/CLK                             2.507400    4.717857   -2.210457 (VIOLATED)
_14554_/CLK                             2.507400    4.717793   -2.210393 (VIOLATED)
_14986_/CLK                             2.507400    4.717602   -2.210202 (VIOLATED)
_14775_/CLK                             2.507400    4.717597   -2.210196 (VIOLATED)
_14734_/CLK                             2.507400    4.717353   -2.209953 (VIOLATED)
_14733_/CLK                             2.507400    4.717130   -2.209730 (VIOLATED)
_15165_/CLK                             2.507400    4.717048   -2.209648 (VIOLATED)
_14847_/CLK                             2.507400    4.717037   -2.209636 (VIOLATED)
_15168_/CLK                             2.507400    4.717039   -2.209638 (VIOLATED)
_15167_/CLK                             2.507400    4.716993   -2.209593 (VIOLATED)
_15166_/CLK                             2.507400    4.716949   -2.209549 (VIOLATED)
_15161_/CLK                             2.507400    4.716936   -2.209535 (VIOLATED)
_14727_/CLK                             2.507400    4.716920   -2.209520 (VIOLATED)
_14732_/CLK                             2.507400    4.716772   -2.209371 (VIOLATED)
_15163_/CLK                             2.507400    4.716612   -2.209213 (VIOLATED)
_15209_/CLK                             2.507400    4.716162   -2.208762 (VIOLATED)
_14729_/CLK                             2.507400    4.716113   -2.208712 (VIOLATED)
_14552_/CLK                             2.507400    4.716102   -2.208702 (VIOLATED)
_14839_/CLK                             2.507400    4.716076   -2.208676 (VIOLATED)
_14840_/CLK                             2.507400    4.716054   -2.208654 (VIOLATED)
_14841_/CLK                             2.507400    4.715979   -2.208579 (VIOLATED)
_14731_/CLK                             2.507400    4.715907   -2.208507 (VIOLATED)
_14842_/CLK                             2.507400    4.715832   -2.208432 (VIOLATED)
_15272_/CLK                             2.507400    4.715662   -2.208261 (VIOLATED)
_15462_/CLK                             2.507400    4.715615   -2.208215 (VIOLATED)
_15273_/CLK                             2.507400    4.715611   -2.208210 (VIOLATED)
_15154_/CLK                             2.507400    4.715118   -2.207718 (VIOLATED)
_14720_/CLK                             2.507400    4.714391   -2.206991 (VIOLATED)
_14722_/CLK                             2.507400    4.713775   -2.206375 (VIOLATED)
_14773_/CLK                             2.507400    4.711596   -2.204196 (VIOLATED)
_15082_/CLK                             2.507400    4.711583   -2.204183 (VIOLATED)
_14648_/CLK                             2.507400    4.711051   -2.203651 (VIOLATED)
_15476_/CLK                             2.507400    4.710607   -2.203207 (VIOLATED)
_15479_/CLK                             2.507400    4.710590   -2.203190 (VIOLATED)
_15474_/CLK                             2.507400    4.710544   -2.203144 (VIOLATED)
_14843_/CLK                             2.507400    4.710493   -2.203093 (VIOLATED)
_14845_/CLK                             2.507400    4.710393   -2.202993 (VIOLATED)
_14844_/CLK                             2.507400    4.710356   -2.202956 (VIOLATED)
_14650_/CLK                             2.507400    4.710217   -2.202817 (VIOLATED)
_15250_/CLK                             2.507400    4.710191   -2.202790 (VIOLATED)
_15253_/CLK                             2.507400    4.710127   -2.202727 (VIOLATED)
_14816_/CLK                             2.507400    4.710014   -2.202614 (VIOLATED)
_14819_/CLK                             2.507400    4.709882   -2.202482 (VIOLATED)
_15252_/CLK                             2.507400    4.709743   -2.202343 (VIOLATED)
_14818_/CLK                             2.507400    4.709725   -2.202325 (VIOLATED)
_15364_/CLK                             2.507400    4.709506   -2.202106 (VIOLATED)
_15266_/CLK                             2.507400    4.709195   -2.201795 (VIOLATED)
_14832_/CLK                             2.507400    4.709007   -2.201607 (VIOLATED)
_15380_/CLK                             2.507400    4.708812   -2.201412 (VIOLATED)
_15276_/CLK                             2.507400    4.708633   -2.201233 (VIOLATED)
_15461_/CLK                             2.507400    4.708625   -2.201225 (VIOLATED)
_15274_/CLK                             2.507400    4.708593   -2.201193 (VIOLATED)
_15083_/CLK                             2.507400    4.708570   -2.201170 (VIOLATED)
_14824_/CLK                             2.507400    4.708528   -2.201127 (VIOLATED)
_15372_/CLK                             2.507400    4.708469   -2.201069 (VIOLATED)
_15275_/CLK                             2.507400    4.708461   -2.201061 (VIOLATED)
_15258_/CLK                             2.507400    4.708320   -2.200920 (VIOLATED)
_15243_/CLK                             2.507400    4.708215   -2.200815 (VIOLATED)
_15205_/CLK                             2.507400    4.708195   -2.200795 (VIOLATED)
_15370_/CLK                             2.507400    4.708048   -2.200648 (VIOLATED)
_14771_/CLK                             2.507400    4.708025   -2.200624 (VIOLATED)
_14809_/CLK                             2.507400    4.707998   -2.200598 (VIOLATED)
_15206_/CLK                             2.507400    4.707863   -2.200464 (VIOLATED)
_14772_/CLK                             2.507400    4.707829   -2.200429 (VIOLATED)
_15244_/CLK                             2.507400    4.707554   -2.200154 (VIOLATED)
_14828_/CLK                             2.507400    4.707513   -2.200113 (VIOLATED)
_15262_/CLK                             2.507400    4.707497   -2.200097 (VIOLATED)
_15245_/CLK                             2.507400    4.707324   -2.199924 (VIOLATED)
_14810_/CLK                             2.507400    4.707190   -2.199789 (VIOLATED)
_14811_/CLK                             2.507400    4.706989   -2.199589 (VIOLATED)
_14823_/CLK                             2.507400    4.706686   -2.199287 (VIOLATED)
_15257_/CLK                             2.507400    4.706674   -2.199273 (VIOLATED)
_15197_/CLK                             2.507400    4.706633   -2.199232 (VIOLATED)
_15246_/CLK                             2.507400    4.706562   -2.199161 (VIOLATED)
_15357_/CLK                             2.507400    4.706478   -2.199077 (VIOLATED)
_14763_/CLK                             2.507400    4.706469   -2.199069 (VIOLATED)
_15359_/CLK                             2.507400    4.706462   -2.199062 (VIOLATED)
_15358_/CLK                             2.507400    4.706421   -2.199021 (VIOLATED)
_15363_/CLK                             2.507400    4.706339   -2.198939 (VIOLATED)
_14812_/CLK                             2.507400    4.706147   -2.198747 (VIOLATED)
_15208_/CLK                             2.507400    4.705953   -2.198553 (VIOLATED)
_15207_/CLK                             2.507400    4.705717   -2.198316 (VIOLATED)
_15311_/CLK                             2.507400    4.705585   -2.198185 (VIOLATED)
_14774_/CLK                             2.507400    4.705383   -2.197983 (VIOLATED)
_14608_/CLK                             2.507400    4.705187   -2.197787 (VIOLATED)
_15360_/CLK                             2.507400    4.705072   -2.197672 (VIOLATED)
_14781_/CLK                             2.507400    4.704685   -2.197285 (VIOLATED)
_15215_/CLK                             2.507400    4.704120   -2.196720 (VIOLATED)
_15210_/CLK                             2.507400    4.703672   -2.196272 (VIOLATED)
_14776_/CLK                             2.507400    4.703252   -2.195852 (VIOLATED)
_15324_/CLK                             2.507400    4.702559   -2.195158 (VIOLATED)
_14659_/CLK                             2.507400    4.700181   -2.192782 (VIOLATED)
_15254_/CLK                             2.507400    4.699783   -2.192383 (VIOLATED)
_14887_/CLK                             2.507400    4.699772   -2.192372 (VIOLATED)
_14820_/CLK                             2.507400    4.699749   -2.192349 (VIOLATED)
_15368_/CLK                             2.507400    4.699711   -2.192311 (VIOLATED)
_15251_/CLK                             2.507400    4.699709   -2.192309 (VIOLATED)
_14817_/CLK                             2.507400    4.699697   -2.192296 (VIOLATED)
_15365_/CLK                             2.507400    4.699613   -2.192212 (VIOLATED)
_14888_/CLK                             2.507400    4.699578   -2.192178 (VIOLATED)
_15248_/CLK                             2.507400    4.699435   -2.192035 (VIOLATED)
_14875_/CLK                             2.507400    4.699297   -2.191897 (VIOLATED)
_15249_/CLK                             2.507400    4.699293   -2.191893 (VIOLATED)
_14815_/CLK                             2.507400    4.699274   -2.191873 (VIOLATED)
_14814_/CLK                             2.507400    4.699171   -2.191771 (VIOLATED)
_14885_/CLK                             2.507400    4.699060   -2.191660 (VIOLATED)
_14886_/CLK                             2.507400    4.699053   -2.191653 (VIOLATED)
_14884_/CLK                             2.507400    4.699022   -2.191622 (VIOLATED)
_14883_/CLK                             2.507400    4.698980   -2.191580 (VIOLATED)
_15362_/CLK                             2.507400    4.698947   -2.191547 (VIOLATED)
_15325_/CLK                             2.507400    4.698873   -2.191473 (VIOLATED)
_14877_/CLK                             2.507400    4.698456   -2.191056 (VIOLATED)
_14879_/CLK                             2.507400    4.697967   -2.190567 (VIOLATED)
_15361_/CLK                             2.507400    4.697922   -2.190522 (VIOLATED)
_14880_/CLK                             2.507400    4.697819   -2.190418 (VIOLATED)
_15089_/CLK                             2.507400    4.697575   -2.190174 (VIOLATED)
_14881_/CLK                             2.507400    4.697542   -2.190142 (VIOLATED)
_15242_/CLK                             2.507400    4.696941   -2.189541 (VIOLATED)
_14876_/CLK                             2.507400    4.696916   -2.189516 (VIOLATED)
_14878_/CLK                             2.507400    4.696906   -2.189506 (VIOLATED)
_14882_/CLK                             2.507400    4.696884   -2.189484 (VIOLATED)
_15247_/CLK                             2.507400    4.696768   -2.189368 (VIOLATED)
_14813_/CLK                             2.507400    4.696679   -2.189279 (VIOLATED)
_14808_/CLK                             2.507400    4.696381   -2.188981 (VIOLATED)
_15227_/CLK                             2.507400    4.695659   -2.188259 (VIOLATED)
_15212_/CLK                             2.507400    4.694918   -2.187518 (VIOLATED)
_14778_/CLK                             2.507400    4.694266   -2.186866 (VIOLATED)
_15326_/CLK                             2.507400    4.690367   -2.182967 (VIOLATED)
_15159_/CLK                             2.507400    4.687342   -2.179942 (VIOLATED)
_14728_/CLK                             2.507400    4.687322   -2.179922 (VIOLATED)
_15158_/CLK                             2.507400    4.687289   -2.179889 (VIOLATED)
_14725_/CLK                             2.507400    4.687269   -2.179869 (VIOLATED)
_15153_/CLK                             2.507400    4.687258   -2.179858 (VIOLATED)
_14724_/CLK                             2.507400    4.687245   -2.179845 (VIOLATED)
_15157_/CLK                             2.507400    4.687175   -2.179775 (VIOLATED)
_14719_/CLK                             2.507400    4.687137   -2.179737 (VIOLATED)
_14723_/CLK                             2.507400    4.687121   -2.179721 (VIOLATED)
_15155_/CLK                             2.507400    4.687002   -2.179602 (VIOLATED)
_15156_/CLK                             2.507400    4.686823   -2.179423 (VIOLATED)
_14721_/CLK                             2.507400    4.686809   -2.179408 (VIOLATED)
_15152_/CLK                             2.507400    4.686751   -2.179351 (VIOLATED)
_15141_/CLK                             2.507400    4.686663   -2.179263 (VIOLATED)
_14730_/CLK                             2.507400    4.686311   -2.178911 (VIOLATED)
_15164_/CLK                             2.507400    4.686302   -2.178902 (VIOLATED)
_15162_/CLK                             2.507400    4.686252   -2.178852 (VIOLATED)
_15079_/CLK                             2.507400    4.686226   -2.178826 (VIOLATED)
_15160_/CLK                             2.507400    4.686205   -2.178805 (VIOLATED)
_14715_/CLK                             2.507400    4.686171   -2.178771 (VIOLATED)
_15139_/CLK                             2.507400    4.686088   -2.178688 (VIOLATED)
_15137_/CLK                             2.507400    4.686030   -2.178630 (VIOLATED)
_15135_/CLK                             2.507400    4.685899   -2.178499 (VIOLATED)
_14701_/CLK                             2.507400    4.685891   -2.178491 (VIOLATED)
_14704_/CLK                             2.507400    4.685877   -2.178477 (VIOLATED)
_15145_/CLK                             2.507400    4.685836   -2.178436 (VIOLATED)
_14711_/CLK                             2.507400    4.685814   -2.178414 (VIOLATED)
_15138_/CLK                             2.507400    4.685813   -2.178413 (VIOLATED)
_15149_/CLK                             2.507400    4.685766   -2.178365 (VIOLATED)
_14714_/CLK                             2.507400    4.685702   -2.178302 (VIOLATED)
_15136_/CLK                             2.507400    4.685678   -2.178278 (VIOLATED)
_15140_/CLK                             2.507400    4.685665   -2.178265 (VIOLATED)
_14709_/CLK                             2.507400    4.685646   -2.178246 (VIOLATED)
_14958_/CLK                             2.507400    4.685624   -2.178224 (VIOLATED)
_15148_/CLK                             2.507400    4.685592   -2.178192 (VIOLATED)
_14706_/CLK                             2.507400    4.685511   -2.178111 (VIOLATED)
_14702_/CLK                             2.507400    4.685415   -2.178015 (VIOLATED)
_14713_/CLK                             2.507400    4.685396   -2.177996 (VIOLATED)
_15214_/CLK                             2.507400    4.685288   -2.177888 (VIOLATED)
_14922_/CLK                             2.507400    4.685280   -2.177880 (VIOLATED)
_14780_/CLK                             2.507400    4.685277   -2.177876 (VIOLATED)
_14708_/CLK                             2.507400    4.685141   -2.177741 (VIOLATED)
_15150_/CLK                             2.507400    4.685036   -2.177635 (VIOLATED)
_14726_/CLK                             2.507400    4.684913   -2.177512 (VIOLATED)
_14705_/CLK                             2.507400    4.684891   -2.177491 (VIOLATED)
_14703_/CLK                             2.507400    4.684855   -2.177455 (VIOLATED)
_14488_/CLK                             2.507400    4.684818   -2.177418 (VIOLATED)
_15146_/CLK                             2.507400    4.684776   -2.177376 (VIOLATED)
_14712_/CLK                             2.507400    4.684721   -2.177320 (VIOLATED)
_15151_/CLK                             2.507400    4.684618   -2.177218 (VIOLATED)
_15143_/CLK                             2.507400    4.684594   -2.177194 (VIOLATED)
_14849_/CLK                             2.507400    4.684463   -2.177063 (VIOLATED)
_14716_/CLK                             2.507400    4.684371   -2.176970 (VIOLATED)
_15147_/CLK                             2.507400    4.684276   -2.176876 (VIOLATED)
_14846_/CLK                             2.507400    4.684077   -2.176677 (VIOLATED)
_14717_/CLK                             2.507400    4.684028   -2.176628 (VIOLATED)
_14644_/CLK                             2.507400    4.683918   -2.176518 (VIOLATED)
_15144_/CLK                             2.507400    4.683906   -2.176506 (VIOLATED)
_14655_/CLK                             2.507400    4.683800   -2.176400 (VIOLATED)
_14710_/CLK                             2.507400    4.683747   -2.176347 (VIOLATED)
_14853_/CLK                             2.507400    4.683743   -2.176342 (VIOLATED)
_15078_/CLK                             2.507400    4.683732   -2.176332 (VIOLATED)
_15100_/CLK                             2.507400    4.683690   -2.176289 (VIOLATED)
_14854_/CLK                             2.507400    4.683536   -2.176136 (VIOLATED)
_14898_/CLK                             2.507400    4.683501   -2.176101 (VIOLATED)
_14982_/CLK                             2.507400    4.683067   -2.175667 (VIOLATED)
_15102_/CLK                             2.507400    4.682893   -2.175493 (VIOLATED)
_15104_/CLK                             2.507400    4.682270   -2.174870 (VIOLATED)
_15142_/CLK                             2.507400    4.682171   -2.174771 (VIOLATED)
_15355_/CLK                             2.507400    4.682172   -2.174772 (VIOLATED)
_14848_/CLK                             2.507400    4.682156   -2.174756 (VIOLATED)
_14872_/CLK                             2.507400    4.682100   -2.174700 (VIOLATED)
_14850_/CLK                             2.507400    4.682043   -2.174642 (VIOLATED)
_14464_/CLK                             2.507400    4.682020   -2.174620 (VIOLATED)
_14862_/CLK                             2.507400    4.681972   -2.174572 (VIOLATED)
_14873_/CLK                             2.507400    4.681899   -2.174498 (VIOLATED)
_14874_/CLK                             2.507400    4.681865   -2.174465 (VIOLATED)
_14852_/CLK                             2.507400    4.681709   -2.174309 (VIOLATED)
_14851_/CLK                             2.507400    4.681624   -2.174224 (VIOLATED)
_14871_/CLK                             2.507400    4.681596   -2.174196 (VIOLATED)
_14869_/CLK                             2.507400    4.681553   -2.174153 (VIOLATED)
_14861_/CLK                             2.507400    4.681509   -2.174109 (VIOLATED)
_14856_/CLK                             2.507400    4.681375   -2.173975 (VIOLATED)
_15080_/CLK                             2.507400    4.681339   -2.173939 (VIOLATED)
_14548_/CLK                             2.507400    4.681175   -2.173774 (VIOLATED)
_14863_/CLK                             2.507400    4.680660   -2.173260 (VIOLATED)
_14868_/CLK                             2.507400    4.680644   -2.173244 (VIOLATED)
_14857_/CLK                             2.507400    4.680586   -2.173186 (VIOLATED)
_14860_/CLK                             2.507400    4.680537   -2.173137 (VIOLATED)
_14597_/CLK                             2.507400    4.680369   -2.172969 (VIOLATED)
_14646_/CLK                             2.507400    4.680079   -2.172678 (VIOLATED)
_14923_/CLK                             2.507400    4.679668   -2.172268 (VIOLATED)
_14870_/CLK                             2.507400    4.679386   -2.171986 (VIOLATED)
_14864_/CLK                             2.507400    4.679369   -2.171969 (VIOLATED)
_14855_/CLK                             2.507400    4.679338   -2.171938 (VIOLATED)
_14859_/CLK                             2.507400    4.679292   -2.171892 (VIOLATED)
_14858_/CLK                             2.507400    4.679211   -2.171811 (VIOLATED)
_14866_/CLK                             2.507400    4.679171   -2.171771 (VIOLATED)
_14867_/CLK                             2.507400    4.679147   -2.171747 (VIOLATED)
_15024_/CLK                             2.507400    4.679022   -2.171622 (VIOLATED)
_14718_/CLK                             2.507400    4.678487   -2.171087 (VIOLATED)
_14707_/CLK                             2.507400    4.678483   -2.171082 (VIOLATED)
_15084_/CLK                             2.507400    4.678435   -2.171035 (VIOLATED)
_14645_/CLK                             2.507400    4.678427   -2.171027 (VIOLATED)
_14490_/CLK                             2.507400    4.678368   -2.170968 (VIOLATED)
_14524_/CLK                             2.507400    4.678355   -2.170955 (VIOLATED)
_14924_/CLK                             2.507400    4.678261   -2.170861 (VIOLATED)
_15042_/CLK                             2.507400    4.678105   -2.170706 (VIOLATED)
_14489_/CLK                             2.507400    4.677968   -2.170568 (VIOLATED)
_15090_/CLK                             2.507400    4.677930   -2.170530 (VIOLATED)
_14656_/CLK                             2.507400    4.677715   -2.170315 (VIOLATED)
_14666_/CLK                             2.507400    4.677680   -2.170280 (VIOLATED)
_14668_/CLK                             2.507400    4.677582   -2.170182 (VIOLATED)
_15092_/CLK                             2.507400    4.677142   -2.169742 (VIOLATED)
_15094_/CLK                             2.507400    4.677053   -2.169653 (VIOLATED)
_15098_/CLK                             2.507400    4.676783   -2.169383 (VIOLATED)
_14590_/CLK                             2.507400    4.676757   -2.169357 (VIOLATED)
_15026_/CLK                             2.507400    4.676645   -2.169245 (VIOLATED)
_14670_/CLK                             2.507400    4.676509   -2.169109 (VIOLATED)
_15030_/CLK                             2.507400    4.676114   -2.168714 (VIOLATED)
_14984_/CLK                             2.507400    4.675876   -2.168476 (VIOLATED)
_14660_/CLK                             2.507400    4.675845   -2.168445 (VIOLATED)
_14658_/CLK                             2.507400    4.675842   -2.168442 (VIOLATED)
_14896_/CLK                             2.507400    4.675795   -2.168394 (VIOLATED)
_14592_/CLK                             2.507400    4.675782   -2.168382 (VIOLATED)
_14596_/CLK                             2.507400    4.675713   -2.168313 (VIOLATED)
_14550_/CLK                             2.507400    4.675616   -2.168216 (VIOLATED)
_14793_/CLK                             2.507400    4.675417   -2.168017 (VIOLATED)
_14803_/CLK                             2.507400    4.675408   -2.168008 (VIOLATED)
_15238_/CLK                             2.507400    4.675378   -2.167978 (VIOLATED)
_15032_/CLK                             2.507400    4.675323   -2.167922 (VIOLATED)
_14804_/CLK                             2.507400    4.675319   -2.167919 (VIOLATED)
_14664_/CLK                             2.507400    4.675303   -2.167902 (VIOLATED)
_15086_/CLK                             2.507400    4.675254   -2.167854 (VIOLATED)
_15222_/CLK                             2.507400    4.675220   -2.167820 (VIOLATED)
_15223_/CLK                             2.507400    4.675153   -2.167753 (VIOLATED)
_14789_/CLK                             2.507400    4.673484   -2.166084 (VIOLATED)
_14652_/CLK                             2.507400    4.672622   -2.165222 (VIOLATED)
_14601_/CLK                             2.507400    4.671622   -2.164222 (VIOLATED)
_15040_/CLK                             2.507400    4.671330   -2.163930 (VIOLATED)
_15093_/CLK                             2.507400    4.668319   -2.160919 (VIOLATED)
_15351_/CLK                             2.507400    4.668311   -2.160911 (VIOLATED)
_15352_/CLK                             2.507400    4.668277   -2.160877 (VIOLATED)
_14900_/CLK                             2.507400    4.666554   -2.159154 (VIOLATED)
_14462_/CLK                             2.507400    4.665244   -2.157844 (VIOLATED)
_14606_/CLK                             2.507400    4.665219   -2.157819 (VIOLATED)
_14788_/CLK                             2.507400    4.664751   -2.157351 (VIOLATED)
_14466_/CLK                             2.507400    4.663394   -2.155994 (VIOLATED)
_14784_/CLK                             2.507400    4.662621   -2.155221 (VIOLATED)
_14605_/CLK                             2.507400    4.662369   -2.154969 (VIOLATED)
_15240_/CLK                             2.507400    4.659971   -2.152571 (VIOLATED)
_14806_/CLK                             2.507400    4.659959   -2.152559 (VIOLATED)
_15225_/CLK                             2.507400    4.659904   -2.152504 (VIOLATED)
_15354_/CLK                             2.507400    4.659885   -2.152485 (VIOLATED)
_14791_/CLK                             2.507400    4.659818   -2.152417 (VIOLATED)
_15339_/CLK                             2.507400    4.659701   -2.152301 (VIOLATED)
_15211_/CLK                             2.507400    4.659698   -2.152297 (VIOLATED)
_14777_/CLK                             2.507400    4.659690   -2.152290 (VIOLATED)
_15226_/CLK                             2.507400    4.659657   -2.152256 (VIOLATED)
_14792_/CLK                             2.507400    4.659625   -2.152224 (VIOLATED)
_15340_/CLK                             2.507400    4.659489   -2.152088 (VIOLATED)
_15239_/CLK                             2.507400    4.659469   -2.152068 (VIOLATED)
_14805_/CLK                             2.507400    4.659455   -2.152055 (VIOLATED)
_15221_/CLK                             2.507400    4.659352   -2.151952 (VIOLATED)
_14787_/CLK                             2.507400    4.659032   -2.151632 (VIOLATED)
_14472_/CLK                             2.507400    4.658874   -2.151474 (VIOLATED)
_15335_/CLK                             2.507400    4.658712   -2.151312 (VIOLATED)
_14782_/CLK                             2.507400    4.658223   -2.150823 (VIOLATED)
_15236_/CLK                             2.507400    4.658147   -2.150747 (VIOLATED)
_15353_/CLK                             2.507400    4.658137   -2.150737 (VIOLATED)
_14802_/CLK                             2.507400    4.658117   -2.150717 (VIOLATED)
_15350_/CLK                             2.507400    4.658076   -2.150676 (VIOLATED)
_15234_/CLK                             2.507400    4.657982   -2.150582 (VIOLATED)
_15232_/CLK                             2.507400    4.657919   -2.150519 (VIOLATED)
_14800_/CLK                             2.507400    4.657903   -2.150503 (VIOLATED)
_14779_/CLK                             2.507400    4.657850   -2.150450 (VIOLATED)
_15327_/CLK                             2.507400    4.657827   -2.150427 (VIOLATED)
_15229_/CLK                             2.507400    4.657824   -2.150424 (VIOLATED)
_15230_/CLK                             2.507400    4.657808   -2.150408 (VIOLATED)
_14795_/CLK                             2.507400    4.657794   -2.150394 (VIOLATED)
_15241_/CLK                             2.507400    4.657788   -2.150388 (VIOLATED)
_15348_/CLK                             2.507400    4.657788   -2.150388 (VIOLATED)
_14796_/CLK                             2.507400    4.657785   -2.150385 (VIOLATED)
_14807_/CLK                             2.507400    4.657779   -2.150379 (VIOLATED)
_15213_/CLK                             2.507400    4.657737   -2.150337 (VIOLATED)
_15344_/CLK                             2.507400    4.657732   -2.150332 (VIOLATED)
_15228_/CLK                             2.507400    4.657696   -2.150295 (VIOLATED)
_15237_/CLK                             2.507400    4.657649   -2.150249 (VIOLATED)
_14794_/CLK                             2.507400    4.657626   -2.150226 (VIOLATED)
_14798_/CLK                             2.507400    4.657576   -2.150176 (VIOLATED)
_15231_/CLK                             2.507400    4.657510   -2.150110 (VIOLATED)
_15216_/CLK                             2.507400    4.657482   -2.150082 (VIOLATED)
_15346_/CLK                             2.507400    4.657390   -2.149990 (VIOLATED)
_15343_/CLK                             2.507400    4.657337   -2.149937 (VIOLATED)
_14797_/CLK                             2.507400    4.657266   -2.149866 (VIOLATED)
_15330_/CLK                             2.507400    4.657191   -2.149791 (VIOLATED)
_15345_/CLK                             2.507400    4.657166   -2.149766 (VIOLATED)
_14538_/CLK                             2.507400    4.657096   -2.149697 (VIOLATED)
_15217_/CLK                             2.507400    4.657003   -2.149603 (VIOLATED)
_15219_/CLK                             2.507400    4.656979   -2.149578 (VIOLATED)
_15218_/CLK                             2.507400    4.656939   -2.149539 (VIOLATED)
_15233_/CLK                             2.507400    4.656738   -2.149338 (VIOLATED)
_14799_/CLK                             2.507400    4.656721   -2.149321 (VIOLATED)
_15224_/CLK                             2.507400    4.656709   -2.149309 (VIOLATED)
_14783_/CLK                             2.507400    4.656694   -2.149294 (VIOLATED)
_14790_/CLK                             2.507400    4.656327   -2.148926 (VIOLATED)
_15235_/CLK                             2.507400    4.656173   -2.148773 (VIOLATED)
_14966_/CLK                             2.507400    4.655792   -2.148392 (VIOLATED)
_14801_/CLK                             2.507400    4.655500   -2.148100 (VIOLATED)
_14532_/CLK                             2.507400    4.654947   -2.147547 (VIOLATED)
_15220_/CLK                             2.507400    4.654704   -2.147303 (VIOLATED)
_15031_/CLK                             2.507400    4.654664   -2.147264 (VIOLATED)
_14528_/CLK                             2.507400    4.654650   -2.147250 (VIOLATED)
_14786_/CLK                             2.507400    4.654153   -2.146753 (VIOLATED)
_14960_/CLK                             2.507400    4.653973   -2.146572 (VIOLATED)
_15334_/CLK                             2.507400    4.653115   -2.145715 (VIOLATED)
_15019_/CLK                             2.507400    4.652811   -2.145411 (VIOLATED)
_14585_/CLK                             2.507400    4.650257   -2.142857 (VIOLATED)
_14526_/CLK                             2.507400    4.650234   -2.142833 (VIOLATED)
_15035_/CLK                             2.507400    4.649503   -2.142103 (VIOLATED)
_14536_/CLK                             2.507400    4.649499   -2.142099 (VIOLATED)
_14785_/CLK                             2.507400    4.649079   -2.141679 (VIOLATED)
_14970_/CLK                             2.507400    4.649077   -2.141677 (VIOLATED)
_15039_/CLK                             2.507400    4.646905   -2.139505 (VIOLATED)
_14549_/CLK                             2.507400    4.646780   -2.139380 (VIOLATED)
_14917_/CLK                             2.507400    4.644878   -2.137478 (VIOLATED)
_14983_/CLK                             2.507400    4.643807   -2.136407 (VIOLATED)
_15331_/CLK                             2.507400    4.641040   -2.133640 (VIOLATED)
_14483_/CLK                             2.507400    4.639720   -2.132320 (VIOLATED)
_15349_/CLK                             2.507400    4.631822   -2.124422 (VIOLATED)
_14481_/CLK                             2.507400    4.628044   -2.120644 (VIOLATED)
_14479_/CLK                             2.507400    4.623137   -2.115737 (VIOLATED)
_14654_/CLK                             2.507400    4.620112   -2.112712 (VIOLATED)
_15088_/CLK                             2.507400    4.620112   -2.112712 (VIOLATED)
_15028_/CLK                             2.507400    4.620077   -2.112676 (VIOLATED)
_14865_/CLK                             2.507400    4.620071   -2.112671 (VIOLATED)
_15038_/CLK                             2.507400    4.620033   -2.112633 (VIOLATED)
_15034_/CLK                             2.507400    4.620017   -2.112617 (VIOLATED)
_14594_/CLK                             2.507400    4.620005   -2.112604 (VIOLATED)
_14604_/CLK                             2.507400    4.619879   -2.112479 (VIOLATED)
_14600_/CLK                             2.507400    4.619867   -2.112467 (VIOLATED)
_14920_/CLK                             2.507400    4.619852   -2.112452 (VIOLATED)
_14980_/CLK                             2.507400    4.619772   -2.112372 (VIOLATED)
_14486_/CLK                             2.507400    4.619584   -2.112183 (VIOLATED)
_14546_/CLK                             2.507400    4.619518   -2.112118 (VIOLATED)
_14912_/CLK                             2.507400    4.619225   -2.111825 (VIOLATED)
_14972_/CLK                             2.507400    4.619170   -2.111769 (VIOLATED)
_14598_/CLK                             2.507400    4.618958   -2.111558 (VIOLATED)
_15101_/CLK                             2.507400    4.618952   -2.111552 (VIOLATED)
_14667_/CLK                             2.507400    4.618926   -2.111525 (VIOLATED)
_15103_/CLK                             2.507400    4.618898   -2.111498 (VIOLATED)
_14669_/CLK                             2.507400    4.618838   -2.111438 (VIOLATED)
_14478_/CLK                             2.507400    4.618828   -2.111428 (VIOLATED)
_14906_/CLK                             2.507400    4.618786   -2.111386 (VIOLATED)
_15096_/CLK                             2.507400    4.618783   -2.111383 (VIOLATED)
_14662_/CLK                             2.507400    4.618770   -2.111370 (VIOLATED)
_14602_/CLK                             2.507400    4.618751   -2.111351 (VIOLATED)
_15036_/CLK                             2.507400    4.618744   -2.111344 (VIOLATED)
_15091_/CLK                             2.507400    4.618720   -2.111320 (VIOLATED)
_15097_/CLK                             2.507400    4.618686   -2.111285 (VIOLATED)
_14976_/CLK                             2.507400    4.618641   -2.111241 (VIOLATED)
_14663_/CLK                             2.507400    4.618567   -2.111166 (VIOLATED)
_14542_/CLK                             2.507400    4.618504   -2.111103 (VIOLATED)
_14918_/CLK                             2.507400    4.618402   -2.111002 (VIOLATED)
_14657_/CLK                             2.507400    4.618304   -2.110904 (VIOLATED)
_14978_/CLK                             2.507400    4.618234   -2.110834 (VIOLATED)
_15099_/CLK                             2.507400    4.618223   -2.110823 (VIOLATED)
_14916_/CLK                             2.507400    4.618217   -2.110816 (VIOLATED)
_14665_/CLK                             2.507400    4.618186   -2.110785 (VIOLATED)
_14482_/CLK                             2.507400    4.618172   -2.110772 (VIOLATED)
_14484_/CLK                             2.507400    4.618114   -2.110714 (VIOLATED)
_14974_/CLK                             2.507400    4.618109   -2.110708 (VIOLATED)
_14908_/CLK                             2.507400    4.618083   -2.110683 (VIOLATED)
_15087_/CLK                             2.507400    4.618044   -2.110644 (VIOLATED)
_14474_/CLK                             2.507400    4.618017   -2.110617 (VIOLATED)
_15085_/CLK                             2.507400    4.618011   -2.110611 (VIOLATED)
_14480_/CLK                             2.507400    4.617913   -2.110513 (VIOLATED)
_14914_/CLK                             2.507400    4.617732   -2.110332 (VIOLATED)
_14544_/CLK                             2.507400    4.617720   -2.110320 (VIOLATED)
_14653_/CLK                             2.507400    4.617720   -2.110320 (VIOLATED)
_14540_/CLK                             2.507400    4.617544   -2.110144 (VIOLATED)
_14968_/CLK                             2.507400    4.617452   -2.110052 (VIOLATED)
_14534_/CLK                             2.507400    4.617167   -2.109767 (VIOLATED)
_15037_/CLK                             2.507400    4.617153   -2.109752 (VIOLATED)
_15095_/CLK                             2.507400    4.617146   -2.109746 (VIOLATED)
_14661_/CLK                             2.507400    4.617136   -2.109736 (VIOLATED)
_15081_/CLK                             2.507400    4.617120   -2.109720 (VIOLATED)
_14647_/CLK                             2.507400    4.617075   -2.109675 (VIOLATED)
_14651_/CLK                             2.507400    4.616971   -2.109570 (VIOLATED)
_15033_/CLK                             2.507400    4.616936   -2.109536 (VIOLATED)
_15025_/CLK                             2.507400    4.616912   -2.109512 (VIOLATED)
_14591_/CLK                             2.507400    4.616841   -2.109441 (VIOLATED)
_14603_/CLK                             2.507400    4.616760   -2.109360 (VIOLATED)
_14979_/CLK                             2.507400    4.616686   -2.109286 (VIOLATED)
_14599_/CLK                             2.507400    4.616564   -2.109164 (VIOLATED)
_15029_/CLK                             2.507400    4.616354   -2.108954 (VIOLATED)
_14545_/CLK                             2.507400    4.616238   -2.108838 (VIOLATED)
_14595_/CLK                             2.507400    4.616070   -2.108670 (VIOLATED)
_14981_/CLK                             2.507400    4.615726   -2.108325 (VIOLATED)
_14915_/CLK                             2.507400    4.615637   -2.108237 (VIOLATED)
_14547_/CLK                             2.507400    4.614416   -2.107016 (VIOLATED)
_14913_/CLK                             2.507400    4.613566   -2.106166 (VIOLATED)
_14901_/CLK                             2.507400    4.613184   -2.105784 (VIOLATED)
_14910_/CLK                             2.507400    4.611973   -2.104573 (VIOLATED)
_14476_/CLK                             2.507400    4.611817   -2.104417 (VIOLATED)
_14907_/CLK                             2.507400    4.601911   -2.094510 (VIOLATED)
_15021_/CLK                             2.507400    4.601673   -2.094273 (VIOLATED)
_14977_/CLK                             2.507400    4.601659   -2.094259 (VIOLATED)
_14543_/CLK                             2.507400    4.601632   -2.094232 (VIOLATED)
_14961_/CLK                             2.507400    4.601601   -2.094200 (VIOLATED)
_14587_/CLK                             2.507400    4.601556   -2.094156 (VIOLATED)
_14530_/CLK                             2.507400    4.601545   -2.094145 (VIOLATED)
_14527_/CLK                             2.507400    4.601542   -2.094142 (VIOLATED)
_14964_/CLK                             2.507400    4.601523   -2.094123 (VIOLATED)
_14919_/CLK                             2.507400    4.601483   -2.094083 (VIOLATED)
_14975_/CLK                             2.507400    4.601461   -2.094061 (VIOLATED)
_14485_/CLK                             2.507400    4.601437   -2.094037 (VIOLATED)
_14541_/CLK                             2.507400    4.601375   -2.093974 (VIOLATED)
_14487_/CLK                             2.507400    4.601367   -2.093966 (VIOLATED)
_14921_/CLK                             2.507400    4.601331   -2.093931 (VIOLATED)
_14470_/CLK                             2.507400    4.601111   -2.093711 (VIOLATED)
_14904_/CLK                             2.507400    4.601028   -2.093628 (VIOLATED)
_14905_/CLK                             2.507400    4.600836   -2.093436 (VIOLATED)
_14471_/CLK                             2.507400    4.600701   -2.093301 (VIOLATED)
_15347_/CLK                             2.507400    4.597400   -2.090000 (VIOLATED)
_14475_/CLK                             2.507400    4.595937   -2.088537 (VIOLATED)
_14909_/CLK                             2.507400    4.591364   -2.083964 (VIOLATED)
_14911_/CLK                             2.507400    4.588621   -2.081221 (VIOLATED)
_15463_/CLK                             2.507400    4.588607   -2.081207 (VIOLATED)
_15426_/CLK                             2.507400    4.586214   -2.078814 (VIOLATED)
_15427_/CLK                             2.507400    4.579987   -2.072587 (VIOLATED)
_15420_/CLK                             2.507400    4.576075   -2.068675 (VIOLATED)
_15328_/CLK                             2.507400    4.574381   -2.066981 (VIOLATED)
_15341_/CLK                             2.507400    4.574322   -2.066922 (VIOLATED)
_15356_/CLK                             2.507400    4.574319   -2.066919 (VIOLATED)
_15342_/CLK                             2.507400    4.574306   -2.066905 (VIOLATED)
_15337_/CLK                             2.507400    4.574238   -2.066838 (VIOLATED)
_15332_/CLK                             2.507400    4.574211   -2.066810 (VIOLATED)
_15336_/CLK                             2.507400    4.574022   -2.066622 (VIOLATED)
_15338_/CLK                             2.507400    4.573149   -2.065749 (VIOLATED)
_14461_/CLK                             2.507400    4.570965   -2.063565 (VIOLATED)
_14463_/CLK                             2.507400    4.570960   -2.063560 (VIOLATED)
_14465_/CLK                             2.507400    4.570944   -2.063544 (VIOLATED)
_14895_/CLK                             2.507400    4.570940   -2.063540 (VIOLATED)
_14897_/CLK                             2.507400    4.570938   -2.063538 (VIOLATED)
_14899_/CLK                             2.507400    4.570933   -2.063533 (VIOLATED)
_14962_/CLK                             2.507400    4.570915   -2.063515 (VIOLATED)
_14469_/CLK                             2.507400    4.570867   -2.063466 (VIOLATED)
_14903_/CLK                             2.507400    4.570864   -2.063464 (VIOLATED)
_14467_/CLK                             2.507400    4.570798   -2.063398 (VIOLATED)
_14473_/CLK                             2.507400    4.570785   -2.063385 (VIOLATED)
_14477_/CLK                             2.507400    4.570761   -2.063361 (VIOLATED)
_14902_/CLK                             2.507400    4.570716   -2.063316 (VIOLATED)
_14468_/CLK                             2.507400    4.570708   -2.063308 (VIOLATED)
_15432_/CLK                             2.507400    4.570487   -2.063087 (VIOLATED)
_15421_/CLK                             2.507400    4.570360   -2.062960 (VIOLATED)
_15424_/CLK                             2.507400    4.570219   -2.062819 (VIOLATED)
_15454_/CLK                             2.507400    4.565258   -2.057858 (VIOLATED)
_15436_/CLK                             2.507400    4.565240   -2.057840 (VIOLATED)
_15437_/CLK                             2.507400    4.565217   -2.057817 (VIOLATED)
_15458_/CLK                             2.507400    4.565165   -2.057765 (VIOLATED)
_15428_/CLK                             2.507400    4.565104   -2.057704 (VIOLATED)
_15430_/CLK                             2.507400    4.564628   -2.057227 (VIOLATED)
_15333_/CLK                             2.507400    4.562487   -2.055086 (VIOLATED)
_15423_/CLK                             2.507400    4.558506   -2.051105 (VIOLATED)
_15422_/CLK                             2.507400    4.557527   -2.050127 (VIOLATED)
_15429_/CLK                             2.507400    4.551363   -2.043963 (VIOLATED)
_15435_/CLK                             2.507400    4.550749   -2.043349 (VIOLATED)
_15453_/CLK                             2.507400    4.550748   -2.043348 (VIOLATED)
_15433_/CLK                             2.507400    4.550715   -2.043315 (VIOLATED)
_15452_/CLK                             2.507400    4.550695   -2.043295 (VIOLATED)
_15460_/CLK                             2.507400    4.550670   -2.043270 (VIOLATED)
_15425_/CLK                             2.507400    4.550596   -2.043196 (VIOLATED)
_15431_/CLK                             2.507400    4.550542   -2.043142 (VIOLATED)
_14446_/CLK                             2.507400    4.545049   -2.037649 (VIOLATED)
_15293_/CLK                             2.507400    4.538981   -2.031581 (VIOLATED)
_15277_/CLK                             2.507400    4.535447   -2.028047 (VIOLATED)
_15279_/CLK                             2.507400    4.528543   -2.021142 (VIOLATED)
_15295_/CLK                             2.507400    4.528540   -2.021140 (VIOLATED)
_15296_/CLK                             2.507400    4.528214   -2.020813 (VIOLATED)
_15280_/CLK                             2.507400    4.523624   -2.016224 (VIOLATED)
_15299_/CLK                             2.507400    4.515393   -2.007993 (VIOLATED)
_15283_/CLK                             2.507400    4.514475   -2.007075 (VIOLATED)
_15413_/CLK                             2.507400    4.514314   -2.006914 (VIOLATED)
_15414_/CLK                             2.507400    4.514312   -2.006912 (VIOLATED)
_15392_/CLK                             2.507400    4.513862   -2.006462 (VIOLATED)
_15393_/CLK                             2.507400    4.511064   -2.003664 (VIOLATED)
_15300_/CLK                             2.507400    4.510531   -2.003131 (VIOLATED)
_14613_/CLK                             2.507400    4.507638   -2.000238 (VIOLATED)
_14615_/CLK                             2.507400    4.507628   -2.000228 (VIOLATED)
_15049_/CLK                             2.507400    4.507615   -2.000215 (VIOLATED)
_15041_/CLK                             2.507400    4.507589   -2.000189 (VIOLATED)
_14607_/CLK                             2.507400    4.507570   -2.000170 (VIOLATED)
_15378_/CLK                             2.507400    4.507566   -2.000166 (VIOLATED)
_15379_/CLK                             2.507400    4.507561   -2.000161 (VIOLATED)
_15376_/CLK                             2.507400    4.507545   -2.000145 (VIOLATED)
_15375_/CLK                             2.507400    4.507537   -2.000137 (VIOLATED)
_15381_/CLK                             2.507400    4.507500   -2.000100 (VIOLATED)
_15314_/CLK                             2.507400    4.507085   -1.999685 (VIOLATED)
_15312_/CLK                             2.507400    4.507041   -1.999641 (VIOLATED)
_15317_/CLK                             2.507400    4.506984   -1.999584 (VIOLATED)
_15394_/CLK                             2.507400    4.506855   -1.999454 (VIOLATED)
_15318_/CLK                             2.507400    4.506824   -1.999424 (VIOLATED)
_14525_/CLK                             2.507400    4.506817   -1.999417 (VIOLATED)
_14959_/CLK                             2.507400    4.506814   -1.999414 (VIOLATED)
_14589_/CLK                             2.507400    4.506806   -1.999406 (VIOLATED)
_15023_/CLK                             2.507400    4.506802   -1.999402 (VIOLATED)
_14531_/CLK                             2.507400    4.506774   -1.999375 (VIOLATED)
_14965_/CLK                             2.507400    4.506774   -1.999374 (VIOLATED)
_15284_/CLK                             2.507400    4.506750   -1.999350 (VIOLATED)
_14973_/CLK                             2.507400    4.506733   -1.999333 (VIOLATED)
_14539_/CLK                             2.507400    4.506731   -1.999331 (VIOLATED)
_15371_/CLK                             2.507400    4.506728   -1.999328 (VIOLATED)
_14535_/CLK                             2.507400    4.506683   -1.999283 (VIOLATED)
_14969_/CLK                             2.507400    4.506680   -1.999280 (VIOLATED)
_14529_/CLK                             2.507400    4.506620   -1.999220 (VIOLATED)
_14957_/CLK                             2.507400    4.506589   -1.999189 (VIOLATED)
_14523_/CLK                             2.507400    4.506587   -1.999186 (VIOLATED)
_15313_/CLK                             2.507400    4.506587   -1.999187 (VIOLATED)
_15315_/CLK                             2.507400    4.506570   -1.999170 (VIOLATED)
_14963_/CLK                             2.507400    4.506565   -1.999164 (VIOLATED)
_14593_/CLK                             2.507400    4.506558   -1.999158 (VIOLATED)
_14533_/CLK                             2.507400    4.506555   -1.999155 (VIOLATED)
_15027_/CLK                             2.507400    4.506553   -1.999153 (VIOLATED)
_15320_/CLK                             2.507400    4.506550   -1.999150 (VIOLATED)
_14537_/CLK                             2.507400    4.506546   -1.999146 (VIOLATED)
_14967_/CLK                             2.507400    4.506547   -1.999147 (VIOLATED)
_14971_/CLK                             2.507400    4.506528   -1.999128 (VIOLATED)
_15316_/CLK                             2.507400    4.506514   -1.999113 (VIOLATED)
_15401_/CLK                             2.507400    4.506510   -1.999110 (VIOLATED)
_15403_/CLK                             2.507400    4.506510   -1.999110 (VIOLATED)
_15319_/CLK                             2.507400    4.506507   -1.999107 (VIOLATED)
_15400_/CLK                             2.507400    4.506499   -1.999099 (VIOLATED)
_14955_/CLK                             2.507400    4.506492   -1.999092 (VIOLATED)
_14521_/CLK                             2.507400    4.506488   -1.999088 (VIOLATED)
_15402_/CLK                             2.507400    4.506479   -1.999079 (VIOLATED)
_15441_/CLK                             2.507400    4.506438   -1.999038 (VIOLATED)
_15323_/CLK                             2.507400    4.506403   -1.999003 (VIOLATED)
_15439_/CLK                             2.507400    4.506395   -1.998995 (VIOLATED)
_15446_/CLK                             2.507400    4.506358   -1.998958 (VIOLATED)
_15447_/CLK                             2.507400    4.506358   -1.998958 (VIOLATED)
_15329_/CLK                             2.507400    4.506314   -1.998914 (VIOLATED)
_15451_/CLK                             2.507400    4.506315   -1.998914 (VIOLATED)
_15442_/CLK                             2.507400    4.506277   -1.998877 (VIOLATED)
_15321_/CLK                             2.507400    4.506273   -1.998873 (VIOLATED)
_15449_/CLK                             2.507400    4.506269   -1.998869 (VIOLATED)
_15440_/CLK                             2.507400    4.506196   -1.998795 (VIOLATED)
_15443_/CLK                             2.507400    4.506186   -1.998786 (VIOLATED)
_15444_/CLK                             2.507400    4.506185   -1.998785 (VIOLATED)
_15445_/CLK                             2.507400    4.506176   -1.998776 (VIOLATED)
_15450_/CLK                             2.507400    4.506170   -1.998770 (VIOLATED)
_15456_/CLK                             2.507400    4.506164   -1.998764 (VIOLATED)
_15455_/CLK                             2.507400    4.506131   -1.998731 (VIOLATED)
_15448_/CLK                             2.507400    4.506014   -1.998614 (VIOLATED)
_15438_/CLK                             2.507400    4.506007   -1.998607 (VIOLATED)
_15404_/CLK                             2.507400    4.505937   -1.998536 (VIOLATED)
_15322_/CLK                             2.507400    4.505913   -1.998513 (VIOLATED)
_15434_/CLK                             2.507400    4.505888   -1.998488 (VIOLATED)
_15384_/CLK                             2.507400    4.505658   -1.998258 (VIOLATED)
_15385_/CLK                             2.507400    4.505205   -1.997805 (VIOLATED)
_15386_/CLK                             2.507400    4.505019   -1.997619 (VIOLATED)
_15406_/CLK                             2.507400    4.504867   -1.997467 (VIOLATED)
_15405_/CLK                             2.507400    4.504863   -1.997463 (VIOLATED)
_15407_/CLK                             2.507400    4.504851   -1.997451 (VIOLATED)
_15408_/CLK                             2.507400    4.504754   -1.997354 (VIOLATED)
_15294_/CLK                             2.507400    4.504680   -1.997280 (VIOLATED)
_15409_/CLK                             2.507400    4.504571   -1.997171 (VIOLATED)
_15278_/CLK                             2.507400    4.504512   -1.997112 (VIOLATED)
_15395_/CLK                             2.507400    4.504442   -1.997042 (VIOLATED)
_15387_/CLK                             2.507400    4.504429   -1.997029 (VIOLATED)
_15410_/CLK                             2.507400    4.504413   -1.997013 (VIOLATED)
_14430_/CLK                             2.507400    4.504363   -1.996963 (VIOLATED)
_15390_/CLK                             2.507400    4.504081   -1.996681 (VIOLATED)
_15298_/CLK                             2.507400    4.504063   -1.996662 (VIOLATED)
_15388_/CLK                             2.507400    4.503896   -1.996496 (VIOLATED)
_15389_/CLK                             2.507400    4.503892   -1.996492 (VIOLATED)
_14434_/CLK                             2.507400    4.503877   -1.996477 (VIOLATED)
_15282_/CLK                             2.507400    4.503878   -1.996478 (VIOLATED)
_14444_/CLK                             2.507400    4.503868   -1.996467 (VIOLATED)
_14450_/CLK                             2.507400    4.503794   -1.996394 (VIOLATED)
_14459_/CLK                             2.507400    4.503730   -1.996330 (VIOLATED)
_14453_/CLK                             2.507400    4.503547   -1.996147 (VIOLATED)
_14460_/CLK                             2.507400    4.503389   -1.995989 (VIOLATED)
_14445_/CLK                             2.507400    4.502620   -1.995220 (VIOLATED)
_14429_/CLK                             2.507400    4.502614   -1.995214 (VIOLATED)
_14889_/CLK                             2.507400    4.502608   -1.995208 (VIOLATED)
_14890_/CLK                             2.507400    4.502599   -1.995199 (VIOLATED)
_14891_/CLK                             2.507400    4.502582   -1.995181 (VIOLATED)
_14892_/CLK                             2.507400    4.502285   -1.994885 (VIOLATED)
_15412_/CLK                             2.507400    4.501995   -1.994595 (VIOLATED)
_15288_/CLK                             2.507400    4.501991   -1.994591 (VIOLATED)
_15419_/CLK                             2.507400    4.501992   -1.994592 (VIOLATED)
_15418_/CLK                             2.507400    4.501979   -1.994579 (VIOLATED)
_15417_/CLK                             2.507400    4.501967   -1.994567 (VIOLATED)
_15415_/CLK                             2.507400    4.501954   -1.994553 (VIOLATED)
_15416_/CLK                             2.507400    4.501952   -1.994552 (VIOLATED)
_15411_/CLK                             2.507400    4.501915   -1.994515 (VIOLATED)
_15391_/CLK                             2.507400    4.501909   -1.994509 (VIOLATED)
_15397_/CLK                             2.507400    4.501906   -1.994506 (VIOLATED)
_15396_/CLK                             2.507400    4.501900   -1.994500 (VIOLATED)
_15399_/CLK                             2.507400    4.501901   -1.994501 (VIOLATED)
_15398_/CLK                             2.507400    4.501890   -1.994490 (VIOLATED)
_15292_/CLK                             2.507400    4.501872   -1.994471 (VIOLATED)
_15307_/CLK                             2.507400    4.501867   -1.994467 (VIOLATED)
_15291_/CLK                             2.507400    4.501865   -1.994465 (VIOLATED)
_15290_/CLK                             2.507400    4.501852   -1.994452 (VIOLATED)
_14443_/CLK                             2.507400    4.501844   -1.994444 (VIOLATED)
_14456_/CLK                             2.507400    4.501830   -1.994430 (VIOLATED)
_15308_/CLK                             2.507400    4.501812   -1.994412 (VIOLATED)
_15304_/CLK                             2.507400    4.501781   -1.994380 (VIOLATED)
_15301_/CLK                             2.507400    4.501336   -1.993936 (VIOLATED)
_14458_/CLK                             2.507400    4.501238   -1.993838 (VIOLATED)
_14442_/CLK                             2.507400    4.500492   -1.993092 (VIOLATED)
_14440_/CLK                             2.507400    4.500437   -1.993037 (VIOLATED)
_14441_/CLK                             2.507400    4.499738   -1.992338 (VIOLATED)
_14457_/CLK                             2.507400    4.499444   -1.992044 (VIOLATED)
_14447_/CLK                             2.507400    4.498826   -1.991425 (VIOLATED)
_14448_/CLK                             2.507400    4.498822   -1.991422 (VIOLATED)
_14431_/CLK                             2.507400    4.498818   -1.991418 (VIOLATED)
_14432_/CLK                             2.507400    4.498818   -1.991418 (VIOLATED)
_15281_/CLK                             2.507400    4.498797   -1.991397 (VIOLATED)
_15297_/CLK                             2.507400    4.498789   -1.991389 (VIOLATED)
_14433_/CLK                             2.507400    4.498775   -1.991375 (VIOLATED)
_14449_/CLK                             2.507400    4.498765   -1.991364 (VIOLATED)
_14451_/CLK                             2.507400    4.498723   -1.991323 (VIOLATED)
_14452_/CLK                             2.507400    4.498678   -1.991278 (VIOLATED)
_14435_/CLK                             2.507400    4.498654   -1.991254 (VIOLATED)
_14436_/CLK                             2.507400    4.498631   -1.991231 (VIOLATED)
_14437_/CLK                             2.507400    4.498562   -1.991162 (VIOLATED)
_15285_/CLK                             2.507400    4.498483   -1.991082 (VIOLATED)
_15457_/CLK                             2.507400    4.498436   -1.991036 (VIOLATED)
_14439_/CLK                             2.507400    4.498369   -1.990969 (VIOLATED)
_14454_/CLK                             2.507400    4.497010   -1.989609 (VIOLATED)
_15306_/CLK                             2.507400    4.496634   -1.989233 (VIOLATED)
_15289_/CLK                             2.507400    4.496628   -1.989228 (VIOLATED)
_15305_/CLK                             2.507400    4.496625   -1.989225 (VIOLATED)
_14455_/CLK                             2.507400    4.496617   -1.989217 (VIOLATED)
_15303_/CLK                             2.507400    4.496598   -1.989198 (VIOLATED)
_15287_/CLK                             2.507400    4.496097   -1.988697 (VIOLATED)
_15459_/CLK                             2.507400    4.495704   -1.988304 (VIOLATED)
_15302_/CLK                             2.507400    4.494343   -1.986943 (VIOLATED)
_15286_/CLK                             2.507400    4.494071   -1.986670 (VIOLATED)
_14438_/CLK                             2.507400    4.493240   -1.985840 (VIOLATED)
ui_PAD2CORE[0]                          2.507400    4.488674   -1.981273 (VIOLATED)
_10565_/A1                              2.507400    3.785183   -1.277783 (VIOLATED)
_10686_/A1                              2.507400    3.785183   -1.277783 (VIOLATED)
_11069_/A1                              2.507400    3.785179   -1.277779 (VIOLATED)
_11144_/B1                              2.507400    3.785179   -1.277779 (VIOLATED)
_11070_/S0                              2.507400    3.785174   -1.277774 (VIOLATED)
_11334_/B1                              2.507400    3.785151   -1.277750 (VIOLATED)
_11333_/A                               2.507400    3.785142   -1.277742 (VIOLATED)
_10583_/A                               2.507400    3.785131   -1.277731 (VIOLATED)
_10623_/A2                              2.507400    3.785123   -1.277723 (VIOLATED)
_10028_/S                               2.507400    3.785097   -1.277697 (VIOLATED)
_10628_/A2                              2.507400    3.785096   -1.277696 (VIOLATED)
_08154_/A                               2.507400    3.785094   -1.277694 (VIOLATED)
_09790_/A1                              2.507400    3.785095   -1.277695 (VIOLATED)
_09278_/A                               2.507400    3.785090   -1.277690 (VIOLATED)
_10576_/B                               2.507400    3.785083   -1.277683 (VIOLATED)
_08872_/A1                              2.507400    3.785070   -1.277670 (VIOLATED)
_08873_/A1                              2.507400    3.785071   -1.277671 (VIOLATED)
_08403_/A                               2.507400    3.785067   -1.277666 (VIOLATED)
_08745_/S                               2.507400    3.785066   -1.277666 (VIOLATED)
_08392_/S0                              2.507400    3.785061   -1.277661 (VIOLATED)
_09087_/A                               2.507400    3.785060   -1.277660 (VIOLATED)
_09088_/A2                              2.507400    3.785060   -1.277660 (VIOLATED)
_08743_/A                               2.507400    3.785058   -1.277658 (VIOLATED)
_09084_/A                               2.507400    3.785057   -1.277657 (VIOLATED)
_09080_/A2                              2.507400    3.785051   -1.277650 (VIOLATED)
_09081_/A1                              2.507400    3.785051   -1.277650 (VIOLATED)
_08744_/A2                              2.507400    3.785049   -1.277649 (VIOLATED)
_10368_/B1                              2.507400    3.785043   -1.277643 (VIOLATED)
_10371_/A1                              2.507400    3.785043   -1.277643 (VIOLATED)
_10340_/A                               2.507400    3.785041   -1.277641 (VIOLATED)
_10342_/B2                              2.507400    3.785042   -1.277642 (VIOLATED)
_10656_/A                               2.507400    3.785040   -1.277640 (VIOLATED)
_10658_/A1                              2.507400    3.785039   -1.277639 (VIOLATED)
_10362_/A2                              2.507400    3.785031   -1.277630 (VIOLATED)
_09070_/A                               2.507400    3.785029   -1.277629 (VIOLATED)
_09095_/B2                              2.507400    3.785030   -1.277630 (VIOLATED)
_08682_/A1                              2.507400    3.785028   -1.277628 (VIOLATED)
_09071_/A2                              2.507400    3.785028   -1.277628 (VIOLATED)
_08863_/S                               2.507400    3.785025   -1.277625 (VIOLATED)
_08268_/B                               2.507400    3.785024   -1.277624 (VIOLATED)
_08275_/S                               2.507400    3.785024   -1.277624 (VIOLATED)
_09442_/S0                              2.507400    3.785021   -1.277621 (VIOLATED)
_09444_/S                               2.507400    3.785021   -1.277621 (VIOLATED)
_08869_/A1                              2.507400    3.785019   -1.277619 (VIOLATED)
_09288_/A2                              2.507400    3.785020   -1.277620 (VIOLATED)
_09283_/A                               2.507400    3.785017   -1.277617 (VIOLATED)
_08546_/A2                              2.507400    3.785016   -1.277615 (VIOLATED)
_08549_/A1                              2.507400    3.785015   -1.277615 (VIOLATED)
_09389_/A2                              2.507400    3.785015   -1.277615 (VIOLATED)
_08608_/A2                              2.507400    3.785013   -1.277613 (VIOLATED)
_08609_/A1                              2.507400    3.785013   -1.277613 (VIOLATED)
_08629_/A2                              2.507400    3.785014   -1.277614 (VIOLATED)
_08750_/A1                              2.507400    3.785014   -1.277614 (VIOLATED)
_09055_/B1                              2.507400    3.785014   -1.277614 (VIOLATED)
_08788_/S                               2.507400    3.785012   -1.277612 (VIOLATED)
_09448_/B1                              2.507400    3.785012   -1.277612 (VIOLATED)
_09450_/B2                              2.507400    3.785012   -1.277612 (VIOLATED)
_08556_/A                               2.507400    3.785010   -1.277610 (VIOLATED)
_08246_/A1                              2.507400    3.785005   -1.277605 (VIOLATED)
_08554_/A2                              2.507400    3.785005   -1.277605 (VIOLATED)
_09516_/B1                              2.507400    3.785006   -1.277606 (VIOLATED)
_09517_/B1                              2.507400    3.785005   -1.277605 (VIOLATED)
_09451_/B                               2.507400    3.785002   -1.277602 (VIOLATED)
_10343_/S0                              2.507400    3.785001   -1.277601 (VIOLATED)
_08626_/B1                              2.507400    3.784997   -1.277597 (VIOLATED)
_10272_/A1                              2.507400    3.784998   -1.277598 (VIOLATED)
_09421_/S0                              2.507400    3.784996   -1.277596 (VIOLATED)
_10345_/S1                              2.507400    3.784992   -1.277592 (VIOLATED)
_08655_/A                               2.507400    3.784987   -1.277586 (VIOLATED)
_08780_/A1                              2.507400    3.784987   -1.277587 (VIOLATED)
_09428_/B1                              2.507400    3.784987   -1.277586 (VIOLATED)
_09429_/A1                              2.507400    3.784985   -1.277585 (VIOLATED)
_09424_/S                               2.507400    3.784975   -1.277575 (VIOLATED)
_08668_/A                               2.507400    3.784966   -1.277566 (VIOLATED)
_09022_/A1                              2.507400    3.784953   -1.277553 (VIOLATED)
_08149_/Y                               2.507400    3.784942   -1.277542 (VIOLATED)
_08614_/A2                              2.507400    3.784942   -1.277542 (VIOLATED)
_08654_/A2                              2.507400    3.784942   -1.277542 (VIOLATED)
_10349_/A1                              2.507400    3.784942   -1.277542 (VIOLATED)
_13994_/S                               2.507400    3.761458   -1.254058 (VIOLATED)
_13998_/S                               2.507400    3.761456   -1.254056 (VIOLATED)
_14010_/S                               2.507400    3.761450   -1.254050 (VIOLATED)
_14006_/S                               2.507400    3.761439   -1.254039 (VIOLATED)
_14004_/S                               2.507400    3.761422   -1.254022 (VIOLATED)
_14000_/S                               2.507400    3.761408   -1.254008 (VIOLATED)
_13996_/S                               2.507400    3.761389   -1.253989 (VIOLATED)
_14002_/S                               2.507400    3.761389   -1.253989 (VIOLATED)
_14014_/S                               2.507400    3.761369   -1.253968 (VIOLATED)
_14008_/S                               2.507400    3.761349   -1.253949 (VIOLATED)
_14012_/S                               2.507400    3.761288   -1.253888 (VIOLATED)
_14009_/S                               2.507400    3.761174   -1.253774 (VIOLATED)
_14011_/S                               2.507400    3.761143   -1.253742 (VIOLATED)
_14007_/S                               2.507400    3.761099   -1.253699 (VIOLATED)
_14001_/S                               2.507400    3.760979   -1.253579 (VIOLATED)
_14013_/S                               2.507400    3.760943   -1.253543 (VIOLATED)
_14016_/S                               2.507400    3.760943   -1.253543 (VIOLATED)
_14017_/S                               2.507400    3.760943   -1.253543 (VIOLATED)
_14003_/S                               2.507400    3.760941   -1.253541 (VIOLATED)
_13995_/S                               2.507400    3.760925   -1.253524 (VIOLATED)
_13993_/S                               2.507400    3.760923   -1.253523 (VIOLATED)
_13992_/S                               2.507400    3.760917   -1.253517 (VIOLATED)
_14015_/S                               2.507400    3.760913   -1.253513 (VIOLATED)
_14005_/S                               2.507400    3.760904   -1.253504 (VIOLATED)
_13999_/S                               2.507400    3.760871   -1.253471 (VIOLATED)
_13997_/S                               2.507400    3.760814   -1.253414 (VIOLATED)
_13987_/Y                               2.507400    3.760464   -1.253064 (VIOLATED)
_13988_/S                               2.507400    3.760464   -1.253064 (VIOLATED)
_13989_/S                               2.507400    3.760464   -1.253064 (VIOLATED)
_13990_/S                               2.507400    3.760464   -1.253064 (VIOLATED)
_13991_/S                               2.507400    3.760464   -1.253064 (VIOLATED)
_11142_/S0                              2.507400    3.390418   -0.883018 (VIOLATED)
_11146_/A1                              2.507400    3.390416   -0.883016 (VIOLATED)
_10569_/A                               2.507400    3.390414   -0.883014 (VIOLATED)
_11066_/A                               2.507400    3.390408   -0.883007 (VIOLATED)
_10564_/B                               2.507400    3.390397   -0.882997 (VIOLATED)
_11060_/A1                              2.507400    3.390388   -0.882988 (VIOLATED)
_11059_/A1                              2.507400    3.390386   -0.882986 (VIOLATED)
_09073_/A1                              2.507400    3.390363   -0.882963 (VIOLATED)
_09078_/A1                              2.507400    3.390348   -0.882948 (VIOLATED)
_08285_/S1                              2.507400    3.390319   -0.882919 (VIOLATED)
_08405_/A1                              2.507400    3.390318   -0.882918 (VIOLATED)
_09040_/B1                              2.507400    3.390317   -0.882917 (VIOLATED)
_09044_/B2                              2.507400    3.390317   -0.882917 (VIOLATED)
_09721_/S1                              2.507400    3.390312   -0.882912 (VIOLATED)
_08803_/A                               2.507400    3.390275   -0.882875 (VIOLATED)
_08734_/S1                              2.507400    3.390257   -0.882857 (VIOLATED)
_08740_/S1                              2.507400    3.390247   -0.882846 (VIOLATED)
_09085_/A2                              2.507400    3.390195   -0.882794 (VIOLATED)
_10621_/A                               2.507400    3.390149   -0.882749 (VIOLATED)
_09730_/A1                              2.507400    3.390148   -0.882747 (VIOLATED)
_10423_/A2                              2.507400    3.390147   -0.882747 (VIOLATED)
_08271_/A1                              2.507400    3.390139   -0.882739 (VIOLATED)
_10577_/A                               2.507400    3.390135   -0.882735 (VIOLATED)
_10627_/A                               2.507400    3.390135   -0.882735 (VIOLATED)
_08867_/A                               2.507400    3.390133   -0.882733 (VIOLATED)
_09287_/A                               2.507400    3.390131   -0.882731 (VIOLATED)
_08975_/B1                              2.507400    3.390130   -0.882730 (VIOLATED)
_08976_/A2                              2.507400    3.390128   -0.882727 (VIOLATED)
_09279_/A2                              2.507400    3.390128   -0.882727 (VIOLATED)
_09388_/A                               2.507400    3.390125   -0.882725 (VIOLATED)
_09052_/B1                              2.507400    3.390123   -0.882723 (VIOLATED)
_08999_/A1                              2.507400    3.390121   -0.882721 (VIOLATED)
_08453_/A2                              2.507400    3.390117   -0.882717 (VIOLATED)
_09049_/S1                              2.507400    3.390115   -0.882715 (VIOLATED)
_10348_/B                               2.507400    3.390111   -0.882711 (VIOLATED)
_08553_/A                               2.507400    3.390100   -0.882699 (VIOLATED)
_10361_/B1                              2.507400    3.390100   -0.882699 (VIOLATED)
_08697_/A2                              2.507400    3.390079   -0.882679 (VIOLATED)
_09135_/A2                              2.507400    3.390079   -0.882679 (VIOLATED)
_09452_/A2                              2.507400    3.390074   -0.882674 (VIOLATED)
_09134_/A                               2.507400    3.390070   -0.882670 (VIOLATED)
_08698_/A1                              2.507400    3.390049   -0.882649 (VIOLATED)
_08545_/A                               2.507400    3.390028   -0.882628 (VIOLATED)
_08786_/S                               2.507400    3.390025   -0.882625 (VIOLATED)
_08605_/A2                              2.507400    3.390024   -0.882624 (VIOLATED)
_08606_/A1                              2.507400    3.390024   -0.882624 (VIOLATED)
_08628_/B                               2.507400    3.390021   -0.882621 (VIOLATED)
_08150_/Y                               2.507400    3.390019   -0.882619 (VIOLATED)
_08613_/A1                              2.507400    3.390019   -0.882619 (VIOLATED)
_08620_/B1                              2.507400    3.390019   -0.882619 (VIOLATED)
_08621_/A2                              2.507400    3.390019   -0.882619 (VIOLATED)
_08783_/B2                              2.507400    3.390019   -0.882619 (VIOLATED)
_08792_/S1                              2.507400    3.390019   -0.882619 (VIOLATED)
_08148_/B                               2.507400    3.379790   -0.872389 (VIOLATED)
_10582_/A2                              2.507400    3.379789   -0.872389 (VIOLATED)
_11334_/A2                              2.507400    3.379788   -0.872388 (VIOLATED)
_09347_/A2                              2.507400    3.379787   -0.872387 (VIOLATED)
_10012_/A2                              2.507400    3.379786   -0.872386 (VIOLATED)
_09399_/A2                              2.507400    3.379782   -0.872382 (VIOLATED)
_10777_/A2                              2.507400    3.379767   -0.872367 (VIOLATED)
_08150_/A2                              2.507400    3.379727   -0.872327 (VIOLATED)
_08161_/A                               2.507400    3.379725   -0.872325 (VIOLATED)
_09048_/A2                              2.507400    3.379722   -0.872322 (VIOLATED)
_08982_/A2                              2.507400    3.379720   -0.872320 (VIOLATED)
_09836_/A1                              2.507400    3.379718   -0.872318 (VIOLATED)
_08665_/A1                              2.507400    3.379714   -0.872314 (VIOLATED)
_10321_/B1                              2.507400    3.379715   -0.872315 (VIOLATED)
_09840_/A1                              2.507400    3.379714   -0.872314 (VIOLATED)
_08684_/A2                              2.507400    3.379702   -0.872302 (VIOLATED)
_09857_/A2                              2.507400    3.379695   -0.872295 (VIOLATED)
_08146_/Y                               2.507400    3.379693   -0.872293 (VIOLATED)
_08552_/A2                              2.507400    3.379693   -0.872293 (VIOLATED)
_08649_/B                               2.507400    3.379693   -0.872293 (VIOLATED)
_09427_/A                               2.507400    3.379693   -0.872293 (VIOLATED)
_09834_/A2                              2.507400    3.379693   -0.872293 (VIOLATED)
_09872_/A2                              2.507400    3.379693   -0.872293 (VIOLATED)
_10390_/A2                              2.507400    3.379693   -0.872293 (VIOLATED)
_10655_/A2                              2.507400    3.379693   -0.872293 (VIOLATED)
_13958_/S                               2.507400    3.271687   -0.764286 (VIOLATED)
_13964_/S                               2.507400    3.271687   -0.764287 (VIOLATED)
_13962_/S                               2.507400    3.271685   -0.764285 (VIOLATED)
_13960_/S                               2.507400    3.271683   -0.764282 (VIOLATED)
_13959_/S                               2.507400    3.271678   -0.764278 (VIOLATED)
_13961_/S                               2.507400    3.271677   -0.764276 (VIOLATED)
_13982_/S                               2.507400    3.271671   -0.764271 (VIOLATED)
_13984_/S                               2.507400    3.271667   -0.764267 (VIOLATED)
_13973_/S                               2.507400    3.271664   -0.764264 (VIOLATED)
_13966_/S                               2.507400    3.271662   -0.764262 (VIOLATED)
_13972_/S                               2.507400    3.271663   -0.764263 (VIOLATED)
_13983_/S                               2.507400    3.271662   -0.764261 (VIOLATED)
_13969_/S                               2.507400    3.271660   -0.764260 (VIOLATED)
_13986_/S                               2.507400    3.271660   -0.764260 (VIOLATED)
_13965_/S                               2.507400    3.271657   -0.764257 (VIOLATED)
_13968_/S                               2.507400    3.271657   -0.764257 (VIOLATED)
_13957_/S                               2.507400    3.271656   -0.764256 (VIOLATED)
_13970_/S                               2.507400    3.271654   -0.764254 (VIOLATED)
_13980_/S                               2.507400    3.271653   -0.764253 (VIOLATED)
_13971_/S                               2.507400    3.271649   -0.764248 (VIOLATED)
_13967_/S                               2.507400    3.271648   -0.764248 (VIOLATED)
_13981_/S                               2.507400    3.271646   -0.764246 (VIOLATED)
_13985_/S                               2.507400    3.271643   -0.764242 (VIOLATED)
_13963_/S                               2.507400    3.271640   -0.764240 (VIOLATED)
_13974_/S                               2.507400    3.271638   -0.764238 (VIOLATED)
_13975_/S                               2.507400    3.271635   -0.764234 (VIOLATED)
_13977_/S                               2.507400    3.271633   -0.764233 (VIOLATED)
_13979_/S                               2.507400    3.271631   -0.764231 (VIOLATED)
_13978_/S                               2.507400    3.271626   -0.764225 (VIOLATED)
_13976_/S                               2.507400    3.271616   -0.764216 (VIOLATED)
_13956_/Y                               2.507400    3.271599   -0.764199 (VIOLATED)
_08162_/B                               2.507400    3.264852   -0.757452 (VIOLATED)
_10581_/B                               2.507400    3.264852   -0.757452 (VIOLATED)
_11087_/B                               2.507400    3.264853   -0.757452 (VIOLATED)
_08160_/Y                               2.507400    3.264841   -0.757441 (VIOLATED)
_08551_/C                               2.507400    3.264841   -0.757441 (VIOLATED)
_08650_/A2                              2.507400    3.264841   -0.757441 (VIOLATED)
_08667_/B                               2.507400    3.264841   -0.757441 (VIOLATED)
_08703_/B                               2.507400    3.264841   -0.757441 (VIOLATED)
_08717_/A2                              2.507400    3.264841   -0.757441 (VIOLATED)
_08981_/B                               2.507400    3.264841   -0.757441 (VIOLATED)
_09132_/B                               2.507400    3.264841   -0.757441 (VIOLATED)
_09833_/A2                              2.507400    3.264841   -0.757441 (VIOLATED)
_09835_/C                               2.507400    3.264841   -0.757441 (VIOLATED)
_09839_/B                               2.507400    3.264841   -0.757441 (VIOLATED)
_10338_/B                               2.507400    3.264841   -0.757441 (VIOLATED)
_11062_/B                               2.507400    3.264841   -0.757441 (VIOLATED)
_13771_/S                               2.507400    3.065268   -0.557867 (VIOLATED)
_13773_/S                               2.507400    3.065264   -0.557864 (VIOLATED)
_13779_/S                               2.507400    3.065241   -0.557841 (VIOLATED)
_13787_/S                               2.507400    3.065210   -0.557810 (VIOLATED)
_13783_/S                               2.507400    3.065201   -0.557801 (VIOLATED)
_13777_/S                               2.507400    3.065192   -0.557792 (VIOLATED)
_13769_/S                               2.507400    3.065182   -0.557782 (VIOLATED)
_13785_/S                               2.507400    3.065167   -0.557767 (VIOLATED)
_13781_/S                               2.507400    3.065165   -0.557765 (VIOLATED)
_13776_/S                               2.507400    3.065004   -0.557604 (VIOLATED)
_13797_/S                               2.507400    3.064709   -0.557309 (VIOLATED)
_13784_/S                               2.507400    3.064528   -0.557128 (VIOLATED)
_13789_/S                               2.507400    3.064522   -0.557121 (VIOLATED)
_13775_/S                               2.507400    3.064519   -0.557119 (VIOLATED)
_13778_/S                               2.507400    3.064506   -0.557106 (VIOLATED)
_13791_/S                               2.507400    3.064503   -0.557103 (VIOLATED)
_13793_/S                               2.507400    3.064471   -0.557071 (VIOLATED)
_13795_/S                               2.507400    3.064446   -0.557046 (VIOLATED)
_13782_/S                               2.507400    3.064313   -0.556913 (VIOLATED)
_13788_/S                               2.507400    3.064184   -0.556784 (VIOLATED)
_13774_/S                               2.507400    3.064173   -0.556773 (VIOLATED)
_13780_/S                               2.507400    3.064171   -0.556771 (VIOLATED)
_13786_/S                               2.507400    3.063918   -0.556518 (VIOLATED)
_13792_/S                               2.507400    3.063826   -0.556425 (VIOLATED)
_13790_/S                               2.507400    3.063823   -0.556422 (VIOLATED)
_13794_/S                               2.507400    3.063637   -0.556236 (VIOLATED)
_13798_/S                               2.507400    3.063069   -0.555669 (VIOLATED)
_13796_/S                               2.507400    3.062777   -0.555377 (VIOLATED)
_13772_/S                               2.507400    3.062436   -0.555036 (VIOLATED)
_13770_/S                               2.507400    3.062225   -0.554825 (VIOLATED)
_13768_/Y                               2.507400    3.062211   -0.554810 (VIOLATED)
_13904_/S                               2.507400    2.955461   -0.448061 (VIOLATED)
_13900_/S                               2.507400    2.955457   -0.448057 (VIOLATED)
_13914_/S                               2.507400    2.955450   -0.448050 (VIOLATED)
_13916_/S                               2.507400    2.955424   -0.448024 (VIOLATED)
_13918_/S                               2.507400    2.955404   -0.448003 (VIOLATED)
_13906_/S                               2.507400    2.955358   -0.447958 (VIOLATED)
_13910_/S                               2.507400    2.955351   -0.447951 (VIOLATED)
_13922_/S                               2.507400    2.955326   -0.447926 (VIOLATED)
_13912_/S                               2.507400    2.955305   -0.447905 (VIOLATED)
_13920_/S                               2.507400    2.955281   -0.447881 (VIOLATED)
_13907_/S                               2.507400    2.955272   -0.447872 (VIOLATED)
_13915_/S                               2.507400    2.955271   -0.447871 (VIOLATED)
_13917_/S                               2.507400    2.955261   -0.447861 (VIOLATED)
_13905_/S                               2.507400    2.955235   -0.447835 (VIOLATED)
_13899_/S                               2.507400    2.955058   -0.447658 (VIOLATED)
_13923_/S                               2.507400    2.955008   -0.447608 (VIOLATED)
_13897_/S                               2.507400    2.954855   -0.447455 (VIOLATED)
_13911_/S                               2.507400    2.954834   -0.447434 (VIOLATED)
_13913_/S                               2.507400    2.954834   -0.447433 (VIOLATED)
_13921_/S                               2.507400    2.954829   -0.447429 (VIOLATED)
_13919_/S                               2.507400    2.954768   -0.447368 (VIOLATED)
_13909_/S                               2.507400    2.954714   -0.447314 (VIOLATED)
_13898_/S                               2.507400    2.954537   -0.447137 (VIOLATED)
_13908_/S                               2.507400    2.954398   -0.446998 (VIOLATED)
_13903_/S                               2.507400    2.954396   -0.446996 (VIOLATED)
_13902_/S                               2.507400    2.954394   -0.446994 (VIOLATED)
_13901_/S                               2.507400    2.954319   -0.446918 (VIOLATED)
_13895_/S                               2.507400    2.954189   -0.446789 (VIOLATED)
_13894_/S                               2.507400    2.954172   -0.446772 (VIOLATED)
_13896_/S                               2.507400    2.954171   -0.446771 (VIOLATED)
_13893_/Y                               2.507400    2.954143   -0.446743 (VIOLATED)
_10557_/A1                              2.507400    2.873426   -0.366026 (VIOLATED)
_10554_/A                               2.507400    2.873425   -0.366025 (VIOLATED)
_10784_/A1                              2.507400    2.873425   -0.366024 (VIOLATED)
_10470_/A1                              2.507400    2.873420   -0.366020 (VIOLATED)
_09824_/S0                              2.507400    2.873419   -0.366019 (VIOLATED)
_10538_/A1                              2.507400    2.873418   -0.366018 (VIOLATED)
_10013_/A                               2.507400    2.873412   -0.366012 (VIOLATED)
_09711_/A1                              2.507400    2.873407   -0.366007 (VIOLATED)
_08470_/A                               2.507400    2.873404   -0.366004 (VIOLATED)
_10085_/A1                              2.507400    2.873401   -0.366001 (VIOLATED)
_09803_/A                               2.507400    2.873383   -0.365983 (VIOLATED)
_10003_/A1                              2.507400    2.873380   -0.365980 (VIOLATED)
_10544_/A1                              2.507400    2.873377   -0.365977 (VIOLATED)
_10543_/A                               2.507400    2.873374   -0.365973 (VIOLATED)
_10545_/A                               2.507400    2.873369   -0.365969 (VIOLATED)
_10016_/A1                              2.507400    2.873369   -0.365969 (VIOLATED)
_09748_/A1                              2.507400    2.872602   -0.365202 (VIOLATED)
_10777_/C1                              2.507400    2.872598   -0.365198 (VIOLATED)
_09808_/A                               2.507400    2.872594   -0.365194 (VIOLATED)
_08923_/A1                              2.507400    2.872542   -0.365142 (VIOLATED)
_08156_/Y                               2.507400    2.872528   -0.365128 (VIOLATED)
_08168_/S0                              2.507400    2.872528   -0.365128 (VIOLATED)
_08309_/S0                              2.507400    2.872528   -0.365128 (VIOLATED)
_08353_/S                               2.507400    2.872528   -0.365128 (VIOLATED)
_08824_/A                               2.507400    2.872528   -0.365128 (VIOLATED)
_08826_/A                               2.507400    2.872528   -0.365128 (VIOLATED)
_08828_/A1                              2.507400    2.872528   -0.365128 (VIOLATED)
_09322_/A1                              2.507400    2.872528   -0.365128 (VIOLATED)
_09481_/S1                              2.507400    2.872528   -0.365128 (VIOLATED)
_09499_/A1                              2.507400    2.872528   -0.365128 (VIOLATED)
_09503_/S0                              2.507400    2.872528   -0.365128 (VIOLATED)
_09844_/A                               2.507400    2.872528   -0.365128 (VIOLATED)
_09886_/B                               2.507400    2.872528   -0.365128 (VIOLATED)
_09904_/C1                              2.507400    2.872528   -0.365128 (VIOLATED)
_10260_/A                               2.507400    2.872528   -0.365128 (VIOLATED)
_10639_/S1                              2.507400    2.872528   -0.365128 (VIOLATED)
_10642_/A                               2.507400    2.872528   -0.365128 (VIOLATED)
_10645_/S                               2.507400    2.872528   -0.365128 (VIOLATED)
_11125_/A1                              2.507400    2.872528   -0.365128 (VIOLATED)
_11160_/A                               2.507400    2.872528   -0.365128 (VIOLATED)
_13433_/A2                              2.507400    2.709532   -0.202132 (VIOLATED)
_13434_/A2                              2.507400    2.709532   -0.202132 (VIOLATED)
_13421_/A2                              2.507400    2.709531   -0.202131 (VIOLATED)
_13422_/A2                              2.507400    2.709531   -0.202131 (VIOLATED)
_13430_/A2                              2.507400    2.709529   -0.202129 (VIOLATED)
_13429_/A2                              2.507400    2.709528   -0.202128 (VIOLATED)
_13426_/A2                              2.507400    2.709528   -0.202128 (VIOLATED)
_13425_/A2                              2.507400    2.709528   -0.202128 (VIOLATED)
_13442_/A2                              2.507400    2.709521   -0.202121 (VIOLATED)
_13435_/A2                              2.507400    2.709520   -0.202120 (VIOLATED)
_13436_/A2                              2.507400    2.709520   -0.202120 (VIOLATED)
_13441_/A2                              2.507400    2.709520   -0.202120 (VIOLATED)
_13452_/A2                              2.507400    2.709519   -0.202119 (VIOLATED)
_13451_/A2                              2.507400    2.709518   -0.202118 (VIOLATED)
_13438_/A2                              2.507400    2.709517   -0.202117 (VIOLATED)
_13437_/A2                              2.507400    2.709517   -0.202117 (VIOLATED)
_13449_/A2                              2.507400    2.709516   -0.202116 (VIOLATED)
_13450_/A2                              2.507400    2.709516   -0.202116 (VIOLATED)
_13444_/A2                              2.507400    2.709515   -0.202115 (VIOLATED)
_13443_/A2                              2.507400    2.709515   -0.202115 (VIOLATED)
_13420_/A2                              2.507400    2.709510   -0.202109 (VIOLATED)
_13419_/A2                              2.507400    2.709508   -0.202108 (VIOLATED)
_13423_/A2                              2.507400    2.709507   -0.202107 (VIOLATED)
_13424_/A2                              2.507400    2.709507   -0.202107 (VIOLATED)
_13446_/A2                              2.507400    2.709507   -0.202107 (VIOLATED)
_13428_/A2                              2.507400    2.709506   -0.202106 (VIOLATED)
_13427_/A2                              2.507400    2.709506   -0.202106 (VIOLATED)
_13445_/A2                              2.507400    2.709506   -0.202106 (VIOLATED)
_13470_/A2                              2.507400    2.709504   -0.202104 (VIOLATED)
_13469_/A2                              2.507400    2.709504   -0.202104 (VIOLATED)
_13473_/A2                              2.507400    2.709502   -0.202102 (VIOLATED)
_13474_/A2                              2.507400    2.709502   -0.202102 (VIOLATED)
_13439_/A2                              2.507400    2.709502   -0.202101 (VIOLATED)
_13440_/A2                              2.507400    2.709502   -0.202101 (VIOLATED)
_13465_/A2                              2.507400    2.709501   -0.202101 (VIOLATED)
_13471_/A2                              2.507400    2.709501   -0.202101 (VIOLATED)
_13472_/A2                              2.507400    2.709501   -0.202101 (VIOLATED)
_13448_/A2                              2.507400    2.709501   -0.202100 (VIOLATED)
_13466_/A2                              2.507400    2.709501   -0.202100 (VIOLATED)
_13447_/A2                              2.507400    2.709500   -0.202100 (VIOLATED)
_13478_/A2                              2.507400    2.709500   -0.202100 (VIOLATED)
_13477_/A2                              2.507400    2.709500   -0.202099 (VIOLATED)
_13468_/A2                              2.507400    2.709492   -0.202092 (VIOLATED)
_13467_/A2                              2.507400    2.709491   -0.202090 (VIOLATED)
_13460_/A2                              2.507400    2.709487   -0.202087 (VIOLATED)
_13459_/A2                              2.507400    2.709486   -0.202086 (VIOLATED)
_13475_/A2                              2.507400    2.709479   -0.202079 (VIOLATED)
_13476_/A2                              2.507400    2.709479   -0.202079 (VIOLATED)
_13464_/A2                              2.507400    2.709477   -0.202077 (VIOLATED)
_13463_/A2                              2.507400    2.709476   -0.202076 (VIOLATED)
_13456_/A2                              2.507400    2.709475   -0.202075 (VIOLATED)
_13455_/A2                              2.507400    2.709473   -0.202073 (VIOLATED)
_13417_/Y                               2.507400    2.709454   -0.202053 (VIOLATED)
_08138_/Y                               2.507400    2.695457   -0.188057 (VIOLATED)
_08141_/B                               2.507400    2.695457   -0.188057 (VIOLATED)
_08156_/A1                              2.507400    2.695457   -0.188057 (VIOLATED)
_08756_/A2                              2.507400    2.695457   -0.188057 (VIOLATED)
_09025_/A2                              2.507400    2.695457   -0.188057 (VIOLATED)
_09346_/B                               2.507400    2.695457   -0.188057 (VIOLATED)
_09357_/B                               2.507400    2.695457   -0.188057 (VIOLATED)
_09400_/A2                              2.507400    2.695457   -0.188057 (VIOLATED)
_09902_/B                               2.507400    2.695457   -0.188057 (VIOLATED)
_10324_/A2                              2.507400    2.695457   -0.188057 (VIOLATED)
_10389_/B                               2.507400    2.695457   -0.188057 (VIOLATED)
_10522_/A2                              2.507400    2.695457   -0.188057 (VIOLATED)
_10654_/A2                              2.507400    2.695457   -0.188057 (VIOLATED)
_10582_/B1                              2.507400    2.538998   -0.031598 (VIOLATED)
_09347_/B1                              2.507400    2.538997   -0.031597 (VIOLATED)
_10522_/B1                              2.507400    2.538996   -0.031596 (VIOLATED)
_09400_/B1                              2.507400    2.538995   -0.031595 (VIOLATED)
_09359_/A2                              2.507400    2.538982   -0.031582 (VIOLATED)
_09048_/B1                              2.507400    2.538974   -0.031573 (VIOLATED)
_10011_/B                               2.507400    2.538968   -0.031567 (VIOLATED)
_08161_/B                               2.507400    2.538967   -0.031567 (VIOLATED)
_11068_/B1                              2.507400    2.538967   -0.031567 (VIOLATED)
_10324_/B1                              2.507400    2.538962   -0.031562 (VIOLATED)
_09836_/A2                              2.507400    2.538961   -0.031561 (VIOLATED)
_09025_/B1                              2.507400    2.538959   -0.031559 (VIOLATED)
_08159_/Y                               2.507400    2.538959   -0.031558 (VIOLATED)
_08552_/B1                              2.507400    2.538959   -0.031558 (VIOLATED)
_08649_/C                               2.507400    2.538959   -0.031558 (VIOLATED)
_08665_/A2                              2.507400    2.538959   -0.031558 (VIOLATED)
_08684_/B1                              2.507400    2.538959   -0.031558 (VIOLATED)
_08756_/B1                              2.507400    2.538959   -0.031558 (VIOLATED)
_09427_/B                               2.507400    2.538959   -0.031558 (VIOLATED)
_09840_/A2                              2.507400    2.538959   -0.031558 (VIOLATED)
_10390_/B1                              2.507400    2.538959   -0.031558 (VIOLATED)
_10649_/A2                              2.507400    2.538959   -0.031558 (VIOLATED)
_10655_/B1                              2.507400    2.538959   -0.031558 (VIOLATED)
_11079_/A2                              2.507400    2.528807   -0.021407 (VIOLATED)
_09951_/A2                              2.507400    2.528807   -0.021407 (VIOLATED)
_10718_/A2                              2.507400    2.528807   -0.021407 (VIOLATED)
_10712_/A2                              2.507400    2.528807   -0.021406 (VIOLATED)
_09947_/A2                              2.507400    2.528804   -0.021404 (VIOLATED)
_08205_/B                               2.507400    2.528797   -0.021397 (VIOLATED)
_11106_/A2                              2.507400    2.528792   -0.021392 (VIOLATED)
_10047_/A2                              2.507400    2.528792   -0.021392 (VIOLATED)
_10044_/A2                              2.507400    2.528791   -0.021391 (VIOLATED)
_08204_/Y                               2.507400    2.528788   -0.021388 (VIOLATED)
_08206_/B                               2.507400    2.528788   -0.021388 (VIOLATED)
_09977_/A2                              2.507400    2.528788   -0.021388 (VIOLATED)
_09989_/A2                              2.507400    2.528788   -0.021388 (VIOLATED)
_10542_/B                               2.507400    2.517787   -0.010387 (VIOLATED)
_10563_/A1                              2.507400    2.517787   -0.010387 (VIOLATED)
_10591_/A1                              2.507400    2.517787   -0.010387 (VIOLATED)
_10668_/A1                              2.507400    2.517779   -0.010379 (VIOLATED)
_10667_/A1                              2.507400    2.517778   -0.010377 (VIOLATED)
_10282_/A                               2.507400    2.517771   -0.010371 (VIOLATED)
_10283_/A1                              2.507400    2.517770   -0.010370 (VIOLATED)
_09756_/A                               2.507400    2.517762   -0.010361 (VIOLATED)
_10328_/A1                              2.507400    2.517760   -0.010360 (VIOLATED)
_09744_/A                               2.507400    2.517759   -0.010359 (VIOLATED)
_09739_/A                               2.507400    2.517759   -0.010358 (VIOLATED)
_09740_/A1                              2.507400    2.517755   -0.010355 (VIOLATED)
_09991_/S0                              2.507400    2.517746   -0.010346 (VIOLATED)
_10285_/B1                              2.507400    2.517745   -0.010344 (VIOLATED)
_10059_/A1                              2.507400    2.517737   -0.010337 (VIOLATED)
_10074_/A                               2.507400    2.517735   -0.010335 (VIOLATED)
_10049_/A                               2.507400    2.517735   -0.010334 (VIOLATED)
_10819_/A1                              2.507400    2.517734   -0.010334 (VIOLATED)
_10081_/B2                              2.507400    2.517733   -0.010333 (VIOLATED)
_10050_/A1                              2.507400    2.517730   -0.010330 (VIOLATED)
_09706_/A                               2.507400    2.517730   -0.010330 (VIOLATED)
_10055_/A                               2.507400    2.517722   -0.010322 (VIOLATED)
_09164_/A                               2.507400    2.517702   -0.010302 (VIOLATED)
_09877_/A                               2.507400    2.517696   -0.010296 (VIOLATED)
_09879_/B2                              2.507400    2.517696   -0.010296 (VIOLATED)
_09878_/A1                              2.507400    2.517696   -0.010296 (VIOLATED)
_09956_/A1                              2.507400    2.517695   -0.010295 (VIOLATED)
_09920_/S                               2.507400    2.517693   -0.010293 (VIOLATED)
_08101_/B                               2.507400    2.517688   -0.010288 (VIOLATED)
_11058_/A1                              2.507400    2.517685   -0.010285 (VIOLATED)
_10848_/A                               2.507400    2.517685   -0.010285 (VIOLATED)
_09530_/A                               2.507400    2.517680   -0.010280 (VIOLATED)
_09513_/A                               2.507400    2.517679   -0.010279 (VIOLATED)
_10402_/A                               2.507400    2.517678   -0.010278 (VIOLATED)
_11137_/B1                              2.507400    2.517676   -0.010276 (VIOLATED)
_10730_/A                               2.507400    2.517674   -0.010274 (VIOLATED)
_11272_/A                               2.507400    2.517666   -0.010266 (VIOLATED)
_09695_/S                               2.507400    2.517662   -0.010261 (VIOLATED)
_09163_/A                               2.507400    2.517655   -0.010255 (VIOLATED)
_10411_/A1                              2.507400    2.517655   -0.010255 (VIOLATED)
_08264_/B                               2.507400    2.517652   -0.010252 (VIOLATED)
_09506_/S                               2.507400    2.517648   -0.010248 (VIOLATED)
_10231_/A1                              2.507400    2.517632   -0.010232 (VIOLATED)
_08478_/A                               2.507400    2.517619   -0.010219 (VIOLATED)
_08953_/S                               2.507400    2.517619   -0.010219 (VIOLATED)
_11155_/A                               2.507400    2.517619   -0.010219 (VIOLATED)
_09309_/A                               2.507400    2.517618   -0.010218 (VIOLATED)
_11156_/A1                              2.507400    2.517618   -0.010218 (VIOLATED)
_09378_/A1                              2.507400    2.517618   -0.010218 (VIOLATED)
_08882_/B                               2.507400    2.517615   -0.010215 (VIOLATED)
_08991_/S                               2.507400    2.517613   -0.010213 (VIOLATED)
_09009_/B2                              2.507400    2.517612   -0.010212 (VIOLATED)
_08881_/A1                              2.507400    2.517604   -0.010203 (VIOLATED)
_08877_/A                               2.507400    2.517583   -0.010183 (VIOLATED)
_08602_/A1                              2.507400    2.517581   -0.010181 (VIOLATED)
_09339_/A                               2.507400    2.517571   -0.010171 (VIOLATED)
_09455_/A                               2.507400    2.517564   -0.010164 (VIOLATED)
_08777_/A                               2.507400    2.517563   -0.010163 (VIOLATED)
_08599_/A                               2.507400    2.517540   -0.010140 (VIOLATED)
_08795_/B2                              2.507400    2.517539   -0.010139 (VIOLATED)
_08672_/A                               2.507400    2.517535   -0.010135 (VIOLATED)
_08294_/A                               2.507400    2.517533   -0.010133 (VIOLATED)
_08601_/A                               2.507400    2.517529   -0.010129 (VIOLATED)
_08265_/A1                              2.507400    2.517525   -0.010125 (VIOLATED)
_08876_/A                               2.507400    2.517501   -0.010101 (VIOLATED)
_08821_/A                               2.507400    2.517478   -0.010078 (VIOLATED)
_08512_/A                               2.507400    2.517423   -0.010023 (VIOLATED)
_09036_/C1                              2.507400    2.517277   -0.009877 (VIOLATED)
_08098_/Y                               2.507400    2.517273   -0.009873 (VIOLATED)

max fanout

Pin                                   Limit Fanout  Slack
---------------------------------------------------------
ui_PAD2CORE[0]                            8   1051  -1043 (VIOLATED)
_08091_/Y                                 8    408   -400 (VIOLATED)
_08136_/Y                                 8    215   -207 (VIOLATED)
_08137_/Y                                 8    212   -204 (VIOLATED)
_08129_/Y                                 8    161   -153 (VIOLATED)
_08130_/Y                                 8    153   -145 (VIOLATED)
ui_PAD2CORE[3]                            8    134   -126 (VIOLATED)
_12425_/Y                                 8    115   -107 (VIOLATED)
_08153_/Y                                 8     85    -77 (VIOLATED)
_08149_/Y                                 8     78    -70 (VIOLATED)
ui_PAD2CORE[1]                            8     76    -68 (VIOLATED)
ui_PAD2CORE[4]                            8     76    -68 (VIOLATED)
_08098_/Y                                 8     68    -60 (VIOLATED)
_08120_/Y                                 8     60    -52 (VIOLATED)
_08118_/Y                                 8     55    -47 (VIOLATED)
_13479_/Y                                 8     54    -46 (VIOLATED)
_08150_/Y                                 8     52    -44 (VIOLATED)
_13104_/Y                                 8     52    -44 (VIOLATED)
_13417_/Y                                 8     52    -44 (VIOLATED)
_08144_/Y                                 8     50    -42 (VIOLATED)
_08252_/Y                                 8     50    -42 (VIOLATED)
_08145_/Y                                 8     49    -41 (VIOLATED)
_08099_/Y                                 8     47    -39 (VIOLATED)
_08115_/Y                                 8     44    -36 (VIOLATED)
_08155_/X                                 8     44    -36 (VIOLATED)
_08117_/X                                 8     42    -34 (VIOLATED)
_08161_/Y                                 8     42    -34 (VIOLATED)
_08441_/Y                                 8     41    -33 (VIOLATED)
_08162_/Y                                 8     40    -32 (VIOLATED)
_08156_/Y                                 8     39    -31 (VIOLATED)
_08114_/Y                                 8     38    -30 (VIOLATED)
_13354_/Y                                 8     38    -30 (VIOLATED)
_08232_/Y                                 8     36    -28 (VIOLATED)
_08442_/Y                                 8     36    -28 (VIOLATED)
_13230_/Y                                 8     36    -28 (VIOLATED)
_08251_/Y                                 8     34    -26 (VIOLATED)
_12915_/Y                                 8     34    -26 (VIOLATED)
_13292_/Y                                 8     34    -26 (VIOLATED)
_15429_/Q                                 8     34    -26 (VIOLATED)
_15431_/Q                                 8     34    -26 (VIOLATED)
_15457_/Q                                 8     33    -25 (VIOLATED)
_15459_/Q                                 8     33    -25 (VIOLATED)
_12977_/Y                                 8     32    -24 (VIOLATED)
_13042_/Y                                 8     32    -24 (VIOLATED)
_13168_/X                                 8     32    -24 (VIOLATED)
_15453_/Q                                 8     31    -23 (VIOLATED)
_13543_/Y                                 8     30    -22 (VIOLATED)
_13574_/X                                 8     30    -22 (VIOLATED)
_13606_/Y                                 8     30    -22 (VIOLATED)
_13637_/X                                 8     30    -22 (VIOLATED)
_13669_/Y                                 8     30    -22 (VIOLATED)
_13705_/Y                                 8     30    -22 (VIOLATED)
_13737_/Y                                 8     30    -22 (VIOLATED)
_13768_/Y                                 8     30    -22 (VIOLATED)
_13799_/Y                                 8     30    -22 (VIOLATED)
_13831_/Y                                 8     30    -22 (VIOLATED)
_13862_/Y                                 8     30    -22 (VIOLATED)
_13893_/Y                                 8     30    -22 (VIOLATED)
_13924_/Y                                 8     30    -22 (VIOLATED)
_13956_/Y                                 8     30    -22 (VIOLATED)
_13987_/Y                                 8     30    -22 (VIOLATED)
_14019_/Y                                 8     30    -22 (VIOLATED)
_14050_/Y                                 8     30    -22 (VIOLATED)
_14081_/X                                 8     30    -22 (VIOLATED)
_14112_/Y                                 8     30    -22 (VIOLATED)
_08154_/Y                                 8     29    -21 (VIOLATED)
_08440_/Y                                 8     29    -21 (VIOLATED)
_08443_/Y                                 8     29    -21 (VIOLATED)
_12665_/Y                                 8     29    -21 (VIOLATED)
_15458_/Q                                 8     29    -21 (VIOLATED)
_08119_/Y                                 8     28    -20 (VIOLATED)
_12978_/X                                 8     28    -20 (VIOLATED)
_13041_/Y                                 8     28    -20 (VIOLATED)
_13169_/Y                                 8     28    -20 (VIOLATED)
_08302_/Y                                 8     27    -19 (VIOLATED)
_08294_/Y                                 8     26    -18 (VIOLATED)
_12914_/X                                 8     26    -18 (VIOLATED)
_13293_/Y                                 8     26    -18 (VIOLATED)
_08132_/Y                                 8     25    -17 (VIOLATED)
_08135_/Y                                 8     25    -17 (VIOLATED)
_15401_/Q                                 8     25    -17 (VIOLATED)
_08146_/Y                                 8     24    -16 (VIOLATED)
_08234_/Y                                 8     24    -16 (VIOLATED)
_08263_/Y                                 8     24    -16 (VIOLATED)
_13231_/Y                                 8     24    -16 (VIOLATED)
_08295_/Y                                 8     23    -15 (VIOLATED)
_15403_/Q                                 8     23    -15 (VIOLATED)
_08159_/Y                                 8     22    -14 (VIOLATED)
_08264_/Y                                 8     22    -14 (VIOLATED)
_08301_/Y                                 8     22    -14 (VIOLATED)
_13355_/Y                                 8     22    -14 (VIOLATED)
ui_PAD2CORE[2]                            8     20    -12 (VIOLATED)
_08100_/Y                                 8     20    -12 (VIOLATED)
_08111_/Y                                 8     20    -12 (VIOLATED)
_08233_/X                                 8     20    -12 (VIOLATED)
_08439_/Y                                 8     19    -11 (VIOLATED)
_08108_/X                                 8     18    -10 (VIOLATED)
_08147_/Y                                 8     18    -10 (VIOLATED)
_08298_/Y                                 8     18    -10 (VIOLATED)
_08438_/X                                 8     18    -10 (VIOLATED)
_12313_/Y                                 8     18    -10 (VIOLATED)
_08101_/Y                                 8     17     -9 (VIOLATED)
_08169_/Y                                 8     17     -9 (VIOLATED)
_08205_/X                                 8     17     -9 (VIOLATED)
_08644_/Y                                 8     16     -8 (VIOLATED)
_12293_/Y                                 8     16     -8 (VIOLATED)
_15402_/Q                                 8     16     -8 (VIOLATED)
_08160_/Y                                 8     15     -7 (VIOLATED)
_08299_/Y                                 8     15     -7 (VIOLATED)
_08645_/Y                                 8     15     -7 (VIOLATED)
_12373_/Y                                 8     15     -7 (VIOLATED)
_12818_/Y                                 8     15     -7 (VIOLATED)
_14143_/X                                 8     15     -7 (VIOLATED)
_12650_/Y                                 8     14     -6 (VIOLATED)
_08109_/Y                                 8     13     -5 (VIOLATED)
_08110_/Y                                 8     13     -5 (VIOLATED)
_08126_/X                                 8     13     -5 (VIOLATED)
_08128_/Y                                 8     13     -5 (VIOLATED)
_08131_/Y                                 8     13     -5 (VIOLATED)
_08134_/Y                                 8     13     -5 (VIOLATED)
_08185_/X                                 8     13     -5 (VIOLATED)
_08206_/Y                                 8     13     -5 (VIOLATED)
_08235_/Y                                 8     13     -5 (VIOLATED)
_15400_/Q                                 8     13     -5 (VIOLATED)
_08087_/Y                                 8     12     -4 (VIOLATED)
_08112_/Y                                 8     12     -4 (VIOLATED)
_08138_/Y                                 8     12     -4 (VIOLATED)
_08204_/Y                                 8     12     -4 (VIOLATED)
_08237_/Y                                 8     12     -4 (VIOLATED)
_14846_/Q                                 8     12     -4 (VIOLATED)
_14847_/Q                                 8     12     -4 (VIOLATED)
_14848_/Q                                 8     12     -4 (VIOLATED)
_14849_/Q                                 8     12     -4 (VIOLATED)
_14850_/Q                                 8     12     -4 (VIOLATED)
_14851_/Q                                 8     12     -4 (VIOLATED)
_14852_/Q                                 8     12     -4 (VIOLATED)
_14853_/Q                                 8     12     -4 (VIOLATED)
_14854_/Q                                 8     12     -4 (VIOLATED)
_14855_/Q                                 8     12     -4 (VIOLATED)
_14856_/Q                                 8     12     -4 (VIOLATED)
_14857_/Q                                 8     12     -4 (VIOLATED)
_14858_/Q                                 8     12     -4 (VIOLATED)
_14859_/Q                                 8     12     -4 (VIOLATED)
_14860_/Q                                 8     12     -4 (VIOLATED)
_14861_/Q                                 8     12     -4 (VIOLATED)
_14862_/Q                                 8     12     -4 (VIOLATED)
_14863_/Q                                 8     12     -4 (VIOLATED)
_14864_/Q                                 8     12     -4 (VIOLATED)
_14865_/Q                                 8     12     -4 (VIOLATED)
_14866_/Q                                 8     12     -4 (VIOLATED)
_14867_/Q                                 8     12     -4 (VIOLATED)
_14868_/Q                                 8     12     -4 (VIOLATED)
_14869_/Q                                 8     12     -4 (VIOLATED)
_14870_/Q                                 8     12     -4 (VIOLATED)
_14871_/Q                                 8     12     -4 (VIOLATED)
_14872_/Q                                 8     12     -4 (VIOLATED)
_14873_/Q                                 8     12     -4 (VIOLATED)
_14889_/Q                                 8     12     -4 (VIOLATED)
_15439_/Q                                 8     12     -4 (VIOLATED)
_09831_/Y                                 8     11     -3 (VIOLATED)
_10824_/Y                                 8     11     -3 (VIOLATED)
_14874_/Q                                 8     11     -3 (VIOLATED)
_15311_/Q                                 8     11     -3 (VIOLATED)
_08127_/Y                                 8     10     -2 (VIOLATED)
_14595_/Q                                 8     10     -2 (VIOLATED)
_14618_/Q                                 8     10     -2 (VIOLATED)
_14638_/Q                                 8     10     -2 (VIOLATED)
_14681_/Q                                 8     10     -2 (VIOLATED)
_14683_/Q                                 8     10     -2 (VIOLATED)
_15440_/Q                                 8     10     -2 (VIOLATED)
_08113_/Y                                 8      9        (VIOLATED)
_08148_/Y                                 8      9        (VIOLATED)
_08152_/Y                                 8      9        (VIOLATED)
_08186_/Y                                 8      9        (VIOLATED)
_08192_/Y                                 8      9        (VIOLATED)
_09238_/Y                                 8      9        (VIOLATED)
_14565_/Q                                 8      9        (VIOLATED)
_14566_/Q                                 8      9        (VIOLATED)
_14568_/Q                                 8      9        (VIOLATED)
_14607_/Q                                 8      9        (VIOLATED)
_14611_/Q                                 8      9        (VIOLATED)
_14627_/Q                                 8      9        (VIOLATED)
_14634_/Q                                 8      9        (VIOLATED)

max capacitance

Pin                                        Limit         Cap       Slack
------------------------------------------------------------------------
ui_PAD2CORE[0]                          1.200000    4.400759   -3.200759 (VIOLATED)
_08091_/Y                               0.300000    2.048041   -1.748041 (VIOLATED)
_08136_/Y                               0.300000    1.578867   -1.278867 (VIOLATED)
_08130_/Y                               0.300000    1.235984   -0.935984 (VIOLATED)
_08129_/Y                               0.300000    1.176664   -0.876664 (VIOLATED)
_08137_/Y                               0.300000    1.158788   -0.858788 (VIOLATED)
_12425_/Y                               0.300000    0.637167   -0.337167 (VIOLATED)
_08149_/Y                               0.300000    0.462011   -0.162011 (VIOLATED)
_08153_/Y                               0.300000    0.439448   -0.139448 (VIOLATED)
_08150_/Y                               0.300000    0.314002   -0.014002 (VIOLATED)
_08098_/Y                               0.300000    0.309959   -0.009959 (VIOLATED)
_08120_/Y                               0.300000    0.303512   -0.003512 (VIOLATED)



===========================================================================
report_parasitic_annotation -report_unannotated
============================================================================
Found 14 unannotated drivers.
 clk_i
 rst_ni
 ui_PAD2CORE[10]
 ui_PAD2CORE[11]
 ui_PAD2CORE[12]
 ui_PAD2CORE[13]
 ui_PAD2CORE[14]
 ui_PAD2CORE[15]
 ui_PAD2CORE[16]
 ui_PAD2CORE[5]
 ui_PAD2CORE[6]
 ui_PAD2CORE[7]
 ui_PAD2CORE[8]
 ui_PAD2CORE[9]
Found 17 partially unannotated drivers.
 _16262_/L_LO
 _16263_/L_LO
 _16264_/L_LO
 _16265_/L_LO
 _16266_/L_LO
 _16267_/L_LO
 _16268_/L_LO
 _16269_/L_LO
 _16270_/L_LO
 _16271_/L_LO
 _16272_/L_LO
 _16273_/L_LO
 _16274_/L_LO
 _16275_/L_LO
 _16276_/X
 _16277_/X
 _16278_/X

===========================================================================
max slew violation count 2916
Writing metric design__max_slew_violation__count__corner:nom_typ_1p20V_25C: 2916
max fanout violation count 183
Writing metric design__max_fanout_violation__count__corner:nom_typ_1p20V_25C: 183
max cap violation count 12
Writing metric design__max_cap_violation__count__corner:nom_typ_1p20V_25C: 12
============================================================================

===========================================================================
check_setup -verbose -unconstrained_endpoints -multiple_clock -no_clock -no_input_delay -loops -generated_clocks
===========================================================================
Warning: There are 1051 unclocked register/latch pins.
  _14429_/CLK
  _14430_/CLK
  _14431_/CLK
  _14432_/CLK
  _14433_/CLK
  _14434_/CLK
  _14435_/CLK
  _14436_/CLK
  _14437_/CLK
  _14438_/CLK
  _14439_/CLK
  _14440_/CLK
  _14441_/CLK
  _14442_/CLK
  _14443_/CLK
  _14444_/CLK
  _14445_/CLK
  _14446_/CLK
  _14447_/CLK
  _14448_/CLK
  _14449_/CLK
  _14450_/CLK
  _14451_/CLK
  _14452_/CLK
  _14453_/CLK
  _14454_/CLK
  _14455_/CLK
  _14456_/CLK
  _14457_/CLK
  _14458_/CLK
  _14459_/CLK
  _14460_/CLK
  _14461_/CLK
  _14462_/CLK
  _14463_/CLK
  _14464_/CLK
  _14465_/CLK
  _14466_/CLK
  _14467_/CLK
  _14468_/CLK
  _14469_/CLK
  _14470_/CLK
  _14471_/CLK
  _14472_/CLK
  _14473_/CLK
  _14474_/CLK
  _14475_/CLK
  _14476_/CLK
  _14477_/CLK
  _14478_/CLK
  _14479_/CLK
  _14480_/CLK
  _14481_/CLK
  _14482_/CLK
  _14483_/CLK
  _14484_/CLK
  _14485_/CLK
  _14486_/CLK
  _14487_/CLK
  _14488_/CLK
  _14489_/CLK
  _14490_/CLK
  _14491_/CLK
  _14492_/CLK
  _14493_/CLK
  _14494_/CLK
  _14495_/CLK
  _14496_/CLK
  _14497_/CLK
  _14498_/CLK
  _14499_/CLK
  _14500_/CLK
  _14501_/CLK
  _14502_/CLK
  _14503_/CLK
  _14504_/CLK
  _14505_/CLK
  _14506_/CLK
  _14507_/CLK
  _14508_/CLK
  _14509_/CLK
  _14510_/CLK
  _14511_/CLK
  _14512_/CLK
  _14513_/CLK
  _14514_/CLK
  _14515_/CLK
  _14516_/CLK
  _14517_/CLK
  _14518_/CLK
  _14519_/CLK
  _14520_/CLK
  _14521_/CLK
  _14522_/CLK
  _14523_/CLK
  _14524_/CLK
  _14525_/CLK
  _14526_/CLK
  _14527_/CLK
  _14528_/CLK
  _14529_/CLK
  _14530_/CLK
  _14531_/CLK
  _14532_/CLK
  _14533_/CLK
  _14534_/CLK
  _14535_/CLK
  _14536_/CLK
  _14537_/CLK
  _14538_/CLK
  _14539_/CLK
  _14540_/CLK
  _14541_/CLK
  _14542_/CLK
  _14543_/CLK
  _14544_/CLK
  _14545_/CLK
  _14546_/CLK
  _14547_/CLK
  _14548_/CLK
  _14549_/CLK
  _14550_/CLK
  _14551_/CLK
  _14552_/CLK
  _14553_/CLK
  _14554_/CLK
  _14555_/CLK
  _14556_/CLK
  _14557_/CLK
  _14558_/CLK
  _14559_/CLK
  _14560_/CLK
  _14561_/CLK
  _14562_/CLK
  _14563_/CLK
  _14564_/CLK
  _14565_/CLK
  _14566_/CLK
  _14567_/CLK
  _14568_/CLK
  _14569_/CLK
  _14570_/CLK
  _14571_/CLK
  _14572_/CLK
  _14573_/CLK
  _14574_/CLK
  _14575_/CLK
  _14576_/CLK
  _14577_/CLK
  _14578_/CLK
  _14579_/CLK
  _14580_/CLK
  _14581_/CLK
  _14582_/CLK
  _14583_/CLK
  _14584_/CLK
  _14585_/CLK
  _14586_/CLK
  _14587_/CLK
  _14588_/CLK
  _14589_/CLK
  _14590_/CLK
  _14591_/CLK
  _14592_/CLK
  _14593_/CLK
  _14594_/CLK
  _14595_/CLK
  _14596_/CLK
  _14597_/CLK
  _14598_/CLK
  _14599_/CLK
  _14600_/CLK
  _14601_/CLK
  _14602_/CLK
  _14603_/CLK
  _14604_/CLK
  _14605_/CLK
  _14606_/CLK
  _14607_/CLK
  _14608_/CLK
  _14609_/CLK
  _14610_/CLK
  _14611_/CLK
  _14612_/CLK
  _14613_/CLK
  _14614_/CLK
  _14615_/CLK
  _14616_/CLK
  _14617_/CLK
  _14618_/CLK
  _14619_/CLK
  _14620_/CLK
  _14621_/CLK
  _14622_/CLK
  _14623_/CLK
  _14624_/CLK
  _14625_/CLK
  _14626_/CLK
  _14627_/CLK
  _14628_/CLK
  _14629_/CLK
  _14630_/CLK
  _14631_/CLK
  _14632_/CLK
  _14633_/CLK
  _14634_/CLK
  _14635_/CLK
  _14636_/CLK
  _14637_/CLK
  _14638_/CLK
  _14639_/CLK
  _14640_/CLK
  _14641_/CLK
  _14642_/CLK
  _14643_/CLK
  _14644_/CLK
  _14645_/CLK
  _14646_/CLK
  _14647_/CLK
  _14648_/CLK
  _14649_/CLK
  _14650_/CLK
  _14651_/CLK
  _14652_/CLK
  _14653_/CLK
  _14654_/CLK
  _14655_/CLK
  _14656_/CLK
  _14657_/CLK
  _14658_/CLK
  _14659_/CLK
  _14660_/CLK
  _14661_/CLK
  _14662_/CLK
  _14663_/CLK
  _14664_/CLK
  _14665_/CLK
  _14666_/CLK
  _14667_/CLK
  _14668_/CLK
  _14669_/CLK
  _14670_/CLK
  _14671_/CLK
  _14672_/CLK
  _14673_/CLK
  _14674_/CLK
  _14675_/CLK
  _14676_/CLK
  _14677_/CLK
  _14678_/CLK
  _14679_/CLK
  _14680_/CLK
  _14681_/CLK
  _14682_/CLK
  _14683_/CLK
  _14684_/CLK
  _14685_/CLK
  _14686_/CLK
  _14687_/CLK
  _14688_/CLK
  _14689_/CLK
  _14690_/CLK
  _14691_/CLK
  _14692_/CLK
  _14693_/CLK
  _14694_/CLK
  _14695_/CLK
  _14696_/CLK
  _14697_/CLK
  _14698_/CLK
  _14699_/CLK
  _14700_/CLK
  _14701_/CLK
  _14702_/CLK
  _14703_/CLK
  _14704_/CLK
  _14705_/CLK
  _14706_/CLK
  _14707_/CLK
  _14708_/CLK
  _14709_/CLK
  _14710_/CLK
  _14711_/CLK
  _14712_/CLK
  _14713_/CLK
  _14714_/CLK
  _14715_/CLK
  _14716_/CLK
  _14717_/CLK
  _14718_/CLK
  _14719_/CLK
  _14720_/CLK
  _14721_/CLK
  _14722_/CLK
  _14723_/CLK
  _14724_/CLK
  _14725_/CLK
  _14726_/CLK
  _14727_/CLK
  _14728_/CLK
  _14729_/CLK
  _14730_/CLK
  _14731_/CLK
  _14732_/CLK
  _14733_/CLK
  _14734_/CLK
  _14735_/CLK
  _14736_/CLK
  _14737_/CLK
  _14738_/CLK
  _14739_/CLK
  _14740_/CLK
  _14741_/CLK
  _14742_/CLK
  _14743_/CLK
  _14744_/CLK
  _14745_/CLK
  _14746_/CLK
  _14747_/CLK
  _14748_/CLK
  _14749_/CLK
  _14750_/CLK
  _14751_/CLK
  _14752_/CLK
  _14753_/CLK
  _14754_/CLK
  _14755_/CLK
  _14756_/CLK
  _14757_/CLK
  _14758_/CLK
  _14759_/CLK
  _14760_/CLK
  _14761_/CLK
  _14762_/CLK
  _14763_/CLK
  _14764_/CLK
  _14765_/CLK
  _14766_/CLK
  _14767_/CLK
  _14768_/CLK
  _14769_/CLK
  _14770_/CLK
  _14771_/CLK
  _14772_/CLK
  _14773_/CLK
  _14774_/CLK
  _14775_/CLK
  _14776_/CLK
  _14777_/CLK
  _14778_/CLK
  _14779_/CLK
  _14780_/CLK
  _14781_/CLK
  _14782_/CLK
  _14783_/CLK
  _14784_/CLK
  _14785_/CLK
  _14786_/CLK
  _14787_/CLK
  _14788_/CLK
  _14789_/CLK
  _14790_/CLK
  _14791_/CLK
  _14792_/CLK
  _14793_/CLK
  _14794_/CLK
  _14795_/CLK
  _14796_/CLK
  _14797_/CLK
  _14798_/CLK
  _14799_/CLK
  _14800_/CLK
  _14801_/CLK
  _14802_/CLK
  _14803_/CLK
  _14804_/CLK
  _14805_/CLK
  _14806_/CLK
  _14807_/CLK
  _14808_/CLK
  _14809_/CLK
  _14810_/CLK
  _14811_/CLK
  _14812_/CLK
  _14813_/CLK
  _14814_/CLK
  _14815_/CLK
  _14816_/CLK
  _14817_/CLK
  _14818_/CLK
  _14819_/CLK
  _14820_/CLK
  _14821_/CLK
  _14822_/CLK
  _14823_/CLK
  _14824_/CLK
  _14825_/CLK
  _14826_/CLK
  _14827_/CLK
  _14828_/CLK
  _14829_/CLK
  _14830_/CLK
  _14831_/CLK
  _14832_/CLK
  _14833_/CLK
  _14834_/CLK
  _14835_/CLK
  _14836_/CLK
  _14837_/CLK
  _14838_/CLK
  _14839_/CLK
  _14840_/CLK
  _14841_/CLK
  _14842_/CLK
  _14843_/CLK
  _14844_/CLK
  _14845_/CLK
  _14846_/CLK
  _14847_/CLK
  _14848_/CLK
  _14849_/CLK
  _14850_/CLK
  _14851_/CLK
  _14852_/CLK
  _14853_/CLK
  _14854_/CLK
  _14855_/CLK
  _14856_/CLK
  _14857_/CLK
  _14858_/CLK
  _14859_/CLK
  _14860_/CLK
  _14861_/CLK
  _14862_/CLK
  _14863_/CLK
  _14864_/CLK
  _14865_/CLK
  _14866_/CLK
  _14867_/CLK
  _14868_/CLK
  _14869_/CLK
  _14870_/CLK
  _14871_/CLK
  _14872_/CLK
  _14873_/CLK
  _14874_/CLK
  _14875_/CLK
  _14876_/CLK
  _14877_/CLK
  _14878_/CLK
  _14879_/CLK
  _14880_/CLK
  _14881_/CLK
  _14882_/CLK
  _14883_/CLK
  _14884_/CLK
  _14885_/CLK
  _14886_/CLK
  _14887_/CLK
  _14888_/CLK
  _14889_/CLK
  _14890_/CLK
  _14891_/CLK
  _14892_/CLK
  _14893_/CLK
  _14894_/CLK
  _14895_/CLK
  _14896_/CLK
  _14897_/CLK
  _14898_/CLK
  _14899_/CLK
  _14900_/CLK
  _14901_/CLK
  _14902_/CLK
  _14903_/CLK
  _14904_/CLK
  _14905_/CLK
  _14906_/CLK
  _14907_/CLK
  _14908_/CLK
  _14909_/CLK
  _14910_/CLK
  _14911_/CLK
  _14912_/CLK
  _14913_/CLK
  _14914_/CLK
  _14915_/CLK
  _14916_/CLK
  _14917_/CLK
  _14918_/CLK
  _14919_/CLK
  _14920_/CLK
  _14921_/CLK
  _14922_/CLK
  _14923_/CLK
  _14924_/CLK
  _14925_/CLK
  _14926_/CLK
  _14927_/CLK
  _14928_/CLK
  _14929_/CLK
  _14930_/CLK
  _14931_/CLK
  _14932_/CLK
  _14933_/CLK
  _14934_/CLK
  _14935_/CLK
  _14936_/CLK
  _14937_/CLK
  _14938_/CLK
  _14939_/CLK
  _14940_/CLK
  _14941_/CLK
  _14942_/CLK
  _14943_/CLK
  _14944_/CLK
  _14945_/CLK
  _14946_/CLK
  _14947_/CLK
  _14948_/CLK
  _14949_/CLK
  _14950_/CLK
  _14951_/CLK
  _14952_/CLK
  _14953_/CLK
  _14954_/CLK
  _14955_/CLK
  _14956_/CLK
  _14957_/CLK
  _14958_/CLK
  _14959_/CLK
  _14960_/CLK
  _14961_/CLK
  _14962_/CLK
  _14963_/CLK
  _14964_/CLK
  _14965_/CLK
  _14966_/CLK
  _14967_/CLK
  _14968_/CLK
  _14969_/CLK
  _14970_/CLK
  _14971_/CLK
  _14972_/CLK
  _14973_/CLK
  _14974_/CLK
  _14975_/CLK
  _14976_/CLK
  _14977_/CLK
  _14978_/CLK
  _14979_/CLK
  _14980_/CLK
  _14981_/CLK
  _14982_/CLK
  _14983_/CLK
  _14984_/CLK
  _14985_/CLK
  _14986_/CLK
  _14987_/CLK
  _14988_/CLK
  _14989_/CLK
  _14990_/CLK
  _14991_/CLK
  _14992_/CLK
  _14993_/CLK
  _14994_/CLK
  _14995_/CLK
  _14996_/CLK
  _14997_/CLK
  _14998_/CLK
  _14999_/CLK
  _15000_/CLK
  _15001_/CLK
  _15002_/CLK
  _15003_/CLK
  _15004_/CLK
  _15005_/CLK
  _15006_/CLK
  _15007_/CLK
  _15008_/CLK
  _15009_/CLK
  _15010_/CLK
  _15011_/CLK
  _15012_/CLK
  _15013_/CLK
  _15014_/CLK
  _15015_/CLK
  _15016_/CLK
  _15017_/CLK
  _15018_/CLK
  _15019_/CLK
  _15020_/CLK
  _15021_/CLK
  _15022_/CLK
  _15023_/CLK
  _15024_/CLK
  _15025_/CLK
  _15026_/CLK
  _15027_/CLK
  _15028_/CLK
  _15029_/CLK
  _15030_/CLK
  _15031_/CLK
  _15032_/CLK
  _15033_/CLK
  _15034_/CLK
  _15035_/CLK
  _15036_/CLK
  _15037_/CLK
  _15038_/CLK
  _15039_/CLK
  _15040_/CLK
  _15041_/CLK
  _15042_/CLK
  _15043_/CLK
  _15044_/CLK
  _15045_/CLK
  _15046_/CLK
  _15047_/CLK
  _15048_/CLK
  _15049_/CLK
  _15050_/CLK
  _15051_/CLK
  _15052_/CLK
  _15053_/CLK
  _15054_/CLK
  _15055_/CLK
  _15056_/CLK
  _15057_/CLK
  _15058_/CLK
  _15059_/CLK
  _15060_/CLK
  _15061_/CLK
  _15062_/CLK
  _15063_/CLK
  _15064_/CLK
  _15065_/CLK
  _15066_/CLK
  _15067_/CLK
  _15068_/CLK
  _15069_/CLK
  _15070_/CLK
  _15071_/CLK
  _15072_/CLK
  _15073_/CLK
  _15074_/CLK
  _15075_/CLK
  _15076_/CLK
  _15077_/CLK
  _15078_/CLK
  _15079_/CLK
  _15080_/CLK
  _15081_/CLK
  _15082_/CLK
  _15083_/CLK
  _15084_/CLK
  _15085_/CLK
  _15086_/CLK
  _15087_/CLK
  _15088_/CLK
  _15089_/CLK
  _15090_/CLK
  _15091_/CLK
  _15092_/CLK
  _15093_/CLK
  _15094_/CLK
  _15095_/CLK
  _15096_/CLK
  _15097_/CLK
  _15098_/CLK
  _15099_/CLK
  _15100_/CLK
  _15101_/CLK
  _15102_/CLK
  _15103_/CLK
  _15104_/CLK
  _15105_/CLK
  _15106_/CLK
  _15107_/CLK
  _15108_/CLK
  _15109_/CLK
  _15110_/CLK
  _15111_/CLK
  _15112_/CLK
  _15113_/CLK
  _15114_/CLK
  _15115_/CLK
  _15116_/CLK
  _15117_/CLK
  _15118_/CLK
  _15119_/CLK
  _15120_/CLK
  _15121_/CLK
  _15122_/CLK
  _15123_/CLK
  _15124_/CLK
  _15125_/CLK
  _15126_/CLK
  _15127_/CLK
  _15128_/CLK
  _15129_/CLK
  _15130_/CLK
  _15131_/CLK
  _15132_/CLK
  _15133_/CLK
  _15134_/CLK
  _15135_/CLK
  _15136_/CLK
  _15137_/CLK
  _15138_/CLK
  _15139_/CLK
  _15140_/CLK
  _15141_/CLK
  _15142_/CLK
  _15143_/CLK
  _15144_/CLK
  _15145_/CLK
  _15146_/CLK
  _15147_/CLK
  _15148_/CLK
  _15149_/CLK
  _15150_/CLK
  _15151_/CLK
  _15152_/CLK
  _15153_/CLK
  _15154_/CLK
  _15155_/CLK
  _15156_/CLK
  _15157_/CLK
  _15158_/CLK
  _15159_/CLK
  _15160_/CLK
  _15161_/CLK
  _15162_/CLK
  _15163_/CLK
  _15164_/CLK
  _15165_/CLK
  _15166_/CLK
  _15167_/CLK
  _15168_/CLK
  _15169_/CLK
  _15170_/CLK
  _15171_/CLK
  _15172_/CLK
  _15173_/CLK
  _15174_/CLK
  _15175_/CLK
  _15176_/CLK
  _15177_/CLK
  _15178_/CLK
  _15179_/CLK
  _15180_/CLK
  _15181_/CLK
  _15182_/CLK
  _15183_/CLK
  _15184_/CLK
  _15185_/CLK
  _15186_/CLK
  _15187_/CLK
  _15188_/CLK
  _15189_/CLK
  _15190_/CLK
  _15191_/CLK
  _15192_/CLK
  _15193_/CLK
  _15194_/CLK
  _15195_/CLK
  _15196_/CLK
  _15197_/CLK
  _15198_/CLK
  _15199_/CLK
  _15200_/CLK
  _15201_/CLK
  _15202_/CLK
  _15203_/CLK
  _15204_/CLK
  _15205_/CLK
  _15206_/CLK
  _15207_/CLK
  _15208_/CLK
  _15209_/CLK
  _15210_/CLK
  _15211_/CLK
  _15212_/CLK
  _15213_/CLK
  _15214_/CLK
  _15215_/CLK
  _15216_/CLK
  _15217_/CLK
  _15218_/CLK
  _15219_/CLK
  _15220_/CLK
  _15221_/CLK
  _15222_/CLK
  _15223_/CLK
  _15224_/CLK
  _15225_/CLK
  _15226_/CLK
  _15227_/CLK
  _15228_/CLK
  _15229_/CLK
  _15230_/CLK
  _15231_/CLK
  _15232_/CLK
  _15233_/CLK
  _15234_/CLK
  _15235_/CLK
  _15236_/CLK
  _15237_/CLK
  _15238_/CLK
  _15239_/CLK
  _15240_/CLK
  _15241_/CLK
  _15242_/CLK
  _15243_/CLK
  _15244_/CLK
  _15245_/CLK
  _15246_/CLK
  _15247_/CLK
  _15248_/CLK
  _15249_/CLK
  _15250_/CLK
  _15251_/CLK
  _15252_/CLK
  _15253_/CLK
  _15254_/CLK
  _15255_/CLK
  _15256_/CLK
  _15257_/CLK
  _15258_/CLK
  _15259_/CLK
  _15260_/CLK
  _15261_/CLK
  _15262_/CLK
  _15263_/CLK
  _15264_/CLK
  _15265_/CLK
  _15266_/CLK
  _15267_/CLK
  _15268_/CLK
  _15269_/CLK
  _15270_/CLK
  _15271_/CLK
  _15272_/CLK
  _15273_/CLK
  _15274_/CLK
  _15275_/CLK
  _15276_/CLK
  _15277_/CLK
  _15278_/CLK
  _15279_/CLK
  _15280_/CLK
  _15281_/CLK
  _15282_/CLK
  _15283_/CLK
  _15284_/CLK
  _15285_/CLK
  _15286_/CLK
  _15287_/CLK
  _15288_/CLK
  _15289_/CLK
  _15290_/CLK
  _15291_/CLK
  _15292_/CLK
  _15293_/CLK
  _15294_/CLK
  _15295_/CLK
  _15296_/CLK
  _15297_/CLK
  _15298_/CLK
  _15299_/CLK
  _15300_/CLK
  _15301_/CLK
  _15302_/CLK
  _15303_/CLK
  _15304_/CLK
  _15305_/CLK
  _15306_/CLK
  _15307_/CLK
  _15308_/CLK
  _15309_/CLK
  _15310_/CLK
  _15311_/CLK
  _15312_/CLK
  _15313_/CLK
  _15314_/CLK
  _15315_/CLK
  _15316_/CLK
  _15317_/CLK
  _15318_/CLK
  _15319_/CLK
  _15320_/CLK
  _15321_/CLK
  _15322_/CLK
  _15323_/CLK
  _15324_/CLK
  _15325_/CLK
  _15326_/CLK
  _15327_/CLK
  _15328_/CLK
  _15329_/CLK
  _15330_/CLK
  _15331_/CLK
  _15332_/CLK
  _15333_/CLK
  _15334_/CLK
  _15335_/CLK
  _15336_/CLK
  _15337_/CLK
  _15338_/CLK
  _15339_/CLK
  _15340_/CLK
  _15341_/CLK
  _15342_/CLK
  _15343_/CLK
  _15344_/CLK
  _15345_/CLK
  _15346_/CLK
  _15347_/CLK
  _15348_/CLK
  _15349_/CLK
  _15350_/CLK
  _15351_/CLK
  _15352_/CLK
  _15353_/CLK
  _15354_/CLK
  _15355_/CLK
  _15356_/CLK
  _15357_/CLK
  _15358_/CLK
  _15359_/CLK
  _15360_/CLK
  _15361_/CLK
  _15362_/CLK
  _15363_/CLK
  _15364_/CLK
  _15365_/CLK
  _15366_/CLK
  _15367_/CLK
  _15368_/CLK
  _15369_/CLK
  _15370_/CLK
  _15371_/CLK
  _15372_/CLK
  _15373_/CLK
  _15374_/CLK
  _15375_/CLK
  _15376_/CLK
  _15377_/CLK
  _15378_/CLK
  _15379_/CLK
  _15380_/CLK
  _15381_/CLK
  _15382_/CLK
  _15383_/CLK
  _15384_/CLK
  _15385_/CLK
  _15386_/CLK
  _15387_/CLK
  _15388_/CLK
  _15389_/CLK
  _15390_/CLK
  _15391_/CLK
  _15392_/CLK
  _15393_/CLK
  _15394_/CLK
  _15395_/CLK
  _15396_/CLK
  _15397_/CLK
  _15398_/CLK
  _15399_/CLK
  _15400_/CLK
  _15401_/CLK
  _15402_/CLK
  _15403_/CLK
  _15404_/CLK
  _15405_/CLK
  _15406_/CLK
  _15407_/CLK
  _15408_/CLK
  _15409_/CLK
  _15410_/CLK
  _15411_/CLK
  _15412_/CLK
  _15413_/CLK
  _15414_/CLK
  _15415_/CLK
  _15416_/CLK
  _15417_/CLK
  _15418_/CLK
  _15419_/CLK
  _15420_/CLK
  _15421_/CLK
  _15422_/CLK
  _15423_/CLK
  _15424_/CLK
  _15425_/CLK
  _15426_/CLK
  _15427_/CLK
  _15428_/CLK
  _15429_/CLK
  _15430_/CLK
  _15431_/CLK
  _15432_/CLK
  _15433_/CLK
  _15434_/CLK
  _15435_/CLK
  _15436_/CLK
  _15437_/CLK
  _15438_/CLK
  _15439_/CLK
  _15440_/CLK
  _15441_/CLK
  _15442_/CLK
  _15443_/CLK
  _15444_/CLK
  _15445_/CLK
  _15446_/CLK
  _15447_/CLK
  _15448_/CLK
  _15449_/CLK
  _15450_/CLK
  _15451_/CLK
  _15452_/CLK
  _15453_/CLK
  _15454_/CLK
  _15455_/CLK
  _15456_/CLK
  _15457_/CLK
  _15458_/CLK
  _15459_/CLK
  _15460_/CLK
  _15461_/CLK
  _15462_/CLK
  _15463_/CLK
  _15464_/CLK
  _15465_/CLK
  _15466_/CLK
  _15467_/CLK
  _15468_/CLK
  _15469_/CLK
  _15470_/CLK
  _15471_/CLK
  _15472_/CLK
  _15473_/CLK
  _15474_/CLK
  _15475_/CLK
  _15476_/CLK
  _15477_/CLK
  _15478_/CLK
  _15479_/CLK
Warning: There are 1054 unconstrained endpoints.
  uo_CORE2PAD[0]
  uo_CORE2PAD[1]
  uo_CORE2PAD[2]
  _14429_/D
  _14430_/D
  _14431_/D
  _14432_/D
  _14433_/D
  _14434_/D
  _14435_/D
  _14436_/D
  _14437_/D
  _14438_/D
  _14439_/D
  _14440_/D
  _14441_/D
  _14442_/D
  _14443_/D
  _14444_/D
  _14445_/D
  _14446_/D
  _14447_/D
  _14448_/D
  _14449_/D
  _14450_/D
  _14451_/D
  _14452_/D
  _14453_/D
  _14454_/D
  _14455_/D
  _14456_/D
  _14457_/D
  _14458_/D
  _14459_/D
  _14460_/D
  _14461_/D
  _14462_/D
  _14463_/D
  _14464_/D
  _14465_/D
  _14466_/D
  _14467_/D
  _14468_/D
  _14469_/D
  _14470_/D
  _14471_/D
  _14472_/D
  _14473_/D
  _14474_/D
  _14475_/D
  _14476_/D
  _14477_/D
  _14478_/D
  _14479_/D
  _14480_/D
  _14481_/D
  _14482_/D
  _14483_/D
  _14484_/D
  _14485_/D
  _14486_/D
  _14487_/D
  _14488_/D
  _14489_/D
  _14490_/D
  _14491_/D
  _14492_/D
  _14493_/D
  _14494_/D
  _14495_/D
  _14496_/D
  _14497_/D
  _14498_/D
  _14499_/D
  _14500_/D
  _14501_/D
  _14502_/D
  _14503_/D
  _14504_/D
  _14505_/D
  _14506_/D
  _14507_/D
  _14508_/D
  _14509_/D
  _14510_/D
  _14511_/D
  _14512_/D
  _14513_/D
  _14514_/D
  _14515_/D
  _14516_/D
  _14517_/D
  _14518_/D
  _14519_/D
  _14520_/D
  _14521_/D
  _14522_/D
  _14523_/D
  _14524_/D
  _14525_/D
  _14526_/D
  _14527_/D
  _14528_/D
  _14529_/D
  _14530_/D
  _14531_/D
  _14532_/D
  _14533_/D
  _14534_/D
  _14535_/D
  _14536_/D
  _14537_/D
  _14538_/D
  _14539_/D
  _14540_/D
  _14541_/D
  _14542_/D
  _14543_/D
  _14544_/D
  _14545_/D
  _14546_/D
  _14547_/D
  _14548_/D
  _14549_/D
  _14550_/D
  _14551_/D
  _14552_/D
  _14553_/D
  _14554_/D
  _14555_/D
  _14556_/D
  _14557_/D
  _14558_/D
  _14559_/D
  _14560_/D
  _14561_/D
  _14562_/D
  _14563_/D
  _14564_/D
  _14565_/D
  _14566_/D
  _14567_/D
  _14568_/D
  _14569_/D
  _14570_/D
  _14571_/D
  _14572_/D
  _14573_/D
  _14574_/D
  _14575_/D
  _14576_/D
  _14577_/D
  _14578_/D
  _14579_/D
  _14580_/D
  _14581_/D
  _14582_/D
  _14583_/D
  _14584_/D
  _14585_/D
  _14586_/D
  _14587_/D
  _14588_/D
  _14589_/D
  _14590_/D
  _14591_/D
  _14592_/D
  _14593_/D
  _14594_/D
  _14595_/D
  _14596_/D
  _14597_/D
  _14598_/D
  _14599_/D
  _14600_/D
  _14601_/D
  _14602_/D
  _14603_/D
  _14604_/D
  _14605_/D
  _14606_/D
  _14607_/D
  _14608_/D
  _14609_/D
  _14610_/D
  _14611_/D
  _14612_/D
  _14613_/D
  _14614_/D
  _14615_/D
  _14616_/D
  _14617_/D
  _14618_/D
  _14619_/D
  _14620_/D
  _14621_/D
  _14622_/D
  _14623_/D
  _14624_/D
  _14625_/D
  _14626_/D
  _14627_/D
  _14628_/D
  _14629_/D
  _14630_/D
  _14631_/D
  _14632_/D
  _14633_/D
  _14634_/D
  _14635_/D
  _14636_/D
  _14637_/D
  _14638_/D
  _14639_/D
  _14640_/D
  _14641_/D
  _14642_/D
  _14643_/D
  _14644_/D
  _14645_/D
  _14646_/D
  _14647_/D
  _14648_/D
  _14649_/D
  _14650_/D
  _14651_/D
  _14652_/D
  _14653_/D
  _14654_/D
  _14655_/D
  _14656_/D
  _14657_/D
  _14658_/D
  _14659_/D
  _14660_/D
  _14661_/D
  _14662_/D
  _14663_/D
  _14664_/D
  _14665_/D
  _14666_/D
  _14667_/D
  _14668_/D
  _14669_/D
  _14670_/D
  _14671_/D
  _14672_/D
  _14673_/D
  _14674_/D
  _14675_/D
  _14676_/D
  _14677_/D
  _14678_/D
  _14679_/D
  _14680_/D
  _14681_/D
  _14682_/D
  _14683_/D
  _14684_/D
  _14685_/D
  _14686_/D
  _14687_/D
  _14688_/D
  _14689_/D
  _14690_/D
  _14691_/D
  _14692_/D
  _14693_/D
  _14694_/D
  _14695_/D
  _14696_/D
  _14697_/D
  _14698_/D
  _14699_/D
  _14700_/D
  _14701_/D
  _14702_/D
  _14703_/D
  _14704_/D
  _14705_/D
  _14706_/D
  _14707_/D
  _14708_/D
  _14709_/D
  _14710_/D
  _14711_/D
  _14712_/D
  _14713_/D
  _14714_/D
  _14715_/D
  _14716_/D
  _14717_/D
  _14718_/D
  _14719_/D
  _14720_/D
  _14721_/D
  _14722_/D
  _14723_/D
  _14724_/D
  _14725_/D
  _14726_/D
  _14727_/D
  _14728_/D
  _14729_/D
  _14730_/D
  _14731_/D
  _14732_/D
  _14733_/D
  _14734_/D
  _14735_/D
  _14736_/D
  _14737_/D
  _14738_/D
  _14739_/D
  _14740_/D
  _14741_/D
  _14742_/D
  _14743_/D
  _14744_/D
  _14745_/D
  _14746_/D
  _14747_/D
  _14748_/D
  _14749_/D
  _14750_/D
  _14751_/D
  _14752_/D
  _14753_/D
  _14754_/D
  _14755_/D
  _14756_/D
  _14757_/D
  _14758_/D
  _14759_/D
  _14760_/D
  _14761_/D
  _14762_/D
  _14763_/D
  _14764_/D
  _14765_/D
  _14766_/D
  _14767_/D
  _14768_/D
  _14769_/D
  _14770_/D
  _14771_/D
  _14772_/D
  _14773_/D
  _14774_/D
  _14775_/D
  _14776_/D
  _14777_/D
  _14778_/D
  _14779_/D
  _14780_/D
  _14781_/D
  _14782_/D
  _14783_/D
  _14784_/D
  _14785_/D
  _14786_/D
  _14787_/D
  _14788_/D
  _14789_/D
  _14790_/D
  _14791_/D
  _14792_/D
  _14793_/D
  _14794_/D
  _14795_/D
  _14796_/D
  _14797_/D
  _14798_/D
  _14799_/D
  _14800_/D
  _14801_/D
  _14802_/D
  _14803_/D
  _14804_/D
  _14805_/D
  _14806_/D
  _14807_/D
  _14808_/D
  _14809_/D
  _14810_/D
  _14811_/D
  _14812_/D
  _14813_/D
  _14814_/D
  _14815_/D
  _14816_/D
  _14817_/D
  _14818_/D
  _14819_/D
  _14820_/D
  _14821_/D
  _14822_/D
  _14823_/D
  _14824_/D
  _14825_/D
  _14826_/D
  _14827_/D
  _14828_/D
  _14829_/D
  _14830_/D
  _14831_/D
  _14832_/D
  _14833_/D
  _14834_/D
  _14835_/D
  _14836_/D
  _14837_/D
  _14838_/D
  _14839_/D
  _14840_/D
  _14841_/D
  _14842_/D
  _14843_/D
  _14844_/D
  _14845_/D
  _14846_/D
  _14847_/D
  _14848_/D
  _14849_/D
  _14850_/D
  _14851_/D
  _14852_/D
  _14853_/D
  _14854_/D
  _14855_/D
  _14856_/D
  _14857_/D
  _14858_/D
  _14859_/D
  _14860_/D
  _14861_/D
  _14862_/D
  _14863_/D
  _14864_/D
  _14865_/D
  _14866_/D
  _14867_/D
  _14868_/D
  _14869_/D
  _14870_/D
  _14871_/D
  _14872_/D
  _14873_/D
  _14874_/D
  _14875_/D
  _14876_/D
  _14877_/D
  _14878_/D
  _14879_/D
  _14880_/D
  _14881_/D
  _14882_/D
  _14883_/D
  _14884_/D
  _14885_/D
  _14886_/D
  _14887_/D
  _14888_/D
  _14889_/D
  _14890_/D
  _14891_/D
  _14892_/D
  _14893_/D
  _14894_/D
  _14895_/D
  _14896_/D
  _14897_/D
  _14898_/D
  _14899_/D
  _14900_/D
  _14901_/D
  _14902_/D
  _14903_/D
  _14904_/D
  _14905_/D
  _14906_/D
  _14907_/D
  _14908_/D
  _14909_/D
  _14910_/D
  _14911_/D
  _14912_/D
  _14913_/D
  _14914_/D
  _14915_/D
  _14916_/D
  _14917_/D
  _14918_/D
  _14919_/D
  _14920_/D
  _14921_/D
  _14922_/D
  _14923_/D
  _14924_/D
  _14925_/D
  _14926_/D
  _14927_/D
  _14928_/D
  _14929_/D
  _14930_/D
  _14931_/D
  _14932_/D
  _14933_/D
  _14934_/D
  _14935_/D
  _14936_/D
  _14937_/D
  _14938_/D
  _14939_/D
  _14940_/D
  _14941_/D
  _14942_/D
  _14943_/D
  _14944_/D
  _14945_/D
  _14946_/D
  _14947_/D
  _14948_/D
  _14949_/D
  _14950_/D
  _14951_/D
  _14952_/D
  _14953_/D
  _14954_/D
  _14955_/D
  _14956_/D
  _14957_/D
  _14958_/D
  _14959_/D
  _14960_/D
  _14961_/D
  _14962_/D
  _14963_/D
  _14964_/D
  _14965_/D
  _14966_/D
  _14967_/D
  _14968_/D
  _14969_/D
  _14970_/D
  _14971_/D
  _14972_/D
  _14973_/D
  _14974_/D
  _14975_/D
  _14976_/D
  _14977_/D
  _14978_/D
  _14979_/D
  _14980_/D
  _14981_/D
  _14982_/D
  _14983_/D
  _14984_/D
  _14985_/D
  _14986_/D
  _14987_/D
  _14988_/D
  _14989_/D
  _14990_/D
  _14991_/D
  _14992_/D
  _14993_/D
  _14994_/D
  _14995_/D
  _14996_/D
  _14997_/D
  _14998_/D
  _14999_/D
  _15000_/D
  _15001_/D
  _15002_/D
  _15003_/D
  _15004_/D
  _15005_/D
  _15006_/D
  _15007_/D
  _15008_/D
  _15009_/D
  _15010_/D
  _15011_/D
  _15012_/D
  _15013_/D
  _15014_/D
  _15015_/D
  _15016_/D
  _15017_/D
  _15018_/D
  _15019_/D
  _15020_/D
  _15021_/D
  _15022_/D
  _15023_/D
  _15024_/D
  _15025_/D
  _15026_/D
  _15027_/D
  _15028_/D
  _15029_/D
  _15030_/D
  _15031_/D
  _15032_/D
  _15033_/D
  _15034_/D
  _15035_/D
  _15036_/D
  _15037_/D
  _15038_/D
  _15039_/D
  _15040_/D
  _15041_/D
  _15042_/D
  _15043_/D
  _15044_/D
  _15045_/D
  _15046_/D
  _15047_/D
  _15048_/D
  _15049_/D
  _15050_/D
  _15051_/D
  _15052_/D
  _15053_/D
  _15054_/D
  _15055_/D
  _15056_/D
  _15057_/D
  _15058_/D
  _15059_/D
  _15060_/D
  _15061_/D
  _15062_/D
  _15063_/D
  _15064_/D
  _15065_/D
  _15066_/D
  _15067_/D
  _15068_/D
  _15069_/D
  _15070_/D
  _15071_/D
  _15072_/D
  _15073_/D
  _15074_/D
  _15075_/D
  _15076_/D
  _15077_/D
  _15078_/D
  _15079_/D
  _15080_/D
  _15081_/D
  _15082_/D
  _15083_/D
  _15084_/D
  _15085_/D
  _15086_/D
  _15087_/D
  _15088_/D
  _15089_/D
  _15090_/D
  _15091_/D
  _15092_/D
  _15093_/D
  _15094_/D
  _15095_/D
  _15096_/D
  _15097_/D
  _15098_/D
  _15099_/D
  _15100_/D
  _15101_/D
  _15102_/D
  _15103_/D
  _15104_/D
  _15105_/D
  _15106_/D
  _15107_/D
  _15108_/D
  _15109_/D
  _15110_/D
  _15111_/D
  _15112_/D
  _15113_/D
  _15114_/D
  _15115_/D
  _15116_/D
  _15117_/D
  _15118_/D
  _15119_/D
  _15120_/D
  _15121_/D
  _15122_/D
  _15123_/D
  _15124_/D
  _15125_/D
  _15126_/D
  _15127_/D
  _15128_/D
  _15129_/D
  _15130_/D
  _15131_/D
  _15132_/D
  _15133_/D
  _15134_/D
  _15135_/D
  _15136_/D
  _15137_/D
  _15138_/D
  _15139_/D
  _15140_/D
  _15141_/D
  _15142_/D
  _15143_/D
  _15144_/D
  _15145_/D
  _15146_/D
  _15147_/D
  _15148_/D
  _15149_/D
  _15150_/D
  _15151_/D
  _15152_/D
  _15153_/D
  _15154_/D
  _15155_/D
  _15156_/D
  _15157_/D
  _15158_/D
  _15159_/D
  _15160_/D
  _15161_/D
  _15162_/D
  _15163_/D
  _15164_/D
  _15165_/D
  _15166_/D
  _15167_/D
  _15168_/D
  _15169_/D
  _15170_/D
  _15171_/D
  _15172_/D
  _15173_/D
  _15174_/D
  _15175_/D
  _15176_/D
  _15177_/D
  _15178_/D
  _15179_/D
  _15180_/D
  _15181_/D
  _15182_/D
  _15183_/D
  _15184_/D
  _15185_/D
  _15186_/D
  _15187_/D
  _15188_/D
  _15189_/D
  _15190_/D
  _15191_/D
  _15192_/D
  _15193_/D
  _15194_/D
  _15195_/D
  _15196_/D
  _15197_/D
  _15198_/D
  _15199_/D
  _15200_/D
  _15201_/D
  _15202_/D
  _15203_/D
  _15204_/D
  _15205_/D
  _15206_/D
  _15207_/D
  _15208_/D
  _15209_/D
  _15210_/D
  _15211_/D
  _15212_/D
  _15213_/D
  _15214_/D
  _15215_/D
  _15216_/D
  _15217_/D
  _15218_/D
  _15219_/D
  _15220_/D
  _15221_/D
  _15222_/D
  _15223_/D
  _15224_/D
  _15225_/D
  _15226_/D
  _15227_/D
  _15228_/D
  _15229_/D
  _15230_/D
  _15231_/D
  _15232_/D
  _15233_/D
  _15234_/D
  _15235_/D
  _15236_/D
  _15237_/D
  _15238_/D
  _15239_/D
  _15240_/D
  _15241_/D
  _15242_/D
  _15243_/D
  _15244_/D
  _15245_/D
  _15246_/D
  _15247_/D
  _15248_/D
  _15249_/D
  _15250_/D
  _15251_/D
  _15252_/D
  _15253_/D
  _15254_/D
  _15255_/D
  _15256_/D
  _15257_/D
  _15258_/D
  _15259_/D
  _15260_/D
  _15261_/D
  _15262_/D
  _15263_/D
  _15264_/D
  _15265_/D
  _15266_/D
  _15267_/D
  _15268_/D
  _15269_/D
  _15270_/D
  _15271_/D
  _15272_/D
  _15273_/D
  _15274_/D
  _15275_/D
  _15276_/D
  _15277_/D
  _15278_/D
  _15279_/D
  _15280_/D
  _15281_/D
  _15282_/D
  _15283_/D
  _15284_/D
  _15285_/D
  _15286_/D
  _15287_/D
  _15288_/D
  _15289_/D
  _15290_/D
  _15291_/D
  _15292_/D
  _15293_/D
  _15294_/D
  _15295_/D
  _15296_/D
  _15297_/D
  _15298_/D
  _15299_/D
  _15300_/D
  _15301_/D
  _15302_/D
  _15303_/D
  _15304_/D
  _15305_/D
  _15306_/D
  _15307_/D
  _15308_/D
  _15309_/D
  _15310_/D
  _15311_/D
  _15312_/D
  _15313_/D
  _15314_/D
  _15315_/D
  _15316_/D
  _15317_/D
  _15318_/D
  _15319_/D
  _15320_/D
  _15321_/D
  _15322_/D
  _15323_/D
  _15324_/D
  _15325_/D
  _15326_/D
  _15327_/D
  _15328_/D
  _15329_/D
  _15330_/D
  _15331_/D
  _15332_/D
  _15333_/D
  _15334_/D
  _15335_/D
  _15336_/D
  _15337_/D
  _15338_/D
  _15339_/D
  _15340_/D
  _15341_/D
  _15342_/D
  _15343_/D
  _15344_/D
  _15345_/D
  _15346_/D
  _15347_/D
  _15348_/D
  _15349_/D
  _15350_/D
  _15351_/D
  _15352_/D
  _15353_/D
  _15354_/D
  _15355_/D
  _15356_/D
  _15357_/D
  _15358_/D
  _15359_/D
  _15360_/D
  _15361_/D
  _15362_/D
  _15363_/D
  _15364_/D
  _15365_/D
  _15366_/D
  _15367_/D
  _15368_/D
  _15369_/D
  _15370_/D
  _15371_/D
  _15372_/D
  _15373_/D
  _15374_/D
  _15375_/D
  _15376_/D
  _15377_/D
  _15378_/D
  _15379_/D
  _15380_/D
  _15381_/D
  _15382_/D
  _15383_/D
  _15384_/D
  _15385_/D
  _15386_/D
  _15387_/D
  _15388_/D
  _15389_/D
  _15390_/D
  _15391_/D
  _15392_/D
  _15393_/D
  _15394_/D
  _15395_/D
  _15396_/D
  _15397_/D
  _15398_/D
  _15399_/D
  _15400_/D
  _15401_/D
  _15402_/D
  _15403_/D
  _15404_/D
  _15405_/D
  _15406_/D
  _15407_/D
  _15408_/D
  _15409_/D
  _15410_/D
  _15411_/D
  _15412_/D
  _15413_/D
  _15414_/D
  _15415_/D
  _15416_/D
  _15417_/D
  _15418_/D
  _15419_/D
  _15420_/D
  _15421_/D
  _15422_/D
  _15423_/D
  _15424_/D
  _15425_/D
  _15426_/D
  _15427_/D
  _15428_/D
  _15429_/D
  _15430_/D
  _15431_/D
  _15432_/D
  _15433_/D
  _15434_/D
  _15435_/D
  _15436_/D
  _15437_/D
  _15438_/D
  _15439_/D
  _15440_/D
  _15441_/D
  _15442_/D
  _15443_/D
  _15444_/D
  _15445_/D
  _15446_/D
  _15447_/D
  _15448_/D
  _15449_/D
  _15450_/D
  _15451_/D
  _15452_/D
  _15453_/D
  _15454_/D
  _15455_/D
  _15456_/D
  _15457_/D
  _15458_/D
  _15459_/D
  _15460_/D
  _15461_/D
  _15462_/D
  _15463_/D
  _15464_/D
  _15465_/D
  _15466_/D
  _15467_/D
  _15468_/D
  _15469_/D
  _15470_/D
  _15471_/D
  _15472_/D
  _15473_/D
  _15474_/D
  _15475_/D
  _15476_/D
  _15477_/D
  _15478_/D
  _15479_/D
%OL_END_REPORT
%OL_CREATE_REPORT power.rpt

===========================================================================
 report_power
============================================================================
======================= nom_typ_1p20V_25C Corner ===================================

Group                    Internal    Switching      Leakage        Total
                            Power        Power        Power        Power (Watts)
------------------------------------------------------------------------
Sequential           8.242793e-04 2.532800e-04 4.775493e-07 1.078037e-03  37.7%
Combinational        9.058123e-04 8.759004e-04 9.525605e-07 1.782665e-03  62.3%
Clock                0.000000e+00 0.000000e+00 0.000000e+00 0.000000e+00   0.0%
Macro                0.000000e+00 0.000000e+00 0.000000e+00 0.000000e+00   0.0%
Pad                  0.000000e+00 0.000000e+00 0.000000e+00 0.000000e+00   0.0%
------------------------------------------------------------------------
Total                1.730093e-03 1.129180e-03 1.430086e-06 2.860703e-03 100.0%
                            60.5%        39.5%         0.0%
Writing metric power__internal__total: 0.0017300928011536598
Writing metric power__switching__total: 0.001129179960116744
Writing metric power__leakage__total: 1.4300860584626207e-6
Writing metric power__total: 0.002860702807083726

%OL_END_REPORT
%OL_CREATE_REPORT skew.min.rpt

===========================================================================
Clock Skew (Hold)
============================================================================
Writing metric clock__skew__worst_hold__corner:nom_typ_1p20V_25C: 0.0
======================= nom_typ_1p20V_25C Corner ===================================

Clock clk_i
No launch/capture paths found.

%OL_END_REPORT
%OL_CREATE_REPORT skew.max.rpt

===========================================================================
Clock Skew (Setup)
============================================================================
Writing metric clock__skew__worst_setup__corner:nom_typ_1p20V_25C: 0.0
======================= nom_typ_1p20V_25C Corner ===================================

Clock clk_i
No launch/capture paths found.

%OL_END_REPORT
%OL_CREATE_REPORT ws.min.rpt

===========================================================================
Worst Slack (Hold)
============================================================================
Writing metric timing__hold__ws__corner:nom_typ_1p20V_25C: 1.0000000433293989e+39
nom_typ_1p20V_25C: 1.0000000433293989e+39
%OL_END_REPORT
%OL_CREATE_REPORT ws.max.rpt

===========================================================================
Worst Slack (Setup)
============================================================================
Writing metric timing__setup__ws__corner:nom_typ_1p20V_25C: 1.0000000433293989e+39
nom_typ_1p20V_25C: 1.0000000433293989e+39
%OL_END_REPORT
%OL_CREATE_REPORT tns.min.rpt

===========================================================================
Total Negative Slack (Hold)
============================================================================
Writing metric timing__hold__tns__corner:nom_typ_1p20V_25C: 0.0
nom_typ_1p20V_25C: 0.0
%OL_END_REPORT
%OL_CREATE_REPORT tns.max.rpt

===========================================================================
Total Negative Slack (Setup)
============================================================================
Writing metric timing__setup__tns__corner:nom_typ_1p20V_25C: 0.0
nom_typ_1p20V_25C: 0.0
%OL_END_REPORT
%OL_CREATE_REPORT wns.min.rpt

===========================================================================
Worst Negative Slack (Hold)
============================================================================
Writing metric timing__hold__wns__corner:nom_typ_1p20V_25C: 0
nom_typ_1p20V_25C: 0
%OL_END_REPORT
%OL_CREATE_REPORT wns.max.rpt

===========================================================================
Worst Negative Slack (Setup)
============================================================================
Writing metric timing__setup__wns__corner:nom_typ_1p20V_25C: 0.0
nom_typ_1p20V_25C: 0.0
%OL_END_REPORT
%OL_CREATE_REPORT violator_list.rpt

===========================================================================
Violator List
============================================================================
Writing metric timing__hold_vio__count__corner:nom_typ_1p20V_25C: 0
Writing metric timing__hold_r2r__ws__corner:nom_typ_1p20V_25C: 1e30
Writing metric timing__hold_r2r_vio__count__corner:nom_typ_1p20V_25C: 0
Writing metric timing__setup_vio__count__corner:nom_typ_1p20V_25C: 0
Writing metric timing__setup_r2r__ws__corner:nom_typ_1p20V_25C: 1e30
Writing metric timing__setup_r2r_vio__count__corner:nom_typ_1p20V_25C: 0
%OL_END_REPORT
%OL_CREATE_REPORT unpropagated.rpt
%OL_END_REPORT
%OL_CREATE_REPORT clock.rpt
Clock: clk_i
Sources: clk_i 
Generated: no
Virtual: yes
Propagated: no
Period: 10.000000

===========================================================================
report_clock_properties
============================================================================
Clock                   Period          Waveform
----------------------------------------------------
clk_i                10.000000    0.000000  5.000000

===========================================================================
report_clock_latency
============================================================================
Clock clk_i
rise -> rise
    min     max
0.000000 0.000000 source latency
4.636063         network latency _14438_/CLK
        5.392556 network latency _15124_/CLK
---------------
4.636063 5.392556 latency
        0.756493 skew

rise -> fall
    min     max
0.000000 0.000000 source latency
3.764681         network latency _14438_/CLK
        4.439464 network latency _15124_/CLK
---------------
3.764681 4.439464 latency
        0.674783 skew



===========================================================================
report_clock_min_period
============================================================================
clk_i period_min = 0.00 fmax = inf
%OL_END_REPORT
