net,length_um
net1097,918.28µm
net747,780.48µm
net755,715.365µm
net723,705.965µm
net761,705.28µm
net739,696.645µm
net719,679.67µm
net735,668.335µm
net743,667.83µm
net767,666.175µm
net771,653.955µm
net872,639.9µm
_06185_,638.05µm
net913,631.375µm
net751,630.26µm
net727,629.195µm
net865,622.87µm
net885,620.69µm
net906,619.64µm
net763,616.845µm
net731,606.39µm
net757,595.31µm
_01862_,593.86µm
net203,589.035µm
_06267_,588.39µm
net745,586.945µm
net759,576.29µm
net898,562.845µm
net581,559.71µm
net718,558.235µm
net741,553.64µm
net586,549.12µm
net368,544.515µm
cnn_inst.comm_mem_u0.spi_u0.image_shift\[13\],539.91µm
_06264_,532.43µm
cnn_inst.comm_mem_u0.spi_u0.image_shift\[23\],529.4µm
cnn_inst.comm_mem_u0.spi_u0.image_shift\[9\],521.36µm
net162,519.005µm
cnn_inst.comm_mem_u0.spi_u0.image_shift\[15\],514.565µm
net197,511.475µm
cnn_inst.comm_mem_u0.spi_u0.image_shift\[19\],499.34µm
_06179_,498.305µm
net765,493.775µm
net858,489.265µm
_06165_,488.905µm
net393,482.44µm
net194,480.9µm
net725,475.585µm
net578,475.25µm
cnn_inst.comm_mem_u0.o_img_row08\[0\],472.23µm
cnn_inst.comm_mem_u0.spi_u0.image_shift\[20\],466.935µm
net569,464.365µm
net899,463.6µm
_01843_,462.14µm
net499,457.945µm
cnn_inst.comm_mem_u0.spi_u0.image_shift\[21\],457.7µm
net17,457.345µm
net737,455.72µm
cnn_inst.comm_mem_u0.spi_u0.image_shift\[17\],452.98µm
net52,452.92µm
cnn_inst.comm_mem_u0.spi_u0.image_shift\[28\],452.06µm
net176,450.72µm
net712,447.77µm
net753,445.32µm
net72,443.475µm
_06742_,437.17µm
net47,436.76µm
cnn_inst.comm_mem_u0.spi_u0.image_shift\[25\],436µm
net1031,430.725µm
_06496_,427.445µm
net729,426.265µm
net328,424.21µm
net372,421.185µm
net768,417.2µm
net367,414.36µm
_00024_,412.375µm
_06561_,410.315µm
_01831_,409.515µm
net733,406.93µm
net774,406.575µm
net19,404.325µm
net99,399.215µm
net1047,398.79µm
net540,394.465µm
_06824_,391.82µm
net749,387.905µm
cnn_inst.comm_mem_u0.spi_u0.weight_shift\[9\],387.27µm
net961,384.65µm
cnn_inst.comm_mem_u0.spi_u0.weight_shift\[8\],383.83µm
net720,380.595µm
net191,380.025µm
_06625_,378.345µm
net377,376.99µm
net106,375.935µm
cnn_inst.comm_mem_u0.o_img_row06\[28\],374.87µm
cnn_inst.comm_mem_u0.spi_u0.image_shift\[10\],373.245µm
cnn_inst.comm_mem_u0.spi_u0.image_shift\[27\],371.96µm
net643,369.855µm
net395,369.16µm
net807,368.055µm
_01851_,365.845µm
cnn_inst.comm_mem_u0.spi_u0.image_shift\[18\],365.55µm
cnn_inst.comm_mem_u0.o_img_row03\[5\],364.88µm
net193,362.76µm
cnn_inst.comm_mem_u0.spi_u0.image_shift\[22\],362.405µm
cnn_inst.comm_mem_u0.spi_u0.weight_shift\[11\],361.395µm
net575,361.375µm
net188,361.26µm
net897,361.05µm
net570,359.77µm
cnn_inst.comm_mem_u0.spi_u0.weight_shift\[12\],359.49µm
cnn_inst.comm_mem_u0.spi_u0.image_shift\[5\],358.71µm
net179,358.185µm
_00101_,357.92µm
net34,355µm
net487,354.885µm
cnn_inst.comm_mem_u0.spi_u0.image_shift\[4\],354.85µm
cnn_inst.comm_mem_u0.spi_u0.image_shift\[7\],354.19µm
cnn_inst.comm_mem_u0.spi_u0.image_shift\[11\],353.85µm
cnn_inst.comm_mem_u0.spi_u0.image_shift\[16\],351.03µm
net1096,349.81µm
net3,348.83µm
cnn_inst.comm_mem_u0.o_img_row06\[6\],347.325µm
net185,345.895µm
net762,345.88µm
_06745_,344.41µm
net42,342.9µm
_03176_,342.755µm
net119,341.81µm
cnn_inst.comm_mem_u0.spi_u0.image_shift\[12\],341.215µm
net758,339.25µm
cnn_inst.proc_u0.cnn_ctrl_u0.cnn_inst.frag_mux.frag_sel\[1\],339.18µm
net192,338.43µm
cnn_inst.comm_mem_u0.spi_u0.image_shift\[14\],338.42µm
cnn_inst.comm_mem_u0.spi_u0.weight_shift\[13\],337.195µm
cnn_inst.comm_mem_u0.o_img_row03\[28\],335.895µm
net832,335.84µm
cnn_inst.comm_mem_u0.o_img_row06\[29\],334.95µm
net493,334.005µm
net259,332.88µm
cnn_inst.comm_mem_u0.o_img_row03\[29\],332.39µm
net724,331.06µm
net117,328.87µm
net181,327.91µm
cnn_inst.comm_mem_u0.o_img_row02\[27\],327.145µm
net202,326.195µm
net126,326.005µm
net1009,325.96µm
net402,325.535µm
net884,325.055µm
_01838_,324.545µm
cnn_inst.comm_mem_u0.o_img_row06\[13\],321.22µm
net567,321.11µm
_04344_,320.905µm
net572,318.535µm
net721,318.43µm
net195,317.08µm
_06748_,316.925µm
net667,316.705µm
net55,315.42µm
net766,315.11µm
net580,315.075µm
_06626_,315µm
net376,313.355µm
cnn_inst.proc_u0.cnn_ctrl_u0.cnn_inst.cnn_inst.kernel_flat\[16\],313.235µm
net769,312.925µm
net379,311.825µm
net109,311.27µm
net270,310.585µm
cnn_inst.comm_mem_u0.spi_u0.image_shift\[6\],308.695µm
net60,308.305µm
cnn_inst.comm_mem_u0.o_img_row05\[7\],306.39µm
_06754_,306.26µm
_06330_,304.83µm
cnn_inst.comm_mem_u0.o_img_row03\[26\],304.79µm
_06397_,304.15µm
net831,303.97µm
net585,303.485µm
net175,302.98µm
net146,300.52µm
cnn_inst.comm_mem_u0.spi_u0.image_shift\[24\],300.15µm
net262,299.91µm
cnn_inst.comm_mem_u0.spi_u0.image_shift\[26\],299.67µm
net299,299.53µm
cnn_inst.comm_mem_u0.o_img_row04\[6\],298.48µm
cnn_inst.proc_u0.cnn_ctrl_u0.cnn_inst.cnn_inst.kernel_flat\[26\],297.72µm
net427,293.755µm
net22,292.925µm
net51,292.515µm
net760,292.05µm
net204,290.03µm
net896,289.56µm
_04064_,289.27µm
net151,288.86µm
_02129_,288.68µm
net343,288.38µm
net568,287.875µm
net272,287.225µm
net1095,286.875µm
_03478_,286.78µm
cnn_inst.comm_mem_u0.spi_u0.weight_shift\[7\],286.245µm
net764,285.865µm
net752,284.305µm
net410,283.365µm
cnn_inst.comm_mem_u0.o_img_row09\[2\],282.365µm
cnn_inst.comm_mem_u0.spi_u0.image_shift\[8\],282.055µm
cnn_inst.comm_mem_u0.o_img_row02\[23\],281.625µm
cnn_inst.comm_mem_u0.o_img_row08\[16\],281.17µm
_02134_,280.515µm
net837,280.495µm
net44,279.92µm
cnn_inst.comm_mem_u0.spi_u0.weight_shift\[3\],279.47µm
net609,278.29µm
cnn_inst.proc_u0.cnn_ctrl_u0.cnn_inst.cnn_inst.kernel_flat\[44\],276.125µm
_06431_,275.935µm
cnn_inst.comm_mem_u0.o_img_row06\[10\],275.665µm
net243,275.575µm
_02512_,274.835µm
net726,274.83µm
net43,274.81µm
cnn_inst.proc_u0.cnn_ctrl_u0.cnn_inst.cnn_inst.kernel_flat\[55\],274.34µm
cnn_inst.comm_mem_u0.o_img_row06\[5\],273.865µm
net612,273.14µm
cnn_inst.comm_mem_u0.o_img_row03\[3\],272.505µm
net742,272.49µm
_02032_,272.115µm
_01820_,272.035µm
net593,271.175µm
_01827_,271.16µm
net544,270.715µm
_04454_,270.66µm
net1074,270.555µm
net120,269.65µm
cnn_inst.comm_mem_u0.o_img_row05\[8\],269.475µm
net784,267.545µm
cnn_inst.comm_mem_u0.o_img_row04\[12\],267.3µm
cnn_inst.proc_u0.cnn_ctrl_u0.cnn_inst.cnn_inst.kernel_flat\[41\],267.155µm
cnn_inst.comm_mem_u0.o_wgt_row00\[7\],266.42µm
cnn_inst.comm_mem_u0.o_img_row07\[4\],266.27µm
net45,264.42µm
net182,264.21µm
cnn_inst.comm_mem_u0.o_img_row09\[3\],263.36µm
_03522_,263.025µm
cnn_inst.comm_mem_u0.o_img_row03\[27\],262.84µm
net59,262.835µm
cnn_inst.comm_mem_u0.o_img_row06\[16\],262.73µm
cnn_inst.comm_mem_u0.o_img_row05\[26\],262.595µm
net380,262.32µm
net18,262.125µm
net116,261.47µm
_05192_,260.845µm
net15,260.66µm
_01844_,260.28µm
net260,258.43µm
net200,258.235µm
net627,256.15µm
cnn_inst.comm_mem_u0.o_img_row03\[18\],256.05µm
net772,255.97µm
net607,255.23µm
_01829_,255.1µm
_04166_,254.995µm
net38,254.515µm
cnn_inst.comm_mem_u0.o_img_row05\[12\],254.3µm
cnn_inst.comm_mem_u0.o_img_row02\[26\],253.965µm
net269,253.505µm
net67,253.405µm
cnn_inst.proc_u0.cnn_ctrl_u0.cnn_inst.cnn_inst.kernel_flat\[18\],253.31µm
_03663_,253.205µm
net396,253.195µm
net199,252.845µm
net342,252.685µm
net588,251.795µm
net348,250.42µm
net808,250.38µm
_06113_,250.21µm
net773,249.96µm
net314,248.97µm
_06331_,248.65µm
_04793_,248.58µm
_01985_,248.005µm
cnn_inst.comm_mem_u0.o_img_row05\[29\],247.94µm
net2,247.93µm
_02235_,247.745µm
_01824_,247.605µm
net190,247.515µm
net583,247.495µm
net180,246.615µm
net141,246.565µm
net398,245.75µm
_06430_,245.175µm
net5,245.17µm
_03511_,245.13µm
_03665_,244.68µm
net32,244.46µm
_03959_,244.415µm
net957,244.12µm
_02567_,243.625µm
net485,243.385µm
net13,242.985µm
cnn_inst.comm_mem_u0.o_img_row03\[2\],242.885µm
_02876_,242.855µm
net960,242.605µm
net467,242.505µm
_04841_,242.4µm
net894,242.28µm
net140,242.225µm
net592,240.47µm
cnn_inst.proc_u0.cnn_ctrl_u0.cnn_inst.cnn_inst.kernel_flat\[1\],240.08µm
net231,239.175µm
net602,238.87µm
_06114_,238.44µm
net108,238.42µm
_02783_,237.93µm
net851,237.21µm
cnn_inst.comm_mem_u0.o_img_row08\[12\],237.18µm
cnn_inst.comm_mem_u0.o_img_row07\[2\],237.085µm
net201,236.855µm
net465,236.71µm
cnn_inst.comm_mem_u0.spi_u0.image_shift\[3\],236.49µm
_03682_,236.335µm
_02622_,235.83µm
net198,234.6µm
net691,233.615µm
cnn_inst.proc_u0.cnn_ctrl_u0.cnn_inst.cnn_inst.kernel_flat\[35\],233.51µm
cnn_inst.comm_mem_u0.o_img_row05\[14\],233.48µm
cnn_inst.proc_u0.cnn_ctrl_u0.cnn_inst.cnn_inst.kernel_flat\[21\],233.31µm
net375,233.245µm
cnn_inst.comm_mem_u0.o_img_row03\[6\],232.68µm
_02423_,232.31µm
_02081_,232.285µm
net273,232.24µm
net144,231.815µm
cnn_inst.proc_u0.cnn_ctrl_u0.cnn_inst.cnn_inst.kernel_flat\[71\],231.745µm
net370,230.965µm
_01943_,229.91µm
net642,229.885µm
net475,229.74µm
_03568_,229.31µm
_02838_,229.285µm
net408,229.24µm
net237,228.94µm
net626,228.935µm
cnn_inst.comm_mem_u0.o_img_row00\[9\],228.14µm
cnn_inst.comm_mem_u0.o_img_row06\[12\],227.7µm
net71,227.215µm
cnn_inst.comm_mem_u0.o_wgt_row00\[6\],227.19µm
_03220_,227.01µm
net158,226.415µm
net777,226.38µm
_05247_,226.08µm
net74,225.85µm
_03391_,225.55µm
net746,225.14µm
cnn_inst.comm_mem_u0.o_img_row04\[4\],224.975µm
net505,224.95µm
cnn_inst.comm_mem_u0.o_img_row02\[21\],224.935µm
cnn_inst.comm_mem_u0.o_img_row07\[5\],224.895µm
cnn_inst.comm_mem_u0.o_img_row05\[13\],224.165µm
net68,224.055µm
net484,224µm
net571,223.935µm
_05250_,223.66µm
net54,223.595µm
net30,223.46µm
cnn_inst.proc_u0.cnn_ctrl_u0.cnn_inst.cnn_inst.kernel_flat\[30\],223.335µm
cnn_inst.proc_u0.cnn_ctrl_u0.cnn_inst.cnn_inst.kernel_flat\[31\],223.335µm
_04765_,222.765µm
_04265_,222.605µm
net405,222.495µm
net373,222.465µm
net46,222.105µm
_02439_,221.71µm
net49,221.685µm
cnn_inst.comm_mem_u0.o_img_row06\[4\],221.575µm
net143,221.24µm
_02962_,221.095µm
net323,220.97µm
net1073,220.53µm
cnn_inst.proc_u0.cnn_ctrl_u0.cnn_inst.cnn_inst.kernel_flat\[56\],219.895µm
_03753_,219.65µm
net988,219.14µm
_01830_,218.905µm
net730,218.905µm
_06120_,218.83µm
net816,218.785µm
_03223_,218.625µm
_03450_,218.495µm
_04108_,218.37µm
_06464_,218.315µm
cnn_inst.comm_mem_u0.o_img_row09\[4\],218.285µm
net27,218.19µm
net756,218.12µm
_03052_,218.08µm
cnn_inst.comm_mem_u0.o_img_row01\[27\],217.91µm
_01927_,217.7µm
net857,217.12µm
cnn_inst.proc_u0.cnn_ctrl_u0.cnn_inst.cnn_inst.kernel_flat\[59\],216.855µm
net196,215.92µm
_03447_,215.84µm
cnn_inst.comm_mem_u0.spi_u0.weight_shift\[5\],215.42µm
net498,215.4µm
_04804_,215.245µm
net245,214.855µm
_01874_,214.82µm
_05202_,214.45µm
_01993_,214.355µm
net815,214.33µm
cnn_inst.proc_u0.cnn_ctrl_u0.cnn_inst.cnn_inst.kernel_flat\[15\],214.23µm
_06465_,214.09µm
net310,213.97µm
net652,213.89µm
cnn_inst.comm_mem_u0.o_img_row06\[3\],213.84µm
cnn_inst.comm_mem_u0.o_img_row03\[16\],213.515µm
_01346_,213.41µm
net905,213.245µm
net591,213.07µm
cnn_inst.comm_mem_u0.o_img_row03\[24\],212.68µm
_02851_,212.515µm
net142,212.515µm
net446,212.395µm
net653,212.27µm
cnn_inst.comm_mem_u0.o_img_row04\[14\],212.235µm
_06108_,212.23µm
net601,212.08µm
_04005_,211.93µm
cnn_inst.comm_mem_u0.o_img_row03\[4\],211.795µm
net502,211.77µm
net1027,211.725µm
net542,211.425µm
net105,210.955µm
net366,210.915µm
net625,210.435µm
net230,210.14µm
net229,210.07µm
net848,210.06µm
net344,209.76µm
net148,209.62µm
_03769_,209.245µm
net111,208.9µm
cnn_inst.comm_mem_u0.o_img_row06\[21\],208.83µm
_06112_,208.82µm
net654,208.75µm
cnn_inst.proc_u0.cnn_ctrl_u0.cnn_inst.cnn_inst.kernel_flat\[34\],208.67µm
cnn_inst.proc_u0.cnn_ctrl_u0.cnn_inst.cnn_inst.kernel_flat\[65\],208.625µm
cnn_inst.proc_u0.cnn_ctrl_u0.cnn_inst.cnn_inst.kernel_flat\[74\],208.505µm
net690,208.37µm
_03230_,208.31µm
net576,208.255µm
cnn_inst.proc_u0.cnn_ctrl_u0.cnn_inst.cnn_inst.kernel_flat\[45\],208.22µm
_01861_,208.025µm
net1070,208.02µm
net110,207.93µm
_06119_,207.62µm
net253,207.595µm
_02290_,207.165µm
net217,206.935µm
cnn_inst.comm_mem_u0.o_img_row02\[20\],206.36µm
_03786_,206.215µm
net302,206µm
net577,205.345µm
cnn_inst.proc_u0.cnn_ctrl_u0.cnn_inst.cnn_inst.kernel_flat\[25\],205.14µm
net369,204.64µm
_04086_,204.605µm
cnn_inst.comm_mem_u0.o_img_row03\[23\],204.38µm
_04071_,204.295µm
_03248_,204.21µm
cnn_inst.comm_mem_u0.o_img_row02\[5\],203.9µm
_03072_,203.74µm
cnn_inst.comm_mem_u0.o_img_row04\[25\],203.66µm
cnn_inst.comm_mem_u0.o_img_row03\[11\],203.645µm
net138,203.475µm
net174,203.27µm
net489,202.79µm
net736,202.615µm
cnn_inst.comm_mem_u0.o_img_row06\[26\],202.59µm
net1046,202.58µm
net483,202.5µm
_01841_,202.23µm
_03973_,202.22µm
_04092_,202.015µm
cnn_inst.proc_u0.cnn_ctrl_u0.cnn_inst.cnn_inst.kernel_flat\[53\],202.01µm
net927,201.955µm
net65,201.93µm
_03146_,201.86µm
_03123_,201.285µm
net154,201.245µm
net891,200.84µm
_03031_,200.625µm
net533,200.56µm
net864,200.48µm
_03611_,200.14µm
cnn_inst.comm_mem_u0.spi_u0.weight_shift\[10\],199.25µm
cnn_inst.comm_mem_u0.o_img_row02\[0\],199.05µm
net31,199.005µm
_05249_,198.87µm
net770,198.685µm
net271,198.64µm
_03740_,198.555µm
cnn_inst.comm_mem_u0.o_img_row00\[7\],198.535µm
_05234_,198.42µm
cnn_inst.comm_mem_u0.o_img_row03\[25\],198.385µm
_01840_,198.19µm
net178,198.12µm
_05988_,197.195µm
_06118_,197.01µm
net50,196.93µm
net431,196.715µm
net37,196.57µm
net636,196.45µm
net345,196.01µm
net145,195.98µm
cnn_inst.comm_mem_u0.o_img_row06\[11\],195.43µm
cnn_inst.comm_mem_u0.o_wgt_row00\[12\],195.3µm
net337,194.78µm
_03000_,194.45µm
net895,194.36µm
net291,194.2µm
_02878_,194.16µm
net131,193.845µm
net118,193.7µm
net84,193.545µm
cnn_inst.comm_mem_u0.o_img_row08\[14\],193.485µm
net122,193.165µm
_06116_,193.09µm
net740,192.99µm
cnn_inst.comm_mem_u0.spi_u0.weight_shift\[6\],192.66µm
cnn_inst.comm_mem_u0.o_img_row08\[20\],192.545µm
_03425_,192.105µm
_03743_,191.71µm
_03727_,191.665µm
_03224_,191.65µm
net892,191.31µm
cnn_inst.comm_mem_u0.o_img_row03\[21\],191.015µm
_02984_,190.98µm
_05152_,190.69µm
net599,190.635µm
net89,190.435µm
net294,190.375µm
cnn_inst.proc_u0.cnn_ctrl_u0.cnn_inst.cnn_inst.kernel_flat\[63\],189.925µm
cnn_inst.comm_mem_u0.o_img_row03\[17\],189.9µm
net399,189.665µm
net221,189.63µm
net4,189.285µm
_01930_,189.2µm
_01644_,188.975µm
net754,188.855µm
net440,188.675µm
cnn_inst.proc_u0.cnn_ctrl_u0.cnn_inst.cnn_inst.kernel_flat\[22\],188.625µm
_04102_,188.475µm
_03203_,188.425µm
net871,188.315µm
cnn_inst.comm_mem_u0.o_img_row03\[7\],188.06µm
net486,187.83µm
net799,187.63µm
net709,187.565µm
cnn_inst.proc_u0.cnn_ctrl_u0.cnn_inst.cnn_inst.window_sel\[2\],187.415µm
net159,187.1µm
_03683_,187µm
cnn_inst.comm_mem_u0.spi_u0.weight_shift\[4\],186.775µm
cnn_inst.proc_u0.cnn_ctrl_u0.cnn_inst.cnn_inst.kernel_flat\[37\],186.545µm
cnn_inst.comm_mem_u0.o_img_row07\[19\],186.5µm
cnn_inst.comm_mem_u0.spi_u0.weight_shift\[0\],186.47µm
net987,186.45µm
net218,186.41µm
net500,186.36µm
net214,186.21µm
net127,186.095µm
net404,186.015µm
net264,185.895µm
_06675_,185.68µm
cnn_inst.comm_mem_u0.o_img_row07\[3\],185.62µm
cnn_inst.comm_mem_u0.spi_u0.image_shift\[1\],185.365µm
cnn_inst.comm_mem_u0.o_img_row03\[20\],185.28µm
_02384_,185.1µm
net252,184.73µm
net409,184.685µm
cnn_inst.comm_mem_u0.o_img_row04\[10\],184.66µm
net157,184.625µm
net183,184.53µm
net958,184.515µm
net779,184.19µm
cnn_inst.comm_mem_u0.o_img_row06\[22\],183.69µm
_01321_,183.245µm
net62,183µm
_04019_,182.93µm
net139,182.895µm
net880,182.845µm
net510,182.435µm
net912,182.125µm
net564,182.085µm
net184,182.065µm
net210,182µm
net40,181.875µm
net20,181.71µm
_03518_,181.7µm
_04783_,181.595µm
net651,181.41µm
_06086_,181.29µm
net374,181.055µm
net124,180.91µm
_04352_,180.69µm
net378,180.42µm
net881,179.875µm
cnn_inst.comm_mem_u0.o_img_row03\[10\],179.81µm
net274,179.68µm
cnn_inst.comm_mem_u0.o_img_row00\[15\],179.65µm
_03427_,179.11µm
net56,179.01µm
_03606_,178.85µm
net407,178.835µm
net125,178.76µm
net238,178.51µm
net590,178.46µm
cnn_inst.comm_mem_u0.o_img_row05\[11\],178.22µm
cnn_inst.comm_mem_u0.o_img_row06\[24\],178.19µm
_06111_,178.1µm
net312,177.89µm
cnn_inst.proc_u0.cnn_ctrl_u0.cnn_inst.cnn_inst.kernel_flat\[0\],177.73µm
net70,177.69µm
_04131_,177.645µm
net856,177.56µm
cnn_inst.comm_mem_u0.o_img_row02\[6\],177.51µm
_03074_,177.475µm
net155,177.275µm
_06560_,176.81µm
net61,176.585µm
net501,176.53µm
net824,176.1µm
net785,175.835µm
net48,175.735µm
net488,175.345µm
_03433_,175.325µm
net619,175.275µm
net320,175.165µm
_03104_,175.005µm
_02609_,174.585µm
net225,174.58µm
cnn_inst.comm_mem_u0.o_img_row08\[22\],174.435µm
net423,174.39µm
_04178_,174.295µm
_03711_,174.19µm
net341,174.13µm
net153,173.705µm
net397,173.5µm
_03925_,173.46µm
net73,173.255µm
_03128_,172.83µm
_01822_,172.71µm
net847,172.685µm
net173,172.49µm
net29,172.235µm
_04382_,172.1µm
_04515_,172.03µm
net492,171.89µm
net357,171.755µm
net845,171.755µm
cnn_inst.comm_mem_u0.o_img_row07\[16\],171.725µm
net63,171.72µm
net669,171.635µm
_02163_,171.61µm
_02099_,171.32µm
_06109_,171.3µm
net250,171.275µm
_03197_,171.23µm
net886,171.205µm
net303,171.17µm
net363,171.095µm
net128,171.05µm
net150,170.36µm
net239,170.215µm
cnn_inst.proc_u0.cnn_ctrl_u0.cnn_inst.cnn_inst.window_sel\[3\],170.03µm
_03263_,169.86µm
net189,169.795µm
cnn_inst.comm_mem_u0.o_img_row07\[7\],169.745µm
net656,169.705µm
net279,169.46µm
_02149_,169.39µm
_04127_,169.145µm
_03164_,169.04µm
net147,168.555µm
_03631_,168.415µm
net1030,168.375µm
cnn_inst.comm_mem_u0.o_img_row05\[21\],168.095µm
net994,168.055µm
_02087_,167.96µm
_05525_,167.355µm
cnn_inst.comm_mem_u0.o_img_row02\[3\],167.305µm
net316,167.285µm
_03519_,167.165µm
net624,167.105µm
net649,166.9µm
cnn_inst.proc_u0.cnn_ctrl_u0.cnn_inst.cnn_inst.kernel_flat\[2\],166.89µm
net447,166.77µm
net594,166.625µm
cnn_inst.comm_mem_u0.o_img_row04\[24\],166.585µm
_01806_,166.45µm
net943,166.415µm
net684,166.39µm
net582,166.335µm
net853,166.125µm
net949,166.015µm
net604,165.915µm
net135,165.655µm
net893,165.45µm
_01809_,165.175µm
net137,165.165µm
_03160_,165.145µm
net750,165.04µm
_02717_,165.035µm
net261,165.035µm
_02011_,165.02µm
cnn_inst.comm_mem_u0.o_img_row02\[22\],164.6µm
net715,164.53µm
cnn_inst.comm_mem_u0.o_img_row07\[8\],163.85µm
_06115_,163.77µm
net641,163.35µm
_02644_,162.84µm
net843,162.56µm
cnn_inst.proc_u0.cnn_ctrl_u0.cnn_inst.cnn_inst.kernel_flat\[39\],162.04µm
net456,161.965µm
net836,161.94µm
_04708_,161.935µm
net497,161.86µm
cnn_inst.comm_mem_u0.o_img_row05\[6\],161.72µm
_03958_,161.7µm
net565,161.51µm
net883,161.435µm
net133,161.355µm
net284,161.29µm
net888,161.06µm
cnn_inst.comm_mem_u0.o_img_row07\[14\],160.92µm
net538,160.88µm
net216,160.855µm
_02719_,160.515µm
net439,160.47µm
net416,160.005µm
net879,159.91µm
cnn_inst.comm_mem_u0.o_img_row03\[1\],159.755µm
net787,159.535µm
net855,159.46µm
net441,159.45µm
net307,159.355µm
net95,159.145µm
net792,158.805µm
_01817_,158.525µm
net136,158.29µm
cnn_inst.comm_mem_u0.o_img_row06\[20\],157.39µm
net555,157.32µm
net587,157.315µm
net384,157.16µm
_05189_,157.075µm
net211,156.975µm
_03576_,156.585µm
_02680_,156.46µm
_02451_,156.34µm
net161,156.29µm
net600,156.26µm
_05837_,156.14µm
net830,155.9µm
net400,155.82µm
net504,155.81µm
net227,155.76µm
net482,155.75µm
_02535_,155.62µm
cnn_inst.comm_mem_u0.o_img_row05\[15\],155.55µm
_01687_,155.31µm
net152,155.305µm
_03991_,154.915µm
net425,154.905µm
cnn_inst.proc_u0.cnn_ctrl_u0.cnn_inst.cnn_inst.kernel_flat\[73\],154.89µm
net621,154.845µm
net123,154.66µm
_06753_,154.58µm
net703,154.485µm
net149,154.4µm
_02264_,154.1µm
_03242_,153.835µm
net215,153.61µm
net1055,153.47µm
net678,153.31µm
net507,153.27µm
net383,153.185µm
net610,152.79µm
_01837_,152.535µm
net391,152.505µm
net258,152.28µm
net322,152.11µm
_02704_,152.09µm
cnn_inst.proc_u0.cnn_ctrl_u0.cnn_inst.cnn_inst.kernel_flat\[61\],151.83µm
net463,151.785µm
net187,151.555µm
_02161_,151.51µm
net676,151.42µm
_04746_,151.39µm
net716,151.375µm
cnn_inst.comm_mem_u0.o_img_row08\[7\],151.16µm
net254,151.14µm
cnn_inst.proc_u0.cnn_ctrl_u0.cnn_acc\[8\],151.045µm
_04636_,150.9µm
net640,150.88µm
net266,150.755µm
net841,150.665µm
_04164_,150.625µm
net23,150.485µm
net566,150.465µm
cnn_inst.comm_mem_u0.o_img_row02\[9\],150.09µm
cnn_inst.comm_mem_u0.spi_u0.image_shift\[2\],150.07µm
net679,149.975µm
net66,149.935µm
_01990_,149.665µm
_01549_,149.62µm
net552,149.365µm
_01885_,149.325µm
net1094,149.23µm
net794,149.09µm
_02858_,148.81µm
net573,148.805µm
_01579_,148.735µm
net381,148.66µm
_06101_,148.65µm
_04254_,148.225µm
net603,148.205µm
_01876_,147.855µm
net340,147.68µm
cnn_inst.comm_mem_u0.o_img_row03\[19\],147.42µm
net304,147.345µm
net700,147.3µm
net589,147.29µm
cnn_inst.comm_mem_u0.o_img_row09\[28\],147.26µm
net782,146.82µm
cnn_inst.proc_u0.cnn_ctrl_u0.cnn_inst.cnn_inst.kernel_flat\[17\],146.795µm
net780,146.665µm
net96,146.555µm
cnn_inst.comm_mem_u0.o_img_row05\[24\],146.395µm
net683,146.305µm
_00025_,146.22µm
net810,146.155µm
net797,146.05µm
net838,145.96µm
net414,145.845µm
net806,145.475µm
net41,145.245µm
net798,144.945µm
net318,144.76µm
net172,144.66µm
_05182_,144.635µm
net14,144.61µm
net991,144.575µm
net869,144.165µm
net707,143.925µm
net862,143.805µm
net903,143.805µm
net637,143.8µm
_05764_,143.49µm
net1003,143.4µm
net336,143.385µm
_02072_,143.32µm
_03265_,143.18µm
cnn_inst.comm_mem_u0.o_img_row04\[13\],143.14µm
cnn_inst.comm_mem_u0.o_img_row00\[19\],143.07µm
net265,143.07µm
_05508_,143.055µm
_03628_,142.85µm
cnn_inst.comm_mem_u0.o_img_row08\[15\],142.695µm
net75,142.685µm
net94,142.625µm
_06095_,142.46µm
net1016,142.46µm
net558,142.455µm
_01883_,142.325µm
cnn_inst.comm_mem_u0.spi_u0.weight_shift\[1\],142.28µm
_02133_,141.915µm
_01918_,141.9µm
net1024,141.895µm
net918,141.62µm
net389,141.385µm
net107,141.295µm
net1045,141.07µm
net11,140.945µm
net462,140.905µm
net890,140.745µm
_02534_,140.64µm
net595,140.5µm
cnn_inst.comm_mem_u0.o_img_row05\[28\],140.08µm
net608,140.07µm
net877,139.92µm
net698,139.705µm
net938,139.65µm
net58,139.535µm
_02115_,139.4µm
_04478_,139.14µm
net650,139.135µm
net655,138.975µm
net846,138.94µm
net783,138.93µm
net386,138.925µm
net21,138.89µm
net889,138.76µm
net966,138.71µm
cnn_inst.comm_mem_u0.o_img_row05\[25\],138.44µm
_01955_,138.435µm
cnn_inst.comm_mem_u0.o_img_row07\[20\],138.235µm
cnn_inst.comm_mem_u0.spi_u0.weight_shift\[2\],138.135µm
net631,138.09µm
cnn_inst.comm_mem_u0.o_img_row04\[3\],138.015µm
net945,137.82µm
net598,137.805µm
cnn_inst.comm_mem_u0.o_img_row03\[9\],137.68µm
net971,137.475µm
net973,137.455µm
_03607_,137.43µm
_05513_,137.24µm
_02809_,137.19µm
_01810_,137.01µm
net293,137µm
net276,136.735µm
net471,136.645µm
cnn_inst.comm_mem_u0.o_img_row07\[12\],136.56µm
net491,136.51µm
cnn_inst.proc_u0.cnn_ctrl_u0.cnn_inst.cnn_inst.kernel_flat\[68\],136.48µm
net689,136.46µm
net53,136.425µm
net472,136.165µm
cnn_inst.comm_mem_u0.o_img_row09\[24\],136.085µm
_05748_,136.05µm
_04023_,135.99µm
_05754_,135.985µm
_04603_,135.96µm
_02603_,135.68µm
_01747_,135.61µm
net464,135.605µm
_03745_,135.515µm
_02807_,135.43µm
net169,135.385µm
_05245_,135.36µm
_04034_,135.305µm
net1041,135.13µm
net956,135.1µm
cnn_inst.comm_mem_u0.o_img_row09\[8\],135.03µm
_01315_,134.895µm
net121,134.85µm
net817,134.7µm
net948,134.7µm
net801,134.69µm
_01895_,134.66µm
_05075_,134.48µm
cnn_inst.comm_mem_u0.o_img_row02\[14\],134.465µm
_01649_,134.375µm
net993,134.31µm
_03088_,134.29µm
_02144_,134.07µm
net634,134.035µm
net728,133.76µm
net975,133.69µm
cnn_inst.comm_mem_u0.o_img_row08\[10\],133.525µm
_04745_,133.5µm
_05768_,133.3µm
net804,133.205µm
net494,133.17µm
cnn_inst.comm_mem_u0.o_img_row04\[18\],133.13µm
net235,133.06µm
net713,133.025µm
net236,132.97µm
cnn_inst.comm_mem_u0.o_img_row06\[17\],132.935µm
net406,132.865µm
_04411_,132.86µm
_06084_,132.66µm
_01609_,132.62µm
net403,132.465µm
net114,132.15µm
net224,132.15µm
cnn_inst.comm_mem_u0.o_img_row08\[1\],132.145µm
cnn_inst.comm_mem_u0.o_img_row05\[4\],132.11µm
_04643_,131.98µm
net545,131.95µm
net882,131.815µm
_04427_,131.81µm
net550,131.745µm
net226,131.65µm
net910,131.565µm
cnn_inst.comm_mem_u0.o_img_row00\[20\],131.43µm
net26,131.42µm
_05145_,131.38µm
_02120_,131.245µm
_02752_,131.185µm
net563,131.17µm
net88,130.995µm
net710,130.925µm
cnn_inst.comm_mem_u0.o_img_row07\[13\],130.87µm
net553,130.73µm
net688,130.72µm
net445,130.555µm
net695,130.555µm
net748,130.49µm
_02840_,130.445µm
net69,130.42µm
net382,130.345µm
net444,130.31µm
cnn_inst.comm_mem_u0.o_img_row05\[20\],130.305µm
net976,130.185µm
net1071,130.175µm
net623,130.115µm
net246,130.065µm
net614,129.63µm
cnn_inst.comm_mem_u0.o_img_row05\[18\],129.615µm
net559,129.525µm
net870,129.25µm
net104,129.155µm
cnn_inst.comm_mem_u0.o_img_row06\[23\],129.075µm
net79,128.96µm
net1034,128.735µm
_02967_,128.65µm
net512,128.55µm
net820,128.455µm
_01821_,128.44µm
net39,128.4µm
net539,128.185µm
_02750_,128.17µm
_03264_,128.17µm
net244,128.16µm
_05722_,128.135µm
net417,127.86µm
cnn_inst.comm_mem_u0.o_img_row04\[22\],127.825µm
_03065_,127.75µm
net822,127.71µm
net466,127.39µm
net319,127.32µm
net849,127.245µm
net186,127.185µm
cnn_inst.comm_mem_u0.o_img_row01\[19\],127.12µm
_06087_,127.1µm
net206,127.07µm
net1085,126.925µm
_01331_,126.795µm
_06106_,126.75µm
net647,126.745µm
_02678_,126.18µm
_01828_,125.95µm
_02860_,125.76µm
net714,125.76µm
_05203_,125.75µm
net781,125.68µm
net935,125.65µm
_02492_,125.545µm
_01617_,125.515µm
cnn_inst.comm_mem_u0.o_img_row04\[8\],125.46µm
cnn_inst.comm_mem_u0.o_img_row05\[10\],125.41µm
net455,125.295µm
cnn_inst.comm_mem_u0.o_img_row00\[21\],125.21µm
net722,125.12µm
_05170_,125.1µm
net834,125.005µm
net292,124.995µm
net16,124.83µm
cnn_inst.proc_u0.cnn_ctrl_u0.cnn_inst.cnn_inst.kernel_flat\[36\],124.63µm
net535,124.575µm
cnn_inst.comm_mem_u0.o_img_row09\[14\],124.455µm
net613,124.44µm
_05738_,124.18µm
net825,124.17µm
net334,124.115µm
cnn_inst.comm_mem_u0.o_img_row04\[7\],124.08µm
_06103_,123.815µm
_05461_,123.74µm
_03992_,123.66µm
_04253_,123.62µm
net10,123.62µm
_03645_,123.485µm
cnn_inst.comm_mem_u0.o_img_row08\[23\],123.48µm
_06791_,123.405µm
net867,123.3µm
net1002,123.155µm
net130,123.13µm
net632,123.07µm
_06708_,123.02µm
net919,123.015µm
net240,122.91µm
_02852_,122.88µm
net57,122.82µm
net989,122.82µm
_04351_,122.74µm
_02481_,122.67µm
net833,122.64µm
_04085_,122.515µm
cnn_inst.comm_mem_u0.o_img_row00\[23\],122.48µm
net338,122.47µm
net942,122.43µm
net940,122.39µm
net1018,122.34µm
cnn_inst.comm_mem_u0.o_img_row04\[2\],122.245µm
_01978_,122.13µm
net163,122.12µm
_02660_,122.105µm
cnn_inst.comm_mem_u0.o_img_row09\[22\],121.995µm
net788,121.945µm
net267,121.935µm
_02366_,121.89µm
_05652_,121.81µm
_05703_,121.6µm
net597,121.365µm
net1037,121.295µm
_06105_,121.21µm
_06085_,121.07µm
net91,120.85µm
cnn_inst.comm_mem_u0.o_img_row04\[0\],120.685µm
net1050,120.685µm
net388,120.46µm
net796,120.27µm
cnn_inst.comm_mem_u0.o_img_row09\[12\],120.23µm
cnn_inst.comm_mem_u0.o_img_row02\[24\],120.2µm
net911,120.1µm
cnn_inst.comm_mem_u0.o_img_row07\[17\],120.035µm
cnn_inst.comm_mem_u0.o_img_row02\[8\],119.93µm
net421,119.695µm
net596,119.685µm
_04355_,119.605µm
_03724_,119.575µm
cnn_inst.comm_mem_u0.o_img_row03\[15\],119.515µm
net232,119.49µm
net790,119.305µm
_06102_,119.08µm
net212,119.005µm
net233,118.76µm
net247,118.71µm
net287,118.65µm
cnn_inst.comm_mem_u0.o_img_row02\[2\],118.625µm
_06044_,118.51µm
cnn_inst.proc_u0.cnn_ctrl_u0.cnn_inst.cnn_inst.window_sel\[1\],118.46µm
net541,118.36µm
_02422_,118.34µm
cnn_inst.comm_mem_u0.o_img_row03\[22\],118.325µm
_01512_,118.305µm
_03744_,118.165µm
cnn_inst.comm_mem_u0.o_img_row09\[19\],118.04µm
net574,118µm
_03995_,117.945µm
net584,117.935µm
net277,117.86µm
net803,117.79µm
net1079,117.56µm
_06107_,117.51µm
_02132_,117.34µm
_05180_,117.24µm
net628,117.24µm
net908,117.17µm
net984,117.125µm
net738,117.09µm
_06080_,117.07µm
cnn_inst.comm_mem_u0.o_img_row08\[26\],117.07µm
net605,117.07µm
_05401_,116.935µm
net1042,116.91µm
net537,116.84µm
_05658_,116.705µm
net249,116.67µm
_03842_,116.66µm
_06775_,116.65µm
_01848_,116.54µm
net793,116.475µm
_06104_,116.41µm
_04967_,116.33µm
net432,116.295µm
net290,116.23µm
net209,116.15µm
net680,116.04µm
net35,116.025µm
_03524_,115.995µm
net356,115.865µm
_01832_,115.81µm
cnn_inst.comm_mem_u0.o_img_row01\[25\],115.79µm
cnn_inst.comm_mem_u0.o_img_row04\[27\],115.765µm
_02160_,115.71µm
net821,115.67µm
net791,115.665µm
net823,115.56µm
_03993_,115.525µm
_05985_,115.5µm
_04078_,115.47µm
cnn_inst.comm_mem_u0.o_img_row08\[8\],115.335µm
net450,115.255µm
_02566_,115.23µm
net687,115.215µm
net1062,114.875µm
net622,114.865µm
_06659_,114.745µm
net1059,114.715µm
net28,114.675µm
_01979_,114.665µm
net828,114.665µm
_02131_,114.625µm
_03526_,114.62µm
net579,114.54µm
_01805_,114.33µm
net1084,114.275µm
net64,114.26µm
net902,114.21µm
_03604_,114.2µm
_02203_,114.165µm
_01611_,114.035µm
_01836_,113.98µm
net546,113.945µm
net1039,113.885µm
net995,113.88µm
_03015_,113.73µm
net1043,113.725µm
net702,113.66µm
net470,113.57µm
net115,113.51µm
net732,113.46µm
net241,113.365µm
net1007,113.335µm
net964,113.3µm
_05204_,113.29µm
_01746_,113.26µm
_03783_,113.25µm
_02786_,113.235µm
_04437_,113.185µm
net100,113.18µm
_01627_,113.105µm
_01656_,112.885µm
net981,112.675µm
cnn_inst.comm_mem_u0.o_img_row03\[14\],112.64µm
net968,112.465µm
net1032,112.46µm
net25,112.325µm
net814,112.225µm
_01819_,112.215µm
_04049_,112.21µm
net874,112.17µm
net309,112.04µm
_05163_,112.03µm
net812,111.905µm
_06088_,111.87µm
net697,111.845µm
cnn_inst.comm_mem_u0.o_img_row09\[27\],111.765µm
net1028,111.7µm
net98,111.61µm
net639,111.565µm
net795,111.55µm
net242,111.49µm
net699,111.475µm
net476,111.425µm
net630,111.05µm
net81,111.025µm
cnn_inst.comm_mem_u0.o_img_row08\[11\],111.02µm
net24,111.005µm
net861,110.96µm
cnn_inst.comm_mem_u0.o_img_row02\[25\],110.73µm
net171,110.72µm
_01834_,110.705µm
_02449_,110.6µm
_05193_,110.48µm
_02324_,110.4µm
_02812_,110.4µm
net644,110.3µm
net972,110.11µm
net101,110µm
net1038,109.99µm
_00041_,109.94µm
cnn_inst.comm_mem_u0.o_img_row07\[10\],109.85µm
cnn_inst.comm_mem_u0.o_img_row05\[23\],109.81µm
_02565_,109.72µm
_05642_,109.59µm
net263,109.525µm
_04546_,109.505µm
cnn_inst.comm_mem_u0.o_img_row01\[17\],109.42µm
_05831_,109.365µm
_03901_,109.34µm
_05692_,109.315µm
_05825_,109.265µm
net673,109.06µm
_02482_,109.05µm
net329,108.985µm
_06173_,108.89µm
net156,108.87µm
net160,108.805µm
_05094_,108.78µm
_04364_,108.65µm
cnn_inst.comm_mem_u0.o_img_row02\[15\],108.55µm
cnn_inst.comm_mem_u0.o_img_row08\[24\],108.53µm
net113,108.435µm
net452,108.375µm
cnn_inst.proc_u0.cnn_ctrl_u0.cnn_acc\[9\],108.31µm
_02871_,108.24µm
net213,108.24µm
net480,108.1µm
net1049,108.035µm
net256,107.795µm
cnn_inst.comm_mem_u0.o_img_row02\[4\],107.785µm
net1058,107.765µm
net496,107.705µm
net850,107.675µm
net132,107.625µm
_06184_,107.615µm
net97,107.605µm
net164,107.555µm
net102,107.49µm
cnn_inst.comm_mem_u0.o_img_row08\[9\],107.425µm
cnn_inst.comm_mem_u0.o_img_row05\[2\],107.42µm
cnn_inst.comm_mem_u0.o_img_row09\[17\],107.375µm
_02795_,107.18µm
cnn_inst.comm_mem_u0.o_img_row07\[15\],107.145µm
net907,106.85µm
net1022,106.825µm
cnn_inst.comm_mem_u0.o_img_row09\[7\],106.785µm
_03393_,106.51µm
net744,106.37µm
net308,106.15µm
cnn_inst.comm_mem_u0.o_img_row09\[25\],106.02µm
_05984_,105.85µm
net866,105.81µm
net394,105.775µm
net177,105.765µm
_02428_,105.75µm
_03392_,105.72µm
_05759_,105.7µm
net36,105.695µm
net914,105.695µm
net422,105.685µm
_04323_,105.67µm
net534,105.665µm
cnn_inst.comm_mem_u0.o_img_row00\[25\],105.65µm
_02112_,105.605µm
net786,105.555µm
cnn_inst.proc_u0.cnn_ctrl_u0.cnn_acc\[7\],105.5µm
net1005,105.405µm
net711,105.3µm
net170,105.29µm
net922,105.255µm
net511,105.095µm
net809,105.01µm
cnn_inst.comm_mem_u0.o_img_row00\[17\],104.9µm
net776,104.85µm
cnn_inst.comm_mem_u0.o_img_row07\[27\],104.815µm
_02206_,104.795µm
_04047_,104.795µm
net671,104.775µm
net1033,104.765µm
cnn_inst.comm_mem_u0.o_img_row01\[23\],104.71µm
_02737_,104.69µm
cnn_inst.comm_mem_u0.o_img_row08\[3\],104.64µm
_05496_,104.4µm
_03547_,104.375µm
net835,104.345µm
_02247_,104.215µm
net481,104.115µm
_03408_,104.03µm
_06100_,103.94µm
net1075,103.925µm
_02785_,103.735µm
net800,103.68µm
_05019_,103.58µm
_01588_,103.345µm
cnn_inst.comm_mem_u0.o_img_row01\[11\],103.27µm
net412,103.215µm
_05992_,103.21µm
net165,103.195µm
_04438_,103.15µm
_04767_,103.12µm
_02017_,103.05µm
net980,102.965µm
net220,102.865µm
_06571_,102.84µm
net990,102.84µm
_04414_,102.79µm
net615,102.785µm
net946,102.78µm
net941,102.755µm
cnn_inst.proc_u0.cnn_ctrl_u0.cnn_acc\[4\],102.695µm
cnn_inst.comm_mem_u0.o_img_row05\[3\],102.665µm
net547,102.655µm
net1069,102.645µm
cnn_inst.comm_mem_u0.o_img_row04\[23\],102.625µm
net392,102.62µm
net1051,102.555µm
_02117_,102.5µm
cnn_inst.comm_mem_u0.o_img_row00\[13\],102.465µm
_05880_,102.405µm
net854,102.405µm
net1035,102.365µm
net954,102.28µm
_03644_,102.25µm
_06364_,102.195µm
net775,102.085µm
_04659_,102.055µm
_04393_,102.05µm
cnn_inst.comm_mem_u0.o_img_row04\[21\],102µm
net514,101.95µm
net333,101.805µm
net1093,101.73µm
net1081,101.63µm
cnn_inst.comm_mem_u0.o_img_row09\[29\],101.6µm
net1017,101.585µm
net997,101.49µm
_03908_,101.4µm
net686,101.2µm
net694,101.2µm
_04498_,101.16µm
_02227_,100.93µm
net672,100.93µm
net704,100.885µm
net207,100.8µm
net436,100.68µm
net315,100.34µm
_03956_,100.24µm
net473,100.09µm
_04500_,100.07µm
net677,100.035µm
_05858_,100.02µm
net251,99.865µm
_02610_,99.77µm
cnn_inst.comm_mem_u0.o_img_row09\[21\],99.72µm
net219,99.57µm
net335,99.485µm
cnn_inst.comm_mem_u0.o_img_row06\[14\],99.465µm
_02168_,99.39µm
net1065,99.375µm
net931,99.195µm
_05173_,99.18µm
net435,99.145µm
_04544_,99.125µm
net1082,99.11µm
net1014,99.05µm
net818,98.95µm
_06692_,98.83µm
_05574_,98.825µm
_02696_,98.8µm
_02511_,98.77µm
cnn_inst.comm_mem_u0.o_img_row05\[16\],98.75µm
_02287_,98.72µm
_05033_,98.715µm
cnn_inst.comm_mem_u0.o_img_row05\[17\],98.71µm
cnn_inst.comm_mem_u0.o_img_row00\[3\],98.645µm
net134,98.545µm
_04823_,98.45µm
net82,98.385µm
_04860_,98.23µm
cnn_inst.comm_mem_u0.o_img_row08\[29\],98.225µm
_01796_,98.175µm
net974,98.11µm
net1010,98.09µm
net839,97.87µm
net985,97.865µm
net1000,97.86µm
cnn_inst.proc_u0.cnn_ctrl_u0.cnn_acc\[6\],97.8µm
net952,97.78µm
net982,97.765µm
net129,97.745µm
net1036,97.73µm
net693,97.715µm
_03811_,97.7µm
cnn_inst.comm_mem_u0.o_img_row09\[26\],97.595µm
_03585_,97.57µm
net430,97.31µm
net668,97.245µm
net969,97.175µm
net1053,97.16µm
net827,96.95µm
net953,96.935µm
_02551_,96.85µm
_01718_,96.555µm
cnn_inst.comm_mem_u0.o_img_row04\[19\],96.46µm
_04477_,96.4µm
net522,96.23µm
net508,96.19µm
_02266_,96.085µm
net934,95.96µm
net778,95.94µm
net992,95.77µm
net78,95.59µm
_04819_,95.22µm
net529,95.21µm
_04436_,95.125µm
net1067,95.06µm
_03016_,94.98µm
net415,94.9µm
_04479_,94.855µm
cnn_inst.comm_mem_u0.o_img_row01\[26\],94.74µm
net167,94.53µm
net1012,94.505µm
cnn_inst.comm_mem_u0.o_img_row09\[15\],94.405µm
net168,94.375µm
_02176_,94.295µm
net257,94.28µm
net933,94.195µm
net859,94.15µm
_02258_,94.145µm
net1090,94.105µm
net513,94.035µm
_02713_,93.98µm
cnn_inst.comm_mem_u0.o_img_row00\[10\],93.96µm
_02765_,93.87µm
_04455_,93.87µm
_02135_,93.375µm
net1060,93.365µm
net802,93.15µm
net900,93.15µm
net646,93.135µm
net706,93.085µm
net285,93.065µm
net536,93.06µm
cnn_inst.comm_mem_u0.o_img_row00\[28\],92.89µm
cnn_inst.comm_mem_u0.o_img_row09\[16\],92.89µm
net909,92.81µm
cnn_inst.comm_mem_u0.o_img_row08\[2\],92.805µm
cnn_inst.proc_u0.cnn_ctrl_u0.cnn_acc\[3\],92.79µm
cnn_inst.comm_mem_u0.o_img_row01\[16\],92.72µm
_03492_,92.675µm
_02001_,92.61µm
net926,92.605µm
net454,92.6µm
net223,92.49µm
_04163_,92.48µm
_02045_,92.38µm
cnn_inst.proc_u0.cnn_ctrl_u0.cnn_inst.cnn_inst.kernel_flat\[38\],92.355µm
cnn_inst.comm_mem_u0.o_img_row02\[13\],92.3µm
net451,92.25µm
net977,92.23µm
net939,92.205µm
net531,92.195µm
cnn_inst.comm_mem_u0.o_img_row08\[4\],92.185µm
_02993_,92.11µm
_03084_,92.06µm
_04116_,91.97µm
net9,91.94µm
net873,91.815µm
net222,91.765µm
net819,91.765µm
net458,91.535µm
net362,91.52µm
net551,91.355µm
_05194_,91.34µm
_04971_,91.3µm
net401,91.29µm
net963,91.26µm
net1006,91.245µm
net664,91.12µm
net955,91.035µm
_02868_,90.995µm
_03661_,90.97µm
_05042_,90.91µm
net474,90.885µm
_03996_,90.87µm
net1064,90.87µm
net657,90.845µm
_05446_,90.815µm
net811,90.8µm
_05820_,90.73µm
_05158_,90.69µm
net80,90.665µm
net515,90.64µm
net1021,90.64µm
net936,90.63µm
net561,90.61µm
_03144_,90.57µm
cnn_inst.comm_mem_u0.o_img_row08\[18\],90.555µm
net519,90.515µm
net962,90.465µm
_02339_,90.46µm
net878,90.435µm
_01807_,90.31µm
net1056,90.21µm
_04299_,90.2µm
_02051_,90.15µm
net860,90.115µm
_02801_,90.1µm
_04045_,90.055µm
cnn_inst.comm_mem_u0.o_img_row08\[27\],89.965µm
cnn_inst.comm_mem_u0.o_img_row08\[25\],89.845µm
net301,89.67µm
net92,89.645µm
net282,89.575µm
_05445_,89.49µm
net662,89.44µm
net1054,89.415µm
_02800_,89.35µm
_01812_,89.28µm
net826,89.255µm
_02700_,89.095µm
_02109_,88.92µm
net901,88.88µm
_04661_,88.875µm
net925,88.755µm
net1087,88.66µm
_05200_,88.59µm
cnn_inst.comm_mem_u0.o_img_row05\[27\],88.57µm
cnn_inst.comm_mem_u0.o_img_row08\[5\],88.56µm
_05882_,88.44µm
net517,88.34µm
_04912_,88.28µm
_03079_,88.2µm
_06497_,88.15µm
net929,88.105µm
cnn_inst.proc_u0.cnn_ctrl_u0.cnn_acc\[10\],88.1µm
_03904_,88.085µm
cnn_inst.proc_u0.cnn_ctrl_u0.cnn_acc\[2\],87.995µm
cnn_inst.proc_u0.cnn_ctrl_u0.cnn_inst.cnn_inst.kernel_flat\[60\],87.835µm
net364,87.75µm
net1092,87.685µm
net868,87.675µm
net295,87.5µm
net915,87.39µm
_02306_,87.38µm
_01546_,87.265µm
cnn_inst.comm_mem_u0.o_img_row08\[17\],87.07µm
net1061,87.035µm
net682,86.995µm
net978,86.955µm
net923,86.865µm
_04230_,86.85µm
_04385_,86.785µm
cnn_inst.comm_mem_u0.o_wgt_row01\[7\],86.65µm
cnn_inst.comm_mem_u0.o_img_row09\[18\],86.6µm
net1052,86.575µm
net477,86.555µm
net967,86.55µm
_04396_,86.52µm
net924,86.44µm
net638,86.41µm
cnn_inst.comm_mem_u0.o_img_row04\[17\],86.37µm
_04668_,86.315µm
_06329_,86.3µm
net1004,86.07µm
_06094_,85.99µm
_01645_,85.985µm
net842,85.935µm
_06752_,85.92µm
_02100_,85.86µm
_03213_,85.84µm
_02469_,85.8µm
net103,85.71µm
net424,85.69µm
net77,85.615µm
_01636_,85.58µm
_02059_,85.54µm
_01947_,85.505µm
net805,85.275µm
net358,85.27µm
cnn_inst.comm_mem_u0.o_img_row01\[18\],85.26µm
cnn_inst.comm_mem_u0.o_img_row07\[6\],85.11µm
cnn_inst.comm_mem_u0.o_img_row00\[14\],85.1µm
cnn_inst.comm_mem_u0.o_img_row00\[8\],85.065µm
cnn_inst.comm_mem_u0.o_img_row07\[0\],85.05µm
net411,84.935µm
_06096_,84.9µm
net930,84.885µm
net1088,84.805µm
net433,84.69µm
net670,84.685µm
_04864_,84.66µm
net675,84.545µm
net371,84.535µm
cnn_inst.comm_mem_u0.o_img_row09\[23\],84.515µm
net944,84.47µm
net666,84.37µm
_03618_,84.19µm
net548,84.175µm
_03588_,84.14µm
cnn_inst.comm_mem_u0.o_img_row01\[15\],84.075µm
net166,84.055µm
_05859_,84µm
_05366_,83.97µm
net530,83.97µm
cnn_inst.comm_mem_u0.o_img_row08\[13\],83.94µm
_04890_,83.77µm
cnn_inst.proc_u0.cnn_ctrl_u0.cnn_inst.cnn_inst.kernel_flat\[8\],83.72µm
_05157_,83.7µm
_05810_,83.65µm
_05850_,83.6µm
net528,83.54µm
_03103_,83.53µm
_03737_,83.505µm
net1048,83.505µm
_01654_,83.5µm
net920,83.43µm
net518,83.36µm
net332,83.35µm
_02728_,83.19µm
_04487_,83.13µm
net490,83.115µm
_02668_,83.09µm
net875,83.025µm
_05070_,83.01µm
net479,82.975µm
net916,82.95µm
net950,82.92µm
net275,82.77µm
cnn_inst.proc_u0.cnn_ctrl_u0.cnn_inst.cnn_inst.kernel_flat\[46\],82.76µm
cnn_inst.proc_u0.cnn_ctrl_u0.cnn_inst.cnn_inst.kernel_flat\[50\],82.76µm
_05761_,82.69µm
net659,82.595µm
_05990_,82.58µm
cnn_inst.comm_mem_u0.o_img_row01\[28\],82.545µm
net1076,82.53µm
net986,82.4µm
_06089_,82.39µm
net327,82.36µm
_01631_,82.18µm
net1020,82.165µm
net658,82.115µm
net90,82.095µm
net917,82.07µm
net1013,82.055µm
_02402_,82.015µm
net681,82.01µm
_03880_,81.99µm
net85,81.91µm
_03181_,81.68µm
_05777_,81.67µm
net876,81.555µm
_02158_,81.525µm
_04985_,81.365µm
_02396_,81.36µm
_05105_,81.34µm
cnn_inst.comm_mem_u0.o_img_row03\[13\],81.32µm
_01510_,81.195µm
_03902_,81.155µm
cnn_inst.comm_mem_u0.o_img_row09\[1\],81.105µm
_05766_,81.09µm
net1015,81.045µm
cnn_inst.comm_mem_u0.o_img_row02\[16\],80.995µm
cnn_inst.comm_mem_u0.o_img_row04\[9\],80.865µm
net521,80.84µm
net998,80.835µm
_03061_,80.74µm
net932,80.69µm
cnn_inst.comm_mem_u0.o_img_row02\[17\],80.54µm
net306,80.46µm
cnn_inst.comm_mem_u0.o_img_row07\[23\],80.3µm
net813,80.265µm
net112,80.23µm
net734,80.23µm
_03545_,80.195µm
_05815_,80.145µm
net708,80.02µm
_04040_,79.99µm
net979,79.965µm
net453,79.925µm
net296,79.865µm
net352,79.78µm
net503,79.76µm
_04909_,79.62µm
cnn_inst.comm_mem_u0.o_img_row04\[28\],79.53µm
_00042_,79.52µm
_03720_,79.495µm
_03327_,79.44µm
cnn_inst.comm_mem_u0.o_img_row01\[24\],79.405µm
net1001,79.35µm
_03142_,79.33µm
net87,79.095µm
_03597_,79.02µm
net1077,79.005µm
_02327_,78.995µm
cnn_inst.comm_mem_u0.o_img_row09\[20\],78.94µm
_05941_,78.83µm
net611,78.785µm
net983,78.74µm
_03205_,78.645µm
_02533_,78.525µm
_03222_,78.46µm
net554,78.43µm
net330,78.41µm
net951,78.375µm
cnn_inst.comm_mem_u0.o_img_row01\[12\],78.35µm
net1078,78.335µm
net360,78.32µm
_04486_,78.31µm
_03537_,78.285µm
net1080,78.285µm
net1008,78.235µm
cnn_inst.comm_mem_u0.o_img_row02\[19\],78.085µm
net442,78.065µm
_03523_,77.84µm
net1019,77.815µm
_02351_,77.795µm
_02834_,77.67µm
net617,77.59µm
_06081_,77.53µm
net12,77.45µm
_03614_,77.41µm
_01514_,77.305µm
cnn_inst.comm_mem_u0.reg_img_u6.Register_Imag_DataInBUS\[18\],77.29µm
net928,76.755µm
_05847_,76.675µm
cnn_inst.comm_mem_u0.spi_u0.cmd\[2\],76.605µm
cnn_inst.proc_u0.cnn_ctrl_u0.cnn_inst.cnn_inst.conv_out\[10\],76.6µm
net280,76.525µm
_02246_,76.52µm
_04441_,76.515µm
_01915_,76.41µm
net524,76.37µm
cnn_inst.comm_mem_u0.o_img_row06\[8\],76.31µm
net1029,76.24µm
_03300_,76.14µm
_02845_,76.085µm
_04541_,75.99µm
net460,75.96µm
net457,75.68µm
net970,75.645µm
net692,75.565µm
_06327_,75.49µm
cnn_inst.proc_u0.cnn_ctrl_u0.cnn_inst.cnn_inst.kernel_flat\[54\],75.3µm
net509,75.285µm
net557,75.25µm
_02107_,75.14µm
_03688_,75.12µm
cnn_inst.comm_mem_u0.o_img_row00\[18\],74.965µm
_02770_,74.9µm
_03069_,74.84µm
cnn_inst.comm_mem_u0.spi_u0.loader_image_sm.row_latch\[1\],74.775µm
net33,74.775µm
net526,74.585µm
_02486_,74.44µm
cnn_inst.CNNver2_MISO,74.35µm
cnn_inst.comm_mem_u0.o_img_row07\[11\],74.19µm
_04489_,74.17µm
net616,74.14µm
_02452_,74.115µm
cnn_inst.proc_u0.cnn_ctrl_u0.cnn_inst.cnn_inst.kernel_flat\[20\],74.11µm
_02582_,74.06µm
cnn_inst.comm_mem_u0.o_img_row09\[5\],74.035µm
_06220_,74.025µm
cnn_inst.comm_mem_u0.o_img_row01\[21\],73.67µm
_06747_,73.6µm
net349,73.585µm
net717,73.515µm
net495,73.47µm
_02970_,73.38µm
net478,73.38µm
net701,73.1µm
_06082_,73.09µm
_06406_,73.08µm
_04024_,72.9µm
net959,72.87µm
_05552_,72.86µm
_02699_,72.84µm
_04095_,72.81µm
net205,72.79µm
_04657_,72.735µm
net620,72.705µm
_06159_,72.635µm
_01818_,72.585µm
_06573_,72.39µm
net633,72.34µm
cnn_inst.proc_u0.cnn_ctrl_u0.cnn_inst.cnn_inst.kernel_flat\[64\],72.3µm
_04842_,72.13µm
_05032_,72.13µm
net346,72.11µm
_02982_,72.09µm
net840,72.065µm
_04855_,71.925µm
_05358_,71.885µm
_01896_,71.88µm
net523,71.78µm
net556,71.69µm
net947,71.65µm
cnn_inst.proc_u0.cnn_ctrl_u0.state\[11\],71.56µm
net645,71.5µm
_03905_,71.49µm
_01942_,71.465µm
_02928_,71.185µm
_04488_,71.1µm
_02804_,71.04µm
cnn_inst.comm_mem_u0.o_img_row04\[5\],71.01µm
net331,70.965µm
net629,70.915µm
_02091_,70.88µm
_06027_,70.88µm
_02201_,70.875µm
_06398_,70.81µm
_01898_,70.7µm
net86,70.525µm
cnn_inst.proc_u0.cnn_ctrl_u0.cnn_inst.cnn_inst.kernel_flat\[27\],70.515µm
_03089_,70.5µm
_01700_,70.49µm
net1057,70.4µm
_01925_,70.33µm
_04301_,69.75µm
_01991_,69.6µm
_03962_,69.6µm
_03136_,69.47µm
net543,69.47µm
net354,69.44µm
_01371_,69.38µm
_01823_,69.32µm
cnn_inst.proc_u0.cnn_ctrl_u0.cnn_inst.state\[1\],69.31µm
net413,69.085µm
cnn_inst.comm_mem_u0.o_img_row08\[19\],68.925µm
net921,68.825µm
net562,68.785µm
_05002_,68.76µm
net506,68.63µm
_05770_,68.52µm
net887,68.515µm
_02365_,68.42µm
_04807_,68.38µm
cnn_inst.comm_mem_u0.o_img_row01\[7\],68.35µm
_01580_,68.275µm
_04921_,68.18µm
_01795_,68.1µm
net324,68.05µm
_02378_,68.04µm
_02474_,67.93µm
net1011,67.89µm
_06593_,67.765µm
_03814_,67.725µm
_04039_,67.71µm
net549,67.68µm
_06529_,67.645µm
net326,67.6µm
_01766_,67.59µm
_04287_,67.57µm
_02976_,67.5µm
_03572_,67.47µm
_01367_,67.445µm
_01923_,67.425µm
_05397_,67.09µm
_04277_,67.01µm
net353,67.01µm
_06098_,66.9µm
_02592_,66.82µm
_02605_,66.81µm
cnn_inst.comm_mem_u0.o_img_row08\[28\],66.805µm
cnn_inst.proc_u0.cnn_ctrl_u0.cnn_inst.cnn_inst.kernel_flat\[28\],66.805µm
net852,66.555µm
_02536_,66.545µm
net829,66.505µm
net443,66.43µm
cnn_inst.comm_mem_u0.o_img_row01\[22\],66.425µm
_06444_,66.39µm
_01934_,66.36µm
net1025,66.335µm
_03978_,66.19µm
_03334_,66.12µm
_04966_,66.08µm
cnn_inst.comm_mem_u0.spi_u0.loader_weight_sm.i_WROW\[1\],65.94µm
_05148_,65.905µm
_03848_,65.835µm
cnn_inst.comm_mem_u0.o_img_row07\[1\],65.685µm
_05005_,65.52µm
net355,65.475µm
_04923_,65.395µm
cnn_inst.comm_mem_u0.o_wgt_row02\[10\],65.145µm
_03219_,65.14µm
net420,65.11µm
_01587_,64.905µm
_02753_,64.87µm
net390,64.845µm
_06594_,64.825µm
_05795_,64.485µm
cnn_inst.proc_u0.cnn_ctrl_u0.cnn_inst.cnn_inst.kernel_flat\[47\],64.485µm
_05161_,64.305µm
_01325_,64.275µm
net618,64.195µm
_01488_,64.17µm
_03595_,64.1µm
_02217_,63.93µm
_06092_,63.86µm
cnn_inst.comm_mem_u0.o_img_row02\[10\],63.695µm
net635,63.535µm
net288,63.515µm
_04645_,63.36µm
net663,63.345µm
_03538_,63.28µm
_01992_,63.205µm
_06290_,63.12µm
_06286_,63.065µm
_05183_,63.01µm
net268,63µm
net648,62.945µm
net317,62.825µm
cnn_inst.comm_mem_u0.o_img_row06\[27\],62.745µm
net248,62.7µm
_01753_,62.665µm
_02347_,62.57µm
net76,62.395µm
_02228_,62.35µm
_01826_,62.17µm
_01814_,62.08µm
net685,61.97µm
cnn_inst.proc_u0.cnn_ctrl_u0.cnn_inst.cnn_inst.conv_out\[8\],61.875µm
cnn_inst.comm_mem_u0.spi_u0.loader_image_sm.row_latch\[0\],61.765µm
net1072,61.62µm
net387,61.605µm
_03017_,61.52µm
_04896_,61.46µm
_02136_,61.34µm
cnn_inst.proc_u0.cnn_ctrl_u0.cnn_inst.cnn_inst.kernel_flat\[29\],61.28µm
cnn_inst.comm_mem_u0.o_img_row06\[25\],61.23µm
_01988_,61.19µm
_05150_,61.175µm
_02468_,61.14µm
net429,61.04µm
_04074_,60.96µm
_04363_,60.91µm
_06230_,60.9µm
cnn_inst.comm_mem_u0.o_img_row07\[24\],60.875µm
_03245_,60.74µm
_01318_,60.73µm
_05031_,60.675µm
net696,60.41µm
_05143_,60.39µm
net468,60.39µm
_05053_,60.375µm
_01553_,60.37µm
net965,60.315µm
net1089,60.175µm
cnn_inst.comm_mem_u0.o_img_row03\[12\],60.03µm
_01652_,59.985µm
_01533_,59.905µm
cnn_inst.comm_mem_u0.o_img_row09\[0\],59.84µm
_05704_,59.71µm
net999,59.61µm
_02004_,59.58µm
_02035_,59.535µm
net1023,59.415µm
net1063,59.385µm
net1040,59.3µm
_02037_,59.285µm
_04743_,59.24µm
net527,59.195µm
_05067_,59.18µm
cnn_inst.acc0\[5\],59.18µm
_04655_,59.17µm
_03335_,59.145µm
_02930_,59.13µm
_03134_,59.125µm
_03639_,59.04µm
cnn_inst.comm_mem_u0.o_img_row00\[27\],58.93µm
net418,58.865µm
_04263_,58.8µm
net1083,58.79µm
_03623_,58.74µm
_03386_,58.7µm
cnn_inst.proc_u0.cnn_ctrl_u0.cnn_inst.frag_mux.frag_sel\[2\],58.69µm
_01343_,58.625µm
_01738_,58.48µm
_03517_,58.45µm
_01733_,58.325µm
net863,58.255µm
_01338_,57.99µm
_01386_,57.97µm
net385,57.97µm
cnn_inst.comm_mem_u0.o_img_row00\[16\],57.93µm
cnn_inst.proc_u0.cnn_ctrl_u0.cnn_acc\[0\],57.92µm
_04995_,57.9µm
_03765_,57.84µm
net520,57.825µm
_05443_,57.805µm
net661,57.79µm
_02927_,57.765µm
_04075_,57.745µm
_03138_,57.72µm
_01863_,57.68µm
cnn_inst.comm_mem_u0.o_img_row07\[9\],57.635µm
_04504_,57.525µm
cnn_inst.comm_mem_u0.o_img_row02\[28\],57.515µm
cnn_inst.comm_mem_u0.o_img_row05\[19\],57.455µm
_01790_,57.31µm
_04634_,57.225µm
net459,57.205µm
_02537_,57.2µm
_05015_,57.185µm
_05246_,56.95µm
cnn_inst.comm_mem_u0.spi_u0.loader_weight_sm.i_WROW\[2\],56.885µm
_05571_,56.87µm
_05009_,56.825µm
net937,56.825µm
_01833_,56.81µm
_02708_,56.765µm
_03884_,56.71µm
net1066,56.675µm
_02522_,56.6µm
_02460_,56.58µm
_01545_,56.55µm
_04304_,56.49µm
_05091_,56.41µm
cnn_inst.comm_mem_u0.o_img_row00\[12\],56.36µm
_02751_,56.35µm
_01994_,56.34µm
_04109_,56.325µm
_03372_,56.215µm
_03190_,56.16µm
_03534_,56.11µm
_04983_,56.04µm
cnn_inst.comm_mem_u0.o_img_row09\[9\],56.035µm
net281,55.965µm
cnn_inst.comm_mem_u0.o_img_row09\[11\],55.955µm
_01813_,55.87µm
_03936_,55.855µm
cnn_inst.comm_mem_u0.o_img_row02\[29\],55.81µm
_02790_,55.71µm
_04406_,55.69µm
_05518_,55.375µm
_06276_,55.285µm
_05181_,55.255µm
_03042_,55.21µm
_04203_,55.2µm
cnn_inst.proc_u0.cnn_ctrl_u0.cnn_inst.cnn_inst.first_en,55.185µm
net234,55.155µm
net1044,55.125µm
cnn_inst.proc_u0.cnn_ctrl_u0.cnn_inst.cnn_inst.kernel_flat\[9\],55.04µm
_03565_,55.02µm
_02336_,54.98µm
_04020_,54.97µm
cnn_inst.comm_mem_u0.o_img_row02\[1\],54.87µm
_04339_,54.86µm
_05459_,54.835µm
_01713_,54.79µm
_02189_,54.76µm
_03350_,54.52µm
_06528_,54.36µm
_05458_,54.335µm
_05164_,54.325µm
net461,54.3µm
_02415_,54.26µm
_04307_,54.26µm
_03211_,54.25µm
_04726_,54.08µm
net1026,54.075µm
_04968_,53.95µm
net300,53.92µm
_04987_,53.91µm
net674,53.79µm
net844,53.76µm
_02218_,53.65µm
net428,53.64µm
net996,53.54µm
_05076_,53.53µm
_06093_,53.46µm
_01620_,53.41µm
_03330_,53.41µm
_01641_,53.4µm
_05544_,53.39µm
_03186_,53.34µm
_05678_,53.035µm
_02712_,52.965µm
_03339_,52.95µm
_02026_,52.945µm
_02122_,52.64µm
_05084_,52.575µm
_01586_,52.5µm
_06162_,52.455µm
_03378_,52.435µm
_03998_,52.41µm
_01771_,52.39µm
net449,52.335µm
_06253_,52.195µm
_02184_,52.03µm
net278,51.995µm
_03984_,51.97µm
cnn_inst.proc_u0.cnn_ctrl_u0.cnn_inst.cnn_inst.conv_out\[5\],51.875µm
net532,51.835µm
_05680_,51.655µm
_04976_,51.55µm
_02453_,51.49µm
cnn_inst.comm_mem_u0.o_img_row02\[7\],51.475µm
cnn_inst.proc_u0.cnn_ctrl_u0.cnn_acc\[11\],51.385µm
cnn_inst.comm_mem_u0.o_img_row07\[22\],51.36µm
_02594_,51.27µm
_04825_,51.24µm
_03113_,51.215µm
_05774_,51.19µm
_03889_,51.06µm
_01860_,51µm
cnn_inst.comm_mem_u0.o_img_row00\[22\],50.915µm
net705,50.87µm
_01737_,50.83µm
net904,50.76µm
_04868_,50.695µm
_03586_,50.67µm
_04750_,50.665µm
_04124_,50.65µm
_01929_,50.6µm
net469,50.595µm
_04459_,50.58µm
_06493_,50.53µm
_03601_,50.46µm
_03105_,50.445µm
_02981_,50.34µm
_01525_,50.335µm
_05395_,50.28µm
cnn_inst.comm_mem_u0.o_img_row00\[6\],50.235µm
_04327_,50.22µm
net1068,50.22µm
_03030_,50.11µm
_02952_,50.1µm
_05073_,50.01µm
net351,49.955µm
_05442_,49.94µm
_03413_,49.93µm
_04135_,49.93µm
_04981_,49.93µm
_02337_,49.855µm
_04592_,49.825µm
_01703_,49.655µm
_03371_,49.57µm
cnn_inst.proc_u0.cnn_ctrl_u0.cnn_inst.cnn_inst.kernel_flat\[62\],49.57µm
cnn_inst.comm_mem_u0.spi_u0.loader_weight_sm.weight_latch\[0\],49.51µm
_01352_,49.38µm
_02364_,49.365µm
_03706_,49.32µm
cnn_inst.proc_u0.cnn_ctrl_u0.cnn_inst.cnn_inst.conv_out\[11\],49.31µm
_04646_,49.27µm
_03689_,49.235µm
_05725_,49.17µm
_03680_,49.12µm
_04831_,49.105µm
_04593_,49.065µm
_03887_,49.05µm
_02279_,48.91µm
net321,48.885µm
_01555_,48.855µm
net228,48.73µm
_01679_,48.69µm
_05816_,48.675µm
_04202_,48.42µm
_06462_,48.38µm
_03980_,48.3µm
_04792_,48.3µm
_01716_,48.275µm
_03521_,48.23µm
_01706_,48.205µm
cnn_inst.comm_mem_u0.o_img_row06\[7\],48.2µm
_03449_,48.18µm
_05438_,48.18µm
_02621_,48.15µm
_02577_,47.89µm
_06463_,47.72µm
cnn_inst.proc_u0.cnn_ctrl_u0.cnn_inst.cnn_inst.kernel_flat\[32\],47.665µm
_04462_,47.37µm
_05013_,47.37µm
_03602_,47.36µm
_05337_,47.34µm
_05038_,47.28µm
_06254_,47.11µm
_03946_,47.065µm
cnn_inst.comm_mem_u0.spi_u0.loader_image_sm.row_latch\[2\],47.06µm
_03989_,47.03µm
cnn_inst.proc_u0.cnn_ctrl_u0.cnn_inst.cnn_inst.conv_out\[9\],46.98µm
_03424_,46.92µm
_05327_,46.92µm
_04013_,46.89µm
net665,46.775µm
_01952_,46.75µm
cnn_inst.comm_mem_u0.o_img_row01\[20\],46.64µm
_01551_,46.6µm
_05340_,46.555µm
net208,46.555µm
_05569_,46.44µm
cnn_inst.comm_mem_u0.reg_img_u5.Register_Imag_DataInBUS\[13\],46.39µm
_01958_,46.33µm
_02886_,46.33µm
_05989_,46.33µm
_03315_,46.32µm
net448,46.265µm
cnn_inst.proc_u0.cnn_ctrl_u0.cnn_acc\[12\],46.23µm
_02044_,46.16µm
_06751_,46.09µm
cnn_inst.proc_u0.cnn_ctrl_u0.cnn_inst.cnn_inst.conv_out\[13\],46.085µm
_06328_,46.02µm
_03609_,45.985µm
_06259_,45.96µm
_03357_,45.91µm
_01542_,45.9µm
cnn_inst.proc_u0.cnn_ctrl_u0.cnn_acc\[13\],45.895µm
_02974_,45.85µm
_03900_,45.79µm
_02623_,45.67µm
_02947_,45.595µm
_04303_,45.58µm
_03975_,45.54µm
_03056_,45.49µm
cnn_inst.comm_mem_u0.spi_u0.data_count\[0\],45.485µm
cnn_inst.comm_mem_u0.spi_u0.loader_image_sm.i_ROW\[0\],45.47µm
net297,45.455µm
net1091,45.4µm
net1086,45.375µm
_02242_,45.36µm
_06482_,45.36µm
_03097_,45.13µm
cnn_inst.proc_u0.cnn_ctrl_u0.cnn_inst.cnn_inst.conv_out\[15\],45.125µm
cnn_inst.proc_u0.cnn_ctrl_u0.cnn_inst.cnn_inst.kernel_flat\[5\],45.12µm
_01945_,45.03µm
_03487_,45.01µm
_04595_,45µm
_04924_,44.77µm
cnn_inst.proc_u0.cnn_ctrl_u0.cnn_inst.cnn_inst.kernel_flat\[43\],44.725µm
_04986_,44.635µm
_02389_,44.59µm
cnn_inst.proc_u0.cnn_ctrl_u0.cnn_inst.cnn_inst.state\[9\],44.545µm
_06759_,44.505µm
_04928_,44.47µm
_03102_,44.4µm
cnn_inst.comm_mem_u0.o_img_row01\[13\],44.36µm
_04664_,44.35µm
_01701_,44.335µm
_01491_,44.33µm
_02259_,44.17µm
_04330_,44.1µm
_04483_,44.065µm
_06363_,44.04µm
_04139_,43.985µm
cnn_inst.comm_mem_u0.o_img_row06\[9\],43.92µm
cnn_inst.comm_mem_u0.spi_u0.bit_count\[3\],43.64µm
_03118_,43.62µm
_05138_,43.57µm
cnn_inst.proc_u0.cnn_ctrl_u0.cnn_inst.cnn_inst.conv_out\[12\],43.525µm
_01380_,43.475µm
cnn_inst.proc_u0.cnn_ctrl_u0.cnn_acc\[1\],43.47µm
_03633_,43.435µm
_05142_,43.38µm
_02006_,43.27µm
cnn_inst.comm_mem_u0.spi_u0.miso_count\[0\],43.27µm
_04421_,43.245µm
_04845_,43.235µm
_04308_,43.22µm
_06749_,43.21µm
_06171_,43.2µm
_02793_,43.165µm
_03764_,43.135µm
_01593_,43.09µm
_04802_,43.08µm
_06282_,43.08µm
_01739_,43.06µm
_03785_,42.98µm
_05593_,42.955µm
_05535_,42.91µm
_05580_,42.91µm
cnn_inst.proc_u0.cnn_ctrl_u0.cnn_inst.cnn_inst.kernel_flat\[11\],42.755µm
_05591_,42.745µm
net419,42.745µm
_04946_,42.72µm
_01782_,42.645µm
_02923_,42.62µm
_02687_,42.505µm
_02191_,42.46µm
_02302_,42.46µm
_04491_,42.37µm
cnn_inst.proc_u0.cnn_ctrl_u0.cnn_inst.cnn_inst.kernel_flat\[40\],42.35µm
_01791_,42.25µm
_02114_,42.25µm
cnn_inst.CNNver2_MR1_Load,42.225µm
cnn_inst.proc_u0.cnn_ctrl_u0.cnn_inst.cnn_inst.conv_out\[4\],42.225µm
cnn_inst.comm_mem_u0.o_img_row06\[19\],42.22µm
_04172_,42.175µm
_02597_,42.13µm
_01767_,42.12µm
_02381_,42.12µm
_02985_,42.055µm
_01709_,42.04µm
_03041_,42.03µm
_05800_,42.01µm
_01743_,41.95µm
_01347_,41.89µm
_06261_,41.89µm
_02249_,41.82µm
_04432_,41.82µm
_02513_,41.74µm
_01741_,41.71µm
cnn_inst.proc_u0.cnn_ctrl_u0.cnn_inst.cnn_inst.conv_out\[3\],41.68µm
_02340_,41.605µm
_05146_,41.59µm
_01751_,41.53µm
_02738_,41.53µm
_01372_,41.52µm
_05477_,41.46µm
_01873_,41.41µm
_04851_,41.41µm
_04949_,41.41µm
_05371_,41.35µm
net298,41.3µm
_01783_,41.285µm
_01855_,41.22µm
_02918_,41.17µm
_06242_,41.17µm
_01575_,41.125µm
cnn_inst.proc_u0.cnn_ctrl_u0.cnn_inst.cnn_inst.kernel_flat\[12\],41.115µm
_04316_,41.065µm
_06181_,41.06µm
_05457_,41.05µm
_02889_,40.98µm
_05476_,40.94µm
_01944_,40.82µm
cnn_inst.comm_mem_u0.o_img_row00\[5\],40.59µm
_04126_,40.58µm
cnn_inst.comm_mem_u0.spi_u0.bit_count\[5\],40.545µm
_02458_,40.505µm
_02579_,40.505µm
_02031_,40.44µm
_04795_,40.405µm
cnn_inst.comm_mem_u0.spi_u0.miso_count\[2\],40.39µm
cnn_inst.comm_mem_u0.o_img_row00\[2\],40.385µm
_03738_,40.36µm
_04184_,40.335µm
net365,40.33µm
_04282_,40.295µm
_02966_,40.29µm
_04345_,40.22µm
_05721_,40.21µm
_03239_,40.2µm
_01327_,40.09µm
_04555_,40.025µm
_03891_,39.93µm
net606,39.92µm
net359,39.885µm
_01924_,39.85µm
_05090_,39.79µm
_05030_,39.66µm
_03862_,39.63µm
_02179_,39.57µm
_02635_,39.56µm
_02476_,39.52µm
_01375_,39.46µm
_01646_,39.44µm
_02901_,39.42µm
cnn_inst.proc_u0.cnn_ctrl_u0.cnn_inst.cnn_inst.kernel_flat\[57\],39.41µm
_02335_,39.38µm
_01382_,39.36µm
_05807_,39.26µm
_04361_,39.24µm
_01323_,39.23µm
net305,39.22µm
_02039_,39.2µm
_05315_,39.195µm
_02554_,39.19µm
_02721_,39.18µm
_03622_,39.125µm
_03155_,39.1µm
_02062_,39.07µm
_06592_,39.02µm
_01576_,39.01µm
_02854_,38.985µm
_02624_,38.98µm
cnn_inst.comm_mem_u0.spi_u0.loader_image_sm.STATE_Signal,38.915µm
_04716_,38.91µm
_01615_,38.88µm
_01789_,38.88µm
_02154_,38.88µm
_06097_,38.88µm
net361,38.875µm
_03923_,38.77µm
_06486_,38.76µm
_01366_,38.67µm
cnn_inst.proc_u0.cnn_ctrl_u0.cnn_inst.cnn_inst.kernel_flat\[49\],38.665µm
_02186_,38.595µm
_03714_,38.53µm
cnn_inst.comm_mem_u0.o_img_row00\[11\],38.53µm
net255,38.5µm
_02367_,38.48µm
cnn_inst.proc_u0.cnn_ctrl_u0.cnn_inst.cnn_inst.conv_out\[7\],38.405µm
cnn_inst.comm_mem_u0.o_img_row07\[26\],38.395µm
_03844_,38.36µm
_04057_,38.325µm
_02289_,38.3µm
_03542_,38.3µm
_01878_,38.245µm
_04781_,38.225µm
_06090_,38.22µm
net525,38.22µm
_04672_,38.17µm
_03859_,38.06µm
_05217_,37.935µm
_04445_,37.895µm
_02363_,37.87µm
_03428_,37.86µm
_06362_,37.82µm
_02105_,37.815µm
_01772_,37.81µm
_04123_,37.81µm
net313,37.81µm
_04380_,37.8µm
_05465_,37.76µm
_02260_,37.7µm
_02462_,37.69µm
_05963_,37.69µm
_06823_,37.66µm
_02255_,37.61µm
_01793_,37.58µm
_04010_,37.56µm
_04680_,37.56µm
net339,37.51µm
_03154_,37.46µm
_04549_,37.435µm
cnn_inst.comm_mem_u0.mr1_out\[8\],37.39µm
_04179_,37.36µm
_02702_,37.33µm
_05316_,37.315µm
cnn_inst.comm_mem_u0.spi_u0.bit_count\[0\],37.315µm
cnn_inst.proc_u0.cnn_ctrl_u0.cnn_acc\[5\],37.305µm
_04199_,37.23µm
_05074_,37.22µm
_03358_,37.21µm
_02383_,37.2µm
cnn_inst.acc0\[15\],37.19µm
_04885_,37.17µm
cnn_inst.proc_u0.cnn_ctrl_u0.cnn_acc\[15\],37.14µm
cnn_inst.comm_mem_u0.o_img_row07\[28\],37.09µm
cnn_inst.proc_u0.cnn_ctrl_u0.cnn_inst.cnn_inst.conv_out\[2\],37.045µm
_01884_,37.04µm
_02205_,37.025µm
_02640_,37.02µm
_01393_,36.995µm
_03086_,36.97µm
_01734_,36.95µm
_04736_,36.945µm
_02075_,36.91µm
_03843_,36.86µm
net325,36.855µm
_04558_,36.845µm
_02126_,36.775µm
_04709_,36.73µm
_02088_,36.715µm
cnn_inst.comm_mem_u0.reg_img_u4.Register_Imag_DataInBUS\[29\],36.705µm
cnn_inst.proc_u0.cnn_ctrl_u0.cnn_inst.cnn_inst.kernel_flat\[13\],36.705µm
net660,36.665µm
_04712_,36.5µm
_01326_,36.495µm
_02530_,36.49µm
_05455_,36.48µm
_02199_,36.455µm
cnn_inst.proc_u0.cnn_ctrl_u0.cnn_inst.cnn_inst.conv_out\[6\],36.395µm
cnn_inst.proc_u0.cnn_ctrl_u0.cnn_inst.cnn_inst.state\[7\],36.395µm
_02499_,36.36µm
_04418_,36.36µm
_03968_,36.33µm
net560,36.285µm
cnn_inst.proc_u0.cnn_ctrl_u0.cnn_inst.cnn_inst.kernel_flat\[7\],36.27µm
_06268_,36.25µm
_03328_,36.24µm
cnn_inst.comm_mem_u0.o_img_row01\[4\],36.23µm
_02130_,36.185µm
_02557_,36.18µm
_06154_,36.18µm
_03073_,36.165µm
_04233_,36.14µm
_01351_,36.01µm
_05689_,35.94µm
_04381_,35.835µm
_01954_,35.76µm
_04573_,35.745µm
_06239_,35.745µm
_03295_,35.71µm
cnn_inst.comm_mem_u0.o_img_row02\[18\],35.68µm
_02049_,35.65µm
_04902_,35.64µm
_02828_,35.635µm
_05058_,35.625µm
_06251_,35.475µm
cnn_inst.comm_mem_u0.spi_u0.data_count\[1\],35.37µm
_02941_,35.35µm
net789,35.32µm
cnn_inst.proc_u0.cnn_ctrl_u0.cnn_inst.cnn_inst.kernel_flat\[33\],35.28µm
_05428_,35.25µm
_02328_,35.24µm
_04537_,35.24µm
_04954_,35.24µm
_04551_,35.215µm
_04011_,35.205µm
_05987_,35.13µm
_02857_,35.12µm
net83,35.105µm
cnn_inst.comm_mem_u0.o_img_row04\[1\],34.99µm
_01742_,34.965µm
net311,34.95µm
_02303_,34.81µm
_04705_,34.805µm
_03564_,34.75µm
_02473_,34.68µm
_03143_,34.62µm
_05273_,34.59µm
cnn_inst.proc_u0.cnn_ctrl_u0.state\[3\],34.57µm
net286,34.56µm
cnn_inst.proc_u0.cnn_ctrl_u0.cnn_inst.cnn_inst.kernel_flat\[6\],34.51µm
_04545_,34.495µm
_04212_,34.44µm
_04101_,34.41µm
_02942_,34.325µm
cnn_inst.comm_mem_u0.o_img_row02\[12\],34.27µm
_01388_,34.22µm
_04952_,34.21µm
_02263_,34.2µm
_03596_,34.2µm
_01360_,34.195µm
_01495_,34.14µm
_02562_,34.14µm
cnn_inst.comm_mem_u0.o_img_row04\[11\],34.1µm
_05211_,34.095µm
cnn_inst.comm_mem_u0.spi_u0.bit_count\[2\],34.09µm
net437,34.07µm
cnn_inst.comm_mem_u0.reg_img_u4.Register_Imag_DataInBUS\[24\],34.04µm
_06757_,34.03µm
_01984_,33.96µm
_05214_,33.93µm
_02005_,33.92µm
_04667_,33.9µm
_02917_,33.84µm
_01381_,33.805µm
cnn_inst.comm_mem_u0.o_img_row07\[25\],33.72µm
_06277_,33.62µm
_01349_,33.59µm
_03461_,33.49µm
_02491_,33.48µm
_03278_,33.48µm
cnn_inst.comm_mem_u0.o_img_row01\[2\],33.44µm
_03820_,33.43µm
_04997_,33.42µm
_05424_,33.38µm
_03781_,33.32µm
_02431_,33.3µm
_05392_,33.275µm
cnn_inst.comm_mem_u0.o_img_row00\[4\],33.25µm
_04631_,33.24µm
_02182_,33.235µm
_01385_,33.215µm
cnn_inst.proc_u0.cnn_ctrl_u0.cnn_inst.cnn_inst.kernel_flat\[19\],33.215µm
_03846_,33.21µm
_03549_,33.14µm
_05636_,33.14µm
_02539_,33.075µm
_02056_,33.06µm
_04640_,33.06µm
_04615_,33.055µm
_05121_,33µm
_05385_,32.995µm
cnn_inst.proc_u0.cnn_ctrl_u0.cnn_inst.cnn_inst.state\[6\],32.995µm
_03307_,32.96µm
_06207_,32.94µm
_01699_,32.935µm
_05717_,32.835µm
_06169_,32.815µm
_06083_,32.76µm
_01773_,32.755µm
cnn_inst.comm_mem_u0.o_img_row05\[1\],32.72µm
_02022_,32.66µm
_03771_,32.64µm
_01365_,32.555µm
_05475_,32.52µm
_03363_,32.515µm
_05486_,32.515µm
cnn_inst.comm_mem_u0.spi_u0.miso_count\[1\],32.505µm
_02008_,32.48µm
_06174_,32.48µm
_03165_,32.425µm
_02633_,32.4µm
_03673_,32.4µm
_05108_,32.37µm
_02257_,32.365µm
_05878_,32.335µm
_04042_,32.28µm
_04193_,32.24µm
_03793_,32.225µm
_01946_,32.18µm
_05456_,32.18µm
_04607_,32.16µm
_06807_,32.16µm
cnn_inst.comm_mem_u0.reg_img_u5.Register_Imag_DataInBUS\[10\],32.095µm
_02841_,32.06µm
_01707_,32.05µm
_04390_,32.035µm
_05333_,32.025µm
net434,31.995µm
_02642_,31.99µm
cnn_inst.comm_mem_u0.o_wgt_row01\[10\],31.985µm
net347,31.97µm
cnn_inst.proc_u0.cnn_ctrl_u0.cnn_inst.cnn_inst.conv_out\[14\],31.945µm
_04724_,31.87µm
_05526_,31.87µm
_02884_,31.865µm
_01792_,31.86µm
_04852_,31.86µm
_01804_,31.82µm
_03403_,31.81µm
_04375_,31.81µm
_03399_,31.8µm
_04990_,31.795µm
cnn_inst.comm_mem_u0.o_img_row05\[5\],31.79µm
cnn_inst.proc_u0.cnn_ctrl_u0.cnn_inst.cnn_inst.conv_out\[1\],31.76µm
_03684_,31.745µm
cnn_inst.proc_u0.cnn_ctrl_u0.cnn_done,31.74µm
_03244_,31.705µm
_01595_,31.685µm
_03934_,31.615µm
_01329_,31.58µm
_01361_,31.56µm
_03454_,31.445µm
cnn_inst.proc_u0.cnn_ctrl_u0.cnn_inst.cnn_inst.kernel_flat\[14\],31.435µm
_04721_,31.415µm
_04302_,31.34µm
_04371_,31.32µm
cnn_inst.comm_mem_u0.reg_img_u4.Register_Imag_DataInBUS\[5\],31.275µm
_03885_,31.23µm
cnn_inst.proc_u0.cnn_ctrl_u0.cnn_inst.cnn_inst.kernel_flat\[52\],31.15µm
cnn_inst.acc1\[14\],31.115µm
_03929_,31.11µm
_04452_,31.1µm
_02538_,31.095µm
_06281_,31.09µm
cnn_inst.acc0\[6\],31.09µm
cnn_inst.proc_u0.cnn_ctrl_u0.cnn_inst.state\[2\],31.09µm
cnn_inst.proc_u0.cnn_ctrl_u0.state\[7\],31.09µm
_02590_,31.055µm
_06429_,31.025µm
_01357_,30.985µm
_03761_,30.94µm
_01391_,30.905µm
_04121_,30.9µm
cnn_inst.comm_mem_u0.reg_img_u7.Register_Imag_DataInBUS\[21\],30.895µm
_05925_,30.855µm
_02055_,30.84µm
_02063_,30.825µm
_02799_,30.68µm
_03204_,30.68µm
_05557_,30.68µm
_01763_,30.55µm
_06250_,30.55µm
_01854_,30.48µm
_04099_,30.48µm
cnn_inst.acc0\[1\],30.44µm
_05937_,30.37µm
_03215_,30.295µm
_01616_,30.285µm
cnn_inst.comm_mem_u0.spi_u0.miso_count\[3\],30.285µm
_04588_,30.275µm
_02487_,30.24µm
_05232_,30.21µm
_01870_,30.2µm
_01358_,30.18µm
_04704_,30.145µm
_04403_,30.12µm
cnn_inst.comm_mem_u0.o_img_row09\[10\],30.03µm
_04817_,30.01µm
_04566_,29.995µm
_01354_,29.96µm
_02437_,29.94µm
_03954_,29.94µm
_04556_,29.9µm
_03173_,29.82µm
_01390_,29.78µm
_01396_,29.775µm
_02736_,29.77µm
_05565_,29.77µm
cnn_inst.comm_mem_u0.reg_img_u0.Register_Imag_DataInBUS\[26\],29.715µm
_05080_,29.71µm
cnn_inst.comm_mem_u0.o_img_row05\[0\],29.71µm
_04295_,29.7µm
_06023_,29.695µm
_03829_,29.685µm
net289,29.68µm
_03114_,29.665µm
_04796_,29.635µm
cnn_inst.comm_mem_u0.spi_u0.loader_image_sm.i_ROW\[3\],29.63µm
_04943_,29.61µm
cnn_inst.comm_mem_u0.reg_img_u0.Register_Imag_DataInBUS\[8\],29.545µm
_02382_,29.53µm
cnn_inst.comm_mem_u0.reg_img_u0.Register_Imag_DataInBUS\[2\],29.52µm
_01926_,29.47µm
_02441_,29.46µm
_04859_,29.46µm
cnn_inst.comm_mem_u0.mr1_out\[11\],29.46µm
cnn_inst.comm_mem_u0.reg_img_u0.Register_Imag_DataInBUS\[0\],29.35µm
_02861_,29.345µm
_05961_,29.29µm
_04601_,29.24µm
_02576_,29.235µm
_02596_,29.23µm
_02531_,29.22µm
_05979_,29.17µm
_03055_,29.05µm
_05502_,29.05µm
_03886_,29.04µm
_04037_,29.04µm
_03966_,29.015µm
_03432_,28.99µm
_05382_,28.95µm
cnn_inst.comm_mem_u0.o_wgt_row03\[11\],28.93µm
_02589_,28.92µm
_05135_,28.895µm
_03336_,28.885µm
_05554_,28.81µm
_03868_,28.8µm
net93,28.745µm
_04762_,28.74µm
cnn_inst.comm_mem_u0.o_img_row07\[18\],28.725µm
_01378_,28.72µm
cnn_inst.proc_u0.cnn_ctrl_u0.cnn_inst.cnn_inst.kernel_flat\[24\],28.715µm
cnn_inst.proc_u0.cnn_ctrl_u0.cnn_acc\[14\],28.705µm
_05391_,28.68µm
_04810_,28.675µm
cnn_inst.comm_mem_u0.spi_u0.loader_weight_sm.weight_latch\[1\],28.66µm
_06750_,28.635µm
_04501_,28.6µm
_03382_,28.595µm
_06219_,28.58µm
_05479_,28.56µm
cnn_inst.comm_mem_u0.o_wgt_row01\[1\],28.525µm
_03620_,28.5µm
_01320_,28.45µm
_05646_,28.41µm
_02909_,28.39µm
_04261_,28.39µm
_01852_,28.38µm
_02090_,28.365µm
cnn_inst.comm_mem_u0.spi_u0.loader_image_sm.row_latch\[3\],28.33µm
_04611_,28.32µm
_04577_,28.315µm
_05435_,28.27µm
cnn_inst.comm_mem_u0.spi_u0.loader_weight_sm.weight_latch\[2\],28.245µm
_01363_,28.22µm
_03659_,28.22µm
_03434_,28.205µm
_03491_,28.195µm
cnn_inst.comm_mem_u0.reg_img_u5.Register_Imag_DataInBUS\[6\],28.18µm
_04000_,28.17µm
_04914_,28.16µm
net350,28.115µm
_01558_,28.09µm
_06548_,28.08µm
net1,28.08µm
cnn_inst.comm_mem_u0.reg_img_u4.Register_Imag_DataInBUS\[25\],28.075µm
_04786_,28.05µm
_03437_,28.025µm
_01577_,27.98µm
_03423_,27.97µm
_04688_,27.97µm
cnn_inst.comm_mem_u0.mr2_out\[1\],27.97µm
_01374_,27.935µm
_03779_,27.9µm
_05128_,27.9µm
cnn_inst.comm_mem_u0.spi_u0.cmd\[1\],27.89µm
_01370_,27.87µm
_02065_,27.84µm
_01800_,27.79µm
_01389_,27.78µm
cnn_inst.comm_mem_u0.reg_img_u7.Register_Imag_DataInBUS\[24\],27.74µm
_05781_,27.72µm
_03319_,27.715µm
_06210_,27.7µm
cnn_inst.comm_mem_u0.reg_img_u4.Register_Imag_DataInBUS\[8\],27.665µm
_05306_,27.66µm
_01569_,27.61µm
cnn_inst.comm_mem_u0.mr2_out\[2\],27.61µm
_02733_,27.6µm
_04384_,27.6µm
cnn_inst.comm_mem_u0.o_img_row04\[15\],27.6µm
_01594_,27.56µm
_04569_,27.55µm
_04598_,27.49µm
_01698_,27.48µm
_02360_,27.48µm
_04326_,27.475µm
_03892_,27.47µm
cnn_inst.comm_mem_u0.reg_img_u0.Register_Imag_DataInBUS\[19\],27.465µm
_04097_,27.435µm
_06271_,27.32µm
_03636_,27.295µm
_04181_,27.24µm
cnn_inst.comm_mem_u0.mr1_out\[10\],27.225µm
_06177_,27.2µm
_05414_,27.175µm
_02833_,27.15µm
cnn_inst.comm_mem_u0.spi_u0.loader_weight_sm.i_WROW\[0\],27.14µm
_04395_,27.12µm
_03948_,27.09µm
cnn_inst.comm_mem_u0.reg_img_u5.Register_Imag_DataInBUS\[11\],27.085µm
_06233_,27.08µm
_02230_,27.04µm
_04689_,27.01µm
cnn_inst.comm_mem_u0.o_wgt_row03\[12\],27.01µm
_03071_,27µm
_06178_,27µm
_04053_,26.985µm
_05830_,26.965µm
_03830_,26.955µm
_05298_,26.95µm
_04816_,26.91µm
cnn_inst.comm_mem_u0.reg_img_u4.Register_Imag_DataInBUS\[20\],26.905µm
_04676_,26.9µm
_02639_,26.89µm
_02291_,26.88µm
_01384_,26.865µm
_02607_,26.83µm
_04138_,26.82µm
_05567_,26.78µm
_02990_,26.77µm
_03909_,26.76µm
net426,26.755µm
_06172_,26.675µm
_03446_,26.625µm
cnn_inst.proc_u0.cnn_ctrl_u0.cnn_inst.cnn_inst.kernel_flat\[69\],26.625µm
cnn_inst.comm_mem_u0.mr1_out\[15\],26.58µm
_01847_,26.54µm
_02674_,26.53µm
_02508_,26.525µm
_03849_,26.515µm
_02416_,26.46µm
_03911_,26.405µm
_02740_,26.34µm
_04940_,26.34µm
_02224_,26.3µm
_05480_,26.3µm
_05485_,26.16µm
_06270_,26.16µm
cnn_inst.comm_mem_u0.o_wgt_row01\[6\],26.155µm
_02729_,26.12µm
_05361_,26.11µm
cnn_inst.comm_mem_u0.reg_img_u7.Register_Imag_DataInBUS\[0\],26.11µm
_01613_,26.105µm
_05279_,26.1µm
_03008_,26.05µm
_03642_,26.05µm
_06279_,26.05µm
_03626_,26.04µm
_05413_,26.04µm
_04723_,26.03µm
_04899_,25.945µm
cnn_inst.proc_u0.cnn_ctrl_u0.cnn_inst.cnn_inst.kernel_flat\[10\],25.945µm
cnn_inst.proc_u0.cnn_ctrl_u0.cnn_inst.cnn_inst.kernel_flat\[58\],25.94µm
_03158_,25.93µm
_04524_,25.93µm
_06180_,25.89µm
_04516_,25.87µm
_04918_,25.87µm
_05504_,25.86µm
_01322_,25.82µm
_01417_,25.81µm
_03317_,25.8µm
_03405_,25.8µm
_01675_,25.78µm
_05047_,25.74µm
cnn_inst.proc_u0.cnn_ctrl_u0.cnn_inst.cnn_inst.conv_out\[0\],25.74µm
_04824_,25.7µm
cnn_inst.comm_mem_u0.reg_img_u2.Register_Imag_DataInBUS\[12\],25.695µm
cnn_inst.comm_mem_u0.o_img_row01\[8\],25.69µm
cnn_inst.comm_mem_u0.reg_img_u6.Register_Imag_DataInBUS\[14\],25.685µm
_05978_,25.68µm
cnn_inst.comm_mem_u0.o_wgt_row03\[14\],25.64µm
_03818_,25.63µm
_04681_,25.63µm
_05873_,25.615µm
_02655_,25.61µm
_03018_,25.58µm
_01853_,25.57µm
_02698_,25.57µm
cnn_inst.comm_mem_u0.spi_u0.bit_count\[1\],25.555µm
cnn_inst.comm_mem_u0.reg_img_u7.Register_Imag_DataInBUS\[9\],25.51µm
_02558_,25.5µm
_01436_,25.48µm
_02311_,25.475µm
_03001_,25.455µm
_02418_,25.45µm
_06333_,25.45µm
_02461_,25.44µm
_05349_,25.44µm
_05605_,25.44µm
_04838_,25.4µm
_05533_,25.39µm
cnn_inst.comm_mem_u0.mr1_out\[2\],25.39µm
_02657_,25.315µm
_05436_,25.3µm
_06228_,25.28µm
cnn_inst.comm_mem_u0.o_img_row00\[0\],25.275µm
cnn_inst.acc0\[11\],25.22µm
_05805_,25.21µm
_01333_,25.2µm
_01757_,25.165µm
cnn_inst.comm_mem_u0.o_wgt_row01\[3\],25.14µm
_01755_,25.11µm
cnn_inst.comm_mem_u0.reg_img_u5.Register_Imag_DataInBUS\[17\],25.1µm
cnn_inst.comm_mem_u0.spi_u0.loader_weight_sm.STATE_Register,25.1µm
cnn_inst.comm_mem_u0.reg_img_u6.Register_Imag_DataInBUS\[24\],25.09µm
_02070_,25.04µm
_01440_,25.03µm
_04349_,25.03µm
_05159_,25.03µm
cnn_inst.acc1\[3\],25.01µm
_05035_,24.985µm
cnn_inst.comm_mem_u0.reg_img_u2.Register_Imag_DataInBUS\[4\],24.985µm
_05321_,24.965µm
_02882_,24.95µm
_04204_,24.865µm
_05549_,24.86µm
_03605_,24.85µm
_04617_,24.795µm
_02505_,24.78µm
_01745_,24.775µm
_04623_,24.775µm
net283,24.745µm
_05451_,24.72µm
_06223_,24.72µm
_03051_,24.67µm
_04300_,24.67µm
cnn_inst.acc1\[13\],24.67µm
_03630_,24.66µm
_05637_,24.66µm
_05538_,24.63µm
_02681_,24.6µm
_02404_,24.56µm
cnn_inst.comm_mem_u0.reg_img_u7.Register_Imag_DataInBUS\[13\],24.55µm
_01629_,24.53µm
_06156_,24.525µm
cnn_inst.acc1\[8\],24.51µm
_03853_,24.5µm
cnn_inst.comm_mem_u0.spi_u0.loader_image_sm.i_ROW\[1\],24.5µm
_05255_,24.49µm
_05523_,24.48µm
_06025_,24.475µm
_02405_,24.44µm
_01989_,24.43µm
_05048_,24.43µm
cnn_inst.comm_mem_u0.spi_u0.bit_count\[7\],24.43µm
_03276_,24.36µm
_03986_,24.36µm
_06288_,24.36µm
_01705_,24.31µm
_04552_,24.29µm
_04122_,24.25µm
cnn_inst.comm_mem_u0.reg_img_u2.Register_Imag_DataInBUS\[9\],24.25µm
cnn_inst.comm_mem_u0.reg_img_u2.Register_Imag_DataInBUS\[0\],24.245µm
_02043_,24.235µm
_01443_,24.205µm
cnn_inst.comm_mem_u0.reg_img_u5.Register_Imag_DataInBUS\[12\],24.145µm
_03404_,24.13µm
cnn_inst.comm_mem_u0.reg_img_u2.Register_Imag_DataInBUS\[13\],24.13µm
_04354_,24.12µm
cnn_inst.comm_mem_u0.reg_wgt_u4.Register_Weight_DataInBUS\[7\],24.07µm
_03011_,24.045µm
_03281_,24µm
_05555_,24µm
_04305_,23.98µm
_04540_,23.97µm
_02494_,23.95µm
_02837_,23.95µm
_05683_,23.935µm
_03543_,23.92µm
_05410_,23.89µm
_02584_,23.88µm
cnn_inst.comm_mem_u0.o_wgt_row01\[0\],23.84µm
_05368_,23.83µm
_04749_,23.8µm
_01450_,23.78µm
_05136_,23.77µm
cnn_inst.comm_mem_u0.mr2_out\[7\],23.77µm
cnn_inst.comm_mem_u0.reg_img_u2.Register_Imag_DataInBUS\[7\],23.77µm
_02101_,23.76µm
_03933_,23.76µm
_06756_,23.76µm
_03475_,23.755µm
cnn_inst.comm_mem_u0.reg_img_u0.Register_Imag_DataInBUS\[7\],23.755µm
cnn_inst.comm_mem_u0.reg_img_u5.Register_Imag_DataInBUS\[4\],23.755µm
_01470_,23.745µm
cnn_inst.comm_mem_u0.reg_img_u7.Register_Imag_DataInBUS\[17\],23.715µm
_06275_,23.66µm
cnn_inst.comm_mem_u0.o_img_row04\[26\],23.65µm
_03329_,23.59µm
_05362_,23.54µm
cnn_inst.acc0\[9\],23.53µm
_02113_,23.525µm
_03702_,23.47µm
_01457_,23.425µm
_01464_,23.42µm
_01956_,23.41µm
_05454_,23.4µm
_02221_,23.395µm
_02046_,23.37µm
_04340_,23.34µm
_06198_,23.3µm
_02620_,23.295µm
_03380_,23.295µm
_03774_,23.29µm
cnn_inst.comm_mem_u0.o_img_row04\[16\],23.29µm
cnn_inst.comm_mem_u0.reg_img_u3.Register_Imag_DataInBUS\[6\],23.29µm
_04527_,23.28µm
_04881_,23.28µm
_04027_,23.275µm
_05547_,23.275µm
_02174_,23.265µm
_01387_,23.24µm
_04408_,23.23µm
cnn_inst.acc1\[12\],23.23µm
_04514_,23.225µm
_01444_,23.185µm
_04337_,23.13µm
_03788_,23.09µm
_01445_,23.06µm
_03593_,23.05µm
_04388_,23.05µm
_02352_,23.04µm
_06218_,23.04µm
_06744_,23.04µm
_04006_,23.025µm
cnn_inst.comm_mem_u0.reg_img_u5.Register_Imag_DataInBUS\[23\],23.025µm
cnn_inst.proc_u0.cnn_ctrl_u0.cnn_inst.cnn_inst.kernel_flat\[4\],22.95µm
_05620_,22.93µm
_05958_,22.925µm
_01897_,22.915µm
_06232_,22.915µm
_02632_,22.905µm
_04220_,22.87µm
_05787_,22.87µm
cnn_inst.comm_mem_u0.mr1_out\[7\],22.855µm
_01744_,22.81µm
_03776_,22.81µm
_03686_,22.805µm
_04449_,22.8µm
_04314_,22.795µm
_05405_,22.795µm
_04475_,22.765µm
cnn_inst.comm_mem_u0.reg_img_u2.Register_Imag_DataInBUS\[8\],22.745µm
_02309_,22.74µm
cnn_inst.comm_mem_u0.reg_img_u6.Register_Imag_DataInBUS\[27\],22.74µm
_03856_,22.735µm
cnn_inst.comm_mem_u0.reg_wgt_u4.Register_Weight_DataInBUS\[11\],22.735µm
_04970_,22.7µm
_01332_,22.69µm
_01438_,22.69µm
_04879_,22.69µm
cnn_inst.proc_u0.cnn_ctrl_u0.cnn_inst.cnn_inst.kernel_flat\[67\],22.69µm
_01972_,22.68µm
_02210_,22.68µm
_05072_,22.68µm
_06263_,22.68µm
_02760_,22.65µm
_05251_,22.64µm
_03194_,22.625µm
_03808_,22.62µm
_04125_,22.605µm
net,22.6µm
_02954_,22.58µm
_05500_,22.565µm
cnn_inst.comm_mem_u0.o_img_row01\[6\],22.53µm
_03232_,22.51µm
cnn_inst.comm_mem_u0.o_wgt_row02\[0\],22.465µm
_01839_,22.45µm
_04827_,22.45µm
cnn_inst.comm_mem_u0.o_wgt_row02\[6\],22.45µm
_04120_,22.44µm
cnn_inst.comm_mem_u0.reg_img_u1.Register_Imag_DataInBUS\[3\],22.435µm
cnn_inst.comm_mem_u0.reg_img_u8.Register_Imag_DataInBUS\[6\],22.435µm
_01765_,22.425µm
_01689_,22.38µm
_03090_,22.38µm
_05947_,22.375µm
cnn_inst.comm_mem_u0.reg_img_u2.Register_Imag_DataInBUS\[20\],22.33µm
cnn_inst.comm_mem_u0.o_img_row05\[22\],22.29µm
cnn_inst.comm_mem_u0.reg_img_u3.Register_Imag_DataInBUS\[0\],22.285µm
_01951_,22.28µm
_03292_,22.28µm
cnn_inst.comm_mem_u0.reg_img_u1.Register_Imag_DataInBUS\[4\],22.275µm
_02282_,22.235µm
_04456_,22.23µm
cnn_inst.comm_mem_u0.reg_img_u4.Register_Imag_DataInBUS\[16\],22.225µm
cnn_inst.comm_mem_u0.o_img_row01\[10\],22.21µm
_03020_,22.2µm
_04644_,22.16µm
_02647_,22.15µm
cnn_inst.comm_mem_u0.reg_img_u5.Register_Imag_DataInBUS\[26\],22.15µm
_05263_,22.14µm
_06186_,22.11µm
cnn_inst.comm_mem_u0.reg_img_u3.Register_Imag_DataInBUS\[24\],22.105µm
cnn_inst.acc0\[7\],22.1µm
_03800_,22.095µm
_01416_,22.03µm
_01775_,22.005µm
_04666_,22.005µm
_03323_,21.98µm
_02457_,21.96µm
cnn_inst.comm_mem_u0.o_img_row03\[8\],21.92µm
cnn_inst.comm_mem_u0.o_wgt_row01\[11\],21.91µm
cnn_inst.comm_mem_u0.spi_u0.loader_weight_sm.STATE_Signal,21.9µm
cnn_inst.comm_mem_u0.reg_img_u0.Register_Imag_DataInBUS\[16\],21.895µm
_03320_,21.885µm
_05530_,21.885µm
_02950_,21.87µm
cnn_inst.comm_mem_u0.reg_img_u4.Register_Imag_DataInBUS\[7\],21.865µm
cnn_inst.proc_u0.cnn_ctrl_u0.cnn_inst.cnn_inst.kernel_flat\[51\],21.865µm
cnn_inst.comm_mem_u0.o_img_row01\[14\],21.86µm
_03692_,21.85µm
_05923_,21.85µm
_06416_,21.85µm
_05969_,21.84µm
net516,21.83µm
_03108_,21.79µm
_03559_,21.76µm
_03341_,21.74µm
_01446_,21.73µm
_05045_,21.73µm
cnn_inst.comm_mem_u0.reg_img_u1.Register_Imag_DataInBUS\[19\],21.73µm
_01455_,21.72µm
_02098_,21.705µm
_02048_,21.685µm
_04281_,21.66µm
_04957_,21.66µm
_03866_,21.63µm
_03243_,21.625µm
cnn_inst.comm_mem_u0.reg_img_u9.Register_Imag_DataInBUS\[4\],21.625µm
_02645_,21.62µm
_04443_,21.61µm
_06019_,21.61µm
cnn_inst.comm_mem_u0.o_wgt_row02\[7\],21.585µm
_02757_,21.55µm
cnn_inst.comm_mem_u0.reg_img_u2.Register_Imag_DataInBUS\[11\],21.55µm
_06037_,21.525µm
cnn_inst.comm_mem_u0.reg_img_u9.Register_Imag_DataInBUS\[14\],21.505µm
cnn_inst.comm_mem_u0.o_img_row06\[2\],21.5µm
cnn_inst.comm_mem_u0.reg_img_u0.Register_Imag_DataInBUS\[15\],21.5µm
_06006_,21.49µm
_01376_,21.48µm
_04904_,21.455µm
_05356_,21.425µm
_02211_,21.42µm
cnn_inst.comm_mem_u0.reg_img_u4.Register_Imag_DataInBUS\[12\],21.415µm
_03298_,21.385µm
cnn_inst.comm_mem_u0.reg_img_u4.Register_Imag_DataInBUS\[14\],21.385µm
cnn_inst.comm_mem_u0.reg_img_u6.Register_Imag_DataInBUS\[21\],21.375µm
_02267_,21.37µm
_05613_,21.37µm
_01439_,21.33µm
_01426_,21.325µm
_02943_,21.32µm
_01998_,21.31µm
_02948_,21.31µm
_02321_,21.3µm
cnn_inst.comm_mem_u0.reg_img_u6.Register_Imag_DataInBUS\[6\],21.275µm
_04897_,21.265µm
_01441_,21.26µm
_05956_,21.26µm
cnn_inst.comm_mem_u0.reg_img_u2.Register_Imag_DataInBUS\[15\],21.26µm
_01317_,21.24µm
_02272_,21.24µm
cnn_inst.comm_mem_u0.reg_img_u4.Register_Imag_DataInBUS\[13\],21.225µm
_01748_,21.14µm
_02879_,21.14µm
_03463_,21.14µm
_06278_,21.12µm
_05087_,21.085µm
_03921_,21.07µm
net438,21.045µm
_02181_,21.04µm
_05583_,21µm
cnn_inst.comm_mem_u0.reg_img_u7.Register_Imag_DataInBUS\[25\],20.995µm
_02470_,20.985µm
cnn_inst.comm_mem_u0.o_img_row07\[29\],20.95µm
cnn_inst.comm_mem_u0.mr1_out\[9\],20.935µm
cnn_inst.comm_mem_u0.reg_img_u2.Register_Imag_DataInBUS\[10\],20.935µm
_04222_,20.895µm
_00035_,20.89µm
cnn_inst.comm_mem_u0.reg_img_u0.Register_Imag_DataInBUS\[9\],20.89µm
cnn_inst.comm_mem_u0.reg_img_u6.Register_Imag_DataInBUS\[9\],20.89µm
_03129_,20.855µm
_02061_,20.835µm
cnn_inst.comm_mem_u0.reg_img_u0.Register_Imag_DataInBUS\[24\],20.83µm
cnn_inst.comm_mem_u0.reg_img_u0.Register_Imag_DataInBUS\[12\],20.825µm
_05686_,20.815µm
cnn_inst.comm_mem_u0.o_img_row06\[15\],20.81µm
cnn_inst.comm_mem_u0.reg_img_u2.Register_Imag_DataInBUS\[5\],20.8µm
cnn_inst.comm_mem_u0.reg_img_u9.Register_Imag_DataInBUS\[8\],20.795µm
_02844_,20.785µm
_03389_,20.77µm
cnn_inst.comm_mem_u0.reg_img_u1.Register_Imag_DataInBUS\[29\],20.77µm
cnn_inst.comm_mem_u0.reg_img_u3.Register_Imag_DataInBUS\[20\],20.76µm
_06021_,20.73µm
cnn_inst.comm_mem_u0.reg_img_u2.Register_Imag_DataInBUS\[14\],20.73µm
_02177_,20.725µm
_01702_,20.715µm
_02813_,20.71µm
_03516_,20.71µm
_05897_,20.71µm
_01845_,20.7µm
_01328_,20.66µm
_03022_,20.65µm
_05258_,20.64µm
_01928_,20.59µm
_02198_,20.55µm
_01434_,20.52µm
_04526_,20.5µm
cnn_inst.comm_mem_u0.reg_img_u0.Register_Imag_DataInBUS\[14\],20.5µm
cnn_inst.proc_u0.cnn_ctrl_u0.cnn_inst.cnn_inst.kernel_flat\[66\],20.49µm
_01799_,20.485µm
cnn_inst.comm_mem_u0.reg_img_u7.Register_Imag_DataInBUS\[11\],20.48µm
cnn_inst.comm_mem_u0.reg_img_u7.Register_Imag_DataInBUS\[22\],20.455µm
_02586_,20.425µm
cnn_inst.comm_mem_u0.mr1_out\[12\],20.425µm
_03881_,20.42µm
_05223_,20.41µm
_03746_,20.395µm
ui_PAD2CORE[2],20.38µm
cnn_inst.comm_mem_u0.reg_img_u5.Register_Imag_DataInBUS\[9\],20.365µm
_05891_,20.34µm
_04357_,20.32µm
_04691_,20.3µm
_05113_,20.28µm
cnn_inst.comm_mem_u0.reg_img_u7.Register_Imag_DataInBUS\[3\],20.28µm
_02830_,20.25µm
_05599_,20.24µm
_03148_,20.235µm
_01428_,20.23µm
_02050_,20.23µm
_06222_,20.205µm
_01458_,20.195µm
_01890_,20.18µm
_02788_,20.17µm
_05977_,20.17µm
cnn_inst.comm_mem_u0.reg_img_u4.Register_Imag_DataInBUS\[4\],20.17µm
_06035_,20.11µm
_02212_,20.1µm
_05253_,20.05µm
_05966_,20.05µm
cnn_inst.comm_mem_u0.o_wgt_row03\[6\],20.045µm
_04209_,20.035µm
cnn_inst.proc_u0.cnn_ctrl_u0.cnn_inst.cnn_inst.kernel_flat\[42\],20.025µm
cnn_inst.comm_mem_u0.o_wgt_row03\[10\],19.99µm
_01811_,19.98µm
cnn_inst.comm_mem_u0.reg_img_u7.Register_Imag_DataInBUS\[20\],19.975µm
cnn_inst.comm_mem_u0.spi_u0.bit_count\[8\],19.975µm
_01607_,19.93µm
_02814_,19.93µm
_01564_,19.925µm
_04012_,19.92µm
_03058_,19.915µm
_01449_,19.88µm
_04177_,19.88µm
cnn_inst.comm_mem_u0.reg_img_u1.Register_Imag_DataInBUS\[1\],19.875µm
cnn_inst.comm_mem_u0.reg_img_u0.Register_Imag_DataInBUS\[4\],19.87µm
_02141_,19.865µm
_04137_,19.86µm
cnn_inst.comm_mem_u0.o_wgt_row03\[8\],19.86µm
cnn_inst.comm_mem_u0.spi_u0.image_shift\[0\],19.855µm
_02908_,19.825µm
_03757_,19.825µm
_01469_,19.82µm
_04628_,19.815µm
_04717_,19.81µm
_02716_,19.8µm
cnn_inst.comm_mem_u0.reg_img_u3.Register_Imag_DataInBUS\[1\],19.8µm
cnn_inst.comm_mem_u0.reg_img_u8.Register_Imag_DataInBUS\[17\],19.775µm
_02128_,19.76µm
_02326_,19.76µm
cnn_inst.comm_mem_u0.reg_img_u3.Register_Imag_DataInBUS\[8\],19.71µm
_06036_,19.705µm
cnn_inst.comm_mem_u0.reg_img_u3.Register_Imag_DataInBUS\[27\],19.705µm
_01803_,19.62µm
_03184_,19.62µm
cnn_inst.comm_mem_u0.o_img_row09\[6\],19.61µm
cnn_inst.comm_mem_u0.reg_img_u0.Register_Imag_DataInBUS\[10\],19.595µm
cnn_inst.comm_mem_u0.reg_img_u2.Register_Imag_DataInBUS\[16\],19.595µm
cnn_inst.comm_mem_u0.reg_img_u5.Register_Imag_DataInBUS\[5\],19.595µm
cnn_inst.comm_mem_u0.o_img_row08\[21\],19.59µm
_02780_,19.57µm
_03456_,19.56µm
_04774_,19.56µm
cnn_inst.comm_mem_u0.o_img_row04\[20\],19.555µm
cnn_inst.comm_mem_u0.reg_wgt_u4.Register_Weight_DataInBUS\[3\],19.555µm
_04561_,19.54µm
_06608_,19.515µm
_05241_,19.51µm
cnn_inst.acc1\[2\],19.51µm
cnn_inst.comm_mem_u0.reg_img_u4.Register_Imag_DataInBUS\[21\],19.51µm
_05560_,19.505µm
_03257_,19.5µm
cnn_inst.comm_mem_u0.reg_img_u7.Register_Imag_DataInBUS\[6\],19.495µm
cnn_inst.comm_mem_u0.reg_img_u9.Register_Imag_DataInBUS\[22\],19.495µm
_06209_,19.485µm
_04018_,19.45µm
_04130_,19.45µm
_06273_,19.45µm
cnn_inst.comm_mem_u0.reg_img_u5.Register_Imag_DataInBUS\[2\],19.45µm
cnn_inst.comm_mem_u0.reg_img_u7.Register_Imag_DataInBUS\[15\],19.45µm
cnn_inst.comm_mem_u0.reg_img_u7.Register_Imag_DataInBUS\[28\],19.45µm
_04084_,19.425µm
_01342_,19.41µm
_01355_,19.41µm
cnn_inst.comm_mem_u0.spi_u0.bit_count\[6\],19.41µm
_02956_,19.4µm
cnn_inst.comm_mem_u0.spi_u0.data_count\[3\],19.34µm
_04594_,19.33µm
cnn_inst.comm_mem_u0.reg_img_u9.Register_Imag_DataInBUS\[16\],19.33µm
_05491_,19.32µm
_05576_,19.315µm
cnn_inst.comm_mem_u0.spi_u0.data_count\[2\],19.3µm
_03655_,19.29µm
cnn_inst.proc_u0.cnn_ctrl_u0.cnn_inst.cnn_done,19.25µm
cnn_inst.comm_mem_u0.reg_img_u0.Register_Imag_DataInBUS\[23\],19.24µm
cnn_inst.comm_mem_u0.o_img_row05\[9\],19.235µm
cnn_inst.comm_mem_u0.reg_img_u1.Register_Imag_DataInBUS\[20\],19.21µm
cnn_inst.comm_mem_u0.reg_img_u2.Register_Imag_DataInBUS\[25\],19.16µm
_04998_,19.15µm
cnn_inst.comm_mem_u0.reg_img_u3.Register_Imag_DataInBUS\[12\],19.15µm
cnn_inst.comm_mem_u0.reg_img_u6.Register_Imag_DataInBUS\[8\],19.15µm
_02079_,19.14µm
_01422_,19.125µm
_03685_,19.12µm
cnn_inst.comm_mem_u0.o_wgt_row01\[8\],19.115µm
cnn_inst.comm_mem_u0.mr1_out\[0\],19.09µm
_01759_,19.08µm
_02524_,19.08µm
cnn_inst.comm_mem_u0.reg_img_u0.Register_Imag_DataInBUS\[17\],19.075µm
cnn_inst.comm_mem_u0.reg_img_u2.Register_Imag_DataInBUS\[21\],19.075µm
cnn_inst.comm_mem_u0.reg_img_u2.Register_Imag_DataInBUS\[23\],19.04µm
_03510_,19.03µm
cnn_inst.comm_mem_u0.o_wgt_row04\[10\],19.03µm
_02529_,19.025µm
_04072_,19.02µm
_05289_,19.02µm
_05604_,19.02µm
net1108,19.02µm
_03845_,18.985µm
cnn_inst.comm_mem_u0.o_wgt_row03\[0\],18.985µm
cnn_inst.comm_mem_u0.reg_img_u7.Register_Imag_DataInBUS\[26\],18.985µm
_02951_,18.97µm
_05036_,18.97µm
cnn_inst.comm_mem_u0.o_wgt_row00\[13\],18.97µm
cnn_inst.comm_mem_u0.reg_img_u6.Register_Imag_DataInBUS\[17\],18.97µm
_03515_,18.96µm
_04761_,18.96µm
_06015_,18.955µm
cnn_inst.comm_mem_u0.reg_img_u0.Register_Imag_DataInBUS\[29\],18.865µm
cnn_inst.comm_mem_u0.reg_img_u9.Register_Imag_DataInBUS\[9\],18.865µm
cnn_inst.comm_mem_u0.reg_wgt_u4.Register_Weight_DataInBUS\[8\],18.865µm
_03794_,18.86µm
_05959_,18.86µm
cnn_inst.comm_mem_u0.reg_img_u2.Register_Imag_DataInBUS\[17\],18.805µm
_02358_,18.8µm
_06200_,18.795µm
_01740_,18.79µm
cnn_inst.comm_mem_u0.reg_img_u5.Register_Imag_DataInBUS\[3\],18.79µm
_04331_,18.765µm
_01900_,18.68µm
_02322_,18.66µm
_04187_,18.66µm
_04397_,18.64µm
_04480_,18.63µm
cnn_inst.comm_mem_u0.reg_img_u7.Register_Imag_DataInBUS\[18\],18.625µm
_04175_,18.61µm
_06009_,18.61µm
cnn_inst.comm_mem_u0.reg_img_u2.Register_Imag_DataInBUS\[18\],18.61µm
_05447_,18.6µm
_06091_,18.6µm
cnn_inst.comm_mem_u0.reg_img_u4.Register_Imag_DataInBUS\[9\],18.6µm
_03837_,18.595µm
cnn_inst.comm_mem_u0.o_wgt_row02\[11\],18.565µm
_03742_,18.56µm
cnn_inst.comm_mem_u0.reg_img_u6.Register_Imag_DataInBUS\[19\],18.56µm
_02963_,18.555µm
_02284_,18.55µm
_01462_,18.505µm
cnn_inst.comm_mem_u0.reg_img_u7.Register_Imag_DataInBUS\[10\],18.505µm
_01674_,18.5µm
_02237_,18.49µm
_02408_,18.49µm
cnn_inst.comm_mem_u0.reg_img_u9.Register_Imag_DataInBUS\[12\],18.485µm
_00038_,18.48µm
cnn_inst.comm_mem_u0.reg_img_u3.Register_Imag_DataInBUS\[15\],18.48µm
cnn_inst.comm_mem_u0.reg_img_u9.Register_Imag_DataInBUS\[11\],18.48µm
_05942_,18.475µm
cnn_inst.comm_mem_u0.o_img_row09\[13\],18.435µm
_01379_,18.43µm
_04191_,18.43µm
_03932_,18.42µm
_03997_,18.385µm
_04658_,18.385µm
cnn_inst.comm_mem_u0.reg_img_u5.Register_Imag_DataInBUS\[29\],18.38µm
_01468_,18.37µm
_05378_,18.33µm
_05856_,18.31µm
cnn_inst.comm_mem_u0.reg_img_u3.Register_Imag_DataInBUS\[13\],18.31µm
cnn_inst.proc_u0.cnn_ctrl_u0.cnn_inst.cnn_inst.kernel_flat\[70\],18.31µm
_01567_,18.27µm
_06007_,18.26µm
_06221_,18.19µm
_03656_,18.18µm
_03960_,18.165µm
cnn_inst.comm_mem_u0.reg_img_u2.Register_Imag_DataInBUS\[19\],18.16µm
_04194_,18.15µm
_05134_,18.13µm
cnn_inst.comm_mem_u0.reg_img_u7.Register_Imag_DataInBUS\[29\],18.13µm
_01425_,18.12µm
_02329_,18.12µm
_04630_,18.12µm
_02393_,18.115µm
_02386_,18.08µm
_03480_,18.07µm
cnn_inst.comm_mem_u0.o_wgt_row01\[9\],18.065µm
_04961_,18.06µm
net1098,18.06µm
_02939_,18.045µm
_01036_,18.03µm
cnn_inst.comm_mem_u0.reg_img_u0.Register_Imag_DataInBUS\[25\],18.02µm
_04898_,18.015µm
_01044_,18.01µm
_01154_,18.01µm
cnn_inst.comm_mem_u0.reg_img_u8.Register_Imag_DataInBUS\[2\],18.01µm
net7,18.01µm
cnn_inst.comm_mem_u0.reg_img_u4.Register_Imag_DataInBUS\[27\],18.005µm
_02773_,18µm
_05308_,17.995µm
cnn_inst.comm_mem_u0.mr1_out\[1\],17.965µm
_05066_,17.96µm
cnn_inst.acc1\[10\],17.96µm
_02304_,17.95µm
_02766_,17.94µm
cnn_inst.comm_mem_u0.reg_img_u5.Register_Imag_DataInBUS\[19\],17.935µm
_05020_,17.92µm
_05110_,17.91µm
cnn_inst.comm_mem_u0.reg_img_u1.Register_Imag_DataInBUS\[7\],17.905µm
cnn_inst.comm_mem_u0.reg_img_u6.Register_Imag_DataInBUS\[5\],17.905µm
cnn_inst.comm_mem_u0.reg_img_u9.Register_Imag_DataInBUS\[19\],17.905µm
_01429_,17.9µm
cnn_inst.comm_mem_u0.reg_img_u3.Register_Imag_DataInBUS\[7\],17.89µm
_05671_,17.865µm
_03658_,17.85µm
cnn_inst.comm_mem_u0.reg_img_u4.Register_Imag_DataInBUS\[6\],17.845µm
_02334_,17.84µm
_03359_,17.84µm
_03657_,17.805µm
_02888_,17.8µm
_06326_,17.79µm
_05893_,17.785µm
_06249_,17.77µm
_04581_,17.76µm
_05295_,17.76µm
_03819_,17.755µm
_03226_,17.71µm
_04368_,17.7µm
_03007_,17.67µm
cnn_inst.comm_mem_u0.spi_u0.cmd\[0\],17.665µm
_03302_,17.65µm
_02318_,17.64µm
_02485_,17.64µm
_02832_,17.64µm
_02241_,17.635µm
_04826_,17.625µm
_05272_,17.615µm
cnn_inst.comm_mem_u0.reg_img_u0.Register_Imag_DataInBUS\[5\],17.605µm
_05634_,17.595µm
_05793_,17.59µm
cnn_inst.proc_u0.cnn_ctrl_u0.cnn_inst.cnn_inst.kernel_flat\[3\],17.58µm
cnn_inst.proc_u0.cnn_ctrl_u0.cnn_inst.cnn_inst.state\[5\],17.58µm
_02867_,17.575µm
_01650_,17.54µm
_02479_,17.54µm
cnn_inst.comm_mem_u0.reg_img_u0.Register_Imag_DataInBUS\[1\],17.54µm
cnn_inst.comm_mem_u0.reg_img_u9.Register_Imag_DataInBUS\[26\],17.54µm
net1105,17.54µm
_04653_,17.53µm
cnn_inst.comm_mem_u0.mr2_out\[10\],17.53µm
_06694_,17.52µm
_03231_,17.505µm
_05219_,17.505µm
_02308_,17.495µm
cnn_inst.comm_mem_u0.reg_img_u0.Register_Imag_DataInBUS\[11\],17.425µm
cnn_inst.comm_mem_u0.reg_img_u1.Register_Imag_DataInBUS\[14\],17.425µm
_05548_,17.42µm
cnn_inst.comm_mem_u0.reg_img_u5.Register_Imag_DataInBUS\[15\],17.42µm
_05132_,17.41µm
_05229_,17.41µm
_06295_,17.41µm
_02400_,17.35µm
_03368_,17.35µm
_03527_,17.35µm
_05920_,17.35µm
_01902_,17.335µm
_01433_,17.315µm
_05694_,17.31µm
_06187_,17.31µm
_02578_,17.305µm
cnn_inst.comm_mem_u0.reg_img_u0.Register_Imag_DataInBUS\[6\],17.29µm
_05905_,17.28µm
_02102_,17.275µm
_02200_,17.255µm
_05133_,17.24µm
_04245_,17.23µm
_05226_,17.23µm
cnn_inst.comm_mem_u0.reg_img_u6.Register_Imag_DataInBUS\[28\],17.23µm
_05611_,17.215µm
_04626_,17.185µm
_01794_,17.18µm
cnn_inst.comm_mem_u0.reg_img_u7.Register_Imag_DataInBUS\[1\],17.18µm
_01466_,17.17µm
_01931_,17.17µm
_04945_,17.17µm
_04803_,17.16µm
_04832_,17.16µm
_05883_,17.16µm
cnn_inst.comm_mem_u0.reg_img_u6.Register_Imag_DataInBUS\[16\],17.16µm
_03782_,17.155µm
cnn_inst.comm_mem_u0.reg_img_u1.Register_Imag_DataInBUS\[5\],17.15µm
_04619_,17.145µm
_05336_,17.14µm
_05577_,17.14µm
cnn_inst.comm_mem_u0.reg_img_u4.Register_Imag_DataInBUS\[2\],17.12µm
_02361_,17.11µm
_03139_,17.11µm
_05667_,17.11µm
cnn_inst.comm_mem_u0.spi_u0.data_count\[6\],17.11µm
net1106,17.1µm
net1107,17.1µm
net1100,17.1µm
_04669_,17.095µm
cnn_inst.comm_mem_u0.reg_img_u1.Register_Imag_DataInBUS\[15\],17.095µm
_01815_,17.07µm
_05542_,17.07µm
_05418_,17.055µm
_01423_,17.05µm
_01784_,17.05µm
_01856_,17.05µm
_02399_,17.05µm
_03471_,17.05µm
_04435_,17.05µm
_06411_,17.05µm
cnn_inst.comm_mem_u0.reg_img_u1.Register_Imag_DataInBUS\[2\],17.05µm
cnn_inst.comm_mem_u0.reg_img_u4.Register_Imag_DataInBUS\[17\],17.05µm
cnn_inst.comm_mem_u0.reg_img_u7.Register_Imag_DataInBUS\[7\],17.05µm
cnn_inst.comm_mem_u0.reg_img_u2.Register_Imag_DataInBUS\[2\],17.045µm
cnn_inst.comm_mem_u0.reg_img_u6.Register_Imag_DataInBUS\[10\],17.045µm
cnn_inst.comm_mem_u0.reg_img_u9.Register_Imag_DataInBUS\[18\],17.045µm
_00002_,17.04µm
_04683_,17.04µm
_01776_,17.025µm
cnn_inst.comm_mem_u0.reg_img_u5.Register_Imag_DataInBUS\[27\],17.01µm
_04183_,17µm
_02988_,16.99µm
_05647_,16.985µm
cnn_inst.comm_mem_u0.reg_img_u0.Register_Imag_DataInBUS\[28\],16.945µm
cnn_inst.comm_mem_u0.reg_img_u4.Register_Imag_DataInBUS\[1\],16.945µm
_03716_,16.94µm
_00878_,16.93µm
_04050_,16.93µm
_06706_,16.93µm
cnn_inst.comm_mem_u0.o_img_row06\[1\],16.925µm
_01350_,16.92µm
_01353_,16.92µm
_05675_,16.92µm
_02931_,16.91µm
_02169_,16.89µm
_05409_,16.87µm
cnn_inst.comm_mem_u0.reg_img_u3.Register_Imag_DataInBUS\[22\],16.87µm
cnn_inst.comm_mem_u0.reg_img_u4.Register_Imag_DataInBUS\[23\],16.87µm
_04809_,16.86µm
_02173_,16.825µm
_01986_,16.81µm
_01034_,16.75µm
_01309_,16.75µm
_05585_,16.75µm
cnn_inst.comm_mem_u0.o_wgt_row04\[7\],16.75µm
_05026_,16.74µm
_05728_,16.71µm
cnn_inst.comm_mem_u0.o_wgt_row00\[14\],16.705µm
_05835_,16.7µm
_01471_,16.69µm
_02545_,16.69µm
_06758_,16.69µm
_04077_,16.68µm
_05529_,16.68µm
cnn_inst.comm_mem_u0.reg_img_u6.Register_Imag_DataInBUS\[20\],16.68µm
_04278_,16.675µm
_05294_,16.675µm
_01877_,16.665µm
_04813_,16.64µm
_06008_,16.64µm
cnn_inst.comm_mem_u0.reg_img_u9.Register_Imag_DataInBUS\[27\],16.64µm
_01293_,16.63µm
_05844_,16.63µm
_01430_,16.58µm
_02932_,16.58µm
_05561_,16.58µm
_03824_,16.57µm
_03582_,16.56µm
cnn_inst.comm_mem_u0.reg_img_u6.Register_Imag_DataInBUS\[25\],16.535µm
_04161_,16.52µm
_05907_,16.52µm
_01467_,16.515µm
_02643_,16.51µm
cnn_inst.comm_mem_u0.o_img_row03\[0\],16.51µm
_02276_,16.505µm
_03834_,16.47µm
_05885_,16.47µm
cnn_inst.comm_mem_u0.reg_img_u3.Register_Imag_DataInBUS\[25\],16.465µm
_01334_,16.46µm
_01604_,16.46µm
_03457_,16.46µm
_05167_,16.46µm
cnn_inst.comm_mem_u0.mr2_out\[8\],16.46µm
cnn_inst.comm_mem_u0.o_img_row01\[9\],16.46µm
cnn_inst.comm_mem_u0.spi_u0.data_count\[4\],16.46µm
_02213_,16.45µm
_03879_,16.45µm
_04237_,16.45µm
_06260_,16.45µm
_03095_,16.44µm
_05421_,16.44µm
_04016_,16.39µm
cnn_inst.comm_mem_u0.reg_img_u3.Register_Imag_DataInBUS\[9\],16.39µm
_05147_,16.38µm
_05116_,16.37µm
cnn_inst.comm_mem_u0.reg_img_u9.Register_Imag_DataInBUS\[2\],16.36µm
cnn_inst.comm_mem_u0.o_wgt_row01\[13\],16.34µm
_01156_,16.33µm
_02083_,16.33µm
_05492_,16.33µm
_01762_,16.32µm
cnn_inst.comm_mem_u0.o_img_row07\[21\],16.31µm
_01359_,16.3µm
_04869_,16.28µm
_06123_,16.26µm
_06124_,16.26µm
_03732_,16.245µm
_03179_,16.225µm
cnn_inst.comm_mem_u0.reg_img_u3.Register_Imag_DataInBUS\[10\],16.21µm
_01419_,16.2µm
cnn_inst.comm_mem_u0.o_img_row06\[0\],16.2µm
_05511_,16.18µm
_02555_,16.16µm
_05489_,16.16µm
cnn_inst.comm_mem_u0.reg_img_u7.Register_Imag_DataInBUS\[8\],16.16µm
_03599_,16.15µm
_04888_,16.15µm
cnn_inst.comm_mem_u0.o_wgt_row03\[13\],16.15µm
cnn_inst.comm_mem_u0.reg_img_u3.Register_Imag_DataInBUS\[26\],16.15µm
_05225_,16.14µm
_05408_,16.14µm
_05870_,16.14µm
_03773_,16.12µm
_04570_,16.105µm
_00728_,16.1µm
_04473_,16.1µm
_04620_,16.1µm
_05541_,16.1µm
cnn_inst.comm_mem_u0.mr2_out\[12\],16.1µm
_01288_,16.09µm
_01330_,16.09µm
_02076_,16.09µm
_03836_,16.09µm
_04104_,16.09µm
_06533_,16.09µm
cnn_inst.comm_mem_u0.o_wgt_row02\[9\],16.09µm
cnn_inst.comm_mem_u0.reg_img_u1.Register_Imag_DataInBUS\[21\],16.09µm
cnn_inst.comm_mem_u0.reg_img_u7.Register_Imag_DataInBUS\[16\],16.09µm
cnn_inst.comm_mem_u0.reg_img_u8.Register_Imag_DataInBUS\[1\],16.09µm
_01704_,16.08µm
_04284_,16.075µm
cnn_inst.comm_mem_u0.reg_img_u9.Register_Imag_DataInBUS\[24\],16.04µm
_04647_,16.02µm
_02464_,16.01µm
cnn_inst.comm_mem_u0.reg_img_u8.Register_Imag_DataInBUS\[3\],16µm
_02855_,15.985µm
cnn_inst.comm_mem_u0.reg_img_u0.Register_Imag_DataInBUS\[20\],15.985µm
cnn_inst.comm_mem_u0.reg_img_u0.Register_Imag_DataInBUS\[27\],15.985µm
_01459_,15.98µm
_05312_,15.98µm
cnn_inst.comm_mem_u0.reg_img_u3.Register_Imag_DataInBUS\[3\],15.98µm
_04974_,15.97µm
cnn_inst.comm_mem_u0.reg_img_u2.Register_Imag_DataInBUS\[24\],15.96µm
cnn_inst.acc0\[0\],15.935µm
_05510_,15.92µm
cnn_inst.comm_mem_u0.reg_img_u4.Register_Imag_DataInBUS\[11\],15.91µm
_04980_,15.905µm
_04984_,15.885µm
_06204_,15.88µm
cnn_inst.comm_mem_u0.reg_img_u5.Register_Imag_DataInBUS\[25\],15.87µm
_02343_,15.86µm
_04356_,15.86µm
_01808_,15.85µm
_02054_,15.85µm
_02293_,15.85µm
_04597_,15.85µm
_05733_,15.85µm
cnn_inst.comm_mem_u0.o_wgt_row04\[9\],15.85µm
cnn_inst.comm_mem_u0.reg_img_u2.Register_Imag_DataInBUS\[3\],15.85µm
_05700_,15.84µm
_06236_,15.84µm
_06627_,15.84µm
_03283_,15.83µm
cnn_inst.comm_mem_u0.reg_img_u6.Register_Imag_DataInBUS\[3\],15.795µm
_01157_,15.79µm
_05927_,15.79µm
cnn_inst.comm_mem_u0.o_wgt_row03\[3\],15.79µm
_00832_,15.78µm
_02172_,15.78µm
_03580_,15.78µm
_04978_,15.775µm
_04523_,15.745µm
_06032_,15.745µm
cnn_inst.comm_mem_u0.o_wgt_row00\[3\],15.74µm
_02777_,15.72µm
_04182_,15.72µm
_02836_,15.715µm
_03373_,15.715µm
_05109_,15.705µm
_03705_,15.7µm
cnn_inst.acc0\[12\],15.685µm
_06030_,15.68µm
cnn_inst.comm_mem_u0.reg_img_u3.Register_Imag_DataInBUS\[5\],15.68µm
cnn_inst.comm_mem_u0.reg_img_u4.Register_Imag_DataInBUS\[0\],15.68µm
_04228_,15.67µm
_04505_,15.66µm
cnn_inst.comm_mem_u0.reg_img_u1.Register_Imag_DataInBUS\[13\],15.655µm
_01427_,15.62µm
_01311_,15.61µm
_06039_,15.61µm
_06257_,15.61µm
cnn_inst.comm_mem_u0.reg_img_u1.Register_Imag_DataInBUS\[8\],15.61µm
cnn_inst.comm_mem_u0.reg_img_u7.Register_Imag_DataInBUS\[27\],15.61µm
cnn_inst.comm_mem_u0.reg_img_u8.Register_Imag_DataInBUS\[26\],15.61µm
_01463_,15.595µm
_05307_,15.57µm
_01424_,15.55µm
_06193_,15.55µm
_05519_,15.54µm
_03931_,15.515µm
_03560_,15.51µm
_05077_,15.51µm
cnn_inst.comm_mem_u0.reg_img_u8.Register_Imag_DataInBUS\[23\],15.51µm
cnn_inst.comm_mem_u0.o_wgt_row04\[13\],15.505µm
cnn_inst.comm_mem_u0.reg_img_u1.Register_Imag_DataInBUS\[23\],15.505µm
cnn_inst.comm_mem_u0.reg_img_u1.Register_Imag_DataInBUS\[25\],15.505µm
cnn_inst.comm_mem_u0.reg_img_u4.Register_Imag_DataInBUS\[28\],15.505µm
_00928_,15.49µm
_03259_,15.49µm
cnn_inst.comm_mem_u0.mr1_out\[4\],15.49µm
_01892_,15.48µm
_05319_,15.48µm
cnn_inst.comm_mem_u0.reg_img_u5.Register_Imag_DataInBUS\[24\],15.48µm
_02175_,15.455µm
_02542_,15.445µm
_04610_,15.44µm
_01420_,15.43µm
_05709_,15.43µm
_01802_,15.42µm
_02060_,15.42µm
_05615_,15.42µm
cnn_inst.proc_u0.cnn_ctrl_u0.cnn_inst.cnn_inst.state\[1\],15.42µm
cnn_inst.proc_u0.cnn_ctrl_u0.state\[10\],15.38µm
_01530_,15.37µm
_02214_,15.37µm
_02314_,15.37µm
_01340_,15.36µm
_03284_,15.355µm
_01148_,15.31µm
cnn_inst.comm_mem_u0.o_wgt_row03\[4\],15.31µm
_00842_,15.3µm
_03490_,15.3µm
_01432_,15.295µm
_05515_,15.295µm
_05732_,15.295µm
cnn_inst.comm_mem_u0.reg_img_u0.Register_Imag_DataInBUS\[21\],15.265µm
_03807_,15.26µm
cnn_inst.comm_mem_u0.o_img_row01\[5\],15.255µm
_01937_,15.24µm
_02598_,15.24µm
net1767,15.24µm
_01431_,15.23µm
_05630_,15.21µm
_05799_,15.21µm
_02705_,15.19µm
_03827_,15.19µm
_06704_,15.19µm
_06741_,15.18µm
_03512_,15.175µm
_03448_,15.16µm
cnn_inst.comm_mem_u0.reg_img_u1.Register_Imag_DataInBUS\[6\],15.155µm
_05953_,15.14µm
_01146_,15.13µm
_02074_,15.13µm
_02897_,15.13µm
_04747_,15.13µm
cnn_inst.comm_mem_u0.reg_img_u6.Register_Imag_DataInBUS\[29\],15.13µm
cnn_inst.comm_mem_u0.reg_img_u6.Register_Imag_DataInBUS\[7\],15.13µm
cnn_inst.comm_mem_u0.reg_img_u9.Register_Imag_DataInBUS\[17\],15.13µm
_06477_,15.12µm
cnn_inst.comm_mem_u0.mr2_out\[14\],15.12µm
cnn_inst.comm_mem_u0.reg_img_u8.Register_Imag_DataInBUS\[11\],15.12µm
cnn_inst.comm_mem_u0.reg_img_u8.Register_Imag_DataInBUS\[28\],15.095µm
_04950_,15.09µm
_05343_,15.08µm
_03831_,15.075µm
_02316_,15.055µm
_03627_,15.025µm
_02865_,15.02µm
_03650_,15.01µm
_06248_,15.01µm
cnn_inst.comm_mem_u0.o_wgt_row04\[11\],15.01µm
_01319_,15.005µm
_06755_,14.995µm
cnn_inst.proc_u0.cnn_ctrl_u0.cnn_inst.cnn_inst.state\[4\],14.98µm
_00020_,14.95µm
cnn_inst.comm_mem_u0.mr1_out\[6\],14.95µm
cnn_inst.comm_mem_u0.reg_img_u3.Register_Imag_DataInBUS\[2\],14.95µm
_06237_,14.94µm
_03666_,14.925µm
_01448_,14.915µm
_01785_,14.915µm
_01907_,14.89µm
_03279_,14.89µm
_04036_,14.89µm
_02525_,14.88µm
_06722_,14.88µm
cnn_inst.comm_mem_u0.reg_img_u9.Register_Imag_DataInBUS\[15\],14.88µm
_01996_,14.865µm
_02436_,14.86µm
_05139_,14.855µm
_00879_,14.83µm
_04192_,14.83µm
_03756_,14.82µm
_04090_,14.82µm
cnn_inst.comm_mem_u0.o_wgt_row02\[3\],14.82µm
_04711_,14.81µm
_04994_,14.81µm
_04518_,14.79µm
_05756_,14.785µm
_02197_,14.78µm
_01158_,14.77µm
_02907_,14.77µm
_05037_,14.77µm
cnn_inst.comm_mem_u0.o_wgt_row01\[2\],14.77µm
cnn_inst.comm_mem_u0.reg_img_u5.Register_Imag_DataInBUS\[0\],14.77µm
cnn_inst.comm_mem_u0.reg_img_u5.Register_Imag_DataInBUS\[7\],14.77µm
_00039_,14.76µm
_01313_,14.76µm
_03679_,14.76µm
_06227_,14.745µm
cnn_inst.comm_mem_u0.reg_img_u9.Register_Imag_DataInBUS\[3\],14.745µm
_05791_,14.73µm
_03894_,14.72µm
cnn_inst.comm_mem_u0.reg_img_u5.Register_Imag_DataInBUS\[21\],14.72µm
_01048_,14.71µm
_05103_,14.71µm
cnn_inst.proc_u0.cnn_ctrl_u0.cnn_inst.cnn_inst.state\[2\],14.71µm
_01377_,14.7µm
_03313_,14.7µm
_05687_,14.7µm
_04469_,14.68µm
_06040_,14.68µm
_01801_,14.675µm
_03981_,14.655µm
_01394_,14.65µm
_03280_,14.65µm
cnn_inst.comm_mem_u0.o_wgt_row04\[2\],14.65µm
_02274_,14.64µm
_03872_,14.64µm
_04008_,14.64µm
_05884_,14.64µm
_03195_,14.59µm
_03883_,14.58µm
_02463_,14.575µm
_05064_,14.575µm
_02330_,14.54µm
_04844_,14.54µm
_01889_,14.53µm
_02521_,14.53µm
cnn_inst.comm_mem_u0.reg_img_u9.Register_Imag_DataInBUS\[20\],14.53µm
_01949_,14.52µm
cnn_inst.comm_mem_u0.o_wgt_row04\[0\],14.52µm
cnn_inst.comm_mem_u0.reg_img_u6.Register_Imag_DataInBUS\[12\],14.49µm
_01798_,14.48µm
_00030_,14.47µm
_04223_,14.44µm
_04934_,14.43µm
_02853_,14.41µm
_03116_,14.41µm
_05125_,14.41µm
_02420_,14.4µm
_02887_,14.4µm
_03258_,14.4µm
cnn_inst.proc_u0.cnn_ctrl_u0.cnn_inst.cnn_inst.state\[3\],14.4µm
_03062_,14.385µm
_01038_,14.35µm
_04463_,14.35µm
_05936_,14.35µm
cnn_inst.proc_u0.cnn_ctrl_u0.cnn_inst.cnn_inst.kernel_flat\[48\],14.35µm
_00000_,14.34µm
_06140_,14.34µm
cnn_inst.comm_mem_u0.reg_img_u1.Register_Imag_DataInBUS\[10\],14.3µm
cnn_inst.comm_mem_u0.reg_img_u8.Register_Imag_DataInBUS\[19\],14.3µm
_02042_,14.29µm
_04580_,14.29µm
_04648_,14.29µm
_05412_,14.29µm
_05903_,14.29µm
cnn_inst.comm_mem_u0.reg_img_u6.Register_Imag_DataInBUS\[15\],14.29µm
cnn_inst.comm_mem_u0.reg_img_u6.Register_Imag_DataInBUS\[23\],14.29µm
cnn_inst.comm_mem_u0.reg_img_u9.Register_Imag_DataInBUS\[21\],14.29µm
cnn_inst.comm_mem_u0.reg_img_u9.Register_Imag_DataInBUS\[28\],14.29µm
_02969_,14.28µm
_03304_,14.28µm
_06719_,14.28µm
_03777_,14.275µm
_05440_,14.275µm
_05597_,14.265µm
cnn_inst.comm_mem_u0.o_img_row04\[29\],14.255µm
_03803_,14.24µm
_05890_,14.24µm
_02183_,14.235µm
_04606_,14.235µm
_01039_,14.23µm
_06781_,14.23µm
_03556_,14.205µm
_06693_,14.205µm
_03784_,14.19µm
_04729_,14.185µm
_00023_,14.18µm
_00332_,14.18µm
_00486_,14.18µm
_00713_,14.18µm
_02953_,14.18µm
_02390_,14.17µm
_05188_,14.17µm
_05369_,14.17µm
cnn_inst.comm_mem_u0.reg_img_u6.Register_Imag_DataInBUS\[22\],14.17µm
cnn_inst.comm_mem_u0.reg_img_u9.Register_Imag_DataInBUS\[29\],14.17µm
_04234_,14.16µm
_04642_,14.16µm
_05277_,14.16µm
net1666,14.16µm
cnn_inst.comm_mem_u0.reg_img_u6.Register_Imag_DataInBUS\[13\],14.155µm
_01980_,14.13µm
_05918_,14.13µm
_01777_,14.125µm
_03912_,14.125µm
_01089_,14.11µm
_02710_,14.1µm
_03005_,14.095µm
_05346_,14.09µm
_01368_,14.07µm
_05697_,14.07µm
_01452_,14.065µm
_02456_,14.065µm
cnn_inst.acc0\[4\],14.065µm
cnn_inst.comm_mem_u0.mr1_out\[13\],14.065µm
cnn_inst.comm_mem_u0.o_wgt_row00\[2\],14.065µm
cnn_inst.comm_mem_u0.o_wgt_row04\[3\],14.065µm
_01316_,14.06µm
_05267_,14.06µm
_05390_,14.05µm
_06651_,14.05µm
_04867_,14.045µm
_05270_,14.04µm
cnn_inst.comm_mem_u0.reg_img_u9.Register_Imag_DataInBUS\[25\],13.99µm
cnn_inst.comm_mem_u0.reg_wgt_u4.Register_Weight_DataInBUS\[0\],13.98µm
_02892_,13.945µm
_05666_,13.945µm
_04401_,13.94µm
_03455_,13.935µm
_05261_,13.935µm
_03141_,13.93µm
_04153_,13.93µm
cnn_inst.proc_u0.cnn_ctrl_u0.cnn_inst.frag_mux.frag_sel\[0\],13.93µm
_03249_,13.92µm
_00033_,13.87µm
_00833_,13.87µm
_02095_,13.87µm
_02532_,13.87µm
_05056_,13.87µm
_05626_,13.87µm
_05741_,13.87µm
cnn_inst.comm_mem_u0.o_wgt_row02\[14\],13.87µm
_02797_,13.86µm
_06152_,13.86µm
_06217_,13.86µm
_06033_,13.855µm
_01172_,13.83µm
_03349_,13.825µm
_06212_,13.82µm
cnn_inst.comm_mem_u0.spi_u0.loader_image_sm.STATE_Register,13.82µm
cnn_inst.comm_mem_u0.o_wgt_row04\[14\],13.815µm
_01556_,13.81µm
_04266_,13.81µm
_04285_,13.81µm
_04506_,13.81µm
_05243_,13.81µm
_05355_,13.81µm
_05404_,13.81µm
_05570_,13.81µm
_06051_,13.8µm
_06714_,13.8µm
_01816_,13.785µm
_03236_,13.78µm
_05834_,13.78µm
_05433_,13.77µm
cnn_inst.proc_u0.cnn_ctrl_u0.cnn_inst.state\[5\],13.765µm
_01939_,13.76µm
_04828_,13.76µm
_05843_,13.76µm
cnn_inst.comm_mem_u0.reg_img_u5.Register_Imag_DataInBUS\[14\],13.76µm
_00897_,13.75µm
_02015_,13.75µm
_04872_,13.75µm
_05411_,13.745µm
_02296_,13.74µm
_03366_,13.74µm
_05478_,13.74µm
cnn_inst.comm_mem_u0.reg_img_u2.Register_Imag_DataInBUS\[1\],13.74µm
cnn_inst.comm_mem_u0.reg_img_u0.Register_Imag_DataInBUS\[18\],13.71µm
_03343_,13.705µm
_01454_,13.7µm
_05707_,13.7µm
cnn_inst.comm_mem_u0.o_wgt_row04\[1\],13.7µm
cnn_inst.comm_mem_u0.reg_img_u2.Register_Imag_DataInBUS\[27\],13.7µm
cnn_inst.proc_u0.cnn_ctrl_u0.cnn_inst.cnn_inst.kernel_flat\[23\],13.7µm
_01543_,13.69µm
_01752_,13.69µm
_05123_,13.69µm
_05656_,13.69µm
_06524_,13.69µm
_06688_,13.69µm
_06690_,13.69µm
_05398_,13.68µm
_05928_,13.68µm
_01369_,13.675µm
_05602_,13.665µm
_04700_,13.65µm
cnn_inst.comm_mem_u0.reg_img_u1.Register_Imag_DataInBUS\[9\],13.65µm
cnn_inst.comm_mem_u0.reg_img_u8.Register_Imag_DataInBUS\[16\],13.65µm
_02047_,13.64µm
cnn_inst.comm_mem_u0.reg_img_u4.Register_Imag_DataInBUS\[3\],13.64µm
_03153_,13.63µm
_05318_,13.63µm
_05095_,13.625µm
cnn_inst.comm_mem_u0.reg_img_u8.Register_Imag_DataInBUS\[9\],13.625µm
_01487_,13.62µm
_02743_,13.62µm
_03115_,13.62µm
_05069_,13.62µm
_05983_,13.62µm
cnn_inst.proc_u0.cnn_ctrl_u0.state\[12\],13.62µm
cnn_inst.comm_mem_u0.o_wgt_row04\[4\],13.585µm
cnn_inst.comm_mem_u0.reg_img_u8.Register_Imag_DataInBUS\[0\],13.585µm
_03310_,13.58µm
_04539_,13.57µm
_05624_,13.57µm
cnn_inst.comm_mem_u0.o_img_row01\[1\],13.57µm
_02794_,13.56µm
_05118_,13.555µm
_03282_,13.535µm
_02424_,13.525µm
_01761_,13.51µm
_06746_,13.5µm
_02123_,13.475µm
cnn_inst.proc_u0.cnn_ctrl_u0.cnn_inst.cnn_inst.kernel_flat\[72\],13.47µm
_03402_,13.465µm
cnn_inst.comm_mem_u0.o_wgt_row04\[12\],13.45µm
cnn_inst.comm_mem_u0.reg_img_u5.Register_Imag_DataInBUS\[16\],13.45µm
_01981_,13.44µm
_03878_,13.44µm
_04522_,13.44µm
_04687_,13.44µm
net1520,13.44µm
cnn_inst.comm_mem_u0.reg_img_u8.Register_Imag_DataInBUS\[27\],13.42µm
_03668_,13.415µm
_06293_,13.4µm
_00996_,13.39µm
_01037_,13.39µm
_01622_,13.39µm
_02252_,13.38µm
_03385_,13.38µm
_03899_,13.38µm
_05900_,13.38µm
_05780_,13.375µm
_06190_,13.365µm
_06697_,13.365µm
cnn_inst.comm_mem_u0.spi_u0.bit_count\[4\],13.365µm
_05271_,13.345µm
_05360_,13.345µm
cnn_inst.comm_mem_u0.reg_img_u1.Register_Imag_DataInBUS\[12\],13.34µm
cnn_inst.comm_mem_u0.reg_img_u7.Register_Imag_DataInBUS\[19\],13.34µm
_05674_,13.33µm
_06575_,13.33µm
_06734_,13.33µm
cnn_inst.comm_mem_u0.reg_img_u4.Register_Imag_DataInBUS\[19\],13.33µm
_03253_,13.315µm
_03296_,13.315µm
_05265_,13.305µm
_05588_,13.3µm
_04584_,13.285µm
_03728_,13.28µm
cnn_inst.comm_mem_u0.reg_img_u7.Register_Imag_DataInBUS\[23\],13.28µm
cnn_inst.comm_mem_u0.reg_img_u9.Register_Imag_DataInBUS\[13\],13.28µm
_00935_,13.27µm
_01033_,13.27µm
_02021_,13.27µm
_04468_,13.27µm
cnn_inst.comm_mem_u0.spi_u0.miso_count\[4\],13.27µm
_05260_,13.26µm
_05049_,13.255µm
cnn_inst.comm_mem_u0.reg_img_u4.Register_Imag_DataInBUS\[10\],13.255µm
_04532_,13.23µm
_00544_,13.22µm
_01364_,13.22µm
_01383_,13.22µm
_02782_,13.22µm
_04982_,13.22µm
_05244_,13.22µm
_05320_,13.22µm
_04903_,13.21µm
_06644_,13.21µm
cnn_inst.proc_u0.cnn_ctrl_u0.cnn_inst.frag_mux.frag_sel\[3\],13.21µm
_02611_,13.2µm
_04675_,13.2µm
_06421_,13.2µm
net1585,13.2µm
_03651_,13.19µm
cnn_inst.comm_mem_u0.reg_img_u3.Register_Imag_DataInBUS\[16\],13.17µm
_03485_,13.16µm
_02127_,13.15µm
_06176_,13.145µm
_05029_,13.14µm
_05614_,13.14µm
_05296_,13.135µm
_05499_,13.135µm
_05282_,13.115µm
_06011_,13.115µm
_03365_,13.11µm
_06766_,13.105µm
cnn_inst.comm_mem_u0.mr1_out\[14\],13.105µm
_05160_,13.1µm
_06215_,13.1µm
_00830_,13.095µm
_03122_,13.09µm
_04528_,13.09µm
_04699_,13.09µm
_05566_,13.09µm
_05017_,13.08µm
_04065_,13.07µm
_03874_,13.05µm
cnn_inst.comm_mem_u0.reg_img_u0.Register_Imag_DataInBUS\[13\],13.05µm
_05681_,13.04µm
_05275_,13.03µm
_01599_,13.02µm
_02920_,13.01µm
_05811_,13.005µm
_03698_,12.995µm
_03305_,12.99µm
_05375_,12.99µm
_05914_,12.99µm
_06201_,12.985µm
_05460_,12.97µm
cnn_inst.comm_mem_u0.reg_img_u8.Register_Imag_DataInBUS\[12\],12.97µm
_02448_,12.96µm
_03529_,12.96µm
_04927_,12.96µm
_05303_,12.96µm
cnn_inst.comm_mem_u0.reg_img_u4.Register_Imag_DataInBUS\[22\],12.96µm
cnn_inst.comm_mem_u0.reg_img_u8.Register_Imag_DataInBUS\[7\],12.96µm
_00729_,12.91µm
_00831_,12.91µm
_01032_,12.91µm
_01059_,12.91µm
_03414_,12.91µm
_04279_,12.91µm
_05381_,12.91µm
_06046_,12.91µm
_06300_,12.91µm
_05016_,12.9µm
_05221_,12.895µm
cnn_inst.comm_mem_u0.reg_img_u3.Register_Imag_DataInBUS\[14\],12.86µm
cnn_inst.comm_mem_u0.reg_img_u3.Register_Imag_DataInBUS\[19\],12.86µm
cnn_inst.comm_mem_u0.reg_img_u4.Register_Imag_DataInBUS\[26\],12.86µm
cnn_inst.comm_mem_u0.reg_img_u5.Register_Imag_DataInBUS\[20\],12.86µm
cnn_inst.proc_u0.cnn_ctrl_u0.state\[5\],12.86µm
_00885_,12.85µm
_01054_,12.85µm
_04198_,12.85µm
_06457_,12.85µm
_04334_,12.84µm
_06334_,12.84µm
_06538_,12.84µm
cnn_inst.comm_mem_u0.reg_img_u8.Register_Imag_DataInBUS\[25\],12.84µm
cnn_inst.comm_mem_u0.reg_img_u8.Register_Imag_DataInBUS\[5\],12.84µm
_04211_,12.835µm
_02315_,12.83µm
cnn_inst.comm_mem_u0.o_wgt_row00\[1\],12.83µm
_02933_,12.825µm
_05877_,12.8µm
cnn_inst.comm_mem_u0.reg_img_u3.Register_Imag_DataInBUS\[11\],12.8µm
cnn_inst.comm_mem_u0.reg_img_u3.Register_Imag_DataInBUS\[4\],12.8µm
cnn_inst.comm_mem_u0.reg_img_u4.Register_Imag_DataInBUS\[15\],12.8µm
cnn_inst.comm_mem_u0.reg_img_u6.Register_Imag_DataInBUS\[1\],12.8µm
cnn_inst.comm_mem_u0.reg_img_u9.Register_Imag_DataInBUS\[6\],12.8µm
_00825_,12.79µm
_01046_,12.79µm
_01149_,12.79µm
_01295_,12.79µm
_02067_,12.79µm
_05752_,12.79µm
_04739_,12.785µm
_05096_,12.785µm
_02236_,12.78µm
_05278_,12.78µm
_05322_,12.78µm
_05974_,12.775µm
_06458_,12.765µm
cnn_inst.comm_mem_u0.reg_wgt_u4.Register_Weight_DataInBUS\[12\],12.745µm
_01447_,12.74µm
_02152_,12.74µm
_03172_,12.74µm
_00787_,12.73µm
_02111_,12.73µm
_02518_,12.73µm
_02546_,12.73µm
_03553_,12.73µm
_03861_,12.73µm
_05788_,12.73µm
_05945_,12.73µm
_06433_,12.73µm
_06476_,12.73µm
_06505_,12.73µm
_06599_,12.73µm
_06634_,12.73µm
cnn_inst.comm_mem_u0.o_img_row08\[6\],12.73µm
_02345_,12.72µm
_04554_,12.72µm
_05711_,12.72µm
_05713_,12.72µm
_06043_,12.72µm
net1862,12.72µm
_02156_,12.715µm
_02756_,12.715µm
_03270_,12.715µm
_03804_,12.715µm
_05744_,12.715µm
_05972_,12.68µm
_06564_,12.68µm
_04171_,12.675µm
_00343_,12.67µm
_02359_,12.67µm
_03444_,12.67µm
_04814_,12.67µm
_05402_,12.67µm
_01563_,12.66µm
_04916_,12.66µm
_05256_,12.66µm
_05822_,12.66µm
_05933_,12.66µm
cnn_inst.comm_mem_u0.reg_img_u8.Register_Imag_DataInBUS\[13\],12.65µm
_04732_,12.63µm
_05950_,12.63µm
_05527_,12.625µm
_05888_,12.625µm
_05386_,12.62µm
_05563_,12.62µm
_05964_,12.62µm
_02187_,12.615µm
_04604_,12.615µm
_04670_,12.61µm
_04768_,12.61µm
_04919_,12.61µm
_06348_,12.61µm
net1768,12.61µm
_03723_,12.585µm
_03441_,12.57µm
cnn_inst.comm_mem_u0.reg_img_u2.Register_Imag_DataInBUS\[26\],12.57µm
_05734_,12.56µm
_00730_,12.55µm
cnn_inst.comm_mem_u0.reg_img_u6.Register_Imag_DataInBUS\[26\],12.55µm
_06121_,12.54µm
_01987_,12.525µm
_06490_,12.525µm
_05916_,12.515µm
_05388_,12.49µm
_06727_,12.49µm
cnn_inst.acc0\[14\],12.49µm
_02723_,12.48µm
_05290_,12.48µm
_06730_,12.48µm
cnn_inst.comm_mem_u0.o_wgt_row04\[5\],12.48µm
_01024_,12.465µm
_03458_,12.465µm
_01835_,12.46µm
_01442_,12.445µm
_02724_,12.445µm
_00619_,12.44µm
_00967_,12.43µm
_01077_,12.43µm
_01842_,12.43µm
_02139_,12.43µm
cnn_inst.CNNver2_MR2_Load,12.43µm
cnn_inst.comm_mem_u0.o_wgt_row04\[8\],12.43µm
_00234_,12.42µm
_01519_,12.42µm
_01728_,12.42µm
_02872_,12.42µm
_05380_,12.42µm
_01392_,12.405µm
_05151_,12.405µm
cnn_inst.acc1\[7\],12.405µm
_04625_,12.385µm
cnn_inst.comm_mem_u0.reg_img_u3.Register_Imag_DataInBUS\[18\],12.38µm
cnn_inst.comm_mem_u0.reg_img_u3.Register_Imag_DataInBUS\[21\],12.38µm
cnn_inst.comm_mem_u0.reg_img_u3.Register_Imag_DataInBUS\[28\],12.38µm
cnn_inst.comm_mem_u0.reg_img_u5.Register_Imag_DataInBUS\[8\],12.38µm
cnn_inst.comm_mem_u0.reg_img_u7.Register_Imag_DataInBUS\[14\],12.38µm
_02986_,12.37µm
_03101_,12.37µm
_03496_,12.37µm
_04649_,12.37µm
_05660_,12.37µm
cnn_inst.comm_mem_u0.reg_wgt_u2.Register_Weight_DataInBUS\[4\],12.37µm
_06013_,12.36µm
_06332_,12.36µm
_06582_,12.36µm
_06736_,12.36µm
_04423_,12.355µm
cnn_inst.acc1\[9\],12.325µm
_03541_,12.32µm
_03839_,12.32µm
cnn_inst.comm_mem_u0.o_wgt_row00\[11\],12.32µm
cnn_inst.comm_mem_u0.reg_img_u2.Register_Imag_DataInBUS\[29\],12.32µm
cnn_inst.comm_mem_u0.reg_img_u6.Register_Imag_DataInBUS\[4\],12.32µm
cnn_inst.comm_mem_u0.reg_img_u7.Register_Imag_DataInBUS\[12\],12.32µm
cnn_inst.comm_mem_u0.reg_img_u8.Register_Imag_DataInBUS\[21\],12.32µm
cnn_inst.comm_mem_u0.reg_img_u9.Register_Imag_DataInBUS\[10\],12.32µm
cnn_inst.proc_u0.cnn_ctrl_u0.cnn_inst.start,12.32µm
_00871_,12.31µm
_00884_,12.31µm
_00962_,12.31µm
_04678_,12.31µm
_04748_,12.31µm
cnn_inst.comm_mem_u0.reg_img_u1.Register_Imag_DataInBUS\[27\],12.31µm
_03917_,12.3µm
_04599_,12.3µm
_05482_,12.3µm
_05543_,12.285µm
_02864_,12.27µm
_03112_,12.27µm
cnn_inst.comm_mem_u0.o_wgt_row01\[4\],12.27µm
_02629_,12.265µm
_00335_,12.26µm
_01071_,12.25µm
_03260_,12.25µm
_04379_,12.25µm
_04752_,12.25µm
_04875_,12.25µm
_05622_,12.25µm
_06002_,12.25µm
_06359_,12.25µm
_06461_,12.25µm
_06558_,12.25µm
_06563_,12.25µm
_06711_,12.25µm
_00906_,12.24µm
_00966_,12.24µm
_01708_,12.24µm
_02570_,12.24µm
net1360,12.24µm
_04197_,12.215µm
cnn_inst.comm_mem_u0.mr2_out\[6\],12.215µm
_05236_,12.21µm
_05629_,12.21µm
_04808_,12.2µm
_06632_,12.195µm
_01084_,12.19µm
_02379_,12.19µm
_03147_,12.19µm
_05426_,12.19µm
_04136_,12.175µm
_05938_,12.175µm
_00997_,12.165µm
_02096_,12.165µm
_05731_,12.15µm
_02140_,12.14µm
_03091_,12.14µm
_03754_,12.14µm
_04925_,12.14µm
_03865_,12.13µm
_05153_,12.13µm
_05661_,12.13µm
net1514,12.13µm
cnn_inst.comm_mem_u0.o_wgt_row01\[12\],12.13µm
_05625_,12.12µm
_05798_,12.12µm
_06720_,12.12µm
_05474_,12.115µm
_05216_,12.095µm
_00032_,12.07µm
_01908_,12.07µm
_05484_,12.07µm
_05779_,12.07µm
_06010_,12.07µm
_05912_,12.065µm
_05881_,12.06µm
_06298_,12.06µm
_05911_,12.055µm
_05185_,12.035µm
_05331_,12.03µm
_03344_,12.025µm
_04718_,12.025µm
_05099_,12.025µm
_02754_,12.02µm
_00346_,12.01µm
_01642_,12.01µm
_02207_,12.01µm
_06315_,12.01µm
_02835_,12µm
_03465_,12µm
_03796_,12µm
_05736_,12µm
cnn_inst.comm_mem_u0.o_wgt_row03\[1\],12µm
_04930_,11.995µm
_05207_,11.985µm
_03608_,11.98µm
cnn_inst.comm_mem_u0.reg_img_u5.Register_Imag_DataInBUS\[1\],11.96µm
_01061_,11.95µm
_01150_,11.95µm
_02806_,11.95µm
_02869_,11.95µm
_06153_,11.95µm
cnn_inst.comm_mem_u0.reg_wgt_u0.Register_Weight_DataInBUS\[8\],11.95µm
_01729_,11.94µm
_02847_,11.94µm
_06136_,11.94µm
_06146_,11.94µm
_02601_,11.935µm
_02599_,11.91µm
_04143_,11.9µm
_00014_,11.89µm
_01905_,11.89µm
_05415_,11.89µm
_05568_,11.89µm
net1710,11.89µm
cnn_inst.comm_mem_u0.reg_img_u1.Register_Imag_DataInBUS\[26\],11.89µm
cnn_inst.comm_mem_u0.o_img_row02\[11\],11.885µm
_01932_,11.88µm
_04056_,11.88µm
_06049_,11.88µm
_06350_,11.88µm
_06380_,11.88µm
_06553_,11.88µm
_03468_,11.86µm
_03825_,11.86µm
_04996_,11.86µm
_02922_,11.845µm
_01437_,11.84µm
_02038_,11.84µm
_05772_,11.84µm
cnn_inst.comm_mem_u0.reg_img_u3.Register_Imag_DataInBUS\[29\],11.84µm
cnn_inst.comm_mem_u0.reg_img_u6.Register_Imag_DataInBUS\[11\],11.84µm
cnn_inst.comm_mem_u0.reg_img_u8.Register_Imag_DataInBUS\[18\],11.84µm
_00850_,11.83µm
_01653_,11.83µm
_01685_,11.83µm
_05288_,11.83µm
cnn_inst.comm_mem_u0.o_wgt_row02\[12\],11.825µm
cnn_inst.comm_mem_u0.reg_wgt_u4.Register_Weight_DataInBUS\[1\],11.825µm
_02846_,11.82µm
_03002_,11.815µm
_03111_,11.815µm
cnn_inst.comm_mem_u0.o_wgt_row01\[5\],11.79µm
cnn_inst.comm_mem_u0.reg_img_u4.Register_Imag_DataInBUS\[18\],11.79µm
cnn_inst.comm_mem_u0.reg_img_u5.Register_Imag_DataInBUS\[22\],11.79µm
_04719_,11.785µm
_02467_,11.78µm
_01088_,11.77µm
_01684_,11.77µm
_02250_,11.77µm
_03860_,11.77µm
_05043_,11.77µm
_05797_,11.77µm
_06376_,11.77µm
_06391_,11.77µm
_06448_,11.77µm
_06499_,11.77µm
_06589_,11.77µm
_06623_,11.77µm
_06642_,11.77µm
_06648_,11.77µm
_06712_,11.77µm
_06715_,11.77µm
net1676,11.77µm
_01712_,11.76µm
_01919_,11.76µm
_02057_,11.76µm
_03364_,11.76µm
_03867_,11.76µm
_05179_,11.76µm
_05269_,11.76µm
_05982_,11.76µm
_06636_,11.76µm
net1829,11.76µm
net1103,11.76µm
_01975_,11.755µm
_02020_,11.725µm
_03697_,11.72µm
_06192_,11.72µm
_06655_,11.715µm
_00342_,11.71µm
_01087_,11.71µm
_05262_,11.71µm
_05720_,11.71µm
_02818_,11.675µm
_02709_,11.665µm
_05452_,11.665µm
cnn_inst.acc1\[11\],11.665µm
_01421_,11.66µm
_02618_,11.66µm
_03384_,11.66µm
_05688_,11.66µm
_04720_,11.655µm
_05509_,11.655µm
_03594_,11.65µm
_03798_,11.65µm
_05276_,11.65µm
_05696_,11.65µm
_05865_,11.65µm
_05952_,11.65µm
_02919_,11.63µm
_03453_,11.61µm
_03473_,11.6µm
_05041_,11.6µm
_00333_,11.59µm
_00658_,11.59µm
cnn_inst.comm_mem_u0.reg_img_u1.Register_Imag_DataInBUS\[0\],11.59µm
_06291_,11.565µm
_04614_,11.56µm
_04167_,11.545µm
_05645_,11.545µm
_03151_,11.53µm
_03873_,11.53µm
_05317_,11.53µm
_05506_,11.53µm
_01516_,11.52µm
_02444_,11.52µm
_04596_,11.52µm
_04673_,11.52µm
_05198_,11.52µm
net1815,11.52µm
cnn_inst.comm_mem_u0.mr2_out\[3\],11.515µm
_05115_,11.49µm
_00814_,11.47µm
_00881_,11.47µm
_00891_,11.47µm
_01846_,11.47µm
_02108_,11.47µm
_04618_,11.47µm
_05088_,11.47µm
_00040_,11.46µm
_01723_,11.46µm
_01901_,11.46µm
_02727_,11.46µm
_03483_,11.46µm
_03507_,11.46µm
cnn_inst.comm_mem_u0.reg_wgt_u3.Register_Weight_DataInBUS\[5\],11.44µm
cnn_inst.comm_mem_u0.reg_img_u5.Register_Imag_DataInBUS\[18\],11.425µm
_04958_,11.42µm
_05213_,11.42µm
_05695_,11.42µm
cnn_inst.comm_mem_u0.reg_img_u6.Register_Imag_DataInBUS\[0\],11.42µm
cnn_inst.comm_mem_u0.reg_wgt_u4.Register_Weight_DataInBUS\[9\],11.42µm
cnn_inst.comm_mem_u0.o_wgt_row00\[5\],11.415µm
_01552_,11.41µm
_03316_,11.41µm
_04206_,11.41µm
_04332_,11.41µm
_05040_,11.41µm
_05329_,11.41µm
_05783_,11.41µm
_06515_,11.41µm
_06672_,11.41µm
net1875,11.41µm
_03903_,11.405µm
_02159_,11.4µm
_03498_,11.4µm
_03838_,11.4µm
_02627_,11.395µm
_06797_,11.395µm
_05281_,11.37µm
_03266_,11.36µm
_03272_,11.36µm
_03864_,11.36µm
_03893_,11.36µm
_04846_,11.36µm
cnn_inst.comm_mem_u0.o_wgt_row03\[7\],11.36µm
cnn_inst.comm_mem_u0.reg_img_u9.Register_Imag_DataInBUS\[1\],11.36µm
_00952_,11.35µm
_01027_,11.35µm
_05012_,11.35µm
_02548_,11.34µm
_02763_,11.34µm
_03577_,11.34µm
_03638_,11.34µm
_03733_,11.34µm
_04861_,11.34µm
_01435_,11.335µm
_01453_,11.335µm
cnn_inst.comm_mem_u0.reg_img_u2.Register_Imag_DataInBUS\[22\],11.31µm
_06148_,11.305µm
_02150_,11.3µm
_04999_,11.3µm
_03013_,11.295µm
_01297_,11.29µm
_02333_,11.29µm
_02475_,11.29µm
_02544_,11.29µm
_02628_,11.29µm
_03303_,11.29µm
_05670_,11.29µm
_06157_,11.29µm
_06294_,11.29µm
_06312_,11.29µm
_06396_,11.29µm
_06460_,11.29µm
_06552_,11.29µm
_06647_,11.29µm
_06716_,11.29µm
_06733_,11.29µm
net1521,11.29µm
net1804,11.29µm
cnn_inst.comm_mem_u0.reg_img_u3.Register_Imag_DataInBUS\[17\],11.29µm
_02193_,11.28µm
_02925_,11.28µm
_03332_,11.28µm
_06446_,11.28µm
net1569,11.28µm
net1890,11.28µm
_05497_,11.25µm
_05786_,11.24µm
_00651_,11.23µm
_02937_,11.23µm
_03823_,11.22µm
_06794_,11.22µm
_06323_,11.205µm
_04510_,11.19µm
_04583_,11.19µm
_03927_,11.18µm
_05239_,11.18µm
_02356_,11.17µm
_05311_,11.17µm
_05701_,11.17µm
_06059_,11.17µm
net1170,11.17µm
net1631,11.17µm
_01409_,11.16µm
_03789_,11.16µm
_04531_,11.16µm
_05291_,11.145µm
_01413_,11.13µm
_05310_,11.13µm
_05823_,11.12µm
_05854_,11.115µm
_00349_,11.11µm
_01221_,11.1µm
_02024_,11.1µm
_06235_,11.1µm
_03140_,11.09µm
net1151,11.085µm
_05062_,11.06µm
_02171_,11.055µm
_03255_,11.05µm
_04915_,11.05µm
_05609_,11.05µm
_06434_,11.05µm
_06596_,11.05µm
_00314_,11.04µm
_00321_,11.04µm
_01561_,11.04µm
_01750_,11.04µm
_01769_,11.04µm
_01780_,11.04µm
_01974_,11.04µm
_02146_,11.04µm
_04444_,11.04µm
_05994_,11.04µm
_06244_,11.04µm
_06255_,11.04µm
_06771_,11.04µm
_02370_,11.03µm
cnn_inst.proc_u0.cnn_ctrl_u0.state\[2\],11.015µm
_01966_,11.01µm
_00838_,10.99µm
_00993_,10.99µm
_01035_,10.99µm
_01724_,10.99µm
_01982_,10.99µm
_02924_,10.99µm
_03377_,10.99µm
_04190_,10.99µm
_04508_,10.99µm
_05274_,10.99µm
_05935_,10.99µm
_01582_,10.98µm
_01662_,10.98µm
cnn_inst.comm_mem_u0.mr2_out\[5\],10.98µm
_01451_,10.975µm
_03896_,10.975µm
_01339_,10.97µm
_05926_,10.965µm
_03795_,10.94µm
_04651_,10.94µm
cnn_inst.comm_mem_u0.reg_img_u7.Register_Imag_DataInBUS\[4\],10.94µm
_00348_,10.93µm
_02377_,10.93µm
_02825_,10.93µm
_02940_,10.93µm
_03362_,10.93µm
_04520_,10.93µm
_05564_,10.93µm
_05607_,10.93µm
_06445_,10.93µm
_06498_,10.93µm
net1780,10.93µm
net1834,10.93µm
_00781_,10.925µm
_02493_,10.92µm
_02796_,10.92µm
_03322_,10.92µm
_06670_,10.92µm
_06707_,10.92µm
_02929_,10.9µm
_03233_,10.9µm
_05806_,10.9µm
_05417_,10.88µm
_05910_,10.88µm
cnn_inst.comm_mem_u0.o_wgt_row02\[13\],10.88µm
cnn_inst.comm_mem_u0.o_wgt_row03\[2\],10.88µm
cnn_inst.comm_mem_u0.reg_img_u0.Register_Imag_DataInBUS\[22\],10.88µm
_03267_,10.875µm
_00836_,10.87µm
_00837_,10.87µm
_00839_,10.87µm
_00840_,10.87µm
_00841_,10.87µm
_00872_,10.87µm
_00896_,10.87µm
_00932_,10.87µm
_00984_,10.87µm
_01028_,10.87µm
_01152_,10.87µm
_02608_,10.87µm
cnn_inst.comm_mem_u0.o_wgt_row02\[8\],10.87µm
_01184_,10.86µm
_01859_,10.86µm
_03429_,10.86µm
_05208_,10.855µm
_04533_,10.825µm
_03347_,10.82µm
_03821_,10.82µm
_05373_,10.815µm
_01797_,10.81µm
_03004_,10.81µm
_03274_,10.81µm
_03479_,10.81µm
_03847_,10.81µm
_04920_,10.81µm
_05387_,10.81µm
_05739_,10.81µm
_06000_,10.81µm
_06337_,10.81µm
_06453_,10.81µm
_06522_,10.81µm
_06547_,10.81µm
_06550_,10.81µm
net1155,10.81µm
net1858,10.81µm
cnn_inst.comm_mem_u0.reg_img_u9.Register_Imag_DataInBUS\[5\],10.81µm
_02281_,10.8µm
_04250_,10.8µm
_04972_,10.8µm
_06735_,10.8µm
net1659,10.8µm
_02798_,10.795µm
_01050_,10.78µm
_03797_,10.77µm
_05742_,10.77µm
_04576_,10.76µm
_00028_,10.75µm
_03057_,10.75µm
_04632_,10.75µm
_04535_,10.74µm
_06048_,10.74µm
_04693_,10.725µm
_01456_,10.7µm
_02916_,10.7µm
_03035_,10.69µm
_03185_,10.69µm
_04707_,10.69µm
_05230_,10.69µm
_05427_,10.69µm
_05653_,10.69µm
_05746_,10.69µm
_05817_,10.69µm
_06188_,10.69µm
net1112,10.69µm
net1614,10.69µm
cnn_inst.comm_mem_u0.reg_img_u1.Register_Imag_DataInBUS\[11\],10.69µm
cnn_inst.comm_mem_u0.reg_wgt_u4.Register_Weight_DataInBUS\[5\],10.69µm
_03467_,10.68µm
net1109,10.68µm
_03816_,10.675µm
_03326_,10.665µm
_05827_,10.665µm
_03557_,10.65µm
_04612_,10.645µm
_01412_,10.63µm
_05575_,10.63µm
cnn_inst.acc1\[4\],10.63µm
cnn_inst.comm_mem_u0.reg_img_u1.Register_Imag_DataInBUS\[17\],10.63µm
_02560_,10.625µm
_00294_,10.62µm
_00361_,10.62µm
_01335_,10.62µm
_01597_,10.62µm
_02391_,10.62µm
_03159_,10.62µm
_06069_,10.62µm
cnn_inst.comm_mem_u0.reg_img_u8.Register_Imag_DataInBUS\[8\],10.615µm
_02791_,10.605µm
_06657_,10.6µm
cnn_inst.comm_mem_u0.reg_img_u9.Register_Imag_DataInBUS\[7\],10.6µm
_01964_,10.595µm
_02600_,10.595µm
_02549_,10.58µm
_04731_,10.58µm
_05238_,10.58µm
_00279_,10.57µm
_02069_,10.57µm
_03635_,10.57µm
_06238_,10.57µm
_06387_,10.57µm
_06424_,10.57µm
_06611_,10.57µm
_06630_,10.57µm
_06631_,10.57µm
_01536_,10.56µm
_02301_,10.56µm
_03034_,10.56µm
_03499_,10.56µm
_04313_,10.56µm
_04714_,10.56µm
_05372_,10.56µm
_06306_,10.56µm
_06311_,10.56µm
_06661_,10.56µm
_03939_,10.545µm
_03629_,10.525µm
_05643_,10.52µm
_00877_,10.51µm
_00990_,10.51µm
_01010_,10.51µm
_01404_,10.51µm
_02170_,10.51µm
_04519_,10.51µm
cnn_inst.comm_mem_u0.reg_wgt_u4.Register_Weight_DataInBUS\[14\],10.51µm
net8,10.51µm
_02216_,10.5µm
_04146_,10.5µm
_04627_,10.5µm
_03370_,10.495µm
cnn_inst.comm_mem_u0.reg_img_u6.Register_Imag_DataInBUS\[2\],10.495µm
_06068_,10.485µm
cnn_inst.comm_mem_u0.o_wgt_row02\[5\],10.46µm
cnn_inst.comm_mem_u0.reg_img_u1.Register_Imag_DataInBUS\[22\],10.46µm
cnn_inst.comm_mem_u0.reg_img_u2.Register_Imag_DataInBUS\[28\],10.46µm
cnn_inst.comm_mem_u0.reg_img_u8.Register_Imag_DataInBUS\[4\],10.46µm
ui_PAD2CORE[0],10.46µm
_01520_,10.45µm
_01768_,10.45µm
_02277_,10.45µm
_04176_,10.45µm
_04889_,10.45µm
_05227_,10.45µm
_05240_,10.45µm
_05603_,10.45µm
_06058_,10.45µm
_06381_,10.45µm
_06523_,10.45µm
_01917_,10.44µm
_06338_,10.44µm
_06484_,10.44µm
_06695_,10.44µm
net1143,10.44µm
net1252,10.44µm
_01373_,10.42µm
_06017_,10.41µm
_05946_,10.405µm
_01065_,10.4µm
_03869_,10.4µm
_05691_,10.4µm
cnn_inst.comm_mem_u0.o_wgt_row00\[10\],10.4µm
cnn_inst.comm_mem_u0.o_wgt_row02\[2\],10.4µm
cnn_inst.comm_mem_u0.o_wgt_row02\[4\],10.4µm
cnn_inst.comm_mem_u0.reg_img_u7.Register_Imag_DataInBUS\[5\],10.4µm
cnn_inst.comm_mem_u0.reg_img_u8.Register_Imag_DataInBUS\[29\],10.4µm
_00804_,10.39µm
_00866_,10.39µm
_00876_,10.39µm
_00998_,10.39µm
_01047_,10.39µm
_01532_,10.39µm
_03009_,10.39µm
_04391_,10.39µm
_06004_,10.385µm
_01249_,10.38µm
_02166_,10.38µm
_03947_,10.38µm
cnn_inst.comm_mem_u0.reg_wgt_u2.Register_Weight_DataInBUS\[0\],10.38µm
_03967_,10.375µm
_03309_,10.355µm
cnn_inst.comm_mem_u0.mr2_out\[4\],10.35µm
cnn_inst.comm_mem_u0.mr2_out\[11\],10.345µm
_05034_,10.34µm
_00012_,10.33µm
_00964_,10.33µm
_02119_,10.33µm
_04621_,10.33µm
_05010_,10.33µm
_05699_,10.33µm
_06314_,10.33µm
_06435_,10.33µm
_06519_,10.33µm
_06646_,10.33µm
cnn_inst.comm_mem_u0.reg_wgt_u4.Register_Weight_DataInBUS\[4\],10.33µm
_00958_,10.32µm
_01695_,10.32µm
_03484_,10.32µm
_04310_,10.32µm
_04571_,10.32µm
net1223,10.32µm
net1508,10.32µm
_03759_,10.315µm
_02612_,10.305µm
_05473_,10.305µm
_00999_,10.3µm
_01899_,10.295µm
cnn_inst.comm_mem_u0.o_wgt_row02\[1\],10.29µm
_01624_,10.285µm
cnn_inst.comm_mem_u0.o_wgt_row00\[8\],10.28µm
_01760_,10.27µm
_02426_,10.27µm
_03730_,10.27µm
_03755_,10.27µm
_05792_,10.27µm
_05676_,10.26µm
_04922_,10.255µm
_05287_,10.255µm
_04502_,10.245µm
_02543_,10.24µm
_04602_,10.225µm
_01538_,10.22µm
_02602_,10.22µm
_04654_,10.22µm
_05284_,10.22µm
_05867_,10.22µm
_03150_,10.21µm
_04530_,10.21µm
_04637_,10.21µm
_04932_,10.21µm
net1507,10.21µm
net1832,10.21µm
_00821_,10.2µm
_05466_,10.2µm
_05573_,10.2µm
_06654_,10.2µm
_01290_,10.185µm
_04671_,10.16µm
_05051_,10.16µm
net1110,10.16µm
_00331_,10.15µm
_00347_,10.15µm
_01236_,10.15µm
_03256_,10.15µm
_03916_,10.15µm
_03938_,10.15µm
_02500_,10.14µm
_03508_,10.14µm
_04243_,10.14µm
_04936_,10.14µm
_05876_,10.14µm
_06012_,10.14µm
_06078_,10.14µm
_06128_,10.14µm
cnn_inst.comm_mem_u0.mr2_out\[0\],10.13µm
_01492_,10.125µm
_04208_,10.125µm
_01461_,10.115µm
_03464_,10.09µm
_04089_,10.09µm
_04563_,10.09µm
_05259_,10.09µm
_06360_,10.09µm
_06441_,10.09µm
_06447_,10.09µm
_06620_,10.09µm
cnn_inst.comm_mem_u0.mr2_out\[13\],10.09µm
_01399_,10.08µm
_01570_,10.08µm
_01623_,10.08µm
_01655_,10.08µm
_01778_,10.08µm
_01970_,10.08µm
_03696_,10.08µm
_04797_,10.08µm
_05718_,10.08µm
_06344_,10.08µm
_06456_,10.08µm
_06689_,10.08µm
_06780_,10.08µm
_04913_,10.06µm
_00670_,10.03µm
_00806_,10.03µm
_00829_,10.03µm
_00901_,10.03µm
_00903_,10.03µm
_01055_,10.03µm
_01144_,10.03µm
_02630_,10.03µm
_03043_,10.03µm
_03177_,10.03µm
_03617_,10.03µm
_04830_,10.03µm
_04847_,10.03µm
_04857_,10.03µm
_05003_,10.03µm
_05201_,10.03µm
_05302_,10.03µm
_05345_,10.03µm
_05579_,10.03µm
cnn_inst.acc0\[13\],10.03µm
cnn_inst.comm_mem_u0.mr1_out\[3\],10.03µm
_01079_,10.02µm
_04367_,10.02µm
_04733_,10.02µm
_04937_,10.02µm
_03225_,10.015µm
_05396_,10.015µm
_06653_,10.005µm
_05737_,9.99µm
_03877_,9.98µm
_04638_,9.98µm
_01110_,9.97µm
_02659_,9.97µm
_02718_,9.97µm
_02936_,9.97µm
_03306_,9.97µm
_03672_,9.97µm
_04346_,9.97µm
_04959_,9.97µm
_06170_,9.97µm
_06666_,9.97µm
_06680_,9.97µm
_06728_,9.97µm
_06740_,9.97µm
cnn_inst.comm_mem_u0.o_wgt_row00\[0\],9.97µm
_02392_,9.96µm
_03802_,9.96µm
_05976_,9.96µm
_06412_,9.96µm
_06717_,9.96µm
_02541_,9.955µm
_04763_,9.955µm
_05869_,9.955µm
_05393_,9.94µm
_04835_,9.93µm
_00037_,9.92µm
_03131_,9.92µm
_03396_,9.92µm
_03462_,9.92µm
cnn_inst.comm_mem_u0.mr1_out\[5\],9.92µm
cnn_inst.comm_mem_u0.o_wgt_row00\[4\],9.92µm
cnn_inst.comm_mem_u0.o_wgt_row01\[14\],9.92µm
cnn_inst.comm_mem_u0.o_wgt_row03\[5\],9.92µm
cnn_inst.comm_mem_u0.reg_img_u1.Register_Imag_DataInBUS\[24\],9.92µm
cnn_inst.comm_mem_u0.reg_img_u2.Register_Imag_DataInBUS\[6\],9.92µm
cnn_inst.comm_mem_u0.reg_img_u9.Register_Imag_DataInBUS\[23\],9.92µm
net1099,9.92µm
_00899_,9.91µm
_00922_,9.91µm
_00956_,9.91µm
_01078_,9.91µm
_02077_,9.91µm
_03189_,9.91µm
_04110_,9.91µm
_06443_,9.91µm
cnn_inst.comm_mem_u0.o_wgt_row04\[6\],9.91µm
_01666_,9.9µm
_03494_,9.9µm
_03963_,9.9µm
_05755_,9.875µm
_05470_,9.86µm
_01621_,9.85µm
_02073_,9.85µm
_02480_,9.85µm
_03660_,9.85µm
_04174_,9.85µm
_04840_,9.85µm
_05314_,9.85µm
_05399_,9.85µm
_05464_,9.85µm
_05677_,9.85µm
_06405_,9.85µm
_06480_,9.85µm
net1677,9.85µm
net1771,9.85µm
_03579_,9.845µm
_01306_,9.84µm
_02185_,9.84µm
_02354_,9.84µm
_02787_,9.84µm
_03388_,9.84µm
_03770_,9.84µm
_05708_,9.84µm
_05954_,9.84µm
net1140,9.84µm
net1214,9.84µm
net1244,9.84µm
net1289,9.84µm
net1455,9.84µm
net1623,9.84µm
net1797,9.84µm
net1821,9.84µm
net1847,9.84µm
net1865,9.84µm
cnn_inst.comm_mem_u0.mr2_out\[9\],9.84µm
_04132_,9.835µm
_05813_,9.82µm
_05071_,9.81µm
_05292_,9.81µm
_00646_,9.79µm
_00870_,9.79µm
_04292_,9.79µm
_04751_,9.79µm
_03149_,9.78µm
_04392_,9.78µm
_06147_,9.78µm
_05186_,9.775µm
_05608_,9.765µm
_03288_,9.75µm
_05006_,9.75µm
cnn_inst.comm_mem_u0.o_wgt_row03\[9\],9.75µm
_02651_,9.74µm
_04362_,9.74µm
_04579_,9.74µm
_05522_,9.74µm
_05765_,9.735µm
_02895_,9.73µm
_05130_,9.73µm
_00970_,9.72µm
_01062_,9.72µm
_01080_,9.72µm
_04374_,9.72µm
_05199_,9.72µm
_06479_,9.72µm
_06610_,9.72µm
_02385_,9.715µm
_02162_,9.705µm
_03182_,9.69µm
_05218_,9.69µm
_05000_,9.68µm
_00022_,9.67µm
_00665_,9.67µm
_00722_,9.67µm
cnn_inst.comm_mem_u0.mr2_out\[15\],9.67µm
cnn_inst.comm_mem_u0.reg_img_u8.Register_Imag_DataInBUS\[24\],9.67µm
_01882_,9.66µm
_05235_,9.66µm
_05584_,9.66µm
_05644_,9.66µm
_02490_,9.65µm
_01858_,9.645µm
_04430_,9.645µm
_04568_,9.625µm
_02275_,9.61µm
_02516_,9.61µm
_04112_,9.61µm
_04372_,9.61µm
_05714_,9.61µm
_05934_,9.61µm
_06543_,9.61µm
_06628_,9.61µm
cnn_inst.comm_mem_u0.spi_u0.data_count\[5\],9.61µm
_00412_,9.6µm
_01676_,9.6µm
_04273_,9.6µm
_04286_,9.6µm
_05771_,9.6µm
_05819_,9.6µm
_05930_,9.6µm
_06417_,9.6µm
net1327,9.6µm
net1379,9.6µm
net1644,9.6µm
net1705,9.6µm
_05325_,9.575µm
_03961_,9.565µm
_00008_,9.55µm
_00811_,9.55µm
_00894_,9.55µm
_00911_,9.55µm
_00968_,9.55µm
_01145_,9.55µm
_01204_,9.55µm
_01910_,9.55µm
_01920_,9.55µm
_02084_,9.55µm
_02673_,9.55µm
_03828_,9.55µm
_04460_,9.55µm
_04822_,9.55µm
_04979_,9.55µm
_05082_,9.55µm
_05313_,9.55µm
_05767_,9.55µm
_05995_,9.55µm
_06199_,9.55µm
_06258_,9.55µm
_06403_,9.55µm
cnn_inst.comm_mem_u0.reg_wgt_u1.Register_Weight_DataInBUS\[5\],9.55µm
_06022_,9.545µm
_01153_,9.54µm
_04417_,9.54µm
_05655_,9.54µm
_06045_,9.54µm
_01959_,9.535µm
_02759_,9.535µm
_05365_,9.53µm
_05763_,9.525µm
_05516_,9.5µm
_06014_,9.5µm
_00136_,9.49µm
_01730_,9.49µm
_02398_,9.49µm
_03637_,9.49µm
_05114_,9.49µm
_05536_,9.49µm
_05901_,9.49µm
_06641_,9.49µm
net1190,9.49µm
net1256,9.49µm
net1283,9.49µm
_03482_,9.485µm
_06737_,9.485µm
_02617_,9.48µm
_03234_,9.48µm
_04260_,9.48µm
_05078_,9.48µm
_05172_,9.48µm
_05374_,9.48µm
_05468_,9.48µm
_06578_,9.48µm
_06671_,9.48µm
_06698_,9.48µm
_06703_,9.48µm
_06721_,9.48µm
_06723_,9.48µm
cnn_inst.proc_u0.cnn_ctrl_u0.state\[4\],9.48µm
_01657_,9.475µm
_02009_,9.475µm
_03812_,9.465µm
_01053_,9.46µm
_03436_,9.46µm
_05107_,9.44µm
_05589_,9.44µm
_06031_,9.44µm
_00789_,9.43µm
_00847_,9.43µm
_00905_,9.43µm
_00923_,9.43µm
_00925_,9.43µm
_01073_,9.43µm
_04028_,9.43µm
_05586_,9.43µm
_05727_,9.43µm
cnn_inst.comm_mem_u0.reg_wgt_u1.Register_Weight_DataInBUS\[0\],9.43µm
cnn_inst.comm_mem_u0.reg_wgt_u2.Register_Weight_DataInBUS\[12\],9.43µm
_05220_,9.425µm
_01550_,9.42µm
_01605_,9.42µm
_01618_,9.42µm
_02225_,9.42µm
_02317_,9.42µm
_02906_,9.42µm
_04431_,9.42µm
_04901_,9.415µm
_05237_,9.415µm
cnn_inst.comm_mem_u0.reg_img_u7.Register_Imag_DataInBUS\[2\],9.415µm
_04145_,9.395µm
_03036_,9.38µm
_04553_,9.38µm
cnn_inst.acc1\[15\],9.38µm
_03562_,9.375µm
_00241_,9.37µm
_01886_,9.37µm
_02190_,9.37µm
_02658_,9.37µm
_02866_,9.37µm
_03469_,9.37µm
_04829_,9.37µm
_05364_,9.37µm
_05532_,9.37µm
_05551_,9.37µm
_05639_,9.37µm
_05672_,9.37µm
_05745_,9.37µm
_05967_,9.37µm
_06346_,9.37µm
_06729_,9.37µm
net1321,9.37µm
net1774,9.37µm
cnn_inst.comm_mem_u0.reg_img_u9.Register_Imag_DataInBUS\[0\],9.37µm
_03107_,9.365µm
_00458_,9.36µm
_00590_,9.36µm
_00597_,9.36µm
_00994_,9.36µm
_01161_,9.36µm
_01202_,9.36µm
_01261_,9.36µm
_01304_,9.36µm
_04494_,9.36µm
_05633_,9.36µm
_05648_,9.36µm
net1232,9.36µm
_01049_,9.34µm
_04373_,9.34µm
_03787_,9.33µm
_03192_,9.32µm
_02299_,9.31µm
_02850_,9.31µm
_03063_,9.31µm
_04283_,9.31µm
_04911_,9.31µm
_03438_,9.305µm
_02310_,9.3µm
_03178_,9.3µm
cnn_inst.comm_mem_u0.reg_img_u1.Register_Imag_DataInBUS\[16\],9.3µm
_02273_,9.285µm
_05776_,9.285µm
_01465_,9.275µm
_01337_,9.27µm
_02403_,9.27µm
_04624_,9.27µm
_04629_,9.27µm
_05545_,9.265µm
_05962_,9.265µm
_04205_,9.26µm
_03459_,9.255µm
_04988_,9.255µm
_04258_,9.25µm
_05342_,9.25µm
_05359_,9.25µm
_05846_,9.25µm
_05904_,9.25µm
cnn_inst.comm_mem_u0.reg_img_u1.Register_Imag_DataInBUS\[18\],9.25µm
cnn_inst.comm_mem_u0.spi_u0.loader_image_sm.i_ROW\[2\],9.245µm
_04422_,9.24µm
_05889_,9.24µm
_06656_,9.24µm
_00868_,9.225µm
_04517_,9.205µm
_05659_,9.2µm
_05913_,9.2µm
_00345_,9.19µm
_02527_,9.19µm
_03951_,9.19µm
_01051_,9.18µm
_01310_,9.18µm
_01584_,9.18µm
_02945_,9.18µm
_03125_,9.18µm
_03207_,9.18µm
_03875_,9.18µm
_04398_,9.18µm
_04616_,9.18µm
_05008_,9.18µm
_05940_,9.18µm
_06026_,9.18µm
_02672_,9.155µm
_05104_,9.155µm
_05350_,9.15µm
_01875_,9.145µm
_02758_,9.14µm
_01091_,9.13µm
_01477_,9.13µm
_01696_,9.13µm
_01857_,9.13µm
_02676_,9.13µm
_04322_,9.13µm
_04780_,9.13µm
_05377_,9.13µm
_05726_,9.13µm
_05949_,9.13µm
_06297_,9.13µm
_06624_,9.13µm
_06685_,9.13µm
_00016_,9.12µm
_01123_,9.12µm
_01499_,9.12µm
_02771_,9.12µm
_03361_,9.12µm
_04081_,9.12µm
_04698_,9.12µm
_04917_,9.12µm
_05943_,9.12µm
_06066_,9.12µm
_06070_,9.12µm
_06408_,9.12µm
_06473_,9.12µm
net1228,9.12µm
_04319_,9.105µm
_03715_,9.095µm
_05144_,9.08µm
_00128_,9.07µm
_00692_,9.07µm
_00731_,9.07µm
_00807_,9.07µm
_00818_,9.07µm
_00975_,9.07µm
_01042_,9.07µm
_01056_,9.07µm
_01274_,9.07µm
_01711_,9.07µm
_01735_,9.07µm
_02472_,9.07µm
_02744_,9.07µm
_03352_,9.07µm
_03775_,9.07µm
_04416_,9.07µm
_04424_,9.07µm
_04485_,9.07µm
_04559_,9.07µm
_05117_,9.07µm
_05215_,9.07µm
_05285_,9.07µm
_05351_,9.07µm
_05606_,9.07µm
cnn_inst.comm_mem_u0.reg_wgt_u2.Register_Weight_DataInBUS\[3\],9.07µm
_06127_,9.06µm
_06607_,9.06µm
_01362_,9.055µm
_05520_,9.04µm
_02670_,9.03µm
_02459_,9.02µm
_04562_,9.02µm
_05749_,9.02µm
cnn_inst.comm_mem_u0.o_wgt_row00\[9\],9.02µm
cnn_inst.comm_mem_u0.reg_img_u0.Register_Imag_DataInBUS\[3\],9.02µm
cnn_inst.comm_mem_u0.reg_img_u5.Register_Imag_DataInBUS\[28\],9.02µm
_01214_,9.01µm
_02523_,9.01µm
_04600_,9.01µm
_04663_,9.01µm
_04692_,9.01µm
_04811_,9.01µm
_05171_,9.01µm
_06245_,9.01µm
_06319_,9.01µm
_06355_,9.01µm
_06503_,9.01µm
_06678_,9.01µm
_06699_,9.01µm
_00470_,9µm
_00566_,9µm
_02342_,9µm
_03324_,9µm
_03898_,9µm
_04849_,9µm
_05300_,9µm
_05785_,9µm
_06325_,9µm
_06357_,9µm
_06415_,9µm
_06516_,9µm
_06738_,9µm
cnn_inst.acc1\[0\],9µm
_02234_,8.995µm
_02253_,8.995µm
_03287_,8.995µm
_05908_,8.995µm
_06691_,8.995µm
_01029_,8.97µm
_04329_,8.97µm
cnn_inst.comm_mem_u0.reg_wgt_u4.Register_Weight_DataInBUS\[6\],8.96µm
_00828_,8.95µm
_00892_,8.95µm
_00895_,8.95µm
_00902_,8.95µm
_00921_,8.95µm
_00942_,8.95µm
_01026_,8.95µm
_01074_,8.95µm
_02540_,8.95µm
_02692_,8.95µm
_02999_,8.95µm
_05896_,8.95µm
_04929_,8.945µm
_01483_,8.94µm
_03985_,8.94µm
_04538_,8.94µm
_04650_,8.94µm
_05425_,8.94µm
_03840_,8.925µm
cnn_inst.comm_mem_u0.reg_wgt_u3.Register_Weight_DataInBUS\[9\],8.925µm
_01904_,8.915µm
_03109_,8.91µm
_01356_,8.9µm
_01786_,8.9µm
_03381_,8.9µm
_00066_,8.89µm
_00085_,8.89µm
_00930_,8.89µm
_01170_,8.89µm
_01189_,8.89µm
_02394_,8.89µm
_03271_,8.89µm
_03539_,8.89µm
_03674_,8.89µm
_03907_,8.89µm
_04051_,8.89µm
_04188_,8.89µm
_04402_,8.89µm
_05623_,8.89µm
_06369_,8.89µm
_06583_,8.89µm
net1224,8.89µm
net1426,8.89µm
net1512,8.89µm
net1626,8.89µm
net1681,8.89µm
net1708,8.89µm
_00492_,8.88µm
_00610_,8.88µm
_01278_,8.88µm
_02574_,8.88µm
_04440_,8.88µm
_05528_,8.88µm
net1179,8.88µm
net1611,8.88µm
net1814,8.88µm
_04685_,8.875µm
_05335_,8.875µm
_02016_,8.83µm
_03813_,8.83µm
_05729_,8.83µm
_06224_,8.82µm
_02178_,8.805µm
_04865_,8.805µm
_02938_,8.8µm
_03570_,8.8µm
_01640_,8.795µm
_01336_,8.79µm
_01414_,8.79µm
_01460_,8.78µm
_02501_,8.78µm
_02685_,8.78µm
_02755_,8.78µm
_04926_,8.78µm
_05855_,8.78µm
_05868_,8.78µm
ui_PAD2CORE[3],8.78µm
_03376_,8.77µm
_04026_,8.77µm
_05122_,8.76µm
_01625_,8.745µm
_03876_,8.73µm
_03791_,8.72µm
_04141_,8.72µm
_05828_,8.72µm
_00437_,8.71µm
_01171_,8.71µm
_02298_,8.71µm
_04134_,8.71µm
_02151_,8.7µm
_03133_,8.7µm
_03252_,8.7µm
_03299_,8.7µm
_03612_,8.7µm
_03857_,8.7µm
_04944_,8.7µm
ui_PAD2CORE[1],8.7µm
_03520_,8.68µm
_03481_,8.66µm
_02904_,8.65µm
_03066_,8.65µm
_04317_,8.65µm
_05981_,8.65µm
cnn_inst.proc_u0.cnn_ctrl_u0.state\[9\],8.65µm
_00629_,8.64µm
_01186_,8.64µm
_01405_,8.64µm
_01678_,8.64µm
_01891_,8.64µm
_02093_,8.64µm
_02484_,8.64µm
_02885_,8.64µm
_03216_,8.64µm
_03268_,8.64µm
_04451_,8.64µm
_04834_,8.64µm
_04933_,8.64µm
_05556_,8.64µm
_06182_,8.64µm
_06413_,8.64µm
_06768_,8.64µm
net1435,8.64µm
net1618,8.64µm
net1884,8.64µm
_00910_,8.625µm
_00985_,8.625µm
_02665_,8.625µm
_02593_,8.615µm
cnn_inst.comm_mem_u0.reg_wgt_u4.Register_Weight_DataInBUS\[2\],8.61µm
_05534_,8.605µm
net1733,8.595µm
_00724_,8.59µm
_00732_,8.59µm
_00812_,8.59µm
_00873_,8.59µm
_00914_,8.59µm
_00972_,8.59µm
_00986_,8.59µm
_01006_,8.59µm
_01012_,8.59µm
_01045_,8.59µm
_01058_,8.59µm
_01064_,8.59µm
_01081_,8.59µm
_01083_,8.59µm
_01216_,8.59µm
_01722_,8.59µm
_03275_,8.59µm
_03971_,8.59µm
_04387_,8.59µm
_04882_,8.59µm
_05079_,8.59µm
_05231_,8.59µm
_05376_,8.59µm
_05690_,8.59µm
_05730_,8.59µm
_05802_,8.59µm
_06065_,8.59µm
_06247_,8.59µm
_06800_,8.59µm
cnn_inst.comm_mem_u0.reg_wgt_u2.Register_Weight_DataInBUS\[6\],8.59µm
cnn_inst.proc_u0.cnn_ctrl_u0.cnn_inst.state\[3\],8.59µm
_01788_,8.58µm
_03700_,8.58µm
_06769_,8.58µm
_06820_,8.58µm
_03634_,8.575µm
_02903_,8.555µm
_02890_,8.54µm
_05210_,8.54µm
cnn_inst.comm_mem_u0.reg_img_u8.Register_Imag_DataInBUS\[22\],8.54µm
_00452_,8.53µm
_00965_,8.53µm
_01673_,8.53µm
_01865_,8.53µm
_04605_,8.53µm
_04702_,8.53µm
_05177_,8.53µm
_05330_,8.53µm
_05353_,8.53µm
_05463_,8.53µm
_05668_,8.53µm
net1222,8.53µm
cnn_inst.comm_mem_u0.o_img_row00\[1\],8.53µm
cnn_inst.comm_mem_u0.reg_wgt_u3.Register_Weight_DataInBUS\[12\],8.53µm
_00074_,8.52µm
_02880_,8.52µm
_03132_,8.52µm
_04641_,8.52µm
_04753_,8.52µm
_04975_,8.52µm
_06231_,8.52µm
_06256_,8.52µm
_06309_,8.52µm
_06354_,8.52µm
_06410_,8.52µm
_06603_,8.52µm
_06668_,8.52µm
_06679_,8.52µm
net1142,8.52µm
cnn_inst.comm_mem_u0.reg_img_u8.Register_Imag_DataInBUS\[10\],8.52µm
_02816_,8.515µm
_03297_,8.515µm
_04318_,8.515µm
_05222_,8.515µm
_04690_,8.5µm
_05324_,8.5µm
_05849_,8.5µm
_03760_,8.48µm
_05852_,8.48µm
_05367_,8.475µm
_05379_,8.475µm
_00893_,8.47µm
_00954_,8.47µm
_00969_,8.47µm
_00977_,8.47µm
_00981_,8.47µm
_00987_,8.47µm
_01031_,8.47µm
_01066_,8.47µm
_01075_,8.47µm
_01082_,8.47µm
_01223_,8.47µm
_01234_,8.47µm
_01287_,8.47µm
_04207_,8.47µm
_04442_,8.465µm
_01136_,8.46µm
_03196_,8.46µm
_04160_,8.46µm
_05224_,8.46µm
_04960_,8.43µm
_03470_,8.425µm
_00433_,8.42µm
_02961_,8.42µm
_03218_,8.42µm
_04158_,8.42µm
_05809_,8.42µm
_05899_,8.42µm
cnn_inst.acc1\[6\],8.42µm
_02959_,8.415µm
_03675_,8.415µm
_00036_,8.41µm
_00827_,8.41µm
_02014_,8.41µm
_02921_,8.41µm
_03504_,8.41µm
_04162_,8.41µm
_04239_,8.41µm
_04509_,8.41µm
_04694_,8.41µm
_04772_,8.41µm
_05598_,8.41µm
_05971_,8.41µm
_06336_,8.41µm
net1134,8.41µm
net1234,8.41µm
net1529,8.41µm
net1536,8.41µm
_02118_,8.4µm
_03353_,8.4µm
_05140_,8.4µm
_05801_,8.4µm
net1873,8.4µm
cnn_inst.proc_u0.cnn_ctrl_u0.cnn_inst.cnn_inst.start,8.4µm
_04684_,8.395µm
_05640_,8.385µm
_03964_,8.375µm
_05715_,8.375µm
_05853_,8.36µm
_00447_,8.35µm
_05166_,8.35µm
_02455_,8.345µm
_01866_,8.34µm
cnn_inst.comm_mem_u0.reg_img_u1.Register_Imag_DataInBUS\[28\],8.34µm
cnn_inst.proc_u0.cnn_ctrl_u0.state\[6\],8.34µm
_05155_,8.335µm
_05919_,8.335µm
_02894_,8.31µm
_05495_,8.305µm
_04730_,8.3µm
_05060_,8.3µm
_05679_,8.3µm
_01879_,8.29µm
_02244_,8.29µm
_02497_,8.29µm
_03027_,8.29µm
_03367_,8.29µm
_03790_,8.29µm
_05663_,8.29µm
_05716_,8.29µm
_00425_,8.28µm
_00626_,8.28µm
_00643_,8.28µm
_00785_,8.28µm
_00801_,8.28µm
_03012_,8.28µm
_03229_,8.28µm
_02033_,8.25µm
_04365_,8.25µm
_05309_,8.245µm
_03841_,8.24µm
_01093_,8.23µm
_01256_,8.23µm
_01267_,8.23µm
_00124_,8.22µm
_01537_,8.22µm
_01574_,8.22µm
_02688_,8.22µm
_04133_,8.22µm
_04275_,8.22µm
_05014_,8.22µm
_05126_,8.22µm
_06283_,8.22µm
_03950_,8.215µm
_01100_,8.2µm
_06041_,8.2µm
_05059_,8.19µm
_00275_,8.17µm
_00443_,8.17µm
_00602_,8.17µm
_02433_,8.17µm
_03871_,8.17µm
_04806_,8.17µm
_04839_,8.17µm
_06064_,8.17µm
net1466,8.17µm
cnn_inst.comm_mem_u0.reg_wgt_u1.Register_Weight_DataInBUS\[9\],8.17µm
_05423_,8.165µm
_00163_,8.16µm
_00271_,8.16µm
_00628_,8.16µm
_01194_,8.16µm
_02089_,8.16µm
_02802_,8.16µm
_02899_,8.16µm
_03735_,8.16µm
_03736_,8.16µm
_04863_,8.16µm
_05112_,8.16µm
_05156_,8.16µm
_05483_,8.16µm
_05540_,8.16µm
_05572_,8.16µm
_05581_,8.16µm
_05673_,8.16µm
_05735_,8.16µm
_05747_,8.16µm
_05915_,8.16µm
_05917_,8.16µm
_06284_,8.16µm
net1113,8.16µm
net1154,8.16µm
net1268,8.16µm
net1317,8.16µm
net1329,8.16µm
net1352,8.16µm
net1373,8.16µm
net1476,8.16µm
net1491,8.16µm
net1561,8.16µm
net1574,8.16µm
net1575,8.16µm
net1612,8.16µm
net1660,8.16µm
net1662,8.16µm
net1686,8.16µm
net1696,8.16µm
net1704,8.16µm
net1706,8.16µm
net1732,8.16µm
net1742,8.16µm
net1781,8.16µm
net1820,8.16µm
net1826,8.16µm
net1828,8.16µm
net1867,8.16µm
cnn_inst.comm_mem_u0.reg_wgt_u3.Register_Weight_DataInBUS\[13\],8.16µm
_00419_,8.11µm
_00782_,8.11µm
_00795_,8.11µm
_00845_,8.11µm
_00890_,8.11µm
_00898_,8.11µm
_00912_,8.11µm
_00919_,8.11µm
_00955_,8.11µm
_01060_,8.11µm
_01246_,8.11µm
_02636_,8.11µm
_02975_,8.11µm
_03919_,8.11µm
_04575_,8.11µm
_04613_,8.11µm
_05190_,8.11µm
_05323_,8.11µm
_05326_,8.11µm
_05861_,8.11µm
_06143_,8.11µm
_06150_,8.11µm
_00834_,8.1µm
_00979_,8.1µm
_00992_,8.1µm
_01296_,8.1µm
_02911_,8.1µm
_04536_,8.1µm
_05751_,8.1µm
_06764_,8.1µm
_03168_,8.095µm
_05706_,8.095µm
_06606_,8.085µm
_01341_,8.06µm
_05757_,8.06µm
_00562_,8.05µm
_00797_,8.05µm
_02817_,8.05µm
_03037_,8.05µm
_03294_,8.05µm
_03772_,8.05µm
_04219_,8.05µm
_04948_,8.05µm
_05507_,8.05µm
_05818_,8.05µm
net1528,8.05µm
net1535,8.05µm
cnn_inst.comm_mem_u0.reg_wgt_u3.Register_Weight_DataInBUS\[11\],8.05µm
_02862_,8.04µm
_03415_,8.04µm
_04070_,8.04µm
_04965_,8.04µm
_05866_,8.04µm
_06467_,8.04µm
_06616_,8.04µm
net1698,8.04µm
net1750,8.04µm
net1759,8.04µm
net1844,8.04µm
_02085_,8.035µm
_02202_,8.035µm
_04773_,8.035µm
_05494_,8.035µm
_03420_,8.025µm
_04665_,8.02µm
_04740_,8µm
_05297_,8µm
cnn_inst.comm_mem_u0.reg_wgt_u4.Register_Weight_DataInBUS\[13\],8µm
_00802_,7.99µm
_00805_,7.99µm
_00826_,7.99µm
_00863_,7.99µm
_00889_,7.99µm
_00915_,7.99µm
_00934_,7.99µm
_01063_,7.99µm
_06167_,7.99µm
cnn_inst.acc0\[8\],7.99µm
_00612_,7.98µm
_02638_,7.98µm
_04856_,7.98µm
_05154_,7.98µm
_05469_,7.98µm
_05562_,7.98µm
_05863_,7.98µm
_03360_,7.975µm
cnn_inst.comm_mem_u0.o_img_row06\[18\],7.975µm
_06664_,7.965µm
_04557_,7.955µm
_02827_,7.945µm
_01887_,7.94µm
_04054_,7.94µm
_04059_,7.94µm
_05328_,7.94µm
_05887_,7.94µm
_05895_,7.94µm
_04843_,7.935µm
_00286_,7.93µm
_02012_,7.93µm
_02905_,7.93µm
_03718_,7.93µm
_04876_,7.93µm
_04894_,7.93µm
_05137_,7.93µm
_05514_,7.93µm
_05550_,7.93µm
_05909_,7.93µm
_06562_,7.93µm
net1277,7.93µm
net1601,7.93µm
net1679,7.93µm
_04567_,7.925µm
_00460_,7.92µm
_00661_,7.92µm
_05097_,7.92µm
_05162_,7.92µm
net1456,7.92µm
_01850_,7.915µm
_02735_,7.905µm
_02625_,7.895µm
_05196_,7.88µm
_05632_,7.88µm
_06356_,7.875µm
_03250_,7.87µm
_06028_,7.87µm
_01710_,7.86µm
_03910_,7.86µm
_04696_,7.86µm
_05665_,7.86µm
_02683_,7.845µm
_01415_,7.83µm
_05760_,7.83µm
_04697_,7.825µm
_03466_,7.82µm
_03693_,7.82µm
_06612_,7.82µm
_01185_,7.81µm
_04217_,7.81µm
cnn_inst.comm_mem_u0.reg_wgt_u1.Register_Weight_DataInBUS\[12\],7.805µm
_04790_,7.8µm
_05471_,7.8µm
_06229_,7.8µm
_06485_,7.8µm
_04119_,7.785µm
_05004_,7.76µm
_05304_,7.76µm
_05871_,7.76µm
_00718_,7.75µm
_03198_,7.75µm
_03852_,7.75µm
_05055_,7.75µm
_01476_,7.74µm
_01482_,7.74µm
_01484_,7.74µm
_01505_,7.74µm
_01517_,7.74µm
_01541_,7.74µm
_01544_,7.74µm
_01566_,7.74µm
_01591_,7.74µm
_01664_,7.74µm
_01719_,7.74µm
_02124_,7.74µm
_02229_,7.74µm
_02295_,7.74µm
_02332_,7.74µm
_03318_,7.74µm
_03540_,7.74µm
_04633_,7.74µm
_05501_,7.74µm
_05712_,7.74µm
_06138_,7.74µm
_06724_,7.74µm
cnn_inst.comm_mem_u0.reg_wgt_u2.Register_Weight_DataInBUS\[10\],7.74µm
_06373_,7.725µm
_05638_,7.715µm
_00883_,7.695µm
_00003_,7.69µm
_00097_,7.69µm
_00601_,7.69µm
_00693_,7.69µm
_01950_,7.69µm
_03251_,7.69µm
_03311_,7.69µm
_04343_,7.69µm
_04405_,7.69µm
_04425_,7.69µm
_04482_,7.69µm
_04635_,7.69µm
_06615_,7.69µm
cnn_inst.comm_mem_u0.o_img_row00\[26\],7.69µm
cnn_inst.comm_mem_u0.reg_wgt_u0.Register_Weight_DataInBUS\[11\],7.69µm
cnn_inst.comm_mem_u0.reg_wgt_u1.Register_Weight_DataInBUS\[3\],7.69µm
_00366_,7.68µm
_00403_,7.68µm
_02421_,7.68µm
_03383_,7.68µm
_04189_,7.68µm
_05018_,7.68µm
_05257_,7.68µm
_05448_,7.68µm
_06175_,7.68µm
_06195_,7.68µm
_06216_,7.68µm
_06241_,7.68µm
_06318_,7.68µm
_06341_,7.68µm
_06466_,7.68µm
_06494_,7.68µm
_06568_,7.68µm
_06663_,7.68µm
_06681_,7.68µm
net1307,7.68µm
net1326,7.68µm
net1441,7.68µm
net1444,7.68µm
net1805,7.68µm
_05432_,7.675µm
_02013_,7.665µm
_00467_,7.66µm
_06139_,7.66µm
_00278_,7.63µm
_00667_,7.63µm
_00823_,7.63µm
_00917_,7.63µm
_01017_,7.63µm
_01040_,7.63µm
_01067_,7.63µm
_01208_,7.63µm
_01248_,7.63µm
_01407_,7.63µm
_01560_,7.63µm
_01590_,7.63µm
_02646_,7.63µm
_02653_,7.63µm
_02831_,7.63µm
_02989_,7.63µm
_03075_,7.63µm
_03156_,7.63µm
_03610_,7.63µm
_03640_,7.63µm
_03915_,7.63µm
_04060_,7.63µm
_04656_,7.63µm
_04706_,7.63µm
_04710_,7.63µm
_04764_,7.63µm
_05590_,7.63µm
_05682_,7.63µm
_05784_,7.63µm
_06796_,7.63µm
cnn_inst.comm_mem_u0.reg_wgt_u1.Register_Weight_DataInBUS\[10\],7.63µm
_00100_,7.62µm
_00941_,7.62µm
_01013_,7.62µm
_04534_,7.62µm
_05621_,7.62µm
_06762_,7.62µm
ui_PAD2CORE[4],7.62µm
_01921_,7.605µm
net1634,7.605µm
_05100_,7.58µm
_05339_,7.58µm
_05685_,7.58µm
_05812_,7.58µm
cnn_inst.comm_mem_u0.reg_img_u3.Register_Imag_DataInBUS\[23\],7.58µm
_03237_,7.57µm
_04938_,7.57µm
net1183,7.57µm
net1684,7.57µm
net1766,7.57µm
net1778,7.57µm
net1863,7.57µm
cnn_inst.proc_u0.cnn_ctrl_u0.state\[8\],7.57µm
_04992_,7.565µm
_01211_,7.56µm
_01869_,7.56µm
_02243_,7.56µm
_03338_,7.56µm
_03719_,7.56µm
_04336_,7.56µm
_04560_,7.56µm
_04735_,7.56µm
_04862_,7.56µm
_05420_,7.56µm
_05641_,7.56µm
_05892_,7.56µm
_05924_,7.56µm
_06307_,7.56µm
_06511_,7.56µm
_06687_,7.56µm
net1139,7.56µm
net1281,7.56µm
net1366,7.56µm
net1460,7.56µm
net1619,7.56µm
net1744,7.56µm
_03010_,7.555µm
_03654_,7.555µm
_03979_,7.555µm
_05001_,7.555µm
_05195_,7.555µm
_05794_,7.555µm
_05968_,7.555µm
_06214_,7.555µm
_06767_,7.555µm
_00529_,7.545µm
_03569_,7.545µm
_05352_,7.545µm
_05840_,7.545µm
_03942_,7.54µm
_05488_,7.535µm
_04100_,7.53µm
_02900_,7.52µm
_03646_,7.52µm
_05437_,7.52µm
_05821_,7.52µm
_06658_,7.52µm
_01893_,7.515µm
_00719_,7.51µm
_00792_,7.51µm
_00809_,7.51µm
_00813_,7.51µm
_00875_,7.51µm
_00920_,7.51µm
_01213_,7.51µm
_04448_,7.51µm
_05228_,7.51µm
_05344_,7.51µm
cnn_inst.comm_mem_u0.reg_wgt_u2.Register_Weight_DataInBUS\[11\],7.51µm
_01632_,7.505µm
_01344_,7.5µm
_02239_,7.5µm
_02803_,7.5µm
_04231_,7.5µm
_04529_,7.5µm
_04652_,7.5µm
_05864_,7.5µm
_02631_,7.495µm
_05723_,7.465µm
_03914_,7.46µm
_04550_,7.46µm
_04908_,7.46µm
_04942_,7.46µm
_05431_,7.46µm
_02002_,7.45µm
_02110_,7.45µm
_02912_,7.45µm
_02994_,7.45µm
_04758_,7.45µm
_05929_,7.45µm
_05931_,7.45µm
_06353_,7.45µm
_06370_,7.45µm
_06802_,7.45µm
net1131,7.45µm
net1157,7.45µm
net1200,7.45µm
net1267,7.45µm
net1449,7.45µm
net1506,7.45µm
net1675,7.45µm
net1747,7.45µm
cnn_inst.comm_mem_u0.reg_wgt_u4.Register_Weight_DataInBUS\[10\],7.45µm
_03870_,7.445µm
_00010_,7.44µm
_02142_,7.44µm
_02896_,7.44µm
_03238_,7.44µm
_05505_,7.44µm
_05553_,7.44µm
_03269_,7.435µm
_00971_,7.42µm
_02824_,7.42µm
_04106_,7.42µm
_04271_,7.415µm
_04415_,7.405µm
net1101,7.4µm
net1102,7.4µm
net1104,7.4µm
uo_CORE2PAD[0],7.4µm
_00600_,7.39µm
_04033_,7.39µm
_04674_,7.39µm
_01348_,7.385µm
_04608_,7.385µm
_03006_,7.365µm
_03048_,7.365µm
_03741_,7.35µm
_04419_,7.35µm
_02960_,7.34µm
_03944_,7.34µm
_04812_,7.33µm
_00319_,7.32µm
_00681_,7.32µm
_03500_,7.32µm
_06701_,7.32µm
_02440_,7.305µm
cnn_inst.comm_mem_u0.reg_wgt_u3.Register_Weight_DataInBUS\[3\],7.305µm
_02411_,7.275µm
_00005_,7.27µm
_00326_,7.27µm
_00336_,7.27µm
_00598_,7.27µm
_02226_,7.27µm
_00006_,7.26µm
_00059_,7.26µm
_00293_,7.26µm
_00315_,7.26µm
_00603_,7.26µm
_01489_,7.26µm
_01690_,7.26µm
_01913_,7.26µm
_02641_,7.26µm
_03054_,7.26µm
_03412_,7.26µm
_03416_,7.26µm
_03681_,7.26µm
_03945_,7.26µm
_04149_,7.26µm
_04232_,7.26µm
_04328_,7.26µm
_04870_,7.26µm
_05875_,7.26µm
_05973_,7.26µm
_06052_,7.26µm
_06056_,7.26µm
_06077_,7.26µm
_06226_,7.26µm
cnn_inst.comm_mem_u0.o_img_row01\[29\],7.26µm
cnn_inst.comm_mem_u0.reg_wgt_u1.Register_Weight_DataInBUS\[4\],7.26µm
_06815_,7.24µm
_03835_,7.23µm
_05061_,7.23µm
_00027_,7.21µm
_00304_,7.21µm
_00685_,7.21µm
_00701_,7.21µm
_01490_,7.21µm
_01867_,7.21µm
_02691_,7.21µm
_02739_,7.21µm
_02996_,7.21µm
_03214_,7.21µm
_03340_,7.21µm
_03662_,7.21µm
_04547_,7.21µm
_04695_,7.21µm
_05149_,7.21µm
_05338_,7.21µm
_05357_,7.21µm
_05559_,7.21µm
_06269_,7.21µm
_06450_,7.21µm
_06488_,7.21µm
_06509_,7.21µm
_06537_,7.21µm
_06595_,7.21µm
_06602_,7.21µm
cnn_inst.comm_mem_u0.reg_wgt_u0.Register_Weight_DataInBUS\[10\],7.21µm
cnn_inst.comm_mem_u0.reg_wgt_u1.Register_Weight_DataInBUS\[2\],7.21µm
cnn_inst.comm_mem_u0.reg_wgt_u3.Register_Weight_DataInBUS\[6\],7.21µm
_00050_,7.2µm
_00217_,7.2µm
_00285_,7.2µm
_00472_,7.2µm
_00725_,7.2µm
_01540_,7.2µm
_01692_,7.2µm
_02256_,7.2µm
_02410_,7.2µm
_02571_,7.2µm
_02747_,7.2µm
_03135_,7.2µm
_03421_,7.2µm
_03806_,7.2µm
_04246_,7.2µm
_04296_,7.2µm
_05248_,7.2µm
_05462_,7.2µm
_05832_,7.2µm
_05898_,7.2µm
_05975_,7.2µm
_06055_,7.2µm
_06590_,7.2µm
_06760_,7.2µm
net1206,7.2µm
net1274,7.2µm
net1668,7.2µm
net1669,7.2µm
net1807,7.2µm
_06777_,7.195µm
_01179_,7.16µm
_00011_,7.15µm
_00098_,7.15µm
_00369_,7.15µm
_00669_,7.15µm
_00710_,7.15µm
_00712_,7.15µm
_00822_,7.15µm
_00907_,7.15µm
_00913_,7.15µm
_00927_,7.15µm
_00948_,7.15µm
_01052_,7.15µm
_01774_,7.15µm
_01936_,7.15µm
_02092_,7.15µm
_02219_,7.15µm
_02987_,7.15µm
_03076_,7.15µm
_03157_,7.15µm
_03713_,7.15µm
_03913_,7.15µm
_04297_,7.15µm
_04873_,7.15µm
_05023_,7.15µm
_05102_,7.15µm
_05921_,7.15µm
_06079_,7.15µm
_06130_,7.15µm
_06203_,7.15µm
cnn_inst.comm_mem_u0.reg_wgt_u2.Register_Weight_DataInBUS\[8\],7.15µm
cnn_inst.comm_mem_u0.reg_wgt_u3.Register_Weight_DataInBUS\[8\],7.15µm
_00820_,7.14µm
_00918_,7.14µm
_00950_,7.14µm
_01069_,7.14µm
_01254_,7.14µm
_02671_,7.14µm
_03587_,7.14µm
_03699_,7.14µm
_04582_,7.14µm
_05808_,7.14µm
_05998_,7.14µm
_06129_,7.14µm
_06149_,7.14µm
cnn_inst.comm_mem_u0.o_start_cnn,7.14µm
cnn_inst.comm_mem_u0.reg_wgt_u2.Register_Weight_DataInBUS\[7\],7.14µm
_03822_,7.135µm
_05011_,7.135µm
net1261,7.135µm
_05280_,7.13µm
_01957_,7.125µm
_02180_,7.125µm
_03906_,7.115µm
_05389_,7.105µm
_05619_,7.105µm
_03003_,7.1µm
_04737_,7.1µm
_05050_,7.1µm
_05120_,7.1µm
_05168_,7.1µm
_05197_,7.1µm
_05301_,7.1µm
_05939_,7.1µm
cnn_inst.comm_mem_u0.reg_img_u8.Register_Imag_DataInBUS\[15\],7.1µm
_03810_,7.095µm
_03940_,7.095µm
_00117_,7.09µm
_01257_,7.09µm
_04169_,7.09µm
_06060_,7.09µm
net1363,7.09µm
net1591,7.09µm
net1635,7.09µm
net1730,7.09µm
net1776,7.09µm
_05804_,7.085µm
_00359_,7.08µm
_01107_,7.08µm
_01128_,7.08µm
_03060_,7.08µm
_04001_,7.08µm
_05283_,7.08µm
net1233,7.08µm
net1273,7.08µm
net1431,7.08µm
net1446,7.08µm
net1538,7.08µm
net1602,7.08µm
net1636,7.08µm
net1658,7.08µm
net1682,7.08µm
net1796,7.08µm
net1866,7.08µm
_00260_,7.075µm
_02357_,7.075µm
_02811_,7.075µm
_02979_,7.075µm
_05383_,7.075µm
_05430_,7.075µm
_05618_,7.075µm
_05628_,7.075µm
_03918_,7.065µm
_01008_,7.06µm
_03375_,7.06µm
_04155_,7.045µm
_05650_,7.04µm
_05693_,7.04µm
cnn_inst.comm_mem_u0.reg_img_u8.Register_Imag_DataInBUS\[14\],7.04µm
_00632_,7.03µm
_00668_,7.03µm
_00900_,7.03µm
_00991_,7.03µm
_01264_,7.03µm
_03717_,7.03µm
_06808_,7.03µm
_00444_,7.02µm
_03920_,7.015µm
_05098_,7.01µm
_03863_,6.995µm
_05493_,6.995µm
_03943_,6.985µm
_05127_,6.985µm
_06569_,6.985µm
_01717_,6.98µm
_01758_,6.98µm
_01922_,6.98µm
_02693_,6.98µm
_03120_,6.98µm
_03474_,6.98µm
_03575_,6.98µm
_03721_,6.98µm
_04662_,6.98µm
_04878_,6.98µm
_04906_,6.98µm
_05332_,6.98µm
_06452_,6.98µm
_06541_,6.98µm
uo_CORE2PAD[2],6.98µm
_01127_,6.97µm
_01192_,6.97µm
_02106_,6.97µm
_02137_,6.97µm
_02478_,6.97µm
_02965_,6.97µm
_03044_,6.97µm
_03053_,6.97µm
_03235_,6.97µm
_03583_,6.97µm
_04225_,6.97µm
_04446_,6.97µm
_04947_,6.97µm
_04973_,6.97µm
_05612_,6.97µm
net1146,6.97µm
net1551,6.97µm
net1688,6.97µm
net1891,6.97µm
_03286_,6.965µm
_01135_,6.96µm
_01138_,6.96µm
_03038_,6.96µm
_04244_,6.96µm
_04564_,6.96µm
_04639_,6.96µm
_05131_,6.96µm
_05758_,6.96µm
net1625,6.96µm
_03949_,6.945µm
uo_CORE2PAD[1],6.93µm
_00427_,6.92µm
_03486_,6.92µm
_05176_,6.91µm
_05627_,6.91µm
_05022_,6.9µm
_05111_,6.9µm
_05403_,6.885µm
_01418_,6.87µm
_04140_,6.86µm
_05083_,6.86µm
_06029_,6.86µm
_02307_,6.85µm
_04701_,6.85µm
_00015_,6.84µm
_02980_,6.84µm
_03064_,6.84µm
_01683_,6.825µm
_03928_,6.81µm
_05558_,6.805µm
_05191_,6.8µm
_00415_,6.79µm
_00652_,6.79µm
_00682_,6.79µm
_00707_,6.79µm
_01085_,6.79µm
_00191_,6.78µm
_00288_,6.78µm
_00338_,6.78µm
_00716_,6.78µm
_00869_,6.78µm
_01600_,6.78µm
_01693_,6.78µm
_02792_,6.78µm
_03080_,6.78µm
_03858_,6.78µm
_03957_,6.78µm
_04877_,6.78µm
_05025_,6.78µm
_05068_,6.78µm
_05422_,6.78µm
_05951_,6.78µm
_06020_,6.78µm
_06183_,6.78µm
_06774_,6.78µm
cnn_inst.comm_mem_u0.reg_wgt_u3.Register_Weight_DataInBUS\[0\],6.78µm
_00026_,6.73µm
_00165_,6.73µm
_01539_,6.73µm
_01715_,6.73µm
_01961_,6.73µm
_02547_,6.73µm
_02626_,6.73µm
_02715_,6.73µm
_03025_,6.73µm
_03200_,6.73µm
_03345_,6.73µm
_03374_,6.73µm
_03472_,6.73µm
_03555_,6.73µm
_04062_,6.73µm
_04369_,6.73µm
_05293_,6.73µm
_05829_,6.73µm
_06784_,6.73µm
cnn_inst.comm_mem_u0.reg_wgt_u2.Register_Weight_DataInBUS\[14\],6.73µm
cnn_inst.comm_mem_u0.reg_wgt_u3.Register_Weight_DataInBUS\[14\],6.73µm
net6,6.73µm
_03308_,6.725µm
_00246_,6.72µm
_00292_,6.72µm
_01562_,6.72µm
_01601_,6.72µm
_01787_,6.72µm
_04015_,6.72µm
_04238_,6.72µm
_05710_,6.72µm
_05839_,6.72µm
_05894_,6.72µm
net1184,6.72µm
net1397,6.72µm
net1422,6.72µm
net1661,6.72µm
_03850_,6.715µm
_03855_,6.715µm
_04186_,6.715µm
_05490_,6.715µm
_06449_,6.71µm
_01122_,6.7µm
_04848_,6.675µm
_00009_,6.67µm
_00328_,6.67µm
_00835_,6.67µm
_00886_,6.67µm
_00953_,6.67µm
_00973_,6.67µm
_00983_,6.67µm
_01270_,6.67µm
_01967_,6.67µm
_02686_,6.67µm
_03068_,6.67µm
_03187_,6.67µm
_03726_,6.67µm
_03801_,6.67µm
_03854_,6.67µm
_04066_,6.67µm
_05052_,6.67µm
_05789_,6.67µm
_05841_,6.67µm
_06062_,6.67µm
_06144_,6.67µm
_06785_,6.67µm
cnn_inst.comm_mem_u0.reg_wgt_u0.Register_Weight_DataInBUS\[2\],6.67µm
cnn_inst.comm_mem_u0.reg_wgt_u0.Register_Weight_DataInBUS\[6\],6.67µm
_05021_,6.665µm
_00880_,6.66µm
_00959_,6.66µm
_01004_,6.66µm
_01021_,6.66µm
_01043_,6.66µm
_01095_,6.66µm
_01228_,6.66µm
_05439_,6.655µm
_06378_,6.655µm
_04548_,6.645µm
_06570_,6.645µm
_03166_,6.62µm
_03291_,6.62µm
_05826_,6.62µm
_02591_,6.61µm
_02995_,6.61µm
_03476_,6.61µm
_03544_,6.61µm
_04713_,6.61µm
_05842_,6.61µm
_06168_,6.61µm
net1248,6.61µm
net1365,6.61µm
net1387,6.61µm
net1448,6.61µm
net1485,6.61µm
net1581,6.61µm
net1628,6.61µm
net1724,6.61µm
net1740,6.61µm
net1755,6.61µm
_00330_,6.6µm
_00676_,6.6µm
_01120_,6.6µm
_01201_,6.6µm
_01294_,6.6µm
_01402_,6.6µm
_01473_,6.6µm
_02514_,6.6µm
_03210_,6.6µm
_03551_,6.6µm
_04025_,6.6µm
_04214_,6.6µm
_06274_,6.6µm
_06520_,6.6µm
net1120,6.6µm
net1219,6.6µm
net1340,6.6µm
net1558,6.6µm
net1597,6.6µm
net1711,6.6µm
net1789,6.6µm
_01548_,6.595µm
_03028_,6.595µm
_03032_,6.595µm
_03096_,6.595µm
_03460_,6.595µm
_03613_,6.595µm
_04320_,6.595µm
_04591_,6.595µm
_05093_,6.595µm
_05596_,6.595µm
_06731_,6.595µm
_00888_,6.58µm
_00926_,6.58µm
_02634_,6.58µm
_03289_,6.58µm
_04962_,6.58µm
_03493_,6.57µm
_05384_,6.56µm
_00753_,6.55µm
_00960_,6.55µm
_01285_,6.55µm
_01286_,6.55µm
_01303_,6.55µm
_03346_,6.55µm
_00381_,6.54µm
_01130_,6.54µm
_01345_,6.54µm
_02445_,6.54µm
_04939_,6.54µm
_05616_,6.535µm
_05862_,6.535µm
_06246_,6.535µm
_06638_,6.535µm
_04760_,6.505µm
_00509_,6.5µm
_03355_,6.5µm
_04173_,6.5µm
_04257_,6.5µm
_04703_,6.5µm
_05999_,6.5µm
_06053_,6.5µm
_06598_,6.5µm
_06665_,6.5µm
_00232_,6.49µm
_01916_,6.49µm
_02595_,6.49µm
_04255_,6.49µm
_04267_,6.49µm
_04289_,6.49µm
_04609_,6.49µm
_05434_,6.49µm
_05450_,6.49µm
_05539_,6.49µm
_05582_,6.49µm
_06016_,6.49µm
_06018_,6.49µm
_06240_,6.49µm
_06437_,6.49µm
_06500_,6.49µm
_06572_,6.49µm
net1158,6.49µm
net1163,6.49µm
net1194,6.49µm
net1207,6.49µm
net1237,6.49µm
net1241,6.49µm
net1330,6.49µm
net1383,6.49µm
net1389,6.49µm
net1493,6.49µm
net1582,6.49µm
net1583,6.49µm
net1610,6.49µm
net1754,6.49µm
net1773,6.49µm
net1793,6.49µm
net1845,6.49µm
net1848,6.49µm
net1851,6.49µm
_05341_,6.485µm
_05790_,6.485µm
_00043_,6.48µm
_00222_,6.48µm
_02209_,6.48µm
_02915_,6.48µm
_05600_,6.48µm
net1433,6.48µm
net1461,6.48µm
cnn_inst.proc_u0.cnn_ctrl_u0.cnn_inst.state\[4\],6.48µm
_06191_,6.45µm
_03193_,6.44µm
_05635_,6.44µm
_06669_,6.44µm
_02772_,6.43µm
_03531_,6.43µm
_06266_,6.43µm
net1638,6.425µm
_00505_,6.42µm
_03571_,6.42µm
net1165,6.39µm
net1195,6.39µm
_02856_,6.38µm
_05252_,6.38µm
_06660_,6.38µm
_02881_,6.37µm
_06243_,6.37µm
_00007_,6.36µm
_00508_,6.36µm
_00530_,6.36µm
_00783_,6.36µm
_00856_,6.36µm
_01003_,6.36µm
_01162_,6.36µm
_01165_,6.36µm
_02222_,6.36µm
_04221_,6.36µm
_06388_,6.36µm
_00291_,6.345µm
_03191_,6.345µm
_00555_,6.31µm
_00582_,6.31µm
_00650_,6.31µm
_00660_,6.31µm
_01168_,6.31µm
_05175_,6.31µm
_03152_,6.305µm
_00389_,6.3µm
_00491_,6.3µm
_00678_,6.3µm
_00874_,6.3µm
_01070_,6.3µm
_01090_,6.3µm
_01220_,6.3µm
_01665_,6.3µm
_01903_,6.3µm
_02348_,6.3µm
_02614_,6.3µm
_03331_,6.3µm
_03440_,6.3µm
_04031_,6.3µm
_04493_,6.3µm
_04587_,6.3µm
_04833_,6.3µm
_04866_,6.3µm
_05955_,6.3µm
cnn_inst.comm_mem_u0.reg_wgt_u0.Register_Weight_DataInBUS\[1\],6.3µm
_05441_,6.29µm
net1888,6.285µm
_00430_,6.27µm
_03780_,6.27µm
_05334_,6.27µm
_01025_,6.255µm
_01969_,6.25µm
_02251_,6.25µm
_02283_,6.25µm
_02863_,6.25µm
_03167_,6.25µm
_03509_,6.25µm
_03648_,6.25µm
_03799_,6.25µm
_04114_,6.25µm
_04770_,6.25µm
_04800_,6.25µm
_05299_,6.25µm
_05592_,6.25µm
_05743_,6.25µm
_06110_,6.25µm
_06790_,6.25µm
_06814_,6.25µm
net1217,6.25µm
cnn_inst.comm_mem_u0.reg_wgt_u1.Register_Weight_DataInBUS\[14\],6.25µm
cnn_inst.comm_mem_u0.reg_wgt_u1.Register_Weight_DataInBUS\[8\],6.25µm
_02434_,6.24µm
_04150_,6.24µm
_05860_,6.24µm
net1374,6.24µm
net1450,6.24µm
net1467,6.24µm
cnn_inst.comm_mem_u0.reg_img_u8.Register_Imag_DataInBUS\[20\],6.24µm
_03312_,6.235µm
_00887_,6.225µm
_03183_,6.215µm
_03815_,6.205µm
_00004_,6.19µm
_00109_,6.19µm
_00356_,6.19µm
_00616_,6.19µm
_00656_,6.19µm
_00723_,6.19µm
_00790_,6.19µm
_00819_,6.19µm
_00882_,6.19µm
_00908_,6.19µm
_00943_,6.19µm
_00961_,6.19µm
_00989_,6.19µm
_01005_,6.19µm
_01298_,6.19µm
_01302_,6.19µm
_01523_,6.19µm
_01663_,6.19µm
_02261_,6.19µm
_02338_,6.19µm
_03552_,6.19µm
_03563_,6.19µm
_03653_,6.19µm
_03897_,6.19µm
_03922_,6.19µm
_03935_,6.19µm
_04434_,6.19µm
_04474_,6.19µm
_04589_,6.19µm
_06507_,6.19µm
_06725_,6.19µm
_06810_,6.19µm
_06816_,6.19µm
_06817_,6.19µm
_00493_,6.18µm
_01098_,6.18µm
_03110_,6.18µm
_04503_,6.18µm
_04779_,6.18µm
_05085_,6.175µm
_01191_,6.165µm
_03451_,6.14µm
_06812_,6.14µm
_03851_,6.13µm
_05769_,6.13µm
net1174,6.13µm
net1362,6.13µm
net1369,6.13µm
net1654,6.13µm
net1693,6.13µm
net1860,6.13µm
_04043_,6.125µm
_00463_,6.12µm
_01474_,6.12µm
_02153_,6.12µm
_02188_,6.12µm
_02323_,6.12µm
_02369_,6.12µm
_02509_,6.12µm
_02774_,6.12µm
_02913_,6.12µm
_03085_,6.12µm
_03188_,6.12µm
_03301_,6.12µm
_03477_,6.12µm
_04262_,6.12µm
_04799_,6.12µm
_06339_,6.12µm
_06539_,6.12µm
_06574_,6.12µm
_06743_,6.12µm
_06798_,6.12µm
net1161,6.12µm
net1164,6.12µm
net1169,6.12µm
net1197,6.12µm
net1265,6.12µm
net1309,6.12µm
net1338,6.12µm
net1347,6.12µm
net1464,6.12µm
net1588,6.12µm
net1615,6.12µm
net1633,6.12µm
net1663,6.12µm
net1721,6.12µm
net1726,6.12µm
net1735,6.12µm
net1751,6.12µm
net1753,6.12µm
net1760,6.12µm
net1762,6.12µm
net1765,6.12µm
net1802,6.12µm
net1846,6.12µm
net1861,6.12µm
net1870,6.12µm
_02585_,6.115µm
_03924_,6.115µm
_04035_,6.115µm
_04210_,6.115µm
_05429_,6.115µm
_05906_,6.115µm
_03805_,6.11µm
_01057_,6.1µm
_04874_,6.1µm
_03598_,6.09µm
_06525_,6.075µm
net1869,6.075µm
_03098_,6.07µm
_02155_,6.06µm
_02371_,6.06µm
_02745_,6.06µm
_02761_,6.06µm
_04264_,6.06µm
_04887_,6.06µm
_05129_,6.06µm
_06042_,6.06µm
_03641_,6.055µm
_06622_,6.055µm
_03070_,6.045µm
_01888_,6.04µm
_04458_,6.04µm
_02573_,6.035µm
_06289_,6.03µm
_04941_,6.025µm
_00135_,6.02µm
_00138_,6.02µm
_00203_,6.02µm
_01283_,6.02µm
_03988_,6.02µm
_04409_,6.02µm
_04420_,6.02µm
_04481_,6.02µm
_04682_,6.02µm
_05370_,6.02µm
_05594_,6.02µm
_06392_,6.02µm
_06426_,6.02µm
_06436_,6.02µm
_06439_,6.02µm
_06604_,6.02µm
_02701_,6.01µm
_03293_,6.01µm
_04076_,6.01µm
_04342_,6.01µm
_04892_,6.01µm
_04900_,6.01µm
_05187_,6.01µm
_05498_,6.01µm
_05662_,6.01µm
_05886_,6.01µm
_06310_,6.01µm
_06316_,6.01µm
_06390_,6.01µm
_06495_,6.01µm
net1173,6.01µm
net1216,6.01µm
net1377,6.01µm
net1380,6.01µm
net1531,6.01µm
net1537,6.01µm
net1620,6.01µm
net1831,6.01µm
net1857,6.01µm
_01241_,6µm
_02025_,6µm
_02204_,6µm
_02438_,6µm
_02934_,6µm
_03092_,6µm
_04142_,6µm
_04321_,6µm
_04407_,6µm
_05740_,6µm
_06702_,6µm
_04341_,5.96µm
_01648_,5.94µm
_02652_,5.94µm
_04293_,5.94µm
_04521_,5.94µm
_06349_,5.935µm
_00185_,5.925µm
_01647_,5.925µm
_01976_,5.925µm
_04775_,5.925µm
_05141_,5.91µm
net1559,5.91µm
_05027_,5.9µm
_00432_,5.88µm
_00461_,5.88µm
_02027_,5.88µm
_02231_,5.88µm
_02805_,5.88µm
_02955_,5.88µm
_06305_,5.88µm
_01205_,5.865µm
_01940_,5.865µm
_05503_,5.865µm
_01881_,5.86µm
_00393_,5.85µm
_00490_,5.83µm
_00664_,5.83µm
_00694_,5.83µm
_00704_,5.83µm
_02587_,5.83µm
_00197_,5.82µm
_00311_,5.82µm
_00421_,5.82µm
_00451_,5.82µm
_00815_,5.82µm
_00924_,5.82µm
_00976_,5.82µm
_01219_,5.82µm
_01581_,5.82µm
_01585_,5.82µm
_02040_,5.82µm
_02220_,5.82µm
_02517_,5.82µm
_02648_,5.82µm
_03439_,5.82µm
_03591_,5.82µm
_03832_,5.82µm
_03882_,5.82µm
_04586_,5.82µm
_05669_,5.82µm
_05782_,5.82µm
_05814_,5.82µm
cnn_inst.comm_mem_u0.reg_wgt_u1.Register_Weight_DataInBUS\[11\],5.82µm
cnn_inst.comm_mem_u0.reg_wgt_u3.Register_Weight_DataInBUS\[4\],5.82µm
_05773_,5.805µm
net1316,5.805µm
_00569_,5.79µm
_03014_,5.775µm
_03704_,5.775µm
_01472_,5.77µm
_01633_,5.77µm
_01977_,5.77µm
_02164_,5.77µm
_02401_,5.77µm
_02503_,5.77µm
_02730_,5.77µm
_02781_,5.77µm
_03019_,5.77µm
_03247_,5.77µm
_03354_,5.77µm
_04306_,5.77µm
_04585_,5.77µm
_04741_,5.77µm
_05178_,5.77µm
_05305_,5.77µm
_05651_,5.77µm
_05775_,5.77µm
_06054_,5.77µm
_06317_,5.77µm
cnn_inst.comm_mem_u0.reg_wgt_u1.Register_Weight_DataInBUS\[6\],5.77µm
cnn_inst.comm_mem_u0.reg_wgt_u3.Register_Weight_DataInBUS\[7\],5.77µm
_00323_,5.76µm
_02914_,5.76µm
_03982_,5.76µm
_04311_,5.76µm
net1186,5.76µm
net1269,5.76µm
net1399,5.76µm
net1578,5.76µm
net1770,5.76µm
net1818,5.76µm
_04226_,5.755µm
_02388_,5.745µm
_02568_,5.745µm
_02066_,5.715µm
_06166_,5.715µm
_00183_,5.71µm
_00236_,5.71µm
_00404_,5.71µm
_00465_,5.71µm
_00548_,5.71µm
_00816_,5.71µm
_00855_,5.71µm
_01001_,5.71µm
_01571_,5.71µm
_01872_,5.71µm
_01941_,5.71µm
_01997_,5.71µm
_02419_,5.71µm
_02810_,5.71µm
_03067_,5.71µm
_03106_,5.71µm
_03228_,5.71µm
_03277_,5.71µm
_03401_,5.71µm
_03502_,5.71µm
_03695_,5.71µm
_03768_,5.71µm
_04725_,5.71µm
_04759_,5.71µm
_04805_,5.71µm
_05394_,5.71µm
_06024_,5.71µm
_06073_,5.71µm
_06122_,5.71µm
_06155_,5.71µm
_06206_,5.71µm
_06262_,5.71µm
_00477_,5.7µm
_01011_,5.7µm
_01720_,5.7µm
_03348_,5.695µm
_04082_,5.69µm
_04087_,5.685µm
_06075_,5.685µm
net1463,5.685µm
_05845_,5.675µm
_04466_,5.67µm
_06003_,5.67µm
_02489_,5.665µm
_00374_,5.65µm
_02450_,5.65µm
_03094_,5.65µm
_03212_,5.65µm
_03766_,5.65µm
_04201_,5.65µm
_04953_,5.65µm
_06667_,5.65µm
net1181,5.65µm
net1185,5.65µm
net1225,5.65µm
net1227,5.65µm
net1255,5.65µm
net1342,5.65µm
net1405,5.65µm
net1408,5.65µm
net1417,5.65µm
net1469,5.65µm
net1481,5.65µm
net1504,5.65µm
net1509,5.65µm
net1653,5.65µm
net1672,5.65µm
net1809,5.65µm
net1839,5.65µm
net1849,5.65µm
net1880,5.65µm
_00087_,5.64µm
_01125_,5.64µm
_01292_,5.64µm
_02195_,5.64µm
_02926_,5.64µm
_02958_,5.64µm
_03045_,5.64µm
_03930_,5.64µm
_04476_,5.64µm
_04622_,5.64µm
_06345_,5.64µm
_06404_,5.64µm
_06427_,5.64µm
_06579_,5.64µm
_06580_,5.64µm
_06686_,5.64µm
net1118,5.64µm
net1122,5.64µm
net1125,5.64µm
net1129,5.64µm
net1145,5.64µm
net1147,5.64µm
net1148,5.64µm
net1171,5.64µm
net1182,5.64µm
net1188,5.64µm
net1199,5.64µm
net1201,5.64µm
net1208,5.64µm
net1236,5.64µm
net1239,5.64µm
net1240,5.64µm
net1242,5.64µm
net1245,5.64µm
net1246,5.64µm
net1249,5.64µm
net1253,5.64µm
net1258,5.64µm
net1260,5.64µm
net1262,5.64µm
net1270,5.64µm
net1272,5.64µm
net1275,5.64µm
net1279,5.64µm
net1280,5.64µm
net1282,5.64µm
net1284,5.64µm
net1286,5.64µm
net1293,5.64µm
net1298,5.64µm
net1300,5.64µm
net1303,5.64µm
net1305,5.64µm
net1306,5.64µm
net1318,5.64µm
net1320,5.64µm
net1325,5.64µm
net1332,5.64µm
net1333,5.64µm
net1334,5.64µm
net1336,5.64µm
net1337,5.64µm
net1344,5.64µm
net1346,5.64µm
net1350,5.64µm
net1353,5.64µm
net1356,5.64µm
net1359,5.64µm
net1361,5.64µm
net1364,5.64µm
net1370,5.64µm
net1381,5.64µm
net1385,5.64µm
net1386,5.64µm
net1394,5.64µm
net1400,5.64µm
net1404,5.64µm
net1406,5.64µm
net1414,5.64µm
net1418,5.64µm
net1419,5.64µm
net1421,5.64µm
net1423,5.64µm
net1425,5.64µm
net1437,5.64µm
net1440,5.64µm
net1453,5.64µm
net1471,5.64µm
net1472,5.64µm
net1473,5.64µm
net1477,5.64µm
net1478,5.64µm
net1480,5.64µm
net1484,5.64µm
net1488,5.64µm
net1490,5.64µm
net1492,5.64µm
net1497,5.64µm
net1510,5.64µm
net1519,5.64µm
net1525,5.64µm
net1543,5.64µm
net1544,5.64µm
net1546,5.64µm
net1547,5.64µm
net1550,5.64µm
net1553,5.64µm
net1555,5.64µm
net1557,5.64µm
net1563,5.64µm
net1567,5.64µm
net1568,5.64µm
net1570,5.64µm
net1573,5.64µm
net1580,5.64µm
net1589,5.64µm
net1590,5.64µm
net1592,5.64µm
net1594,5.64µm
net1604,5.64µm
net1613,5.64µm
net1621,5.64µm
net1629,5.64µm
net1637,5.64µm
net1639,5.64µm
net1650,5.64µm
net1655,5.64µm
net1656,5.64µm
net1665,5.64µm
net1670,5.64µm
net1671,5.64µm
net1678,5.64µm
net1689,5.64µm
net1694,5.64µm
net1697,5.64µm
net1700,5.64µm
net1702,5.64µm
net1703,5.64µm
net1707,5.64µm
net1714,5.64µm
net1715,5.64µm
net1718,5.64µm
net1722,5.64µm
net1725,5.64µm
net1727,5.64µm
net1729,5.64µm
net1734,5.64µm
net1737,5.64µm
net1741,5.64µm
net1746,5.64µm
net1748,5.64µm
net1758,5.64µm
net1761,5.64µm
net1763,5.64µm
net1779,5.64µm
net1794,5.64µm
net1799,5.64µm
net1808,5.64µm
net1817,5.64µm
net1822,5.64µm
net1824,5.64µm
net1827,5.64µm
net1843,5.64µm
net1853,5.64µm
net1854,5.64µm
net1864,5.64µm
net1877,5.64µm
net1878,5.64µm
net1881,5.64µm
net1882,5.64µm
net1892,5.64µm
net1111,5.64µm
_02563_,5.635µm
_03126_,5.635µm
_05948_,5.635µm
_02689_,5.62µm
net1218,5.595µm
_00679_,5.59µm
_00859_,5.59µm
_00498_,5.58µm
_01112_,5.58µm
_01912_,5.58µm
_04400_,5.58µm
_04715_,5.58µm
_04837_,5.58µm
_00104_,5.54µm
_02167_,5.54µm
_03394_,5.54µm
_03426_,5.54µm
_05874_,5.54µm
_05993_,5.54µm
_06296_,5.54µm
_06366_,5.54µm
_06377_,5.54µm
_06382_,5.54µm
_06384_,5.54µm
_06402_,5.54µm
_06423_,5.54µm
_06428_,5.54µm
_06438_,5.54µm
_06459_,5.54µm
_06475_,5.54µm
_06534_,5.54µm
_06535_,5.54µm
_06554_,5.54µm
_06559_,5.54µm
_06565_,5.54µm
_06567_,5.54µm
_06597_,5.54µm
_06613_,5.54µm
_06629_,5.54µm
_06652_,5.54µm
_06696_,5.54µm
_01504_,5.53µm
_02465_,5.53µm
_02495_,5.53µm
_02556_,5.53µm
_02826_,5.53µm
_02898_,5.53µm
_03722_,5.53µm
_03890_,5.53µm
_04094_,5.53µm
_04461_,5.53µm
_04679_,5.53µm
_04871_,5.53µm
_05996_,5.53µm
_06299_,5.53µm
_06383_,5.53µm
_06617_,5.53µm
_02690_,5.52µm
_03532_,5.52µm
_04565_,5.52µm
_06313_,5.52µm
_06793_,5.51µm
_02654_,5.505µm
_03497_,5.5µm
_02588_,5.47µm
_00687_,5.46µm
_00706_,5.46µm
_01143_,5.46µm
_01178_,5.46µm
_05347_,5.46µm
_00320_,5.445µm
_02285_,5.43µm
net1403,5.43µm
net1439,5.43µm
_02883_,5.42µm
_00824_,5.415µm
_00096_,5.4µm
_00207_,5.4µm
_00221_,5.4µm
_00252_,5.4µm
_00262_,5.4µm
_00263_,5.4µm
_01273_,5.4µm
_01480_,5.4µm
_01554_,5.4µm
_01781_,5.4µm
_02414_,5.4µm
_03409_,5.4µm
_04069_,5.4µm
_04073_,5.4µm
_04734_,5.4µm
net1141,5.4µm
net1150,5.4µm
net1465,5.4µm
net1577,5.4µm
net1739,5.4µm
net1803,5.4µm
net1889,5.4µm
cnn_inst.comm_mem_u0.reg_wgt_u1.Register_Weight_DataInBUS\[1\],5.4µm
cnn_inst.comm_mem_u0.reg_wgt_u3.Register_Weight_DataInBUS\[1\],5.4µm
cnn_inst.proc_u0.cnn_ctrl_u0.state\[1\],5.39µm
_00653_,5.385µm
_01614_,5.385µm
_02977_,5.38µm
_03418_,5.365µm
_00376_,5.35µm
_00513_,5.35µm
_00702_,5.35µm
_01096_,5.35µm
_01114_,5.35µm
_01176_,5.35µm
_01187_,5.35µm
_01244_,5.35µm
_02553_,5.35µm
_04276_,5.35µm
_00139_,5.34µm
_00334_,5.34µm
_00434_,5.34µm
_00564_,5.34µm
_00714_,5.34µm
_00779_,5.34µm
_00963_,5.34µm
_01108_,5.34µm
_01243_,5.34µm
_01277_,5.34µm
_02349_,5.34µm
_03199_,5.34µm
_03261_,5.34µm
_03337_,5.34µm
_03826_,5.34µm
_04769_,5.34µm
_04854_,5.34µm
_04963_,5.34µm
_05233_,5.34µm
_06001_,5.34µm
_06131_,5.34µm
_06151_,5.34µm
_06803_,5.34µm
cnn_inst.comm_mem_u0.o_img_row00\[24\],5.34µm
cnn_inst.comm_mem_u0.reg_wgt_u1.Register_Weight_DataInBUS\[7\],5.34µm
_02843_,5.335µm
_02637_,5.31µm
_03574_,5.31µm
_00148_,5.29µm
_00169_,5.29µm
_00179_,5.29µm
_00379_,5.29µm
_01501_,5.29µm
_01557_,5.29µm
_01671_,5.29µm
_02248_,5.29µm
_02564_,5.29µm
_04029_,5.29µm
_04370_,5.29µm
_04542_,5.29µm
_04727_,5.29µm
_04782_,5.29µm
_05517_,5.29µm
_05833_,5.29µm
_05872_,5.29µm
_06061_,5.29µm
_06308_,5.29µm
_06530_,5.29µm
_06818_,5.29µm
_01227_,5.285µm
_02552_,5.28µm
_02619_,5.28µm
_04426_,5.28µm
_04439_,5.28µm
_05268_,5.28µm
net1247,5.28µm
net1313,5.28µm
net1357,5.28µm
net1371,5.28µm
net1375,5.28µm
net1378,5.28µm
net1384,5.28µm
net1434,5.28µm
net1548,5.28µm
net1640,5.28µm
net1667,5.28µm
net1756,5.28µm
net1772,5.28µm
net1825,5.28µm
net1842,5.28µm
_06335_,5.25µm
net1436,5.235µm
_00225_,5.23µm
_00384_,5.23µm
_00400_,5.23µm
_00523_,5.23µm
_00904_,5.23µm
_01131_,5.23µm
_01203_,5.23µm
_01210_,5.23µm
_01497_,5.23µm
_01507_,5.23µm
_01626_,5.23µm
_01638_,5.23µm
_02703_,5.23µm
_02779_,5.23µm
_02946_,5.23µm
_03625_,5.23µm
_03952_,5.23µm
_04157_,5.23µm
_04247_,5.23µm
_04348_,5.23µm
_04660_,5.23µm
_05857_,5.23µm
_00060_,5.22µm
_00076_,5.22µm
_00736_,5.22µm
_00793_,5.22µm
_00957_,5.22µm
_01217_,5.22µm
_01268_,5.22µm
_01281_,5.22µm
_02734_,5.22µm
_04496_,5.22µm
_05416_,5.22µm
_06161_,5.22µm
_06778_,5.22µm
_06782_,5.22µm
_03739_,5.205µm
_03592_,5.2µm
_02346_,5.195µm
_01960_,5.19µm
_04335_,5.17µm
net1114,5.17µm
net1136,5.17µm
net1210,5.17µm
net1213,5.17µm
net1278,5.17µm
net1295,5.17µm
net1319,5.17µm
net1341,5.17µm
net1349,5.17µm
net1447,5.17µm
net1474,5.17µm
net1502,5.17µm
net1513,5.17µm
net1526,5.17µm
net1532,5.17µm
net1565,5.17µm
net1587,5.17µm
net1607,5.17µm
net1800,5.17µm
net1837,5.17µm
net1855,5.17µm
_00052_,5.16µm
_00177_,5.16µm
_01182_,5.16µm
_02694_,5.16µm
_03137_,5.16µm
_03174_,5.16µm
_03589_,5.16µm
_03687_,5.16µm
_03701_,5.16µm
_04777_,5.16µm
_04886_,5.16µm
_05081_,5.16µm
_06322_,5.16µm
_06407_,5.16µm
_06454_,5.16µm
_06518_,5.16µm
_06536_,5.16µm
_06555_,5.16µm
_06585_,5.16µm
net1156,5.16µm
net1230,5.16µm
net1310,5.16µm
net1311,5.16µm
net1398,5.16µm
net1410,5.16µm
net1459,5.16µm
net1539,5.16µm
net1541,5.16µm
net1556,5.16µm
net1571,5.16µm
net1627,5.16µm
net1648,5.16µm
net1695,5.16µm
net1757,5.16µm
net1777,5.16µm
_01565_,5.155µm
_02086_,5.155µm
_02425_,5.155µm
_02821_,5.155µm
_02893_,5.155µm
_04004_,5.155µm
_04513_,5.155µm
_04754_,5.155µm
_04910_,5.155µm
_05206_,5.155µm
_04044_,5.12µm
_00672_,5.1µm
_02506_,5.1µm
_02741_,5.1µm
_02775_,5.1µm
_01906_,5.085µm
_04883_,5.08µm
_00160_,5.06µm
_00365_,5.06µm
_00401_,5.06µm
_01312_,5.06µm
_01610_,5.06µm
_01779_,5.06µm
_02820_,5.06µm
_03161_,5.06µm
_03422_,5.06µm
_04165_,5.06µm
_04170_,5.06µm
_04216_,5.06µm
_06385_,5.06µm
_06389_,5.06µm
_06393_,5.06µm
_06566_,5.06µm
_06600_,5.06µm
_06605_,5.06µm
_06609_,5.06µm
_06621_,5.06µm
_06713_,5.06µm
_06726_,5.06µm
_06739_,5.06µm
_06795_,5.06µm
_01968_,5.05µm
_02427_,5.05µm
_03972_,5.05µm
_04017_,5.05µm
_04895_,5.05µm
_05407_,5.05µm
_05649_,5.05µm
_06076_,5.05µm
_06252_,5.05µm
_06442_,5.05µm
_06527_,5.05µm
_06586_,5.05µm
_02849_,5.04µm
_03356_,5.04µm
_05702_,5.04µm
net1885,5.04µm
_03452_,5.02µm
_00495_,5µm
_01225_,5µm
_03694_,5µm
_06502_,5µm
_03029_,4.99µm
_03567_,4.99µm
_05724_,4.99µm
_00659_,4.98µm
_01094_,4.98µm
_01142_,4.98µm
_02684_,4.98µm
_04801_,4.98µm
_00686_,4.96µm
net1736,4.95µm
_02254_,4.94µm
_03431_,4.94µm
_04788_,4.94µm
_04353_,4.93µm
net1482,4.93µm
_03750_,4.925µm
_01849_,4.92µm
_02148_,4.92µm
_02208_,4.92µm
_02215_,4.92µm
_03078_,4.92µm
_03443_,4.92µm
_03578_,4.92µm
_03616_,4.92µm
_04096_,4.92µm
_04298_,4.92µm
_04433_,4.92µm
_04756_,4.92µm
_05028_,4.92µm
_05106_,4.92µm
_05419_,4.92µm
_05960_,4.92µm
_06395_,4.92µm
_06557_,4.92µm
_06640_,4.92µm
_06643_,4.92µm
cnn_inst.acc0\[10\],4.92µm
cnn_inst.comm_mem_u0.o_img_row00\[29\],4.92µm
cnn_inst.comm_mem_u0.reg_wgt_u3.Register_Weight_DataInBUS\[2\],4.92µm
_03124_,4.905µm
_03752_,4.905µm
_04291_,4.905µm
_04413_,4.905µm
_02768_,4.89µm
_00391_,4.87µm
_00395_,4.87µm
_00518_,4.87µm
_00563_,4.87µm
_00703_,4.87µm
_00720_,4.87µm
_01086_,4.87µm
_01106_,4.87µm
_01117_,4.87µm
_01190_,4.87µm
_01250_,4.87µm
_01265_,4.87µm
_02583_,4.865µm
_00231_,4.86µm
_00261_,4.86µm
_00353_,4.86µm
_00440_,4.86µm
_00557_,4.86µm
_00577_,4.86µm
_00581_,4.86µm
_00688_,4.86µm
_00780_,4.86µm
_00867_,4.86µm
_00980_,4.86µm
_01137_,4.86µm
_01282_,4.86µm
_01403_,4.86µm
_01493_,4.86µm
_01527_,4.86µm
_01670_,4.86µm
_02238_,4.86µm
_02413_,4.86µm
_02767_,4.86µm
_03026_,4.86µm
_03379_,4.86µm
_03762_,4.86µm
_04495_,4.86µm
_04977_,4.86µm
_05286_,4.86µm
_05512_,4.86µm
_05824_,4.86µm
_05980_,4.86µm
_06141_,4.86µm
_06163_,4.86µm
cnn_inst.comm_mem_u0.o_img_row01\[3\],4.86µm
cnn_inst.comm_mem_u0.reg_wgt_u0.Register_Weight_DataInBUS\[4\],4.86µm
cnn_inst.comm_mem_u0.reg_wgt_u2.Register_Weight_DataInBUS\[2\],4.86µm
cnn_inst.comm_mem_u0.reg_wgt_u3.Register_Weight_DataInBUS\[10\],4.86µm
net1624,4.845µm
_00152_,4.81µm
_01314_,4.81µm
_01506_,4.81µm
_02350_,4.81µm
_02376_,4.81µm
_03081_,4.81µm
_03536_,4.81µm
_04907_,4.81µm
_04935_,4.81µm
_05169_,4.81µm
_05684_,4.81µm
_06414_,4.81µm
cnn_inst.comm_mem_u0.reg_wgt_u0.Register_Weight_DataInBUS\[12\],4.81µm
_01238_,4.8µm
_02443_,4.8µm
_04080_,4.8µm
_04151_,4.8µm
_04880_,4.8µm
_05264_,4.8µm
net1123,4.8µm
net1128,4.8µm
net1135,4.8µm
net1144,4.8µm
net1149,4.8µm
net1159,4.8µm
net1166,4.8µm
net1172,4.8µm
net1177,4.8µm
net1178,4.8µm
net1187,4.8µm
net1189,4.8µm
net1202,4.8µm
net1203,4.8µm
net1204,4.8µm
net1209,4.8µm
net1212,4.8µm
net1215,4.8µm
net1221,4.8µm
net1229,4.8µm
net1243,4.8µm
net1250,4.8µm
net1251,4.8µm
net1257,4.8µm
net1259,4.8µm
net1263,4.8µm
net1264,4.8µm
net1266,4.8µm
net1285,4.8µm
net1288,4.8µm
net1291,4.8µm
net1294,4.8µm
net1302,4.8µm
net1314,4.8µm
net1322,4.8µm
net1323,4.8µm
net1331,4.8µm
net1335,4.8µm
net1343,4.8µm
net1348,4.8µm
net1351,4.8µm
net1354,4.8µm
net1358,4.8µm
net1367,4.8µm
net1368,4.8µm
net1382,4.8µm
net1391,4.8µm
net1393,4.8µm
net1395,4.8µm
net1401,4.8µm
net1402,4.8µm
net1409,4.8µm
net1411,4.8µm
net1412,4.8µm
net1413,4.8µm
net1415,4.8µm
net1420,4.8µm
net1424,4.8µm
net1442,4.8µm
net1443,4.8µm
net1445,4.8µm
net1454,4.8µm
net1457,4.8µm
net1458,4.8µm
net1462,4.8µm
net1487,4.8µm
net1494,4.8µm
net1498,4.8µm
net1501,4.8µm
net1503,4.8µm
net1511,4.8µm
net1516,4.8µm
net1517,4.8µm
net1518,4.8µm
net1523,4.8µm
net1533,4.8µm
net1534,4.8µm
net1540,4.8µm
net1545,4.8µm
net1549,4.8µm
net1552,4.8µm
net1554,4.8µm
net1562,4.8µm
net1572,4.8µm
net1595,4.8µm
net1598,4.8µm
net1606,4.8µm
net1608,4.8µm
net1616,4.8µm
net1617,4.8µm
net1632,4.8µm
net1642,4.8µm
net1643,4.8µm
net1645,4.8µm
net1647,4.8µm
net1649,4.8µm
net1651,4.8µm
net1652,4.8µm
net1664,4.8µm
net1673,4.8µm
net1680,4.8µm
net1683,4.8µm
net1690,4.8µm
net1699,4.8µm
net1709,4.8µm
net1712,4.8µm
net1713,4.8µm
net1717,4.8µm
net1719,4.8µm
net1720,4.8µm
net1723,4.8µm
net1728,4.8µm
net1731,4.8µm
net1738,4.8µm
net1743,4.8µm
net1752,4.8µm
net1769,4.8µm
net1785,4.8µm
net1791,4.8µm
net1792,4.8µm
net1795,4.8µm
net1798,4.8µm
net1811,4.8µm
net1816,4.8µm
net1819,4.8µm
net1823,4.8µm
net1830,4.8µm
net1833,4.8µm
net1836,4.8µm
net1840,4.8µm
net1852,4.8µm
net1859,4.8µm
net1868,4.8µm
net1872,4.8µm
net1876,4.8µm
_05044_,4.775µm
_00810_,4.77µm
_00479_,4.75µm
_00538_,4.75µm
_00588_,4.75µm
_00642_,4.75µm
_00699_,4.75µm
_03145_,4.75µm
_03561_,4.75µm
_04366_,4.75µm
_05354_,4.75µm
_00089_,4.74µm
_00608_,4.74µm
_00657_,4.74µm
_00690_,4.74µm
_00773_,4.74µm
_00851_,4.74µm
_01275_,4.74µm
_01973_,4.74µm
_02604_,4.74µm
_03202_,4.74µm
_03514_,4.74µm
_03994_,4.74µm
_04128_,4.74µm
_04784_,4.74µm
_03082_,4.705µm
_04471_,4.705µm
_04274_,4.69µm
_05063_,4.69µm
net1235,4.69µm
_01894_,4.68µm
_02058_,4.68µm
_02192_,4.68µm
_03039_,4.68µm
_03387_,4.68µm
_03767_,4.68µm
_04377_,4.68µm
_04378_,4.68µm
_04794_,4.68µm
_05487_,4.68µm
_05610_,4.68µm
_06303_,4.68µm
_06440_,4.68µm
_06501_,4.68µm
_06544_,4.68µm
_06577_,4.68µm
_06649_,4.68µm
_06786_,4.68µm
net1117,4.68µm
net1127,4.68µm
net1162,4.68µm
net1176,4.68µm
net1193,4.68µm
net1231,4.68µm
net1287,4.68µm
net1308,4.68µm
net1324,4.68µm
net1345,4.68µm
net1372,4.68µm
net1452,4.68µm
net1486,4.68µm
net1495,4.68µm
net1499,4.68µm
net1527,4.68µm
net1576,4.68µm
net1657,4.68µm
net1674,4.68µm
net1786,4.68µm
net1810,4.68µm
net1812,4.68µm
_01411_,4.675µm
_03117_,4.675µm
_03411_,4.675µm
_04061_,4.675µm
_06213_,4.675µm
_06321_,4.675µm
_01880_,4.67µm
_05778_,4.63µm
_04818_,4.625µm
_04376_,4.62µm
_04798_,4.62µm
_00048_,4.605µm
_06225_,4.605µm
net1871,4.605µm
net1152,4.59µm
net1315,4.59µm
net1328,4.59µm
net1428,4.59µm
net1579,4.59µm
_01603_,4.58µm
_01677_,4.58µm
_01732_,4.58µm
_01756_,4.58µm
_02679_,4.58µm
_03206_,4.58µm
_04088_,4.58µm
_04280_,4.58µm
_04820_,4.58µm
_05046_,4.58µm
_06072_,4.58µm
_06320_,4.58µm
_06324_,4.58µm
_06342_,4.58µm
_06347_,4.58µm
_06358_,4.58µm
_06386_,4.58µm
_06451_,4.58µm
_06455_,4.58µm
_06474_,4.58µm
_06478_,4.58µm
_06483_,4.58µm
_06504_,4.58µm
_06508_,4.58µm
_06551_,4.58µm
_06556_,4.58µm
_06581_,4.58µm
_06584_,4.58µm
_06587_,4.58µm
_06618_,4.58µm
_06619_,4.58µm
_06635_,4.58µm
_06639_,4.58µm
_06650_,4.58µm
_06662_,4.58µm
_06674_,4.58µm
_06700_,4.58µm
_06705_,4.58µm
_06709_,4.58µm
_06710_,4.58µm
_06718_,4.58µm
_06732_,4.58µm
_01284_,4.57µm
_01971_,4.57µm
_02018_,4.57µm
_02104_,4.57µm
_02147_,4.57µm
_02292_,4.57µm
_02305_,4.57µm
_02991_,4.57µm
_03273_,4.57µm
_03407_,4.57µm
_03417_,4.57µm
_03558_,4.57µm
_04048_,4.57µm
_04063_,4.57µm
_04240_,4.57µm
_04248_,4.57µm
_04464_,4.57µm
_04858_,4.57µm
_05400_,4.57µm
_05546_,4.57µm
_06047_,4.57µm
_00229_,4.56µm
_00258_,4.56µm
_00484_,4.56µm
_02165_,4.56µm
_02572_,4.56µm
_02720_,4.56µm
_03059_,4.56µm
net1850,4.56µm
_00049_,4.52µm
_03664_,4.52µm
net1687,4.515µm
_00313_,4.51µm
_02036_,4.51µm
_02064_,4.51µm
_02068_,4.51µm
_06057_,4.51µm
_00438_,4.5µm
_00592_,4.5µm
_00593_,4.5µm
_00697_,4.5µm
_01181_,4.5µm
_06133_,4.5µm
_02320_,4.485µm
net1115,4.47µm
_03369_,4.46µm
_05184_,4.46µm
_00502_,4.45µm
_04360_,4.45µm
_01398_,4.44µm
_01509_,4.44µm
_01909_,4.44µm
_03410_,4.44µm
_03941_,4.44µm
_04022_,4.44µm
_04083_,4.44µm
_04154_,4.44µm
_05254_,4.44µm
_06819_,4.44µm
cnn_inst.comm_mem_u0.spi_u0.miso_active,4.44µm
_05944_,4.425µm
net1124,4.42µm
_04738_,4.41µm
_00377_,4.39µm
_00417_,4.39µm
_00480_,4.39µm
_00614_,4.39µm
_00630_,4.39µm
_00689_,4.39µm
_00778_,4.39µm
_01134_,4.39µm
_00340_,4.38µm
_00385_,4.38µm
_00397_,4.38µm
_00405_,4.38µm
_00481_,4.38µm
_00517_,4.38µm
_00522_,4.38µm
_00568_,4.38µm
_00595_,4.38µm
_00683_,4.38µm
_00695_,4.38µm
_00721_,4.38µm
_00761_,4.38µm
_00803_,4.38µm
_00864_,4.38µm
_00945_,4.38µm
_01002_,4.38µm
_01092_,4.38µm
_01103_,4.38µm
_01200_,4.38µm
_01280_,4.38µm
_01494_,4.38µm
_01522_,4.38µm
_01578_,4.38µm
_01592_,4.38µm
_01602_,4.38µm
_01668_,4.38µm
_01995_,4.38µm
_02000_,4.38µm
_02417_,4.38µm
_02502_,4.38µm
_02520_,4.38µm
_02528_,4.38µm
_02762_,4.38µm
_02815_,4.38µm
_03162_,4.38µm
_03397_,4.38µm
_03406_,4.38µm
_03581_,4.38µm
_03619_,4.38µm
_03647_,4.38µm
_03734_,4.38µm
_04429_,4.38µm
_04755_,4.38µm
_05007_,4.38µm
_05089_,4.38µm
_05657_,4.38µm
_05991_,4.38µm
_06063_,4.38µm
_06125_,4.38µm
_06804_,4.38µm
cnn_inst.comm_mem_u0.reg_wgt_u0.Register_Weight_DataInBUS\[3\],4.38µm
_04229_,4.36µm
_06189_,4.36µm
_02971_,4.355µm
_02080_,4.33µm
_02446_,4.33µm
_02606_,4.33µm
_02725_,4.33µm
_03087_,4.33µm
_03955_,4.33µm
_06684_,4.33µm
_03099_,4.32µm
_04113_,4.32µm
_04484_,4.32µm
net1121,4.32µm
net1126,4.32µm
net1167,4.32µm
net1191,4.32µm
net1192,4.32µm
net1198,4.32µm
net1238,4.32µm
net1292,4.32µm
net1299,4.32µm
net1304,4.32µm
net1376,4.32µm
net1390,4.32µm
net1438,4.32µm
net1496,4.32µm
net1542,4.32µm
net1566,4.32µm
net1630,4.32µm
net1685,4.32µm
net1692,4.32µm
net1838,4.32µm
net1883,4.32µm
cnn_inst.acc0\[2\],4.285µm
_00189_,4.27µm
_00424_,4.27µm
_00497_,4.27µm
_00527_,4.27µm
_02968_,4.27µm
_04009_,4.27µm
_00013_,4.26µm
_00070_,4.26µm
_00302_,4.26µm
_00534_,4.26µm
_00740_,4.26µm
_00742_,4.26µm
_00933_,4.26µm
_00944_,4.26µm
_01023_,4.26µm
_01276_,4.26µm
_02355_,4.26µm
_02823_,4.26µm
_03227_,4.26µm
_03390_,4.26µm
_06285_,4.26µm
_03749_,4.235µm
_01573_,4.23µm
_04272_,4.23µm
_04428_,4.23µm
_00029_,4.2µm
_00044_,4.2µm
_01169_,4.2µm
_02483_,4.2µm
_02616_,4.2µm
_03246_,4.2µm
_03528_,4.2µm
_03621_,4.2µm
_06683_,4.2µm
net1168,4.2µm
net1175,4.2µm
net1301,4.2µm
net1355,4.2µm
net1429,4.2µm
net1524,4.2µm
net1716,4.2µm
net1775,4.2µm
_04111_,4.195µm
_04507_,4.195µm
cnn_inst.comm_mem_u0.reg_wgt_u2.Register_Weight_DataInBUS\[5\],4.195µm
cnn_inst.comm_mem_u0.reg_wgt_u2.Register_Weight_DataInBUS\[1\],4.185µm
cnn_inst.comm_mem_u0.reg_wgt_u2.Register_Weight_DataInBUS\[13\],4.18µm
_00510_,4.17µm
_04007_,4.17µm
_04457_,4.17µm
_04578_,4.17µm
_04905_,4.16µm
_00053_,4.14µm
_00178_,4.14µm
_03445_,4.14µm
_03550_,4.14µm
_04115_,4.14µm
_06763_,4.14µm
_04472_,4.125µm
_05698_,4.105µm
_00475_,4.1µm
_01682_,4.1µm
_01871_,4.1µm
_01983_,4.1µm
_02471_,4.1µm
_02559_,4.1µm
_03050_,4.1µm
_03208_,4.1µm
_03678_,4.1µm
_03937_,4.1µm
_03976_,4.1µm
_04470_,4.1µm
_05086_,4.1µm
_05165_,4.1µm
_05970_,4.1µm
_06549_,4.1µm
net1887,4.095µm
_00046_,4.09µm
_00047_,4.09µm
_00090_,4.09µm
_00095_,4.09µm
_00170_,4.09µm
_00180_,4.09µm
_00215_,4.09µm
_00216_,4.09µm
_00228_,4.09µm
_00235_,4.09µm
_00268_,4.09µm
_00270_,4.09µm
_00274_,4.09µm
_00276_,4.09µm
_00277_,4.09µm
_00282_,4.09µm
_00283_,4.09µm
_00289_,4.09µm
_00303_,4.09µm
_00305_,4.09µm
_00307_,4.09µm
_00316_,4.09µm
_00769_,4.09µm
_02078_,4.09µm
_02262_,4.09µm
_02300_,4.09µm
_02313_,4.09µm
_02435_,4.09µm
_02666_,4.09µm
_03170_,4.09µm
_03778_,4.09µm
_04213_,4.09µm
_04270_,4.09µm
_04324_,4.09µm
_05266_,4.09µm
_06292_,4.09µm
net1116,4.09µm
net1132,4.09µm
net1133,4.09µm
net1137,4.09µm
net1153,4.09µm
net1226,4.09µm
net1271,4.09µm
net1290,4.09µm
net1339,4.09µm
net1388,4.09µm
net1416,4.09µm
net1427,4.09µm
net1432,4.09µm
net1451,4.09µm
net1475,4.09µm
net1489,4.09µm
net1500,4.09µm
net1505,4.09µm
net1530,4.09µm
net1584,4.09µm
net1586,4.09µm
net1599,4.09µm
net1603,4.09µm
net1609,4.09µm
net1622,4.09µm
net1745,4.09µm
net1764,4.09µm
net1787,4.09µm
net1801,4.09µm
net1813,4.09µm
net1841,4.09µm
net1856,4.09µm
net1874,4.09µm
net1879,4.09µm
net1886,4.09µm
cnn_inst.comm_mem_u0.reg_wgt_u0.Register_Weight_DataInBUS\[7\],4.09µm
_01133_,4.065µm
_01195_,4.065µm
_02550_,4.04µm
_00411_,4.03µm
_00537_,4.03µm
_00611_,4.03µm
_01164_,4.03µm
_01911_,4.03µm
_01938_,4.03µm
_02742_,4.03µm
_04046_,4.03µm
_04159_,4.03µm
_05521_,4.03µm
_00380_,4.02µm
_00410_,4.02µm
_00469_,4.02µm
_00489_,4.02µm
_00540_,4.02µm
_00547_,4.02µm
_00558_,4.02µm
_00573_,4.02µm
_00585_,4.02µm
_00633_,4.02µm
_00635_,4.02µm
_00636_,4.02µm
_00637_,4.02µm
_00639_,4.02µm
_00647_,4.02µm
_01513_,4.02µm
_01669_,4.02µm
_03119_,4.005µm
_03495_,4.005µm
_03763_,4.005µm
_03792_,4.005µm
_01963_,4µm
_02362_,3.985µm
_03033_,3.985µm
_03171_,3.975µm
_01948_,3.97µm
_00164_,3.96µm
_00171_,3.96µm
_00243_,3.96µm
_00273_,3.96µm
_00297_,3.96µm
_02052_,3.96µm
_02116_,3.96µm
_02138_,3.96µm
_02270_,3.96µm
_02722_,3.96µm
_02764_,3.96µm
_02935_,3.96µm
_02972_,3.96µm
_03046_,3.96µm
_03180_,3.96µm
_03221_,3.96µm
_03430_,3.96µm
_03747_,3.96µm
_03809_,3.96µm
_03895_,3.96µm
_04052_,3.96µm
_04055_,3.96µm
_04093_,3.96µm
_04333_,3.96µm
_04574_,3.96µm
_04686_,3.96µm
_05348_,3.96µm
_05578_,3.96µm
_05617_,3.96µm
_05705_,3.96µm
_05719_,3.96µm
_06301_,3.96µm
_06352_,3.96µm
_06374_,3.96µm
_06399_,3.96µm
_06471_,3.96µm
cnn_inst.comm_mem_u0.reg_wgt_u0.Register_Weight_DataInBUS\[0\],3.96µm
_01299_,3.945µm
net1701,3.93µm
_04241_,3.925µm
_04771_,3.92µm
_00696_,3.91µm
_01116_,3.91µm
_03566_,3.91µm
net1515,3.91µm
_00077_,3.9µm
_00110_,3.9µm
_00118_,3.9µm
_00142_,3.9µm
_00154_,3.9µm
_00200_,3.9µm
_00233_,3.9µm
_00244_,3.9µm
_00265_,3.9µm
_00266_,3.9µm
_00357_,3.9µm
_00360_,3.9µm
_00367_,3.9µm
_00372_,3.9µm
_00398_,3.9µm
_00450_,3.9µm
_00454_,3.9µm
_00462_,3.9µm
_00464_,3.9µm
_00478_,3.9µm
_00494_,3.9µm
_00520_,3.9µm
_00532_,3.9µm
_00536_,3.9µm
_00554_,3.9µm
_00570_,3.9µm
_00572_,3.9µm
_00599_,3.9µm
_00613_,3.9µm
_00622_,3.9µm
_00634_,3.9µm
_00654_,3.9µm
_00662_,3.9µm
_00727_,3.9µm
_00760_,3.9µm
_00788_,3.9µm
_00909_,3.9µm
_00937_,3.9µm
_01132_,3.9µm
_01141_,3.9µm
_01572_,3.9µm
_01630_,3.9µm
_01697_,3.9µm
_01725_,3.9µm
_02003_,3.9µm
_02019_,3.9µm
_02223_,3.9µm
_02697_,3.9µm
_02706_,3.9µm
_02732_,3.9µm
_02875_,3.9µm
_02910_,3.9µm
_03209_,3.9µm
_03321_,3.9µm
_03419_,3.9µm
_03584_,3.9µm
_03690_,3.9µm
_04338_,3.9µm
_04956_,3.9µm
_05453_,3.9µm
_05997_,3.9µm
_06196_,3.9µm
_02998_,3.855µm
_00108_,3.85µm
_00299_,3.85µm
_00019_,3.84µm
_02145_,3.84µm
_02240_,3.84µm
_02748_,3.84µm
_03590_,3.84µm
_03615_,3.84µm
_03970_,3.84µm
_04312_,3.84µm
_04744_,3.84µm
net1130,3.84µm
net1138,3.84µm
net1160,3.84µm
net1211,3.84µm
net1254,3.84µm
net1297,3.84µm
net1312,3.84µm
net1407,3.84µm
net1522,3.84µm
net1560,3.84µm
net1600,3.84µm
net1605,3.84µm
net1749,3.84µm
net1782,3.84µm
net1784,3.84µm
net1835,3.84µm
_00483_,3.82µm
_00055_,3.78µm
_00317_,3.78µm
_00763_,3.78µm
_00995_,3.78µm
_02477_,3.78µm
_04147_,3.78µm
_05922_,3.78µm
_04492_,3.75µm
_00045_,3.72µm
_00086_,3.72µm
_00112_,3.72µm
_00143_,3.72µm
_00144_,3.72µm
_00223_,3.72µm
_00237_,3.72µm
_00238_,3.72µm
_00239_,3.72µm
_00245_,3.72µm
_00248_,3.72µm
_00254_,3.72µm
_00255_,3.72µm
_00259_,3.72µm
_00272_,3.72µm
_00290_,3.72µm
_00306_,3.72µm
_00308_,3.72µm
_00309_,3.72µm
_00310_,3.72µm
_00852_,3.72µm
_01529_,3.72µm
_01868_,3.72µm
_03987_,3.72µm
_04067_,3.72µm
_05212_,3.72µm
_05986_,3.72µm
net1205,3.72µm
net1276,3.72µm
net1296,3.72µm
net1392,3.72µm
net1468,3.72µm
net1470,3.72µm
net1483,3.72µm
net1564,3.72µm
net1596,3.72µm
net1788,3.72µm
net1790,3.72µm
net1806,3.72µm
_00102_,3.715µm
_00120_,3.715µm
_00158_,3.715µm
_00159_,3.715µm
_00167_,3.715µm
_00176_,3.715µm
_00188_,3.715µm
_00190_,3.715µm
_01714_,3.715µm
_02023_,3.715µm
_02429_,3.715µm
_02526_,3.715µm
_02769_,3.715µm
_02957_,3.715µm
_03023_,3.715µm
_03047_,3.715µm
_04105_,3.715µm
_04309_,3.715µm
_04465_,3.715µm
_04955_,3.715µm
_06197_,3.715µm
_06761_,3.715µm
_06368_,3.67µm
_04218_,3.665µm
_04404_,3.665µm
_02661_,3.66µm
_03395_,3.66µm
_03546_,3.66µm
_04168_,3.66µm
_03083_,3.655µm
_03533_,3.655µm
_04467_,3.655µm
_05524_,3.655µm
_02194_,3.645µm
net1479,3.63µm
net1646,3.63µm
_00105_,3.62µm
_00114_,3.62µm
_00132_,3.62µm
_00133_,3.62µm
_00145_,3.62µm
_00146_,3.62µm
_00147_,3.62µm
_00153_,3.62µm
_00161_,3.62µm
_00162_,3.62µm
_00182_,3.62µm
_00186_,3.62µm
_00187_,3.62µm
_00194_,3.62µm
_00196_,3.62µm
_00199_,3.62µm
_00209_,3.62µm
_00212_,3.62µm
_00264_,3.62µm
_00301_,3.62µm
_03201_,3.62µm
_03748_,3.62µm
_03969_,3.62µm
_05363_,3.62µm
_06513_,3.62µm
_00364_,3.61µm
_00416_,3.61µm
_00640_,3.61µm
_01962_,3.61µm
_02010_,3.61µm
_02245_,3.61µm
_02265_,3.61µm
_02466_,3.61µm
_02504_,3.61µm
_03643_,3.61µm
_03707_,3.61µm
_04497_,3.61µm
_04757_,3.61µm
_05101_,3.61µm
_05467_,3.61µm
_06145_,3.61µm
_06164_,3.61µm
_06792_,3.61µm
_01481_,3.6µm
_02097_,3.6µm
_04525_,3.6µm
_03163_,3.56µm
_00939_,3.55µm
_03983_,3.55µm
_00296_,3.54µm
_00337_,3.54µm
_00362_,3.54µm
_00392_,3.54µm
_00436_,3.54µm
_00501_,3.54µm
_00546_,3.54µm
_00576_,3.54µm
_00655_,3.54µm
_01099_,3.54µm
_01102_,3.54µm
_01113_,3.54µm
_01115_,3.54µm
_02406_,3.54µm
_02891_,3.54µm
_01639_,3.525µm
_00210_,3.52µm
_00084_,3.49µm
_00051_,3.48µm
_00056_,3.48µm
_00058_,3.48µm
_00062_,3.48µm
_00067_,3.48µm
_00068_,3.48µm
_00075_,3.48µm
_00082_,3.48µm
_00091_,3.48µm
_00127_,3.48µm
_00130_,3.48µm
_00219_,3.48µm
_00325_,3.48µm
_00370_,3.48µm
_01324_,3.48µm
_01486_,3.48µm
_01658_,3.48µm
_02007_,3.48µm
_02397_,3.48µm
_02510_,3.48µm
_02649_,3.48µm
_02656_,3.48µm
_02669_,3.48µm
_02873_,3.48µm
_03130_,3.48µm
_03314_,3.48µm
_04144_,3.48µm
_04156_,3.48µm
_04294_,3.48µm
_04499_,3.48µm
_04776_,3.48µm
_04891_,3.48µm
_04964_,3.48µm
_04989_,3.48µm
_04991_,3.48µm
_05631_,3.48µm
_06272_,3.48µm
_06576_,3.48µm
_06588_,3.48µm
_06601_,3.48µm
_06677_,3.48µm
_00300_,3.475µm
_00363_,3.43µm
_00054_,3.42µm
_00063_,3.42µm
_00065_,3.42µm
_00069_,3.42µm
_00072_,3.42µm
_00073_,3.42µm
_00080_,3.42µm
_00099_,3.42µm
_00103_,3.42µm
_00107_,3.42µm
_00119_,3.42µm
_00121_,3.42µm
_00123_,3.42µm
_00125_,3.42µm
_00129_,3.42µm
_00131_,3.42µm
_00137_,3.42µm
_00140_,3.42µm
_00141_,3.42µm
_00149_,3.42µm
_00150_,3.42µm
_00157_,3.42µm
_00172_,3.42µm
_00175_,3.42µm
_00218_,3.42µm
_00220_,3.42µm
_00257_,3.42µm
_00327_,3.42µm
_00344_,3.42µm
_00373_,3.42µm
_00382_,3.42µm
_00383_,3.42µm
_00394_,3.42µm
_00413_,3.42µm
_00439_,3.42µm
_00445_,3.42µm
_00448_,3.42µm
_00453_,3.42µm
_00457_,3.42µm
_00503_,3.42µm
_00531_,3.42µm
_00535_,3.42µm
_00565_,3.42µm
_00578_,3.42µm
_00617_,3.42µm
_00675_,3.42µm
_00738_,3.42µm
_00744_,3.42µm
_00755_,3.42µm
_00853_,3.42µm
_01104_,3.42µm
_01140_,3.42µm
_01209_,3.42µm
_01229_,3.42µm
_01245_,3.42µm
_01269_,3.42µm
_01279_,3.42µm
_01503_,3.42µm
_01619_,3.42µm
_01726_,3.42µm
_01731_,3.42µm
_01736_,3.42µm
_01864_,3.42µm
_01935_,3.42µm
_01953_,3.42µm
_02029_,3.42µm
_02103_,3.42µm
_02121_,3.42µm
_02125_,3.42µm
_02143_,3.42µm
_02157_,3.42µm
_02430_,3.42µm
_02454_,3.42µm
_02519_,3.42µm
_02575_,3.42µm
_02663_,3.42µm
_02675_,3.42µm
_02695_,3.42µm
_02707_,3.42µm
_02726_,3.42µm
_02731_,3.42µm
_02842_,3.42µm
_03040_,3.42µm
_03093_,3.42µm
_03217_,3.42µm
_03535_,3.42µm
_03632_,3.42µm
_03703_,3.42µm
_04152_,3.42µm
_04180_,3.42µm
_04394_,3.42µm
_04821_,3.42µm
_04836_,3.42µm
_04884_,3.42µm
_05124_,3.42µm
_05242_,3.42µm
_05444_,3.42µm
_05537_,3.42µm
_05851_,3.42µm
_06005_,3.42µm
_06194_,3.42µm
_06202_,3.42µm
_06822_,3.42µm
_03649_,3.4µm
_02030_,3.39µm
_02053_,3.39µm
_02297_,3.39µm
_02949_,3.38µm
_00017_,3.36µm
_04347_,3.36µm
net1119,3.36µm
net1180,3.36µm
net1196,3.36µm
net1396,3.36µm
net1430,3.36µm
net1593,3.36µm
net1641,3.36µm
net1691,3.36µm
net1783,3.36µm
_00106_,3.3µm
_00113_,3.3µm
_00126_,3.3µm
_00155_,3.3µm
_00156_,3.3µm
_00198_,3.3µm
_00253_,3.3µm
_00256_,3.3µm
_00298_,3.3µm
_03285_,3.27µm
_03710_,3.25µm
_04032_,3.25µm
_00352_,3.24µm
_00466_,3.24µm
_00468_,3.24µm
_00587_,3.24µm
_00606_,3.24µm
_00641_,3.24µm
_00644_,3.24µm
_01681_,3.24µm
_02312_,3.24µm
_02615_,3.24µm
_02874_,3.24µm
_03333_,3.24µm
_03505_,3.24µm
_03513_,3.24µm
_04103_,3.24µm
_04778_,3.24µm
_04969_,3.24µm
_05750_,3.24µm
_06050_,3.24µm
_06135_,3.24µm
_06799_,3.24µm
_06806_,3.24µm
_02071_,3.235µm
_02902_,3.235µm
_03833_,3.235µm
_04003_,3.235µm
_04227_,3.235µm
_04249_,3.235µm
_04410_,3.235µm
_05902_,3.235µm
_05932_,3.235µm
_06067_,3.235µm
_00594_,3.225µm
_00620_,3.225µm
_00624_,3.225µm
_00648_,3.225µm
_00700_,3.225µm
_02442_,3.21µm
_03548_,3.195µm
_02561_,3.185µm
_00422_,3.18µm
_01496_,3.18µm
_01667_,3.18µm
_04236_,3.18µm
_02395_,3.175µm
_01397_,3.14µm
_01770_,3.14µm
_02373_,3.14µm
_03127_,3.14µm
_03240_,3.14µm
_03325_,3.14µm
_03342_,3.14µm
_03603_,3.14µm
_03817_,3.14µm
_03926_,3.14µm
_04107_,3.14µm
_04728_,3.14µm
_04815_,3.14µm
_05595_,3.14µm
_06372_,3.14µm
_06801_,3.14µm
_01502_,3.13µm
_01511_,3.13µm
_01521_,3.13µm
_02387_,3.13µm
_02580_,3.13µm
_02682_,3.13µm
_02784_,3.13µm
_03731_,3.13µm
_04030_,3.13µm
_04058_,3.13µm
_04068_,3.13µm
_04358_,3.13µm
_05205_,3.13µm
_05209_,3.13µm
_05406_,3.13µm
_05601_,3.13µm
_05762_,3.13µm
_06071_,3.13µm
_06126_,3.13µm
_06205_,3.13µm
_06379_,3.13µm
_06531_,3.13µm
cnn_inst.proc_u0.cnn_ctrl_u0.cnn_inst.cnn_inst.en_maxpool,3.13µm
_04251_,3.12µm
_04259_,3.12µm
_04853_,3.12µm
_06375_,3.12µm
_02268_,3.085µm
_00571_,3.08µm
_03442_,3.08µm
_06517_,3.08µm
_03503_,3.07µm
_04021_,3.07µm
_02778_,3.065µm
_00388_,3.06µm
_00408_,3.06µm
_00446_,3.06µm
_00459_,3.06µm
_00506_,3.06µm
_00541_,3.06µm
_00549_,3.06µm
_00556_,3.06µm
_00579_,3.06µm
_00604_,3.06µm
_00631_,3.06µm
_00645_,3.06µm
_00673_,3.06µm
_00715_,3.06µm
_01160_,3.06µm
_01177_,3.06µm
_01206_,3.06µm
_01212_,3.06µm
_01230_,3.06µm
_01240_,3.06µm
_01260_,3.06µm
_01686_,3.06µm
_02581_,3.04µm
_04512_,3.04µm
_01479_,3.03µm
_02496_,3.025µm
_03169_,3.015µm
_00064_,3µm
_00083_,3µm
_00088_,3µm
_00111_,3µm
_00115_,3µm
_00134_,3µm
_00166_,3µm
_00168_,3µm
_00181_,3µm
_00205_,3µm
_00206_,3µm
_00208_,3µm
_00224_,3µm
_00227_,3µm
_00230_,3µm
_00242_,3µm
_00250_,3µm
_00267_,3µm
_00284_,3µm
_00295_,3µm
_01498_,3µm
_01526_,3µm
_01531_,3µm
_01534_,3µm
_01535_,3µm
_01635_,3µm
_01661_,3µm
_01933_,3µm
_02269_,3µm
_02353_,3µm
_02368_,3µm
_02372_,3µm
_02515_,3µm
_02569_,3µm
_02650_,3µm
_02662_,3µm
_02749_,3µm
_02776_,3µm
_02973_,3µm
_02978_,3µm
_02997_,3µm
_03262_,3µm
_03501_,3µm
_03525_,3µm
_04038_,3µm
_04079_,3µm
_04350_,3µm
_04386_,3µm
_04399_,3µm
_04412_,3µm
_04543_,3µm
_04722_,3µm
_04850_,3µm
_04951_,3µm
_05174_,3µm
_06420_,3µm
_06470_,3µm
_06472_,3µm
_06489_,3µm
_06673_,3µm
_06682_,3µm
cnn_inst.comm_mem_u0.reg_wgt_u0.Register_Weight_DataInBUS\[5\],3µm
_00192_,2.99µm
_02829_,2.98µm
net1220,2.97µm
_00018_,2.94µm
_00061_,2.94µm
_00071_,2.94µm
_00078_,2.94µm
_00079_,2.94µm
_00081_,2.94µm
_00093_,2.94µm
_00094_,2.94µm
_00116_,2.94µm
_00122_,2.94µm
_00173_,2.94µm
_00184_,2.94µm
_00202_,2.94µm
_00211_,2.94µm
_00213_,2.94µm
_00247_,2.94µm
_00249_,2.94µm
_00269_,2.94µm
_00280_,2.94µm
_00281_,2.94µm
_00312_,2.94µm
_00371_,2.94µm
_00387_,2.94µm
_00399_,2.94µm
_00500_,2.94µm
_00545_,2.94µm
_00551_,2.94µm
_00583_,2.94µm
_00680_,2.94µm
_00754_,2.94µm
_00766_,2.94µm
_01018_,2.94µm
_01218_,2.94µm
_01694_,2.94µm
_01721_,2.94µm
_01825_,2.94µm
_02294_,2.94µm
_02374_,2.94µm
_03435_,2.94µm
_03554_,2.94µm
_03600_,2.94µm
_03624_,2.94µm
_03671_,2.94µm
_03708_,2.94µm
_04389_,2.94µm
_05836_,2.94µm
_06645_,2.94µm
cnn_inst.comm_mem_u0.reg_wgt_u2.Register_Weight_DataInBUS\[9\],2.94µm
_04359_,2.83µm
_04224_,2.77µm
_00499_,2.76µm
_00552_,2.76µm
_00770_,2.76µm
_00848_,2.76µm
_01408_,2.76µm
_01478_,2.76µm
_01485_,2.76µm
_01500_,2.76µm
_01559_,2.76µm
_01568_,2.76µm
_01589_,2.76µm
_01596_,2.76µm
_01606_,2.76µm
_01651_,2.76µm
_01660_,2.76µm
_01672_,2.76µm
_01680_,2.76µm
_01688_,2.76µm
_01749_,2.76µm
_01754_,2.76µm
_01999_,2.76µm
_02041_,2.76µm
_02507_,2.76µm
_03677_,2.76µm
_03999_,2.76µm
_04325_,2.76µm
_04447_,2.76µm
_05039_,2.76µm
_05092_,2.76µm
_05753_,2.76µm
_06132_,2.76µm
_06134_,2.76µm
_06160_,2.76µm
_06789_,2.76µm
_06805_,2.76µm
_00396_,2.755µm
_00623_,2.755µm
_01508_,2.755µm
_01515_,2.755µm
_01528_,2.755µm
_01547_,2.755µm
_01598_,2.755µm
_01659_,2.755µm
_01727_,2.755µm
_02082_,2.755µm
_02432_,2.755µm
_03175_,2.755µm
_03888_,2.755µm
_04148_,2.755µm
_04590_,2.755µm
_05803_,2.755µm
_06234_,2.755µm
_04200_,2.74µm
_00426_,2.71µm
_00429_,2.71µm
_00473_,2.71µm
_00539_,2.71µm
_01105_,2.71µm
_06208_,2.7µm
_03953_,2.695µm
_03751_,2.665µm
_00318_,2.66µm
_00322_,2.66µm
_00324_,2.66µm
_00329_,2.66µm
_00339_,2.66µm
_00341_,2.66µm
_00350_,2.66µm
_00355_,2.66µm
_00368_,2.66µm
_00378_,2.66µm
_00386_,2.66µm
_00390_,2.66µm
_00406_,2.66µm
_00409_,2.66µm
_00420_,2.66µm
_00423_,2.66µm
_00441_,2.66µm
_00442_,2.66µm
_00456_,2.66µm
_00485_,2.66µm
_00488_,2.66µm
_00496_,2.66µm
_00507_,2.66µm
_00511_,2.66µm
_00512_,2.66µm
_00526_,2.66µm
_00550_,2.66µm
_00591_,2.66µm
_00596_,2.66µm
_00607_,2.66µm
_00618_,2.66µm
_00649_,2.66µm
_00677_,2.66µm
_00698_,2.66µm
_00708_,2.66µm
_00711_,2.66µm
_01097_,2.66µm
_01101_,2.66µm
_01109_,2.66µm
_01111_,2.66µm
_01129_,2.66µm
_01139_,2.66µm
_01207_,2.66µm
_01226_,2.66µm
_01400_,2.66µm
_01401_,2.66µm
_01406_,2.66µm
_01410_,2.66µm
_01518_,2.66µm
_01524_,2.66µm
_01583_,2.66µm
_01608_,2.66µm
_01612_,2.66µm
_01628_,2.66µm
_01634_,2.66µm
_01643_,2.66µm
_01691_,2.66µm
_01764_,2.66µm
_03024_,2.66µm
_03670_,2.66µm
_04195_,2.66µm
_04511_,2.66µm
_05054_,2.66µm
_05449_,2.66µm
_05957_,2.66µm
_06137_,2.66µm
_06142_,2.66µm
_06614_,2.66µm
_06637_,2.66µm
_01914_,2.65µm
_03573_,2.65µm
_03712_,2.65µm
_04098_,2.65µm
_04490_,2.65µm
_04893_,2.65µm
_05472_,2.65µm
_06280_,2.65µm
_02271_,2.625µm
_00751_,2.59µm
_00929_,2.59µm
_01030_,2.59µm
_02028_,2.59µm
_04041_,2.59µm
_04931_,2.59µm
_05531_,2.59µm
_00001_,2.58µm
_00021_,2.58µm
_00351_,2.58µm
_00354_,2.58µm
_00471_,2.58µm
_00487_,2.58µm
_00504_,2.58µm
_00514_,2.58µm
_00515_,2.58µm
_00521_,2.58µm
_00533_,2.58µm
_00542_,2.58µm
_00559_,2.58µm
_00574_,2.58µm
_00575_,2.58µm
_00584_,2.58µm
_00586_,2.58µm
_00609_,2.58µm
_00638_,2.58µm
_00666_,2.58µm
_00691_,2.58µm
_00709_,2.58µm
_01118_,2.58µm
_01163_,2.58µm
_01231_,2.58µm
_01252_,2.58µm
_04002_,2.58µm
_00414_,2.55µm
_00057_,2.52µm
_00092_,2.52µm
_00151_,2.52µm
_00174_,2.52µm
_00193_,2.52µm
_00195_,2.52µm
_00201_,2.52µm
_00204_,2.52µm
_00214_,2.52µm
_00226_,2.52µm
_00240_,2.52µm
_01395_,2.52µm
_01475_,2.52µm
_01637_,2.52µm
_02331_,2.52µm
_02341_,2.52µm
_02380_,2.52µm
_02407_,2.52µm
_02498_,2.52µm
_02667_,2.52µm
_02848_,2.52µm
_02870_,2.52µm
_03021_,2.52µm
_03290_,2.52µm
_03351_,2.52µm
_04235_,2.52µm
_04268_,2.52µm
_05587_,2.52µm
_06158_,2.52µm
_06425_,2.52µm
_06512_,2.52µm
_06542_,2.52µm
_06038_,2.49µm
_04118_,2.455µm
_04242_,2.4µm
_00251_,2.34µm
_00402_,2.34µm
_00418_,2.34µm
_00428_,2.34µm
_00435_,2.34µm
_00449_,2.34µm
_00455_,2.34µm
_00516_,2.34µm
_00519_,2.34µm
_00524_,2.34µm
_00525_,2.34µm
_00543_,2.34µm
_00553_,2.34µm
_00560_,2.34µm
_00561_,2.34µm
_00580_,2.34µm
_00589_,2.34µm
_00605_,2.34µm
_00615_,2.34µm
_00621_,2.34µm
_00625_,2.34µm
_00627_,2.34µm
_00674_,2.34µm
_00684_,2.34µm
_00705_,2.34µm
_00717_,2.34µm
_01215_,2.34µm
_01222_,2.34µm
_01247_,2.34µm
_02746_,2.34µm
_00786_,2.28µm
_00791_,2.28µm
_01233_,2.28µm
_02196_,2.28µm
_02992_,2.28µm
_03398_,2.28µm
_03489_,2.28µm
_03530_,2.28µm
_03667_,2.28µm
_03676_,2.28µm
_03977_,2.28µm
_04014_,2.28µm
_04129_,2.28µm
_04215_,2.28µm
_04252_,2.28µm
_04288_,2.28µm
_04453_,2.28µm
_04742_,2.28µm
_04787_,2.28µm
_05057_,2.28µm
_05065_,2.28µm
_05664_,2.28µm
_05796_,2.28µm
_06034_,2.28µm
_06211_,2.28µm
_06287_,2.28µm
_02278_,2.275µm
_02286_,2.275µm
_02711_,2.275µm
_02822_,2.275µm
_03100_,2.275µm
_03729_,2.275µm
_04117_,2.275µm
_04269_,2.275µm
_05848_,2.275µm
_00743_,2.22µm
_00849_,2.22µm
_02344_,2.22µm
_03691_,2.18µm
_03709_,2.18µm
_04315_,2.18µm
_04450_,2.18µm
_04785_,2.18µm
_06371_,2.18µm
_00936_,2.17µm
_00949_,2.17µm
_02447_,2.17µm
_03049_,2.17µm
_06422_,2.17µm
_06788_,2.17µm
cnn_inst.comm_mem_u0.reg_wgt_u0.Register_Weight_DataInBUS\[9\],2.12µm
_00358_,2.1µm
_00375_,2.1µm
_00407_,2.1µm
_00431_,2.1µm
_00474_,2.1µm
_00476_,2.1µm
_00482_,2.1µm
_00528_,2.1µm
_00567_,2.1µm
_00663_,2.1µm
_00671_,2.1µm
_01255_,2.1µm
_02232_,2.07µm
_04791_,2.07µm
_01041_,1.96µm
_02613_,1.9µm
_03488_,1.9µm
_03669_,1.9µm
_02288_,1.865µm
_02677_,1.86µm
_02839_,1.86µm
_00726_,1.8µm
_00735_,1.8µm
_00737_,1.8µm
_00739_,1.8µm
_00741_,1.8µm
_00745_,1.8µm
_00746_,1.8µm
_00747_,1.8µm
_00748_,1.8µm
_00749_,1.8µm
_00750_,1.8µm
_00752_,1.8µm
_00756_,1.8µm
_00757_,1.8µm
_00758_,1.8µm
_00759_,1.8µm
_00762_,1.8µm
_00764_,1.8µm
_00765_,1.8µm
_00767_,1.8µm
_00768_,1.8µm
_00771_,1.8µm
_00772_,1.8µm
_00774_,1.8µm
_00775_,1.8µm
_00776_,1.8µm
_00777_,1.8µm
_00784_,1.8µm
_00794_,1.8µm
_00796_,1.8µm
_00798_,1.8µm
_00799_,1.8µm
_00800_,1.8µm
_00808_,1.8µm
_00817_,1.8µm
_00843_,1.8µm
_00844_,1.8µm
_00846_,1.8µm
_00854_,1.8µm
_00857_,1.8µm
_00858_,1.8µm
_00860_,1.8µm
_00861_,1.8µm
_00862_,1.8µm
_00865_,1.8µm
_00916_,1.8µm
_00931_,1.8µm
_00938_,1.8µm
_00940_,1.8µm
_00946_,1.8µm
_00947_,1.8µm
_00951_,1.8µm
_00974_,1.8µm
_00978_,1.8µm
_00982_,1.8µm
_00988_,1.8µm
_01000_,1.8µm
_01007_,1.8µm
_01009_,1.8µm
_01014_,1.8µm
_01015_,1.8µm
_01016_,1.8µm
_01019_,1.8µm
_01020_,1.8µm
_01022_,1.8µm
_01068_,1.8µm
_01072_,1.8µm
_01076_,1.8µm
_01147_,1.8µm
_01151_,1.8µm
_01155_,1.8µm
_01159_,1.8µm
_01198_,1.8µm
_01199_,1.8µm
_01224_,1.8µm
_01232_,1.8µm
_01235_,1.8µm
_01237_,1.8µm
_01239_,1.8µm
_01242_,1.8µm
_01251_,1.8µm
_01253_,1.8µm
_01258_,1.8µm
_01259_,1.8µm
_01262_,1.8µm
_01263_,1.8µm
_01266_,1.8µm
_01271_,1.8µm
_01272_,1.8µm
_01300_,1.8µm
_01301_,1.8µm
_01305_,1.8µm
_01307_,1.8µm
_01308_,1.8µm
_01965_,1.8µm
_02325_,1.8µm
_02375_,1.8µm
_02664_,1.8µm
_02789_,1.8µm
_02819_,1.8µm
_02859_,1.8µm
_02877_,1.8µm
_02944_,1.8µm
_02964_,1.8µm
_03077_,1.8µm
_03254_,1.8µm
_03400_,1.8µm
_03506_,1.8µm
_03652_,1.8µm
_03725_,1.8µm
_03758_,1.8µm
_03974_,1.8µm
_04185_,1.8µm
_04196_,1.8µm
_04256_,1.8µm
_04290_,1.8µm
_04383_,1.8µm
_04677_,1.8µm
_04766_,1.8µm
_04789_,1.8µm
_04993_,1.8µm
_05879_,1.8µm
_05965_,1.8µm
_06099_,1.8µm
_06117_,1.8µm
_06265_,1.8µm
_06365_,1.8µm
_06765_,1.8µm
_06770_,1.8µm
_06772_,1.8µm
_06773_,1.8µm
_06776_,1.8µm
_06779_,1.8µm
_06783_,1.8µm
_06787_,1.8µm
_06809_,1.8µm
_06811_,1.8µm
_06813_,1.8µm
_06821_,1.8µm
cnn_inst.comm_mem_u0.reg_wgt_u0.Register_Weight_DataInBUS\[14\],1.795µm
_06419_,1.745µm
_02094_,1.705µm
_02808_,1.7µm
_03990_,1.7µm
_06418_,1.7µm
_06481_,1.7µm
_06492_,1.7µm
_02488_,1.575µm
_00031_,1.44µm
_01124_,1.44µm
_02280_,1.44µm
_02983_,1.44µm
_04572_,1.44µm
_06591_,1.44µm
_06633_,1.44µm
_00034_,1.38µm
_00734_,1.38µm
_01119_,1.38µm
_02319_,1.38µm
_02412_,1.38µm
_02714_,1.38µm
_03965_,1.38µm
_05654_,1.38µm
_05838_,1.38µm
_06526_,1.38µm
cnn_inst.acc0\[3\],1.38µm
cnn_inst.acc1\[1\],1.38µm
cnn_inst.acc1\[5\],1.38µm
cnn_inst.comm_mem_u0.o_img_row01\[0\],1.38µm
cnn_inst.comm_mem_u0.reg_wgt_u0.Register_Weight_DataInBUS\[13\],1.38µm
cnn_inst.comm_mem_u0.reg_wgt_u1.Register_Weight_DataInBUS\[13\],1.38µm
_00287_,0.96µm
_00733_,0.96µm
_01121_,0.96µm
_01126_,0.96µm
_01166_,0.96µm
_01167_,0.96µm
_01173_,0.96µm
_01174_,0.96µm
_01175_,0.96µm
_01180_,0.96µm
_01183_,0.96µm
_01188_,0.96µm
_01193_,0.96µm
_01196_,0.96µm
_01197_,0.96µm
_01289_,0.96µm
_01291_,0.96µm
_02034_,0.96µm
_02233_,0.96µm
_02409_,0.96µm
_03121_,0.96µm
_03241_,0.96µm
_04091_,0.96µm
_05024_,0.96µm
_05119_,0.96µm
_05481_,0.96µm
_06074_,0.96µm
_06302_,0.96µm
_06304_,0.96µm
_06340_,0.96µm
_06343_,0.96µm
_06351_,0.96µm
_06361_,0.96µm
_06367_,0.96µm
_06394_,0.96µm
_06400_,0.96µm
_06401_,0.96µm
_06409_,0.96µm
_06432_,0.96µm
_06468_,0.96µm
_06469_,0.96µm
_06487_,0.96µm
_06491_,0.96µm
_06506_,0.96µm
_06510_,0.96µm
_06514_,0.96µm
_06521_,0.96µm
_06532_,0.96µm
_06540_,0.96µm
_06545_,0.96µm
_06546_,0.96µm
_06676_,0.96µm
