+ define_corners nom_slow_1p08V_125C
Reading timing models for corner nom_slow_1p08V_125C…
Reading cell library for the 'nom_slow_1p08V_125C' corner at '/home/designer/projects/CNN4IC/IHP-Open-PDK/ihp-sg13g2/libs.ref/sg13g2_stdcell/lib/sg13g2_stdcell_slow_1p08V_125C.lib'…
Reading cell library for the 'nom_slow_1p08V_125C' corner at '/home/designer/projects/CNN4IC/IHP-Open-PDK/ihp-sg13g2/libs.ref/sg13g2_io/lib/sg13g2_io_slow_1p08V_3p0V_125C.lib'…
Reading top-level netlist at '/home/designer/projects/CNN4IC/unic_cass_wrapper_user_project/CLASSIFIER_plus_cross_TOP/runs/user_project_run/06-yosys-synthesis/CLASSIFIER_plus_cross_TOP.nl.v'…
Linking design 'CLASSIFIER_plus_cross_TOP' from netlist…
Reading design constraints file at '/nix/store/w99sjyq5j8hvscxr5zh2x597anf2hadx-python3-3.13.9-env/lib/python3.13/site-packages/librelane/scripts/base.sdc'…
[INFO] Using clock clk_i…
[INFO] Setting output delay to: 2
[INFO] Setting input delay to: 2
[INFO] Setting load to: 0.006
[INFO] Setting clock uncertainty to: 0.25
[INFO] Setting clock transition to: 0.15
[INFO] Setting timing derate to: 5%
%OL_CREATE_REPORT min.rpt

===========================================================================
report_checks -path_delay min (Hold)
============================================================================
======================= nom_slow_1p08V_125C Corner ===================================

No paths found.

%OL_END_REPORT
%OL_CREATE_REPORT max.rpt

===========================================================================
report_checks -path_delay max (Setup)
============================================================================
======================= nom_slow_1p08V_125C Corner ===================================

No paths found.

%OL_END_REPORT
%OL_CREATE_REPORT checks.rpt

===========================================================================
report_checks -unconstrained
===========================================================================
======================= nom_slow_1p08V_125C Corner ===================================

Startpoint: _15401_ (rising edge-triggered flip-flop)
Endpoint: _15404_ (rising edge-triggered flip-flop)
Path Group: unconstrained
Path Type: max

Fanout         Cap        Slew       Delay        Time   Description
---------------------------------------------------------------------------------------------
                      4.568424    0.000000    0.000000 ^ _15401_/CLK (sg13g2_dfrbpq_1)
    25    0.071864    0.459725    1.269679    1.269679 ^ _15401_/Q (sg13g2_dfrbpq_1)
                                                         cnn_inst.proc_u0.cnn_ctrl_u0.cnn_inst.frag_mux.frag_sel[1] (net)
                      0.459725    0.000000    1.269679 ^ _08122_/A (sg13g2_nor2b_1)
     4    0.012880    0.160284    0.225604    1.495283 v _08122_/Y (sg13g2_nor2b_1)
                                                         _01814_ (net)
                      0.160284    0.000000    1.495283 v _08135_/B (sg13g2_xnor2_1)
    25    0.073423    0.706968    0.664029    2.159313 v _08135_/Y (sg13g2_xnor2_1)
                                                         _01827_ (net)
                      0.706968    0.000000    2.159313 v _08136_/B (sg13g2_nor2_1)
   215    1.234924   15.405672   11.548189   13.707502 ^ _08136_/Y (sg13g2_nor2_1)
                                                         _01828_ (net)
                     15.405672    0.000000   13.707502 ^ _08146_/C (sg13g2_nor3_1)
    24    0.067513    3.732302    4.751408   18.458910 v _08146_/Y (sg13g2_nor3_1)
                                                         _01838_ (net)
                      3.732302    0.000000   18.458910 v _08150_/A2 (sg13g2_o21ai_1)
    52    0.170318    2.957574    3.612735   22.071644 ^ _08150_/Y (sg13g2_o21ai_1)
                                                         _01842_ (net)
                      2.957574    0.000000   22.071644 ^ _08734_/S1 (sg13g2_mux4_1)
     1    0.002692    0.101591    0.592177   22.663822 v _08734_/X (sg13g2_mux4_1)
                                                         _02426_ (net)
                      0.101591    0.000000   22.663822 v _08735_/B (sg13g2_nor2_1)
     1    0.002809    0.252066    0.099424   22.763247 ^ _08735_/Y (sg13g2_nor2_1)
                                                         _02427_ (net)
                      0.252066    0.000000   22.763247 ^ _08747_/A (sg13g2_nor3_1)
     3    0.007506    0.105498    0.162736   22.925982 v _08747_/Y (sg13g2_nor3_1)
                                                         _02439_ (net)
                      0.105498    0.000000   22.925982 v _08882_/A_N (sg13g2_nand2b_1)
     1    0.002721    0.313742    0.147987   23.073969 v _08882_/Y (sg13g2_nand2b_1)
                                                         _02574_ (net)
                      0.313742    0.000000   23.073969 v _08884_/B1 (sg13g2_a221oi_1)
     2    0.005128    0.226395    0.303446   23.377415 ^ _08884_/Y (sg13g2_a221oi_1)
                                                         _02576_ (net)
                      0.226395    0.000000   23.377415 ^ _08885_/C (sg13g2_or3_1)
     3    0.008298    0.088155    0.212459   23.589874 ^ _08885_/X (sg13g2_or3_1)
                                                         _02577_ (net)
                      0.088155    0.000000   23.589874 ^ _09227_/A1 (sg13g2_a21o_1)
     3    0.010418    0.091858    0.207876   23.797750 ^ _09227_/X (sg13g2_a21o_1)
                                                         _02919_ (net)
                      0.091858    0.000000   23.797750 ^ _09230_/A (sg13g2_xor2_1)
     2    0.007768    0.143231    0.213415   24.011166 ^ _09230_/X (sg13g2_xor2_1)
                                                         _02922_ (net)
                      0.143231    0.000000   24.011166 ^ _09231_/B (sg13g2_xor2_1)
     2    0.007700    0.163713    0.230214   24.241379 ^ _09231_/X (sg13g2_xor2_1)
                                                         _02923_ (net)
                      0.163713    0.000000   24.241379 ^ _09233_/B (sg13g2_xnor2_1)
     2    0.008475    0.169206    0.203213   24.444593 ^ _09233_/Y (sg13g2_xnor2_1)
                                                         _02925_ (net)
                      0.169206    0.000000   24.444593 ^ _09245_/A (sg13g2_xnor2_1)
     2    0.007754    0.153366    0.209768   24.654362 ^ _09245_/Y (sg13g2_xnor2_1)
                                                         _02937_ (net)
                      0.153366    0.000000   24.654362 ^ _09247_/B (sg13g2_xor2_1)
     2    0.007699    0.146502    0.234003   24.888365 ^ _09247_/X (sg13g2_xor2_1)
                                                         _02939_ (net)
                      0.146502    0.000000   24.888365 ^ _09248_/B (sg13g2_xnor2_1)
     2    0.007754    0.158190    0.193248   25.081612 ^ _09248_/Y (sg13g2_xnor2_1)
                                                         _02940_ (net)
                      0.158190    0.000000   25.081612 ^ _09250_/B (sg13g2_xor2_1)
     2    0.007699    0.146406    0.235811   25.317423 ^ _09250_/X (sg13g2_xor2_1)
                                                         _02942_ (net)
                      0.146406    0.000000   25.317423 ^ _09251_/B (sg13g2_xnor2_1)
     2    0.007759    0.158229    0.193234   25.510658 ^ _09251_/Y (sg13g2_xnor2_1)
                                                         _02943_ (net)
                      0.158229    0.000000   25.510658 ^ _09604_/B (sg13g2_xor2_1)
     2    0.007643    0.147494    0.235318   25.745975 ^ _09604_/X (sg13g2_xor2_1)
                                                         _03296_ (net)
                      0.147494    0.000000   25.745975 ^ _11652_/B (sg13g2_xnor2_1)
     2    0.007648    0.157087    0.193120   25.939095 ^ _11652_/Y (sg13g2_xnor2_1)
                                                         _05344_ (net)
                      0.157087    0.000000   25.939095 ^ _11675_/B (sg13g2_xnor2_1)
     2    0.007470    0.156480    0.195925   26.135019 ^ _11675_/Y (sg13g2_xnor2_1)
                                                         _05367_ (net)
                      0.156480    0.000000   26.135019 ^ _11863_/B (sg13g2_xnor2_1)
     2    0.007056    0.151535    0.193728   26.328749 ^ _11863_/Y (sg13g2_xnor2_1)
                                                         _05555_ (net)
                      0.151535    0.000000   26.328749 ^ _11883_/B (sg13g2_xor2_1)
     2    0.008216    0.155532    0.238050   26.566797 ^ _11883_/X (sg13g2_xor2_1)
                                                         _05575_ (net)
                      0.155532    0.000000   26.566797 ^ _12003_/B (sg13g2_xor2_1)
     2    0.007748    0.148321    0.235261   26.802059 ^ _12003_/X (sg13g2_xor2_1)
                                                         _05695_ (net)
                      0.148321    0.000000   26.802059 ^ _12047_/B (sg13g2_xnor2_1)
     2    0.007748    0.158388    0.193909   26.995968 ^ _12047_/Y (sg13g2_xnor2_1)
                                                         _05739_ (net)
                      0.158388    0.000000   26.995968 ^ _12121_/B (sg13g2_xnor2_1)
     2    0.007700    0.159366    0.197508   27.193476 ^ _12121_/Y (sg13g2_xnor2_1)
                                                         _05813_ (net)
                      0.159366    0.000000   27.193476 ^ _12129_/B (sg13g2_xnor2_1)
     2    0.008216    0.165544    0.200329   27.393803 ^ _12129_/Y (sg13g2_xnor2_1)
                                                         _05821_ (net)
                      0.165544    0.000000   27.393803 ^ _12174_/B (sg13g2_xor2_1)
     2    0.007699    0.147083    0.238568   27.632372 ^ _12174_/X (sg13g2_xor2_1)
                                                         _05866_ (net)
                      0.147083    0.000000   27.632372 ^ _12176_/B (sg13g2_xnor2_1)
     2    0.007759    0.158332    0.193491   27.825863 ^ _12176_/Y (sg13g2_xnor2_1)
                                                         _05868_ (net)
                      0.158332    0.000000   27.825863 ^ _12205_/B (sg13g2_xor2_1)
     2    0.007754    0.148841    0.236373   28.062237 ^ _12205_/X (sg13g2_xor2_1)
                                                         _05897_ (net)
                      0.148841    0.000000   28.062237 ^ _12221_/B (sg13g2_xor2_1)
     2    0.007542    0.121224    0.162176   28.224413 v _12221_/X (sg13g2_xor2_1)
                                                         _05913_ (net)
                      0.121224    0.000000   28.224413 v _12222_/A2 (sg13g2_a21oi_1)
     2    0.008641    0.154881    0.195859   28.420271 ^ _12222_/Y (sg13g2_a21oi_1)
                                                         _05914_ (net)
                      0.154881    0.000000   28.420271 ^ _12224_/A1 (sg13g2_o21ai_1)
     2    0.008030    0.119717    0.176557   28.596828 v _12224_/Y (sg13g2_o21ai_1)
                                                         _05916_ (net)
                      0.119717    0.000000   28.596828 v _12226_/A1 (sg13g2_a21oi_1)
     2    0.008641    0.154770    0.181581   28.778410 ^ _12226_/Y (sg13g2_a21oi_1)
                                                         _05918_ (net)
                      0.154770    0.000000   28.778410 ^ _12228_/A1 (sg13g2_o21ai_1)
     2    0.007958    0.119065    0.175966   28.954376 v _12228_/Y (sg13g2_o21ai_1)
                                                         _05920_ (net)
                      0.119065    0.000000   28.954376 v _12231_/A1 (sg13g2_a21oi_1)
     2    0.008641    0.153785    0.181355   29.135731 ^ _12231_/Y (sg13g2_a21oi_1)
                                                         _05923_ (net)
                      0.153785    0.000000   29.135731 ^ _12233_/A1 (sg13g2_o21ai_1)
     3    0.010793    0.144195    0.197318   29.333048 v _12233_/Y (sg13g2_o21ai_1)
                                                         _05925_ (net)
                      0.144195    0.000000   29.333048 v _12249_/A1 (sg13g2_a221oi_1)
     8    0.021162    0.508081    0.498105   29.831154 ^ _12249_/Y (sg13g2_a221oi_1)
                                                         _05941_ (net)
                      0.508081    0.000000   29.831154 ^ _12254_/B (sg13g2_nand2_1)
     1    0.002728    0.106114    0.181977   30.013130 v _12254_/Y (sg13g2_nand2_1)
                                                         _05946_ (net)
                      0.106114    0.000000   30.013130 v _12288_/A2 (sg13g2_a221oi_1)
     1    0.002931    0.162094    0.245226   30.258356 ^ _12288_/Y (sg13g2_a221oi_1)
                                                         _05980_ (net)
                      0.162094    0.000000   30.258356 ^ _12292_/A2 (sg13g2_a22oi_1)
     1    0.002986    0.085386    0.149381   30.407738 v _12292_/Y (sg13g2_a22oi_1)
                                                         _05984_ (net)
                      0.085386    0.000000   30.407738 v _12293_/A2 (sg13g2_o21ai_1)
    16    0.075274    1.149036    0.908109   31.315847 ^ _12293_/Y (sg13g2_o21ai_1)
                                                         _05985_ (net)
                      1.149036    0.000000   31.315847 ^ _12310_/S (sg13g2_mux2_1)
     1    0.001355    0.061780    0.469750   31.785597 v _12310_/X (sg13g2_mux2_1)
                                                         _01293_ (net)
                      0.061780    0.000000   31.785597 v _15404_/D (sg13g2_dfrbpq_1)
                                             31.785597   data arrival time
---------------------------------------------------------------------------------------------
(Path is unconstrained)




===========================================================================
report_checks --slack_max -0.01
============================================================================
======================= nom_slow_1p08V_125C Corner ===================================

No paths found.


===========================================================================
 report_check_types -max_slew -max_cap -max_fanout -violators
============================================================================
======================= nom_slow_1p08V_125C Corner ===================================

max slew

Pin                                        Limit        Slew       Slack
------------------------------------------------------------------------
_08136_/Y                               2.507400   15.405672  -12.898272 (VIOLATED)
_08138_/B1                              2.507400   15.405672  -12.898272 (VIOLATED)
_08146_/C                               2.507400   15.405672  -12.898272 (VIOLATED)
_08157_/B                               2.507400   15.405672  -12.898272 (VIOLATED)
_08158_/A2                              2.507400   15.405672  -12.898272 (VIOLATED)
_08160_/B1                              2.507400   15.405672  -12.898272 (VIOLATED)
_08163_/B                               2.507400   15.405672  -12.898272 (VIOLATED)
_08164_/A2                              2.507400   15.405672  -12.898272 (VIOLATED)
_08165_/B                               2.507400   15.405672  -12.898272 (VIOLATED)
_08166_/A2                              2.507400   15.405672  -12.898272 (VIOLATED)
_08174_/B                               2.507400   15.405672  -12.898272 (VIOLATED)
_08176_/S                               2.507400   15.405672  -12.898272 (VIOLATED)
_08177_/S                               2.507400   15.405672  -12.898272 (VIOLATED)
_08187_/S                               2.507400   15.405672  -12.898272 (VIOLATED)
_08194_/S                               2.507400   15.405672  -12.898272 (VIOLATED)
_08195_/S                               2.507400   15.405672  -12.898272 (VIOLATED)
_08201_/S                               2.507400   15.405672  -12.898272 (VIOLATED)
_08204_/B1                              2.507400   15.405672  -12.898272 (VIOLATED)
_08208_/A2                              2.507400   15.405672  -12.898272 (VIOLATED)
_08227_/S                               2.507400   15.405672  -12.898272 (VIOLATED)
_08228_/S                               2.507400   15.405672  -12.898272 (VIOLATED)
_08231_/S0                              2.507400   15.405672  -12.898272 (VIOLATED)
_08241_/B                               2.507400   15.405672  -12.898272 (VIOLATED)
_08242_/A2                              2.507400   15.405672  -12.898272 (VIOLATED)
_08244_/B                               2.507400   15.405672  -12.898272 (VIOLATED)
_08247_/S0                              2.507400   15.405672  -12.898272 (VIOLATED)
_08253_/S                               2.507400   15.405672  -12.898272 (VIOLATED)
_08254_/S                               2.507400   15.405672  -12.898272 (VIOLATED)
_08257_/S                               2.507400   15.405672  -12.898272 (VIOLATED)
_08258_/S                               2.507400   15.405672  -12.898272 (VIOLATED)
_08266_/B                               2.507400   15.405672  -12.898272 (VIOLATED)
_08267_/A2                              2.507400   15.405672  -12.898272 (VIOLATED)
_08273_/B                               2.507400   15.405672  -12.898272 (VIOLATED)
_08274_/A2                              2.507400   15.405672  -12.898272 (VIOLATED)
_08288_/S                               2.507400   15.405672  -12.898272 (VIOLATED)
_08289_/S                               2.507400   15.405672  -12.898272 (VIOLATED)
_08303_/B                               2.507400   15.405672  -12.898272 (VIOLATED)
_08304_/A2                              2.507400   15.405672  -12.898272 (VIOLATED)
_08307_/B                               2.507400   15.405672  -12.898272 (VIOLATED)
_08308_/A2                              2.507400   15.405672  -12.898272 (VIOLATED)
_08315_/B                               2.507400   15.405672  -12.898272 (VIOLATED)
_08320_/S                               2.507400   15.405672  -12.898272 (VIOLATED)
_08321_/S                               2.507400   15.405672  -12.898272 (VIOLATED)
_08323_/S0                              2.507400   15.405672  -12.898272 (VIOLATED)
_08328_/S                               2.507400   15.405672  -12.898272 (VIOLATED)
_08329_/S                               2.507400   15.405672  -12.898272 (VIOLATED)
_08331_/S0                              2.507400   15.405672  -12.898272 (VIOLATED)
_08334_/S0                              2.507400   15.405672  -12.898272 (VIOLATED)
_08335_/S0                              2.507400   15.405672  -12.898272 (VIOLATED)
_08370_/S                               2.507400   15.405672  -12.898272 (VIOLATED)
_08371_/S                               2.507400   15.405672  -12.898272 (VIOLATED)
_08376_/S0                              2.507400   15.405672  -12.898272 (VIOLATED)
_08378_/S0                              2.507400   15.405672  -12.898272 (VIOLATED)
_08381_/S                               2.507400   15.405672  -12.898272 (VIOLATED)
_08382_/S                               2.507400   15.405672  -12.898272 (VIOLATED)
_08384_/S                               2.507400   15.405672  -12.898272 (VIOLATED)
_08385_/S                               2.507400   15.405672  -12.898272 (VIOLATED)
_08396_/S                               2.507400   15.405672  -12.898272 (VIOLATED)
_08410_/S0                              2.507400   15.405672  -12.898272 (VIOLATED)
_08412_/B1                              2.507400   15.405672  -12.898272 (VIOLATED)
_08418_/S                               2.507400   15.405672  -12.898272 (VIOLATED)
_08419_/S                               2.507400   15.405672  -12.898272 (VIOLATED)
_08423_/S0                              2.507400   15.405672  -12.898272 (VIOLATED)
_08464_/S0                              2.507400   15.405672  -12.898272 (VIOLATED)
_08471_/S0                              2.507400   15.405672  -12.898272 (VIOLATED)
_08480_/S                               2.507400   15.405672  -12.898272 (VIOLATED)
_08481_/S                               2.507400   15.405672  -12.898272 (VIOLATED)
_08482_/S                               2.507400   15.405672  -12.898272 (VIOLATED)
_08483_/S                               2.507400   15.405672  -12.898272 (VIOLATED)
_08494_/A2                              2.507400   15.405672  -12.898272 (VIOLATED)
_08526_/S0                              2.507400   15.405672  -12.898272 (VIOLATED)
_08529_/S0                              2.507400   15.405672  -12.898272 (VIOLATED)
_08533_/S0                              2.507400   15.405672  -12.898272 (VIOLATED)
_08538_/S0                              2.507400   15.405672  -12.898272 (VIOLATED)
_08540_/S0                              2.507400   15.405672  -12.898272 (VIOLATED)
_08560_/S                               2.507400   15.405672  -12.898272 (VIOLATED)
_08561_/S                               2.507400   15.405672  -12.898272 (VIOLATED)
_08563_/S                               2.507400   15.405672  -12.898272 (VIOLATED)
_08565_/S                               2.507400   15.405672  -12.898272 (VIOLATED)
_08567_/S0                              2.507400   15.405672  -12.898272 (VIOLATED)
_08578_/S0                              2.507400   15.405672  -12.898272 (VIOLATED)
_08582_/B                               2.507400   15.405672  -12.898272 (VIOLATED)
_08585_/B                               2.507400   15.405672  -12.898272 (VIOLATED)
_08588_/B                               2.507400   15.405672  -12.898272 (VIOLATED)
_08590_/S0                              2.507400   15.405672  -12.898272 (VIOLATED)
_08595_/S0                              2.507400   15.405672  -12.898272 (VIOLATED)
_08652_/B                               2.507400   15.405672  -12.898272 (VIOLATED)
_08653_/A2                              2.507400   15.405672  -12.898272 (VIOLATED)
_08677_/S                               2.507400   15.405672  -12.898272 (VIOLATED)
_08685_/S0                              2.507400   15.405672  -12.898272 (VIOLATED)
_08724_/S0                              2.507400   15.405672  -12.898272 (VIOLATED)
_08726_/S0                              2.507400   15.405672  -12.898272 (VIOLATED)
_08728_/S0                              2.507400   15.405672  -12.898272 (VIOLATED)
_08753_/S0                              2.507400   15.405672  -12.898272 (VIOLATED)
_08755_/D                               2.507400   15.405672  -12.898272 (VIOLATED)
_08761_/S0                              2.507400   15.405672  -12.898272 (VIOLATED)
_08763_/B                               2.507400   15.405672  -12.898272 (VIOLATED)
_08771_/S                               2.507400   15.405672  -12.898272 (VIOLATED)
_08772_/S                               2.507400   15.405672  -12.898272 (VIOLATED)
_08802_/S0                              2.507400   15.405672  -12.898272 (VIOLATED)
_08804_/S0                              2.507400   15.405672  -12.898272 (VIOLATED)
_08808_/S                               2.507400   15.405672  -12.898272 (VIOLATED)
_08809_/S                               2.507400   15.405672  -12.898272 (VIOLATED)
_08814_/S0                              2.507400   15.405672  -12.898272 (VIOLATED)
_08907_/S                               2.507400   15.405672  -12.898272 (VIOLATED)
_08908_/S                               2.507400   15.405672  -12.898272 (VIOLATED)
_08909_/A2                              2.507400   15.405672  -12.898272 (VIOLATED)
_08910_/S                               2.507400   15.405672  -12.898272 (VIOLATED)
_08915_/S                               2.507400   15.405672  -12.898272 (VIOLATED)
_08916_/S                               2.507400   15.405672  -12.898272 (VIOLATED)
_08959_/S                               2.507400   15.405672  -12.898272 (VIOLATED)
_08960_/B                               2.507400   15.405672  -12.898272 (VIOLATED)
_08961_/S                               2.507400   15.405672  -12.898272 (VIOLATED)
_08972_/B                               2.507400   15.405672  -12.898272 (VIOLATED)
_08973_/A2                              2.507400   15.405672  -12.898272 (VIOLATED)
_08992_/S0                              2.507400   15.405672  -12.898272 (VIOLATED)
_08997_/S0                              2.507400   15.405672  -12.898272 (VIOLATED)
_09020_/S0                              2.507400   15.405672  -12.898272 (VIOLATED)
_09029_/S0                              2.507400   15.405672  -12.898272 (VIOLATED)
_09033_/S0                              2.507400   15.405672  -12.898272 (VIOLATED)
_09094_/S0                              2.507400   15.405672  -12.898272 (VIOLATED)
_09097_/B                               2.507400   15.405672  -12.898272 (VIOLATED)
_09098_/S0                              2.507400   15.405672  -12.898272 (VIOLATED)
_09099_/S0                              2.507400   15.405672  -12.898272 (VIOLATED)
_09110_/S0                              2.507400   15.405672  -12.898272 (VIOLATED)
_09113_/S0                              2.507400   15.405672  -12.898272 (VIOLATED)
_09133_/C                               2.507400   15.405672  -12.898272 (VIOLATED)
_09149_/S                               2.507400   15.405672  -12.898272 (VIOLATED)
_09151_/B                               2.507400   15.405672  -12.898272 (VIOLATED)
_09152_/A2                              2.507400   15.405672  -12.898272 (VIOLATED)
_09175_/S                               2.507400   15.405672  -12.898272 (VIOLATED)
_09255_/S0                              2.507400   15.405672  -12.898272 (VIOLATED)
_09261_/B                               2.507400   15.405672  -12.898272 (VIOLATED)
_09262_/A2                              2.507400   15.405672  -12.898272 (VIOLATED)
_09263_/B                               2.507400   15.405672  -12.898272 (VIOLATED)
_09264_/A2                              2.507400   15.405672  -12.898272 (VIOLATED)
_09268_/B                               2.507400   15.405672  -12.898272 (VIOLATED)
_09271_/B                               2.507400   15.405672  -12.898272 (VIOLATED)
_09295_/B                               2.507400   15.405672  -12.898272 (VIOLATED)
_09296_/S0                              2.507400   15.405672  -12.898272 (VIOLATED)
_09331_/B                               2.507400   15.405672  -12.898272 (VIOLATED)
_09332_/B                               2.507400   15.405672  -12.898272 (VIOLATED)
_09334_/B                               2.507400   15.405672  -12.898272 (VIOLATED)
_09335_/S0                              2.507400   15.405672  -12.898272 (VIOLATED)
_09336_/S0                              2.507400   15.405672  -12.898272 (VIOLATED)
_09341_/B                               2.507400   15.405672  -12.898272 (VIOLATED)
_09342_/A2                              2.507400   15.405672  -12.898272 (VIOLATED)
_09343_/S                               2.507400   15.405672  -12.898272 (VIOLATED)
_09350_/S0                              2.507400   15.405672  -12.898272 (VIOLATED)
_09360_/S0                              2.507400   15.405672  -12.898272 (VIOLATED)
_09370_/S                               2.507400   15.405672  -12.898272 (VIOLATED)
_09371_/S                               2.507400   15.405672  -12.898272 (VIOLATED)
_09383_/B                               2.507400   15.405672  -12.898272 (VIOLATED)
_09384_/A2                              2.507400   15.405672  -12.898272 (VIOLATED)
_09385_/B                               2.507400   15.405672  -12.898272 (VIOLATED)
_09386_/A2                              2.507400   15.405672  -12.898272 (VIOLATED)
_09398_/S0                              2.507400   15.405672  -12.898272 (VIOLATED)
_09439_/A2                              2.507400   15.405672  -12.898272 (VIOLATED)
_09440_/A2                              2.507400   15.405672  -12.898272 (VIOLATED)
_09463_/S0                              2.507400   15.405672  -12.898272 (VIOLATED)
_09480_/A2                              2.507400   15.405672  -12.898272 (VIOLATED)
_09492_/A2                              2.507400   15.405672  -12.898272 (VIOLATED)
_09493_/A2                              2.507400   15.405672  -12.898272 (VIOLATED)
_09522_/S0                              2.507400   15.405672  -12.898272 (VIOLATED)
_09726_/A2                              2.507400   15.405672  -12.898272 (VIOLATED)
_09787_/S                               2.507400   15.405672  -12.898272 (VIOLATED)
_09788_/S                               2.507400   15.405672  -12.898272 (VIOLATED)
_09791_/S                               2.507400   15.405672  -12.898272 (VIOLATED)
_09792_/S                               2.507400   15.405672  -12.898272 (VIOLATED)
_09856_/S                               2.507400   15.405672  -12.898272 (VIOLATED)
_09871_/S                               2.507400   15.405672  -12.898272 (VIOLATED)
_09922_/S0                              2.507400   15.405672  -12.898272 (VIOLATED)
_09923_/S0                              2.507400   15.405672  -12.898272 (VIOLATED)
_09927_/S                               2.507400   15.405672  -12.898272 (VIOLATED)
_09929_/S                               2.507400   15.405672  -12.898272 (VIOLATED)
_09974_/S0                              2.507400   15.405672  -12.898272 (VIOLATED)
_09983_/B                               2.507400   15.405672  -12.898272 (VIOLATED)
_09986_/B                               2.507400   15.405672  -12.898272 (VIOLATED)
_09997_/A2                              2.507400   15.405672  -12.898272 (VIOLATED)
_10006_/A2                              2.507400   15.405672  -12.898272 (VIOLATED)
_10020_/S0                              2.507400   15.405672  -12.898272 (VIOLATED)
_10024_/S                               2.507400   15.405672  -12.898272 (VIOLATED)
_10025_/S                               2.507400   15.405672  -12.898272 (VIOLATED)
_10262_/S0                              2.507400   15.405672  -12.898272 (VIOLATED)
_10271_/S0                              2.507400   15.405672  -12.898272 (VIOLATED)
_10287_/S0                              2.507400   15.405672  -12.898272 (VIOLATED)
_10289_/S0                              2.507400   15.405672  -12.898272 (VIOLATED)
_10293_/S0                              2.507400   15.405672  -12.898272 (VIOLATED)
_10295_/S0                              2.507400   15.405672  -12.898272 (VIOLATED)
_10375_/S0                              2.507400   15.405672  -12.898272 (VIOLATED)
_10377_/S0                              2.507400   15.405672  -12.898272 (VIOLATED)
_10392_/S0                              2.507400   15.405672  -12.898272 (VIOLATED)
_10422_/S0                              2.507400   15.405672  -12.898272 (VIOLATED)
_10430_/S                               2.507400   15.405672  -12.898272 (VIOLATED)
_10432_/S0                              2.507400   15.405672  -12.898272 (VIOLATED)
_10528_/B                               2.507400   15.405672  -12.898272 (VIOLATED)
_10531_/B                               2.507400   15.405672  -12.898272 (VIOLATED)
_10535_/B                               2.507400   15.405672  -12.898272 (VIOLATED)
_10553_/B                               2.507400   15.405672  -12.898272 (VIOLATED)
_10559_/B                               2.507400   15.405672  -12.898272 (VIOLATED)
_10603_/S0                              2.507400   15.405672  -12.898272 (VIOLATED)
_10604_/S0                              2.507400   15.405672  -12.898272 (VIOLATED)
_10657_/S0                              2.507400   15.405672  -12.898272 (VIOLATED)
_10679_/S0                              2.507400   15.405672  -12.898272 (VIOLATED)
_10707_/S0                              2.507400   15.405672  -12.898272 (VIOLATED)
_10716_/S0                              2.507400   15.405672  -12.898272 (VIOLATED)
_10731_/S0                              2.507400   15.405672  -12.898272 (VIOLATED)
_10733_/S0                              2.507400   15.405672  -12.898272 (VIOLATED)
_10739_/S0                              2.507400   15.405672  -12.898272 (VIOLATED)
_10758_/A2                              2.507400   15.405672  -12.898272 (VIOLATED)
_10759_/A2                              2.507400   15.405672  -12.898272 (VIOLATED)
_10764_/S0                              2.507400   15.405672  -12.898272 (VIOLATED)
_10767_/S0                              2.507400   15.405672  -12.898272 (VIOLATED)
_11094_/S0                              2.507400   15.405672  -12.898272 (VIOLATED)
_11108_/S0                              2.507400   15.405672  -12.898272 (VIOLATED)
_11143_/S                               2.507400   15.405672  -12.898272 (VIOLATED)
_08129_/Y                               2.507400   11.015767   -8.508368 (VIOLATED)
_08171_/S0                              2.507400   11.015767   -8.508368 (VIOLATED)
_08178_/S                               2.507400   11.015767   -8.508368 (VIOLATED)
_08218_/A1                              2.507400   11.015767   -8.508368 (VIOLATED)
_08229_/S                               2.507400   11.015767   -8.508368 (VIOLATED)
_08231_/S1                              2.507400   11.015767   -8.508368 (VIOLATED)
_08247_/S1                              2.507400   11.015767   -8.508368 (VIOLATED)
_08255_/S                               2.507400   11.015767   -8.508368 (VIOLATED)
_08312_/S0                              2.507400   11.015767   -8.508368 (VIOLATED)
_08313_/S0                              2.507400   11.015767   -8.508368 (VIOLATED)
_08316_/S0                              2.507400   11.015767   -8.508368 (VIOLATED)
_08322_/S                               2.507400   11.015767   -8.508368 (VIOLATED)
_08323_/S1                              2.507400   11.015767   -8.508368 (VIOLATED)
_08330_/S                               2.507400   11.015767   -8.508368 (VIOLATED)
_08331_/S1                              2.507400   11.015767   -8.508368 (VIOLATED)
_08334_/S1                              2.507400   11.015767   -8.508368 (VIOLATED)
_08335_/S1                              2.507400   11.015767   -8.508368 (VIOLATED)
_08351_/S0                              2.507400   11.015767   -8.508368 (VIOLATED)
_08352_/S0                              2.507400   11.015767   -8.508368 (VIOLATED)
_08355_/S0                              2.507400   11.015767   -8.508368 (VIOLATED)
_08363_/S0                              2.507400   11.015767   -8.508368 (VIOLATED)
_08364_/S0                              2.507400   11.015767   -8.508368 (VIOLATED)
_08369_/S                               2.507400   11.015767   -8.508368 (VIOLATED)
_08372_/S                               2.507400   11.015767   -8.508368 (VIOLATED)
_08376_/S1                              2.507400   11.015767   -8.508368 (VIOLATED)
_08378_/S1                              2.507400   11.015767   -8.508368 (VIOLATED)
_08383_/S                               2.507400   11.015767   -8.508368 (VIOLATED)
_08386_/S                               2.507400   11.015767   -8.508368 (VIOLATED)
_08410_/S1                              2.507400   11.015767   -8.508368 (VIOLATED)
_08413_/A1                              2.507400   11.015767   -8.508368 (VIOLATED)
_08417_/A1                              2.507400   11.015767   -8.508368 (VIOLATED)
_08420_/S                               2.507400   11.015767   -8.508368 (VIOLATED)
_08423_/S1                              2.507400   11.015767   -8.508368 (VIOLATED)
_08425_/S                               2.507400   11.015767   -8.508368 (VIOLATED)
_08448_/S                               2.507400   11.015767   -8.508368 (VIOLATED)
_08463_/S0                              2.507400   11.015767   -8.508368 (VIOLATED)
_08469_/S0                              2.507400   11.015767   -8.508368 (VIOLATED)
_08474_/S0                              2.507400   11.015767   -8.508368 (VIOLATED)
_08525_/S0                              2.507400   11.015767   -8.508368 (VIOLATED)
_08536_/S0                              2.507400   11.015767   -8.508368 (VIOLATED)
_08564_/A                               2.507400   11.015767   -8.508368 (VIOLATED)
_08586_/A                               2.507400   11.015767   -8.508368 (VIOLATED)
_08681_/A1                              2.507400   11.015767   -8.508368 (VIOLATED)
_08685_/S1                              2.507400   11.015767   -8.508368 (VIOLATED)
_08720_/A                               2.507400   11.015767   -8.508368 (VIOLATED)
_08753_/S1                              2.507400   11.015767   -8.508368 (VIOLATED)
_08761_/S1                              2.507400   11.015767   -8.508368 (VIOLATED)
_08768_/S                               2.507400   11.015767   -8.508368 (VIOLATED)
_08774_/A1                              2.507400   11.015767   -8.508368 (VIOLATED)
_08802_/S1                              2.507400   11.015767   -8.508368 (VIOLATED)
_08804_/S1                              2.507400   11.015767   -8.508368 (VIOLATED)
_08810_/S                               2.507400   11.015767   -8.508368 (VIOLATED)
_08814_/S1                              2.507400   11.015767   -8.508368 (VIOLATED)
_08816_/S                               2.507400   11.015767   -8.508368 (VIOLATED)
_08831_/S0                              2.507400   11.015767   -8.508368 (VIOLATED)
_08838_/S0                              2.507400   11.015767   -8.508368 (VIOLATED)
_08839_/S0                              2.507400   11.015767   -8.508368 (VIOLATED)
_08887_/S                               2.507400   11.015767   -8.508368 (VIOLATED)
_08892_/S                               2.507400   11.015767   -8.508368 (VIOLATED)
_08894_/S                               2.507400   11.015767   -8.508368 (VIOLATED)
_08900_/A1                              2.507400   11.015767   -8.508368 (VIOLATED)
_08902_/S                               2.507400   11.015767   -8.508368 (VIOLATED)
_08911_/S0                              2.507400   11.015767   -8.508368 (VIOLATED)
_08992_/S1                              2.507400   11.015767   -8.508368 (VIOLATED)
_08995_/S                               2.507400   11.015767   -8.508368 (VIOLATED)
_08997_/S1                              2.507400   11.015767   -8.508368 (VIOLATED)
_09020_/S1                              2.507400   11.015767   -8.508368 (VIOLATED)
_09029_/S1                              2.507400   11.015767   -8.508368 (VIOLATED)
_09033_/S1                              2.507400   11.015767   -8.508368 (VIOLATED)
_09093_/S                               2.507400   11.015767   -8.508368 (VIOLATED)
_09094_/S1                              2.507400   11.015767   -8.508368 (VIOLATED)
_09098_/S1                              2.507400   11.015767   -8.508368 (VIOLATED)
_09099_/S1                              2.507400   11.015767   -8.508368 (VIOLATED)
_09105_/A                               2.507400   11.015767   -8.508368 (VIOLATED)
_09110_/S1                              2.507400   11.015767   -8.508368 (VIOLATED)
_09113_/S1                              2.507400   11.015767   -8.508368 (VIOLATED)
_09133_/B                               2.507400   11.015767   -8.508368 (VIOLATED)
_09136_/S0                              2.507400   11.015767   -8.508368 (VIOLATED)
_09141_/S                               2.507400   11.015767   -8.508368 (VIOLATED)
_09150_/A                               2.507400   11.015767   -8.508368 (VIOLATED)
_09265_/A1                              2.507400   11.015767   -8.508368 (VIOLATED)
_09266_/A1                              2.507400   11.015767   -8.508368 (VIOLATED)
_09272_/A                               2.507400   11.015767   -8.508368 (VIOLATED)
_09304_/A                               2.507400   11.015767   -8.508368 (VIOLATED)
_09338_/A1                              2.507400   11.015767   -8.508368 (VIOLATED)
_09344_/A1                              2.507400   11.015767   -8.508368 (VIOLATED)
_09345_/A1                              2.507400   11.015767   -8.508368 (VIOLATED)
_09352_/A                               2.507400   11.015767   -8.508368 (VIOLATED)
_09359_/B2                              2.507400   11.015767   -8.508368 (VIOLATED)
_09405_/A1                              2.507400   11.015767   -8.508368 (VIOLATED)
_09465_/A1                              2.507400   11.015767   -8.508368 (VIOLATED)
_09477_/S0                              2.507400   11.015767   -8.508368 (VIOLATED)
_09488_/S0                              2.507400   11.015767   -8.508368 (VIOLATED)
_09501_/S0                              2.507400   11.015767   -8.508368 (VIOLATED)
_09521_/A1                              2.507400   11.015767   -8.508368 (VIOLATED)
_09522_/S1                              2.507400   11.015767   -8.508368 (VIOLATED)
_09713_/S0                              2.507400   11.015767   -8.508368 (VIOLATED)
_09745_/S0                              2.507400   11.015767   -8.508368 (VIOLATED)
_09746_/S0                              2.507400   11.015767   -8.508368 (VIOLATED)
_09789_/A                               2.507400   11.015767   -8.508368 (VIOLATED)
_09793_/S                               2.507400   11.015767   -8.508368 (VIOLATED)
_09802_/S0                              2.507400   11.015767   -8.508368 (VIOLATED)
_09804_/S0                              2.507400   11.015767   -8.508368 (VIOLATED)
_09809_/S0                              2.507400   11.015767   -8.508368 (VIOLATED)
_09842_/S0                              2.507400   11.015767   -8.508368 (VIOLATED)
_09846_/A                               2.507400   11.015767   -8.508368 (VIOLATED)
_09858_/A                               2.507400   11.015767   -8.508368 (VIOLATED)
_09882_/S0                              2.507400   11.015767   -8.508368 (VIOLATED)
_09883_/S0                              2.507400   11.015767   -8.508368 (VIOLATED)
_09885_/S0                              2.507400   11.015767   -8.508368 (VIOLATED)
_09887_/S0                              2.507400   11.015767   -8.508368 (VIOLATED)
_09896_/S0                              2.507400   11.015767   -8.508368 (VIOLATED)
_09928_/A                               2.507400   11.015767   -8.508368 (VIOLATED)
_09962_/A                               2.507400   11.015767   -8.508368 (VIOLATED)
_09964_/A1                              2.507400   11.015767   -8.508368 (VIOLATED)
_09967_/S                               2.507400   11.015767   -8.508368 (VIOLATED)
_09978_/A                               2.507400   11.015767   -8.508368 (VIOLATED)
_09987_/A                               2.507400   11.015767   -8.508368 (VIOLATED)
_10002_/S0                              2.507400   11.015767   -8.508368 (VIOLATED)
_10020_/S1                              2.507400   11.015767   -8.508368 (VIOLATED)
_10026_/S                               2.507400   11.015767   -8.508368 (VIOLATED)
_10088_/S0                              2.507400   11.015767   -8.508368 (VIOLATED)
_10262_/S1                              2.507400   11.015767   -8.508368 (VIOLATED)
_10271_/S1                              2.507400   11.015767   -8.508368 (VIOLATED)
_10274_/A1                              2.507400   11.015767   -8.508368 (VIOLATED)
_10316_/A                               2.507400   11.015767   -8.508368 (VIOLATED)
_10375_/S1                              2.507400   11.015767   -8.508368 (VIOLATED)
_10377_/S1                              2.507400   11.015767   -8.508368 (VIOLATED)
_10392_/S1                              2.507400   11.015767   -8.508368 (VIOLATED)
_10422_/S1                              2.507400   11.015767   -8.508368 (VIOLATED)
_10426_/A1                              2.507400   11.015767   -8.508368 (VIOLATED)
_10432_/S1                              2.507400   11.015767   -8.508368 (VIOLATED)
_10464_/S0                              2.507400   11.015767   -8.508368 (VIOLATED)
_10468_/S0                              2.507400   11.015767   -8.508368 (VIOLATED)
_10469_/S0                              2.507400   11.015767   -8.508368 (VIOLATED)
_10536_/S0                              2.507400   11.015767   -8.508368 (VIOLATED)
_10599_/A                               2.507400   11.015767   -8.508368 (VIOLATED)
_10600_/A1                              2.507400   11.015767   -8.508368 (VIOLATED)
_10603_/S1                              2.507400   11.015767   -8.508368 (VIOLATED)
_10604_/S1                              2.507400   11.015767   -8.508368 (VIOLATED)
_10657_/S1                              2.507400   11.015767   -8.508368 (VIOLATED)
_10679_/S1                              2.507400   11.015767   -8.508368 (VIOLATED)
_10708_/A                               2.507400   11.015767   -8.508368 (VIOLATED)
_10731_/S1                              2.507400   11.015767   -8.508368 (VIOLATED)
_10733_/S1                              2.507400   11.015767   -8.508368 (VIOLATED)
_10739_/S1                              2.507400   11.015767   -8.508368 (VIOLATED)
_10755_/A                               2.507400   11.015767   -8.508368 (VIOLATED)
_10759_/B1                              2.507400   11.015767   -8.508368 (VIOLATED)
_10760_/A1                              2.507400   11.015767   -8.508368 (VIOLATED)
_10764_/S1                              2.507400   11.015767   -8.508368 (VIOLATED)
_10767_/S1                              2.507400   11.015767   -8.508368 (VIOLATED)
_10781_/S0                              2.507400   11.015767   -8.508368 (VIOLATED)
_10783_/S0                              2.507400   11.015767   -8.508368 (VIOLATED)
_10792_/A                               2.507400   11.015767   -8.508368 (VIOLATED)
_10801_/A                               2.507400   11.015767   -8.508368 (VIOLATED)
_10802_/A1                              2.507400   11.015767   -8.508368 (VIOLATED)
_11081_/A1                              2.507400   11.015767   -8.508368 (VIOLATED)
_11124_/S0                              2.507400   11.015767   -8.508368 (VIOLATED)
_11144_/A1                              2.507400   11.015767   -8.508368 (VIOLATED)
_11158_/S0                              2.507400   11.015767   -8.508368 (VIOLATED)
_11159_/S0                              2.507400   11.015767   -8.508368 (VIOLATED)
_11195_/A1                              2.507400   11.015767   -8.508368 (VIOLATED)
_08091_/Y                               2.507400    7.840280   -5.332880 (VIOLATED)
_12846_/B1                              2.507400    7.840280   -5.332880 (VIOLATED)
_12848_/B1                              2.507400    7.840280   -5.332880 (VIOLATED)
_12850_/B1                              2.507400    7.840280   -5.332880 (VIOLATED)
_12852_/B1                              2.507400    7.840280   -5.332880 (VIOLATED)
_12854_/B1                              2.507400    7.840280   -5.332880 (VIOLATED)
_12856_/B1                              2.507400    7.840280   -5.332880 (VIOLATED)
_12858_/B1                              2.507400    7.840280   -5.332880 (VIOLATED)
_12860_/B1                              2.507400    7.840280   -5.332880 (VIOLATED)
_12862_/B1                              2.507400    7.840280   -5.332880 (VIOLATED)
_12864_/B1                              2.507400    7.840280   -5.332880 (VIOLATED)
_12866_/B1                              2.507400    7.840280   -5.332880 (VIOLATED)
_12868_/B1                              2.507400    7.840280   -5.332880 (VIOLATED)
_12870_/B1                              2.507400    7.840280   -5.332880 (VIOLATED)
_12872_/B1                              2.507400    7.840280   -5.332880 (VIOLATED)
_12874_/B1                              2.507400    7.840280   -5.332880 (VIOLATED)
_12876_/B1                              2.507400    7.840280   -5.332880 (VIOLATED)
_12878_/B1                              2.507400    7.840280   -5.332880 (VIOLATED)
_12880_/B1                              2.507400    7.840280   -5.332880 (VIOLATED)
_12882_/B1                              2.507400    7.840280   -5.332880 (VIOLATED)
_12884_/B1                              2.507400    7.840280   -5.332880 (VIOLATED)
_12886_/B1                              2.507400    7.840280   -5.332880 (VIOLATED)
_12888_/B1                              2.507400    7.840280   -5.332880 (VIOLATED)
_12890_/B1                              2.507400    7.840280   -5.332880 (VIOLATED)
_12892_/B1                              2.507400    7.840280   -5.332880 (VIOLATED)
_12894_/B1                              2.507400    7.840280   -5.332880 (VIOLATED)
_12896_/B1                              2.507400    7.840280   -5.332880 (VIOLATED)
_12898_/B1                              2.507400    7.840280   -5.332880 (VIOLATED)
_12900_/B1                              2.507400    7.840280   -5.332880 (VIOLATED)
_12902_/B1                              2.507400    7.840280   -5.332880 (VIOLATED)
_12904_/B1                              2.507400    7.840280   -5.332880 (VIOLATED)
_12906_/B1                              2.507400    7.840280   -5.332880 (VIOLATED)
_12908_/B1                              2.507400    7.840280   -5.332880 (VIOLATED)
_12916_/B1                              2.507400    7.840280   -5.332880 (VIOLATED)
_12918_/B1                              2.507400    7.840280   -5.332880 (VIOLATED)
_12920_/B1                              2.507400    7.840280   -5.332880 (VIOLATED)
_12922_/B1                              2.507400    7.840280   -5.332880 (VIOLATED)
_12924_/B1                              2.507400    7.840280   -5.332880 (VIOLATED)
_12926_/B1                              2.507400    7.840280   -5.332880 (VIOLATED)
_12928_/B1                              2.507400    7.840280   -5.332880 (VIOLATED)
_12930_/B1                              2.507400    7.840280   -5.332880 (VIOLATED)
_12932_/B1                              2.507400    7.840280   -5.332880 (VIOLATED)
_12934_/B1                              2.507400    7.840280   -5.332880 (VIOLATED)
_12936_/B1                              2.507400    7.840280   -5.332880 (VIOLATED)
_12938_/B1                              2.507400    7.840280   -5.332880 (VIOLATED)
_12940_/B1                              2.507400    7.840280   -5.332880 (VIOLATED)
_12942_/B1                              2.507400    7.840280   -5.332880 (VIOLATED)
_12944_/B1                              2.507400    7.840280   -5.332880 (VIOLATED)
_12946_/B1                              2.507400    7.840280   -5.332880 (VIOLATED)
_12948_/B1                              2.507400    7.840280   -5.332880 (VIOLATED)
_12950_/B1                              2.507400    7.840280   -5.332880 (VIOLATED)
_12952_/B1                              2.507400    7.840280   -5.332880 (VIOLATED)
_12954_/B1                              2.507400    7.840280   -5.332880 (VIOLATED)
_12956_/B1                              2.507400    7.840280   -5.332880 (VIOLATED)
_12958_/B1                              2.507400    7.840280   -5.332880 (VIOLATED)
_12960_/B1                              2.507400    7.840280   -5.332880 (VIOLATED)
_12962_/B1                              2.507400    7.840280   -5.332880 (VIOLATED)
_12964_/B1                              2.507400    7.840280   -5.332880 (VIOLATED)
_12966_/B1                              2.507400    7.840280   -5.332880 (VIOLATED)
_12968_/B1                              2.507400    7.840280   -5.332880 (VIOLATED)
_12970_/B1                              2.507400    7.840280   -5.332880 (VIOLATED)
_12972_/B1                              2.507400    7.840280   -5.332880 (VIOLATED)
_12974_/B1                              2.507400    7.840280   -5.332880 (VIOLATED)
_12979_/B1                              2.507400    7.840280   -5.332880 (VIOLATED)
_12981_/B1                              2.507400    7.840280   -5.332880 (VIOLATED)
_12983_/B1                              2.507400    7.840280   -5.332880 (VIOLATED)
_12985_/B1                              2.507400    7.840280   -5.332880 (VIOLATED)
_12987_/B1                              2.507400    7.840280   -5.332880 (VIOLATED)
_12989_/B1                              2.507400    7.840280   -5.332880 (VIOLATED)
_12991_/B1                              2.507400    7.840280   -5.332880 (VIOLATED)
_12993_/B1                              2.507400    7.840280   -5.332880 (VIOLATED)
_12995_/B1                              2.507400    7.840280   -5.332880 (VIOLATED)
_12997_/B1                              2.507400    7.840280   -5.332880 (VIOLATED)
_12999_/B1                              2.507400    7.840280   -5.332880 (VIOLATED)
_13001_/B1                              2.507400    7.840280   -5.332880 (VIOLATED)
_13003_/B1                              2.507400    7.840280   -5.332880 (VIOLATED)
_13005_/B1                              2.507400    7.840280   -5.332880 (VIOLATED)
_13007_/B1                              2.507400    7.840280   -5.332880 (VIOLATED)
_13009_/B1                              2.507400    7.840280   -5.332880 (VIOLATED)
_13011_/B1                              2.507400    7.840280   -5.332880 (VIOLATED)
_13013_/B1                              2.507400    7.840280   -5.332880 (VIOLATED)
_13015_/B1                              2.507400    7.840280   -5.332880 (VIOLATED)
_13017_/B1                              2.507400    7.840280   -5.332880 (VIOLATED)
_13019_/B1                              2.507400    7.840280   -5.332880 (VIOLATED)
_13021_/B1                              2.507400    7.840280   -5.332880 (VIOLATED)
_13023_/B1                              2.507400    7.840280   -5.332880 (VIOLATED)
_13025_/B1                              2.507400    7.840280   -5.332880 (VIOLATED)
_13027_/B1                              2.507400    7.840280   -5.332880 (VIOLATED)
_13029_/B1                              2.507400    7.840280   -5.332880 (VIOLATED)
_13031_/B1                              2.507400    7.840280   -5.332880 (VIOLATED)
_13033_/B1                              2.507400    7.840280   -5.332880 (VIOLATED)
_13035_/B1                              2.507400    7.840280   -5.332880 (VIOLATED)
_13037_/B1                              2.507400    7.840280   -5.332880 (VIOLATED)
_13043_/B1                              2.507400    7.840280   -5.332880 (VIOLATED)
_13045_/B1                              2.507400    7.840280   -5.332880 (VIOLATED)
_13047_/B1                              2.507400    7.840280   -5.332880 (VIOLATED)
_13049_/B1                              2.507400    7.840280   -5.332880 (VIOLATED)
_13051_/B1                              2.507400    7.840280   -5.332880 (VIOLATED)
_13053_/B1                              2.507400    7.840280   -5.332880 (VIOLATED)
_13055_/B1                              2.507400    7.840280   -5.332880 (VIOLATED)
_13057_/B1                              2.507400    7.840280   -5.332880 (VIOLATED)
_13059_/B1                              2.507400    7.840280   -5.332880 (VIOLATED)
_13061_/B1                              2.507400    7.840280   -5.332880 (VIOLATED)
_13063_/B1                              2.507400    7.840280   -5.332880 (VIOLATED)
_13065_/B1                              2.507400    7.840280   -5.332880 (VIOLATED)
_13067_/B1                              2.507400    7.840280   -5.332880 (VIOLATED)
_13069_/B1                              2.507400    7.840280   -5.332880 (VIOLATED)
_13071_/B1                              2.507400    7.840280   -5.332880 (VIOLATED)
_13073_/B1                              2.507400    7.840280   -5.332880 (VIOLATED)
_13075_/B1                              2.507400    7.840280   -5.332880 (VIOLATED)
_13077_/B1                              2.507400    7.840280   -5.332880 (VIOLATED)
_13079_/B1                              2.507400    7.840280   -5.332880 (VIOLATED)
_13081_/B1                              2.507400    7.840280   -5.332880 (VIOLATED)
_13083_/B1                              2.507400    7.840280   -5.332880 (VIOLATED)
_13085_/B1                              2.507400    7.840280   -5.332880 (VIOLATED)
_13087_/B1                              2.507400    7.840280   -5.332880 (VIOLATED)
_13089_/B1                              2.507400    7.840280   -5.332880 (VIOLATED)
_13091_/B1                              2.507400    7.840280   -5.332880 (VIOLATED)
_13093_/B1                              2.507400    7.840280   -5.332880 (VIOLATED)
_13095_/B1                              2.507400    7.840280   -5.332880 (VIOLATED)
_13097_/B1                              2.507400    7.840280   -5.332880 (VIOLATED)
_13099_/B1                              2.507400    7.840280   -5.332880 (VIOLATED)
_13101_/B1                              2.507400    7.840280   -5.332880 (VIOLATED)
_13106_/B1                              2.507400    7.840280   -5.332880 (VIOLATED)
_13108_/B1                              2.507400    7.840280   -5.332880 (VIOLATED)
_13110_/B1                              2.507400    7.840280   -5.332880 (VIOLATED)
_13112_/B1                              2.507400    7.840280   -5.332880 (VIOLATED)
_13114_/B1                              2.507400    7.840280   -5.332880 (VIOLATED)
_13116_/B1                              2.507400    7.840280   -5.332880 (VIOLATED)
_13118_/B1                              2.507400    7.840280   -5.332880 (VIOLATED)
_13120_/B1                              2.507400    7.840280   -5.332880 (VIOLATED)
_13122_/B1                              2.507400    7.840280   -5.332880 (VIOLATED)
_13124_/B1                              2.507400    7.840280   -5.332880 (VIOLATED)
_13126_/B1                              2.507400    7.840280   -5.332880 (VIOLATED)
_13128_/B1                              2.507400    7.840280   -5.332880 (VIOLATED)
_13130_/B1                              2.507400    7.840280   -5.332880 (VIOLATED)
_13132_/B1                              2.507400    7.840280   -5.332880 (VIOLATED)
_13134_/B1                              2.507400    7.840280   -5.332880 (VIOLATED)
_13136_/B1                              2.507400    7.840280   -5.332880 (VIOLATED)
_13138_/B1                              2.507400    7.840280   -5.332880 (VIOLATED)
_13140_/B1                              2.507400    7.840280   -5.332880 (VIOLATED)
_13142_/B1                              2.507400    7.840280   -5.332880 (VIOLATED)
_13144_/B1                              2.507400    7.840280   -5.332880 (VIOLATED)
_13146_/B1                              2.507400    7.840280   -5.332880 (VIOLATED)
_13148_/B1                              2.507400    7.840280   -5.332880 (VIOLATED)
_13150_/B1                              2.507400    7.840280   -5.332880 (VIOLATED)
_13152_/B1                              2.507400    7.840280   -5.332880 (VIOLATED)
_13154_/B1                              2.507400    7.840280   -5.332880 (VIOLATED)
_13156_/B1                              2.507400    7.840280   -5.332880 (VIOLATED)
_13158_/B1                              2.507400    7.840280   -5.332880 (VIOLATED)
_13160_/B1                              2.507400    7.840280   -5.332880 (VIOLATED)
_13162_/B1                              2.507400    7.840280   -5.332880 (VIOLATED)
_13164_/B1                              2.507400    7.840280   -5.332880 (VIOLATED)
_13170_/B1                              2.507400    7.840280   -5.332880 (VIOLATED)
_13172_/B1                              2.507400    7.840280   -5.332880 (VIOLATED)
_13174_/B1                              2.507400    7.840280   -5.332880 (VIOLATED)
_13176_/B1                              2.507400    7.840280   -5.332880 (VIOLATED)
_13178_/B1                              2.507400    7.840280   -5.332880 (VIOLATED)
_13180_/B1                              2.507400    7.840280   -5.332880 (VIOLATED)
_13182_/B1                              2.507400    7.840280   -5.332880 (VIOLATED)
_13184_/B1                              2.507400    7.840280   -5.332880 (VIOLATED)
_13186_/B1                              2.507400    7.840280   -5.332880 (VIOLATED)
_13188_/B1                              2.507400    7.840280   -5.332880 (VIOLATED)
_13190_/B1                              2.507400    7.840280   -5.332880 (VIOLATED)
_13192_/B1                              2.507400    7.840280   -5.332880 (VIOLATED)
_13194_/B1                              2.507400    7.840280   -5.332880 (VIOLATED)
_13196_/B1                              2.507400    7.840280   -5.332880 (VIOLATED)
_13198_/B1                              2.507400    7.840280   -5.332880 (VIOLATED)
_13200_/B1                              2.507400    7.840280   -5.332880 (VIOLATED)
_13202_/B1                              2.507400    7.840280   -5.332880 (VIOLATED)
_13204_/B1                              2.507400    7.840280   -5.332880 (VIOLATED)
_13206_/B1                              2.507400    7.840280   -5.332880 (VIOLATED)
_13208_/B1                              2.507400    7.840280   -5.332880 (VIOLATED)
_13210_/B1                              2.507400    7.840280   -5.332880 (VIOLATED)
_13212_/B1                              2.507400    7.840280   -5.332880 (VIOLATED)
_13214_/B1                              2.507400    7.840280   -5.332880 (VIOLATED)
_13216_/B1                              2.507400    7.840280   -5.332880 (VIOLATED)
_13218_/B1                              2.507400    7.840280   -5.332880 (VIOLATED)
_13220_/B1                              2.507400    7.840280   -5.332880 (VIOLATED)
_13222_/B1                              2.507400    7.840280   -5.332880 (VIOLATED)
_13224_/B1                              2.507400    7.840280   -5.332880 (VIOLATED)
_13226_/B1                              2.507400    7.840280   -5.332880 (VIOLATED)
_13228_/B1                              2.507400    7.840280   -5.332880 (VIOLATED)
_13232_/B1                              2.507400    7.840280   -5.332880 (VIOLATED)
_13234_/B1                              2.507400    7.840280   -5.332880 (VIOLATED)
_13236_/B1                              2.507400    7.840280   -5.332880 (VIOLATED)
_13238_/B1                              2.507400    7.840280   -5.332880 (VIOLATED)
_13240_/B1                              2.507400    7.840280   -5.332880 (VIOLATED)
_13242_/B1                              2.507400    7.840280   -5.332880 (VIOLATED)
_13244_/B1                              2.507400    7.840280   -5.332880 (VIOLATED)
_13246_/B1                              2.507400    7.840280   -5.332880 (VIOLATED)
_13248_/B1                              2.507400    7.840280   -5.332880 (VIOLATED)
_13250_/B1                              2.507400    7.840280   -5.332880 (VIOLATED)
_13252_/B1                              2.507400    7.840280   -5.332880 (VIOLATED)
_13254_/B1                              2.507400    7.840280   -5.332880 (VIOLATED)
_13256_/B1                              2.507400    7.840280   -5.332880 (VIOLATED)
_13258_/B1                              2.507400    7.840280   -5.332880 (VIOLATED)
_13260_/B1                              2.507400    7.840280   -5.332880 (VIOLATED)
_13262_/B1                              2.507400    7.840280   -5.332880 (VIOLATED)
_13264_/B1                              2.507400    7.840280   -5.332880 (VIOLATED)
_13266_/B1                              2.507400    7.840280   -5.332880 (VIOLATED)
_13268_/B1                              2.507400    7.840280   -5.332880 (VIOLATED)
_13270_/B1                              2.507400    7.840280   -5.332880 (VIOLATED)
_13272_/B1                              2.507400    7.840280   -5.332880 (VIOLATED)
_13274_/B1                              2.507400    7.840280   -5.332880 (VIOLATED)
_13276_/B1                              2.507400    7.840280   -5.332880 (VIOLATED)
_13278_/B1                              2.507400    7.840280   -5.332880 (VIOLATED)
_13280_/B1                              2.507400    7.840280   -5.332880 (VIOLATED)
_13282_/B1                              2.507400    7.840280   -5.332880 (VIOLATED)
_13284_/B1                              2.507400    7.840280   -5.332880 (VIOLATED)
_13286_/B1                              2.507400    7.840280   -5.332880 (VIOLATED)
_13288_/B1                              2.507400    7.840280   -5.332880 (VIOLATED)
_13290_/B1                              2.507400    7.840280   -5.332880 (VIOLATED)
_13294_/B1                              2.507400    7.840280   -5.332880 (VIOLATED)
_13296_/B1                              2.507400    7.840280   -5.332880 (VIOLATED)
_13298_/B1                              2.507400    7.840280   -5.332880 (VIOLATED)
_13300_/B1                              2.507400    7.840280   -5.332880 (VIOLATED)
_13302_/B1                              2.507400    7.840280   -5.332880 (VIOLATED)
_13304_/B1                              2.507400    7.840280   -5.332880 (VIOLATED)
_13306_/B1                              2.507400    7.840280   -5.332880 (VIOLATED)
_13308_/B1                              2.507400    7.840280   -5.332880 (VIOLATED)
_13310_/B1                              2.507400    7.840280   -5.332880 (VIOLATED)
_13312_/B1                              2.507400    7.840280   -5.332880 (VIOLATED)
_13314_/B1                              2.507400    7.840280   -5.332880 (VIOLATED)
_13316_/B1                              2.507400    7.840280   -5.332880 (VIOLATED)
_13318_/B1                              2.507400    7.840280   -5.332880 (VIOLATED)
_13320_/B1                              2.507400    7.840280   -5.332880 (VIOLATED)
_13322_/B1                              2.507400    7.840280   -5.332880 (VIOLATED)
_13324_/B1                              2.507400    7.840280   -5.332880 (VIOLATED)
_13326_/B1                              2.507400    7.840280   -5.332880 (VIOLATED)
_13328_/B1                              2.507400    7.840280   -5.332880 (VIOLATED)
_13330_/B1                              2.507400    7.840280   -5.332880 (VIOLATED)
_13332_/B1                              2.507400    7.840280   -5.332880 (VIOLATED)
_13334_/B1                              2.507400    7.840280   -5.332880 (VIOLATED)
_13336_/B1                              2.507400    7.840280   -5.332880 (VIOLATED)
_13338_/B1                              2.507400    7.840280   -5.332880 (VIOLATED)
_13340_/B1                              2.507400    7.840280   -5.332880 (VIOLATED)
_13342_/B1                              2.507400    7.840280   -5.332880 (VIOLATED)
_13344_/B1                              2.507400    7.840280   -5.332880 (VIOLATED)
_13346_/B1                              2.507400    7.840280   -5.332880 (VIOLATED)
_13348_/B1                              2.507400    7.840280   -5.332880 (VIOLATED)
_13350_/B1                              2.507400    7.840280   -5.332880 (VIOLATED)
_13352_/B1                              2.507400    7.840280   -5.332880 (VIOLATED)
_13356_/B1                              2.507400    7.840280   -5.332880 (VIOLATED)
_13358_/B1                              2.507400    7.840280   -5.332880 (VIOLATED)
_13360_/B1                              2.507400    7.840280   -5.332880 (VIOLATED)
_13362_/B1                              2.507400    7.840280   -5.332880 (VIOLATED)
_13364_/B1                              2.507400    7.840280   -5.332880 (VIOLATED)
_13366_/B1                              2.507400    7.840280   -5.332880 (VIOLATED)
_13368_/B1                              2.507400    7.840280   -5.332880 (VIOLATED)
_13370_/B1                              2.507400    7.840280   -5.332880 (VIOLATED)
_13372_/B1                              2.507400    7.840280   -5.332880 (VIOLATED)
_13374_/B1                              2.507400    7.840280   -5.332880 (VIOLATED)
_13376_/B1                              2.507400    7.840280   -5.332880 (VIOLATED)
_13378_/B1                              2.507400    7.840280   -5.332880 (VIOLATED)
_13380_/B1                              2.507400    7.840280   -5.332880 (VIOLATED)
_13382_/B1                              2.507400    7.840280   -5.332880 (VIOLATED)
_13384_/B1                              2.507400    7.840280   -5.332880 (VIOLATED)
_13386_/B1                              2.507400    7.840280   -5.332880 (VIOLATED)
_13388_/B1                              2.507400    7.840280   -5.332880 (VIOLATED)
_13390_/B1                              2.507400    7.840280   -5.332880 (VIOLATED)
_13392_/B1                              2.507400    7.840280   -5.332880 (VIOLATED)
_13394_/B1                              2.507400    7.840280   -5.332880 (VIOLATED)
_13396_/B1                              2.507400    7.840280   -5.332880 (VIOLATED)
_13398_/B1                              2.507400    7.840280   -5.332880 (VIOLATED)
_13400_/B1                              2.507400    7.840280   -5.332880 (VIOLATED)
_13402_/B1                              2.507400    7.840280   -5.332880 (VIOLATED)
_13404_/B1                              2.507400    7.840280   -5.332880 (VIOLATED)
_13406_/B1                              2.507400    7.840280   -5.332880 (VIOLATED)
_13408_/B1                              2.507400    7.840280   -5.332880 (VIOLATED)
_13410_/B1                              2.507400    7.840280   -5.332880 (VIOLATED)
_13412_/B1                              2.507400    7.840280   -5.332880 (VIOLATED)
_13414_/B1                              2.507400    7.840280   -5.332880 (VIOLATED)
_13419_/B1                              2.507400    7.840280   -5.332880 (VIOLATED)
_13421_/B1                              2.507400    7.840280   -5.332880 (VIOLATED)
_13423_/B1                              2.507400    7.840280   -5.332880 (VIOLATED)
_13425_/B1                              2.507400    7.840280   -5.332880 (VIOLATED)
_13427_/B1                              2.507400    7.840280   -5.332880 (VIOLATED)
_13429_/B1                              2.507400    7.840280   -5.332880 (VIOLATED)
_13431_/B1                              2.507400    7.840280   -5.332880 (VIOLATED)
_13433_/B1                              2.507400    7.840280   -5.332880 (VIOLATED)
_13435_/B1                              2.507400    7.840280   -5.332880 (VIOLATED)
_13437_/B1                              2.507400    7.840280   -5.332880 (VIOLATED)
_13439_/B1                              2.507400    7.840280   -5.332880 (VIOLATED)
_13441_/B1                              2.507400    7.840280   -5.332880 (VIOLATED)
_13443_/B1                              2.507400    7.840280   -5.332880 (VIOLATED)
_13445_/B1                              2.507400    7.840280   -5.332880 (VIOLATED)
_13447_/B1                              2.507400    7.840280   -5.332880 (VIOLATED)
_13449_/B1                              2.507400    7.840280   -5.332880 (VIOLATED)
_13451_/B1                              2.507400    7.840280   -5.332880 (VIOLATED)
_13453_/B1                              2.507400    7.840280   -5.332880 (VIOLATED)
_13455_/B1                              2.507400    7.840280   -5.332880 (VIOLATED)
_13457_/B1                              2.507400    7.840280   -5.332880 (VIOLATED)
_13459_/B1                              2.507400    7.840280   -5.332880 (VIOLATED)
_13461_/B1                              2.507400    7.840280   -5.332880 (VIOLATED)
_13463_/B1                              2.507400    7.840280   -5.332880 (VIOLATED)
_13465_/B1                              2.507400    7.840280   -5.332880 (VIOLATED)
_13467_/B1                              2.507400    7.840280   -5.332880 (VIOLATED)
_13469_/B1                              2.507400    7.840280   -5.332880 (VIOLATED)
_13471_/B1                              2.507400    7.840280   -5.332880 (VIOLATED)
_13473_/B1                              2.507400    7.840280   -5.332880 (VIOLATED)
_13475_/B1                              2.507400    7.840280   -5.332880 (VIOLATED)
_13477_/B1                              2.507400    7.840280   -5.332880 (VIOLATED)
_13481_/B1                              2.507400    7.840280   -5.332880 (VIOLATED)
_13483_/B1                              2.507400    7.840280   -5.332880 (VIOLATED)
_13485_/B1                              2.507400    7.840280   -5.332880 (VIOLATED)
_13487_/B1                              2.507400    7.840280   -5.332880 (VIOLATED)
_13489_/B1                              2.507400    7.840280   -5.332880 (VIOLATED)
_13491_/B1                              2.507400    7.840280   -5.332880 (VIOLATED)
_13493_/B1                              2.507400    7.840280   -5.332880 (VIOLATED)
_13495_/B1                              2.507400    7.840280   -5.332880 (VIOLATED)
_13497_/B1                              2.507400    7.840280   -5.332880 (VIOLATED)
_13499_/B1                              2.507400    7.840280   -5.332880 (VIOLATED)
_13501_/B1                              2.507400    7.840280   -5.332880 (VIOLATED)
_13503_/B1                              2.507400    7.840280   -5.332880 (VIOLATED)
_13505_/B1                              2.507400    7.840280   -5.332880 (VIOLATED)
_13507_/B1                              2.507400    7.840280   -5.332880 (VIOLATED)
_13509_/B1                              2.507400    7.840280   -5.332880 (VIOLATED)
_13511_/B1                              2.507400    7.840280   -5.332880 (VIOLATED)
_13513_/B1                              2.507400    7.840280   -5.332880 (VIOLATED)
_13515_/B1                              2.507400    7.840280   -5.332880 (VIOLATED)
_13517_/B1                              2.507400    7.840280   -5.332880 (VIOLATED)
_13519_/B1                              2.507400    7.840280   -5.332880 (VIOLATED)
_13521_/B1                              2.507400    7.840280   -5.332880 (VIOLATED)
_13523_/B1                              2.507400    7.840280   -5.332880 (VIOLATED)
_13525_/B1                              2.507400    7.840280   -5.332880 (VIOLATED)
_13527_/B1                              2.507400    7.840280   -5.332880 (VIOLATED)
_13529_/B1                              2.507400    7.840280   -5.332880 (VIOLATED)
_13531_/B1                              2.507400    7.840280   -5.332880 (VIOLATED)
_13533_/B1                              2.507400    7.840280   -5.332880 (VIOLATED)
_13535_/B1                              2.507400    7.840280   -5.332880 (VIOLATED)
_13537_/B1                              2.507400    7.840280   -5.332880 (VIOLATED)
_13539_/B1                              2.507400    7.840280   -5.332880 (VIOLATED)
_13544_/B1                              2.507400    7.840280   -5.332880 (VIOLATED)
_13546_/B1                              2.507400    7.840280   -5.332880 (VIOLATED)
_13548_/B1                              2.507400    7.840280   -5.332880 (VIOLATED)
_13550_/B1                              2.507400    7.840280   -5.332880 (VIOLATED)
_13552_/B1                              2.507400    7.840280   -5.332880 (VIOLATED)
_13554_/B1                              2.507400    7.840280   -5.332880 (VIOLATED)
_13556_/B1                              2.507400    7.840280   -5.332880 (VIOLATED)
_13558_/B1                              2.507400    7.840280   -5.332880 (VIOLATED)
_13560_/B1                              2.507400    7.840280   -5.332880 (VIOLATED)
_13562_/B1                              2.507400    7.840280   -5.332880 (VIOLATED)
_13564_/B1                              2.507400    7.840280   -5.332880 (VIOLATED)
_13566_/B1                              2.507400    7.840280   -5.332880 (VIOLATED)
_13568_/B1                              2.507400    7.840280   -5.332880 (VIOLATED)
_13570_/B1                              2.507400    7.840280   -5.332880 (VIOLATED)
_13572_/B1                              2.507400    7.840280   -5.332880 (VIOLATED)
_13575_/B1                              2.507400    7.840280   -5.332880 (VIOLATED)
_13577_/B1                              2.507400    7.840280   -5.332880 (VIOLATED)
_13579_/B1                              2.507400    7.840280   -5.332880 (VIOLATED)
_13581_/B1                              2.507400    7.840280   -5.332880 (VIOLATED)
_13583_/B1                              2.507400    7.840280   -5.332880 (VIOLATED)
_13585_/B1                              2.507400    7.840280   -5.332880 (VIOLATED)
_13587_/B1                              2.507400    7.840280   -5.332880 (VIOLATED)
_13589_/B1                              2.507400    7.840280   -5.332880 (VIOLATED)
_13591_/B1                              2.507400    7.840280   -5.332880 (VIOLATED)
_13593_/B1                              2.507400    7.840280   -5.332880 (VIOLATED)
_13595_/B1                              2.507400    7.840280   -5.332880 (VIOLATED)
_13597_/B1                              2.507400    7.840280   -5.332880 (VIOLATED)
_13599_/B1                              2.507400    7.840280   -5.332880 (VIOLATED)
_13601_/B1                              2.507400    7.840280   -5.332880 (VIOLATED)
_13603_/B1                              2.507400    7.840280   -5.332880 (VIOLATED)
_13607_/B1                              2.507400    7.840280   -5.332880 (VIOLATED)
_13609_/B1                              2.507400    7.840280   -5.332880 (VIOLATED)
_13611_/B1                              2.507400    7.840280   -5.332880 (VIOLATED)
_13613_/B1                              2.507400    7.840280   -5.332880 (VIOLATED)
_13615_/B1                              2.507400    7.840280   -5.332880 (VIOLATED)
_13617_/B1                              2.507400    7.840280   -5.332880 (VIOLATED)
_13619_/B1                              2.507400    7.840280   -5.332880 (VIOLATED)
_13621_/B1                              2.507400    7.840280   -5.332880 (VIOLATED)
_13623_/B1                              2.507400    7.840280   -5.332880 (VIOLATED)
_13625_/B1                              2.507400    7.840280   -5.332880 (VIOLATED)
_13627_/B1                              2.507400    7.840280   -5.332880 (VIOLATED)
_13629_/B1                              2.507400    7.840280   -5.332880 (VIOLATED)
_13631_/B1                              2.507400    7.840280   -5.332880 (VIOLATED)
_13633_/B1                              2.507400    7.840280   -5.332880 (VIOLATED)
_13635_/B1                              2.507400    7.840280   -5.332880 (VIOLATED)
_13638_/B1                              2.507400    7.840280   -5.332880 (VIOLATED)
_13640_/B1                              2.507400    7.840280   -5.332880 (VIOLATED)
_13642_/B1                              2.507400    7.840280   -5.332880 (VIOLATED)
_13644_/B1                              2.507400    7.840280   -5.332880 (VIOLATED)
_13646_/B1                              2.507400    7.840280   -5.332880 (VIOLATED)
_13648_/B1                              2.507400    7.840280   -5.332880 (VIOLATED)
_13650_/B1                              2.507400    7.840280   -5.332880 (VIOLATED)
_13652_/B1                              2.507400    7.840280   -5.332880 (VIOLATED)
_13654_/B1                              2.507400    7.840280   -5.332880 (VIOLATED)
_13656_/B1                              2.507400    7.840280   -5.332880 (VIOLATED)
_13658_/B1                              2.507400    7.840280   -5.332880 (VIOLATED)
_13660_/B1                              2.507400    7.840280   -5.332880 (VIOLATED)
_13662_/B1                              2.507400    7.840280   -5.332880 (VIOLATED)
_13664_/B1                              2.507400    7.840280   -5.332880 (VIOLATED)
_13666_/B1                              2.507400    7.840280   -5.332880 (VIOLATED)
_13670_/B1                              2.507400    7.840280   -5.332880 (VIOLATED)
_13672_/B1                              2.507400    7.840280   -5.332880 (VIOLATED)
_13674_/B1                              2.507400    7.840280   -5.332880 (VIOLATED)
_13676_/B1                              2.507400    7.840280   -5.332880 (VIOLATED)
_13678_/B1                              2.507400    7.840280   -5.332880 (VIOLATED)
_13680_/B1                              2.507400    7.840280   -5.332880 (VIOLATED)
_13682_/B1                              2.507400    7.840280   -5.332880 (VIOLATED)
_13684_/B1                              2.507400    7.840280   -5.332880 (VIOLATED)
_13686_/B1                              2.507400    7.840280   -5.332880 (VIOLATED)
_13688_/B1                              2.507400    7.840280   -5.332880 (VIOLATED)
_13690_/B1                              2.507400    7.840280   -5.332880 (VIOLATED)
_13692_/B1                              2.507400    7.840280   -5.332880 (VIOLATED)
_13694_/B1                              2.507400    7.840280   -5.332880 (VIOLATED)
_13696_/B1                              2.507400    7.840280   -5.332880 (VIOLATED)
_13698_/B1                              2.507400    7.840280   -5.332880 (VIOLATED)
_15270_/RESET_B                         2.507400    7.840280   -5.332880 (VIOLATED)
_08137_/Y                               2.507400    7.317050   -4.809650 (VIOLATED)
_08139_/B1                              2.507400    7.317050   -4.809650 (VIOLATED)
_08147_/C                               2.507400    7.317050   -4.809650 (VIOLATED)
_08159_/B1                              2.507400    7.317050   -4.809650 (VIOLATED)
_08167_/S                               2.507400    7.317050   -4.809650 (VIOLATED)
_08171_/S1                              2.507400    7.317050   -4.809650 (VIOLATED)
_08175_/B                               2.507400    7.317050   -4.809650 (VIOLATED)
_08198_/A2                              2.507400    7.317050   -4.809650 (VIOLATED)
_08199_/A2                              2.507400    7.317050   -4.809650 (VIOLATED)
_08202_/A2                              2.507400    7.317050   -4.809650 (VIOLATED)
_08209_/B                               2.507400    7.317050   -4.809650 (VIOLATED)
_08214_/B1                              2.507400    7.317050   -4.809650 (VIOLATED)
_08243_/B                               2.507400    7.317050   -4.809650 (VIOLATED)
_08269_/B                               2.507400    7.317050   -4.809650 (VIOLATED)
_08270_/A2                              2.507400    7.317050   -4.809650 (VIOLATED)
_08272_/S                               2.507400    7.317050   -4.809650 (VIOLATED)
_08277_/B                               2.507400    7.317050   -4.809650 (VIOLATED)
_08278_/A2                              2.507400    7.317050   -4.809650 (VIOLATED)
_08279_/B                               2.507400    7.317050   -4.809650 (VIOLATED)
_08280_/A2                              2.507400    7.317050   -4.809650 (VIOLATED)
_08281_/B                               2.507400    7.317050   -4.809650 (VIOLATED)
_08282_/A2                              2.507400    7.317050   -4.809650 (VIOLATED)
_08283_/B                               2.507400    7.317050   -4.809650 (VIOLATED)
_08284_/A2                              2.507400    7.317050   -4.809650 (VIOLATED)
_08305_/B                               2.507400    7.317050   -4.809650 (VIOLATED)
_08306_/A2                              2.507400    7.317050   -4.809650 (VIOLATED)
_08312_/S1                              2.507400    7.317050   -4.809650 (VIOLATED)
_08313_/S1                              2.507400    7.317050   -4.809650 (VIOLATED)
_08316_/S1                              2.507400    7.317050   -4.809650 (VIOLATED)
_08324_/S1                              2.507400    7.317050   -4.809650 (VIOLATED)
_08351_/S1                              2.507400    7.317050   -4.809650 (VIOLATED)
_08352_/S1                              2.507400    7.317050   -4.809650 (VIOLATED)
_08355_/S1                              2.507400    7.317050   -4.809650 (VIOLATED)
_08356_/S                               2.507400    7.317050   -4.809650 (VIOLATED)
_08357_/S                               2.507400    7.317050   -4.809650 (VIOLATED)
_08363_/S1                              2.507400    7.317050   -4.809650 (VIOLATED)
_08364_/S1                              2.507400    7.317050   -4.809650 (VIOLATED)
_08391_/S1                              2.507400    7.317050   -4.809650 (VIOLATED)
_08398_/A2                              2.507400    7.317050   -4.809650 (VIOLATED)
_08402_/S1                              2.507400    7.317050   -4.809650 (VIOLATED)
_08404_/S1                              2.507400    7.317050   -4.809650 (VIOLATED)
_08445_/A2                              2.507400    7.317050   -4.809650 (VIOLATED)
_08447_/A2                              2.507400    7.317050   -4.809650 (VIOLATED)
_08459_/A2                              2.507400    7.317050   -4.809650 (VIOLATED)
_08461_/A2                              2.507400    7.317050   -4.809650 (VIOLATED)
_08463_/S1                              2.507400    7.317050   -4.809650 (VIOLATED)
_08469_/S1                              2.507400    7.317050   -4.809650 (VIOLATED)
_08474_/S1                              2.507400    7.317050   -4.809650 (VIOLATED)
_08490_/A2                              2.507400    7.317050   -4.809650 (VIOLATED)
_08506_/A2                              2.507400    7.317050   -4.809650 (VIOLATED)
_08508_/A2                              2.507400    7.317050   -4.809650 (VIOLATED)
_08525_/S1                              2.507400    7.317050   -4.809650 (VIOLATED)
_08536_/S1                              2.507400    7.317050   -4.809650 (VIOLATED)
_08544_/S1                              2.507400    7.317050   -4.809650 (VIOLATED)
_08547_/S1                              2.507400    7.317050   -4.809650 (VIOLATED)
_08555_/S1                              2.507400    7.317050   -4.809650 (VIOLATED)
_08581_/B                               2.507400    7.317050   -4.809650 (VIOLATED)
_08584_/B                               2.507400    7.317050   -4.809650 (VIOLATED)
_08589_/B                               2.507400    7.317050   -4.809650 (VIOLATED)
_08604_/S1                              2.507400    7.317050   -4.809650 (VIOLATED)
_08607_/S1                              2.507400    7.317050   -4.809650 (VIOLATED)
_08612_/S1                              2.507400    7.317050   -4.809650 (VIOLATED)
_08619_/A2                              2.507400    7.317050   -4.809650 (VIOLATED)
_08627_/S1                              2.507400    7.317050   -4.809650 (VIOLATED)
_08651_/S                               2.507400    7.317050   -4.809650 (VIOLATED)
_08664_/S                               2.507400    7.317050   -4.809650 (VIOLATED)
_08666_/S                               2.507400    7.317050   -4.809650 (VIOLATED)
_08695_/B                               2.507400    7.317050   -4.809650 (VIOLATED)
_08696_/S1                              2.507400    7.317050   -4.809650 (VIOLATED)
_08702_/S                               2.507400    7.317050   -4.809650 (VIOLATED)
_08733_/S1                              2.507400    7.317050   -4.809650 (VIOLATED)
_08736_/S1                              2.507400    7.317050   -4.809650 (VIOLATED)
_08737_/B                               2.507400    7.317050   -4.809650 (VIOLATED)
_08738_/A2                              2.507400    7.317050   -4.809650 (VIOLATED)
_08739_/S1                              2.507400    7.317050   -4.809650 (VIOLATED)
_08742_/S1                              2.507400    7.317050   -4.809650 (VIOLATED)
_08752_/B                               2.507400    7.317050   -4.809650 (VIOLATED)
_08765_/A2                              2.507400    7.317050   -4.809650 (VIOLATED)
_08767_/A2                              2.507400    7.317050   -4.809650 (VIOLATED)
_08778_/S1                              2.507400    7.317050   -4.809650 (VIOLATED)
_08781_/S1                              2.507400    7.317050   -4.809650 (VIOLATED)
_08785_/S1                              2.507400    7.317050   -4.809650 (VIOLATED)
_08787_/S1                              2.507400    7.317050   -4.809650 (VIOLATED)
_08790_/S1                              2.507400    7.317050   -4.809650 (VIOLATED)
_08791_/S1                              2.507400    7.317050   -4.809650 (VIOLATED)
_08827_/A2                              2.507400    7.317050   -4.809650 (VIOLATED)
_08831_/S1                              2.507400    7.317050   -4.809650 (VIOLATED)
_08832_/A2                              2.507400    7.317050   -4.809650 (VIOLATED)
_08838_/S1                              2.507400    7.317050   -4.809650 (VIOLATED)
_08839_/S1                              2.507400    7.317050   -4.809650 (VIOLATED)
_08858_/B                               2.507400    7.317050   -4.809650 (VIOLATED)
_08859_/S1                              2.507400    7.317050   -4.809650 (VIOLATED)
_08861_/A2                              2.507400    7.317050   -4.809650 (VIOLATED)
_08862_/S1                              2.507400    7.317050   -4.809650 (VIOLATED)
_08866_/S1                              2.507400    7.317050   -4.809650 (VIOLATED)
_08868_/S1                              2.507400    7.317050   -4.809650 (VIOLATED)
_08870_/S1                              2.507400    7.317050   -4.809650 (VIOLATED)
_08871_/S1                              2.507400    7.317050   -4.809650 (VIOLATED)
_08898_/A2                              2.507400    7.317050   -4.809650 (VIOLATED)
_08926_/A2                              2.507400    7.317050   -4.809650 (VIOLATED)
_08970_/B                               2.507400    7.317050   -4.809650 (VIOLATED)
_08971_/A2                              2.507400    7.317050   -4.809650 (VIOLATED)
_08980_/S                               2.507400    7.317050   -4.809650 (VIOLATED)
_08993_/A2                              2.507400    7.317050   -4.809650 (VIOLATED)
_08994_/A2                              2.507400    7.317050   -4.809650 (VIOLATED)
_09041_/S1                              2.507400    7.317050   -4.809650 (VIOLATED)
_09046_/S                               2.507400    7.317050   -4.809650 (VIOLATED)
_09053_/S1                              2.507400    7.317050   -4.809650 (VIOLATED)
_09069_/S1                              2.507400    7.317050   -4.809650 (VIOLATED)
_09076_/S1                              2.507400    7.317050   -4.809650 (VIOLATED)
_09079_/S1                              2.507400    7.317050   -4.809650 (VIOLATED)
_09083_/S1                              2.507400    7.317050   -4.809650 (VIOLATED)
_09086_/S1                              2.507400    7.317050   -4.809650 (VIOLATED)
_09102_/B                               2.507400    7.317050   -4.809650 (VIOLATED)
_09136_/S1                              2.507400    7.317050   -4.809650 (VIOLATED)
_09267_/B                               2.507400    7.317050   -4.809650 (VIOLATED)
_09270_/B                               2.507400    7.317050   -4.809650 (VIOLATED)
_09277_/S1                              2.507400    7.317050   -4.809650 (VIOLATED)
_09280_/S1                              2.507400    7.317050   -4.809650 (VIOLATED)
_09282_/S1                              2.507400    7.317050   -4.809650 (VIOLATED)
_09314_/B                               2.507400    7.317050   -4.809650 (VIOLATED)
_09315_/B                               2.507400    7.317050   -4.809650 (VIOLATED)
_09319_/S                               2.507400    7.317050   -4.809650 (VIOLATED)
_09320_/S                               2.507400    7.317050   -4.809650 (VIOLATED)
_09333_/B                               2.507400    7.317050   -4.809650 (VIOLATED)
_09387_/S1                              2.507400    7.317050   -4.809650 (VIOLATED)
_09390_/S1                              2.507400    7.317050   -4.809650 (VIOLATED)
_09418_/B                               2.507400    7.317050   -4.809650 (VIOLATED)
_09419_/B                               2.507400    7.317050   -4.809650 (VIOLATED)
_09423_/S1                              2.507400    7.317050   -4.809650 (VIOLATED)
_09441_/A2                              2.507400    7.317050   -4.809650 (VIOLATED)
_09443_/S1                              2.507400    7.317050   -4.809650 (VIOLATED)
_09449_/S1                              2.507400    7.317050   -4.809650 (VIOLATED)
_09456_/A2                              2.507400    7.317050   -4.809650 (VIOLATED)
_09457_/A2                              2.507400    7.317050   -4.809650 (VIOLATED)
_09477_/S1                              2.507400    7.317050   -4.809650 (VIOLATED)
_09485_/A2                              2.507400    7.317050   -4.809650 (VIOLATED)
_09486_/B                               2.507400    7.317050   -4.809650 (VIOLATED)
_09487_/A2                              2.507400    7.317050   -4.809650 (VIOLATED)
_09488_/S1                              2.507400    7.317050   -4.809650 (VIOLATED)
_09496_/S                               2.507400    7.317050   -4.809650 (VIOLATED)
_09497_/S                               2.507400    7.317050   -4.809650 (VIOLATED)
_09501_/S1                              2.507400    7.317050   -4.809650 (VIOLATED)
_09713_/S1                              2.507400    7.317050   -4.809650 (VIOLATED)
_09719_/S1                              2.507400    7.317050   -4.809650 (VIOLATED)
_09720_/S1                              2.507400    7.317050   -4.809650 (VIOLATED)
_09727_/S                               2.507400    7.317050   -4.809650 (VIOLATED)
_09728_/S1                              2.507400    7.317050   -4.809650 (VIOLATED)
_09745_/S1                              2.507400    7.317050   -4.809650 (VIOLATED)
_09746_/S1                              2.507400    7.317050   -4.809650 (VIOLATED)
_09802_/S1                              2.507400    7.317050   -4.809650 (VIOLATED)
_09804_/S1                              2.507400    7.317050   -4.809650 (VIOLATED)
_09809_/S1                              2.507400    7.317050   -4.809650 (VIOLATED)
_09813_/B                               2.507400    7.317050   -4.809650 (VIOLATED)
_09814_/B                               2.507400    7.317050   -4.809650 (VIOLATED)
_09815_/A2                              2.507400    7.317050   -4.809650 (VIOLATED)
_09816_/B                               2.507400    7.317050   -4.809650 (VIOLATED)
_09817_/B                               2.507400    7.317050   -4.809650 (VIOLATED)
_09818_/A2                              2.507400    7.317050   -4.809650 (VIOLATED)
_09819_/B                               2.507400    7.317050   -4.809650 (VIOLATED)
_09820_/A2                              2.507400    7.317050   -4.809650 (VIOLATED)
_09821_/B                               2.507400    7.317050   -4.809650 (VIOLATED)
_09822_/B                               2.507400    7.317050   -4.809650 (VIOLATED)
_09823_/A2                              2.507400    7.317050   -4.809650 (VIOLATED)
_09842_/S1                              2.507400    7.317050   -4.809650 (VIOLATED)
_09882_/S1                              2.507400    7.317050   -4.809650 (VIOLATED)
_09883_/S1                              2.507400    7.317050   -4.809650 (VIOLATED)
_09885_/S1                              2.507400    7.317050   -4.809650 (VIOLATED)
_09887_/S1                              2.507400    7.317050   -4.809650 (VIOLATED)
_09896_/S1                              2.507400    7.317050   -4.809650 (VIOLATED)
_09901_/S                               2.507400    7.317050   -4.809650 (VIOLATED)
_09961_/A2                              2.507400    7.317050   -4.809650 (VIOLATED)
_09963_/A2                              2.507400    7.317050   -4.809650 (VIOLATED)
_09965_/A2                              2.507400    7.317050   -4.809650 (VIOLATED)
_09966_/A2                              2.507400    7.317050   -4.809650 (VIOLATED)
_09982_/B                               2.507400    7.317050   -4.809650 (VIOLATED)
_09985_/B                               2.507400    7.317050   -4.809650 (VIOLATED)
_09999_/A2                              2.507400    7.317050   -4.809650 (VIOLATED)
_10002_/S1                              2.507400    7.317050   -4.809650 (VIOLATED)
_10005_/A2                              2.507400    7.317050   -4.809650 (VIOLATED)
_10010_/S                               2.507400    7.317050   -4.809650 (VIOLATED)
_10027_/S1                              2.507400    7.317050   -4.809650 (VIOLATED)
_10088_/S1                              2.507400    7.317050   -4.809650 (VIOLATED)
_10341_/S1                              2.507400    7.317050   -4.809650 (VIOLATED)
_10366_/B                               2.507400    7.317050   -4.809650 (VIOLATED)
_10367_/A2                              2.507400    7.317050   -4.809650 (VIOLATED)
_10370_/S1                              2.507400    7.317050   -4.809650 (VIOLATED)
_10464_/S1                              2.507400    7.317050   -4.809650 (VIOLATED)
_10468_/S1                              2.507400    7.317050   -4.809650 (VIOLATED)
_10469_/S1                              2.507400    7.317050   -4.809650 (VIOLATED)
_10527_/B                               2.507400    7.317050   -4.809650 (VIOLATED)
_10530_/B                               2.507400    7.317050   -4.809650 (VIOLATED)
_10534_/B                               2.507400    7.317050   -4.809650 (VIOLATED)
_10536_/S1                              2.507400    7.317050   -4.809650 (VIOLATED)
_10552_/B                               2.507400    7.317050   -4.809650 (VIOLATED)
_10555_/B                               2.507400    7.317050   -4.809650 (VIOLATED)
_10556_/A2                              2.507400    7.317050   -4.809650 (VIOLATED)
_10560_/S0                              2.507400    7.317050   -4.809650 (VIOLATED)
_10568_/S1                              2.507400    7.317050   -4.809650 (VIOLATED)
_10575_/A2                              2.507400    7.317050   -4.809650 (VIOLATED)
_10580_/S                               2.507400    7.317050   -4.809650 (VIOLATED)
_10586_/S1                              2.507400    7.317050   -4.809650 (VIOLATED)
_10639_/S0                              2.507400    7.317050   -4.809650 (VIOLATED)
_10640_/A2                              2.507400    7.317050   -4.809650 (VIOLATED)
_10715_/B                               2.507400    7.317050   -4.809650 (VIOLATED)
_10774_/S                               2.507400    7.317050   -4.809650 (VIOLATED)
_10781_/S1                              2.507400    7.317050   -4.809650 (VIOLATED)
_10783_/S1                              2.507400    7.317050   -4.809650 (VIOLATED)
_11124_/S1                              2.507400    7.317050   -4.809650 (VIOLATED)
_11145_/S1                              2.507400    7.317050   -4.809650 (VIOLATED)
_11158_/S1                              2.507400    7.317050   -4.809650 (VIOLATED)
_11159_/S1                              2.507400    7.317050   -4.809650 (VIOLATED)
_11332_/A2                              2.507400    7.317050   -4.809650 (VIOLATED)
_08130_/Y                               2.507400    6.661303   -4.153902 (VIOLATED)
_08191_/S                               2.507400    6.661303   -4.153902 (VIOLATED)
_08203_/S0                              2.507400    6.661303   -4.153902 (VIOLATED)
_08211_/A                               2.507400    6.661303   -4.153902 (VIOLATED)
_08212_/A1                              2.507400    6.661303   -4.153902 (VIOLATED)
_08245_/A                               2.507400    6.661303   -4.153902 (VIOLATED)
_08246_/B2                              2.507400    6.661303   -4.153902 (VIOLATED)
_08259_/S                               2.507400    6.661303   -4.153902 (VIOLATED)
_08290_/S                               2.507400    6.661303   -4.153902 (VIOLATED)
_08324_/S0                              2.507400    6.661303   -4.153902 (VIOLATED)
_08391_/S0                              2.507400    6.661303   -4.153902 (VIOLATED)
_08399_/S                               2.507400    6.661303   -4.153902 (VIOLATED)
_08402_/S0                              2.507400    6.661303   -4.153902 (VIOLATED)
_08404_/S0                              2.507400    6.661303   -4.153902 (VIOLATED)
_08464_/S1                              2.507400    6.661303   -4.153902 (VIOLATED)
_08471_/S1                              2.507400    6.661303   -4.153902 (VIOLATED)
_08484_/S0                              2.507400    6.661303   -4.153902 (VIOLATED)
_08488_/A                               2.507400    6.661303   -4.153902 (VIOLATED)
_08491_/B                               2.507400    6.661303   -4.153902 (VIOLATED)
_08498_/S                               2.507400    6.661303   -4.153902 (VIOLATED)
_08499_/S0                              2.507400    6.661303   -4.153902 (VIOLATED)
_08509_/S                               2.507400    6.661303   -4.153902 (VIOLATED)
_08526_/S1                              2.507400    6.661303   -4.153902 (VIOLATED)
_08529_/S1                              2.507400    6.661303   -4.153902 (VIOLATED)
_08532_/S                               2.507400    6.661303   -4.153902 (VIOLATED)
_08533_/S1                              2.507400    6.661303   -4.153902 (VIOLATED)
_08538_/S1                              2.507400    6.661303   -4.153902 (VIOLATED)
_08540_/S1                              2.507400    6.661303   -4.153902 (VIOLATED)
_08544_/S0                              2.507400    6.661303   -4.153902 (VIOLATED)
_08547_/S0                              2.507400    6.661303   -4.153902 (VIOLATED)
_08555_/S0                              2.507400    6.661303   -4.153902 (VIOLATED)
_08562_/S                               2.507400    6.661303   -4.153902 (VIOLATED)
_08566_/A1                              2.507400    6.661303   -4.153902 (VIOLATED)
_08567_/S1                              2.507400    6.661303   -4.153902 (VIOLATED)
_08568_/S0                              2.507400    6.661303   -4.153902 (VIOLATED)
_08578_/S1                              2.507400    6.661303   -4.153902 (VIOLATED)
_08583_/A                               2.507400    6.661303   -4.153902 (VIOLATED)
_08590_/S1                              2.507400    6.661303   -4.153902 (VIOLATED)
_08595_/S1                              2.507400    6.661303   -4.153902 (VIOLATED)
_08604_/S0                              2.507400    6.661303   -4.153902 (VIOLATED)
_08607_/S0                              2.507400    6.661303   -4.153902 (VIOLATED)
_08612_/S0                              2.507400    6.661303   -4.153902 (VIOLATED)
_08627_/S0                              2.507400    6.661303   -4.153902 (VIOLATED)
_08696_/S0                              2.507400    6.661303   -4.153902 (VIOLATED)
_08712_/S                               2.507400    6.661303   -4.153902 (VIOLATED)
_08713_/S                               2.507400    6.661303   -4.153902 (VIOLATED)
_08721_/A1                              2.507400    6.661303   -4.153902 (VIOLATED)
_08724_/S1                              2.507400    6.661303   -4.153902 (VIOLATED)
_08726_/S1                              2.507400    6.661303   -4.153902 (VIOLATED)
_08728_/S1                              2.507400    6.661303   -4.153902 (VIOLATED)
_08733_/S0                              2.507400    6.661303   -4.153902 (VIOLATED)
_08736_/S0                              2.507400    6.661303   -4.153902 (VIOLATED)
_08739_/S0                              2.507400    6.661303   -4.153902 (VIOLATED)
_08742_/S0                              2.507400    6.661303   -4.153902 (VIOLATED)
_08773_/A                               2.507400    6.661303   -4.153902 (VIOLATED)
_08778_/S0                              2.507400    6.661303   -4.153902 (VIOLATED)
_08781_/S0                              2.507400    6.661303   -4.153902 (VIOLATED)
_08785_/S0                              2.507400    6.661303   -4.153902 (VIOLATED)
_08787_/S0                              2.507400    6.661303   -4.153902 (VIOLATED)
_08790_/S0                              2.507400    6.661303   -4.153902 (VIOLATED)
_08791_/S0                              2.507400    6.661303   -4.153902 (VIOLATED)
_08859_/S0                              2.507400    6.661303   -4.153902 (VIOLATED)
_08862_/S0                              2.507400    6.661303   -4.153902 (VIOLATED)
_08866_/S0                              2.507400    6.661303   -4.153902 (VIOLATED)
_08868_/S0                              2.507400    6.661303   -4.153902 (VIOLATED)
_08870_/S0                              2.507400    6.661303   -4.153902 (VIOLATED)
_08871_/S0                              2.507400    6.661303   -4.153902 (VIOLATED)
_08886_/S                               2.507400    6.661303   -4.153902 (VIOLATED)
_08917_/S                               2.507400    6.661303   -4.153902 (VIOLATED)
_08962_/S                               2.507400    6.661303   -4.153902 (VIOLATED)
_09041_/S0                              2.507400    6.661303   -4.153902 (VIOLATED)
_09053_/S0                              2.507400    6.661303   -4.153902 (VIOLATED)
_09069_/S0                              2.507400    6.661303   -4.153902 (VIOLATED)
_09076_/S0                              2.507400    6.661303   -4.153902 (VIOLATED)
_09079_/S0                              2.507400    6.661303   -4.153902 (VIOLATED)
_09083_/S0                              2.507400    6.661303   -4.153902 (VIOLATED)
_09086_/S0                              2.507400    6.661303   -4.153902 (VIOLATED)
_09103_/B1                              2.507400    6.661303   -4.153902 (VIOLATED)
_09106_/A1                              2.507400    6.661303   -4.153902 (VIOLATED)
_09109_/S                               2.507400    6.661303   -4.153902 (VIOLATED)
_09153_/A1                              2.507400    6.661303   -4.153902 (VIOLATED)
_09154_/S                               2.507400    6.661303   -4.153902 (VIOLATED)
_09176_/S                               2.507400    6.661303   -4.153902 (VIOLATED)
_09179_/S                               2.507400    6.661303   -4.153902 (VIOLATED)
_09253_/S                               2.507400    6.661303   -4.153902 (VIOLATED)
_09255_/S1                              2.507400    6.661303   -4.153902 (VIOLATED)
_09258_/S                               2.507400    6.661303   -4.153902 (VIOLATED)
_09269_/A                               2.507400    6.661303   -4.153902 (VIOLATED)
_09277_/S0                              2.507400    6.661303   -4.153902 (VIOLATED)
_09280_/S0                              2.507400    6.661303   -4.153902 (VIOLATED)
_09282_/S0                              2.507400    6.661303   -4.153902 (VIOLATED)
_09296_/S1                              2.507400    6.661303   -4.153902 (VIOLATED)
_09301_/S0                              2.507400    6.661303   -4.153902 (VIOLATED)
_09305_/A1                              2.507400    6.661303   -4.153902 (VIOLATED)
_09337_/A1                              2.507400    6.661303   -4.153902 (VIOLATED)
_09350_/S1                              2.507400    6.661303   -4.153902 (VIOLATED)
_09353_/A1                              2.507400    6.661303   -4.153902 (VIOLATED)
_09360_/S1                              2.507400    6.661303   -4.153902 (VIOLATED)
_09365_/S0                              2.507400    6.661303   -4.153902 (VIOLATED)
_09372_/S0                              2.507400    6.661303   -4.153902 (VIOLATED)
_09387_/S0                              2.507400    6.661303   -4.153902 (VIOLATED)
_09390_/S0                              2.507400    6.661303   -4.153902 (VIOLATED)
_09393_/A                               2.507400    6.661303   -4.153902 (VIOLATED)
_09394_/A1                              2.507400    6.661303   -4.153902 (VIOLATED)
_09398_/S1                              2.507400    6.661303   -4.153902 (VIOLATED)
_09403_/A                               2.507400    6.661303   -4.153902 (VIOLATED)
_09423_/S0                              2.507400    6.661303   -4.153902 (VIOLATED)
_09443_/S0                              2.507400    6.661303   -4.153902 (VIOLATED)
_09449_/S0                              2.507400    6.661303   -4.153902 (VIOLATED)
_09459_/S0                              2.507400    6.661303   -4.153902 (VIOLATED)
_09461_/S                               2.507400    6.661303   -4.153902 (VIOLATED)
_09463_/S1                              2.507400    6.661303   -4.153902 (VIOLATED)
_09464_/A                               2.507400    6.661303   -4.153902 (VIOLATED)
_09719_/S0                              2.507400    6.661303   -4.153902 (VIOLATED)
_09720_/S0                              2.507400    6.661303   -4.153902 (VIOLATED)
_09728_/S0                              2.507400    6.661303   -4.153902 (VIOLATED)
_09790_/B2                              2.507400    6.661303   -4.153902 (VIOLATED)
_09857_/B2                              2.507400    6.661303   -4.153902 (VIOLATED)
_09872_/B2                              2.507400    6.661303   -4.153902 (VIOLATED)
_09922_/S1                              2.507400    6.661303   -4.153902 (VIOLATED)
_09923_/S1                              2.507400    6.661303   -4.153902 (VIOLATED)
_09930_/A1                              2.507400    6.661303   -4.153902 (VIOLATED)
_09931_/A                               2.507400    6.661303   -4.153902 (VIOLATED)
_09932_/A1                              2.507400    6.661303   -4.153902 (VIOLATED)
_09946_/S0                              2.507400    6.661303   -4.153902 (VIOLATED)
_09950_/S                               2.507400    6.661303   -4.153902 (VIOLATED)
_09974_/S1                              2.507400    6.661303   -4.153902 (VIOLATED)
_09979_/A1                              2.507400    6.661303   -4.153902 (VIOLATED)
_09984_/A                               2.507400    6.661303   -4.153902 (VIOLATED)
_10027_/S0                              2.507400    6.661303   -4.153902 (VIOLATED)
_10046_/S                               2.507400    6.661303   -4.153902 (VIOLATED)
_10273_/A                               2.507400    6.661303   -4.153902 (VIOLATED)
_10287_/S1                              2.507400    6.661303   -4.153902 (VIOLATED)
_10289_/S1                              2.507400    6.661303   -4.153902 (VIOLATED)
_10293_/S1                              2.507400    6.661303   -4.153902 (VIOLATED)
_10295_/S1                              2.507400    6.661303   -4.153902 (VIOLATED)
_10315_/A                               2.507400    6.661303   -4.153902 (VIOLATED)
_10341_/S0                              2.507400    6.661303   -4.153902 (VIOLATED)
_10370_/S0                              2.507400    6.661303   -4.153902 (VIOLATED)
_10380_/S                               2.507400    6.661303   -4.153902 (VIOLATED)
_10425_/A                               2.507400    6.661303   -4.153902 (VIOLATED)
_10431_/A1                              2.507400    6.661303   -4.153902 (VIOLATED)
_10568_/S0                              2.507400    6.661303   -4.153902 (VIOLATED)
_10586_/S0                              2.507400    6.661303   -4.153902 (VIOLATED)
_10707_/S1                              2.507400    6.661303   -4.153902 (VIOLATED)
_10709_/A1                              2.507400    6.661303   -4.153902 (VIOLATED)
_10716_/S1                              2.507400    6.661303   -4.153902 (VIOLATED)
_10756_/A                               2.507400    6.661303   -4.153902 (VIOLATED)
_10777_/B2                              2.507400    6.661303   -4.153902 (VIOLATED)
_10793_/A                               2.507400    6.661303   -4.153902 (VIOLATED)
_11080_/A                               2.507400    6.661303   -4.153902 (VIOLATED)
_11105_/S0                              2.507400    6.661303   -4.153902 (VIOLATED)
_11108_/S1                              2.507400    6.661303   -4.153902 (VIOLATED)
_11145_/S0                              2.507400    6.661303   -4.153902 (VIOLATED)
_08153_/Y                               2.507400    5.143692   -2.636291 (VIOLATED)
_08155_/A1                              2.507400    5.143692   -2.636291 (VIOLATED)
_08156_/A2                              2.507400    5.143692   -2.636291 (VIOLATED)
_08230_/B_N                             2.507400    5.143692   -2.636291 (VIOLATED)
_08236_/A1                              2.507400    5.143692   -2.636291 (VIOLATED)
_08248_/A1                              2.507400    5.143692   -2.636291 (VIOLATED)
_08256_/A_N                             2.507400    5.143692   -2.636291 (VIOLATED)
_08260_/A1                              2.507400    5.143692   -2.636291 (VIOLATED)
_08325_/S                               2.507400    5.143692   -2.636291 (VIOLATED)
_08332_/S                               2.507400    5.143692   -2.636291 (VIOLATED)
_08336_/A                               2.507400    5.143692   -2.636291 (VIOLATED)
_08337_/A1                              2.507400    5.143692   -2.636291 (VIOLATED)
_08373_/S                               2.507400    5.143692   -2.636291 (VIOLATED)
_08377_/A                               2.507400    5.143692   -2.636291 (VIOLATED)
_08379_/A1                              2.507400    5.143692   -2.636291 (VIOLATED)
_08387_/S                               2.507400    5.143692   -2.636291 (VIOLATED)
_08411_/A                               2.507400    5.143692   -2.636291 (VIOLATED)
_08414_/A1                              2.507400    5.143692   -2.636291 (VIOLATED)
_08421_/S                               2.507400    5.143692   -2.636291 (VIOLATED)
_08424_/A_N                             2.507400    5.143692   -2.636291 (VIOLATED)
_08426_/A1                              2.507400    5.143692   -2.636291 (VIOLATED)
_08449_/A                               2.507400    5.143692   -2.636291 (VIOLATED)
_08450_/A_N                             2.507400    5.143692   -2.636291 (VIOLATED)
_08451_/A2                              2.507400    5.143692   -2.636291 (VIOLATED)
_08676_/B                               2.507400    5.143692   -2.636291 (VIOLATED)
_08686_/A                               2.507400    5.143692   -2.636291 (VIOLATED)
_08687_/A_N                             2.507400    5.143692   -2.636291 (VIOLATED)
_08688_/A1                              2.507400    5.143692   -2.636291 (VIOLATED)
_08691_/A1                              2.507400    5.143692   -2.636291 (VIOLATED)
_08751_/A1                              2.507400    5.143692   -2.636291 (VIOLATED)
_08754_/A_N                             2.507400    5.143692   -2.636291 (VIOLATED)
_08757_/A1                              2.507400    5.143692   -2.636291 (VIOLATED)
_08760_/S                               2.507400    5.143692   -2.636291 (VIOLATED)
_08762_/A                               2.507400    5.143692   -2.636291 (VIOLATED)
_08769_/A1                              2.507400    5.143692   -2.636291 (VIOLATED)
_08805_/A1                              2.507400    5.143692   -2.636291 (VIOLATED)
_08811_/A_N                             2.507400    5.143692   -2.636291 (VIOLATED)
_08812_/A1                              2.507400    5.143692   -2.636291 (VIOLATED)
_08815_/A                               2.507400    5.143692   -2.636291 (VIOLATED)
_08817_/A1                              2.507400    5.143692   -2.636291 (VIOLATED)
_08888_/A                               2.507400    5.143692   -2.636291 (VIOLATED)
_08895_/A1                              2.507400    5.143692   -2.636291 (VIOLATED)
_08901_/A                               2.507400    5.143692   -2.636291 (VIOLATED)
_08903_/A                               2.507400    5.143692   -2.636291 (VIOLATED)
_08944_/B                               2.507400    5.143692   -2.636291 (VIOLATED)
_08945_/A_N                             2.507400    5.143692   -2.636291 (VIOLATED)
_08949_/A1                              2.507400    5.143692   -2.636291 (VIOLATED)
_08950_/A2                              2.507400    5.143692   -2.636291 (VIOLATED)
_08955_/S                               2.507400    5.143692   -2.636291 (VIOLATED)
_08963_/S                               2.507400    5.143692   -2.636291 (VIOLATED)
_08996_/B                               2.507400    5.143692   -2.636291 (VIOLATED)
_09004_/S                               2.507400    5.143692   -2.636291 (VIOLATED)
_09021_/A1                              2.507400    5.143692   -2.636291 (VIOLATED)
_09023_/A1                              2.507400    5.143692   -2.636291 (VIOLATED)
_09100_/S                               2.507400    5.143692   -2.636291 (VIOLATED)
_09142_/S                               2.507400    5.143692   -2.636291 (VIOLATED)
_09523_/S                               2.507400    5.143692   -2.636291 (VIOLATED)
_09968_/A1                              2.507400    5.143692   -2.636291 (VIOLATED)
_09969_/A1                              2.507400    5.143692   -2.636291 (VIOLATED)
_10021_/A1                              2.507400    5.143692   -2.636291 (VIOLATED)
_10022_/A1                              2.507400    5.143692   -2.636291 (VIOLATED)
_10268_/S                               2.507400    5.143692   -2.636291 (VIOLATED)
_10270_/A_N                             2.507400    5.143692   -2.636291 (VIOLATED)
_10318_/S                               2.507400    5.143692   -2.636291 (VIOLATED)
_10376_/A                               2.507400    5.143692   -2.636291 (VIOLATED)
_10381_/A1                              2.507400    5.143692   -2.636291 (VIOLATED)
_10382_/A1                              2.507400    5.143692   -2.636291 (VIOLATED)
_10391_/A                               2.507400    5.143692   -2.636291 (VIOLATED)
_10419_/A1                              2.507400    5.143692   -2.636291 (VIOLATED)
_10433_/B2                              2.507400    5.143692   -2.636291 (VIOLATED)
_10601_/A2                              2.507400    5.143692   -2.636291 (VIOLATED)
_10602_/A1                              2.507400    5.143692   -2.636291 (VIOLATED)
_10605_/A                               2.507400    5.143692   -2.636291 (VIOLATED)
_10680_/A                               2.507400    5.143692   -2.636291 (VIOLATED)
_10698_/A2                              2.507400    5.143692   -2.636291 (VIOLATED)
_10699_/A1                              2.507400    5.143692   -2.636291 (VIOLATED)
_10732_/A                               2.507400    5.143692   -2.636291 (VIOLATED)
_10736_/S                               2.507400    5.143692   -2.636291 (VIOLATED)
_10740_/S                               2.507400    5.143692   -2.636291 (VIOLATED)
_10754_/S                               2.507400    5.143692   -2.636291 (VIOLATED)
_10757_/A                               2.507400    5.143692   -2.636291 (VIOLATED)
_10765_/B                               2.507400    5.143692   -2.636291 (VIOLATED)
_10768_/A                               2.507400    5.143692   -2.636291 (VIOLATED)
_10794_/A2                              2.507400    5.143692   -2.636291 (VIOLATED)
_10795_/B1                              2.507400    5.143692   -2.636291 (VIOLATED)
_11092_/A                               2.507400    5.143692   -2.636291 (VIOLATED)
_12425_/Y                               2.507400    4.922211   -2.414811 (VIOLATED)
_12426_/S                               2.507400    4.922211   -2.414811 (VIOLATED)
_12427_/S                               2.507400    4.922211   -2.414811 (VIOLATED)
_12428_/B                               2.507400    4.922211   -2.414811 (VIOLATED)
_12429_/A2                              2.507400    4.922211   -2.414811 (VIOLATED)
_12430_/S                               2.507400    4.922211   -2.414811 (VIOLATED)
_12431_/B                               2.507400    4.922211   -2.414811 (VIOLATED)
_12432_/A2                              2.507400    4.922211   -2.414811 (VIOLATED)
_12433_/B                               2.507400    4.922211   -2.414811 (VIOLATED)
_12434_/A2                              2.507400    4.922211   -2.414811 (VIOLATED)
_12435_/S                               2.507400    4.922211   -2.414811 (VIOLATED)
_12436_/B                               2.507400    4.922211   -2.414811 (VIOLATED)
_12437_/A2                              2.507400    4.922211   -2.414811 (VIOLATED)
_12438_/B                               2.507400    4.922211   -2.414811 (VIOLATED)
_12439_/A2                              2.507400    4.922211   -2.414811 (VIOLATED)
_12440_/S                               2.507400    4.922211   -2.414811 (VIOLATED)
_12441_/S                               2.507400    4.922211   -2.414811 (VIOLATED)
_12442_/S                               2.507400    4.922211   -2.414811 (VIOLATED)
_12443_/B                               2.507400    4.922211   -2.414811 (VIOLATED)
_12444_/A2                              2.507400    4.922211   -2.414811 (VIOLATED)
_12445_/S                               2.507400    4.922211   -2.414811 (VIOLATED)
_12446_/S                               2.507400    4.922211   -2.414811 (VIOLATED)
_12447_/S                               2.507400    4.922211   -2.414811 (VIOLATED)
_12448_/B                               2.507400    4.922211   -2.414811 (VIOLATED)
_12449_/A2                              2.507400    4.922211   -2.414811 (VIOLATED)
_12450_/B                               2.507400    4.922211   -2.414811 (VIOLATED)
_12451_/A2                              2.507400    4.922211   -2.414811 (VIOLATED)
_12452_/S                               2.507400    4.922211   -2.414811 (VIOLATED)
_12453_/S                               2.507400    4.922211   -2.414811 (VIOLATED)
_12454_/B                               2.507400    4.922211   -2.414811 (VIOLATED)
_12455_/A2                              2.507400    4.922211   -2.414811 (VIOLATED)
_12456_/S                               2.507400    4.922211   -2.414811 (VIOLATED)
_12457_/B                               2.507400    4.922211   -2.414811 (VIOLATED)
_12458_/A2                              2.507400    4.922211   -2.414811 (VIOLATED)
_12459_/B                               2.507400    4.922211   -2.414811 (VIOLATED)
_12460_/A2                              2.507400    4.922211   -2.414811 (VIOLATED)
_12461_/B                               2.507400    4.922211   -2.414811 (VIOLATED)
_12462_/A2                              2.507400    4.922211   -2.414811 (VIOLATED)
_12463_/B                               2.507400    4.922211   -2.414811 (VIOLATED)
_12464_/A2                              2.507400    4.922211   -2.414811 (VIOLATED)
_12465_/B                               2.507400    4.922211   -2.414811 (VIOLATED)
_12466_/A2                              2.507400    4.922211   -2.414811 (VIOLATED)
_12467_/B                               2.507400    4.922211   -2.414811 (VIOLATED)
_12468_/A2                              2.507400    4.922211   -2.414811 (VIOLATED)
_12469_/B                               2.507400    4.922211   -2.414811 (VIOLATED)
_12470_/A2                              2.507400    4.922211   -2.414811 (VIOLATED)
_12471_/S                               2.507400    4.922211   -2.414811 (VIOLATED)
_12472_/S                               2.507400    4.922211   -2.414811 (VIOLATED)
_12473_/B                               2.507400    4.922211   -2.414811 (VIOLATED)
_12474_/A2                              2.507400    4.922211   -2.414811 (VIOLATED)
_12475_/B                               2.507400    4.922211   -2.414811 (VIOLATED)
_12476_/A2                              2.507400    4.922211   -2.414811 (VIOLATED)
_12477_/S                               2.507400    4.922211   -2.414811 (VIOLATED)
_12478_/B                               2.507400    4.922211   -2.414811 (VIOLATED)
_12479_/A2                              2.507400    4.922211   -2.414811 (VIOLATED)
_12480_/S                               2.507400    4.922211   -2.414811 (VIOLATED)
_12481_/B                               2.507400    4.922211   -2.414811 (VIOLATED)
_12482_/A2                              2.507400    4.922211   -2.414811 (VIOLATED)
_12483_/S                               2.507400    4.922211   -2.414811 (VIOLATED)
_12484_/S                               2.507400    4.922211   -2.414811 (VIOLATED)
_12485_/S                               2.507400    4.922211   -2.414811 (VIOLATED)
_12486_/S                               2.507400    4.922211   -2.414811 (VIOLATED)
_12487_/B                               2.507400    4.922211   -2.414811 (VIOLATED)
_12488_/A2                              2.507400    4.922211   -2.414811 (VIOLATED)
_12489_/B                               2.507400    4.922211   -2.414811 (VIOLATED)
_12490_/A2                              2.507400    4.922211   -2.414811 (VIOLATED)
_12491_/S                               2.507400    4.922211   -2.414811 (VIOLATED)
_12492_/S                               2.507400    4.922211   -2.414811 (VIOLATED)
_12493_/B                               2.507400    4.922211   -2.414811 (VIOLATED)
_12494_/A2                              2.507400    4.922211   -2.414811 (VIOLATED)
_12495_/B                               2.507400    4.922211   -2.414811 (VIOLATED)
_12496_/A2                              2.507400    4.922211   -2.414811 (VIOLATED)
_12497_/B                               2.507400    4.922211   -2.414811 (VIOLATED)
_12498_/A2                              2.507400    4.922211   -2.414811 (VIOLATED)
_12499_/S                               2.507400    4.922211   -2.414811 (VIOLATED)
_12500_/S                               2.507400    4.922211   -2.414811 (VIOLATED)
_12501_/B                               2.507400    4.922211   -2.414811 (VIOLATED)
_12502_/A2                              2.507400    4.922211   -2.414811 (VIOLATED)
_12503_/B                               2.507400    4.922211   -2.414811 (VIOLATED)
_12504_/A2                              2.507400    4.922211   -2.414811 (VIOLATED)
_12505_/S                               2.507400    4.922211   -2.414811 (VIOLATED)
_12506_/S                               2.507400    4.922211   -2.414811 (VIOLATED)
_12507_/B                               2.507400    4.922211   -2.414811 (VIOLATED)
_12508_/A2                              2.507400    4.922211   -2.414811 (VIOLATED)
_12509_/B                               2.507400    4.922211   -2.414811 (VIOLATED)
_12510_/A2                              2.507400    4.922211   -2.414811 (VIOLATED)
_12511_/S                               2.507400    4.922211   -2.414811 (VIOLATED)
_12512_/B                               2.507400    4.922211   -2.414811 (VIOLATED)
_12513_/A2                              2.507400    4.922211   -2.414811 (VIOLATED)
_12514_/S                               2.507400    4.922211   -2.414811 (VIOLATED)
_12515_/S                               2.507400    4.922211   -2.414811 (VIOLATED)
_12516_/B                               2.507400    4.922211   -2.414811 (VIOLATED)
_12517_/A2                              2.507400    4.922211   -2.414811 (VIOLATED)
_12518_/B                               2.507400    4.922211   -2.414811 (VIOLATED)
_12519_/A2                              2.507400    4.922211   -2.414811 (VIOLATED)
_12520_/S                               2.507400    4.922211   -2.414811 (VIOLATED)
_12521_/B                               2.507400    4.922211   -2.414811 (VIOLATED)
_12522_/A2                              2.507400    4.922211   -2.414811 (VIOLATED)
_12523_/B                               2.507400    4.922211   -2.414811 (VIOLATED)
_12524_/A2                              2.507400    4.922211   -2.414811 (VIOLATED)
_12525_/B                               2.507400    4.922211   -2.414811 (VIOLATED)
_12526_/A2                              2.507400    4.922211   -2.414811 (VIOLATED)
_12527_/B                               2.507400    4.922211   -2.414811 (VIOLATED)
_12528_/A2                              2.507400    4.922211   -2.414811 (VIOLATED)
_12529_/B                               2.507400    4.922211   -2.414811 (VIOLATED)
_12530_/A2                              2.507400    4.922211   -2.414811 (VIOLATED)
_12531_/S                               2.507400    4.922211   -2.414811 (VIOLATED)
_12532_/B                               2.507400    4.922211   -2.414811 (VIOLATED)
_12533_/A2                              2.507400    4.922211   -2.414811 (VIOLATED)
_12534_/B                               2.507400    4.922211   -2.414811 (VIOLATED)
_12535_/A2                              2.507400    4.922211   -2.414811 (VIOLATED)
_12536_/B                               2.507400    4.922211   -2.414811 (VIOLATED)
_12537_/A2                              2.507400    4.922211   -2.414811 (VIOLATED)
_12538_/S                               2.507400    4.922211   -2.414811 (VIOLATED)
_12539_/S                               2.507400    4.922211   -2.414811 (VIOLATED)
_12540_/S                               2.507400    4.922211   -2.414811 (VIOLATED)
ui_PAD2CORE[0]                          2.507400    4.568424   -2.061024 (VIOLATED)
_14429_/CLK                             2.507400    4.568424   -2.061024 (VIOLATED)
_14430_/CLK                             2.507400    4.568424   -2.061024 (VIOLATED)
_14431_/CLK                             2.507400    4.568424   -2.061024 (VIOLATED)
_14432_/CLK                             2.507400    4.568424   -2.061024 (VIOLATED)
_14433_/CLK                             2.507400    4.568424   -2.061024 (VIOLATED)
_14434_/CLK                             2.507400    4.568424   -2.061024 (VIOLATED)
_14435_/CLK                             2.507400    4.568424   -2.061024 (VIOLATED)
_14436_/CLK                             2.507400    4.568424   -2.061024 (VIOLATED)
_14437_/CLK                             2.507400    4.568424   -2.061024 (VIOLATED)
_14438_/CLK                             2.507400    4.568424   -2.061024 (VIOLATED)
_14439_/CLK                             2.507400    4.568424   -2.061024 (VIOLATED)
_14440_/CLK                             2.507400    4.568424   -2.061024 (VIOLATED)
_14441_/CLK                             2.507400    4.568424   -2.061024 (VIOLATED)
_14442_/CLK                             2.507400    4.568424   -2.061024 (VIOLATED)
_14443_/CLK                             2.507400    4.568424   -2.061024 (VIOLATED)
_14444_/CLK                             2.507400    4.568424   -2.061024 (VIOLATED)
_14445_/CLK                             2.507400    4.568424   -2.061024 (VIOLATED)
_14446_/CLK                             2.507400    4.568424   -2.061024 (VIOLATED)
_14447_/CLK                             2.507400    4.568424   -2.061024 (VIOLATED)
_14448_/CLK                             2.507400    4.568424   -2.061024 (VIOLATED)
_14449_/CLK                             2.507400    4.568424   -2.061024 (VIOLATED)
_14450_/CLK                             2.507400    4.568424   -2.061024 (VIOLATED)
_14451_/CLK                             2.507400    4.568424   -2.061024 (VIOLATED)
_14452_/CLK                             2.507400    4.568424   -2.061024 (VIOLATED)
_14453_/CLK                             2.507400    4.568424   -2.061024 (VIOLATED)
_14454_/CLK                             2.507400    4.568424   -2.061024 (VIOLATED)
_14455_/CLK                             2.507400    4.568424   -2.061024 (VIOLATED)
_14456_/CLK                             2.507400    4.568424   -2.061024 (VIOLATED)
_14457_/CLK                             2.507400    4.568424   -2.061024 (VIOLATED)
_14458_/CLK                             2.507400    4.568424   -2.061024 (VIOLATED)
_14459_/CLK                             2.507400    4.568424   -2.061024 (VIOLATED)
_14460_/CLK                             2.507400    4.568424   -2.061024 (VIOLATED)
_14461_/CLK                             2.507400    4.568424   -2.061024 (VIOLATED)
_14462_/CLK                             2.507400    4.568424   -2.061024 (VIOLATED)
_14463_/CLK                             2.507400    4.568424   -2.061024 (VIOLATED)
_14464_/CLK                             2.507400    4.568424   -2.061024 (VIOLATED)
_14465_/CLK                             2.507400    4.568424   -2.061024 (VIOLATED)
_14466_/CLK                             2.507400    4.568424   -2.061024 (VIOLATED)
_14467_/CLK                             2.507400    4.568424   -2.061024 (VIOLATED)
_14468_/CLK                             2.507400    4.568424   -2.061024 (VIOLATED)
_14469_/CLK                             2.507400    4.568424   -2.061024 (VIOLATED)
_14470_/CLK                             2.507400    4.568424   -2.061024 (VIOLATED)
_14471_/CLK                             2.507400    4.568424   -2.061024 (VIOLATED)
_14472_/CLK                             2.507400    4.568424   -2.061024 (VIOLATED)
_14473_/CLK                             2.507400    4.568424   -2.061024 (VIOLATED)
_14474_/CLK                             2.507400    4.568424   -2.061024 (VIOLATED)
_14475_/CLK                             2.507400    4.568424   -2.061024 (VIOLATED)
_14476_/CLK                             2.507400    4.568424   -2.061024 (VIOLATED)
_14477_/CLK                             2.507400    4.568424   -2.061024 (VIOLATED)
_14478_/CLK                             2.507400    4.568424   -2.061024 (VIOLATED)
_14479_/CLK                             2.507400    4.568424   -2.061024 (VIOLATED)
_14480_/CLK                             2.507400    4.568424   -2.061024 (VIOLATED)
_14481_/CLK                             2.507400    4.568424   -2.061024 (VIOLATED)
_14482_/CLK                             2.507400    4.568424   -2.061024 (VIOLATED)
_14483_/CLK                             2.507400    4.568424   -2.061024 (VIOLATED)
_14484_/CLK                             2.507400    4.568424   -2.061024 (VIOLATED)
_14485_/CLK                             2.507400    4.568424   -2.061024 (VIOLATED)
_14486_/CLK                             2.507400    4.568424   -2.061024 (VIOLATED)
_14487_/CLK                             2.507400    4.568424   -2.061024 (VIOLATED)
_14488_/CLK                             2.507400    4.568424   -2.061024 (VIOLATED)
_14489_/CLK                             2.507400    4.568424   -2.061024 (VIOLATED)
_14490_/CLK                             2.507400    4.568424   -2.061024 (VIOLATED)
_14491_/CLK                             2.507400    4.568424   -2.061024 (VIOLATED)
_14492_/CLK                             2.507400    4.568424   -2.061024 (VIOLATED)
_14493_/CLK                             2.507400    4.568424   -2.061024 (VIOLATED)
_14494_/CLK                             2.507400    4.568424   -2.061024 (VIOLATED)
_14495_/CLK                             2.507400    4.568424   -2.061024 (VIOLATED)
_14496_/CLK                             2.507400    4.568424   -2.061024 (VIOLATED)
_14497_/CLK                             2.507400    4.568424   -2.061024 (VIOLATED)
_14498_/CLK                             2.507400    4.568424   -2.061024 (VIOLATED)
_14499_/CLK                             2.507400    4.568424   -2.061024 (VIOLATED)
_14500_/CLK                             2.507400    4.568424   -2.061024 (VIOLATED)
_14501_/CLK                             2.507400    4.568424   -2.061024 (VIOLATED)
_14502_/CLK                             2.507400    4.568424   -2.061024 (VIOLATED)
_14503_/CLK                             2.507400    4.568424   -2.061024 (VIOLATED)
_14504_/CLK                             2.507400    4.568424   -2.061024 (VIOLATED)
_14505_/CLK                             2.507400    4.568424   -2.061024 (VIOLATED)
_14506_/CLK                             2.507400    4.568424   -2.061024 (VIOLATED)
_14507_/CLK                             2.507400    4.568424   -2.061024 (VIOLATED)
_14508_/CLK                             2.507400    4.568424   -2.061024 (VIOLATED)
_14509_/CLK                             2.507400    4.568424   -2.061024 (VIOLATED)
_14510_/CLK                             2.507400    4.568424   -2.061024 (VIOLATED)
_14511_/CLK                             2.507400    4.568424   -2.061024 (VIOLATED)
_14512_/CLK                             2.507400    4.568424   -2.061024 (VIOLATED)
_14513_/CLK                             2.507400    4.568424   -2.061024 (VIOLATED)
_14514_/CLK                             2.507400    4.568424   -2.061024 (VIOLATED)
_14515_/CLK                             2.507400    4.568424   -2.061024 (VIOLATED)
_14516_/CLK                             2.507400    4.568424   -2.061024 (VIOLATED)
_14517_/CLK                             2.507400    4.568424   -2.061024 (VIOLATED)
_14518_/CLK                             2.507400    4.568424   -2.061024 (VIOLATED)
_14519_/CLK                             2.507400    4.568424   -2.061024 (VIOLATED)
_14520_/CLK                             2.507400    4.568424   -2.061024 (VIOLATED)
_14521_/CLK                             2.507400    4.568424   -2.061024 (VIOLATED)
_14522_/CLK                             2.507400    4.568424   -2.061024 (VIOLATED)
_14523_/CLK                             2.507400    4.568424   -2.061024 (VIOLATED)
_14524_/CLK                             2.507400    4.568424   -2.061024 (VIOLATED)
_14525_/CLK                             2.507400    4.568424   -2.061024 (VIOLATED)
_14526_/CLK                             2.507400    4.568424   -2.061024 (VIOLATED)
_14527_/CLK                             2.507400    4.568424   -2.061024 (VIOLATED)
_14528_/CLK                             2.507400    4.568424   -2.061024 (VIOLATED)
_14529_/CLK                             2.507400    4.568424   -2.061024 (VIOLATED)
_14530_/CLK                             2.507400    4.568424   -2.061024 (VIOLATED)
_14531_/CLK                             2.507400    4.568424   -2.061024 (VIOLATED)
_14532_/CLK                             2.507400    4.568424   -2.061024 (VIOLATED)
_14533_/CLK                             2.507400    4.568424   -2.061024 (VIOLATED)
_14534_/CLK                             2.507400    4.568424   -2.061024 (VIOLATED)
_14535_/CLK                             2.507400    4.568424   -2.061024 (VIOLATED)
_14536_/CLK                             2.507400    4.568424   -2.061024 (VIOLATED)
_14537_/CLK                             2.507400    4.568424   -2.061024 (VIOLATED)
_14538_/CLK                             2.507400    4.568424   -2.061024 (VIOLATED)
_14539_/CLK                             2.507400    4.568424   -2.061024 (VIOLATED)
_14540_/CLK                             2.507400    4.568424   -2.061024 (VIOLATED)
_14541_/CLK                             2.507400    4.568424   -2.061024 (VIOLATED)
_14542_/CLK                             2.507400    4.568424   -2.061024 (VIOLATED)
_14543_/CLK                             2.507400    4.568424   -2.061024 (VIOLATED)
_14544_/CLK                             2.507400    4.568424   -2.061024 (VIOLATED)
_14545_/CLK                             2.507400    4.568424   -2.061024 (VIOLATED)
_14546_/CLK                             2.507400    4.568424   -2.061024 (VIOLATED)
_14547_/CLK                             2.507400    4.568424   -2.061024 (VIOLATED)
_14548_/CLK                             2.507400    4.568424   -2.061024 (VIOLATED)
_14549_/CLK                             2.507400    4.568424   -2.061024 (VIOLATED)
_14550_/CLK                             2.507400    4.568424   -2.061024 (VIOLATED)
_14551_/CLK                             2.507400    4.568424   -2.061024 (VIOLATED)
_14552_/CLK                             2.507400    4.568424   -2.061024 (VIOLATED)
_14553_/CLK                             2.507400    4.568424   -2.061024 (VIOLATED)
_14554_/CLK                             2.507400    4.568424   -2.061024 (VIOLATED)
_14555_/CLK                             2.507400    4.568424   -2.061024 (VIOLATED)
_14556_/CLK                             2.507400    4.568424   -2.061024 (VIOLATED)
_14557_/CLK                             2.507400    4.568424   -2.061024 (VIOLATED)
_14558_/CLK                             2.507400    4.568424   -2.061024 (VIOLATED)
_14559_/CLK                             2.507400    4.568424   -2.061024 (VIOLATED)
_14560_/CLK                             2.507400    4.568424   -2.061024 (VIOLATED)
_14561_/CLK                             2.507400    4.568424   -2.061024 (VIOLATED)
_14562_/CLK                             2.507400    4.568424   -2.061024 (VIOLATED)
_14563_/CLK                             2.507400    4.568424   -2.061024 (VIOLATED)
_14564_/CLK                             2.507400    4.568424   -2.061024 (VIOLATED)
_14565_/CLK                             2.507400    4.568424   -2.061024 (VIOLATED)
_14566_/CLK                             2.507400    4.568424   -2.061024 (VIOLATED)
_14567_/CLK                             2.507400    4.568424   -2.061024 (VIOLATED)
_14568_/CLK                             2.507400    4.568424   -2.061024 (VIOLATED)
_14569_/CLK                             2.507400    4.568424   -2.061024 (VIOLATED)
_14570_/CLK                             2.507400    4.568424   -2.061024 (VIOLATED)
_14571_/CLK                             2.507400    4.568424   -2.061024 (VIOLATED)
_14572_/CLK                             2.507400    4.568424   -2.061024 (VIOLATED)
_14573_/CLK                             2.507400    4.568424   -2.061024 (VIOLATED)
_14574_/CLK                             2.507400    4.568424   -2.061024 (VIOLATED)
_14575_/CLK                             2.507400    4.568424   -2.061024 (VIOLATED)
_14576_/CLK                             2.507400    4.568424   -2.061024 (VIOLATED)
_14577_/CLK                             2.507400    4.568424   -2.061024 (VIOLATED)
_14578_/CLK                             2.507400    4.568424   -2.061024 (VIOLATED)
_14579_/CLK                             2.507400    4.568424   -2.061024 (VIOLATED)
_14580_/CLK                             2.507400    4.568424   -2.061024 (VIOLATED)
_14581_/CLK                             2.507400    4.568424   -2.061024 (VIOLATED)
_14582_/CLK                             2.507400    4.568424   -2.061024 (VIOLATED)
_14583_/CLK                             2.507400    4.568424   -2.061024 (VIOLATED)
_14584_/CLK                             2.507400    4.568424   -2.061024 (VIOLATED)
_14585_/CLK                             2.507400    4.568424   -2.061024 (VIOLATED)
_14586_/CLK                             2.507400    4.568424   -2.061024 (VIOLATED)
_14587_/CLK                             2.507400    4.568424   -2.061024 (VIOLATED)
_14588_/CLK                             2.507400    4.568424   -2.061024 (VIOLATED)
_14589_/CLK                             2.507400    4.568424   -2.061024 (VIOLATED)
_14590_/CLK                             2.507400    4.568424   -2.061024 (VIOLATED)
_14591_/CLK                             2.507400    4.568424   -2.061024 (VIOLATED)
_14592_/CLK                             2.507400    4.568424   -2.061024 (VIOLATED)
_14593_/CLK                             2.507400    4.568424   -2.061024 (VIOLATED)
_14594_/CLK                             2.507400    4.568424   -2.061024 (VIOLATED)
_14595_/CLK                             2.507400    4.568424   -2.061024 (VIOLATED)
_14596_/CLK                             2.507400    4.568424   -2.061024 (VIOLATED)
_14597_/CLK                             2.507400    4.568424   -2.061024 (VIOLATED)
_14598_/CLK                             2.507400    4.568424   -2.061024 (VIOLATED)
_14599_/CLK                             2.507400    4.568424   -2.061024 (VIOLATED)
_14600_/CLK                             2.507400    4.568424   -2.061024 (VIOLATED)
_14601_/CLK                             2.507400    4.568424   -2.061024 (VIOLATED)
_14602_/CLK                             2.507400    4.568424   -2.061024 (VIOLATED)
_14603_/CLK                             2.507400    4.568424   -2.061024 (VIOLATED)
_14604_/CLK                             2.507400    4.568424   -2.061024 (VIOLATED)
_14605_/CLK                             2.507400    4.568424   -2.061024 (VIOLATED)
_14606_/CLK                             2.507400    4.568424   -2.061024 (VIOLATED)
_14607_/CLK                             2.507400    4.568424   -2.061024 (VIOLATED)
_14608_/CLK                             2.507400    4.568424   -2.061024 (VIOLATED)
_14609_/CLK                             2.507400    4.568424   -2.061024 (VIOLATED)
_14610_/CLK                             2.507400    4.568424   -2.061024 (VIOLATED)
_14611_/CLK                             2.507400    4.568424   -2.061024 (VIOLATED)
_14612_/CLK                             2.507400    4.568424   -2.061024 (VIOLATED)
_14613_/CLK                             2.507400    4.568424   -2.061024 (VIOLATED)
_14614_/CLK                             2.507400    4.568424   -2.061024 (VIOLATED)
_14615_/CLK                             2.507400    4.568424   -2.061024 (VIOLATED)
_14616_/CLK                             2.507400    4.568424   -2.061024 (VIOLATED)
_14617_/CLK                             2.507400    4.568424   -2.061024 (VIOLATED)
_14618_/CLK                             2.507400    4.568424   -2.061024 (VIOLATED)
_14619_/CLK                             2.507400    4.568424   -2.061024 (VIOLATED)
_14620_/CLK                             2.507400    4.568424   -2.061024 (VIOLATED)
_14621_/CLK                             2.507400    4.568424   -2.061024 (VIOLATED)
_14622_/CLK                             2.507400    4.568424   -2.061024 (VIOLATED)
_14623_/CLK                             2.507400    4.568424   -2.061024 (VIOLATED)
_14624_/CLK                             2.507400    4.568424   -2.061024 (VIOLATED)
_14625_/CLK                             2.507400    4.568424   -2.061024 (VIOLATED)
_14626_/CLK                             2.507400    4.568424   -2.061024 (VIOLATED)
_14627_/CLK                             2.507400    4.568424   -2.061024 (VIOLATED)
_14628_/CLK                             2.507400    4.568424   -2.061024 (VIOLATED)
_14629_/CLK                             2.507400    4.568424   -2.061024 (VIOLATED)
_14630_/CLK                             2.507400    4.568424   -2.061024 (VIOLATED)
_14631_/CLK                             2.507400    4.568424   -2.061024 (VIOLATED)
_14632_/CLK                             2.507400    4.568424   -2.061024 (VIOLATED)
_14633_/CLK                             2.507400    4.568424   -2.061024 (VIOLATED)
_14634_/CLK                             2.507400    4.568424   -2.061024 (VIOLATED)
_14635_/CLK                             2.507400    4.568424   -2.061024 (VIOLATED)
_14636_/CLK                             2.507400    4.568424   -2.061024 (VIOLATED)
_14637_/CLK                             2.507400    4.568424   -2.061024 (VIOLATED)
_14638_/CLK                             2.507400    4.568424   -2.061024 (VIOLATED)
_14639_/CLK                             2.507400    4.568424   -2.061024 (VIOLATED)
_14640_/CLK                             2.507400    4.568424   -2.061024 (VIOLATED)
_14641_/CLK                             2.507400    4.568424   -2.061024 (VIOLATED)
_14642_/CLK                             2.507400    4.568424   -2.061024 (VIOLATED)
_14643_/CLK                             2.507400    4.568424   -2.061024 (VIOLATED)
_14644_/CLK                             2.507400    4.568424   -2.061024 (VIOLATED)
_14645_/CLK                             2.507400    4.568424   -2.061024 (VIOLATED)
_14646_/CLK                             2.507400    4.568424   -2.061024 (VIOLATED)
_14647_/CLK                             2.507400    4.568424   -2.061024 (VIOLATED)
_14648_/CLK                             2.507400    4.568424   -2.061024 (VIOLATED)
_14649_/CLK                             2.507400    4.568424   -2.061024 (VIOLATED)
_14650_/CLK                             2.507400    4.568424   -2.061024 (VIOLATED)
_14651_/CLK                             2.507400    4.568424   -2.061024 (VIOLATED)
_14652_/CLK                             2.507400    4.568424   -2.061024 (VIOLATED)
_14653_/CLK                             2.507400    4.568424   -2.061024 (VIOLATED)
_14654_/CLK                             2.507400    4.568424   -2.061024 (VIOLATED)
_14655_/CLK                             2.507400    4.568424   -2.061024 (VIOLATED)
_14656_/CLK                             2.507400    4.568424   -2.061024 (VIOLATED)
_14657_/CLK                             2.507400    4.568424   -2.061024 (VIOLATED)
_14658_/CLK                             2.507400    4.568424   -2.061024 (VIOLATED)
_14659_/CLK                             2.507400    4.568424   -2.061024 (VIOLATED)
_14660_/CLK                             2.507400    4.568424   -2.061024 (VIOLATED)
_14661_/CLK                             2.507400    4.568424   -2.061024 (VIOLATED)
_14662_/CLK                             2.507400    4.568424   -2.061024 (VIOLATED)
_14663_/CLK                             2.507400    4.568424   -2.061024 (VIOLATED)
_14664_/CLK                             2.507400    4.568424   -2.061024 (VIOLATED)
_14665_/CLK                             2.507400    4.568424   -2.061024 (VIOLATED)
_14666_/CLK                             2.507400    4.568424   -2.061024 (VIOLATED)
_14667_/CLK                             2.507400    4.568424   -2.061024 (VIOLATED)
_14668_/CLK                             2.507400    4.568424   -2.061024 (VIOLATED)
_14669_/CLK                             2.507400    4.568424   -2.061024 (VIOLATED)
_14670_/CLK                             2.507400    4.568424   -2.061024 (VIOLATED)
_14671_/CLK                             2.507400    4.568424   -2.061024 (VIOLATED)
_14672_/CLK                             2.507400    4.568424   -2.061024 (VIOLATED)
_14673_/CLK                             2.507400    4.568424   -2.061024 (VIOLATED)
_14674_/CLK                             2.507400    4.568424   -2.061024 (VIOLATED)
_14675_/CLK                             2.507400    4.568424   -2.061024 (VIOLATED)
_14676_/CLK                             2.507400    4.568424   -2.061024 (VIOLATED)
_14677_/CLK                             2.507400    4.568424   -2.061024 (VIOLATED)
_14678_/CLK                             2.507400    4.568424   -2.061024 (VIOLATED)
_14679_/CLK                             2.507400    4.568424   -2.061024 (VIOLATED)
_14680_/CLK                             2.507400    4.568424   -2.061024 (VIOLATED)
_14681_/CLK                             2.507400    4.568424   -2.061024 (VIOLATED)
_14682_/CLK                             2.507400    4.568424   -2.061024 (VIOLATED)
_14683_/CLK                             2.507400    4.568424   -2.061024 (VIOLATED)
_14684_/CLK                             2.507400    4.568424   -2.061024 (VIOLATED)
_14685_/CLK                             2.507400    4.568424   -2.061024 (VIOLATED)
_14686_/CLK                             2.507400    4.568424   -2.061024 (VIOLATED)
_14687_/CLK                             2.507400    4.568424   -2.061024 (VIOLATED)
_14688_/CLK                             2.507400    4.568424   -2.061024 (VIOLATED)
_14689_/CLK                             2.507400    4.568424   -2.061024 (VIOLATED)
_14690_/CLK                             2.507400    4.568424   -2.061024 (VIOLATED)
_14691_/CLK                             2.507400    4.568424   -2.061024 (VIOLATED)
_14692_/CLK                             2.507400    4.568424   -2.061024 (VIOLATED)
_14693_/CLK                             2.507400    4.568424   -2.061024 (VIOLATED)
_14694_/CLK                             2.507400    4.568424   -2.061024 (VIOLATED)
_14695_/CLK                             2.507400    4.568424   -2.061024 (VIOLATED)
_14696_/CLK                             2.507400    4.568424   -2.061024 (VIOLATED)
_14697_/CLK                             2.507400    4.568424   -2.061024 (VIOLATED)
_14698_/CLK                             2.507400    4.568424   -2.061024 (VIOLATED)
_14699_/CLK                             2.507400    4.568424   -2.061024 (VIOLATED)
_14700_/CLK                             2.507400    4.568424   -2.061024 (VIOLATED)
_14701_/CLK                             2.507400    4.568424   -2.061024 (VIOLATED)
_14702_/CLK                             2.507400    4.568424   -2.061024 (VIOLATED)
_14703_/CLK                             2.507400    4.568424   -2.061024 (VIOLATED)
_14704_/CLK                             2.507400    4.568424   -2.061024 (VIOLATED)
_14705_/CLK                             2.507400    4.568424   -2.061024 (VIOLATED)
_14706_/CLK                             2.507400    4.568424   -2.061024 (VIOLATED)
_14707_/CLK                             2.507400    4.568424   -2.061024 (VIOLATED)
_14708_/CLK                             2.507400    4.568424   -2.061024 (VIOLATED)
_14709_/CLK                             2.507400    4.568424   -2.061024 (VIOLATED)
_14710_/CLK                             2.507400    4.568424   -2.061024 (VIOLATED)
_14711_/CLK                             2.507400    4.568424   -2.061024 (VIOLATED)
_14712_/CLK                             2.507400    4.568424   -2.061024 (VIOLATED)
_14713_/CLK                             2.507400    4.568424   -2.061024 (VIOLATED)
_14714_/CLK                             2.507400    4.568424   -2.061024 (VIOLATED)
_14715_/CLK                             2.507400    4.568424   -2.061024 (VIOLATED)
_14716_/CLK                             2.507400    4.568424   -2.061024 (VIOLATED)
_14717_/CLK                             2.507400    4.568424   -2.061024 (VIOLATED)
_14718_/CLK                             2.507400    4.568424   -2.061024 (VIOLATED)
_14719_/CLK                             2.507400    4.568424   -2.061024 (VIOLATED)
_14720_/CLK                             2.507400    4.568424   -2.061024 (VIOLATED)
_14721_/CLK                             2.507400    4.568424   -2.061024 (VIOLATED)
_14722_/CLK                             2.507400    4.568424   -2.061024 (VIOLATED)
_14723_/CLK                             2.507400    4.568424   -2.061024 (VIOLATED)
_14724_/CLK                             2.507400    4.568424   -2.061024 (VIOLATED)
_14725_/CLK                             2.507400    4.568424   -2.061024 (VIOLATED)
_14726_/CLK                             2.507400    4.568424   -2.061024 (VIOLATED)
_14727_/CLK                             2.507400    4.568424   -2.061024 (VIOLATED)
_14728_/CLK                             2.507400    4.568424   -2.061024 (VIOLATED)
_14729_/CLK                             2.507400    4.568424   -2.061024 (VIOLATED)
_14730_/CLK                             2.507400    4.568424   -2.061024 (VIOLATED)
_14731_/CLK                             2.507400    4.568424   -2.061024 (VIOLATED)
_14732_/CLK                             2.507400    4.568424   -2.061024 (VIOLATED)
_14733_/CLK                             2.507400    4.568424   -2.061024 (VIOLATED)
_14734_/CLK                             2.507400    4.568424   -2.061024 (VIOLATED)
_14735_/CLK                             2.507400    4.568424   -2.061024 (VIOLATED)
_14736_/CLK                             2.507400    4.568424   -2.061024 (VIOLATED)
_14737_/CLK                             2.507400    4.568424   -2.061024 (VIOLATED)
_14738_/CLK                             2.507400    4.568424   -2.061024 (VIOLATED)
_14739_/CLK                             2.507400    4.568424   -2.061024 (VIOLATED)
_14740_/CLK                             2.507400    4.568424   -2.061024 (VIOLATED)
_14741_/CLK                             2.507400    4.568424   -2.061024 (VIOLATED)
_14742_/CLK                             2.507400    4.568424   -2.061024 (VIOLATED)
_14743_/CLK                             2.507400    4.568424   -2.061024 (VIOLATED)
_14744_/CLK                             2.507400    4.568424   -2.061024 (VIOLATED)
_14745_/CLK                             2.507400    4.568424   -2.061024 (VIOLATED)
_14746_/CLK                             2.507400    4.568424   -2.061024 (VIOLATED)
_14747_/CLK                             2.507400    4.568424   -2.061024 (VIOLATED)
_14748_/CLK                             2.507400    4.568424   -2.061024 (VIOLATED)
_14749_/CLK                             2.507400    4.568424   -2.061024 (VIOLATED)
_14750_/CLK                             2.507400    4.568424   -2.061024 (VIOLATED)
_14751_/CLK                             2.507400    4.568424   -2.061024 (VIOLATED)
_14752_/CLK                             2.507400    4.568424   -2.061024 (VIOLATED)
_14753_/CLK                             2.507400    4.568424   -2.061024 (VIOLATED)
_14754_/CLK                             2.507400    4.568424   -2.061024 (VIOLATED)
_14755_/CLK                             2.507400    4.568424   -2.061024 (VIOLATED)
_14756_/CLK                             2.507400    4.568424   -2.061024 (VIOLATED)
_14757_/CLK                             2.507400    4.568424   -2.061024 (VIOLATED)
_14758_/CLK                             2.507400    4.568424   -2.061024 (VIOLATED)
_14759_/CLK                             2.507400    4.568424   -2.061024 (VIOLATED)
_14760_/CLK                             2.507400    4.568424   -2.061024 (VIOLATED)
_14761_/CLK                             2.507400    4.568424   -2.061024 (VIOLATED)
_14762_/CLK                             2.507400    4.568424   -2.061024 (VIOLATED)
_14763_/CLK                             2.507400    4.568424   -2.061024 (VIOLATED)
_14764_/CLK                             2.507400    4.568424   -2.061024 (VIOLATED)
_14765_/CLK                             2.507400    4.568424   -2.061024 (VIOLATED)
_14766_/CLK                             2.507400    4.568424   -2.061024 (VIOLATED)
_14767_/CLK                             2.507400    4.568424   -2.061024 (VIOLATED)
_14768_/CLK                             2.507400    4.568424   -2.061024 (VIOLATED)
_14769_/CLK                             2.507400    4.568424   -2.061024 (VIOLATED)
_14770_/CLK                             2.507400    4.568424   -2.061024 (VIOLATED)
_14771_/CLK                             2.507400    4.568424   -2.061024 (VIOLATED)
_14772_/CLK                             2.507400    4.568424   -2.061024 (VIOLATED)
_14773_/CLK                             2.507400    4.568424   -2.061024 (VIOLATED)
_14774_/CLK                             2.507400    4.568424   -2.061024 (VIOLATED)
_14775_/CLK                             2.507400    4.568424   -2.061024 (VIOLATED)
_14776_/CLK                             2.507400    4.568424   -2.061024 (VIOLATED)
_14777_/CLK                             2.507400    4.568424   -2.061024 (VIOLATED)
_14778_/CLK                             2.507400    4.568424   -2.061024 (VIOLATED)
_14779_/CLK                             2.507400    4.568424   -2.061024 (VIOLATED)
_14780_/CLK                             2.507400    4.568424   -2.061024 (VIOLATED)
_14781_/CLK                             2.507400    4.568424   -2.061024 (VIOLATED)
_14782_/CLK                             2.507400    4.568424   -2.061024 (VIOLATED)
_14783_/CLK                             2.507400    4.568424   -2.061024 (VIOLATED)
_14784_/CLK                             2.507400    4.568424   -2.061024 (VIOLATED)
_14785_/CLK                             2.507400    4.568424   -2.061024 (VIOLATED)
_14786_/CLK                             2.507400    4.568424   -2.061024 (VIOLATED)
_14787_/CLK                             2.507400    4.568424   -2.061024 (VIOLATED)
_14788_/CLK                             2.507400    4.568424   -2.061024 (VIOLATED)
_14789_/CLK                             2.507400    4.568424   -2.061024 (VIOLATED)
_14790_/CLK                             2.507400    4.568424   -2.061024 (VIOLATED)
_14791_/CLK                             2.507400    4.568424   -2.061024 (VIOLATED)
_14792_/CLK                             2.507400    4.568424   -2.061024 (VIOLATED)
_14793_/CLK                             2.507400    4.568424   -2.061024 (VIOLATED)
_14794_/CLK                             2.507400    4.568424   -2.061024 (VIOLATED)
_14795_/CLK                             2.507400    4.568424   -2.061024 (VIOLATED)
_14796_/CLK                             2.507400    4.568424   -2.061024 (VIOLATED)
_14797_/CLK                             2.507400    4.568424   -2.061024 (VIOLATED)
_14798_/CLK                             2.507400    4.568424   -2.061024 (VIOLATED)
_14799_/CLK                             2.507400    4.568424   -2.061024 (VIOLATED)
_14800_/CLK                             2.507400    4.568424   -2.061024 (VIOLATED)
_14801_/CLK                             2.507400    4.568424   -2.061024 (VIOLATED)
_14802_/CLK                             2.507400    4.568424   -2.061024 (VIOLATED)
_14803_/CLK                             2.507400    4.568424   -2.061024 (VIOLATED)
_14804_/CLK                             2.507400    4.568424   -2.061024 (VIOLATED)
_14805_/CLK                             2.507400    4.568424   -2.061024 (VIOLATED)
_14806_/CLK                             2.507400    4.568424   -2.061024 (VIOLATED)
_14807_/CLK                             2.507400    4.568424   -2.061024 (VIOLATED)
_14808_/CLK                             2.507400    4.568424   -2.061024 (VIOLATED)
_14809_/CLK                             2.507400    4.568424   -2.061024 (VIOLATED)
_14810_/CLK                             2.507400    4.568424   -2.061024 (VIOLATED)
_14811_/CLK                             2.507400    4.568424   -2.061024 (VIOLATED)
_14812_/CLK                             2.507400    4.568424   -2.061024 (VIOLATED)
_14813_/CLK                             2.507400    4.568424   -2.061024 (VIOLATED)
_14814_/CLK                             2.507400    4.568424   -2.061024 (VIOLATED)
_14815_/CLK                             2.507400    4.568424   -2.061024 (VIOLATED)
_14816_/CLK                             2.507400    4.568424   -2.061024 (VIOLATED)
_14817_/CLK                             2.507400    4.568424   -2.061024 (VIOLATED)
_14818_/CLK                             2.507400    4.568424   -2.061024 (VIOLATED)
_14819_/CLK                             2.507400    4.568424   -2.061024 (VIOLATED)
_14820_/CLK                             2.507400    4.568424   -2.061024 (VIOLATED)
_14821_/CLK                             2.507400    4.568424   -2.061024 (VIOLATED)
_14822_/CLK                             2.507400    4.568424   -2.061024 (VIOLATED)
_14823_/CLK                             2.507400    4.568424   -2.061024 (VIOLATED)
_14824_/CLK                             2.507400    4.568424   -2.061024 (VIOLATED)
_14825_/CLK                             2.507400    4.568424   -2.061024 (VIOLATED)
_14826_/CLK                             2.507400    4.568424   -2.061024 (VIOLATED)
_14827_/CLK                             2.507400    4.568424   -2.061024 (VIOLATED)
_14828_/CLK                             2.507400    4.568424   -2.061024 (VIOLATED)
_14829_/CLK                             2.507400    4.568424   -2.061024 (VIOLATED)
_14830_/CLK                             2.507400    4.568424   -2.061024 (VIOLATED)
_14831_/CLK                             2.507400    4.568424   -2.061024 (VIOLATED)
_14832_/CLK                             2.507400    4.568424   -2.061024 (VIOLATED)
_14833_/CLK                             2.507400    4.568424   -2.061024 (VIOLATED)
_14834_/CLK                             2.507400    4.568424   -2.061024 (VIOLATED)
_14835_/CLK                             2.507400    4.568424   -2.061024 (VIOLATED)
_14836_/CLK                             2.507400    4.568424   -2.061024 (VIOLATED)
_14837_/CLK                             2.507400    4.568424   -2.061024 (VIOLATED)
_14838_/CLK                             2.507400    4.568424   -2.061024 (VIOLATED)
_14839_/CLK                             2.507400    4.568424   -2.061024 (VIOLATED)
_14840_/CLK                             2.507400    4.568424   -2.061024 (VIOLATED)
_14841_/CLK                             2.507400    4.568424   -2.061024 (VIOLATED)
_14842_/CLK                             2.507400    4.568424   -2.061024 (VIOLATED)
_14843_/CLK                             2.507400    4.568424   -2.061024 (VIOLATED)
_14844_/CLK                             2.507400    4.568424   -2.061024 (VIOLATED)
_14845_/CLK                             2.507400    4.568424   -2.061024 (VIOLATED)
_14846_/CLK                             2.507400    4.568424   -2.061024 (VIOLATED)
_14847_/CLK                             2.507400    4.568424   -2.061024 (VIOLATED)
_14848_/CLK                             2.507400    4.568424   -2.061024 (VIOLATED)
_14849_/CLK                             2.507400    4.568424   -2.061024 (VIOLATED)
_14850_/CLK                             2.507400    4.568424   -2.061024 (VIOLATED)
_14851_/CLK                             2.507400    4.568424   -2.061024 (VIOLATED)
_14852_/CLK                             2.507400    4.568424   -2.061024 (VIOLATED)
_14853_/CLK                             2.507400    4.568424   -2.061024 (VIOLATED)
_14854_/CLK                             2.507400    4.568424   -2.061024 (VIOLATED)
_14855_/CLK                             2.507400    4.568424   -2.061024 (VIOLATED)
_14856_/CLK                             2.507400    4.568424   -2.061024 (VIOLATED)
_14857_/CLK                             2.507400    4.568424   -2.061024 (VIOLATED)
_14858_/CLK                             2.507400    4.568424   -2.061024 (VIOLATED)
_14859_/CLK                             2.507400    4.568424   -2.061024 (VIOLATED)
_14860_/CLK                             2.507400    4.568424   -2.061024 (VIOLATED)
_14861_/CLK                             2.507400    4.568424   -2.061024 (VIOLATED)
_14862_/CLK                             2.507400    4.568424   -2.061024 (VIOLATED)
_14863_/CLK                             2.507400    4.568424   -2.061024 (VIOLATED)
_14864_/CLK                             2.507400    4.568424   -2.061024 (VIOLATED)
_14865_/CLK                             2.507400    4.568424   -2.061024 (VIOLATED)
_14866_/CLK                             2.507400    4.568424   -2.061024 (VIOLATED)
_14867_/CLK                             2.507400    4.568424   -2.061024 (VIOLATED)
_14868_/CLK                             2.507400    4.568424   -2.061024 (VIOLATED)
_14869_/CLK                             2.507400    4.568424   -2.061024 (VIOLATED)
_14870_/CLK                             2.507400    4.568424   -2.061024 (VIOLATED)
_14871_/CLK                             2.507400    4.568424   -2.061024 (VIOLATED)
_14872_/CLK                             2.507400    4.568424   -2.061024 (VIOLATED)
_14873_/CLK                             2.507400    4.568424   -2.061024 (VIOLATED)
_14874_/CLK                             2.507400    4.568424   -2.061024 (VIOLATED)
_14875_/CLK                             2.507400    4.568424   -2.061024 (VIOLATED)
_14876_/CLK                             2.507400    4.568424   -2.061024 (VIOLATED)
_14877_/CLK                             2.507400    4.568424   -2.061024 (VIOLATED)
_14878_/CLK                             2.507400    4.568424   -2.061024 (VIOLATED)
_14879_/CLK                             2.507400    4.568424   -2.061024 (VIOLATED)
_14880_/CLK                             2.507400    4.568424   -2.061024 (VIOLATED)
_14881_/CLK                             2.507400    4.568424   -2.061024 (VIOLATED)
_14882_/CLK                             2.507400    4.568424   -2.061024 (VIOLATED)
_14883_/CLK                             2.507400    4.568424   -2.061024 (VIOLATED)
_14884_/CLK                             2.507400    4.568424   -2.061024 (VIOLATED)
_14885_/CLK                             2.507400    4.568424   -2.061024 (VIOLATED)
_14886_/CLK                             2.507400    4.568424   -2.061024 (VIOLATED)
_14887_/CLK                             2.507400    4.568424   -2.061024 (VIOLATED)
_14888_/CLK                             2.507400    4.568424   -2.061024 (VIOLATED)
_14889_/CLK                             2.507400    4.568424   -2.061024 (VIOLATED)
_14890_/CLK                             2.507400    4.568424   -2.061024 (VIOLATED)
_14891_/CLK                             2.507400    4.568424   -2.061024 (VIOLATED)
_14892_/CLK                             2.507400    4.568424   -2.061024 (VIOLATED)
_14893_/CLK                             2.507400    4.568424   -2.061024 (VIOLATED)
_14894_/CLK                             2.507400    4.568424   -2.061024 (VIOLATED)
_14895_/CLK                             2.507400    4.568424   -2.061024 (VIOLATED)
_14896_/CLK                             2.507400    4.568424   -2.061024 (VIOLATED)
_14897_/CLK                             2.507400    4.568424   -2.061024 (VIOLATED)
_14898_/CLK                             2.507400    4.568424   -2.061024 (VIOLATED)
_14899_/CLK                             2.507400    4.568424   -2.061024 (VIOLATED)
_14900_/CLK                             2.507400    4.568424   -2.061024 (VIOLATED)
_14901_/CLK                             2.507400    4.568424   -2.061024 (VIOLATED)
_14902_/CLK                             2.507400    4.568424   -2.061024 (VIOLATED)
_14903_/CLK                             2.507400    4.568424   -2.061024 (VIOLATED)
_14904_/CLK                             2.507400    4.568424   -2.061024 (VIOLATED)
_14905_/CLK                             2.507400    4.568424   -2.061024 (VIOLATED)
_14906_/CLK                             2.507400    4.568424   -2.061024 (VIOLATED)
_14907_/CLK                             2.507400    4.568424   -2.061024 (VIOLATED)
_14908_/CLK                             2.507400    4.568424   -2.061024 (VIOLATED)
_14909_/CLK                             2.507400    4.568424   -2.061024 (VIOLATED)
_14910_/CLK                             2.507400    4.568424   -2.061024 (VIOLATED)
_14911_/CLK                             2.507400    4.568424   -2.061024 (VIOLATED)
_14912_/CLK                             2.507400    4.568424   -2.061024 (VIOLATED)
_14913_/CLK                             2.507400    4.568424   -2.061024 (VIOLATED)
_14914_/CLK                             2.507400    4.568424   -2.061024 (VIOLATED)
_14915_/CLK                             2.507400    4.568424   -2.061024 (VIOLATED)
_14916_/CLK                             2.507400    4.568424   -2.061024 (VIOLATED)
_14917_/CLK                             2.507400    4.568424   -2.061024 (VIOLATED)
_14918_/CLK                             2.507400    4.568424   -2.061024 (VIOLATED)
_14919_/CLK                             2.507400    4.568424   -2.061024 (VIOLATED)
_14920_/CLK                             2.507400    4.568424   -2.061024 (VIOLATED)
_14921_/CLK                             2.507400    4.568424   -2.061024 (VIOLATED)
_14922_/CLK                             2.507400    4.568424   -2.061024 (VIOLATED)
_14923_/CLK                             2.507400    4.568424   -2.061024 (VIOLATED)
_14924_/CLK                             2.507400    4.568424   -2.061024 (VIOLATED)
_14925_/CLK                             2.507400    4.568424   -2.061024 (VIOLATED)
_14926_/CLK                             2.507400    4.568424   -2.061024 (VIOLATED)
_14927_/CLK                             2.507400    4.568424   -2.061024 (VIOLATED)
_14928_/CLK                             2.507400    4.568424   -2.061024 (VIOLATED)
_14929_/CLK                             2.507400    4.568424   -2.061024 (VIOLATED)
_14930_/CLK                             2.507400    4.568424   -2.061024 (VIOLATED)
_14931_/CLK                             2.507400    4.568424   -2.061024 (VIOLATED)
_14932_/CLK                             2.507400    4.568424   -2.061024 (VIOLATED)
_14933_/CLK                             2.507400    4.568424   -2.061024 (VIOLATED)
_14934_/CLK                             2.507400    4.568424   -2.061024 (VIOLATED)
_14935_/CLK                             2.507400    4.568424   -2.061024 (VIOLATED)
_14936_/CLK                             2.507400    4.568424   -2.061024 (VIOLATED)
_14937_/CLK                             2.507400    4.568424   -2.061024 (VIOLATED)
_14938_/CLK                             2.507400    4.568424   -2.061024 (VIOLATED)
_14939_/CLK                             2.507400    4.568424   -2.061024 (VIOLATED)
_14940_/CLK                             2.507400    4.568424   -2.061024 (VIOLATED)
_14941_/CLK                             2.507400    4.568424   -2.061024 (VIOLATED)
_14942_/CLK                             2.507400    4.568424   -2.061024 (VIOLATED)
_14943_/CLK                             2.507400    4.568424   -2.061024 (VIOLATED)
_14944_/CLK                             2.507400    4.568424   -2.061024 (VIOLATED)
_14945_/CLK                             2.507400    4.568424   -2.061024 (VIOLATED)
_14946_/CLK                             2.507400    4.568424   -2.061024 (VIOLATED)
_14947_/CLK                             2.507400    4.568424   -2.061024 (VIOLATED)
_14948_/CLK                             2.507400    4.568424   -2.061024 (VIOLATED)
_14949_/CLK                             2.507400    4.568424   -2.061024 (VIOLATED)
_14950_/CLK                             2.507400    4.568424   -2.061024 (VIOLATED)
_14951_/CLK                             2.507400    4.568424   -2.061024 (VIOLATED)
_14952_/CLK                             2.507400    4.568424   -2.061024 (VIOLATED)
_14953_/CLK                             2.507400    4.568424   -2.061024 (VIOLATED)
_14954_/CLK                             2.507400    4.568424   -2.061024 (VIOLATED)
_14955_/CLK                             2.507400    4.568424   -2.061024 (VIOLATED)
_14956_/CLK                             2.507400    4.568424   -2.061024 (VIOLATED)
_14957_/CLK                             2.507400    4.568424   -2.061024 (VIOLATED)
_14958_/CLK                             2.507400    4.568424   -2.061024 (VIOLATED)
_14959_/CLK                             2.507400    4.568424   -2.061024 (VIOLATED)
_14960_/CLK                             2.507400    4.568424   -2.061024 (VIOLATED)
_14961_/CLK                             2.507400    4.568424   -2.061024 (VIOLATED)
_14962_/CLK                             2.507400    4.568424   -2.061024 (VIOLATED)
_14963_/CLK                             2.507400    4.568424   -2.061024 (VIOLATED)
_14964_/CLK                             2.507400    4.568424   -2.061024 (VIOLATED)
_14965_/CLK                             2.507400    4.568424   -2.061024 (VIOLATED)
_14966_/CLK                             2.507400    4.568424   -2.061024 (VIOLATED)
_14967_/CLK                             2.507400    4.568424   -2.061024 (VIOLATED)
_14968_/CLK                             2.507400    4.568424   -2.061024 (VIOLATED)
_14969_/CLK                             2.507400    4.568424   -2.061024 (VIOLATED)
_14970_/CLK                             2.507400    4.568424   -2.061024 (VIOLATED)
_14971_/CLK                             2.507400    4.568424   -2.061024 (VIOLATED)
_14972_/CLK                             2.507400    4.568424   -2.061024 (VIOLATED)
_14973_/CLK                             2.507400    4.568424   -2.061024 (VIOLATED)
_14974_/CLK                             2.507400    4.568424   -2.061024 (VIOLATED)
_14975_/CLK                             2.507400    4.568424   -2.061024 (VIOLATED)
_14976_/CLK                             2.507400    4.568424   -2.061024 (VIOLATED)
_14977_/CLK                             2.507400    4.568424   -2.061024 (VIOLATED)
_14978_/CLK                             2.507400    4.568424   -2.061024 (VIOLATED)
_14979_/CLK                             2.507400    4.568424   -2.061024 (VIOLATED)
_14980_/CLK                             2.507400    4.568424   -2.061024 (VIOLATED)
_14981_/CLK                             2.507400    4.568424   -2.061024 (VIOLATED)
_14982_/CLK                             2.507400    4.568424   -2.061024 (VIOLATED)
_14983_/CLK                             2.507400    4.568424   -2.061024 (VIOLATED)
_14984_/CLK                             2.507400    4.568424   -2.061024 (VIOLATED)
_14985_/CLK                             2.507400    4.568424   -2.061024 (VIOLATED)
_14986_/CLK                             2.507400    4.568424   -2.061024 (VIOLATED)
_14987_/CLK                             2.507400    4.568424   -2.061024 (VIOLATED)
_14988_/CLK                             2.507400    4.568424   -2.061024 (VIOLATED)
_14989_/CLK                             2.507400    4.568424   -2.061024 (VIOLATED)
_14990_/CLK                             2.507400    4.568424   -2.061024 (VIOLATED)
_14991_/CLK                             2.507400    4.568424   -2.061024 (VIOLATED)
_14992_/CLK                             2.507400    4.568424   -2.061024 (VIOLATED)
_14993_/CLK                             2.507400    4.568424   -2.061024 (VIOLATED)
_14994_/CLK                             2.507400    4.568424   -2.061024 (VIOLATED)
_14995_/CLK                             2.507400    4.568424   -2.061024 (VIOLATED)
_14996_/CLK                             2.507400    4.568424   -2.061024 (VIOLATED)
_14997_/CLK                             2.507400    4.568424   -2.061024 (VIOLATED)
_14998_/CLK                             2.507400    4.568424   -2.061024 (VIOLATED)
_14999_/CLK                             2.507400    4.568424   -2.061024 (VIOLATED)
_15000_/CLK                             2.507400    4.568424   -2.061024 (VIOLATED)
_15001_/CLK                             2.507400    4.568424   -2.061024 (VIOLATED)
_15002_/CLK                             2.507400    4.568424   -2.061024 (VIOLATED)
_15003_/CLK                             2.507400    4.568424   -2.061024 (VIOLATED)
_15004_/CLK                             2.507400    4.568424   -2.061024 (VIOLATED)
_15005_/CLK                             2.507400    4.568424   -2.061024 (VIOLATED)
_15006_/CLK                             2.507400    4.568424   -2.061024 (VIOLATED)
_15007_/CLK                             2.507400    4.568424   -2.061024 (VIOLATED)
_15008_/CLK                             2.507400    4.568424   -2.061024 (VIOLATED)
_15009_/CLK                             2.507400    4.568424   -2.061024 (VIOLATED)
_15010_/CLK                             2.507400    4.568424   -2.061024 (VIOLATED)
_15011_/CLK                             2.507400    4.568424   -2.061024 (VIOLATED)
_15012_/CLK                             2.507400    4.568424   -2.061024 (VIOLATED)
_15013_/CLK                             2.507400    4.568424   -2.061024 (VIOLATED)
_15014_/CLK                             2.507400    4.568424   -2.061024 (VIOLATED)
_15015_/CLK                             2.507400    4.568424   -2.061024 (VIOLATED)
_15016_/CLK                             2.507400    4.568424   -2.061024 (VIOLATED)
_15017_/CLK                             2.507400    4.568424   -2.061024 (VIOLATED)
_15018_/CLK                             2.507400    4.568424   -2.061024 (VIOLATED)
_15019_/CLK                             2.507400    4.568424   -2.061024 (VIOLATED)
_15020_/CLK                             2.507400    4.568424   -2.061024 (VIOLATED)
_15021_/CLK                             2.507400    4.568424   -2.061024 (VIOLATED)
_15022_/CLK                             2.507400    4.568424   -2.061024 (VIOLATED)
_15023_/CLK                             2.507400    4.568424   -2.061024 (VIOLATED)
_15024_/CLK                             2.507400    4.568424   -2.061024 (VIOLATED)
_15025_/CLK                             2.507400    4.568424   -2.061024 (VIOLATED)
_15026_/CLK                             2.507400    4.568424   -2.061024 (VIOLATED)
_15027_/CLK                             2.507400    4.568424   -2.061024 (VIOLATED)
_15028_/CLK                             2.507400    4.568424   -2.061024 (VIOLATED)
_15029_/CLK                             2.507400    4.568424   -2.061024 (VIOLATED)
_15030_/CLK                             2.507400    4.568424   -2.061024 (VIOLATED)
_15031_/CLK                             2.507400    4.568424   -2.061024 (VIOLATED)
_15032_/CLK                             2.507400    4.568424   -2.061024 (VIOLATED)
_15033_/CLK                             2.507400    4.568424   -2.061024 (VIOLATED)
_15034_/CLK                             2.507400    4.568424   -2.061024 (VIOLATED)
_15035_/CLK                             2.507400    4.568424   -2.061024 (VIOLATED)
_15036_/CLK                             2.507400    4.568424   -2.061024 (VIOLATED)
_15037_/CLK                             2.507400    4.568424   -2.061024 (VIOLATED)
_15038_/CLK                             2.507400    4.568424   -2.061024 (VIOLATED)
_15039_/CLK                             2.507400    4.568424   -2.061024 (VIOLATED)
_15040_/CLK                             2.507400    4.568424   -2.061024 (VIOLATED)
_15041_/CLK                             2.507400    4.568424   -2.061024 (VIOLATED)
_15042_/CLK                             2.507400    4.568424   -2.061024 (VIOLATED)
_15043_/CLK                             2.507400    4.568424   -2.061024 (VIOLATED)
_15044_/CLK                             2.507400    4.568424   -2.061024 (VIOLATED)
_15045_/CLK                             2.507400    4.568424   -2.061024 (VIOLATED)
_15046_/CLK                             2.507400    4.568424   -2.061024 (VIOLATED)
_15047_/CLK                             2.507400    4.568424   -2.061024 (VIOLATED)
_15048_/CLK                             2.507400    4.568424   -2.061024 (VIOLATED)
_15049_/CLK                             2.507400    4.568424   -2.061024 (VIOLATED)
_15050_/CLK                             2.507400    4.568424   -2.061024 (VIOLATED)
_15051_/CLK                             2.507400    4.568424   -2.061024 (VIOLATED)
_15052_/CLK                             2.507400    4.568424   -2.061024 (VIOLATED)
_15053_/CLK                             2.507400    4.568424   -2.061024 (VIOLATED)
_15054_/CLK                             2.507400    4.568424   -2.061024 (VIOLATED)
_15055_/CLK                             2.507400    4.568424   -2.061024 (VIOLATED)
_15056_/CLK                             2.507400    4.568424   -2.061024 (VIOLATED)
_15057_/CLK                             2.507400    4.568424   -2.061024 (VIOLATED)
_15058_/CLK                             2.507400    4.568424   -2.061024 (VIOLATED)
_15059_/CLK                             2.507400    4.568424   -2.061024 (VIOLATED)
_15060_/CLK                             2.507400    4.568424   -2.061024 (VIOLATED)
_15061_/CLK                             2.507400    4.568424   -2.061024 (VIOLATED)
_15062_/CLK                             2.507400    4.568424   -2.061024 (VIOLATED)
_15063_/CLK                             2.507400    4.568424   -2.061024 (VIOLATED)
_15064_/CLK                             2.507400    4.568424   -2.061024 (VIOLATED)
_15065_/CLK                             2.507400    4.568424   -2.061024 (VIOLATED)
_15066_/CLK                             2.507400    4.568424   -2.061024 (VIOLATED)
_15067_/CLK                             2.507400    4.568424   -2.061024 (VIOLATED)
_15068_/CLK                             2.507400    4.568424   -2.061024 (VIOLATED)
_15069_/CLK                             2.507400    4.568424   -2.061024 (VIOLATED)
_15070_/CLK                             2.507400    4.568424   -2.061024 (VIOLATED)
_15071_/CLK                             2.507400    4.568424   -2.061024 (VIOLATED)
_15072_/CLK                             2.507400    4.568424   -2.061024 (VIOLATED)
_15073_/CLK                             2.507400    4.568424   -2.061024 (VIOLATED)
_15074_/CLK                             2.507400    4.568424   -2.061024 (VIOLATED)
_15075_/CLK                             2.507400    4.568424   -2.061024 (VIOLATED)
_15076_/CLK                             2.507400    4.568424   -2.061024 (VIOLATED)
_15077_/CLK                             2.507400    4.568424   -2.061024 (VIOLATED)
_15078_/CLK                             2.507400    4.568424   -2.061024 (VIOLATED)
_15079_/CLK                             2.507400    4.568424   -2.061024 (VIOLATED)
_15080_/CLK                             2.507400    4.568424   -2.061024 (VIOLATED)
_15081_/CLK                             2.507400    4.568424   -2.061024 (VIOLATED)
_15082_/CLK                             2.507400    4.568424   -2.061024 (VIOLATED)
_15083_/CLK                             2.507400    4.568424   -2.061024 (VIOLATED)
_15084_/CLK                             2.507400    4.568424   -2.061024 (VIOLATED)
_15085_/CLK                             2.507400    4.568424   -2.061024 (VIOLATED)
_15086_/CLK                             2.507400    4.568424   -2.061024 (VIOLATED)
_15087_/CLK                             2.507400    4.568424   -2.061024 (VIOLATED)
_15088_/CLK                             2.507400    4.568424   -2.061024 (VIOLATED)
_15089_/CLK                             2.507400    4.568424   -2.061024 (VIOLATED)
_15090_/CLK                             2.507400    4.568424   -2.061024 (VIOLATED)
_15091_/CLK                             2.507400    4.568424   -2.061024 (VIOLATED)
_15092_/CLK                             2.507400    4.568424   -2.061024 (VIOLATED)
_15093_/CLK                             2.507400    4.568424   -2.061024 (VIOLATED)
_15094_/CLK                             2.507400    4.568424   -2.061024 (VIOLATED)
_15095_/CLK                             2.507400    4.568424   -2.061024 (VIOLATED)
_15096_/CLK                             2.507400    4.568424   -2.061024 (VIOLATED)
_15097_/CLK                             2.507400    4.568424   -2.061024 (VIOLATED)
_15098_/CLK                             2.507400    4.568424   -2.061024 (VIOLATED)
_15099_/CLK                             2.507400    4.568424   -2.061024 (VIOLATED)
_15100_/CLK                             2.507400    4.568424   -2.061024 (VIOLATED)
_15101_/CLK                             2.507400    4.568424   -2.061024 (VIOLATED)
_15102_/CLK                             2.507400    4.568424   -2.061024 (VIOLATED)
_15103_/CLK                             2.507400    4.568424   -2.061024 (VIOLATED)
_15104_/CLK                             2.507400    4.568424   -2.061024 (VIOLATED)
_15105_/CLK                             2.507400    4.568424   -2.061024 (VIOLATED)
_15106_/CLK                             2.507400    4.568424   -2.061024 (VIOLATED)
_15107_/CLK                             2.507400    4.568424   -2.061024 (VIOLATED)
_15108_/CLK                             2.507400    4.568424   -2.061024 (VIOLATED)
_15109_/CLK                             2.507400    4.568424   -2.061024 (VIOLATED)
_15110_/CLK                             2.507400    4.568424   -2.061024 (VIOLATED)
_15111_/CLK                             2.507400    4.568424   -2.061024 (VIOLATED)
_15112_/CLK                             2.507400    4.568424   -2.061024 (VIOLATED)
_15113_/CLK                             2.507400    4.568424   -2.061024 (VIOLATED)
_15114_/CLK                             2.507400    4.568424   -2.061024 (VIOLATED)
_15115_/CLK                             2.507400    4.568424   -2.061024 (VIOLATED)
_15116_/CLK                             2.507400    4.568424   -2.061024 (VIOLATED)
_15117_/CLK                             2.507400    4.568424   -2.061024 (VIOLATED)
_15118_/CLK                             2.507400    4.568424   -2.061024 (VIOLATED)
_15119_/CLK                             2.507400    4.568424   -2.061024 (VIOLATED)
_15120_/CLK                             2.507400    4.568424   -2.061024 (VIOLATED)
_15121_/CLK                             2.507400    4.568424   -2.061024 (VIOLATED)
_15122_/CLK                             2.507400    4.568424   -2.061024 (VIOLATED)
_15123_/CLK                             2.507400    4.568424   -2.061024 (VIOLATED)
_15124_/CLK                             2.507400    4.568424   -2.061024 (VIOLATED)
_15125_/CLK                             2.507400    4.568424   -2.061024 (VIOLATED)
_15126_/CLK                             2.507400    4.568424   -2.061024 (VIOLATED)
_15127_/CLK                             2.507400    4.568424   -2.061024 (VIOLATED)
_15128_/CLK                             2.507400    4.568424   -2.061024 (VIOLATED)
_15129_/CLK                             2.507400    4.568424   -2.061024 (VIOLATED)
_15130_/CLK                             2.507400    4.568424   -2.061024 (VIOLATED)
_15131_/CLK                             2.507400    4.568424   -2.061024 (VIOLATED)
_15132_/CLK                             2.507400    4.568424   -2.061024 (VIOLATED)
_15133_/CLK                             2.507400    4.568424   -2.061024 (VIOLATED)
_15134_/CLK                             2.507400    4.568424   -2.061024 (VIOLATED)
_15135_/CLK                             2.507400    4.568424   -2.061024 (VIOLATED)
_15136_/CLK                             2.507400    4.568424   -2.061024 (VIOLATED)
_15137_/CLK                             2.507400    4.568424   -2.061024 (VIOLATED)
_15138_/CLK                             2.507400    4.568424   -2.061024 (VIOLATED)
_15139_/CLK                             2.507400    4.568424   -2.061024 (VIOLATED)
_15140_/CLK                             2.507400    4.568424   -2.061024 (VIOLATED)
_15141_/CLK                             2.507400    4.568424   -2.061024 (VIOLATED)
_15142_/CLK                             2.507400    4.568424   -2.061024 (VIOLATED)
_15143_/CLK                             2.507400    4.568424   -2.061024 (VIOLATED)
_15144_/CLK                             2.507400    4.568424   -2.061024 (VIOLATED)
_15145_/CLK                             2.507400    4.568424   -2.061024 (VIOLATED)
_15146_/CLK                             2.507400    4.568424   -2.061024 (VIOLATED)
_15147_/CLK                             2.507400    4.568424   -2.061024 (VIOLATED)
_15148_/CLK                             2.507400    4.568424   -2.061024 (VIOLATED)
_15149_/CLK                             2.507400    4.568424   -2.061024 (VIOLATED)
_15150_/CLK                             2.507400    4.568424   -2.061024 (VIOLATED)
_15151_/CLK                             2.507400    4.568424   -2.061024 (VIOLATED)
_15152_/CLK                             2.507400    4.568424   -2.061024 (VIOLATED)
_15153_/CLK                             2.507400    4.568424   -2.061024 (VIOLATED)
_15154_/CLK                             2.507400    4.568424   -2.061024 (VIOLATED)
_15155_/CLK                             2.507400    4.568424   -2.061024 (VIOLATED)
_15156_/CLK                             2.507400    4.568424   -2.061024 (VIOLATED)
_15157_/CLK                             2.507400    4.568424   -2.061024 (VIOLATED)
_15158_/CLK                             2.507400    4.568424   -2.061024 (VIOLATED)
_15159_/CLK                             2.507400    4.568424   -2.061024 (VIOLATED)
_15160_/CLK                             2.507400    4.568424   -2.061024 (VIOLATED)
_15161_/CLK                             2.507400    4.568424   -2.061024 (VIOLATED)
_15162_/CLK                             2.507400    4.568424   -2.061024 (VIOLATED)
_15163_/CLK                             2.507400    4.568424   -2.061024 (VIOLATED)
_15164_/CLK                             2.507400    4.568424   -2.061024 (VIOLATED)
_15165_/CLK                             2.507400    4.568424   -2.061024 (VIOLATED)
_15166_/CLK                             2.507400    4.568424   -2.061024 (VIOLATED)
_15167_/CLK                             2.507400    4.568424   -2.061024 (VIOLATED)
_15168_/CLK                             2.507400    4.568424   -2.061024 (VIOLATED)
_15169_/CLK                             2.507400    4.568424   -2.061024 (VIOLATED)
_15170_/CLK                             2.507400    4.568424   -2.061024 (VIOLATED)
_15171_/CLK                             2.507400    4.568424   -2.061024 (VIOLATED)
_15172_/CLK                             2.507400    4.568424   -2.061024 (VIOLATED)
_15173_/CLK                             2.507400    4.568424   -2.061024 (VIOLATED)
_15174_/CLK                             2.507400    4.568424   -2.061024 (VIOLATED)
_15175_/CLK                             2.507400    4.568424   -2.061024 (VIOLATED)
_15176_/CLK                             2.507400    4.568424   -2.061024 (VIOLATED)
_15177_/CLK                             2.507400    4.568424   -2.061024 (VIOLATED)
_15178_/CLK                             2.507400    4.568424   -2.061024 (VIOLATED)
_15179_/CLK                             2.507400    4.568424   -2.061024 (VIOLATED)
_15180_/CLK                             2.507400    4.568424   -2.061024 (VIOLATED)
_15181_/CLK                             2.507400    4.568424   -2.061024 (VIOLATED)
_15182_/CLK                             2.507400    4.568424   -2.061024 (VIOLATED)
_15183_/CLK                             2.507400    4.568424   -2.061024 (VIOLATED)
_15184_/CLK                             2.507400    4.568424   -2.061024 (VIOLATED)
_15185_/CLK                             2.507400    4.568424   -2.061024 (VIOLATED)
_15186_/CLK                             2.507400    4.568424   -2.061024 (VIOLATED)
_15187_/CLK                             2.507400    4.568424   -2.061024 (VIOLATED)
_15188_/CLK                             2.507400    4.568424   -2.061024 (VIOLATED)
_15189_/CLK                             2.507400    4.568424   -2.061024 (VIOLATED)
_15190_/CLK                             2.507400    4.568424   -2.061024 (VIOLATED)
_15191_/CLK                             2.507400    4.568424   -2.061024 (VIOLATED)
_15192_/CLK                             2.507400    4.568424   -2.061024 (VIOLATED)
_15193_/CLK                             2.507400    4.568424   -2.061024 (VIOLATED)
_15194_/CLK                             2.507400    4.568424   -2.061024 (VIOLATED)
_15195_/CLK                             2.507400    4.568424   -2.061024 (VIOLATED)
_15196_/CLK                             2.507400    4.568424   -2.061024 (VIOLATED)
_15197_/CLK                             2.507400    4.568424   -2.061024 (VIOLATED)
_15198_/CLK                             2.507400    4.568424   -2.061024 (VIOLATED)
_15199_/CLK                             2.507400    4.568424   -2.061024 (VIOLATED)
_15200_/CLK                             2.507400    4.568424   -2.061024 (VIOLATED)
_15201_/CLK                             2.507400    4.568424   -2.061024 (VIOLATED)
_15202_/CLK                             2.507400    4.568424   -2.061024 (VIOLATED)
_15203_/CLK                             2.507400    4.568424   -2.061024 (VIOLATED)
_15204_/CLK                             2.507400    4.568424   -2.061024 (VIOLATED)
_15205_/CLK                             2.507400    4.568424   -2.061024 (VIOLATED)
_15206_/CLK                             2.507400    4.568424   -2.061024 (VIOLATED)
_15207_/CLK                             2.507400    4.568424   -2.061024 (VIOLATED)
_15208_/CLK                             2.507400    4.568424   -2.061024 (VIOLATED)
_15209_/CLK                             2.507400    4.568424   -2.061024 (VIOLATED)
_15210_/CLK                             2.507400    4.568424   -2.061024 (VIOLATED)
_15211_/CLK                             2.507400    4.568424   -2.061024 (VIOLATED)
_15212_/CLK                             2.507400    4.568424   -2.061024 (VIOLATED)
_15213_/CLK                             2.507400    4.568424   -2.061024 (VIOLATED)
_15214_/CLK                             2.507400    4.568424   -2.061024 (VIOLATED)
_15215_/CLK                             2.507400    4.568424   -2.061024 (VIOLATED)
_15216_/CLK                             2.507400    4.568424   -2.061024 (VIOLATED)
_15217_/CLK                             2.507400    4.568424   -2.061024 (VIOLATED)
_15218_/CLK                             2.507400    4.568424   -2.061024 (VIOLATED)
_15219_/CLK                             2.507400    4.568424   -2.061024 (VIOLATED)
_15220_/CLK                             2.507400    4.568424   -2.061024 (VIOLATED)
_15221_/CLK                             2.507400    4.568424   -2.061024 (VIOLATED)
_15222_/CLK                             2.507400    4.568424   -2.061024 (VIOLATED)
_15223_/CLK                             2.507400    4.568424   -2.061024 (VIOLATED)
_15224_/CLK                             2.507400    4.568424   -2.061024 (VIOLATED)
_15225_/CLK                             2.507400    4.568424   -2.061024 (VIOLATED)
_15226_/CLK                             2.507400    4.568424   -2.061024 (VIOLATED)
_15227_/CLK                             2.507400    4.568424   -2.061024 (VIOLATED)
_15228_/CLK                             2.507400    4.568424   -2.061024 (VIOLATED)
_15229_/CLK                             2.507400    4.568424   -2.061024 (VIOLATED)
_15230_/CLK                             2.507400    4.568424   -2.061024 (VIOLATED)
_15231_/CLK                             2.507400    4.568424   -2.061024 (VIOLATED)
_15232_/CLK                             2.507400    4.568424   -2.061024 (VIOLATED)
_15233_/CLK                             2.507400    4.568424   -2.061024 (VIOLATED)
_15234_/CLK                             2.507400    4.568424   -2.061024 (VIOLATED)
_15235_/CLK                             2.507400    4.568424   -2.061024 (VIOLATED)
_15236_/CLK                             2.507400    4.568424   -2.061024 (VIOLATED)
_15237_/CLK                             2.507400    4.568424   -2.061024 (VIOLATED)
_15238_/CLK                             2.507400    4.568424   -2.061024 (VIOLATED)
_15239_/CLK                             2.507400    4.568424   -2.061024 (VIOLATED)
_15240_/CLK                             2.507400    4.568424   -2.061024 (VIOLATED)
_15241_/CLK                             2.507400    4.568424   -2.061024 (VIOLATED)
_15242_/CLK                             2.507400    4.568424   -2.061024 (VIOLATED)
_15243_/CLK                             2.507400    4.568424   -2.061024 (VIOLATED)
_15244_/CLK                             2.507400    4.568424   -2.061024 (VIOLATED)
_15245_/CLK                             2.507400    4.568424   -2.061024 (VIOLATED)
_15246_/CLK                             2.507400    4.568424   -2.061024 (VIOLATED)
_15247_/CLK                             2.507400    4.568424   -2.061024 (VIOLATED)
_15248_/CLK                             2.507400    4.568424   -2.061024 (VIOLATED)
_15249_/CLK                             2.507400    4.568424   -2.061024 (VIOLATED)
_15250_/CLK                             2.507400    4.568424   -2.061024 (VIOLATED)
_15251_/CLK                             2.507400    4.568424   -2.061024 (VIOLATED)
_15252_/CLK                             2.507400    4.568424   -2.061024 (VIOLATED)
_15253_/CLK                             2.507400    4.568424   -2.061024 (VIOLATED)
_15254_/CLK                             2.507400    4.568424   -2.061024 (VIOLATED)
_15255_/CLK                             2.507400    4.568424   -2.061024 (VIOLATED)
_15256_/CLK                             2.507400    4.568424   -2.061024 (VIOLATED)
_15257_/CLK                             2.507400    4.568424   -2.061024 (VIOLATED)
_15258_/CLK                             2.507400    4.568424   -2.061024 (VIOLATED)
_15259_/CLK                             2.507400    4.568424   -2.061024 (VIOLATED)
_15260_/CLK                             2.507400    4.568424   -2.061024 (VIOLATED)
_15261_/CLK                             2.507400    4.568424   -2.061024 (VIOLATED)
_15262_/CLK                             2.507400    4.568424   -2.061024 (VIOLATED)
_15263_/CLK                             2.507400    4.568424   -2.061024 (VIOLATED)
_15264_/CLK                             2.507400    4.568424   -2.061024 (VIOLATED)
_15265_/CLK                             2.507400    4.568424   -2.061024 (VIOLATED)
_15266_/CLK                             2.507400    4.568424   -2.061024 (VIOLATED)
_15267_/CLK                             2.507400    4.568424   -2.061024 (VIOLATED)
_15268_/CLK                             2.507400    4.568424   -2.061024 (VIOLATED)
_15269_/CLK                             2.507400    4.568424   -2.061024 (VIOLATED)
_15270_/CLK                             2.507400    4.568424   -2.061024 (VIOLATED)
_15271_/CLK                             2.507400    4.568424   -2.061024 (VIOLATED)
_15272_/CLK                             2.507400    4.568424   -2.061024 (VIOLATED)
_15273_/CLK                             2.507400    4.568424   -2.061024 (VIOLATED)
_15274_/CLK                             2.507400    4.568424   -2.061024 (VIOLATED)
_15275_/CLK                             2.507400    4.568424   -2.061024 (VIOLATED)
_15276_/CLK                             2.507400    4.568424   -2.061024 (VIOLATED)
_15277_/CLK                             2.507400    4.568424   -2.061024 (VIOLATED)
_15278_/CLK                             2.507400    4.568424   -2.061024 (VIOLATED)
_15279_/CLK                             2.507400    4.568424   -2.061024 (VIOLATED)
_15280_/CLK                             2.507400    4.568424   -2.061024 (VIOLATED)
_15281_/CLK                             2.507400    4.568424   -2.061024 (VIOLATED)
_15282_/CLK                             2.507400    4.568424   -2.061024 (VIOLATED)
_15283_/CLK                             2.507400    4.568424   -2.061024 (VIOLATED)
_15284_/CLK                             2.507400    4.568424   -2.061024 (VIOLATED)
_15285_/CLK                             2.507400    4.568424   -2.061024 (VIOLATED)
_15286_/CLK                             2.507400    4.568424   -2.061024 (VIOLATED)
_15287_/CLK                             2.507400    4.568424   -2.061024 (VIOLATED)
_15288_/CLK                             2.507400    4.568424   -2.061024 (VIOLATED)
_15289_/CLK                             2.507400    4.568424   -2.061024 (VIOLATED)
_15290_/CLK                             2.507400    4.568424   -2.061024 (VIOLATED)
_15291_/CLK                             2.507400    4.568424   -2.061024 (VIOLATED)
_15292_/CLK                             2.507400    4.568424   -2.061024 (VIOLATED)
_15293_/CLK                             2.507400    4.568424   -2.061024 (VIOLATED)
_15294_/CLK                             2.507400    4.568424   -2.061024 (VIOLATED)
_15295_/CLK                             2.507400    4.568424   -2.061024 (VIOLATED)
_15296_/CLK                             2.507400    4.568424   -2.061024 (VIOLATED)
_15297_/CLK                             2.507400    4.568424   -2.061024 (VIOLATED)
_15298_/CLK                             2.507400    4.568424   -2.061024 (VIOLATED)
_15299_/CLK                             2.507400    4.568424   -2.061024 (VIOLATED)
_15300_/CLK                             2.507400    4.568424   -2.061024 (VIOLATED)
_15301_/CLK                             2.507400    4.568424   -2.061024 (VIOLATED)
_15302_/CLK                             2.507400    4.568424   -2.061024 (VIOLATED)
_15303_/CLK                             2.507400    4.568424   -2.061024 (VIOLATED)
_15304_/CLK                             2.507400    4.568424   -2.061024 (VIOLATED)
_15305_/CLK                             2.507400    4.568424   -2.061024 (VIOLATED)
_15306_/CLK                             2.507400    4.568424   -2.061024 (VIOLATED)
_15307_/CLK                             2.507400    4.568424   -2.061024 (VIOLATED)
_15308_/CLK                             2.507400    4.568424   -2.061024 (VIOLATED)
_15309_/CLK                             2.507400    4.568424   -2.061024 (VIOLATED)
_15310_/CLK                             2.507400    4.568424   -2.061024 (VIOLATED)
_15311_/CLK                             2.507400    4.568424   -2.061024 (VIOLATED)
_15312_/CLK                             2.507400    4.568424   -2.061024 (VIOLATED)
_15313_/CLK                             2.507400    4.568424   -2.061024 (VIOLATED)
_15314_/CLK                             2.507400    4.568424   -2.061024 (VIOLATED)
_15315_/CLK                             2.507400    4.568424   -2.061024 (VIOLATED)
_15316_/CLK                             2.507400    4.568424   -2.061024 (VIOLATED)
_15317_/CLK                             2.507400    4.568424   -2.061024 (VIOLATED)
_15318_/CLK                             2.507400    4.568424   -2.061024 (VIOLATED)
_15319_/CLK                             2.507400    4.568424   -2.061024 (VIOLATED)
_15320_/CLK                             2.507400    4.568424   -2.061024 (VIOLATED)
_15321_/CLK                             2.507400    4.568424   -2.061024 (VIOLATED)
_15322_/CLK                             2.507400    4.568424   -2.061024 (VIOLATED)
_15323_/CLK                             2.507400    4.568424   -2.061024 (VIOLATED)
_15324_/CLK                             2.507400    4.568424   -2.061024 (VIOLATED)
_15325_/CLK                             2.507400    4.568424   -2.061024 (VIOLATED)
_15326_/CLK                             2.507400    4.568424   -2.061024 (VIOLATED)
_15327_/CLK                             2.507400    4.568424   -2.061024 (VIOLATED)
_15328_/CLK                             2.507400    4.568424   -2.061024 (VIOLATED)
_15329_/CLK                             2.507400    4.568424   -2.061024 (VIOLATED)
_15330_/CLK                             2.507400    4.568424   -2.061024 (VIOLATED)
_15331_/CLK                             2.507400    4.568424   -2.061024 (VIOLATED)
_15332_/CLK                             2.507400    4.568424   -2.061024 (VIOLATED)
_15333_/CLK                             2.507400    4.568424   -2.061024 (VIOLATED)
_15334_/CLK                             2.507400    4.568424   -2.061024 (VIOLATED)
_15335_/CLK                             2.507400    4.568424   -2.061024 (VIOLATED)
_15336_/CLK                             2.507400    4.568424   -2.061024 (VIOLATED)
_15337_/CLK                             2.507400    4.568424   -2.061024 (VIOLATED)
_15338_/CLK                             2.507400    4.568424   -2.061024 (VIOLATED)
_15339_/CLK                             2.507400    4.568424   -2.061024 (VIOLATED)
_15340_/CLK                             2.507400    4.568424   -2.061024 (VIOLATED)
_15341_/CLK                             2.507400    4.568424   -2.061024 (VIOLATED)
_15342_/CLK                             2.507400    4.568424   -2.061024 (VIOLATED)
_15343_/CLK                             2.507400    4.568424   -2.061024 (VIOLATED)
_15344_/CLK                             2.507400    4.568424   -2.061024 (VIOLATED)
_15345_/CLK                             2.507400    4.568424   -2.061024 (VIOLATED)
_15346_/CLK                             2.507400    4.568424   -2.061024 (VIOLATED)
_15347_/CLK                             2.507400    4.568424   -2.061024 (VIOLATED)
_15348_/CLK                             2.507400    4.568424   -2.061024 (VIOLATED)
_15349_/CLK                             2.507400    4.568424   -2.061024 (VIOLATED)
_15350_/CLK                             2.507400    4.568424   -2.061024 (VIOLATED)
_15351_/CLK                             2.507400    4.568424   -2.061024 (VIOLATED)
_15352_/CLK                             2.507400    4.568424   -2.061024 (VIOLATED)
_15353_/CLK                             2.507400    4.568424   -2.061024 (VIOLATED)
_15354_/CLK                             2.507400    4.568424   -2.061024 (VIOLATED)
_15355_/CLK                             2.507400    4.568424   -2.061024 (VIOLATED)
_15356_/CLK                             2.507400    4.568424   -2.061024 (VIOLATED)
_15357_/CLK                             2.507400    4.568424   -2.061024 (VIOLATED)
_15358_/CLK                             2.507400    4.568424   -2.061024 (VIOLATED)
_15359_/CLK                             2.507400    4.568424   -2.061024 (VIOLATED)
_15360_/CLK                             2.507400    4.568424   -2.061024 (VIOLATED)
_15361_/CLK                             2.507400    4.568424   -2.061024 (VIOLATED)
_15362_/CLK                             2.507400    4.568424   -2.061024 (VIOLATED)
_15363_/CLK                             2.507400    4.568424   -2.061024 (VIOLATED)
_15364_/CLK                             2.507400    4.568424   -2.061024 (VIOLATED)
_15365_/CLK                             2.507400    4.568424   -2.061024 (VIOLATED)
_15366_/CLK                             2.507400    4.568424   -2.061024 (VIOLATED)
_15367_/CLK                             2.507400    4.568424   -2.061024 (VIOLATED)
_15368_/CLK                             2.507400    4.568424   -2.061024 (VIOLATED)
_15369_/CLK                             2.507400    4.568424   -2.061024 (VIOLATED)
_15370_/CLK                             2.507400    4.568424   -2.061024 (VIOLATED)
_15371_/CLK                             2.507400    4.568424   -2.061024 (VIOLATED)
_15372_/CLK                             2.507400    4.568424   -2.061024 (VIOLATED)
_15373_/CLK                             2.507400    4.568424   -2.061024 (VIOLATED)
_15374_/CLK                             2.507400    4.568424   -2.061024 (VIOLATED)
_15375_/CLK                             2.507400    4.568424   -2.061024 (VIOLATED)
_15376_/CLK                             2.507400    4.568424   -2.061024 (VIOLATED)
_15377_/CLK                             2.507400    4.568424   -2.061024 (VIOLATED)
_15378_/CLK                             2.507400    4.568424   -2.061024 (VIOLATED)
_15379_/CLK                             2.507400    4.568424   -2.061024 (VIOLATED)
_15380_/CLK                             2.507400    4.568424   -2.061024 (VIOLATED)
_15381_/CLK                             2.507400    4.568424   -2.061024 (VIOLATED)
_15382_/CLK                             2.507400    4.568424   -2.061024 (VIOLATED)
_15383_/CLK                             2.507400    4.568424   -2.061024 (VIOLATED)
_15384_/CLK                             2.507400    4.568424   -2.061024 (VIOLATED)
_15385_/CLK                             2.507400    4.568424   -2.061024 (VIOLATED)
_15386_/CLK                             2.507400    4.568424   -2.061024 (VIOLATED)
_15387_/CLK                             2.507400    4.568424   -2.061024 (VIOLATED)
_15388_/CLK                             2.507400    4.568424   -2.061024 (VIOLATED)
_15389_/CLK                             2.507400    4.568424   -2.061024 (VIOLATED)
_15390_/CLK                             2.507400    4.568424   -2.061024 (VIOLATED)
_15391_/CLK                             2.507400    4.568424   -2.061024 (VIOLATED)
_15392_/CLK                             2.507400    4.568424   -2.061024 (VIOLATED)
_15393_/CLK                             2.507400    4.568424   -2.061024 (VIOLATED)
_15394_/CLK                             2.507400    4.568424   -2.061024 (VIOLATED)
_15395_/CLK                             2.507400    4.568424   -2.061024 (VIOLATED)
_15396_/CLK                             2.507400    4.568424   -2.061024 (VIOLATED)
_15397_/CLK                             2.507400    4.568424   -2.061024 (VIOLATED)
_15398_/CLK                             2.507400    4.568424   -2.061024 (VIOLATED)
_15399_/CLK                             2.507400    4.568424   -2.061024 (VIOLATED)
_15400_/CLK                             2.507400    4.568424   -2.061024 (VIOLATED)
_15401_/CLK                             2.507400    4.568424   -2.061024 (VIOLATED)
_15402_/CLK                             2.507400    4.568424   -2.061024 (VIOLATED)
_15403_/CLK                             2.507400    4.568424   -2.061024 (VIOLATED)
_15404_/CLK                             2.507400    4.568424   -2.061024 (VIOLATED)
_15405_/CLK                             2.507400    4.568424   -2.061024 (VIOLATED)
_15406_/CLK                             2.507400    4.568424   -2.061024 (VIOLATED)
_15407_/CLK                             2.507400    4.568424   -2.061024 (VIOLATED)
_15408_/CLK                             2.507400    4.568424   -2.061024 (VIOLATED)
_15409_/CLK                             2.507400    4.568424   -2.061024 (VIOLATED)
_15410_/CLK                             2.507400    4.568424   -2.061024 (VIOLATED)
_15411_/CLK                             2.507400    4.568424   -2.061024 (VIOLATED)
_15412_/CLK                             2.507400    4.568424   -2.061024 (VIOLATED)
_15413_/CLK                             2.507400    4.568424   -2.061024 (VIOLATED)
_15414_/CLK                             2.507400    4.568424   -2.061024 (VIOLATED)
_15415_/CLK                             2.507400    4.568424   -2.061024 (VIOLATED)
_15416_/CLK                             2.507400    4.568424   -2.061024 (VIOLATED)
_15417_/CLK                             2.507400    4.568424   -2.061024 (VIOLATED)
_15418_/CLK                             2.507400    4.568424   -2.061024 (VIOLATED)
_15419_/CLK                             2.507400    4.568424   -2.061024 (VIOLATED)
_15420_/CLK                             2.507400    4.568424   -2.061024 (VIOLATED)
_15421_/CLK                             2.507400    4.568424   -2.061024 (VIOLATED)
_15422_/CLK                             2.507400    4.568424   -2.061024 (VIOLATED)
_15423_/CLK                             2.507400    4.568424   -2.061024 (VIOLATED)
_15424_/CLK                             2.507400    4.568424   -2.061024 (VIOLATED)
_15425_/CLK                             2.507400    4.568424   -2.061024 (VIOLATED)
_15426_/CLK                             2.507400    4.568424   -2.061024 (VIOLATED)
_15427_/CLK                             2.507400    4.568424   -2.061024 (VIOLATED)
_15428_/CLK                             2.507400    4.568424   -2.061024 (VIOLATED)
_15429_/CLK                             2.507400    4.568424   -2.061024 (VIOLATED)
_15430_/CLK                             2.507400    4.568424   -2.061024 (VIOLATED)
_15431_/CLK                             2.507400    4.568424   -2.061024 (VIOLATED)
_15432_/CLK                             2.507400    4.568424   -2.061024 (VIOLATED)
_15433_/CLK                             2.507400    4.568424   -2.061024 (VIOLATED)
_15434_/CLK                             2.507400    4.568424   -2.061024 (VIOLATED)
_15435_/CLK                             2.507400    4.568424   -2.061024 (VIOLATED)
_15436_/CLK                             2.507400    4.568424   -2.061024 (VIOLATED)
_15437_/CLK                             2.507400    4.568424   -2.061024 (VIOLATED)
_15438_/CLK                             2.507400    4.568424   -2.061024 (VIOLATED)
_15439_/CLK                             2.507400    4.568424   -2.061024 (VIOLATED)
_15440_/CLK                             2.507400    4.568424   -2.061024 (VIOLATED)
_15441_/CLK                             2.507400    4.568424   -2.061024 (VIOLATED)
_15442_/CLK                             2.507400    4.568424   -2.061024 (VIOLATED)
_15443_/CLK                             2.507400    4.568424   -2.061024 (VIOLATED)
_15444_/CLK                             2.507400    4.568424   -2.061024 (VIOLATED)
_15445_/CLK                             2.507400    4.568424   -2.061024 (VIOLATED)
_15446_/CLK                             2.507400    4.568424   -2.061024 (VIOLATED)
_15447_/CLK                             2.507400    4.568424   -2.061024 (VIOLATED)
_15448_/CLK                             2.507400    4.568424   -2.061024 (VIOLATED)
_15449_/CLK                             2.507400    4.568424   -2.061024 (VIOLATED)
_15450_/CLK                             2.507400    4.568424   -2.061024 (VIOLATED)
_15451_/CLK                             2.507400    4.568424   -2.061024 (VIOLATED)
_15452_/CLK                             2.507400    4.568424   -2.061024 (VIOLATED)
_15453_/CLK                             2.507400    4.568424   -2.061024 (VIOLATED)
_15454_/CLK                             2.507400    4.568424   -2.061024 (VIOLATED)
_15455_/CLK                             2.507400    4.568424   -2.061024 (VIOLATED)
_15456_/CLK                             2.507400    4.568424   -2.061024 (VIOLATED)
_15457_/CLK                             2.507400    4.568424   -2.061024 (VIOLATED)
_15458_/CLK                             2.507400    4.568424   -2.061024 (VIOLATED)
_15459_/CLK                             2.507400    4.568424   -2.061024 (VIOLATED)
_15460_/CLK                             2.507400    4.568424   -2.061024 (VIOLATED)
_15461_/CLK                             2.507400    4.568424   -2.061024 (VIOLATED)
_15462_/CLK                             2.507400    4.568424   -2.061024 (VIOLATED)
_15463_/CLK                             2.507400    4.568424   -2.061024 (VIOLATED)
_15464_/CLK                             2.507400    4.568424   -2.061024 (VIOLATED)
_15465_/CLK                             2.507400    4.568424   -2.061024 (VIOLATED)
_15466_/CLK                             2.507400    4.568424   -2.061024 (VIOLATED)
_15467_/CLK                             2.507400    4.568424   -2.061024 (VIOLATED)
_15468_/CLK                             2.507400    4.568424   -2.061024 (VIOLATED)
_15469_/CLK                             2.507400    4.568424   -2.061024 (VIOLATED)
_15470_/CLK                             2.507400    4.568424   -2.061024 (VIOLATED)
_15471_/CLK                             2.507400    4.568424   -2.061024 (VIOLATED)
_15472_/CLK                             2.507400    4.568424   -2.061024 (VIOLATED)
_15473_/CLK                             2.507400    4.568424   -2.061024 (VIOLATED)
_15474_/CLK                             2.507400    4.568424   -2.061024 (VIOLATED)
_15475_/CLK                             2.507400    4.568424   -2.061024 (VIOLATED)
_15476_/CLK                             2.507400    4.568424   -2.061024 (VIOLATED)
_15477_/CLK                             2.507400    4.568424   -2.061024 (VIOLATED)
_15478_/CLK                             2.507400    4.568424   -2.061024 (VIOLATED)
_15479_/CLK                             2.507400    4.568424   -2.061024 (VIOLATED)
_08146_/Y                               2.507400    3.732302   -1.224902 (VIOLATED)
_08148_/B                               2.507400    3.732302   -1.224902 (VIOLATED)
_08150_/A2                              2.507400    3.732302   -1.224902 (VIOLATED)
_08161_/A                               2.507400    3.732302   -1.224902 (VIOLATED)
_08552_/A2                              2.507400    3.732302   -1.224902 (VIOLATED)
_08649_/B                               2.507400    3.732302   -1.224902 (VIOLATED)
_08665_/A1                              2.507400    3.732302   -1.224902 (VIOLATED)
_08684_/A2                              2.507400    3.732302   -1.224902 (VIOLATED)
_08982_/A2                              2.507400    3.732302   -1.224902 (VIOLATED)
_09048_/A2                              2.507400    3.732302   -1.224902 (VIOLATED)
_09347_/A2                              2.507400    3.732302   -1.224902 (VIOLATED)
_09399_/A2                              2.507400    3.732302   -1.224902 (VIOLATED)
_09427_/A                               2.507400    3.732302   -1.224902 (VIOLATED)
_09834_/A2                              2.507400    3.732302   -1.224902 (VIOLATED)
_09836_/A1                              2.507400    3.732302   -1.224902 (VIOLATED)
_09840_/A1                              2.507400    3.732302   -1.224902 (VIOLATED)
_09857_/A2                              2.507400    3.732302   -1.224902 (VIOLATED)
_09872_/A2                              2.507400    3.732302   -1.224902 (VIOLATED)
_10012_/A2                              2.507400    3.732302   -1.224902 (VIOLATED)
_10321_/B1                              2.507400    3.732302   -1.224902 (VIOLATED)
_10390_/A2                              2.507400    3.732302   -1.224902 (VIOLATED)
_10582_/A2                              2.507400    3.732302   -1.224902 (VIOLATED)
_10655_/A2                              2.507400    3.732302   -1.224902 (VIOLATED)
_10777_/A2                              2.507400    3.732302   -1.224902 (VIOLATED)
_11334_/A2                              2.507400    3.732302   -1.224902 (VIOLATED)
_13956_/Y                               2.507400    3.619818   -1.112418 (VIOLATED)
_13957_/S                               2.507400    3.619818   -1.112418 (VIOLATED)
_13958_/S                               2.507400    3.619818   -1.112418 (VIOLATED)
_13959_/S                               2.507400    3.619818   -1.112418 (VIOLATED)
_13960_/S                               2.507400    3.619818   -1.112418 (VIOLATED)
_13961_/S                               2.507400    3.619818   -1.112418 (VIOLATED)
_13962_/S                               2.507400    3.619818   -1.112418 (VIOLATED)
_13963_/S                               2.507400    3.619818   -1.112418 (VIOLATED)
_13964_/S                               2.507400    3.619818   -1.112418 (VIOLATED)
_13965_/S                               2.507400    3.619818   -1.112418 (VIOLATED)
_13966_/S                               2.507400    3.619818   -1.112418 (VIOLATED)
_13967_/S                               2.507400    3.619818   -1.112418 (VIOLATED)
_13968_/S                               2.507400    3.619818   -1.112418 (VIOLATED)
_13969_/S                               2.507400    3.619818   -1.112418 (VIOLATED)
_13970_/S                               2.507400    3.619818   -1.112418 (VIOLATED)
_13971_/S                               2.507400    3.619818   -1.112418 (VIOLATED)
_13972_/S                               2.507400    3.619818   -1.112418 (VIOLATED)
_13973_/S                               2.507400    3.619818   -1.112418 (VIOLATED)
_13974_/S                               2.507400    3.619818   -1.112418 (VIOLATED)
_13975_/S                               2.507400    3.619818   -1.112418 (VIOLATED)
_13976_/S                               2.507400    3.619818   -1.112418 (VIOLATED)
_13977_/S                               2.507400    3.619818   -1.112418 (VIOLATED)
_13978_/S                               2.507400    3.619818   -1.112418 (VIOLATED)
_13979_/S                               2.507400    3.619818   -1.112418 (VIOLATED)
_13980_/S                               2.507400    3.619818   -1.112418 (VIOLATED)
_13981_/S                               2.507400    3.619818   -1.112418 (VIOLATED)
_13982_/S                               2.507400    3.619818   -1.112418 (VIOLATED)
_13983_/S                               2.507400    3.619818   -1.112418 (VIOLATED)
_13984_/S                               2.507400    3.619818   -1.112418 (VIOLATED)
_13985_/S                               2.507400    3.619818   -1.112418 (VIOLATED)
_13986_/S                               2.507400    3.619818   -1.112418 (VIOLATED)
_13987_/Y                               2.507400    3.619818   -1.112418 (VIOLATED)
_13988_/S                               2.507400    3.619818   -1.112418 (VIOLATED)
_13989_/S                               2.507400    3.619818   -1.112418 (VIOLATED)
_13990_/S                               2.507400    3.619818   -1.112418 (VIOLATED)
_13991_/S                               2.507400    3.619818   -1.112418 (VIOLATED)
_13992_/S                               2.507400    3.619818   -1.112418 (VIOLATED)
_13993_/S                               2.507400    3.619818   -1.112418 (VIOLATED)
_13994_/S                               2.507400    3.619818   -1.112418 (VIOLATED)
_13995_/S                               2.507400    3.619818   -1.112418 (VIOLATED)
_13996_/S                               2.507400    3.619818   -1.112418 (VIOLATED)
_13997_/S                               2.507400    3.619818   -1.112418 (VIOLATED)
_13998_/S                               2.507400    3.619818   -1.112418 (VIOLATED)
_13999_/S                               2.507400    3.619818   -1.112418 (VIOLATED)
_14000_/S                               2.507400    3.619818   -1.112418 (VIOLATED)
_14001_/S                               2.507400    3.619818   -1.112418 (VIOLATED)
_14002_/S                               2.507400    3.619818   -1.112418 (VIOLATED)
_14003_/S                               2.507400    3.619818   -1.112418 (VIOLATED)
_14004_/S                               2.507400    3.619818   -1.112418 (VIOLATED)
_14005_/S                               2.507400    3.619818   -1.112418 (VIOLATED)
_14006_/S                               2.507400    3.619818   -1.112418 (VIOLATED)
_14007_/S                               2.507400    3.619818   -1.112418 (VIOLATED)
_14008_/S                               2.507400    3.619818   -1.112418 (VIOLATED)
_14009_/S                               2.507400    3.619818   -1.112418 (VIOLATED)
_14010_/S                               2.507400    3.619818   -1.112418 (VIOLATED)
_14011_/S                               2.507400    3.619818   -1.112418 (VIOLATED)
_14012_/S                               2.507400    3.619818   -1.112418 (VIOLATED)
_14013_/S                               2.507400    3.619818   -1.112418 (VIOLATED)
_14014_/S                               2.507400    3.619818   -1.112418 (VIOLATED)
_14015_/S                               2.507400    3.619818   -1.112418 (VIOLATED)
_14016_/S                               2.507400    3.619818   -1.112418 (VIOLATED)
_14017_/S                               2.507400    3.619818   -1.112418 (VIOLATED)
_08149_/Y                               2.507400    3.480294   -0.972893 (VIOLATED)
_08154_/A                               2.507400    3.480294   -0.972893 (VIOLATED)
_08246_/A1                              2.507400    3.480294   -0.972893 (VIOLATED)
_08268_/B                               2.507400    3.480294   -0.972893 (VIOLATED)
_08275_/S                               2.507400    3.480294   -0.972893 (VIOLATED)
_08392_/S0                              2.507400    3.480294   -0.972893 (VIOLATED)
_08403_/A                               2.507400    3.480294   -0.972893 (VIOLATED)
_08546_/A2                              2.507400    3.480294   -0.972893 (VIOLATED)
_08549_/A1                              2.507400    3.480294   -0.972893 (VIOLATED)
_08554_/A2                              2.507400    3.480294   -0.972893 (VIOLATED)
_08556_/A                               2.507400    3.480294   -0.972893 (VIOLATED)
_08608_/A2                              2.507400    3.480294   -0.972893 (VIOLATED)
_08609_/A1                              2.507400    3.480294   -0.972893 (VIOLATED)
_08614_/A2                              2.507400    3.480294   -0.972893 (VIOLATED)
_08626_/B1                              2.507400    3.480294   -0.972893 (VIOLATED)
_08629_/A2                              2.507400    3.480294   -0.972893 (VIOLATED)
_08654_/A2                              2.507400    3.480294   -0.972893 (VIOLATED)
_08655_/A                               2.507400    3.480294   -0.972893 (VIOLATED)
_08668_/A                               2.507400    3.480294   -0.972893 (VIOLATED)
_08682_/A1                              2.507400    3.480294   -0.972893 (VIOLATED)
_08743_/A                               2.507400    3.480294   -0.972893 (VIOLATED)
_08744_/A2                              2.507400    3.480294   -0.972893 (VIOLATED)
_08745_/S                               2.507400    3.480294   -0.972893 (VIOLATED)
_08750_/A1                              2.507400    3.480294   -0.972893 (VIOLATED)
_08780_/A1                              2.507400    3.480294   -0.972893 (VIOLATED)
_08788_/S                               2.507400    3.480294   -0.972893 (VIOLATED)
_08863_/S                               2.507400    3.480294   -0.972893 (VIOLATED)
_08869_/A1                              2.507400    3.480294   -0.972893 (VIOLATED)
_08872_/A1                              2.507400    3.480294   -0.972893 (VIOLATED)
_08873_/A1                              2.507400    3.480294   -0.972893 (VIOLATED)
_09022_/A1                              2.507400    3.480294   -0.972893 (VIOLATED)
_09055_/B1                              2.507400    3.480294   -0.972893 (VIOLATED)
_09070_/A                               2.507400    3.480294   -0.972893 (VIOLATED)
_09071_/A2                              2.507400    3.480294   -0.972893 (VIOLATED)
_09080_/A2                              2.507400    3.480294   -0.972893 (VIOLATED)
_09081_/A1                              2.507400    3.480294   -0.972893 (VIOLATED)
_09084_/A                               2.507400    3.480294   -0.972893 (VIOLATED)
_09087_/A                               2.507400    3.480294   -0.972893 (VIOLATED)
_09088_/A2                              2.507400    3.480294   -0.972893 (VIOLATED)
_09095_/B2                              2.507400    3.480294   -0.972893 (VIOLATED)
_09278_/A                               2.507400    3.480294   -0.972893 (VIOLATED)
_09283_/A                               2.507400    3.480294   -0.972893 (VIOLATED)
_09288_/A2                              2.507400    3.480294   -0.972893 (VIOLATED)
_09389_/A2                              2.507400    3.480294   -0.972893 (VIOLATED)
_09421_/S0                              2.507400    3.480294   -0.972893 (VIOLATED)
_09424_/S                               2.507400    3.480294   -0.972893 (VIOLATED)
_09428_/B1                              2.507400    3.480294   -0.972893 (VIOLATED)
_09429_/A1                              2.507400    3.480294   -0.972893 (VIOLATED)
_09442_/S0                              2.507400    3.480294   -0.972893 (VIOLATED)
_09444_/S                               2.507400    3.480294   -0.972893 (VIOLATED)
_09448_/B1                              2.507400    3.480294   -0.972893 (VIOLATED)
_09450_/B2                              2.507400    3.480294   -0.972893 (VIOLATED)
_09451_/B                               2.507400    3.480294   -0.972893 (VIOLATED)
_09516_/B1                              2.507400    3.480294   -0.972893 (VIOLATED)
_09517_/B1                              2.507400    3.480294   -0.972893 (VIOLATED)
_09790_/A1                              2.507400    3.480294   -0.972893 (VIOLATED)
_10028_/S                               2.507400    3.480294   -0.972893 (VIOLATED)
_10272_/A1                              2.507400    3.480294   -0.972893 (VIOLATED)
_10340_/A                               2.507400    3.480294   -0.972893 (VIOLATED)
_10342_/B2                              2.507400    3.480294   -0.972893 (VIOLATED)
_10343_/S0                              2.507400    3.480294   -0.972893 (VIOLATED)
_10345_/S1                              2.507400    3.480294   -0.972893 (VIOLATED)
_10349_/A1                              2.507400    3.480294   -0.972893 (VIOLATED)
_10362_/A2                              2.507400    3.480294   -0.972893 (VIOLATED)
_10368_/B1                              2.507400    3.480294   -0.972893 (VIOLATED)
_10371_/A1                              2.507400    3.480294   -0.972893 (VIOLATED)
_10565_/A1                              2.507400    3.480294   -0.972893 (VIOLATED)
_10576_/B                               2.507400    3.480294   -0.972893 (VIOLATED)
_10583_/A                               2.507400    3.480294   -0.972893 (VIOLATED)
_10623_/A2                              2.507400    3.480294   -0.972893 (VIOLATED)
_10628_/A2                              2.507400    3.480294   -0.972893 (VIOLATED)
_10656_/A                               2.507400    3.480294   -0.972893 (VIOLATED)
_10658_/A1                              2.507400    3.480294   -0.972893 (VIOLATED)
_10686_/A1                              2.507400    3.480294   -0.972893 (VIOLATED)
_11069_/A1                              2.507400    3.480294   -0.972893 (VIOLATED)
_11070_/S0                              2.507400    3.480294   -0.972893 (VIOLATED)
_11144_/B1                              2.507400    3.480294   -0.972893 (VIOLATED)
_11333_/A                               2.507400    3.480294   -0.972893 (VIOLATED)
_11334_/B1                              2.507400    3.480294   -0.972893 (VIOLATED)
_08160_/Y                               2.507400    3.466774   -0.959374 (VIOLATED)
_08162_/B                               2.507400    3.466774   -0.959374 (VIOLATED)
_08551_/C                               2.507400    3.466774   -0.959374 (VIOLATED)
_08650_/A2                              2.507400    3.466774   -0.959374 (VIOLATED)
_08667_/B                               2.507400    3.466774   -0.959374 (VIOLATED)
_08703_/B                               2.507400    3.466774   -0.959374 (VIOLATED)
_08717_/A2                              2.507400    3.466774   -0.959374 (VIOLATED)
_08981_/B                               2.507400    3.466774   -0.959374 (VIOLATED)
_09132_/B                               2.507400    3.466774   -0.959374 (VIOLATED)
_09833_/A2                              2.507400    3.466774   -0.959374 (VIOLATED)
_09835_/C                               2.507400    3.466774   -0.959374 (VIOLATED)
_09839_/B                               2.507400    3.466774   -0.959374 (VIOLATED)
_10338_/B                               2.507400    3.466774   -0.959374 (VIOLATED)
_10581_/B                               2.507400    3.466774   -0.959374 (VIOLATED)
_11062_/B                               2.507400    3.466774   -0.959374 (VIOLATED)
_11087_/B                               2.507400    3.466774   -0.959374 (VIOLATED)
_08138_/Y                               2.507400    3.084890   -0.577490 (VIOLATED)
_08141_/B                               2.507400    3.084890   -0.577490 (VIOLATED)
_08156_/A1                              2.507400    3.084890   -0.577490 (VIOLATED)
_08756_/A2                              2.507400    3.084890   -0.577490 (VIOLATED)
_09025_/A2                              2.507400    3.084890   -0.577490 (VIOLATED)
_09346_/B                               2.507400    3.084890   -0.577490 (VIOLATED)
_09357_/B                               2.507400    3.084890   -0.577490 (VIOLATED)
_09400_/A2                              2.507400    3.084890   -0.577490 (VIOLATED)
_09902_/B                               2.507400    3.084890   -0.577490 (VIOLATED)
_10324_/A2                              2.507400    3.084890   -0.577490 (VIOLATED)
_10389_/B                               2.507400    3.084890   -0.577490 (VIOLATED)
_10522_/A2                              2.507400    3.084890   -0.577490 (VIOLATED)
_10654_/A2                              2.507400    3.084890   -0.577490 (VIOLATED)
_08204_/Y                               2.507400    3.062157   -0.554757 (VIOLATED)
_08205_/B                               2.507400    3.062157   -0.554757 (VIOLATED)
_08206_/B                               2.507400    3.062157   -0.554757 (VIOLATED)
_09947_/A2                              2.507400    3.062157   -0.554757 (VIOLATED)
_09951_/A2                              2.507400    3.062157   -0.554757 (VIOLATED)
_09977_/A2                              2.507400    3.062157   -0.554757 (VIOLATED)
_09989_/A2                              2.507400    3.062157   -0.554757 (VIOLATED)
_10044_/A2                              2.507400    3.062157   -0.554757 (VIOLATED)
_10047_/A2                              2.507400    3.062157   -0.554757 (VIOLATED)
_10712_/A2                              2.507400    3.062157   -0.554757 (VIOLATED)
_10718_/A2                              2.507400    3.062157   -0.554757 (VIOLATED)
_11079_/A2                              2.507400    3.062157   -0.554757 (VIOLATED)
_11106_/A2                              2.507400    3.062157   -0.554757 (VIOLATED)
_13417_/Y                               2.507400    3.061420   -0.554020 (VIOLATED)
_13419_/A2                              2.507400    3.061420   -0.554020 (VIOLATED)
_13420_/A2                              2.507400    3.061420   -0.554020 (VIOLATED)
_13421_/A2                              2.507400    3.061420   -0.554020 (VIOLATED)
_13422_/A2                              2.507400    3.061420   -0.554020 (VIOLATED)
_13423_/A2                              2.507400    3.061420   -0.554020 (VIOLATED)
_13424_/A2                              2.507400    3.061420   -0.554020 (VIOLATED)
_13425_/A2                              2.507400    3.061420   -0.554020 (VIOLATED)
_13426_/A2                              2.507400    3.061420   -0.554020 (VIOLATED)
_13427_/A2                              2.507400    3.061420   -0.554020 (VIOLATED)
_13428_/A2                              2.507400    3.061420   -0.554020 (VIOLATED)
_13429_/A2                              2.507400    3.061420   -0.554020 (VIOLATED)
_13430_/A2                              2.507400    3.061420   -0.554020 (VIOLATED)
_13433_/A2                              2.507400    3.061420   -0.554020 (VIOLATED)
_13434_/A2                              2.507400    3.061420   -0.554020 (VIOLATED)
_13435_/A2                              2.507400    3.061420   -0.554020 (VIOLATED)
_13436_/A2                              2.507400    3.061420   -0.554020 (VIOLATED)
_13437_/A2                              2.507400    3.061420   -0.554020 (VIOLATED)
_13438_/A2                              2.507400    3.061420   -0.554020 (VIOLATED)
_13439_/A2                              2.507400    3.061420   -0.554020 (VIOLATED)
_13440_/A2                              2.507400    3.061420   -0.554020 (VIOLATED)
_13441_/A2                              2.507400    3.061420   -0.554020 (VIOLATED)
_13442_/A2                              2.507400    3.061420   -0.554020 (VIOLATED)
_13443_/A2                              2.507400    3.061420   -0.554020 (VIOLATED)
_13444_/A2                              2.507400    3.061420   -0.554020 (VIOLATED)
_13445_/A2                              2.507400    3.061420   -0.554020 (VIOLATED)
_13446_/A2                              2.507400    3.061420   -0.554020 (VIOLATED)
_13447_/A2                              2.507400    3.061420   -0.554020 (VIOLATED)
_13448_/A2                              2.507400    3.061420   -0.554020 (VIOLATED)
_13449_/A2                              2.507400    3.061420   -0.554020 (VIOLATED)
_13450_/A2                              2.507400    3.061420   -0.554020 (VIOLATED)
_13451_/A2                              2.507400    3.061420   -0.554020 (VIOLATED)
_13452_/A2                              2.507400    3.061420   -0.554020 (VIOLATED)
_13455_/A2                              2.507400    3.061420   -0.554020 (VIOLATED)
_13456_/A2                              2.507400    3.061420   -0.554020 (VIOLATED)
_13459_/A2                              2.507400    3.061420   -0.554020 (VIOLATED)
_13460_/A2                              2.507400    3.061420   -0.554020 (VIOLATED)
_13463_/A2                              2.507400    3.061420   -0.554020 (VIOLATED)
_13464_/A2                              2.507400    3.061420   -0.554020 (VIOLATED)
_13465_/A2                              2.507400    3.061420   -0.554020 (VIOLATED)
_13466_/A2                              2.507400    3.061420   -0.554020 (VIOLATED)
_13467_/A2                              2.507400    3.061420   -0.554020 (VIOLATED)
_13468_/A2                              2.507400    3.061420   -0.554020 (VIOLATED)
_13469_/A2                              2.507400    3.061420   -0.554020 (VIOLATED)
_13470_/A2                              2.507400    3.061420   -0.554020 (VIOLATED)
_13471_/A2                              2.507400    3.061420   -0.554020 (VIOLATED)
_13472_/A2                              2.507400    3.061420   -0.554020 (VIOLATED)
_13473_/A2                              2.507400    3.061420   -0.554020 (VIOLATED)
_13474_/A2                              2.507400    3.061420   -0.554020 (VIOLATED)
_13475_/A2                              2.507400    3.061420   -0.554020 (VIOLATED)
_13476_/A2                              2.507400    3.061420   -0.554020 (VIOLATED)
_13477_/A2                              2.507400    3.061420   -0.554020 (VIOLATED)
_13478_/A2                              2.507400    3.061420   -0.554020 (VIOLATED)
_08150_/Y                               2.507400    2.957574   -0.450174 (VIOLATED)
_08271_/A1                              2.507400    2.957574   -0.450174 (VIOLATED)
_08285_/S1                              2.507400    2.957574   -0.450174 (VIOLATED)
_08405_/A1                              2.507400    2.957574   -0.450174 (VIOLATED)
_08453_/A2                              2.507400    2.957574   -0.450174 (VIOLATED)
_08545_/A                               2.507400    2.957574   -0.450174 (VIOLATED)
_08553_/A                               2.507400    2.957574   -0.450174 (VIOLATED)
_08605_/A2                              2.507400    2.957574   -0.450174 (VIOLATED)
_08606_/A1                              2.507400    2.957574   -0.450174 (VIOLATED)
_08613_/A1                              2.507400    2.957574   -0.450174 (VIOLATED)
_08620_/B1                              2.507400    2.957574   -0.450174 (VIOLATED)
_08621_/A2                              2.507400    2.957574   -0.450174 (VIOLATED)
_08628_/B                               2.507400    2.957574   -0.450174 (VIOLATED)
_08697_/A2                              2.507400    2.957574   -0.450174 (VIOLATED)
_08698_/A1                              2.507400    2.957574   -0.450174 (VIOLATED)
_08734_/S1                              2.507400    2.957574   -0.450174 (VIOLATED)
_08740_/S1                              2.507400    2.957574   -0.450174 (VIOLATED)
_08783_/B2                              2.507400    2.957574   -0.450174 (VIOLATED)
_08786_/S                               2.507400    2.957574   -0.450174 (VIOLATED)
_08792_/S1                              2.507400    2.957574   -0.450174 (VIOLATED)
_08803_/A                               2.507400    2.957574   -0.450174 (VIOLATED)
_08867_/A                               2.507400    2.957574   -0.450174 (VIOLATED)
_08975_/B1                              2.507400    2.957574   -0.450174 (VIOLATED)
_08976_/A2                              2.507400    2.957574   -0.450174 (VIOLATED)
_08999_/A1                              2.507400    2.957574   -0.450174 (VIOLATED)
_09040_/B1                              2.507400    2.957574   -0.450174 (VIOLATED)
_09044_/B2                              2.507400    2.957574   -0.450174 (VIOLATED)
_09049_/S1                              2.507400    2.957574   -0.450174 (VIOLATED)
_09052_/B1                              2.507400    2.957574   -0.450174 (VIOLATED)
_09073_/A1                              2.507400    2.957574   -0.450174 (VIOLATED)
_09078_/A1                              2.507400    2.957574   -0.450174 (VIOLATED)
_09085_/A2                              2.507400    2.957574   -0.450174 (VIOLATED)
_09134_/A                               2.507400    2.957574   -0.450174 (VIOLATED)
_09135_/A2                              2.507400    2.957574   -0.450174 (VIOLATED)
_09279_/A2                              2.507400    2.957574   -0.450174 (VIOLATED)
_09287_/A                               2.507400    2.957574   -0.450174 (VIOLATED)
_09388_/A                               2.507400    2.957574   -0.450174 (VIOLATED)
_09452_/A2                              2.507400    2.957574   -0.450174 (VIOLATED)
_09721_/S1                              2.507400    2.957574   -0.450174 (VIOLATED)
_09730_/A1                              2.507400    2.957574   -0.450174 (VIOLATED)
_10348_/B                               2.507400    2.957574   -0.450174 (VIOLATED)
_10361_/B1                              2.507400    2.957574   -0.450174 (VIOLATED)
_10423_/A2                              2.507400    2.957574   -0.450174 (VIOLATED)
_10564_/B                               2.507400    2.957574   -0.450174 (VIOLATED)
_10569_/A                               2.507400    2.957574   -0.450174 (VIOLATED)
_10577_/A                               2.507400    2.957574   -0.450174 (VIOLATED)
_10621_/A                               2.507400    2.957574   -0.450174 (VIOLATED)
_10627_/A                               2.507400    2.957574   -0.450174 (VIOLATED)
_11059_/A1                              2.507400    2.957574   -0.450174 (VIOLATED)
_11060_/A1                              2.507400    2.957574   -0.450174 (VIOLATED)
_11066_/A                               2.507400    2.957574   -0.450174 (VIOLATED)
_11142_/S0                              2.507400    2.957574   -0.450174 (VIOLATED)
_11146_/A1                              2.507400    2.957574   -0.450174 (VIOLATED)
_13768_/Y                               2.507400    2.702276   -0.194876 (VIOLATED)
_13769_/S                               2.507400    2.702276   -0.194876 (VIOLATED)
_13770_/S                               2.507400    2.702276   -0.194876 (VIOLATED)
_13771_/S                               2.507400    2.702276   -0.194876 (VIOLATED)
_13772_/S                               2.507400    2.702276   -0.194876 (VIOLATED)
_13773_/S                               2.507400    2.702276   -0.194876 (VIOLATED)
_13774_/S                               2.507400    2.702276   -0.194876 (VIOLATED)
_13775_/S                               2.507400    2.702276   -0.194876 (VIOLATED)
_13776_/S                               2.507400    2.702276   -0.194876 (VIOLATED)
_13777_/S                               2.507400    2.702276   -0.194876 (VIOLATED)
_13778_/S                               2.507400    2.702276   -0.194876 (VIOLATED)
_13779_/S                               2.507400    2.702276   -0.194876 (VIOLATED)
_13780_/S                               2.507400    2.702276   -0.194876 (VIOLATED)
_13781_/S                               2.507400    2.702276   -0.194876 (VIOLATED)
_13782_/S                               2.507400    2.702276   -0.194876 (VIOLATED)
_13783_/S                               2.507400    2.702276   -0.194876 (VIOLATED)
_13784_/S                               2.507400    2.702276   -0.194876 (VIOLATED)
_13785_/S                               2.507400    2.702276   -0.194876 (VIOLATED)
_13786_/S                               2.507400    2.702276   -0.194876 (VIOLATED)
_13787_/S                               2.507400    2.702276   -0.194876 (VIOLATED)
_13788_/S                               2.507400    2.702276   -0.194876 (VIOLATED)
_13789_/S                               2.507400    2.702276   -0.194876 (VIOLATED)
_13790_/S                               2.507400    2.702276   -0.194876 (VIOLATED)
_13791_/S                               2.507400    2.702276   -0.194876 (VIOLATED)
_13792_/S                               2.507400    2.702276   -0.194876 (VIOLATED)
_13793_/S                               2.507400    2.702276   -0.194876 (VIOLATED)
_13794_/S                               2.507400    2.702276   -0.194876 (VIOLATED)
_13795_/S                               2.507400    2.702276   -0.194876 (VIOLATED)
_13796_/S                               2.507400    2.702276   -0.194876 (VIOLATED)
_13797_/S                               2.507400    2.702276   -0.194876 (VIOLATED)
_13798_/S                               2.507400    2.702276   -0.194876 (VIOLATED)
_13893_/Y                               2.507400    2.702276   -0.194876 (VIOLATED)
_13894_/S                               2.507400    2.702276   -0.194876 (VIOLATED)
_13895_/S                               2.507400    2.702276   -0.194876 (VIOLATED)
_13896_/S                               2.507400    2.702276   -0.194876 (VIOLATED)
_13897_/S                               2.507400    2.702276   -0.194876 (VIOLATED)
_13898_/S                               2.507400    2.702276   -0.194876 (VIOLATED)
_13899_/S                               2.507400    2.702276   -0.194876 (VIOLATED)
_13900_/S                               2.507400    2.702276   -0.194876 (VIOLATED)
_13901_/S                               2.507400    2.702276   -0.194876 (VIOLATED)
_13902_/S                               2.507400    2.702276   -0.194876 (VIOLATED)
_13903_/S                               2.507400    2.702276   -0.194876 (VIOLATED)
_13904_/S                               2.507400    2.702276   -0.194876 (VIOLATED)
_13905_/S                               2.507400    2.702276   -0.194876 (VIOLATED)
_13906_/S                               2.507400    2.702276   -0.194876 (VIOLATED)
_13907_/S                               2.507400    2.702276   -0.194876 (VIOLATED)
_13908_/S                               2.507400    2.702276   -0.194876 (VIOLATED)
_13909_/S                               2.507400    2.702276   -0.194876 (VIOLATED)
_13910_/S                               2.507400    2.702276   -0.194876 (VIOLATED)
_13911_/S                               2.507400    2.702276   -0.194876 (VIOLATED)
_13912_/S                               2.507400    2.702276   -0.194876 (VIOLATED)
_13913_/S                               2.507400    2.702276   -0.194876 (VIOLATED)
_13914_/S                               2.507400    2.702276   -0.194876 (VIOLATED)
_13915_/S                               2.507400    2.702276   -0.194876 (VIOLATED)
_13916_/S                               2.507400    2.702276   -0.194876 (VIOLATED)
_13917_/S                               2.507400    2.702276   -0.194876 (VIOLATED)
_13918_/S                               2.507400    2.702276   -0.194876 (VIOLATED)
_13919_/S                               2.507400    2.702276   -0.194876 (VIOLATED)
_13920_/S                               2.507400    2.702276   -0.194876 (VIOLATED)
_13921_/S                               2.507400    2.702276   -0.194876 (VIOLATED)
_13922_/S                               2.507400    2.702276   -0.194876 (VIOLATED)
_13923_/S                               2.507400    2.702276   -0.194876 (VIOLATED)
_08098_/Y                               2.507400    2.626552   -0.119152 (VIOLATED)
_08101_/B                               2.507400    2.626552   -0.119152 (VIOLATED)
_08264_/B                               2.507400    2.626552   -0.119152 (VIOLATED)
_08265_/A1                              2.507400    2.626552   -0.119152 (VIOLATED)
_08294_/A                               2.507400    2.626552   -0.119152 (VIOLATED)
_08478_/A                               2.507400    2.626552   -0.119152 (VIOLATED)
_08512_/A                               2.507400    2.626552   -0.119152 (VIOLATED)
_08599_/A                               2.507400    2.626552   -0.119152 (VIOLATED)
_08601_/A                               2.507400    2.626552   -0.119152 (VIOLATED)
_08602_/A1                              2.507400    2.626552   -0.119152 (VIOLATED)
_08672_/A                               2.507400    2.626552   -0.119152 (VIOLATED)
_08777_/A                               2.507400    2.626552   -0.119152 (VIOLATED)
_08795_/B2                              2.507400    2.626552   -0.119152 (VIOLATED)
_08821_/A                               2.507400    2.626552   -0.119152 (VIOLATED)
_08876_/A                               2.507400    2.626552   -0.119152 (VIOLATED)
_08877_/A                               2.507400    2.626552   -0.119152 (VIOLATED)
_08881_/A1                              2.507400    2.626552   -0.119152 (VIOLATED)
_08882_/B                               2.507400    2.626552   -0.119152 (VIOLATED)
_08953_/S                               2.507400    2.626552   -0.119152 (VIOLATED)
_08991_/S                               2.507400    2.626552   -0.119152 (VIOLATED)
_09009_/B2                              2.507400    2.626552   -0.119152 (VIOLATED)
_09036_/C1                              2.507400    2.626552   -0.119152 (VIOLATED)
_09163_/A                               2.507400    2.626552   -0.119152 (VIOLATED)
_09164_/A                               2.507400    2.626552   -0.119152 (VIOLATED)
_09309_/A                               2.507400    2.626552   -0.119152 (VIOLATED)
_09339_/A                               2.507400    2.626552   -0.119152 (VIOLATED)
_09378_/A1                              2.507400    2.626552   -0.119152 (VIOLATED)
_09455_/A                               2.507400    2.626552   -0.119152 (VIOLATED)
_09506_/S                               2.507400    2.626552   -0.119152 (VIOLATED)
_09513_/A                               2.507400    2.626552   -0.119152 (VIOLATED)
_09530_/A                               2.507400    2.626552   -0.119152 (VIOLATED)
_09695_/S                               2.507400    2.626552   -0.119152 (VIOLATED)
_09706_/A                               2.507400    2.626552   -0.119152 (VIOLATED)
_09739_/A                               2.507400    2.626552   -0.119152 (VIOLATED)
_09740_/A1                              2.507400    2.626552   -0.119152 (VIOLATED)
_09744_/A                               2.507400    2.626552   -0.119152 (VIOLATED)
_09756_/A                               2.507400    2.626552   -0.119152 (VIOLATED)
_09877_/A                               2.507400    2.626552   -0.119152 (VIOLATED)
_09878_/A1                              2.507400    2.626552   -0.119152 (VIOLATED)
_09879_/B2                              2.507400    2.626552   -0.119152 (VIOLATED)
_09920_/S                               2.507400    2.626552   -0.119152 (VIOLATED)
_09956_/A1                              2.507400    2.626552   -0.119152 (VIOLATED)
_09991_/S0                              2.507400    2.626552   -0.119152 (VIOLATED)
_10049_/A                               2.507400    2.626552   -0.119152 (VIOLATED)
_10050_/A1                              2.507400    2.626552   -0.119152 (VIOLATED)
_10055_/A                               2.507400    2.626552   -0.119152 (VIOLATED)
_10059_/A1                              2.507400    2.626552   -0.119152 (VIOLATED)
_10074_/A                               2.507400    2.626552   -0.119152 (VIOLATED)
_10081_/B2                              2.507400    2.626552   -0.119152 (VIOLATED)
_10231_/A1                              2.507400    2.626552   -0.119152 (VIOLATED)
_10282_/A                               2.507400    2.626552   -0.119152 (VIOLATED)
_10283_/A1                              2.507400    2.626552   -0.119152 (VIOLATED)
_10285_/B1                              2.507400    2.626552   -0.119152 (VIOLATED)
_10328_/A1                              2.507400    2.626552   -0.119152 (VIOLATED)
_10402_/A                               2.507400    2.626552   -0.119152 (VIOLATED)
_10411_/A1                              2.507400    2.626552   -0.119152 (VIOLATED)
_10542_/B                               2.507400    2.626552   -0.119152 (VIOLATED)
_10563_/A1                              2.507400    2.626552   -0.119152 (VIOLATED)
_10591_/A1                              2.507400    2.626552   -0.119152 (VIOLATED)
_10667_/A1                              2.507400    2.626552   -0.119152 (VIOLATED)
_10668_/A1                              2.507400    2.626552   -0.119152 (VIOLATED)
_10730_/A                               2.507400    2.626552   -0.119152 (VIOLATED)
_10819_/A1                              2.507400    2.626552   -0.119152 (VIOLATED)
_10848_/A                               2.507400    2.626552   -0.119152 (VIOLATED)
_11058_/A1                              2.507400    2.626552   -0.119152 (VIOLATED)
_11137_/B1                              2.507400    2.626552   -0.119152 (VIOLATED)
_11155_/A                               2.507400    2.626552   -0.119152 (VIOLATED)
_11156_/A1                              2.507400    2.626552   -0.119152 (VIOLATED)
_11272_/A                               2.507400    2.626552   -0.119152 (VIOLATED)

max fanout

Pin                                   Limit Fanout  Slack
---------------------------------------------------------
ui_PAD2CORE[0]                            8   1051  -1043 (VIOLATED)
_08091_/Y                                 8    408   -400 (VIOLATED)
_08136_/Y                                 8    215   -207 (VIOLATED)
_08137_/Y                                 8    212   -204 (VIOLATED)
_08129_/Y                                 8    161   -153 (VIOLATED)
_08130_/Y                                 8    153   -145 (VIOLATED)
ui_PAD2CORE[3]                            8    134   -126 (VIOLATED)
_12425_/Y                                 8    115   -107 (VIOLATED)
_08153_/Y                                 8     85    -77 (VIOLATED)
_08149_/Y                                 8     78    -70 (VIOLATED)
ui_PAD2CORE[1]                            8     76    -68 (VIOLATED)
ui_PAD2CORE[4]                            8     76    -68 (VIOLATED)
_08098_/Y                                 8     68    -60 (VIOLATED)
_08120_/Y                                 8     60    -52 (VIOLATED)
_08118_/Y                                 8     55    -47 (VIOLATED)
_13479_/Y                                 8     54    -46 (VIOLATED)
_08150_/Y                                 8     52    -44 (VIOLATED)
_13104_/Y                                 8     52    -44 (VIOLATED)
_13417_/Y                                 8     52    -44 (VIOLATED)
_08144_/Y                                 8     50    -42 (VIOLATED)
_08252_/Y                                 8     50    -42 (VIOLATED)
_08145_/Y                                 8     49    -41 (VIOLATED)
_08099_/Y                                 8     47    -39 (VIOLATED)
_08115_/Y                                 8     44    -36 (VIOLATED)
_08155_/X                                 8     44    -36 (VIOLATED)
_08117_/X                                 8     42    -34 (VIOLATED)
_08161_/Y                                 8     42    -34 (VIOLATED)
_08441_/Y                                 8     41    -33 (VIOLATED)
_08162_/Y                                 8     40    -32 (VIOLATED)
_08156_/Y                                 8     39    -31 (VIOLATED)
_08114_/Y                                 8     38    -30 (VIOLATED)
_13354_/Y                                 8     38    -30 (VIOLATED)
_08232_/Y                                 8     36    -28 (VIOLATED)
_08442_/Y                                 8     36    -28 (VIOLATED)
_13230_/Y                                 8     36    -28 (VIOLATED)
_08251_/Y                                 8     34    -26 (VIOLATED)
_12915_/Y                                 8     34    -26 (VIOLATED)
_13292_/Y                                 8     34    -26 (VIOLATED)
_15429_/Q                                 8     34    -26 (VIOLATED)
_15431_/Q                                 8     34    -26 (VIOLATED)
_15457_/Q                                 8     33    -25 (VIOLATED)
_15459_/Q                                 8     33    -25 (VIOLATED)
_12977_/Y                                 8     32    -24 (VIOLATED)
_13042_/Y                                 8     32    -24 (VIOLATED)
_13168_/X                                 8     32    -24 (VIOLATED)
_15453_/Q                                 8     31    -23 (VIOLATED)
_13543_/Y                                 8     30    -22 (VIOLATED)
_13574_/X                                 8     30    -22 (VIOLATED)
_13606_/Y                                 8     30    -22 (VIOLATED)
_13637_/X                                 8     30    -22 (VIOLATED)
_13669_/Y                                 8     30    -22 (VIOLATED)
_13705_/Y                                 8     30    -22 (VIOLATED)
_13737_/Y                                 8     30    -22 (VIOLATED)
_13768_/Y                                 8     30    -22 (VIOLATED)
_13799_/Y                                 8     30    -22 (VIOLATED)
_13831_/Y                                 8     30    -22 (VIOLATED)
_13862_/Y                                 8     30    -22 (VIOLATED)
_13893_/Y                                 8     30    -22 (VIOLATED)
_13924_/Y                                 8     30    -22 (VIOLATED)
_13956_/Y                                 8     30    -22 (VIOLATED)
_13987_/Y                                 8     30    -22 (VIOLATED)
_14019_/Y                                 8     30    -22 (VIOLATED)
_14050_/Y                                 8     30    -22 (VIOLATED)
_14081_/X                                 8     30    -22 (VIOLATED)
_14112_/Y                                 8     30    -22 (VIOLATED)
_08154_/Y                                 8     29    -21 (VIOLATED)
_08440_/Y                                 8     29    -21 (VIOLATED)
_08443_/Y                                 8     29    -21 (VIOLATED)
_12665_/Y                                 8     29    -21 (VIOLATED)
_15458_/Q                                 8     29    -21 (VIOLATED)
_08119_/Y                                 8     28    -20 (VIOLATED)
_12978_/X                                 8     28    -20 (VIOLATED)
_13041_/Y                                 8     28    -20 (VIOLATED)
_13169_/Y                                 8     28    -20 (VIOLATED)
_08302_/Y                                 8     27    -19 (VIOLATED)
_08294_/Y                                 8     26    -18 (VIOLATED)
_12914_/X                                 8     26    -18 (VIOLATED)
_13293_/Y                                 8     26    -18 (VIOLATED)
_08132_/Y                                 8     25    -17 (VIOLATED)
_08135_/Y                                 8     25    -17 (VIOLATED)
_15401_/Q                                 8     25    -17 (VIOLATED)
_08146_/Y                                 8     24    -16 (VIOLATED)
_08234_/Y                                 8     24    -16 (VIOLATED)
_08263_/Y                                 8     24    -16 (VIOLATED)
_13231_/Y                                 8     24    -16 (VIOLATED)
_08295_/Y                                 8     23    -15 (VIOLATED)
_15403_/Q                                 8     23    -15 (VIOLATED)
_08159_/Y                                 8     22    -14 (VIOLATED)
_08264_/Y                                 8     22    -14 (VIOLATED)
_08301_/Y                                 8     22    -14 (VIOLATED)
_13355_/Y                                 8     22    -14 (VIOLATED)
ui_PAD2CORE[2]                            8     20    -12 (VIOLATED)
_08100_/Y                                 8     20    -12 (VIOLATED)
_08111_/Y                                 8     20    -12 (VIOLATED)
_08233_/X                                 8     20    -12 (VIOLATED)
_08439_/Y                                 8     19    -11 (VIOLATED)
_08108_/X                                 8     18    -10 (VIOLATED)
_08147_/Y                                 8     18    -10 (VIOLATED)
_08298_/Y                                 8     18    -10 (VIOLATED)
_08438_/X                                 8     18    -10 (VIOLATED)
_12313_/Y                                 8     18    -10 (VIOLATED)
_08101_/Y                                 8     17     -9 (VIOLATED)
_08169_/Y                                 8     17     -9 (VIOLATED)
_08205_/X                                 8     17     -9 (VIOLATED)
_08644_/Y                                 8     16     -8 (VIOLATED)
_12293_/Y                                 8     16     -8 (VIOLATED)
_15402_/Q                                 8     16     -8 (VIOLATED)
_08160_/Y                                 8     15     -7 (VIOLATED)
_08299_/Y                                 8     15     -7 (VIOLATED)
_08645_/Y                                 8     15     -7 (VIOLATED)
_12373_/Y                                 8     15     -7 (VIOLATED)
_12818_/Y                                 8     15     -7 (VIOLATED)
_14143_/X                                 8     15     -7 (VIOLATED)
_12650_/Y                                 8     14     -6 (VIOLATED)
_08109_/Y                                 8     13     -5 (VIOLATED)
_08110_/Y                                 8     13     -5 (VIOLATED)
_08126_/X                                 8     13     -5 (VIOLATED)
_08128_/Y                                 8     13     -5 (VIOLATED)
_08131_/Y                                 8     13     -5 (VIOLATED)
_08134_/Y                                 8     13     -5 (VIOLATED)
_08185_/X                                 8     13     -5 (VIOLATED)
_08206_/Y                                 8     13     -5 (VIOLATED)
_08235_/Y                                 8     13     -5 (VIOLATED)
_15400_/Q                                 8     13     -5 (VIOLATED)
_08087_/Y                                 8     12     -4 (VIOLATED)
_08112_/Y                                 8     12     -4 (VIOLATED)
_08138_/Y                                 8     12     -4 (VIOLATED)
_08204_/Y                                 8     12     -4 (VIOLATED)
_08237_/Y                                 8     12     -4 (VIOLATED)
_14846_/Q                                 8     12     -4 (VIOLATED)
_14847_/Q                                 8     12     -4 (VIOLATED)
_14848_/Q                                 8     12     -4 (VIOLATED)
_14849_/Q                                 8     12     -4 (VIOLATED)
_14850_/Q                                 8     12     -4 (VIOLATED)
_14851_/Q                                 8     12     -4 (VIOLATED)
_14852_/Q                                 8     12     -4 (VIOLATED)
_14853_/Q                                 8     12     -4 (VIOLATED)
_14854_/Q                                 8     12     -4 (VIOLATED)
_14855_/Q                                 8     12     -4 (VIOLATED)
_14856_/Q                                 8     12     -4 (VIOLATED)
_14857_/Q                                 8     12     -4 (VIOLATED)
_14858_/Q                                 8     12     -4 (VIOLATED)
_14859_/Q                                 8     12     -4 (VIOLATED)
_14860_/Q                                 8     12     -4 (VIOLATED)
_14861_/Q                                 8     12     -4 (VIOLATED)
_14862_/Q                                 8     12     -4 (VIOLATED)
_14863_/Q                                 8     12     -4 (VIOLATED)
_14864_/Q                                 8     12     -4 (VIOLATED)
_14865_/Q                                 8     12     -4 (VIOLATED)
_14866_/Q                                 8     12     -4 (VIOLATED)
_14867_/Q                                 8     12     -4 (VIOLATED)
_14868_/Q                                 8     12     -4 (VIOLATED)
_14869_/Q                                 8     12     -4 (VIOLATED)
_14870_/Q                                 8     12     -4 (VIOLATED)
_14871_/Q                                 8     12     -4 (VIOLATED)
_14872_/Q                                 8     12     -4 (VIOLATED)
_14873_/Q                                 8     12     -4 (VIOLATED)
_14889_/Q                                 8     12     -4 (VIOLATED)
_15439_/Q                                 8     12     -4 (VIOLATED)
_09831_/Y                                 8     11     -3 (VIOLATED)
_10824_/Y                                 8     11     -3 (VIOLATED)
_14874_/Q                                 8     11     -3 (VIOLATED)
_15311_/Q                                 8     11     -3 (VIOLATED)
_08127_/Y                                 8     10     -2 (VIOLATED)
_14595_/Q                                 8     10     -2 (VIOLATED)
_14618_/Q                                 8     10     -2 (VIOLATED)
_14638_/Q                                 8     10     -2 (VIOLATED)
_14681_/Q                                 8     10     -2 (VIOLATED)
_14683_/Q                                 8     10     -2 (VIOLATED)
_15440_/Q                                 8     10     -2 (VIOLATED)
_08113_/Y                                 8      9        (VIOLATED)
_08148_/Y                                 8      9        (VIOLATED)
_08152_/Y                                 8      9        (VIOLATED)
_08186_/Y                                 8      9        (VIOLATED)
_08192_/Y                                 8      9        (VIOLATED)
_09238_/Y                                 8      9        (VIOLATED)
_14565_/Q                                 8      9        (VIOLATED)
_14566_/Q                                 8      9        (VIOLATED)
_14568_/Q                                 8      9        (VIOLATED)
_14607_/Q                                 8      9        (VIOLATED)
_14611_/Q                                 8      9        (VIOLATED)
_14627_/Q                                 8      9        (VIOLATED)
_14634_/Q                                 8      9        (VIOLATED)

max capacitance

Pin                                        Limit         Cap       Slack
------------------------------------------------------------------------
ui_PAD2CORE[0]                          1.200000    2.927370   -1.727370 (VIOLATED)
_08091_/Y                               0.300000    1.272575   -0.972574 (VIOLATED)
_08136_/Y                               0.300000    1.234924   -0.934924 (VIOLATED)
_08130_/Y                               0.300000    0.936982   -0.636982 (VIOLATED)
_08129_/Y                               0.300000    0.882049   -0.582049 (VIOLATED)
_08137_/Y                               0.300000    0.854151   -0.554151 (VIOLATED)
_12425_/Y                               0.300000    0.392899   -0.092899 (VIOLATED)



===========================================================================
report_parasitic_annotation -report_unannotated
============================================================================
Found 8692 unannotated drivers.
 clk_i
 rst_ni
 ui_PAD2CORE[0]
 ui_PAD2CORE[10]
 ui_PAD2CORE[11]
 ui_PAD2CORE[12]
 ui_PAD2CORE[13]
 ui_PAD2CORE[14]
 ui_PAD2CORE[15]
 ui_PAD2CORE[16]
 ui_PAD2CORE[1]
 ui_PAD2CORE[2]
 ui_PAD2CORE[3]
 ui_PAD2CORE[4]
 ui_PAD2CORE[5]
 ui_PAD2CORE[6]
 ui_PAD2CORE[7]
 ui_PAD2CORE[8]
 ui_PAD2CORE[9]
 _07607_/Y
 _07608_/Y
 _07609_/Y
 _07610_/Y
 _07611_/Y
 _07612_/Y
 _07613_/Y
 _07614_/Y
 _07615_/Y
 _07616_/Y
 _07617_/Y
 _07618_/Y
 _07619_/Y
 _07620_/Y
 _07621_/Y
 _07622_/Y
 _07623_/Y
 _07624_/Y
 _07625_/Y
 _07626_/Y
 _07627_/Y
 _07628_/Y
 _07629_/Y
 _07630_/Y
 _07631_/Y
 _07632_/Y
 _07633_/Y
 _07634_/Y
 _07635_/Y
 _07636_/Y
 _07637_/Y
 _07638_/Y
 _07639_/Y
 _07640_/Y
 _07641_/Y
 _07642_/Y
 _07643_/Y
 _07644_/Y
 _07645_/Y
 _07646_/Y
 _07647_/Y
 _07648_/Y
 _07649_/Y
 _07650_/Y
 _07651_/Y
 _07652_/Y
 _07653_/Y
 _07654_/Y
 _07655_/Y
 _07656_/Y
 _07657_/Y
 _07658_/Y
 _07659_/Y
 _07660_/Y
 _07661_/Y
 _07662_/Y
 _07663_/Y
 _07664_/Y
 _07665_/Y
 _07666_/Y
 _07667_/Y
 _07668_/Y
 _07669_/Y
 _07670_/Y
 _07671_/Y
 _07672_/Y
 _07673_/Y
 _07674_/Y
 _07675_/Y
 _07676_/Y
 _07677_/Y
 _07678_/Y
 _07679_/Y
 _07680_/Y
 _07681_/Y
 _07682_/Y
 _07683_/Y
 _07684_/Y
 _07685_/Y
 _07686_/Y
 _07687_/Y
 _07688_/Y
 _07689_/Y
 _07690_/Y
 _07691_/Y
 _07692_/Y
 _07693_/Y
 _07694_/Y
 _07695_/Y
 _07696_/Y
 _07697_/Y
 _07698_/Y
 _07699_/Y
 _07700_/Y
 _07701_/Y
 _07702_/Y
 _07703_/Y
 _07704_/Y
 _07705_/Y
 _07706_/Y
 _07707_/Y
 _07708_/Y
 _07709_/Y
 _07710_/Y
 _07711_/Y
 _07712_/Y
 _07713_/Y
 _07714_/Y
 _07715_/Y
 _07716_/Y
 _07717_/Y
 _07718_/Y
 _07719_/Y
 _07720_/Y
 _07721_/Y
 _07722_/Y
 _07723_/Y
 _07724_/Y
 _07725_/Y
 _07726_/Y
 _07727_/Y
 _07728_/Y
 _07729_/Y
 _07730_/Y
 _07731_/Y
 _07732_/Y
 _07733_/Y
 _07734_/Y
 _07735_/Y
 _07736_/Y
 _07737_/Y
 _07738_/Y
 _07739_/Y
 _07740_/Y
 _07741_/Y
 _07742_/Y
 _07743_/Y
 _07744_/Y
 _07745_/Y
 _07746_/Y
 _07747_/Y
 _07748_/Y
 _07749_/Y
 _07750_/Y
 _07751_/Y
 _07752_/Y
 _07753_/Y
 _07754_/Y
 _07755_/Y
 _07756_/Y
 _07757_/Y
 _07758_/Y
 _07759_/Y
 _07760_/Y
 _07761_/Y
 _07762_/Y
 _07763_/Y
 _07764_/Y
 _07765_/Y
 _07766_/Y
 _07767_/Y
 _07768_/Y
 _07769_/Y
 _07770_/Y
 _07771_/Y
 _07772_/Y
 _07773_/Y
 _07774_/Y
 _07775_/Y
 _07776_/Y
 _07777_/Y
 _07778_/Y
 _07779_/Y
 _07780_/Y
 _07781_/Y
 _07782_/Y
 _07783_/Y
 _07784_/Y
 _07785_/Y
 _07786_/Y
 _07787_/Y
 _07788_/Y
 _07789_/Y
 _07790_/Y
 _07791_/Y
 _07792_/Y
 _07793_/Y
 _07794_/Y
 _07795_/Y
 _07796_/Y
 _07797_/Y
 _07798_/Y
 _07799_/Y
 _07800_/Y
 _07801_/Y
 _07802_/Y
 _07803_/Y
 _07804_/Y
 _07805_/Y
 _07806_/Y
 _07807_/Y
 _07808_/Y
 _07809_/Y
 _07810_/Y
 _07811_/Y
 _07812_/Y
 _07813_/Y
 _07814_/Y
 _07815_/Y
 _07816_/Y
 _07817_/Y
 _07818_/Y
 _07819_/Y
 _07820_/Y
 _07821_/Y
 _07822_/Y
 _07823_/Y
 _07824_/Y
 _07825_/Y
 _07826_/Y
 _07827_/Y
 _07828_/Y
 _07829_/Y
 _07830_/Y
 _07831_/Y
 _07832_/Y
 _07833_/Y
 _07834_/Y
 _07835_/Y
 _07836_/Y
 _07837_/Y
 _07838_/Y
 _07839_/Y
 _07840_/Y
 _07841_/Y
 _07842_/Y
 _07843_/Y
 _07844_/Y
 _07845_/Y
 _07846_/Y
 _07847_/Y
 _07848_/Y
 _07849_/Y
 _07850_/Y
 _07851_/Y
 _07852_/Y
 _07853_/Y
 _07854_/Y
 _07855_/Y
 _07856_/Y
 _07857_/Y
 _07858_/Y
 _07859_/Y
 _07860_/Y
 _07861_/Y
 _07862_/Y
 _07863_/Y
 _07864_/Y
 _07865_/Y
 _07866_/Y
 _07867_/Y
 _07868_/Y
 _07869_/Y
 _07870_/Y
 _07871_/Y
 _07872_/Y
 _07873_/Y
 _07874_/Y
 _07875_/Y
 _07876_/Y
 _07877_/Y
 _07878_/Y
 _07879_/Y
 _07880_/Y
 _07881_/Y
 _07882_/Y
 _07883_/Y
 _07884_/Y
 _07885_/Y
 _07886_/Y
 _07887_/Y
 _07888_/Y
 _07889_/Y
 _07890_/Y
 _07891_/Y
 _07892_/Y
 _07893_/Y
 _07894_/Y
 _07895_/Y
 _07896_/Y
 _07897_/Y
 _07898_/Y
 _07899_/Y
 _07900_/Y
 _07901_/Y
 _07902_/Y
 _07903_/Y
 _07904_/Y
 _07905_/Y
 _07906_/Y
 _07907_/Y
 _07908_/Y
 _07909_/Y
 _07910_/Y
 _07911_/Y
 _07912_/Y
 _07913_/Y
 _07914_/Y
 _07915_/Y
 _07916_/Y
 _07917_/Y
 _07918_/Y
 _07919_/Y
 _07920_/Y
 _07921_/Y
 _07922_/Y
 _07923_/Y
 _07924_/Y
 _07925_/Y
 _07926_/Y
 _07927_/Y
 _07928_/Y
 _07929_/Y
 _07930_/Y
 _07931_/Y
 _07932_/Y
 _07933_/Y
 _07934_/Y
 _07935_/Y
 _07936_/Y
 _07937_/Y
 _07938_/Y
 _07939_/Y
 _07940_/Y
 _07941_/Y
 _07942_/Y
 _07943_/Y
 _07944_/Y
 _07945_/Y
 _07946_/Y
 _07947_/Y
 _07948_/Y
 _07949_/Y
 _07950_/Y
 _07951_/Y
 _07952_/Y
 _07953_/Y
 _07954_/Y
 _07955_/Y
 _07956_/Y
 _07957_/Y
 _07958_/Y
 _07959_/Y
 _07960_/Y
 _07961_/Y
 _07962_/Y
 _07963_/Y
 _07964_/Y
 _07965_/Y
 _07966_/Y
 _07967_/Y
 _07968_/Y
 _07969_/Y
 _07970_/Y
 _07971_/Y
 _07972_/Y
 _07973_/Y
 _07974_/Y
 _07975_/Y
 _07976_/Y
 _07977_/Y
 _07978_/Y
 _07979_/Y
 _07980_/Y
 _07981_/Y
 _07982_/Y
 _07983_/Y
 _07984_/Y
 _07985_/Y
 _07986_/Y
 _07987_/Y
 _07988_/Y
 _07989_/Y
 _07990_/Y
 _07991_/Y
 _07992_/Y
 _07993_/Y
 _07994_/Y
 _07995_/Y
 _07996_/Y
 _07997_/Y
 _07998_/Y
 _07999_/Y
 _08000_/Y
 _08001_/Y
 _08002_/Y
 _08003_/Y
 _08004_/Y
 _08005_/Y
 _08006_/Y
 _08007_/Y
 _08008_/Y
 _08009_/Y
 _08010_/Y
 _08011_/Y
 _08012_/Y
 _08013_/Y
 _08014_/Y
 _08015_/Y
 _08016_/Y
 _08017_/Y
 _08018_/Y
 _08019_/Y
 _08020_/Y
 _08021_/Y
 _08022_/Y
 _08023_/Y
 _08024_/Y
 _08025_/Y
 _08026_/Y
 _08027_/Y
 _08028_/Y
 _08029_/Y
 _08030_/Y
 _08031_/Y
 _08032_/Y
 _08033_/Y
 _08034_/Y
 _08035_/Y
 _08036_/Y
 _08037_/Y
 _08038_/Y
 _08039_/Y
 _08040_/Y
 _08041_/Y
 _08042_/Y
 _08043_/Y
 _08044_/Y
 _08045_/Y
 _08046_/Y
 _08047_/Y
 _08048_/Y
 _08049_/Y
 _08050_/Y
 _08051_/Y
 _08052_/Y
 _08053_/Y
 _08054_/Y
 _08055_/Y
 _08056_/Y
 _08057_/Y
 _08058_/Y
 _08059_/Y
 _08060_/Y
 _08061_/Y
 _08062_/Y
 _08063_/Y
 _08064_/Y
 _08065_/Y
 _08066_/Y
 _08067_/Y
 _08068_/Y
 _08069_/Y
 _08070_/Y
 _08071_/Y
 _08072_/Y
 _08073_/Y
 _08074_/Y
 _08075_/Y
 _08076_/Y
 _08077_/Y
 _08078_/Y
 _08079_/Y
 _08080_/Y
 _08081_/Y
 _08082_/Y
 _08083_/Y
 _08084_/Y
 _08085_/Y
 _08086_/Y
 _08087_/Y
 _08088_/Y
 _08089_/Y
 _08090_/Y
 _08091_/Y
 _08092_/Y
 _08093_/Y
 _08094_/Y
 _08095_/Y
 _08096_/Y
 _08097_/Y
 _08098_/Y
 _08099_/Y
 _08100_/Y
 _08101_/Y
 _08102_/Y
 _08103_/X
 _08104_/Y
 _08105_/Y
 _08106_/Y
 _08107_/Y
 _08108_/X
 _08109_/Y
 _08110_/Y
 _08111_/Y
 _08112_/Y
 _08113_/Y
 _08114_/Y
 _08115_/Y
 _08116_/X
 _08117_/X
 _08118_/Y
 _08119_/Y
 _08120_/Y
 _08121_/Y
 _08122_/Y
 _08123_/Y
 _08124_/Y
 _08125_/Y
 _08126_/X
 _08127_/Y
 _08128_/Y
 _08129_/Y
 _08130_/Y
 _08131_/Y
 _08132_/Y
 _08133_/Y
 _08134_/Y
 _08135_/Y
 _08136_/Y
 _08137_/Y
 _08138_/Y
 _08139_/Y
 _08140_/Y
 _08141_/Y
 _08142_/Y
 _08143_/Y
 _08144_/Y
 _08145_/Y
 _08146_/Y
 _08147_/Y
 _08148_/Y
 _08149_/Y
 _08150_/Y
 _08151_/Y
 _08152_/Y
 _08153_/Y
 _08154_/Y
 _08155_/X
 _08156_/Y
 _08157_/Y
 _08158_/Y
 _08159_/Y
 _08160_/Y
 _08161_/Y
 _08162_/Y
 _08163_/Y
 _08164_/Y
 _08165_/Y
 _08166_/Y
 _08167_/X
 _08168_/X
 _08169_/Y
 _08170_/Y
 _08171_/X
 _08172_/Y
 _08173_/Y
 _08174_/Y
 _08175_/Y
 _08176_/X
 _08177_/X
 _08178_/X
 _08179_/Y
 _08180_/Y
 _08181_/Y
 _08182_/Y
 _08183_/Y
 _08184_/Y
 _08185_/X
 _08186_/Y
 _08187_/X
 _08188_/Y
 _08189_/Y
 _08190_/Y
 _08191_/X
 _08192_/Y
 _08193_/X
 _08194_/X
 _08195_/X
 _08196_/Y
 _08197_/Y
 _08198_/Y
 _08199_/Y
 _08200_/Y
 _08201_/X
 _08202_/Y
 _08203_/X
 _08204_/Y
 _08205_/X
 _08206_/Y
 _08207_/Y
 _08208_/Y
 _08209_/Y
 _08210_/Y
 _08211_/X
 _08212_/Y
 _08213_/Y
 _08214_/Y
 _08215_/Y
 _08216_/Y
 _08217_/Y
 _08218_/Y
 _08219_/Y
 _08220_/Y
 _08221_/Y
 _08222_/Y
 _08223_/Y
 _08224_/X
 _08225_/Y
 _08226_/Y
 _08227_/X
 _08228_/X
 _08229_/X
 _08230_/Y
 _08231_/X
 _08232_/Y
 _08233_/X
 _08234_/Y
 _08235_/Y
 _08236_/Y
 _08237_/Y
 _08238_/X
 _08239_/Y
 _08240_/Y
 _08241_/Y
 _08242_/Y
 _08243_/Y
 _08244_/Y
 _08245_/Y
 _08246_/Y
 _08247_/X
 _08248_/X
 _08249_/Y
 _08250_/Y
 _08251_/Y
 _08252_/Y
 _08253_/X
 _08254_/X
 _08255_/X
 _08256_/Y
 _08257_/X
 _08258_/X
 _08259_/X
 _08260_/Y
 _08261_/Y
 _08262_/Y
 _08263_/Y
 _08264_/Y
 _08265_/Y
 _08266_/Y
 _08267_/Y
 _08268_/Y
 _08269_/Y
 _08270_/Y
 _08271_/Y
 _08272_/X
 _08273_/Y
 _08274_/Y
 _08275_/X
 _08276_/Y
 _08277_/Y
 _08278_/Y
 _08279_/Y
 _08280_/Y
 _08281_/Y
 _08282_/Y
 _08283_/Y
 _08284_/Y
 _08285_/X
 _08286_/Y
 _08287_/Y
 _08288_/X
 _08289_/X
 _08290_/X
 _08291_/Y
 _08292_/Y
 _08293_/Y
 _08294_/Y
 _08295_/Y
 _08296_/Y
 _08297_/Y
 _08298_/Y
 _08299_/Y
 _08300_/Y
 _08301_/Y
 _08302_/Y
 _08303_/Y
 _08304_/Y
 _08305_/Y
 _08306_/Y
 _08307_/Y
 _08308_/Y
 _08309_/X
 _08310_/Y
 _08311_/Y
 _08312_/X
 _08313_/X
 _08314_/X
 _08315_/Y
 _08316_/X
 _08317_/X
 _08318_/Y
 _08319_/Y
 _08320_/X
 _08321_/X
 _08322_/X
 _08323_/X
 _08324_/X
 _08325_/X
 _08326_/Y
 _08327_/X
 _08328_/X
 _08329_/X
 _08330_/X
 _08331_/X
 _08332_/X
 _08333_/Y
 _08334_/X
 _08335_/X
 _08336_/Y
 _08337_/X
 _08338_/Y
 _08339_/Y
 _08340_/Y
 _08341_/Y
 _08342_/Y
 _08343_/Y
 _08344_/Y
 _08345_/Y
 _08346_/Y
 _08347_/Y
 _08348_/Y
 _08349_/X
 _08350_/Y
 _08351_/X
 _08352_/X
 _08353_/X
 _08354_/Y
 _08355_/X
 _08356_/X
 _08357_/X
 _08358_/X
 _08359_/X
 _08360_/Y
 _08361_/Y
 _08362_/Y
 _08363_/X
 _08364_/X
 _08365_/X
 _08366_/X
 _08367_/Y
 _08368_/X
 _08369_/X
 _08370_/X
 _08371_/X
 _08372_/X
 _08373_/X
 _08374_/Y
 _08375_/Y
 _08376_/X
 _08377_/X
 _08378_/X
 _08379_/Y
 _08380_/Y
 _08381_/X
 _08382_/X
 _08383_/X
 _08384_/X
 _08385_/X
 _08386_/X
 _08387_/X
 _08388_/Y
 _08389_/X
 _08390_/Y
 _08391_/X
 _08392_/X
 _08393_/Y
 _08394_/Y
 _08395_/Y
 _08396_/X
 _08397_/Y
 _08398_/Y
 _08399_/X
 _08400_/Y
 _08401_/Y
 _08402_/X
 _08403_/Y
 _08404_/X
 _08405_/Y
 _08406_/Y
 _08407_/X
 _08408_/X
 _08409_/Y
 _08410_/X
 _08411_/X
 _08412_/Y
 _08413_/Y
 _08414_/Y
 _08415_/Y
 _08416_/Y
 _08417_/Y
 _08418_/X
 _08419_/X
 _08420_/X
 _08421_/X
 _08422_/Y
 _08423_/X
 _08424_/Y
 _08425_/X
 _08426_/Y
 _08427_/Y
 _08428_/Y
 _08429_/Y
 _08430_/Y
 _08431_/Y
 _08432_/Y
 _08433_/Y
 _08434_/Y
 _08435_/X
 _08436_/Y
 _08437_/X
 _08438_/X
 _08439_/Y
 _08440_/Y
 _08441_/Y
 _08442_/Y
 _08443_/Y
 _08444_/Y
 _08445_/Y
 _08446_/Y
 _08447_/Y
 _08448_/X
 _08449_/Y
 _08450_/Y
 _08451_/Y
 _08452_/Y
 _08453_/Y
 _08454_/Y
 _08455_/X
 _08456_/Y
 _08457_/X
 _08458_/Y
 _08459_/Y
 _08460_/Y
 _08461_/Y
 _08462_/X
 _08463_/X
 _08464_/X
 _08465_/Y
 _08466_/X
 _08467_/Y
 _08468_/Y
 _08469_/X
 _08470_/Y
 _08471_/X
 _08472_/Y
 _08473_/Y
 _08474_/X
 _08475_/Y
 _08476_/Y
 _08477_/X
 _08478_/Y
 _08479_/Y
 _08480_/X
 _08481_/X
 _08482_/X
 _08483_/X
 _08484_/X
 _08485_/Y
 _08486_/Y
 _08487_/Y
 _08488_/X
 _08489_/Y
 _08490_/Y
 _08491_/Y
 _08492_/Y
 _08493_/Y
 _08494_/Y
 _08495_/Y
 _08496_/Y
 _08497_/Y
 _08498_/X
 _08499_/X
 _08500_/Y
 _08501_/X
 _08502_/Y
 _08503_/Y
 _08504_/Y
 _08505_/Y
 _08506_/Y
 _08507_/Y
 _08508_/Y
 _08509_/X
 _08510_/Y
 _08511_/Y
 _08512_/X
 _08513_/Y
 _08514_/Y
 _08515_/Y
 _08516_/Y
 _08517_/Y
 _08518_/Y
 _08519_/Y
 _08520_/Y
 _08521_/Y
 _08522_/Y
 _08523_/Y
 _08524_/Y
 _08525_/X
 _08526_/X
 _08527_/Y
 _08528_/Y
 _08529_/X
 _08530_/Y
 _08531_/Y
 _08532_/X
 _08533_/X
 _08534_/Y
 _08535_/Y
 _08536_/X
 _08537_/Y
 _08538_/X
 _08539_/Y
 _08540_/X
 _08541_/Y
 _08542_/Y
 _08543_/Y
 _08544_/X
 _08545_/Y
 _08546_/Y
 _08547_/X
 _08548_/Y
 _08549_/Y
 _08550_/Y
 _08551_/Y
 _08552_/Y
 _08553_/Y
 _08554_/Y
 _08555_/X
 _08556_/Y
 _08557_/Y
 _08558_/Y
 _08559_/Y
 _08560_/X
 _08561_/X
 _08562_/X
 _08563_/X
 _08564_/X
 _08565_/X
 _08566_/Y
 _08567_/X
 _08568_/X
 _08569_/X
 _08570_/X
 _08571_/Y
 _08572_/Y
 _08573_/Y
 _08574_/Y
 _08575_/Y
 _08576_/Y
 _08577_/Y
 _08578_/X
 _08579_/Y
 _08580_/Y
 _08581_/Y
 _08582_/Y
 _08583_/Y
 _08584_/Y
 _08585_/Y
 _08586_/Y
 _08587_/Y
 _08588_/Y
 _08589_/Y
 _08590_/X
 _08591_/Y
 _08592_/Y
 _08593_/Y
 _08594_/Y
 _08595_/X
 _08596_/Y
 _08597_/Y
 _08598_/X
 _08599_/Y
 _08600_/Y
 _08601_/X
 _08602_/Y
 _08603_/X
 _08604_/X
 _08605_/Y
 _08606_/Y
 _08607_/X
 _08608_/Y
 _08609_/Y
 _08610_/Y
 _08611_/Y
 _08612_/X
 _08613_/X
 _08614_/Y
 _08615_/Y
 _08616_/Y
 _08617_/Y
 _08618_/Y
 _08619_/Y
 _08620_/Y
 _08621_/Y
 _08622_/Y
 _08623_/X
 _08624_/X
 _08625_/X
 _08626_/Y
 _08627_/X
 _08628_/Y
 _08629_/Y
 _08630_/Y
 _08631_/Y
 _08632_/Y
 _08633_/Y
 _08634_/Y
 _08635_/Y
 _08636_/X
 _08637_/Y
 _08638_/Y
 _08639_/Y
 _08640_/Y
 _08641_/Y
 _08642_/X
 _08643_/Y
 _08644_/Y
 _08645_/Y
 _08646_/Y
 _08647_/X
 _08648_/Y
 _08649_/Y
 _08650_/Y
 _08651_/X
 _08652_/Y
 _08653_/Y
 _08654_/Y
 _08655_/X
 _08656_/Y
 _08657_/Y
 _08658_/Y
 _08659_/Y
 _08660_/Y
 _08661_/Y
 _08662_/Y
 _08663_/Y
 _08664_/X
 _08665_/Y
 _08666_/X
 _08667_/Y
 _08668_/Y
 _08669_/Y
 _08670_/Y
 _08671_/Y
 _08672_/Y
 _08673_/Y
 _08674_/X
 _08675_/Y
 _08676_/X
 _08677_/X
 _08678_/Y
 _08679_/Y
 _08680_/Y
 _08681_/Y
 _08682_/Y
 _08683_/Y
 _08684_/Y
 _08685_/X
 _08686_/Y
 _08687_/Y
 _08688_/Y
 _08689_/Y
 _08690_/Y
 _08691_/Y
 _08692_/X
 _08693_/Y
 _08694_/X
 _08695_/Y
 _08696_/X
 _08697_/Y
 _08698_/Y
 _08699_/Y
 _08700_/Y
 _08701_/Y
 _08702_/X
 _08703_/Y
 _08704_/Y
 _08705_/Y
 _08706_/Y
 _08707_/Y
 _08708_/Y
 _08709_/Y
 _08710_/Y
 _08711_/X
 _08712_/X
 _08713_/X
 _08714_/Y
 _08715_/Y
 _08716_/Y
 _08717_/Y
 _08718_/X
 _08719_/Y
 _08720_/X
 _08721_/Y
 _08722_/Y
 _08723_/Y
 _08724_/X
 _08725_/Y
 _08726_/X
 _08727_/Y
 _08728_/X
 _08729_/Y
 _08730_/Y
 _08731_/Y
 _08732_/Y
 _08733_/X
 _08734_/X
 _08735_/Y
 _08736_/X
 _08737_/Y
 _08738_/Y
 _08739_/X
 _08740_/X
 _08741_/Y
 _08742_/X
 _08743_/X
 _08744_/Y
 _08745_/X
 _08746_/Y
 _08747_/Y
 _08748_/Y
 _08749_/X
 _08750_/Y
 _08751_/Y
 _08752_/Y
 _08753_/X
 _08754_/Y
 _08755_/Y
 _08756_/Y
 _08757_/Y
 _08758_/Y
 _08759_/X
 _08760_/X
 _08761_/X
 _08762_/X
 _08763_/Y
 _08764_/Y
 _08765_/Y
 _08766_/Y
 _08767_/Y
 _08768_/X
 _08769_/Y
 _08770_/Y
 _08771_/X
 _08772_/X
 _08773_/Y
 _08774_/Y
 _08775_/Y
 _08776_/Y
 _08777_/Y
 _08778_/X
 _08779_/Y
 _08780_/Y
 _08781_/X
 _08782_/Y
 _08783_/Y
 _08784_/X
 _08785_/X
 _08786_/X
 _08787_/X
 _08788_/X
 _08789_/X
 _08790_/X
 _08791_/X
 _08792_/X
 _08793_/Y
 _08794_/Y
 _08795_/Y
 _08796_/Y
 _08797_/Y
 _08798_/X
 _08799_/Y
 _08800_/Y
 _08801_/Y
 _08802_/X
 _08803_/Y
 _08804_/X
 _08805_/Y
 _08806_/Y
 _08807_/Y
 _08808_/X
 _08809_/X
 _08810_/X
 _08811_/Y
 _08812_/Y
 _08813_/Y
 _08814_/X
 _08815_/Y
 _08816_/X
 _08817_/X
 _08818_/Y
 _08819_/Y
 _08820_/Y
 _08821_/Y
 _08822_/Y
 _08823_/Y
 _08824_/Y
 _08825_/X
 _08826_/X
 _08827_/Y
 _08828_/Y
 _08829_/Y
 _08830_/Y
 _08831_/X
 _08832_/Y
 _08833_/Y
 _08834_/Y
 _08835_/Y
 _08836_/X
 _08837_/Y
 _08838_/X
 _08839_/X
 _08840_/X
 _08841_/Y
 _08842_/Y
 _08843_/X
 _08844_/Y
 _08845_/Y
 _08846_/X
 _08847_/X
 _08848_/X
 _08849_/X
 _08850_/Y
 _08851_/Y
 _08852_/X
 _08853_/Y
 _08854_/Y
 _08855_/Y
 _08856_/X
 _08857_/X
 _08858_/Y
 _08859_/X
 _08860_/X
 _08861_/Y
 _08862_/X
 _08863_/X
 _08864_/X
 _08865_/Y
 _08866_/X
 _08867_/Y
 _08868_/X
 _08869_/Y
 _08870_/X
 _08871_/X
 _08872_/Y
 _08873_/Y
 _08874_/Y
 _08875_/Y
 _08876_/Y
 _08877_/X
 _08878_/Y
 _08879_/Y
 _08880_/Y
 _08881_/Y
 _08882_/Y
 _08883_/Y
 _08884_/Y
 _08885_/X
 _08886_/X
 _08887_/X
 _08888_/Y
 _08889_/Y
 _08890_/Y
 _08891_/Y
 _08892_/X
 _08893_/Y
 _08894_/X
 _08895_/Y
 _08896_/Y
 _08897_/Y
 _08898_/Y
 _08899_/Y
 _08900_/Y
 _08901_/Y
 _08902_/X
 _08903_/X
 _08904_/X
 _08905_/Y
 _08906_/X
 _08907_/X
 _08908_/X
 _08909_/Y
 _08910_/X
 _08911_/X
 _08912_/Y
 _08913_/Y
 _08914_/X
 _08915_/X
 _08916_/X
 _08917_/X
 _08918_/X
 _08919_/X
 _08920_/Y
 _08921_/Y
 _08922_/Y
 _08923_/Y
 _08924_/Y
 _08925_/X
 _08926_/Y
 _08927_/Y
 _08928_/X
 _08929_/Y
 _08930_/Y
 _08931_/Y
 _08932_/Y
 _08933_/X
 _08934_/Y
 _08935_/Y
 _08936_/X
 _08937_/X
 _08938_/X
 _08939_/Y
 _08940_/Y
 _08941_/X
 _08942_/X
 _08943_/Y
 _08944_/Y
 _08945_/Y
 _08946_/Y
 _08947_/Y
 _08948_/Y
 _08949_/Y
 _08950_/Y
 _08951_/Y
 _08952_/Y
 _08953_/X
 _08954_/Y
 _08955_/X
 _08956_/Y
 _08957_/Y
 _08958_/Y
 _08959_/X
 _08960_/Y
 _08961_/X
 _08962_/X
 _08963_/X
 _08964_/Y
 _08965_/X
 _08966_/Y
 _08967_/Y
 _08968_/Y
 _08969_/Y
 _08970_/Y
 _08971_/Y
 _08972_/Y
 _08973_/Y
 _08974_/Y
 _08975_/Y
 _08976_/Y
 _08977_/Y
 _08978_/Y
 _08979_/Y
 _08980_/X
 _08981_/Y
 _08982_/Y
 _08983_/Y
 _08984_/Y
 _08985_/Y
 _08986_/Y
 _08987_/Y
 _08988_/Y
 _08989_/Y
 _08990_/Y
 _08991_/X
 _08992_/X
 _08993_/Y
 _08994_/Y
 _08995_/X
 _08996_/Y
 _08997_/X
 _08998_/Y
 _08999_/Y
 _09000_/Y
 _09001_/Y
 _09002_/Y
 _09003_/Y
 _09004_/X
 _09005_/Y
 _09006_/Y
 _09007_/Y
 _09008_/Y
 _09009_/Y
 _09010_/Y
 _09011_/Y
 _09012_/X
 _09013_/Y
 _09014_/Y
 _09015_/Y
 _09016_/X
 _09017_/Y
 _09018_/X
 _09019_/Y
 _09020_/X
 _09021_/Y
 _09022_/Y
 _09023_/Y
 _09024_/Y
 _09025_/Y
 _09026_/Y
 _09027_/Y
 _09028_/Y
 _09029_/X
 _09030_/Y
 _09031_/Y
 _09032_/Y
 _09033_/X
 _09034_/Y
 _09035_/Y
 _09036_/Y
 _09037_/Y
 _09038_/Y
 _09039_/Y
 _09040_/Y
 _09041_/X
 _09042_/Y
 _09043_/Y
 _09044_/Y
 _09045_/Y
 _09046_/X
 _09047_/Y
 _09048_/Y
 _09049_/X
 _09050_/Y
 _09051_/Y
 _09052_/Y
 _09053_/X
 _09054_/Y
 _09055_/Y
 _09056_/Y
 _09057_/Y
 _09058_/Y
 _09059_/Y
 _09060_/Y
 _09061_/Y
 _09062_/Y
 _09063_/Y
 _09064_/Y
 _09065_/Y
 _09066_/Y
 _09067_/Y
 _09068_/Y
 _09069_/X
 _09070_/Y
 _09071_/Y
 _09072_/Y
 _09073_/Y
 _09074_/Y
 _09075_/Y
 _09076_/X
 _09077_/Y
 _09078_/Y
 _09079_/X
 _09080_/Y
 _09081_/Y
 _09082_/Y
 _09083_/X
 _09084_/Y
 _09085_/Y
 _09086_/X
 _09087_/Y
 _09088_/Y
 _09089_/Y
 _09090_/Y
 _09091_/Y
 _09092_/X
 _09093_/X
 _09094_/X
 _09095_/Y
 _09096_/Y
 _09097_/Y
 _09098_/X
 _09099_/X
 _09100_/X
 _09101_/Y
 _09102_/Y
 _09103_/Y
 _09104_/Y
 _09105_/Y
 _09106_/Y
 _09107_/Y
 _09108_/Y
 _09109_/X
 _09110_/X
 _09111_/X
 _09112_/Y
 _09113_/X
 _09114_/Y
 _09115_/Y
 _09116_/Y
 _09117_/Y
 _09118_/Y
 _09119_/Y
 _09120_/Y
 _09121_/Y
 _09122_/X
 _09123_/Y
 _09124_/X
 _09125_/Y
 _09126_/X
 _09127_/Y
 _09128_/Y
 _09129_/X
 _09130_/Y
 _09131_/Y
 _09132_/Y
 _09133_/Y
 _09134_/X
 _09135_/Y
 _09136_/X
 _09137_/Y
 _09138_/X
 _09139_/X
 _09140_/Y
 _09141_/X
 _09142_/X
 _09143_/Y
 _09144_/Y
 _09145_/Y
 _09146_/Y
 _09147_/X
 _09148_/Y
 _09149_/X
 _09150_/X
 _09151_/Y
 _09152_/Y
 _09153_/Y
 _09154_/X
 _09155_/X
 _09156_/Y
 _09157_/Y
 _09158_/Y
 _09159_/Y
 _09160_/Y
 _09161_/Y
 _09162_/Y
 _09163_/Y
 _09164_/X
 _09165_/Y
 _09166_/Y
 _09167_/Y
 _09168_/Y
 _09169_/Y
 _09170_/Y
 _09171_/Y
 _09172_/Y
 _09173_/Y
 _09174_/Y
 _09175_/X
 _09176_/X
 _09177_/Y
 _09178_/Y
 _09179_/X
 _09180_/Y
 _09181_/Y
 _09182_/X
 _09183_/Y
 _09184_/Y
 _09185_/Y
 _09186_/Y
 _09187_/Y
 _09188_/X
 _09189_/Y
 _09190_/Y
 _09191_/Y
 _09192_/Y
 _09193_/Y
 _09194_/Y
 _09195_/Y
 _09196_/Y
 _09197_/Y
 _09198_/Y
 _09199_/Y
 _09200_/Y
 _09201_/X
 _09202_/Y
 _09203_/Y
 _09204_/Y
 _09205_/Y
 _09206_/Y
 _09207_/Y
 _09208_/Y
 _09209_/Y
 _09210_/Y
 _09211_/Y
 _09212_/X
 _09213_/Y
 _09214_/X
 _09215_/Y
 _09216_/Y
 _09217_/Y
 _09218_/Y
 _09219_/X
 _09220_/Y
 _09221_/Y
 _09222_/X
 _09223_/Y
 _09224_/Y
 _09225_/Y
 _09226_/X
 _09227_/X
 _09228_/X
 _09229_/Y
 _09230_/X
 _09231_/X
 _09232_/Y
 _09233_/Y
 _09234_/Y
 _09235_/X
 _09236_/Y
 _09237_/Y
 _09238_/Y
 _09239_/X
 _09240_/X
 _09241_/X
 _09242_/Y
 _09243_/Y
 _09244_/Y
 _09245_/Y
 _09246_/Y
 _09247_/X
 _09248_/Y
 _09249_/Y
 _09250_/X
 _09251_/Y
 _09252_/Y
 _09253_/X
 _09254_/Y
 _09255_/X
 _09256_/X
 _09257_/Y
 _09258_/X
 _09259_/X
 _09260_/Y
 _09261_/Y
 _09262_/Y
 _09263_/Y
 _09264_/Y
 _09265_/Y
 _09266_/Y
 _09267_/Y
 _09268_/Y
 _09269_/Y
 _09270_/Y
 _09271_/Y
 _09272_/Y
 _09273_/X
 _09274_/Y
 _09275_/X
 _09276_/Y
 _09277_/X
 _09278_/Y
 _09279_/Y
 _09280_/X
 _09281_/Y
 _09282_/X
 _09283_/Y
 _09284_/Y
 _09285_/Y
 _09286_/Y
 _09287_/Y
 _09288_/Y
 _09289_/Y
 _09290_/Y
 _09291_/Y
 _09292_/Y
 _09293_/Y
 _09294_/Y
 _09295_/Y
 _09296_/X
 _09297_/Y
 _09298_/Y
 _09299_/X
 _09300_/Y
 _09301_/X
 _09302_/Y
 _09303_/Y
 _09304_/Y
 _09305_/Y
 _09306_/Y
 _09307_/Y
 _09308_/Y
 _09309_/Y
 _09310_/X
 _09311_/Y
 _09312_/X
 _09313_/Y
 _09314_/Y
 _09315_/Y
 _09316_/Y
 _09317_/Y
 _09318_/Y
 _09319_/X
 _09320_/X
 _09321_/X
 _09322_/X
 _09323_/Y
 _09324_/Y
 _09325_/Y
 _09326_/X
 _09327_/Y
 _09328_/Y
 _09329_/Y
 _09330_/Y
 _09331_/Y
 _09332_/Y
 _09333_/Y
 _09334_/Y
 _09335_/X
 _09336_/X
 _09337_/X
 _09338_/Y
 _09339_/Y
 _09340_/Y
 _09341_/Y
 _09342_/Y
 _09343_/X
 _09344_/Y
 _09345_/Y
 _09346_/Y
 _09347_/Y
 _09348_/Y
 _09349_/Y
 _09350_/X
 _09351_/Y
 _09352_/Y
 _09353_/Y
 _09354_/Y
 _09355_/Y
 _09356_/Y
 _09357_/Y
 _09358_/Y
 _09359_/Y
 _09360_/X
 _09361_/Y
 _09362_/Y
 _09363_/Y
 _09364_/Y
 _09365_/X
 _09366_/Y
 _09367_/Y
 _09368_/Y
 _09369_/Y
 _09370_/X
 _09371_/X
 _09372_/X
 _09373_/Y
 _09374_/X
 _09375_/X
 _09376_/Y
 _09377_/Y
 _09378_/Y
 _09379_/Y
 _09380_/X
 _09381_/Y
 _09382_/Y
 _09383_/Y
 _09384_/Y
 _09385_/Y
 _09386_/Y
 _09387_/X
 _09388_/Y
 _09389_/Y
 _09390_/X
 _09391_/Y
 _09392_/Y
 _09393_/Y
 _09394_/Y
 _09395_/Y
 _09396_/Y
 _09397_/Y
 _09398_/X
 _09399_/Y
 _09400_/Y
 _09401_/Y
 _09402_/Y
 _09403_/Y
 _09404_/Y
 _09405_/Y
 _09406_/Y
 _09407_/Y
 _09408_/Y
 _09409_/Y
 _09410_/Y
 _09411_/Y
 _09412_/Y
 _09413_/X
 _09414_/Y
 _09415_/X
 _09416_/Y
 _09417_/Y
 _09418_/Y
 _09419_/Y
 _09420_/Y
 _09421_/X
 _09422_/Y
 _09423_/X
 _09424_/X
 _09425_/Y
 _09426_/Y
 _09427_/Y
 _09428_/Y
 _09429_/Y
 _09430_/Y
 _09431_/Y
 _09432_/Y
 _09433_/Y
 _09434_/Y
 _09435_/Y
 _09436_/Y
 _09437_/Y
 _09438_/Y
 _09439_/Y
 _09440_/Y
 _09441_/Y
 _09442_/X
 _09443_/X
 _09444_/X
 _09445_/Y
 _09446_/Y
 _09447_/Y
 _09448_/Y
 _09449_/X
 _09450_/Y
 _09451_/Y
 _09452_/Y
 _09453_/Y
 _09454_/X
 _09455_/Y
 _09456_/Y
 _09457_/Y
 _09458_/Y
 _09459_/X
 _09460_/Y
 _09461_/X
 _09462_/Y
 _09463_/X
 _09464_/Y
 _09465_/Y
 _09466_/Y
 _09467_/X
 _09468_/Y
 _09469_/Y
 _09470_/Y
 _09471_/Y
 _09472_/Y
 _09473_/X
 _09474_/Y
 _09475_/Y
 _09476_/Y
 _09477_/X
 _09478_/Y
 _09479_/X
 _09480_/Y
 _09481_/X
 _09482_/Y
 _09483_/Y
 _09484_/Y
 _09485_/Y
 _09486_/Y
 _09487_/Y
 _09488_/X
 _09489_/Y
 _09490_/X
 _09491_/X
 _09492_/Y
 _09493_/Y
 _09494_/X
 _09495_/Y
 _09496_/X
 _09497_/X
 _09498_/X
 _09499_/Y
 _09500_/X
 _09501_/X
 _09502_/X
 _09503_/X
 _09504_/Y
 _09505_/Y
 _09506_/X
 _09507_/X
 _09508_/Y
 _09509_/Y
 _09510_/Y
 _09511_/Y
 _09512_/Y
 _09513_/X
 _09514_/Y
 _09515_/Y
 _09516_/Y
 _09517_/Y
 _09518_/Y
 _09519_/Y
 _09520_/Y
 _09521_/Y
 _09522_/X
 _09523_/X
 _09524_/Y
 _09525_/Y
 _09526_/Y
 _09527_/Y
 _09528_/Y
 _09529_/Y
 _09530_/Y
 _09531_/X
 _09532_/Y
 _09533_/Y
 _09534_/Y
 _09535_/Y
 _09536_/Y
 _09537_/Y
 _09538_/Y
 _09539_/Y
 _09540_/Y
 _09541_/Y
 _09542_/X
 _09543_/Y
 _09544_/Y
 _09545_/X
 _09546_/Y
 _09547_/X
 _09548_/Y
 _09549_/Y
 _09550_/Y
 _09551_/Y
 _09552_/Y
 _09553_/Y
 _09554_/Y
 _09555_/Y
 _09556_/Y
 _09557_/Y
 _09558_/Y
 _09559_/Y
 _09560_/Y
 _09561_/X
 _09562_/Y
 _09563_/Y
 _09564_/X
 _09565_/Y
 _09566_/Y
 _09567_/Y
 _09568_/Y
 _09569_/Y
 _09570_/Y
 _09571_/Y
 _09572_/Y
 _09573_/Y
 _09574_/Y
 _09575_/Y
 _09576_/Y
 _09577_/Y
 _09578_/Y
 _09579_/Y
 _09580_/Y
 _09581_/Y
 _09582_/Y
 _09583_/Y
 _09584_/Y
 _09585_/Y
 _09586_/Y
 _09587_/Y
 _09588_/Y
 _09589_/Y
 _09590_/Y
 _09591_/Y
 _09592_/X
 _09593_/Y
 _09594_/Y
 _09595_/Y
 _09596_/Y
 _09597_/X
 _09598_/Y
 _09599_/Y
 _09600_/Y
 _09601_/Y
 _09602_/X
 _09603_/Y
 _09604_/X
 _09605_/Y
 _09606_/Y
 _09607_/Y
 _09608_/Y
 _09609_/Y
 _09610_/Y
 _09611_/Y
 _09612_/X
 _09613_/Y
 _09614_/X
 _09615_/Y
 _09616_/Y
 _09617_/X
 _09618_/Y
 _09619_/Y
 _09620_/X
 _09621_/Y
 _09622_/Y
 _09623_/Y
 _09624_/Y
 _09625_/Y
 _09626_/Y
 _09627_/Y
 _09628_/Y
 _09629_/Y
 _09630_/X
 _09631_/Y
 _09632_/X
 _09633_/Y
 _09634_/Y
 _09635_/X
 _09636_/Y
 _09637_/Y
 _09638_/Y
 _09639_/Y
 _09640_/Y
 _09641_/Y
 _09642_/Y
 _09643_/Y
 _09644_/Y
 _09645_/Y
 _09646_/Y
 _09647_/Y
 _09648_/Y
 _09649_/Y
 _09650_/Y
 _09651_/X
 _09652_/Y
 _09653_/Y
 _09654_/Y
 _09655_/X
 _09656_/Y
 _09657_/Y
 _09658_/Y
 _09659_/Y
 _09660_/Y
 _09661_/Y
 _09662_/Y
 _09663_/Y
 _09664_/Y
 _09665_/Y
 _09666_/X
 _09667_/X
 _09668_/Y
 _09669_/Y
 _09670_/Y
 _09671_/Y
 _09672_/Y
 _09673_/Y
 _09674_/Y
 _09675_/Y
 _09676_/X
 _09677_/Y
 _09678_/X
 _09679_/Y
 _09680_/X
 _09681_/Y
 _09682_/Y
 _09683_/X
 _09684_/Y
 _09685_/Y
 _09686_/X
 _09687_/Y
 _09688_/Y
 _09689_/Y
 _09690_/X
 _09691_/Y
 _09692_/Y
 _09693_/Y
 _09694_/Y
 _09695_/X
 _09696_/Y
 _09697_/Y
 _09698_/Y
 _09699_/Y
 _09700_/Y
 _09701_/Y
 _09702_/Y
 _09703_/Y
 _09704_/Y
 _09705_/Y
 _09706_/Y
 _09707_/Y
 _09708_/Y
 _09709_/Y
 _09710_/X
 _09711_/Y
 _09712_/Y
 _09713_/X
 _09714_/Y
 _09715_/Y
 _09716_/Y
 _09717_/Y
 _09718_/Y
 _09719_/X
 _09720_/X
 _09721_/X
 _09722_/Y
 _09723_/X
 _09724_/Y
 _09725_/Y
 _09726_/Y
 _09727_/X
 _09728_/X
 _09729_/Y
 _09730_/Y
 _09731_/Y
 _09732_/Y
 _09733_/Y
 _09734_/Y
 _09735_/Y
 _09736_/X
 _09737_/Y
 _09738_/X
 _09739_/Y
 _09740_/Y
 _09741_/Y
 _09742_/Y
 _09743_/X
 _09744_/X
 _09745_/X
 _09746_/X
 _09747_/Y
 _09748_/Y
 _09749_/Y
 _09750_/Y
 _09751_/Y
 _09752_/X
 _09753_/Y
 _09754_/Y
 _09755_/Y
 _09756_/Y
 _09757_/Y
 _09758_/Y
 _09759_/Y
 _09760_/X
 _09761_/X
 _09762_/Y
 _09763_/Y
 _09764_/X
 _09765_/Y
 _09766_/Y
 _09767_/Y
 _09768_/Y
 _09769_/X
 _09770_/Y
 _09771_/X
 _09772_/Y
 _09773_/Y
 _09774_/Y
 _09775_/Y
 _09776_/X
 _09777_/Y
 _09778_/X
 _09779_/Y
 _09780_/Y
 _09781_/X
 _09782_/Y
 _09783_/X
 _09784_/Y
 _09785_/X
 _09786_/Y
 _09787_/X
 _09788_/X
 _09789_/X
 _09790_/Y
 _09791_/X
 _09792_/X
 _09793_/X
 _09794_/Y
 _09795_/Y
 _09796_/Y
 _09797_/Y
 _09798_/Y
 _09799_/Y
 _09800_/Y
 _09801_/Y
 _09802_/X
 _09803_/Y
 _09804_/X
 _09805_/Y
 _09806_/Y
 _09807_/Y
 _09808_/Y
 _09809_/X
 _09810_/Y
 _09811_/Y
 _09812_/Y
 _09813_/Y
 _09814_/Y
 _09815_/Y
 _09816_/Y
 _09817_/Y
 _09818_/Y
 _09819_/Y
 _09820_/Y
 _09821_/Y
 _09822_/Y
 _09823_/Y
 _09824_/X
 _09825_/Y
 _09826_/Y
 _09827_/Y
 _09828_/Y
 _09829_/Y
 _09830_/Y
 _09831_/Y
 _09832_/X
 _09833_/Y
 _09834_/Y
 _09835_/Y
 _09836_/Y
 _09837_/Y
 _09838_/Y
 _09839_/Y
 _09840_/Y
 _09841_/Y
 _09842_/X
 _09843_/X
 _09844_/Y
 _09845_/Y
 _09846_/Y
 _09847_/Y
 _09848_/Y
 _09849_/Y
 _09850_/Y
 _09851_/X
 _09852_/X
 _09853_/X
 _09854_/Y
 _09855_/Y
 _09856_/X
 _09857_/Y
 _09858_/Y
 _09859_/Y
 _09860_/Y
 _09861_/Y
 _09862_/Y
 _09863_/Y
 _09864_/Y
 _09865_/Y
 _09866_/Y
 _09867_/Y
 _09868_/Y
 _09869_/Y
 _09870_/Y
 _09871_/X
 _09872_/Y
 _09873_/Y
 _09874_/Y
 _09875_/Y
 _09876_/X
 _09877_/Y
 _09878_/Y
 _09879_/Y
 _09880_/X
 _09881_/Y
 _09882_/X
 _09883_/X
 _09884_/X
 _09885_/X
 _09886_/Y
 _09887_/X
 _09888_/Y
 _09889_/Y
 _09890_/Y
 _09891_/X
 _09892_/Y
 _09893_/Y
 _09894_/Y
 _09895_/Y
 _09896_/X
 _09897_/Y
 _09898_/Y
 _09899_/Y
 _09900_/Y
 _09901_/X
 _09902_/Y
 _09903_/Y
 _09904_/Y
 _09905_/Y
 _09906_/Y
 _09907_/Y
 _09908_/Y
 _09909_/Y
 _09910_/Y
 _09911_/Y
 _09912_/Y
 _09913_/Y
 _09914_/Y
 _09915_/Y
 _09916_/X
 _09917_/Y
 _09918_/Y
 _09919_/Y
 _09920_/X
 _09921_/Y
 _09922_/X
 _09923_/X
 _09924_/X
 _09925_/X
 _09926_/Y
 _09927_/X
 _09928_/Y
 _09929_/X
 _09930_/Y
 _09931_/X
 _09932_/Y
 _09933_/Y
 _09934_/Y
 _09935_/Y
 _09936_/Y
 _09937_/X
 _09938_/Y
 _09939_/Y
 _09940_/X
 _09941_/Y
 _09942_/X
 _09943_/Y
 _09944_/Y
 _09945_/Y
 _09946_/X
 _09947_/Y
 _09948_/Y
 _09949_/Y
 _09950_/X
 _09951_/X
 _09952_/Y
 _09953_/Y
 _09954_/Y
 _09955_/Y
 _09956_/Y
 _09957_/Y
 _09958_/Y
 _09959_/Y
 _09960_/Y
 _09961_/Y
 _09962_/Y
 _09963_/Y
 _09964_/Y
 _09965_/Y
 _09966_/Y
 _09967_/X
 _09968_/Y
 _09969_/Y
 _09970_/Y
 _09971_/Y
 _09972_/Y
 _09973_/Y
 _09974_/X
 _09975_/Y
 _09976_/Y
 _09977_/Y
 _09978_/Y
 _09979_/Y
 _09980_/Y
 _09981_/Y
 _09982_/Y
 _09983_/Y
 _09984_/Y
 _09985_/Y
 _09986_/Y
 _09987_/Y
 _09988_/Y
 _09989_/Y
 _09990_/Y
 _09991_/X
 _09992_/Y
 _09993_/Y
 _09994_/Y
 _09995_/Y
 _09996_/X
 _09997_/Y
 _09998_/Y
 _09999_/Y
 _10000_/Y
 _10001_/Y
 _10002_/X
 _10003_/Y
 _10004_/Y
 _10005_/Y
 _10006_/Y
 _10007_/Y
 _10008_/Y
 _10009_/Y
 _10010_/X
 _10011_/Y
 _10012_/Y
 _10013_/Y
 _10014_/Y
 _10015_/X
 _10016_/Y
 _10017_/Y
 _10018_/Y
 _10019_/Y
 _10020_/X
 _10021_/Y
 _10022_/Y
 _10023_/Y
 _10024_/X
 _10025_/X
 _10026_/X
 _10027_/X
 _10028_/X
 _10029_/Y
 _10030_/Y
 _10031_/Y
 _10032_/Y
 _10033_/Y
 _10034_/Y
 _10035_/Y
 _10036_/Y
 _10037_/Y
 _10038_/Y
 _10039_/Y
 _10040_/Y
 _10041_/X
 _10042_/Y
 _10043_/Y
 _10044_/Y
 _10045_/X
 _10046_/X
 _10047_/Y
 _10048_/Y
 _10049_/Y
 _10050_/X
 _10051_/X
 _10052_/Y
 _10053_/Y
 _10054_/Y
 _10055_/Y
 _10056_/Y
 _10057_/X
 _10058_/Y
 _10059_/Y
 _10060_/Y
 _10061_/X
 _10062_/X
 _10063_/X
 _10064_/Y
 _10065_/Y
 _10066_/Y
 _10067_/X
 _10068_/Y
 _10069_/Y
 _10070_/Y
 _10071_/Y
 _10072_/X
 _10073_/Y
 _10074_/Y
 _10075_/Y
 _10076_/Y
 _10077_/Y
 _10078_/Y
 _10079_/Y
 _10080_/Y
 _10081_/Y
 _10082_/X
 _10083_/Y
 _10084_/X
 _10085_/Y
 _10086_/Y
 _10087_/Y
 _10088_/X
 _10089_/Y
 _10090_/Y
 _10091_/Y
 _10092_/Y
 _10093_/Y
 _10094_/Y
 _10095_/Y
 _10096_/Y
 _10097_/X
 _10098_/Y
 _10099_/X
 _10100_/Y
 _10101_/Y
 _10102_/X
 _10103_/Y
 _10104_/Y
 _10105_/Y
 _10106_/Y
 _10107_/Y
 _10108_/Y
 _10109_/Y
 _10110_/Y
 _10111_/X
 _10112_/X
 _10113_/Y
 _10114_/Y
 _10115_/Y
 _10116_/X
 _10117_/Y
 _10118_/Y
 _10119_/Y
 _10120_/X
 _10121_/Y
 _10122_/Y
 _10123_/Y
 _10124_/Y
 _10125_/Y
 _10126_/Y
 _10127_/Y
 _10128_/Y
 _10129_/Y
 _10130_/Y
 _10131_/Y
 _10132_/Y
 _10133_/Y
 _10134_/Y
 _10135_/Y
 _10136_/Y
 _10137_/Y
 _10138_/Y
 _10139_/Y
 _10140_/Y
 _10141_/Y
 _10142_/Y
 _10143_/Y
 _10144_/Y
 _10145_/Y
 _10146_/Y
 _10147_/Y
 _10148_/Y
 _10149_/X
 _10150_/X
 _10151_/Y
 _10152_/Y
 _10153_/Y
 _10154_/Y
 _10155_/Y
 _10156_/Y
 _10157_/Y
 _10158_/Y
 _10159_/Y
 _10160_/Y
 _10161_/Y
 _10162_/X
 _10163_/Y
 _10164_/X
 _10165_/Y
 _10166_/Y
 _10167_/Y
 _10168_/X
 _10169_/Y
 _10170_/X
 _10171_/X
 _10172_/Y
 _10173_/Y
 _10174_/Y
 _10175_/Y
 _10176_/Y
 _10177_/Y
 _10178_/Y
 _10179_/Y
 _10180_/X
 _10181_/Y
 _10182_/X
 _10183_/Y
 _10184_/Y
 _10185_/X
 _10186_/X
 _10187_/Y
 _10188_/Y
 _10189_/X
 _10190_/Y
 _10191_/Y
 _10192_/X
 _10193_/Y
 _10194_/Y
 _10195_/Y
 _10196_/Y
 _10197_/Y
 _10198_/Y
 _10199_/Y
 _10200_/Y
 _10201_/Y
 _10202_/Y
 _10203_/Y
 _10204_/Y
 _10205_/Y
 _10206_/X
 _10207_/Y
 _10208_/Y
 _10209_/X
 _10210_/Y
 _10211_/Y
 _10212_/Y
 _10213_/X
 _10214_/Y
 _10215_/X
 _10216_/Y
 _10217_/Y
 _10218_/X
 _10219_/Y
 _10220_/Y
 _10221_/Y
 _10222_/X
 _10223_/Y
 _10224_/X
 _10225_/Y
 _10226_/Y
 _10227_/Y
 _10228_/Y
 _10229_/Y
 _10230_/X
 _10231_/Y
 _10232_/Y
 _10233_/Y
 _10234_/Y
 _10235_/Y
 _10236_/Y
 _10237_/Y
 _10238_/Y
 _10239_/Y
 _10240_/X
 _10241_/Y
 _10242_/Y
 _10243_/Y
 _10244_/Y
 _10245_/Y
 _10246_/Y
 _10247_/X
 _10248_/Y
 _10249_/Y
 _10250_/X
 _10251_/Y
 _10252_/X
 _10253_/Y
 _10254_/X
 _10255_/X
 _10256_/Y
 _10257_/Y
 _10258_/Y
 _10259_/Y
 _10260_/Y
 _10261_/Y
 _10262_/X
 _10263_/Y
 _10264_/Y
 _10265_/Y
 _10266_/Y
 _10267_/Y
 _10268_/X
 _10269_/Y
 _10270_/Y
 _10271_/X
 _10272_/Y
 _10273_/X
 _10274_/Y
 _10275_/Y
 _10276_/Y
 _10277_/Y
 _10278_/Y
 _10279_/Y
 _10280_/Y
 _10281_/Y
 _10282_/Y
 _10283_/Y
 _10284_/Y
 _10285_/Y
 _10286_/Y
 _10287_/X
 _10288_/Y
 _10289_/X
 _10290_/Y
 _10291_/Y
 _10292_/Y
 _10293_/X
 _10294_/Y
 _10295_/X
 _10296_/Y
 _10297_/Y
 _10298_/Y
 _10299_/Y
 _10300_/X
 _10301_/Y
 _10302_/Y
 _10303_/Y
 _10304_/X
 _10305_/X
 _10306_/Y
 _10307_/Y
 _10308_/X
 _10309_/Y
 _10310_/Y
 _10311_/Y
 _10312_/Y
 _10313_/Y
 _10314_/Y
 _10315_/Y
 _10316_/Y
 _10317_/X
 _10318_/X
 _10319_/X
 _10320_/Y
 _10321_/Y
 _10322_/Y
 _10323_/Y
 _10324_/Y
 _10325_/X
 _10326_/Y
 _10327_/Y
 _10328_/Y
 _10329_/Y
 _10330_/Y
 _10331_/Y
 _10332_/Y
 _10333_/Y
 _10334_/X
 _10335_/Y
 _10336_/Y
 _10337_/Y
 _10338_/Y
 _10339_/Y
 _10340_/Y
 _10341_/X
 _10342_/Y
 _10343_/X
 _10344_/X
 _10345_/X
 _10346_/Y
 _10347_/Y
 _10348_/Y
 _10349_/Y
 _10350_/Y
 _10351_/Y
 _10352_/Y
 _10353_/X
 _10354_/Y
 _10355_/Y
 _10356_/Y
 _10357_/Y
 _10358_/Y
 _10359_/X
 _10360_/Y
 _10361_/Y
 _10362_/Y
 _10363_/Y
 _10364_/Y
 _10365_/Y
 _10366_/Y
 _10367_/Y
 _10368_/Y
 _10369_/Y
 _10370_/X
 _10371_/Y
 _10372_/Y
 _10373_/Y
 _10374_/Y
 _10375_/X
 _10376_/Y
 _10377_/X
 _10378_/Y
 _10379_/Y
 _10380_/X
 _10381_/Y
 _10382_/X
 _10383_/Y
 _10384_/X
 _10385_/Y
 _10386_/Y
 _10387_/Y
 _10388_/Y
 _10389_/Y
 _10390_/Y
 _10391_/Y
 _10392_/X
 _10393_/Y
 _10394_/Y
 _10395_/Y
 _10396_/Y
 _10397_/Y
 _10398_/Y
 _10399_/Y
 _10400_/Y
 _10401_/X
 _10402_/Y
 _10403_/Y
 _10404_/X
 _10405_/X
 _10406_/Y
 _10407_/Y
 _10408_/Y
 _10409_/X
 _10410_/Y
 _10411_/Y
 _10412_/Y
 _10413_/Y
 _10414_/Y
 _10415_/Y
 _10416_/Y
 _10417_/Y
 _10418_/Y
 _10419_/Y
 _10420_/Y
 _10421_/Y
 _10422_/X
 _10423_/Y
 _10424_/Y
 _10425_/Y
 _10426_/Y
 _10427_/Y
 _10428_/Y
 _10429_/Y
 _10430_/X
 _10431_/Y
 _10432_/X
 _10433_/Y
 _10434_/Y
 _10435_/Y
 _10436_/X
 _10437_/X
 _10438_/Y
 _10439_/Y
 _10440_/Y
 _10441_/X
 _10442_/Y
 _10443_/X
 _10444_/X
 _10445_/Y
 _10446_/X
 _10447_/Y
 _10448_/Y
 _10449_/X
 _10450_/Y
 _10451_/Y
 _10452_/Y
 _10453_/Y
 _10454_/Y
 _10455_/Y
 _10456_/Y
 _10457_/Y
 _10458_/Y
 _10459_/Y
 _10460_/X
 _10461_/Y
 _10462_/Y
 _10463_/Y
 _10464_/X
 _10465_/Y
 _10466_/Y
 _10467_/Y
 _10468_/X
 _10469_/X
 _10470_/X
 _10471_/Y
 _10472_/Y
 _10473_/Y
 _10474_/Y
 _10475_/Y
 _10476_/Y
 _10477_/X
 _10478_/Y
 _10479_/Y
 _10480_/X
 _10481_/Y
 _10482_/Y
 _10483_/X
 _10484_/Y
 _10485_/X
 _10486_/X
 _10487_/Y
 _10488_/Y
 _10489_/Y
 _10490_/Y
 _10491_/Y
 _10492_/X
 _10493_/Y
 _10494_/Y
 _10495_/X
 _10496_/Y
 _10497_/Y
 _10498_/Y
 _10499_/Y
 _10500_/Y
 _10501_/X
 _10502_/Y
 _10503_/Y
 _10504_/Y
 _10505_/Y
 _10506_/Y
 _10507_/Y
 _10508_/Y
 _10509_/Y
 _10510_/Y
 _10511_/Y
 _10512_/X
 _10513_/Y
 _10514_/X
 _10515_/Y
 _10516_/Y
 _10517_/Y
 _10518_/Y
 _10519_/X
 _10520_/Y
 _10521_/X
 _10522_/Y
 _10523_/Y
 _10524_/Y
 _10525_/Y
 _10526_/Y
 _10527_/Y
 _10528_/Y
 _10529_/Y
 _10530_/Y
 _10531_/Y
 _10532_/Y
 _10533_/X
 _10534_/Y
 _10535_/Y
 _10536_/X
 _10537_/X
 _10538_/Y
 _10539_/Y
 _10540_/Y
 _10541_/Y
 _10542_/Y
 _10543_/Y
 _10544_/Y
 _10545_/Y
 _10546_/Y
 _10547_/Y
 _10548_/X
 _10549_/Y
 _10550_/Y
 _10551_/Y
 _10552_/Y
 _10553_/Y
 _10554_/Y
 _10555_/Y
 _10556_/Y
 _10557_/Y
 _10558_/Y
 _10559_/Y
 _10560_/X
 _10561_/Y
 _10562_/Y
 _10563_/Y
 _10564_/Y
 _10565_/Y
 _10566_/Y
 _10567_/Y
 _10568_/X
 _10569_/Y
 _10570_/Y
 _10571_/Y
 _10572_/Y
 _10573_/Y
 _10574_/X
 _10575_/Y
 _10576_/Y
 _10577_/Y
 _10578_/Y
 _10579_/Y
 _10580_/X
 _10581_/Y
 _10582_/Y
 _10583_/Y
 _10584_/Y
 _10585_/Y
 _10586_/X
 _10587_/Y
 _10588_/Y
 _10589_/Y
 _10590_/Y
 _10591_/Y
 _10592_/Y
 _10593_/Y
 _10594_/Y
 _10595_/Y
 _10596_/Y
 _10597_/Y
 _10598_/Y
 _10599_/Y
 _10600_/Y
 _10601_/Y
 _10602_/Y
 _10603_/X
 _10604_/X
 _10605_/Y
 _10606_/Y
 _10607_/Y
 _10608_/Y
 _10609_/Y
 _10610_/X
 _10611_/X
 _10612_/Y
 _10613_/Y
 _10614_/Y
 _10615_/Y
 _10616_/Y
 _10617_/Y
 _10618_/Y
 _10619_/Y
 _10620_/Y
 _10621_/Y
 _10622_/Y
 _10623_/Y
 _10624_/Y
 _10625_/Y
 _10626_/Y
 _10627_/Y
 _10628_/Y
 _10629_/Y
 _10630_/Y
 _10631_/Y
 _10632_/Y
 _10633_/Y
 _10634_/Y
 _10635_/Y
 _10636_/Y
 _10637_/X
 _10638_/Y
 _10639_/X
 _10640_/Y
 _10641_/Y
 _10642_/Y
 _10643_/Y
 _10644_/Y
 _10645_/X
 _10646_/Y
 _10647_/Y
 _10648_/Y
 _10649_/Y
 _10650_/Y
 _10651_/Y
 _10652_/Y
 _10653_/X
 _10654_/Y
 _10655_/Y
 _10656_/Y
 _10657_/X
 _10658_/Y
 _10659_/Y
 _10660_/X
 _10661_/Y
 _10662_/Y
 _10663_/X
 _10664_/Y
 _10665_/X
 _10666_/Y
 _10667_/Y
 _10668_/Y
 _10669_/X
 _10670_/Y
 _10671_/Y
 _10672_/Y
 _10673_/X
 _10674_/Y
 _10675_/Y
 _10676_/Y
 _10677_/Y
 _10678_/Y
 _10679_/X
 _10680_/Y
 _10681_/Y
 _10682_/Y
 _10683_/Y
 _10684_/Y
 _10685_/Y
 _10686_/X
 _10687_/Y
 _10688_/Y
 _10689_/Y
 _10690_/Y
 _10691_/Y
 _10692_/Y
 _10693_/Y
 _10694_/Y
 _10695_/Y
 _10696_/Y
 _10697_/Y
 _10698_/Y
 _10699_/Y
 _10700_/Y
 _10701_/Y
 _10702_/Y
 _10703_/Y
 _10704_/Y
 _10705_/X
 _10706_/Y
 _10707_/X
 _10708_/Y
 _10709_/Y
 _10710_/Y
 _10711_/Y
 _10712_/Y
 _10713_/Y
 _10714_/Y
 _10715_/Y
 _10716_/X
 _10717_/Y
 _10718_/Y
 _10719_/Y
 _10720_/Y
 _10721_/Y
 _10722_/Y
 _10723_/Y
 _10724_/X
 _10725_/Y
 _10726_/Y
 _10727_/X
 _10728_/Y
 _10729_/Y
 _10730_/Y
 _10731_/X
 _10732_/Y
 _10733_/X
 _10734_/Y
 _10735_/Y
 _10736_/X
 _10737_/Y
 _10738_/Y
 _10739_/X
 _10740_/X
 _10741_/Y
 _10742_/Y
 _10743_/Y
 _10744_/Y
 _10745_/Y
 _10746_/Y
 _10747_/Y
 _10748_/Y
 _10749_/Y
 _10750_/Y
 _10751_/Y
 _10752_/Y
 _10753_/X
 _10754_/X
 _10755_/Y
 _10756_/Y
 _10757_/Y
 _10758_/Y
 _10759_/Y
 _10760_/Y
 _10761_/Y
 _10762_/Y
 _10763_/Y
 _10764_/X
 _10765_/Y
 _10766_/Y
 _10767_/X
 _10768_/Y
 _10769_/Y
 _10770_/Y
 _10771_/Y
 _10772_/Y
 _10773_/Y
 _10774_/X
 _10775_/Y
 _10776_/X
 _10777_/Y
 _10778_/Y
 _10779_/Y
 _10780_/X
 _10781_/X
 _10782_/Y
 _10783_/X
 _10784_/Y
 _10785_/Y
 _10786_/Y
 _10787_/Y
 _10788_/Y
 _10789_/Y
 _10790_/Y
 _10791_/Y
 _10792_/Y
 _10793_/Y
 _10794_/Y
 _10795_/Y
 _10796_/Y
 _10797_/Y
 _10798_/Y
 _10799_/Y
 _10800_/Y
 _10801_/Y
 _10802_/X
 _10803_/Y
 _10804_/Y
 _10805_/Y
 _10806_/Y
 _10807_/Y
 _10808_/Y
 _10809_/Y
 _10810_/Y
 _10811_/Y
 _10812_/Y
 _10813_/X
 _10814_/X
 _10815_/Y
 _10816_/Y
 _10817_/Y
 _10818_/X
 _10819_/Y
 _10820_/Y
 _10821_/Y
 _10822_/Y
 _10823_/Y
 _10824_/Y
 _10825_/Y
 _10826_/Y
 _10827_/Y
 _10828_/X
 _10829_/Y
 _10830_/X
 _10831_/Y
 _10832_/Y
 _10833_/Y
 _10834_/Y
 _10835_/Y
 _10836_/X
 _10837_/Y
 _10838_/Y
 _10839_/Y
 _10840_/Y
 _10841_/X
 _10842_/Y
 _10843_/X
 _10844_/Y
 _10845_/Y
 _10846_/Y
 _10847_/X
 _10848_/Y
 _10849_/Y
 _10850_/Y
 _10851_/Y
 _10852_/Y
 _10853_/Y
 _10854_/Y
 _10855_/X
 _10856_/Y
 _10857_/X
 _10858_/Y
 _10859_/Y
 _10860_/Y
 _10861_/Y
 _10862_/X
 _10863_/Y
 _10864_/Y
 _10865_/X
 _10866_/Y
 _10867_/Y
 _10868_/Y
 _10869_/X
 _10870_/Y
 _10871_/Y
 _10872_/X
 _10873_/Y
 _10874_/Y
 _10875_/X
 _10876_/Y
 _10877_/Y
 _10878_/Y
 _10879_/Y
 _10880_/Y
 _10881_/Y
 _10882_/Y
 _10883_/Y
 _10884_/Y
 _10885_/Y
 _10886_/Y
 _10887_/Y
 _10888_/Y
 _10889_/Y
 _10890_/Y
 _10891_/X
 _10892_/Y
 _10893_/X
 _10894_/Y
 _10895_/X
 _10896_/Y
 _10897_/Y
 _10898_/Y
 _10899_/Y
 _10900_/Y
 _10901_/Y
 _10902_/Y
 _10903_/Y
 _10904_/Y
 _10905_/X
 _10906_/Y
 _10907_/Y
 _10908_/Y
 _10909_/Y
 _10910_/Y
 _10911_/Y
 _10912_/Y
 _10913_/Y
 _10914_/X
 _10915_/Y
 _10916_/Y
 _10917_/Y
 _10918_/Y
 _10919_/Y
 _10920_/X
 _10921_/X
 _10922_/X
 _10923_/Y
 _10924_/Y
 _10925_/X
 _10926_/Y
 _10927_/Y
 _10928_/Y
 _10929_/Y
 _10930_/Y
 _10931_/Y
 _10932_/Y
 _10933_/Y
 _10934_/Y
 _10935_/Y
 _10936_/Y
 _10937_/Y
 _10938_/Y
 _10939_/Y
 _10940_/X
 _10941_/Y
 _10942_/Y
 _10943_/Y
 _10944_/X
 _10945_/Y
 _10946_/X
 _10947_/Y
 _10948_/X
 _10949_/Y
 _10950_/Y
 _10951_/Y
 _10952_/Y
 _10953_/X
 _10954_/Y
 _10955_/Y
 _10956_/Y
 _10957_/Y
 _10958_/Y
 _10959_/Y
 _10960_/Y
 _10961_/Y
 _10962_/Y
 _10963_/Y
 _10964_/Y
 _10965_/Y
 _10966_/Y
 _10967_/X
 _10968_/Y
 _10969_/Y
 _10970_/Y
 _10971_/Y
 _10972_/X
 _10973_/Y
 _10974_/Y
 _10975_/Y
 _10976_/Y
 _10977_/Y
 _10978_/Y
 _10979_/Y
 _10980_/X
 _10981_/Y
 _10982_/Y
 _10983_/Y
 _10984_/Y
 _10985_/Y
 _10986_/Y
 _10987_/Y
 _10988_/X
 _10989_/Y
 _10990_/Y
 _10991_/Y
 _10992_/X
 _10993_/Y
 _10994_/Y
 _10995_/Y
 _10996_/Y
 _10997_/X
 _10998_/Y
 _10999_/Y
 _11000_/X
 _11001_/Y
 _11002_/X
 _11003_/Y
 _11004_/Y
 _11005_/Y
 _11006_/Y
 _11007_/Y
 _11008_/Y
 _11009_/Y
 _11010_/Y
 _11011_/Y
 _11012_/X
 _11013_/X
 _11014_/Y
 _11015_/Y
 _11016_/Y
 _11017_/Y
 _11018_/Y
 _11019_/Y
 _11020_/Y
 _11021_/X
 _11022_/X
 _11023_/X
 _11024_/Y
 _11025_/X
 _11026_/Y
 _11027_/X
 _11028_/Y
 _11029_/X
 _11030_/Y
 _11031_/Y
 _11032_/X
 _11033_/Y
 _11034_/Y
 _11035_/Y
 _11036_/Y
 _11037_/X
 _11038_/Y
 _11039_/Y
 _11040_/Y
 _11041_/X
 _11042_/Y
 _11043_/X
 _11044_/Y
 _11045_/Y
 _11046_/Y
 _11047_/Y
 _11048_/Y
 _11049_/Y
 _11050_/Y
 _11051_/Y
 _11052_/Y
 _11053_/Y
 _11054_/Y
 _11055_/Y
 _11056_/Y
 _11057_/Y
 _11058_/Y
 _11059_/Y
 _11060_/Y
 _11061_/Y
 _11062_/Y
 _11063_/Y
 _11064_/Y
 _11065_/Y
 _11066_/Y
 _11067_/Y
 _11068_/Y
 _11069_/Y
 _11070_/X
 _11071_/Y
 _11072_/Y
 _11073_/Y
 _11074_/Y
 _11075_/Y
 _11076_/Y
 _11077_/X
 _11078_/Y
 _11079_/Y
 _11080_/Y
 _11081_/Y
 _11082_/Y
 _11083_/Y
 _11084_/Y
 _11085_/Y
 _11086_/Y
 _11087_/Y
 _11088_/Y
 _11089_/Y
 _11090_/Y
 _11091_/Y
 _11092_/Y
 _11093_/Y
 _11094_/X
 _11095_/Y
 _11096_/Y
 _11097_/Y
 _11098_/Y
 _11099_/Y
 _11100_/X
 _11101_/Y
 _11102_/Y
 _11103_/Y
 _11104_/Y
 _11105_/X
 _11106_/Y
 _11107_/Y
 _11108_/X
 _11109_/Y
 _11110_/Y
 _11111_/Y
 _11112_/Y
 _11113_/Y
 _11114_/Y
 _11115_/Y
 _11116_/Y
 _11117_/X
 _11118_/Y
 _11119_/Y
 _11120_/Y
 _11121_/Y
 _11122_/Y
 _11123_/Y
 _11124_/X
 _11125_/Y
 _11126_/Y
 _11127_/Y
 _11128_/Y
 _11129_/Y
 _11130_/Y
 _11131_/Y
 _11132_/Y
 _11133_/Y
 _11134_/Y
 _11135_/Y
 _11136_/Y
 _11137_/Y
 _11138_/X
 _11139_/Y
 _11140_/Y
 _11141_/Y
 _11142_/X
 _11143_/X
 _11144_/X
 _11145_/X
 _11146_/Y
 _11147_/Y
 _11148_/Y
 _11149_/Y
 _11150_/Y
 _11151_/Y
 _11152_/Y
 _11153_/X
 _11154_/Y
 _11155_/Y
 _11156_/Y
 _11157_/Y
 _11158_/X
 _11159_/X
 _11160_/Y
 _11161_/Y
 _11162_/Y
 _11163_/Y
 _11164_/Y
 _11165_/Y
 _11166_/Y
 _11167_/Y
 _11168_/Y
 _11169_/Y
 _11170_/X
 _11171_/Y
 _11172_/Y
 _11173_/Y
 _11174_/Y
 _11175_/Y
 _11176_/Y
 _11177_/Y
 _11178_/Y
 _11179_/Y
 _11180_/Y
 _11181_/Y
 _11182_/Y
 _11183_/Y
 _11184_/Y
 _11185_/Y
 _11186_/Y
 _11187_/Y
 _11188_/Y
 _11189_/Y
 _11190_/X
 _11191_/Y
 _11192_/Y
 _11193_/Y
 _11194_/Y
 _11195_/Y
 _11196_/Y
 _11197_/Y
 _11198_/Y
 _11199_/X
 _11200_/Y
 _11201_/Y
 _11202_/Y
 _11203_/Y
 _11204_/Y
 _11205_/X
 _11206_/Y
 _11207_/Y
 _11208_/Y
 _11209_/Y
 _11210_/Y
 _11211_/Y
 _11212_/Y
 _11213_/Y
 _11214_/Y
 _11215_/Y
 _11216_/X
 _11217_/Y
 _11218_/Y
 _11219_/Y
 _11220_/X
 _11221_/X
 _11222_/X
 _11223_/Y
 _11224_/Y
 _11225_/Y
 _11226_/X
 _11227_/X
 _11228_/X
 _11229_/Y
 _11230_/X
 _11231_/Y
 _11232_/X
 _11233_/Y
 _11234_/Y
 _11235_/Y
 _11236_/Y
 _11237_/Y
 _11238_/Y
 _11239_/Y
 _11240_/Y
 _11241_/Y
 _11242_/Y
 _11243_/Y
 _11244_/Y
 _11245_/Y
 _11246_/Y
 _11247_/Y
 _11248_/Y
 _11249_/Y
 _11250_/X
 _11251_/X
 _11252_/Y
 _11253_/Y
 _11254_/Y
 _11255_/Y
 _11256_/Y
 _11257_/Y
 _11258_/Y
 _11259_/Y
 _11260_/Y
 _11261_/Y
 _11262_/Y
 _11263_/Y
 _11264_/Y
 _11265_/X
 _11266_/X
 _11267_/Y
 _11268_/Y
 _11269_/X
 _11270_/Y
 _11271_/Y
 _11272_/Y
 _11273_/Y
 _11274_/Y
 _11275_/Y
 _11276_/X
 _11277_/Y
 _11278_/Y
 _11279_/Y
 _11280_/X
 _11281_/Y
 _11282_/X
 _11283_/Y
 _11284_/Y
 _11285_/Y
 _11286_/Y
 _11287_/Y
 _11288_/Y
 _11289_/Y
 _11290_/Y
 _11291_/Y
 _11292_/Y
 _11293_/Y
 _11294_/X
 _11295_/Y
 _11296_/X
 _11297_/Y
 _11298_/Y
 _11299_/Y
 _11300_/Y
 _11301_/Y
 _11302_/Y
 _11303_/X
 _11304_/Y
 _11305_/X
 _11306_/Y
 _11307_/Y
 _11308_/X
 _11309_/Y
 _11310_/Y
 _11311_/X
 _11312_/X
 _11313_/Y
 _11314_/Y
 _11315_/Y
 _11316_/X
 _11317_/X
 _11318_/Y
 _11319_/Y
 _11320_/Y
 _11321_/X
 _11322_/Y
 _11323_/Y
 _11324_/Y
 _11325_/X
 _11326_/X
 _11327_/Y
 _11328_/Y
 _11329_/Y
 _11330_/Y
 _11331_/Y
 _11332_/Y
 _11333_/Y
 _11334_/Y
 _11335_/Y
 _11336_/Y
 _11337_/Y
 _11338_/Y
 _11339_/Y
 _11340_/Y
 _11341_/Y
 _11342_/Y
 _11343_/Y
 _11344_/Y
 _11345_/Y
 _11346_/Y
 _11347_/Y
 _11348_/X
 _11349_/X
 _11350_/Y
 _11351_/Y
 _11352_/Y
 _11353_/Y
 _11354_/Y
 _11355_/Y
 _11356_/Y
 _11357_/Y
 _11358_/Y
 _11359_/X
 _11360_/Y
 _11361_/Y
 _11362_/Y
 _11363_/Y
 _11364_/X
 _11365_/Y
 _11366_/X
 _11367_/Y
 _11368_/Y
 _11369_/Y
 _11370_/X
 _11371_/Y
 _11372_/Y
 _11373_/X
 _11374_/X
 _11375_/Y
 _11376_/Y
 _11377_/X
 _11378_/Y
 _11379_/Y
 _11380_/Y
 _11381_/Y
 _11382_/Y
 _11383_/Y
 _11384_/Y
 _11385_/X
 _11386_/Y
 _11387_/Y
 _11388_/X
 _11389_/Y
 _11390_/Y
 _11391_/Y
 _11392_/X
 _11393_/X
 _11394_/Y
 _11395_/Y
 _11396_/Y
 _11397_/Y
 _11398_/Y
 _11399_/Y
 _11400_/X
 _11401_/Y
 _11402_/Y
 _11403_/Y
 _11404_/Y
 _11405_/Y
 _11406_/Y
 _11407_/X
 _11408_/Y
 _11409_/Y
 _11410_/Y
 _11411_/Y
 _11412_/Y
 _11413_/Y
 _11414_/Y
 _11415_/Y
 _11416_/X
 _11417_/Y
 _11418_/X
 _11419_/Y
 _11420_/Y
 _11421_/Y
 _11422_/X
 _11423_/X
 _11424_/X
 _11425_/Y
 _11426_/X
 _11427_/Y
 _11428_/Y
 _11429_/Y
 _11430_/X
 _11431_/Y
 _11432_/X
 _11433_/X
 _11434_/Y
 _11435_/Y
 _11436_/Y
 _11437_/X
 _11438_/X
 _11439_/Y
 _11440_/Y
 _11441_/Y
 _11442_/X
 _11443_/X
 _11444_/Y
 _11445_/X
 _11446_/Y
 _11447_/Y
 _11448_/X
 _11449_/Y
 _11450_/X
 _11451_/Y
 _11452_/Y
 _11453_/X
 _11454_/Y
 _11455_/X
 _11456_/Y
 _11457_/Y
 _11458_/X
 _11459_/X
 _11460_/Y
 _11461_/Y
 _11462_/Y
 _11463_/X
 _11464_/X
 _11465_/Y
 _11466_/Y
 _11467_/Y
 _11468_/Y
 _11469_/Y
 _11470_/Y
 _11471_/Y
 _11472_/X
 _11473_/Y
 _11474_/Y
 _11475_/X
 _11476_/X
 _11477_/X
 _11478_/Y
 _11479_/Y
 _11480_/X
 _11481_/X
 _11482_/X
 _11483_/X
 _11484_/X
 _11485_/X
 _11486_/X
 _11487_/X
 _11488_/Y
 _11489_/Y
 _11490_/Y
 _11491_/Y
 _11492_/Y
 _11493_/Y
 _11494_/Y
 _11495_/Y
 _11496_/X
 _11497_/Y
 _11498_/Y
 _11499_/X
 _11500_/Y
 _11501_/X
 _11502_/X
 _11503_/Y
 _11504_/Y
 _11505_/Y
 _11506_/Y
 _11507_/X
 _11508_/Y
 _11509_/Y
 _11510_/X
 _11511_/Y
 _11512_/Y
 _11513_/Y
 _11514_/Y
 _11515_/Y
 _11516_/X
 _11517_/X
 _11518_/Y
 _11519_/X
 _11520_/Y
 _11521_/X
 _11522_/Y
 _11523_/Y
 _11524_/Y
 _11525_/Y
 _11526_/Y
 _11527_/Y
 _11528_/Y
 _11529_/Y
 _11530_/Y
 _11531_/X
 _11532_/X
 _11533_/Y
 _11534_/Y
 _11535_/Y
 _11536_/Y
 _11537_/Y
 _11538_/X
 _11539_/Y
 _11540_/X
 _11541_/Y
 _11542_/X
 _11543_/X
 _11544_/X
 _11545_/Y
 _11546_/Y
 _11547_/Y
 _11548_/Y
 _11549_/Y
 _11550_/Y
 _11551_/Y
 _11552_/Y
 _11553_/Y
 _11554_/Y
 _11555_/Y
 _11556_/Y
 _11557_/Y
 _11558_/X
 _11559_/Y
 _11560_/X
 _11561_/X
 _11562_/Y
 _11563_/Y
 _11564_/Y
 _11565_/X
 _11566_/Y
 _11567_/Y
 _11568_/Y
 _11569_/Y
 _11570_/X
 _11571_/Y
 _11572_/Y
 _11573_/Y
 _11574_/Y
 _11575_/Y
 _11576_/Y
 _11577_/X
 _11578_/Y
 _11579_/X
 _11580_/X
 _11581_/Y
 _11582_/Y
 _11583_/X
 _11584_/Y
 _11585_/Y
 _11586_/X
 _11587_/X
 _11588_/Y
 _11589_/X
 _11590_/Y
 _11591_/Y
 _11592_/Y
 _11593_/Y
 _11594_/Y
 _11595_/X
 _11596_/Y
 _11597_/Y
 _11598_/Y
 _11599_/Y
 _11600_/Y
 _11601_/Y
 _11602_/Y
 _11603_/Y
 _11604_/X
 _11605_/Y
 _11606_/Y
 _11607_/Y
 _11608_/X
 _11609_/X
 _11610_/Y
 _11611_/Y
 _11612_/X
 _11613_/Y
 _11614_/Y
 _11615_/Y
 _11616_/X
 _11617_/Y
 _11618_/Y
 _11619_/Y
 _11620_/X
 _11621_/Y
 _11622_/Y
 _11623_/Y
 _11624_/Y
 _11625_/Y
 _11626_/Y
 _11627_/Y
 _11628_/Y
 _11629_/X
 _11630_/Y
 _11631_/Y
 _11632_/X
 _11633_/X
 _11634_/Y
 _11635_/Y
 _11636_/X
 _11637_/Y
 _11638_/Y
 _11639_/Y
 _11640_/Y
 _11641_/Y
 _11642_/Y
 _11643_/Y
 _11644_/X
 _11645_/X
 _11646_/X
 _11647_/X
 _11648_/Y
 _11649_/Y
 _11650_/Y
 _11651_/Y
 _11652_/Y
 _11653_/Y
 _11654_/Y
 _11655_/Y
 _11656_/X
 _11657_/X
 _11658_/Y
 _11659_/Y
 _11660_/Y
 _11661_/X
 _11662_/Y
 _11663_/Y
 _11664_/Y
 _11665_/Y
 _11666_/Y
 _11667_/Y
 _11668_/Y
 _11669_/Y
 _11670_/Y
 _11671_/Y
 _11672_/Y
 _11673_/Y
 _11674_/Y
 _11675_/Y
 _11676_/X
 _11677_/Y
 _11678_/Y
 _11679_/X
 _11680_/X
 _11681_/Y
 _11682_/Y
 _11683_/Y
 _11684_/X
 _11685_/Y
 _11686_/Y
 _11687_/X
 _11688_/X
 _11689_/Y
 _11690_/X
 _11691_/Y
 _11692_/Y
 _11693_/Y
 _11694_/Y
 _11695_/Y
 _11696_/X
 _11697_/Y
 _11698_/X
 _11699_/Y
 _11700_/Y
 _11701_/X
 _11702_/X
 _11703_/Y
 _11704_/Y
 _11705_/X
 _11706_/Y
 _11707_/Y
 _11708_/Y
 _11709_/Y
 _11710_/X
 _11711_/Y
 _11712_/Y
 _11713_/X
 _11714_/Y
 _11715_/Y
 _11716_/Y
 _11717_/Y
 _11718_/Y
 _11719_/Y
 _11720_/Y
 _11721_/Y
 _11722_/Y
 _11723_/Y
 _11724_/Y
 _11725_/Y
 _11726_/Y
 _11727_/X
 _11728_/Y
 _11729_/X
 _11730_/Y
 _11731_/Y
 _11732_/Y
 _11733_/X
 _11734_/X
 _11735_/Y
 _11736_/Y
 _11737_/Y
 _11738_/Y
 _11739_/Y
 _11740_/Y
 _11741_/X
 _11742_/Y
 _11743_/X
 _11744_/Y
 _11745_/Y
 _11746_/Y
 _11747_/X
 _11748_/Y
 _11749_/Y
 _11750_/Y
 _11751_/X
 _11752_/Y
 _11753_/Y
 _11754_/Y
 _11755_/Y
 _11756_/Y
 _11757_/Y
 _11758_/Y
 _11759_/Y
 _11760_/Y
 _11761_/Y
 _11762_/Y
 _11763_/Y
 _11764_/Y
 _11765_/Y
 _11766_/X
 _11767_/X
 _11768_/Y
 _11769_/Y
 _11770_/X
 _11771_/Y
 _11772_/Y
 _11773_/Y
 _11774_/X
 _11775_/Y
 _11776_/X
 _11777_/X
 _11778_/Y
 _11779_/Y
 _11780_/Y
 _11781_/X
 _11782_/Y
 _11783_/Y
 _11784_/Y
 _11785_/X
 _11786_/Y
 _11787_/Y
 _11788_/Y
 _11789_/Y
 _11790_/Y
 _11791_/Y
 _11792_/X
 _11793_/Y
 _11794_/Y
 _11795_/Y
 _11796_/Y
 _11797_/Y
 _11798_/Y
 _11799_/Y
 _11800_/Y
 _11801_/X
 _11802_/Y
 _11803_/Y
 _11804_/Y
 _11805_/Y
 _11806_/Y
 _11807_/Y
 _11808_/X
 _11809_/X
 _11810_/X
 _11811_/Y
 _11812_/Y
 _11813_/Y
 _11814_/Y
 _11815_/Y
 _11816_/Y
 _11817_/X
 _11818_/X
 _11819_/X
 _11820_/Y
 _11821_/Y
 _11822_/Y
 _11823_/Y
 _11824_/Y
 _11825_/Y
 _11826_/Y
 _11827_/X
 _11828_/Y
 _11829_/Y
 _11830_/Y
 _11831_/Y
 _11832_/Y
 _11833_/Y
 _11834_/Y
 _11835_/X
 _11836_/Y
 _11837_/Y
 _11838_/X
 _11839_/Y
 _11840_/Y
 _11841_/Y
 _11842_/Y
 _11843_/Y
 _11844_/Y
 _11845_/Y
 _11846_/Y
 _11847_/Y
 _11848_/X
 _11849_/Y
 _11850_/Y
 _11851_/Y
 _11852_/Y
 _11853_/Y
 _11854_/Y
 _11855_/Y
 _11856_/Y
 _11857_/Y
 _11858_/Y
 _11859_/X
 _11860_/Y
 _11861_/Y
 _11862_/Y
 _11863_/Y
 _11864_/Y
 _11865_/X
 _11866_/Y
 _11867_/Y
 _11868_/X
 _11869_/X
 _11870_/Y
 _11871_/X
 _11872_/Y
 _11873_/Y
 _11874_/Y
 _11875_/Y
 _11876_/X
 _11877_/Y
 _11878_/Y
 _11879_/Y
 _11880_/Y
 _11881_/X
 _11882_/Y
 _11883_/X
 _11884_/Y
 _11885_/X
 _11886_/Y
 _11887_/Y
 _11888_/X
 _11889_/X
 _11890_/Y
 _11891_/Y
 _11892_/Y
 _11893_/Y
 _11894_/X
 _11895_/Y
 _11896_/Y
 _11897_/Y
 _11898_/Y
 _11899_/X
 _11900_/Y
 _11901_/X
 _11902_/Y
 _11903_/Y
 _11904_/Y
 _11905_/Y
 _11906_/Y
 _11907_/Y
 _11908_/Y
 _11909_/Y
 _11910_/Y
 _11911_/X
 _11912_/Y
 _11913_/X
 _11914_/Y
 _11915_/Y
 _11916_/X
 _11917_/Y
 _11918_/Y
 _11919_/Y
 _11920_/Y
 _11921_/Y
 _11922_/Y
 _11923_/Y
 _11924_/Y
 _11925_/Y
 _11926_/X
 _11927_/X
 _11928_/X
 _11929_/Y
 _11930_/Y
 _11931_/Y
 _11932_/Y
 _11933_/Y
 _11934_/X
 _11935_/X
 _11936_/Y
 _11937_/Y
 _11938_/X
 _11939_/Y
 _11940_/Y
 _11941_/Y
 _11942_/Y
 _11943_/Y
 _11944_/Y
 _11945_/Y
 _11946_/Y
 _11947_/Y
 _11948_/Y
 _11949_/Y
 _11950_/X
 _11951_/Y
 _11952_/X
 _11953_/Y
 _11954_/Y
 _11955_/Y
 _11956_/Y
 _11957_/X
 _11958_/X
 _11959_/Y
 _11960_/Y
 _11961_/X
 _11962_/X
 _11963_/Y
 _11964_/Y
 _11965_/Y
 _11966_/Y
 _11967_/X
 _11968_/Y
 _11969_/Y
 _11970_/Y
 _11971_/Y
 _11972_/Y
 _11973_/Y
 _11974_/Y
 _11975_/Y
 _11976_/X
 _11977_/Y
 _11978_/Y
 _11979_/Y
 _11980_/Y
 _11981_/X
 _11982_/Y
 _11983_/Y
 _11984_/Y
 _11985_/Y
 _11986_/X
 _11987_/Y
 _11988_/Y
 _11989_/X
 _11990_/Y
 _11991_/Y
 _11992_/X
 _11993_/Y
 _11994_/Y
 _11995_/Y
 _11996_/Y
 _11997_/X
 _11998_/Y
 _11999_/Y
 _12000_/X
 _12001_/Y
 _12002_/Y
 _12003_/X
 _12004_/Y
 _12005_/Y
 _12006_/Y
 _12007_/Y
 _12008_/Y
 _12009_/Y
 _12010_/Y
 _12011_/Y
 _12012_/Y
 _12013_/Y
 _12014_/Y
 _12015_/Y
 _12016_/Y
 _12017_/X
 _12018_/X
 _12019_/X
 _12020_/Y
 _12021_/Y
 _12022_/Y
 _12023_/Y
 _12024_/Y
 _12025_/Y
 _12026_/Y
 _12027_/Y
 _12028_/X
 _12029_/X
 _12030_/Y
 _12031_/Y
 _12032_/Y
 _12033_/Y
 _12034_/X
 _12035_/Y
 _12036_/Y
 _12037_/Y
 _12038_/Y
 _12039_/Y
 _12040_/Y
 _12041_/Y
 _12042_/Y
 _12043_/Y
 _12044_/Y
 _12045_/Y
 _12046_/Y
 _12047_/Y
 _12048_/Y
 _12049_/Y
 _12050_/Y
 _12051_/Y
 _12052_/Y
 _12053_/X
 _12054_/Y
 _12055_/Y
 _12056_/Y
 _12057_/X
 _12058_/Y
 _12059_/Y
 _12060_/Y
 _12061_/X
 _12062_/Y
 _12063_/Y
 _12064_/Y
 _12065_/Y
 _12066_/Y
 _12067_/Y
 _12068_/Y
 _12069_/Y
 _12070_/X
 _12071_/Y
 _12072_/Y
 _12073_/Y
 _12074_/Y
 _12075_/Y
 _12076_/X
 _12077_/X
 _12078_/Y
 _12079_/Y
 _12080_/Y
 _12081_/Y
 _12082_/Y
 _12083_/Y
 _12084_/Y
 _12085_/Y
 _12086_/X
 _12087_/Y
 _12088_/Y
 _12089_/Y
 _12090_/X
 _12091_/Y
 _12092_/X
 _12093_/Y
 _12094_/Y
 _12095_/Y
 _12096_/Y
 _12097_/Y
 _12098_/X
 _12099_/X
 _12100_/Y
 _12101_/Y
 _12102_/Y
 _12103_/Y
 _12104_/Y
 _12105_/X
 _12106_/X
 _12107_/Y
 _12108_/Y
 _12109_/Y
 _12110_/Y
 _12111_/Y
 _12112_/Y
 _12113_/X
 _12114_/Y
 _12115_/X
 _12116_/Y
 _12117_/Y
 _12118_/Y
 _12119_/Y
 _12120_/Y
 _12121_/Y
 _12122_/Y
 _12123_/Y
 _12124_/X
 _12125_/X
 _12126_/Y
 _12127_/Y
 _12128_/X
 _12129_/Y
 _12130_/Y
 _12131_/X
 _12132_/Y
 _12133_/Y
 _12134_/Y
 _12135_/Y
 _12136_/X
 _12137_/X
 _12138_/X
 _12139_/Y
 _12140_/Y
 _12141_/Y
 _12142_/Y
 _12143_/Y
 _12144_/Y
 _12145_/X
 _12146_/X
 _12147_/Y
 _12148_/Y
 _12149_/Y
 _12150_/X
 _12151_/Y
 _12152_/Y
 _12153_/Y
 _12154_/Y
 _12155_/Y
 _12156_/Y
 _12157_/Y
 _12158_/X
 _12159_/Y
 _12160_/Y
 _12161_/X
 _12162_/X
 _12163_/X
 _12164_/X
 _12165_/Y
 _12166_/Y
 _12167_/Y
 _12168_/Y
 _12169_/Y
 _12170_/Y
 _12171_/Y
 _12172_/Y
 _12173_/Y
 _12174_/X
 _12175_/Y
 _12176_/Y
 _12177_/Y
 _12178_/Y
 _12179_/X
 _12180_/Y
 _12181_/Y
 _12182_/Y
 _12183_/Y
 _12184_/Y
 _12185_/X
 _12186_/Y
 _12187_/Y
 _12188_/Y
 _12189_/Y
 _12190_/Y
 _12191_/Y
 _12192_/Y
 _12193_/Y
 _12194_/Y
 _12195_/X
 _12196_/Y
 _12197_/X
 _12198_/Y
 _12199_/Y
 _12200_/Y
 _12201_/Y
 _12202_/X
 _12203_/Y
 _12204_/Y
 _12205_/X
 _12206_/Y
 _12207_/Y
 _12208_/X
 _12209_/Y
 _12210_/X
 _12211_/Y
 _12212_/Y
 _12213_/Y
 _12214_/Y
 _12215_/Y
 _12216_/Y
 _12217_/Y
 _12218_/Y
 _12219_/X
 _12220_/Y
 _12221_/X
 _12222_/Y
 _12223_/X
 _12224_/Y
 _12225_/X
 _12226_/Y
 _12227_/X
 _12228_/Y
 _12229_/Y
 _12230_/Y
 _12231_/Y
 _12232_/X
 _12233_/Y
 _12234_/Y
 _12235_/Y
 _12236_/Y
 _12237_/Y
 _12238_/Y
 _12239_/Y
 _12240_/Y
 _12241_/X
 _12242_/Y
 _12243_/Y
 _12244_/Y
 _12245_/Y
 _12246_/X
 _12247_/Y
 _12248_/Y
 _12249_/Y
 _12250_/Y
 _12251_/Y
 _12252_/Y
 _12253_/Y
 _12254_/Y
 _12255_/X
 _12256_/Y
 _12257_/Y
 _12258_/X
 _12259_/Y
 _12260_/Y
 _12261_/Y
 _12262_/Y
 _12263_/Y
 _12264_/X
 _12265_/Y
 _12266_/X
 _12267_/X
 _12268_/Y
 _12269_/Y
 _12270_/Y
 _12271_/X
 _12272_/Y
 _12273_/Y
 _12274_/X
 _12275_/Y
 _12276_/Y
 _12277_/Y
 _12278_/Y
 _12279_/X
 _12280_/Y
 _12281_/Y
 _12282_/Y
 _12283_/Y
 _12284_/Y
 _12285_/Y
 _12286_/Y
 _12287_/Y
 _12288_/Y
 _12289_/Y
 _12290_/Y
 _12291_/Y
 _12292_/Y
 _12293_/Y
 _12294_/X
 _12295_/X
 _12296_/X
 _12297_/X
 _12298_/X
 _12299_/X
 _12300_/X
 _12301_/X
 _12302_/X
 _12303_/X
 _12304_/X
 _12305_/X
 _12306_/X
 _12307_/X
 _12308_/X
 _12309_/X
 _12310_/X
 _12311_/X
 _12312_/Y
 _12313_/Y
 _12314_/Y
 _12315_/Y
 _12316_/Y
 _12317_/Y
 _12318_/Y
 _12319_/X
 _12320_/Y
 _12321_/Y
 _12322_/Y
 _12323_/Y
 _12324_/Y
 _12325_/Y
 _12326_/Y
 _12327_/Y
 _12328_/Y
 _12329_/Y
 _12330_/Y
 _12331_/Y
 _12332_/Y
 _12333_/Y
 _12334_/Y
 _12335_/Y
 _12336_/Y
 _12337_/Y
 _12338_/Y
 _12339_/Y
 _12340_/Y
 _12341_/Y
 _12342_/Y
 _12343_/Y
 _12344_/Y
 _12345_/Y
 _12346_/Y
 _12347_/Y
 _12348_/Y
 _12349_/Y
 _12350_/Y
 _12351_/Y
 _12352_/Y
 _12353_/Y
 _12354_/Y
 _12355_/Y
 _12356_/Y
 _12357_/Y
 _12358_/X
 _12359_/Y
 _12360_/Y
 _12361_/Y
 _12362_/X
 _12363_/X
 _12364_/Y
 _12365_/X
 _12366_/Y
 _12367_/X
 _12368_/Y
 _12369_/X
 _12370_/Y
 _12371_/Y
 _12372_/Y
 _12373_/Y
 _12374_/Y
 _12375_/Y
 _12376_/Y
 _12377_/Y
 _12378_/X
 _12379_/X
 _12380_/Y
 _12381_/Y
 _12382_/X
 _12383_/Y
 _12384_/Y
 _12385_/X
 _12386_/X
 _12387_/Y
 _12388_/Y
 _12389_/X
 _12390_/Y
 _12391_/Y
 _12392_/Y
 _12393_/Y
 _12394_/X
 _12395_/Y
 _12396_/Y
 _12397_/X
 _12398_/Y
 _12399_/Y
 _12400_/X
 _12401_/Y
 _12402_/Y
 _12403_/X
 _12404_/Y
 _12405_/Y
 _12406_/X
 _12407_/Y
 _12408_/Y
 _12409_/X
 _12410_/Y
 _12411_/Y
 _12412_/X
 _12413_/Y
 _12414_/Y
 _12415_/X
 _12416_/Y
 _12417_/Y
 _12418_/X
 _12419_/Y
 _12420_/Y
 _12421_/X
 _12422_/Y
 _12423_/Y
 _12424_/Y
 _12425_/Y
 _12426_/X
 _12427_/X
 _12428_/Y
 _12429_/Y
 _12430_/X
 _12431_/Y
 _12432_/Y
 _12433_/Y
 _12434_/Y
 _12435_/X
 _12436_/Y
 _12437_/Y
 _12438_/Y
 _12439_/Y
 _12440_/X
 _12441_/X
 _12442_/X
 _12443_/Y
 _12444_/Y
 _12445_/X
 _12446_/X
 _12447_/X
 _12448_/Y
 _12449_/Y
 _12450_/Y
 _12451_/Y
 _12452_/X
 _12453_/X
 _12454_/Y
 _12455_/Y
 _12456_/X
 _12457_/Y
 _12458_/Y
 _12459_/Y
 _12460_/Y
 _12461_/Y
 _12462_/Y
 _12463_/Y
 _12464_/Y
 _12465_/Y
 _12466_/Y
 _12467_/Y
 _12468_/Y
 _12469_/Y
 _12470_/Y
 _12471_/X
 _12472_/X
 _12473_/Y
 _12474_/Y
 _12475_/Y
 _12476_/Y
 _12477_/X
 _12478_/Y
 _12479_/Y
 _12480_/X
 _12481_/Y
 _12482_/Y
 _12483_/X
 _12484_/X
 _12485_/X
 _12486_/X
 _12487_/Y
 _12488_/Y
 _12489_/Y
 _12490_/Y
 _12491_/X
 _12492_/X
 _12493_/Y
 _12494_/Y
 _12495_/Y
 _12496_/Y
 _12497_/Y
 _12498_/Y
 _12499_/X
 _12500_/X
 _12501_/Y
 _12502_/Y
 _12503_/Y
 _12504_/Y
 _12505_/X
 _12506_/X
 _12507_/Y
 _12508_/Y
 _12509_/Y
 _12510_/Y
 _12511_/X
 _12512_/Y
 _12513_/Y
 _12514_/X
 _12515_/X
 _12516_/Y
 _12517_/Y
 _12518_/Y
 _12519_/Y
 _12520_/X
 _12521_/Y
 _12522_/Y
 _12523_/Y
 _12524_/Y
 _12525_/Y
 _12526_/Y
 _12527_/Y
 _12528_/Y
 _12529_/Y
 _12530_/Y
 _12531_/X
 _12532_/Y
 _12533_/Y
 _12534_/Y
 _12535_/Y
 _12536_/Y
 _12537_/Y
 _12538_/X
 _12539_/X
 _12540_/X
 _12541_/Y
 _12542_/Y
 _12543_/Y
 _12544_/Y
 _12545_/Y
 _12546_/Y
 _12547_/Y
 _12548_/Y
 _12549_/Y
 _12550_/Y
 _12551_/Y
 _12552_/Y
 _12553_/Y
 _12554_/Y
 _12555_/Y
 _12556_/Y
 _12557_/Y
 _12558_/Y
 _12559_/Y
 _12560_/Y
 _12561_/Y
 _12562_/Y
 _12563_/Y
 _12564_/Y
 _12565_/Y
 _12566_/Y
 _12567_/Y
 _12568_/Y
 _12569_/Y
 _12570_/Y
 _12571_/Y
 _12572_/Y
 _12573_/Y
 _12574_/Y
 _12575_/Y
 _12576_/Y
 _12577_/Y
 _12578_/Y
 _12579_/Y
 _12580_/Y
 _12581_/Y
 _12582_/Y
 _12583_/Y
 _12584_/Y
 _12585_/Y
 _12586_/Y
 _12587_/Y
 _12588_/Y
 _12589_/Y
 _12590_/Y
 _12591_/Y
 _12592_/Y
 _12593_/Y
 _12594_/Y
 _12595_/Y
 _12596_/Y
 _12597_/Y
 _12598_/Y
 _12599_/Y
 _12600_/Y
 _12601_/Y
 _12602_/Y
 _12603_/Y
 _12604_/Y
 _12605_/Y
 _12606_/X
 _12607_/Y
 _12608_/Y
 _12609_/Y
 _12610_/Y
 _12611_/Y
 _12612_/Y
 _12613_/Y
 _12614_/X
 _12615_/X
 _12616_/Y
 _12617_/Y
 _12618_/Y
 _12619_/Y
 _12620_/Y
 _12621_/Y
 _12622_/Y
 _12623_/X
 _12624_/Y
 _12625_/Y
 _12626_/Y
 _12627_/Y
 _12628_/X
 _12629_/Y
 _12630_/Y
 _12631_/Y
 _12632_/X
 _12633_/Y
 _12634_/X
 _12635_/Y
 _12636_/Y
 _12637_/Y
 _12638_/X
 _12639_/Y
 _12640_/Y
 _12641_/Y
 _12642_/Y
 _12643_/Y
 _12644_/Y
 _12645_/Y
 _12646_/Y
 _12647_/Y
 _12648_/Y
 _12649_/Y
 _12650_/Y
 _12651_/X
 _12652_/X
 _12653_/X
 _12654_/X
 _12655_/X
 _12656_/X
 _12657_/X
 _12658_/X
 _12659_/X
 _12660_/X
 _12661_/X
 _12662_/X
 _12663_/X
 _12664_/X
 _12665_/Y
 _12666_/X
 _12667_/X
 _12668_/X
 _12669_/X
 _12670_/X
 _12671_/X
 _12672_/X
 _12673_/X
 _12674_/X
 _12675_/X
 _12676_/X
 _12677_/X
 _12678_/X
 _12679_/X
 _12680_/X
 _12681_/X
 _12682_/X
 _12683_/X
 _12684_/X
 _12685_/X
 _12686_/X
 _12687_/X
 _12688_/X
 _12689_/X
 _12690_/X
 _12691_/X
 _12692_/X
 _12693_/X
 _12694_/X
 _12695_/Y
 _12696_/Y
 _12697_/Y
 _12698_/Y
 _12699_/X
 _12700_/X
 _12701_/Y
 _12702_/Y
 _12703_/Y
 _12704_/Y
 _12705_/Y
 _12706_/Y
 _12707_/Y
 _12708_/Y
 _12709_/Y
 _12710_/X
 _12711_/Y
 _12712_/X
 _12713_/Y
 _12714_/X
 _12715_/Y
 _12716_/Y
 _12717_/X
 _12718_/X
 _12719_/Y
 _12720_/X
 _12721_/X
 _12722_/Y
 _12723_/Y
 _12724_/X
 _12725_/Y
 _12726_/X
 _12727_/X
 _12728_/Y
 _12729_/Y
 _12730_/Y
 _12731_/X
 _12732_/X
 _12733_/X
 _12734_/Y
 _12735_/X
 _12736_/Y
 _12737_/X
 _12738_/X
 _12739_/X
 _12740_/X
 _12741_/X
 _12742_/Y
 _12743_/X
 _12744_/X
 _12745_/X
 _12746_/X
 _12747_/X
 _12748_/Y
 _12749_/Y
 _12750_/Y
 _12751_/Y
 _12752_/Y
 _12753_/Y
 _12754_/Y
 _12755_/X
 _12756_/Y
 _12757_/X
 _12758_/Y
 _12759_/Y
 _12760_/X
 _12761_/Y
 _12762_/Y
 _12763_/Y
 _12764_/X
 _12765_/Y
 _12766_/Y
 _12767_/Y
 _12768_/Y
 _12769_/Y
 _12770_/Y
 _12771_/Y
 _12772_/Y
 _12773_/Y
 _12774_/Y
 _12775_/Y
 _12776_/Y
 _12777_/Y
 _12778_/Y
 _12779_/Y
 _12780_/Y
 _12781_/Y
 _12782_/Y
 _12783_/Y
 _12784_/Y
 _12785_/Y
 _12786_/Y
 _12787_/Y
 _12788_/Y
 _12789_/Y
 _12790_/Y
 _12791_/Y
 _12792_/Y
 _12793_/X
 _12794_/Y
 _12795_/X
 _12796_/Y
 _12797_/Y
 _12798_/Y
 _12799_/Y
 _12800_/Y
 _12801_/X
 _12802_/Y
 _12803_/X
 _12804_/Y
 _12805_/Y
 _12806_/Y
 _12807_/Y
 _12808_/Y
 _12809_/Y
 _12810_/Y
 _12811_/Y
 _12812_/Y
 _12813_/Y
 _12814_/Y
 _12815_/Y
 _12816_/Y
 _12817_/Y
 _12818_/Y
 _12819_/X
 _12820_/Y
 _12821_/Y
 _12822_/X
 _12823_/Y
 _12824_/Y
 _12825_/Y
 _12826_/Y
 _12827_/X
 _12828_/X
 _12829_/Y
 _12830_/X
 _12831_/Y
 _12832_/Y
 _12833_/X
 _12834_/Y
 _12835_/Y
 _12836_/Y
 _12837_/X
 _12838_/Y
 _12839_/Y
 _12840_/Y
 _12841_/Y
 _12842_/Y
 _12843_/Y
 _12844_/Y
 _12845_/X
 _12846_/Y
 _12847_/Y
 _12848_/Y
 _12849_/Y
 _12850_/Y
 _12851_/Y
 _12852_/Y
 _12853_/Y
 _12854_/Y
 _12855_/Y
 _12856_/Y
 _12857_/Y
 _12858_/Y
 _12859_/Y
 _12860_/Y
 _12861_/Y
 _12862_/Y
 _12863_/Y
 _12864_/Y
 _12865_/Y
 _12866_/Y
 _12867_/Y
 _12868_/Y
 _12869_/Y
 _12870_/Y
 _12871_/Y
 _12872_/Y
 _12873_/Y
 _12874_/Y
 _12875_/Y
 _12876_/Y
 _12877_/Y
 _12878_/Y
 _12879_/Y
 _12880_/Y
 _12881_/Y
 _12882_/Y
 _12883_/Y
 _12884_/Y
 _12885_/Y
 _12886_/Y
 _12887_/Y
 _12888_/Y
 _12889_/Y
 _12890_/Y
 _12891_/Y
 _12892_/Y
 _12893_/Y
 _12894_/Y
 _12895_/Y
 _12896_/Y
 _12897_/Y
 _12898_/Y
 _12899_/Y
 _12900_/Y
 _12901_/Y
 _12902_/Y
 _12903_/Y
 _12904_/Y
 _12905_/Y
 _12906_/Y
 _12907_/Y
 _12908_/Y
 _12909_/Y
 _12910_/Y
 _12911_/Y
 _12912_/Y
 _12913_/Y
 _12914_/X
 _12915_/Y
 _12916_/Y
 _12917_/Y
 _12918_/Y
 _12919_/Y
 _12920_/Y
 _12921_/Y
 _12922_/Y
 _12923_/Y
 _12924_/Y
 _12925_/Y
 _12926_/Y
 _12927_/Y
 _12928_/Y
 _12929_/Y
 _12930_/Y
 _12931_/Y
 _12932_/Y
 _12933_/Y
 _12934_/Y
 _12935_/Y
 _12936_/Y
 _12937_/Y
 _12938_/Y
 _12939_/Y
 _12940_/Y
 _12941_/Y
 _12942_/Y
 _12943_/Y
 _12944_/Y
 _12945_/Y
 _12946_/Y
 _12947_/Y
 _12948_/Y
 _12949_/Y
 _12950_/Y
 _12951_/Y
 _12952_/Y
 _12953_/Y
 _12954_/Y
 _12955_/Y
 _12956_/Y
 _12957_/Y
 _12958_/Y
 _12959_/Y
 _12960_/Y
 _12961_/Y
 _12962_/Y
 _12963_/Y
 _12964_/Y
 _12965_/Y
 _12966_/Y
 _12967_/Y
 _12968_/Y
 _12969_/Y
 _12970_/Y
 _12971_/Y
 _12972_/Y
 _12973_/Y
 _12974_/Y
 _12975_/Y
 _12976_/Y
 _12977_/Y
 _12978_/X
 _12979_/Y
 _12980_/Y
 _12981_/Y
 _12982_/Y
 _12983_/Y
 _12984_/Y
 _12985_/Y
 _12986_/Y
 _12987_/Y
 _12988_/Y
 _12989_/Y
 _12990_/Y
 _12991_/Y
 _12992_/Y
 _12993_/Y
 _12994_/Y
 _12995_/Y
 _12996_/Y
 _12997_/Y
 _12998_/Y
 _12999_/Y
 _13000_/Y
 _13001_/Y
 _13002_/Y
 _13003_/Y
 _13004_/Y
 _13005_/Y
 _13006_/Y
 _13007_/Y
 _13008_/Y
 _13009_/Y
 _13010_/Y
 _13011_/Y
 _13012_/Y
 _13013_/Y
 _13014_/Y
 _13015_/Y
 _13016_/Y
 _13017_/Y
 _13018_/Y
 _13019_/Y
 _13020_/Y
 _13021_/Y
 _13022_/Y
 _13023_/Y
 _13024_/Y
 _13025_/Y
 _13026_/Y
 _13027_/Y
 _13028_/Y
 _13029_/Y
 _13030_/Y
 _13031_/Y
 _13032_/Y
 _13033_/Y
 _13034_/Y
 _13035_/Y
 _13036_/Y
 _13037_/Y
 _13038_/Y
 _13039_/Y
 _13040_/Y
 _13041_/Y
 _13042_/Y
 _13043_/Y
 _13044_/Y
 _13045_/Y
 _13046_/Y
 _13047_/Y
 _13048_/Y
 _13049_/Y
 _13050_/Y
 _13051_/Y
 _13052_/Y
 _13053_/Y
 _13054_/Y
 _13055_/Y
 _13056_/Y
 _13057_/Y
 _13058_/Y
 _13059_/Y
 _13060_/Y
 _13061_/Y
 _13062_/Y
 _13063_/Y
 _13064_/Y
 _13065_/Y
 _13066_/Y
 _13067_/Y
 _13068_/Y
 _13069_/Y
 _13070_/Y
 _13071_/Y
 _13072_/Y
 _13073_/Y
 _13074_/Y
 _13075_/Y
 _13076_/Y
 _13077_/Y
 _13078_/Y
 _13079_/Y
 _13080_/Y
 _13081_/Y
 _13082_/Y
 _13083_/Y
 _13084_/Y
 _13085_/Y
 _13086_/Y
 _13087_/Y
 _13088_/Y
 _13089_/Y
 _13090_/Y
 _13091_/Y
 _13092_/Y
 _13093_/Y
 _13094_/Y
 _13095_/Y
 _13096_/Y
 _13097_/Y
 _13098_/Y
 _13099_/Y
 _13100_/Y
 _13101_/Y
 _13102_/Y
 _13103_/Y
 _13104_/Y
 _13105_/X
 _13106_/Y
 _13107_/Y
 _13108_/Y
 _13109_/Y
 _13110_/Y
 _13111_/Y
 _13112_/Y
 _13113_/Y
 _13114_/Y
 _13115_/Y
 _13116_/Y
 _13117_/Y
 _13118_/Y
 _13119_/Y
 _13120_/Y
 _13121_/Y
 _13122_/Y
 _13123_/Y
 _13124_/Y
 _13125_/Y
 _13126_/Y
 _13127_/Y
 _13128_/Y
 _13129_/Y
 _13130_/Y
 _13131_/Y
 _13132_/Y
 _13133_/Y
 _13134_/Y
 _13135_/Y
 _13136_/Y
 _13137_/Y
 _13138_/Y
 _13139_/Y
 _13140_/Y
 _13141_/Y
 _13142_/Y
 _13143_/Y
 _13144_/Y
 _13145_/Y
 _13146_/Y
 _13147_/Y
 _13148_/Y
 _13149_/Y
 _13150_/Y
 _13151_/Y
 _13152_/Y
 _13153_/Y
 _13154_/Y
 _13155_/Y
 _13156_/Y
 _13157_/Y
 _13158_/Y
 _13159_/Y
 _13160_/Y
 _13161_/Y
 _13162_/Y
 _13163_/Y
 _13164_/Y
 _13165_/Y
 _13166_/X
 _13167_/Y
 _13168_/X
 _13169_/Y
 _13170_/Y
 _13171_/Y
 _13172_/Y
 _13173_/Y
 _13174_/Y
 _13175_/Y
 _13176_/Y
 _13177_/Y
 _13178_/Y
 _13179_/Y
 _13180_/Y
 _13181_/Y
 _13182_/Y
 _13183_/Y
 _13184_/Y
 _13185_/Y
 _13186_/Y
 _13187_/Y
 _13188_/Y
 _13189_/Y
 _13190_/Y
 _13191_/Y
 _13192_/Y
 _13193_/Y
 _13194_/Y
 _13195_/Y
 _13196_/Y
 _13197_/Y
 _13198_/Y
 _13199_/Y
 _13200_/Y
 _13201_/Y
 _13202_/Y
 _13203_/Y
 _13204_/Y
 _13205_/Y
 _13206_/Y
 _13207_/Y
 _13208_/Y
 _13209_/Y
 _13210_/Y
 _13211_/Y
 _13212_/Y
 _13213_/Y
 _13214_/Y
 _13215_/Y
 _13216_/Y
 _13217_/Y
 _13218_/Y
 _13219_/Y
 _13220_/Y
 _13221_/Y
 _13222_/Y
 _13223_/Y
 _13224_/Y
 _13225_/Y
 _13226_/Y
 _13227_/Y
 _13228_/Y
 _13229_/Y
 _13230_/Y
 _13231_/Y
 _13232_/Y
 _13233_/Y
 _13234_/Y
 _13235_/Y
 _13236_/Y
 _13237_/Y
 _13238_/Y
 _13239_/Y
 _13240_/Y
 _13241_/Y
 _13242_/Y
 _13243_/Y
 _13244_/Y
 _13245_/Y
 _13246_/Y
 _13247_/Y
 _13248_/Y
 _13249_/Y
 _13250_/Y
 _13251_/Y
 _13252_/Y
 _13253_/Y
 _13254_/Y
 _13255_/Y
 _13256_/Y
 _13257_/Y
 _13258_/Y
 _13259_/Y
 _13260_/Y
 _13261_/Y
 _13262_/Y
 _13263_/Y
 _13264_/Y
 _13265_/Y
 _13266_/Y
 _13267_/Y
 _13268_/Y
 _13269_/Y
 _13270_/Y
 _13271_/Y
 _13272_/Y
 _13273_/Y
 _13274_/Y
 _13275_/Y
 _13276_/Y
 _13277_/Y
 _13278_/Y
 _13279_/Y
 _13280_/Y
 _13281_/Y
 _13282_/Y
 _13283_/Y
 _13284_/Y
 _13285_/Y
 _13286_/Y
 _13287_/Y
 _13288_/Y
 _13289_/Y
 _13290_/Y
 _13291_/Y
 _13292_/Y
 _13293_/Y
 _13294_/Y
 _13295_/Y
 _13296_/Y
 _13297_/Y
 _13298_/Y
 _13299_/Y
 _13300_/Y
 _13301_/Y
 _13302_/Y
 _13303_/Y
 _13304_/Y
 _13305_/Y
 _13306_/Y
 _13307_/Y
 _13308_/Y
 _13309_/Y
 _13310_/Y
 _13311_/Y
 _13312_/Y
 _13313_/Y
 _13314_/Y
 _13315_/Y
 _13316_/Y
 _13317_/Y
 _13318_/Y
 _13319_/Y
 _13320_/Y
 _13321_/Y
 _13322_/Y
 _13323_/Y
 _13324_/Y
 _13325_/Y
 _13326_/Y
 _13327_/Y
 _13328_/Y
 _13329_/Y
 _13330_/Y
 _13331_/Y
 _13332_/Y
 _13333_/Y
 _13334_/Y
 _13335_/Y
 _13336_/Y
 _13337_/Y
 _13338_/Y
 _13339_/Y
 _13340_/Y
 _13341_/Y
 _13342_/Y
 _13343_/Y
 _13344_/Y
 _13345_/Y
 _13346_/Y
 _13347_/Y
 _13348_/Y
 _13349_/Y
 _13350_/Y
 _13351_/Y
 _13352_/Y
 _13353_/Y
 _13354_/Y
 _13355_/Y
 _13356_/Y
 _13357_/Y
 _13358_/Y
 _13359_/Y
 _13360_/Y
 _13361_/Y
 _13362_/Y
 _13363_/Y
 _13364_/Y
 _13365_/Y
 _13366_/Y
 _13367_/Y
 _13368_/Y
 _13369_/Y
 _13370_/Y
 _13371_/Y
 _13372_/Y
 _13373_/Y
 _13374_/Y
 _13375_/Y
 _13376_/Y
 _13377_/Y
 _13378_/Y
 _13379_/Y
 _13380_/Y
 _13381_/Y
 _13382_/Y
 _13383_/Y
 _13384_/Y
 _13385_/Y
 _13386_/Y
 _13387_/Y
 _13388_/Y
 _13389_/Y
 _13390_/Y
 _13391_/Y
 _13392_/Y
 _13393_/Y
 _13394_/Y
 _13395_/Y
 _13396_/Y
 _13397_/Y
 _13398_/Y
 _13399_/Y
 _13400_/Y
 _13401_/Y
 _13402_/Y
 _13403_/Y
 _13404_/Y
 _13405_/Y
 _13406_/Y
 _13407_/Y
 _13408_/Y
 _13409_/Y
 _13410_/Y
 _13411_/Y
 _13412_/Y
 _13413_/Y
 _13414_/Y
 _13415_/Y
 _13416_/Y
 _13417_/Y
 _13418_/X
 _13419_/Y
 _13420_/Y
 _13421_/Y
 _13422_/Y
 _13423_/Y
 _13424_/Y
 _13425_/Y
 _13426_/Y
 _13427_/Y
 _13428_/Y
 _13429_/Y
 _13430_/Y
 _13431_/Y
 _13432_/Y
 _13433_/Y
 _13434_/Y
 _13435_/Y
 _13436_/Y
 _13437_/Y
 _13438_/Y
 _13439_/Y
 _13440_/Y
 _13441_/Y
 _13442_/Y
 _13443_/Y
 _13444_/Y
 _13445_/Y
 _13446_/Y
 _13447_/Y
 _13448_/Y
 _13449_/Y
 _13450_/Y
 _13451_/Y
 _13452_/Y
 _13453_/Y
 _13454_/Y
 _13455_/Y
 _13456_/Y
 _13457_/Y
 _13458_/Y
 _13459_/Y
 _13460_/Y
 _13461_/Y
 _13462_/Y
 _13463_/Y
 _13464_/Y
 _13465_/Y
 _13466_/Y
 _13467_/Y
 _13468_/Y
 _13469_/Y
 _13470_/Y
 _13471_/Y
 _13472_/Y
 _13473_/Y
 _13474_/Y
 _13475_/Y
 _13476_/Y
 _13477_/Y
 _13478_/Y
 _13479_/Y
 _13480_/X
 _13481_/Y
 _13482_/Y
 _13483_/Y
 _13484_/Y
 _13485_/Y
 _13486_/Y
 _13487_/Y
 _13488_/Y
 _13489_/Y
 _13490_/Y
 _13491_/Y
 _13492_/Y
 _13493_/Y
 _13494_/Y
 _13495_/Y
 _13496_/Y
 _13497_/Y
 _13498_/Y
 _13499_/Y
 _13500_/Y
 _13501_/Y
 _13502_/Y
 _13503_/Y
 _13504_/Y
 _13505_/Y
 _13506_/Y
 _13507_/Y
 _13508_/Y
 _13509_/Y
 _13510_/Y
 _13511_/Y
 _13512_/Y
 _13513_/Y
 _13514_/Y
 _13515_/Y
 _13516_/Y
 _13517_/Y
 _13518_/Y
 _13519_/Y
 _13520_/Y
 _13521_/Y
 _13522_/Y
 _13523_/Y
 _13524_/Y
 _13525_/Y
 _13526_/Y
 _13527_/Y
 _13528_/Y
 _13529_/Y
 _13530_/Y
 _13531_/Y
 _13532_/Y
 _13533_/Y
 _13534_/Y
 _13535_/Y
 _13536_/Y
 _13537_/Y
 _13538_/Y
 _13539_/Y
 _13540_/Y
 _13541_/Y
 _13542_/Y
 _13543_/Y
 _13544_/Y
 _13545_/Y
 _13546_/Y
 _13547_/Y
 _13548_/Y
 _13549_/Y
 _13550_/Y
 _13551_/Y
 _13552_/Y
 _13553_/Y
 _13554_/Y
 _13555_/Y
 _13556_/Y
 _13557_/Y
 _13558_/Y
 _13559_/Y
 _13560_/Y
 _13561_/Y
 _13562_/Y
 _13563_/Y
 _13564_/Y
 _13565_/Y
 _13566_/Y
 _13567_/Y
 _13568_/Y
 _13569_/Y
 _13570_/Y
 _13571_/Y
 _13572_/Y
 _13573_/Y
 _13574_/X
 _13575_/Y
 _13576_/Y
 _13577_/Y
 _13578_/Y
 _13579_/Y
 _13580_/Y
 _13581_/Y
 _13582_/Y
 _13583_/Y
 _13584_/Y
 _13585_/Y
 _13586_/Y
 _13587_/Y
 _13588_/Y
 _13589_/Y
 _13590_/Y
 _13591_/Y
 _13592_/Y
 _13593_/Y
 _13594_/Y
 _13595_/Y
 _13596_/Y
 _13597_/Y
 _13598_/Y
 _13599_/Y
 _13600_/Y
 _13601_/Y
 _13602_/Y
 _13603_/Y
 _13604_/Y
 _13605_/Y
 _13606_/Y
 _13607_/Y
 _13608_/Y
 _13609_/Y
 _13610_/Y
 _13611_/Y
 _13612_/Y
 _13613_/Y
 _13614_/Y
 _13615_/Y
 _13616_/Y
 _13617_/Y
 _13618_/Y
 _13619_/Y
 _13620_/Y
 _13621_/Y
 _13622_/Y
 _13623_/Y
 _13624_/Y
 _13625_/Y
 _13626_/Y
 _13627_/Y
 _13628_/Y
 _13629_/Y
 _13630_/Y
 _13631_/Y
 _13632_/Y
 _13633_/Y
 _13634_/Y
 _13635_/Y
 _13636_/Y
 _13637_/X
 _13638_/Y
 _13639_/Y
 _13640_/Y
 _13641_/Y
 _13642_/Y
 _13643_/Y
 _13644_/Y
 _13645_/Y
 _13646_/Y
 _13647_/Y
 _13648_/Y
 _13649_/Y
 _13650_/Y
 _13651_/Y
 _13652_/Y
 _13653_/Y
 _13654_/Y
 _13655_/Y
 _13656_/Y
 _13657_/Y
 _13658_/Y
 _13659_/Y
 _13660_/Y
 _13661_/Y
 _13662_/Y
 _13663_/Y
 _13664_/Y
 _13665_/Y
 _13666_/Y
 _13667_/Y
 _13668_/Y
 _13669_/Y
 _13670_/Y
 _13671_/Y
 _13672_/Y
 _13673_/Y
 _13674_/Y
 _13675_/Y
 _13676_/Y
 _13677_/Y
 _13678_/Y
 _13679_/Y
 _13680_/Y
 _13681_/Y
 _13682_/Y
 _13683_/Y
 _13684_/Y
 _13685_/Y
 _13686_/Y
 _13687_/Y
 _13688_/Y
 _13689_/Y
 _13690_/Y
 _13691_/Y
 _13692_/Y
 _13693_/Y
 _13694_/Y
 _13695_/Y
 _13696_/Y
 _13697_/Y
 _13698_/Y
 _13699_/Y
 _13700_/Y
 _13701_/X
 _13702_/Y
 _13703_/Y
 _13704_/Y
 _13705_/Y
 _13706_/X
 _13707_/X
 _13708_/X
 _13709_/X
 _13710_/X
 _13711_/X
 _13712_/X
 _13713_/X
 _13714_/X
 _13715_/X
 _13716_/X
 _13717_/X
 _13718_/X
 _13719_/X
 _13720_/X
 _13721_/X
 _13722_/X
 _13723_/X
 _13724_/X
 _13725_/X
 _13726_/X
 _13727_/X
 _13728_/X
 _13729_/X
 _13730_/X
 _13731_/X
 _13732_/X
 _13733_/X
 _13734_/X
 _13735_/X
 _13736_/Y
 _13737_/Y
 _13738_/X
 _13739_/X
 _13740_/X
 _13741_/X
 _13742_/X
 _13743_/X
 _13744_/X
 _13745_/X
 _13746_/X
 _13747_/X
 _13748_/X
 _13749_/X
 _13750_/X
 _13751_/X
 _13752_/X
 _13753_/X
 _13754_/X
 _13755_/X
 _13756_/X
 _13757_/X
 _13758_/X
 _13759_/X
 _13760_/X
 _13761_/X
 _13762_/X
 _13763_/X
 _13764_/X
 _13765_/X
 _13766_/X
 _13767_/X
 _13768_/Y
 _13769_/X
 _13770_/X
 _13771_/X
 _13772_/X
 _13773_/X
 _13774_/X
 _13775_/X
 _13776_/X
 _13777_/X
 _13778_/X
 _13779_/X
 _13780_/X
 _13781_/X
 _13782_/X
 _13783_/X
 _13784_/X
 _13785_/X
 _13786_/X
 _13787_/X
 _13788_/X
 _13789_/X
 _13790_/X
 _13791_/X
 _13792_/X
 _13793_/X
 _13794_/X
 _13795_/X
 _13796_/X
 _13797_/X
 _13798_/X
 _13799_/Y
 _13800_/X
 _13801_/X
 _13802_/X
 _13803_/X
 _13804_/X
 _13805_/X
 _13806_/X
 _13807_/X
 _13808_/X
 _13809_/X
 _13810_/X
 _13811_/X
 _13812_/X
 _13813_/X
 _13814_/X
 _13815_/X
 _13816_/X
 _13817_/X
 _13818_/X
 _13819_/X
 _13820_/X
 _13821_/X
 _13822_/X
 _13823_/X
 _13824_/X
 _13825_/X
 _13826_/X
 _13827_/X
 _13828_/X
 _13829_/X
 _13830_/X
 _13831_/Y
 _13832_/X
 _13833_/X
 _13834_/X
 _13835_/X
 _13836_/X
 _13837_/X
 _13838_/X
 _13839_/X
 _13840_/X
 _13841_/X
 _13842_/X
 _13843_/X
 _13844_/X
 _13845_/X
 _13846_/X
 _13847_/X
 _13848_/X
 _13849_/X
 _13850_/X
 _13851_/X
 _13852_/X
 _13853_/X
 _13854_/X
 _13855_/X
 _13856_/X
 _13857_/X
 _13858_/X
 _13859_/X
 _13860_/X
 _13861_/X
 _13862_/Y
 _13863_/X
 _13864_/X
 _13865_/X
 _13866_/X
 _13867_/X
 _13868_/X
 _13869_/X
 _13870_/X
 _13871_/X
 _13872_/X
 _13873_/X
 _13874_/X
 _13875_/X
 _13876_/X
 _13877_/X
 _13878_/X
 _13879_/X
 _13880_/X
 _13881_/X
 _13882_/X
 _13883_/X
 _13884_/X
 _13885_/X
 _13886_/X
 _13887_/X
 _13888_/X
 _13889_/X
 _13890_/X
 _13891_/X
 _13892_/X
 _13893_/Y
 _13894_/X
 _13895_/X
 _13896_/X
 _13897_/X
 _13898_/X
 _13899_/X
 _13900_/X
 _13901_/X
 _13902_/X
 _13903_/X
 _13904_/X
 _13905_/X
 _13906_/X
 _13907_/X
 _13908_/X
 _13909_/X
 _13910_/X
 _13911_/X
 _13912_/X
 _13913_/X
 _13914_/X
 _13915_/X
 _13916_/X
 _13917_/X
 _13918_/X
 _13919_/X
 _13920_/X
 _13921_/X
 _13922_/X
 _13923_/X
 _13924_/Y
 _13925_/X
 _13926_/X
 _13927_/X
 _13928_/X
 _13929_/X
 _13930_/X
 _13931_/X
 _13932_/X
 _13933_/X
 _13934_/X
 _13935_/X
 _13936_/X
 _13937_/X
 _13938_/X
 _13939_/X
 _13940_/X
 _13941_/X
 _13942_/X
 _13943_/X
 _13944_/X
 _13945_/X
 _13946_/X
 _13947_/X
 _13948_/X
 _13949_/X
 _13950_/X
 _13951_/X
 _13952_/X
 _13953_/X
 _13954_/X
 _13955_/Y
 _13956_/Y
 _13957_/X
 _13958_/X
 _13959_/X
 _13960_/X
 _13961_/X
 _13962_/X
 _13963_/X
 _13964_/X
 _13965_/X
 _13966_/X
 _13967_/X
 _13968_/X
 _13969_/X
 _13970_/X
 _13971_/X
 _13972_/X
 _13973_/X
 _13974_/X
 _13975_/X
 _13976_/X
 _13977_/X
 _13978_/X
 _13979_/X
 _13980_/X
 _13981_/X
 _13982_/X
 _13983_/X
 _13984_/X
 _13985_/X
 _13986_/X
 _13987_/Y
 _13988_/X
 _13989_/X
 _13990_/X
 _13991_/X
 _13992_/X
 _13993_/X
 _13994_/X
 _13995_/X
 _13996_/X
 _13997_/X
 _13998_/X
 _13999_/X
 _14000_/X
 _14001_/X
 _14002_/X
 _14003_/X
 _14004_/X
 _14005_/X
 _14006_/X
 _14007_/X
 _14008_/X
 _14009_/X
 _14010_/X
 _14011_/X
 _14012_/X
 _14013_/X
 _14014_/X
 _14015_/X
 _14016_/X
 _14017_/X
 _14018_/Y
 _14019_/Y
 _14020_/Y
 _14021_/Y
 _14022_/Y
 _14023_/Y
 _14024_/Y
 _14025_/Y
 _14026_/Y
 _14027_/Y
 _14028_/Y
 _14029_/Y
 _14030_/Y
 _14031_/Y
 _14032_/Y
 _14033_/Y
 _14034_/Y
 _14035_/Y
 _14036_/Y
 _14037_/Y
 _14038_/Y
 _14039_/Y
 _14040_/Y
 _14041_/Y
 _14042_/Y
 _14043_/Y
 _14044_/Y
 _14045_/Y
 _14046_/Y
 _14047_/Y
 _14048_/Y
 _14049_/Y
 _14050_/Y
 _14051_/Y
 _14052_/Y
 _14053_/Y
 _14054_/Y
 _14055_/Y
 _14056_/Y
 _14057_/Y
 _14058_/Y
 _14059_/Y
 _14060_/Y
 _14061_/Y
 _14062_/Y
 _14063_/Y
 _14064_/Y
 _14065_/Y
 _14066_/Y
 _14067_/Y
 _14068_/Y
 _14069_/Y
 _14070_/Y
 _14071_/Y
 _14072_/Y
 _14073_/Y
 _14074_/Y
 _14075_/Y
 _14076_/Y
 _14077_/Y
 _14078_/Y
 _14079_/Y
 _14080_/Y
 _14081_/X
 _14082_/Y
 _14083_/Y
 _14084_/Y
 _14085_/Y
 _14086_/Y
 _14087_/Y
 _14088_/Y
 _14089_/Y
 _14090_/Y
 _14091_/Y
 _14092_/Y
 _14093_/Y
 _14094_/Y
 _14095_/Y
 _14096_/Y
 _14097_/Y
 _14098_/Y
 _14099_/Y
 _14100_/Y
 _14101_/Y
 _14102_/Y
 _14103_/Y
 _14104_/Y
 _14105_/Y
 _14106_/Y
 _14107_/Y
 _14108_/Y
 _14109_/Y
 _14110_/Y
 _14111_/Y
 _14112_/Y
 _14113_/Y
 _14114_/Y
 _14115_/Y
 _14116_/Y
 _14117_/Y
 _14118_/Y
 _14119_/Y
 _14120_/Y
 _14121_/Y
 _14122_/Y
 _14123_/Y
 _14124_/Y
 _14125_/Y
 _14126_/Y
 _14127_/Y
 _14128_/Y
 _14129_/Y
 _14130_/Y
 _14131_/Y
 _14132_/Y
 _14133_/Y
 _14134_/Y
 _14135_/Y
 _14136_/Y
 _14137_/Y
 _14138_/Y
 _14139_/Y
 _14140_/Y
 _14141_/Y
 _14142_/Y
 _14143_/X
 _14144_/X
 _14145_/X
 _14146_/X
 _14147_/X
 _14148_/X
 _14149_/X
 _14150_/X
 _14151_/X
 _14152_/X
 _14153_/X
 _14154_/X
 _14155_/X
 _14156_/X
 _14157_/X
 _14158_/X
 _14159_/X
 _14160_/X
 _14161_/X
 _14162_/Y
 _14163_/Y
 _14164_/Y
 _14165_/Y
 _14166_/Y
 _14167_/Y
 _14168_/Y
 _14169_/Y
 _14170_/Y
 _14171_/Y
 _14172_/Y
 _14173_/Y
 _14174_/Y
 _14175_/Y
 _14176_/Y
 _14177_/Y
 _14178_/Y
 _14179_/Y
 _14180_/Y
 _14181_/Y
 _14182_/Y
 _14183_/Y
 _14184_/Y
 _14185_/Y
 _14186_/Y
 _14187_/Y
 _14188_/Y
 _14189_/Y
 _14190_/Y
 _14191_/Y
 _14192_/Y
 _14193_/Y
 _14194_/Y
 _14195_/Y
 _14196_/Y
 _14197_/Y
 _14198_/Y
 _14199_/Y
 _14200_/Y
 _14201_/Y
 _14202_/Y
 _14203_/Y
 _14204_/Y
 _14205_/Y
 _14206_/Y
 _14207_/Y
 _14208_/Y
 _14209_/Y
 _14210_/Y
 _14211_/Y
 _14212_/Y
 _14213_/Y
 _14214_/Y
 _14215_/Y
 _14216_/Y
 _14217_/Y
 _14218_/Y
 _14219_/Y
 _14220_/Y
 _14221_/Y
 _14222_/Y
 _14223_/Y
 _14224_/Y
 _14225_/Y
 _14226_/Y
 _14227_/Y
 _14228_/Y
 _14229_/Y
 _14230_/Y
 _14231_/Y
 _14232_/Y
 _14233_/Y
 _14234_/Y
 _14235_/Y
 _14236_/Y
 _14237_/Y
 _14238_/Y
 _14239_/Y
 _14240_/Y
 _14241_/Y
 _14242_/Y
 _14243_/Y
 _14244_/Y
 _14245_/Y
 _14246_/Y
 _14247_/Y
 _14248_/Y
 _14249_/Y
 _14250_/Y
 _14251_/Y
 _14252_/Y
 _14253_/Y
 _14254_/Y
 _14255_/Y
 _14256_/Y
 _14257_/Y
 _14258_/Y
 _14259_/Y
 _14260_/Y
 _14261_/Y
 _14262_/Y
 _14263_/Y
 _14264_/Y
 _14265_/Y
 _14266_/Y
 _14267_/Y
 _14268_/Y
 _14269_/Y
 _14270_/Y
 _14271_/Y
 _14272_/Y
 _14273_/Y
 _14274_/Y
 _14275_/Y
 _14276_/Y
 _14277_/Y
 _14278_/Y
 _14279_/Y
 _14280_/Y
 _14281_/Y
 _14282_/Y
 _14283_/Y
 _14284_/Y
 _14285_/Y
 _14286_/Y
 _14287_/Y
 _14288_/Y
 _14289_/Y
 _14290_/Y
 _14291_/Y
 _14292_/Y
 _14293_/Y
 _14294_/Y
 _14295_/Y
 _14296_/Y
 _14297_/Y
 _14298_/Y
 _14299_/Y
 _14300_/Y
 _14301_/Y
 _14302_/Y
 _14303_/Y
 _14304_/Y
 _14305_/Y
 _14306_/Y
 _14307_/Y
 _14308_/Y
 _14309_/Y
 _14310_/Y
 _14311_/Y
 _14312_/Y
 _14313_/Y
 _14314_/Y
 _14315_/Y
 _14316_/Y
 _14317_/Y
 _14318_/Y
 _14319_/Y
 _14320_/Y
 _14321_/Y
 _14322_/Y
 _14323_/Y
 _14324_/Y
 _14325_/Y
 _14326_/Y
 _14327_/Y
 _14328_/Y
 _14329_/Y
 _14330_/Y
 _14331_/Y
 _14332_/Y
 _14333_/X
 _14334_/X
 _14335_/X
 _14336_/X
 _14337_/X
 _14338_/X
 _14339_/X
 _14340_/X
 _14341_/X
 _14342_/X
 _14343_/X
 _14344_/X
 _14345_/X
 _14346_/X
 _14347_/X
 _14348_/X
 _14349_/X
 _14350_/X
 _14351_/X
 _14352_/X
 _14353_/X
 _14354_/X
 _14355_/X
 _14356_/X
 _14357_/X
 _14358_/X
 _14359_/X
 _14360_/X
 _14361_/X
 _14362_/X
 _14363_/X
 _14364_/X
 _14365_/X
 _14366_/X
 _14367_/X
 _14368_/X
 _14369_/Y
 _14370_/Y
 _14371_/Y
 _14372_/Y
 _14373_/Y
 _14374_/Y
 _14375_/Y
 _14376_/Y
 _14377_/Y
 _14378_/Y
 _14379_/Y
 _14380_/Y
 _14381_/Y
 _14382_/X
 _14383_/X
 _14384_/X
 _14385_/X
 _14386_/X
 _14387_/X
 _14388_/X
 _14389_/X
 _14390_/X
 _14391_/X
 _14392_/X
 _14393_/X
 _14394_/X
 _14395_/X
 _14396_/X
 _14397_/X
 _14398_/X
 _14399_/X
 _14400_/X
 _14401_/X
 _14402_/X
 _14403_/X
 _14404_/X
 _14405_/X
 _14406_/Y
 _14407_/Y
 _14408_/Y
 _14409_/Y
 _14410_/Y
 _14411_/Y
 _14412_/Y
 _14413_/Y
 _14414_/Y
 _14415_/Y
 _14416_/Y
 _14417_/Y
 _14418_/Y
 _14419_/Y
 _14420_/Y
 _14421_/Y
 _14422_/Y
 _14423_/Y
 _14424_/Y
 _14425_/Y
 _14426_/Y
 _14427_/Y
 _14428_/Y
 _14429_/Q
 _14430_/Q
 _14431_/Q
 _14432_/Q
 _14433_/Q
 _14434_/Q
 _14435_/Q
 _14436_/Q
 _14437_/Q
 _14438_/Q
 _14439_/Q
 _14440_/Q
 _14441_/Q
 _14442_/Q
 _14443_/Q
 _14444_/Q
 _14445_/Q
 _14446_/Q
 _14447_/Q
 _14448_/Q
 _14449_/Q
 _14450_/Q
 _14451_/Q
 _14452_/Q
 _14453_/Q
 _14454_/Q
 _14455_/Q
 _14456_/Q
 _14457_/Q
 _14458_/Q
 _14459_/Q
 _14460_/Q
 _14461_/Q
 _14462_/Q
 _14463_/Q
 _14464_/Q
 _14465_/Q
 _14466_/Q
 _14467_/Q
 _14468_/Q
 _14469_/Q
 _14470_/Q
 _14471_/Q
 _14472_/Q
 _14473_/Q
 _14474_/Q
 _14475_/Q
 _14476_/Q
 _14477_/Q
 _14478_/Q
 _14479_/Q
 _14480_/Q
 _14481_/Q
 _14482_/Q
 _14483_/Q
 _14484_/Q
 _14485_/Q
 _14486_/Q
 _14487_/Q
 _14488_/Q
 _14489_/Q
 _14490_/Q
 _14491_/Q
 _14492_/Q
 _14493_/Q
 _14494_/Q
 _14495_/Q
 _14496_/Q
 _14497_/Q
 _14498_/Q
 _14499_/Q
 _14500_/Q
 _14501_/Q
 _14502_/Q
 _14503_/Q
 _14504_/Q
 _14505_/Q
 _14506_/Q
 _14507_/Q
 _14508_/Q
 _14509_/Q
 _14510_/Q
 _14511_/Q
 _14512_/Q
 _14513_/Q
 _14514_/Q
 _14515_/Q
 _14516_/Q
 _14517_/Q
 _14518_/Q
 _14519_/Q
 _14520_/Q
 _14521_/Q
 _14522_/Q
 _14523_/Q
 _14524_/Q
 _14525_/Q
 _14526_/Q
 _14527_/Q
 _14528_/Q
 _14529_/Q
 _14530_/Q
 _14531_/Q
 _14532_/Q
 _14533_/Q
 _14534_/Q
 _14535_/Q
 _14536_/Q
 _14537_/Q
 _14538_/Q
 _14539_/Q
 _14540_/Q
 _14541_/Q
 _14542_/Q
 _14543_/Q
 _14544_/Q
 _14545_/Q
 _14546_/Q
 _14547_/Q
 _14548_/Q
 _14549_/Q
 _14550_/Q
 _14551_/Q
 _14552_/Q
 _14553_/Q
 _14554_/Q
 _14555_/Q
 _14556_/Q
 _14557_/Q
 _14558_/Q
 _14559_/Q
 _14560_/Q
 _14561_/Q
 _14562_/Q
 _14563_/Q
 _14564_/Q
 _14565_/Q
 _14566_/Q
 _14567_/Q
 _14568_/Q
 _14569_/Q
 _14570_/Q
 _14571_/Q
 _14572_/Q
 _14573_/Q
 _14574_/Q
 _14575_/Q
 _14576_/Q
 _14577_/Q
 _14578_/Q
 _14579_/Q
 _14580_/Q
 _14581_/Q
 _14582_/Q
 _14583_/Q
 _14584_/Q
 _14585_/Q
 _14586_/Q
 _14587_/Q
 _14588_/Q
 _14589_/Q
 _14590_/Q
 _14591_/Q
 _14592_/Q
 _14593_/Q
 _14594_/Q
 _14595_/Q
 _14596_/Q
 _14597_/Q
 _14598_/Q
 _14599_/Q
 _14600_/Q
 _14601_/Q
 _14602_/Q
 _14603_/Q
 _14604_/Q
 _14605_/Q
 _14606_/Q
 _14607_/Q
 _14608_/Q
 _14609_/Q
 _14610_/Q
 _14611_/Q
 _14612_/Q
 _14613_/Q
 _14614_/Q
 _14615_/Q
 _14616_/Q
 _14617_/Q
 _14618_/Q
 _14619_/Q
 _14620_/Q
 _14621_/Q
 _14622_/Q
 _14623_/Q
 _14624_/Q
 _14625_/Q
 _14626_/Q
 _14627_/Q
 _14628_/Q
 _14629_/Q
 _14630_/Q
 _14631_/Q
 _14632_/Q
 _14633_/Q
 _14634_/Q
 _14635_/Q
 _14636_/Q
 _14637_/Q
 _14638_/Q
 _14639_/Q
 _14640_/Q
 _14641_/Q
 _14642_/Q
 _14643_/Q
 _14644_/Q
 _14645_/Q
 _14646_/Q
 _14647_/Q
 _14648_/Q
 _14649_/Q
 _14650_/Q
 _14651_/Q
 _14652_/Q
 _14653_/Q
 _14654_/Q
 _14655_/Q
 _14656_/Q
 _14657_/Q
 _14658_/Q
 _14659_/Q
 _14660_/Q
 _14661_/Q
 _14662_/Q
 _14663_/Q
 _14664_/Q
 _14665_/Q
 _14666_/Q
 _14667_/Q
 _14668_/Q
 _14669_/Q
 _14670_/Q
 _14671_/Q
 _14672_/Q
 _14673_/Q
 _14674_/Q
 _14675_/Q
 _14676_/Q
 _14677_/Q
 _14678_/Q
 _14679_/Q
 _14680_/Q
 _14681_/Q
 _14682_/Q
 _14683_/Q
 _14684_/Q
 _14685_/Q
 _14686_/Q
 _14687_/Q
 _14688_/Q
 _14689_/Q
 _14690_/Q
 _14691_/Q
 _14692_/Q
 _14693_/Q
 _14694_/Q
 _14695_/Q
 _14696_/Q
 _14697_/Q
 _14698_/Q
 _14699_/Q
 _14700_/Q
 _14701_/Q
 _14702_/Q
 _14703_/Q
 _14704_/Q
 _14705_/Q
 _14706_/Q
 _14707_/Q
 _14708_/Q
 _14709_/Q
 _14710_/Q
 _14711_/Q
 _14712_/Q
 _14713_/Q
 _14714_/Q
 _14715_/Q
 _14716_/Q
 _14717_/Q
 _14718_/Q
 _14719_/Q
 _14720_/Q
 _14721_/Q
 _14722_/Q
 _14723_/Q
 _14724_/Q
 _14725_/Q
 _14726_/Q
 _14727_/Q
 _14728_/Q
 _14729_/Q
 _14730_/Q
 _14731_/Q
 _14732_/Q
 _14733_/Q
 _14734_/Q
 _14735_/Q
 _14736_/Q
 _14737_/Q
 _14738_/Q
 _14739_/Q
 _14740_/Q
 _14741_/Q
 _14742_/Q
 _14743_/Q
 _14744_/Q
 _14745_/Q
 _14746_/Q
 _14747_/Q
 _14748_/Q
 _14749_/Q
 _14750_/Q
 _14751_/Q
 _14752_/Q
 _14753_/Q
 _14754_/Q
 _14755_/Q
 _14756_/Q
 _14757_/Q
 _14758_/Q
 _14759_/Q
 _14760_/Q
 _14761_/Q
 _14762_/Q
 _14763_/Q
 _14764_/Q
 _14765_/Q
 _14766_/Q
 _14767_/Q
 _14768_/Q
 _14769_/Q
 _14770_/Q
 _14771_/Q
 _14772_/Q
 _14773_/Q
 _14774_/Q
 _14775_/Q
 _14776_/Q
 _14777_/Q
 _14778_/Q
 _14779_/Q
 _14780_/Q
 _14781_/Q
 _14782_/Q
 _14783_/Q
 _14784_/Q
 _14785_/Q
 _14786_/Q
 _14787_/Q
 _14788_/Q
 _14789_/Q
 _14790_/Q
 _14791_/Q
 _14792_/Q
 _14793_/Q
 _14794_/Q
 _14795_/Q
 _14796_/Q
 _14797_/Q
 _14798_/Q
 _14799_/Q
 _14800_/Q
 _14801_/Q
 _14802_/Q
 _14803_/Q
 _14804_/Q
 _14805_/Q
 _14806_/Q
 _14807_/Q
 _14808_/Q
 _14809_/Q
 _14810_/Q
 _14811_/Q
 _14812_/Q
 _14813_/Q
 _14814_/Q
 _14815_/Q
 _14816_/Q
 _14817_/Q
 _14818_/Q
 _14819_/Q
 _14820_/Q
 _14821_/Q
 _14822_/Q
 _14823_/Q
 _14824_/Q
 _14825_/Q
 _14826_/Q
 _14827_/Q
 _14828_/Q
 _14829_/Q
 _14830_/Q
 _14831_/Q
 _14832_/Q
 _14833_/Q
 _14834_/Q
 _14835_/Q
 _14836_/Q
 _14837_/Q
 _14838_/Q
 _14839_/Q
 _14840_/Q
 _14841_/Q
 _14842_/Q
 _14843_/Q
 _14844_/Q
 _14845_/Q
 _14846_/Q
 _14847_/Q
 _14848_/Q
 _14849_/Q
 _14850_/Q
 _14851_/Q
 _14852_/Q
 _14853_/Q
 _14854_/Q
 _14855_/Q
 _14856_/Q
 _14857_/Q
 _14858_/Q
 _14859_/Q
 _14860_/Q
 _14861_/Q
 _14862_/Q
 _14863_/Q
 _14864_/Q
 _14865_/Q
 _14866_/Q
 _14867_/Q
 _14868_/Q
 _14869_/Q
 _14870_/Q
 _14871_/Q
 _14872_/Q
 _14873_/Q
 _14874_/Q
 _14875_/Q
 _14876_/Q
 _14877_/Q
 _14878_/Q
 _14879_/Q
 _14880_/Q
 _14881_/Q
 _14882_/Q
 _14883_/Q
 _14884_/Q
 _14885_/Q
 _14886_/Q
 _14887_/Q
 _14888_/Q
 _14889_/Q
 _14890_/Q
 _14891_/Q
 _14892_/Q
 _14893_/Q
 _14894_/Q
 _14895_/Q
 _14896_/Q
 _14897_/Q
 _14898_/Q
 _14899_/Q
 _14900_/Q
 _14901_/Q
 _14902_/Q
 _14903_/Q
 _14904_/Q
 _14905_/Q
 _14906_/Q
 _14907_/Q
 _14908_/Q
 _14909_/Q
 _14910_/Q
 _14911_/Q
 _14912_/Q
 _14913_/Q
 _14914_/Q
 _14915_/Q
 _14916_/Q
 _14917_/Q
 _14918_/Q
 _14919_/Q
 _14920_/Q
 _14921_/Q
 _14922_/Q
 _14923_/Q
 _14924_/Q
 _14925_/Q
 _14926_/Q
 _14927_/Q
 _14928_/Q
 _14929_/Q
 _14930_/Q
 _14931_/Q
 _14932_/Q
 _14933_/Q
 _14934_/Q
 _14935_/Q
 _14936_/Q
 _14937_/Q
 _14938_/Q
 _14939_/Q
 _14940_/Q
 _14941_/Q
 _14942_/Q
 _14943_/Q
 _14944_/Q
 _14945_/Q
 _14946_/Q
 _14947_/Q
 _14948_/Q
 _14949_/Q
 _14950_/Q
 _14951_/Q
 _14952_/Q
 _14953_/Q
 _14954_/Q
 _14955_/Q
 _14956_/Q
 _14957_/Q
 _14958_/Q
 _14959_/Q
 _14960_/Q
 _14961_/Q
 _14962_/Q
 _14963_/Q
 _14964_/Q
 _14965_/Q
 _14966_/Q
 _14967_/Q
 _14968_/Q
 _14969_/Q
 _14970_/Q
 _14971_/Q
 _14972_/Q
 _14973_/Q
 _14974_/Q
 _14975_/Q
 _14976_/Q
 _14977_/Q
 _14978_/Q
 _14979_/Q
 _14980_/Q
 _14981_/Q
 _14982_/Q
 _14983_/Q
 _14984_/Q
 _14985_/Q
 _14986_/Q
 _14987_/Q
 _14988_/Q
 _14989_/Q
 _14990_/Q
 _14991_/Q
 _14992_/Q
 _14993_/Q
 _14994_/Q
 _14995_/Q
 _14996_/Q
 _14997_/Q
 _14998_/Q
 _14999_/Q
 _15000_/Q
 _15001_/Q
 _15002_/Q
 _15003_/Q
 _15004_/Q
 _15005_/Q
 _15006_/Q
 _15007_/Q
 _15008_/Q
 _15009_/Q
 _15010_/Q
 _15011_/Q
 _15012_/Q
 _15013_/Q
 _15014_/Q
 _15015_/Q
 _15016_/Q
 _15017_/Q
 _15018_/Q
 _15019_/Q
 _15020_/Q
 _15021_/Q
 _15022_/Q
 _15023_/Q
 _15024_/Q
 _15025_/Q
 _15026_/Q
 _15027_/Q
 _15028_/Q
 _15029_/Q
 _15030_/Q
 _15031_/Q
 _15032_/Q
 _15033_/Q
 _15034_/Q
 _15035_/Q
 _15036_/Q
 _15037_/Q
 _15038_/Q
 _15039_/Q
 _15040_/Q
 _15041_/Q
 _15042_/Q
 _15043_/Q
 _15044_/Q
 _15045_/Q
 _15046_/Q
 _15047_/Q
 _15048_/Q
 _15049_/Q
 _15050_/Q
 _15051_/Q
 _15052_/Q
 _15053_/Q
 _15054_/Q
 _15055_/Q
 _15056_/Q
 _15057_/Q
 _15058_/Q
 _15059_/Q
 _15060_/Q
 _15061_/Q
 _15062_/Q
 _15063_/Q
 _15064_/Q
 _15065_/Q
 _15066_/Q
 _15067_/Q
 _15068_/Q
 _15069_/Q
 _15070_/Q
 _15071_/Q
 _15072_/Q
 _15073_/Q
 _15074_/Q
 _15075_/Q
 _15076_/Q
 _15077_/Q
 _15078_/Q
 _15079_/Q
 _15080_/Q
 _15081_/Q
 _15082_/Q
 _15083_/Q
 _15084_/Q
 _15085_/Q
 _15086_/Q
 _15087_/Q
 _15088_/Q
 _15089_/Q
 _15090_/Q
 _15091_/Q
 _15092_/Q
 _15093_/Q
 _15094_/Q
 _15095_/Q
 _15096_/Q
 _15097_/Q
 _15098_/Q
 _15099_/Q
 _15100_/Q
 _15101_/Q
 _15102_/Q
 _15103_/Q
 _15104_/Q
 _15105_/Q
 _15106_/Q
 _15107_/Q
 _15108_/Q
 _15109_/Q
 _15110_/Q
 _15111_/Q
 _15112_/Q
 _15113_/Q
 _15114_/Q
 _15115_/Q
 _15116_/Q
 _15117_/Q
 _15118_/Q
 _15119_/Q
 _15120_/Q
 _15121_/Q
 _15122_/Q
 _15123_/Q
 _15124_/Q
 _15125_/Q
 _15126_/Q
 _15127_/Q
 _15128_/Q
 _15129_/Q
 _15130_/Q
 _15131_/Q
 _15132_/Q
 _15133_/Q
 _15134_/Q
 _15135_/Q
 _15136_/Q
 _15137_/Q
 _15138_/Q
 _15139_/Q
 _15140_/Q
 _15141_/Q
 _15142_/Q
 _15143_/Q
 _15144_/Q
 _15145_/Q
 _15146_/Q
 _15147_/Q
 _15148_/Q
 _15149_/Q
 _15150_/Q
 _15151_/Q
 _15152_/Q
 _15153_/Q
 _15154_/Q
 _15155_/Q
 _15156_/Q
 _15157_/Q
 _15158_/Q
 _15159_/Q
 _15160_/Q
 _15161_/Q
 _15162_/Q
 _15163_/Q
 _15164_/Q
 _15165_/Q
 _15166_/Q
 _15167_/Q
 _15168_/Q
 _15169_/Q
 _15170_/Q
 _15171_/Q
 _15172_/Q
 _15173_/Q
 _15174_/Q
 _15175_/Q
 _15176_/Q
 _15177_/Q
 _15178_/Q
 _15179_/Q
 _15180_/Q
 _15181_/Q
 _15182_/Q
 _15183_/Q
 _15184_/Q
 _15185_/Q
 _15186_/Q
 _15187_/Q
 _15188_/Q
 _15189_/Q
 _15190_/Q
 _15191_/Q
 _15192_/Q
 _15193_/Q
 _15194_/Q
 _15195_/Q
 _15196_/Q
 _15197_/Q
 _15198_/Q
 _15199_/Q
 _15200_/Q
 _15201_/Q
 _15202_/Q
 _15203_/Q
 _15204_/Q
 _15205_/Q
 _15206_/Q
 _15207_/Q
 _15208_/Q
 _15209_/Q
 _15210_/Q
 _15211_/Q
 _15212_/Q
 _15213_/Q
 _15214_/Q
 _15215_/Q
 _15216_/Q
 _15217_/Q
 _15218_/Q
 _15219_/Q
 _15220_/Q
 _15221_/Q
 _15222_/Q
 _15223_/Q
 _15224_/Q
 _15225_/Q
 _15226_/Q
 _15227_/Q
 _15228_/Q
 _15229_/Q
 _15230_/Q
 _15231_/Q
 _15232_/Q
 _15233_/Q
 _15234_/Q
 _15235_/Q
 _15236_/Q
 _15237_/Q
 _15238_/Q
 _15239_/Q
 _15240_/Q
 _15241_/Q
 _15242_/Q
 _15243_/Q
 _15244_/Q
 _15245_/Q
 _15246_/Q
 _15247_/Q
 _15248_/Q
 _15249_/Q
 _15250_/Q
 _15251_/Q
 _15252_/Q
 _15253_/Q
 _15254_/Q
 _15255_/Q
 _15256_/Q
 _15257_/Q
 _15258_/Q
 _15259_/Q
 _15260_/Q
 _15261_/Q
 _15262_/Q
 _15263_/Q
 _15264_/Q
 _15265_/Q
 _15266_/Q
 _15267_/Q
 _15268_/Q
 _15269_/Q
 _15270_/Q
 _15271_/Q
 _15272_/Q
 _15273_/Q
 _15274_/Q
 _15275_/Q
 _15276_/Q
 _15277_/Q
 _15278_/Q
 _15279_/Q
 _15280_/Q
 _15281_/Q
 _15282_/Q
 _15283_/Q
 _15284_/Q
 _15285_/Q
 _15286_/Q
 _15287_/Q
 _15288_/Q
 _15289_/Q
 _15290_/Q
 _15291_/Q
 _15292_/Q
 _15293_/Q
 _15294_/Q
 _15295_/Q
 _15296_/Q
 _15297_/Q
 _15298_/Q
 _15299_/Q
 _15300_/Q
 _15301_/Q
 _15302_/Q
 _15303_/Q
 _15304_/Q
 _15305_/Q
 _15306_/Q
 _15307_/Q
 _15308_/Q
 _15309_/Q
 _15310_/Q
 _15311_/Q
 _15312_/Q
 _15313_/Q
 _15314_/Q
 _15315_/Q
 _15316_/Q
 _15317_/Q
 _15318_/Q
 _15319_/Q
 _15320_/Q
 _15321_/Q
 _15322_/Q
 _15323_/Q
 _15324_/Q
 _15325_/Q
 _15326_/Q
 _15327_/Q
 _15328_/Q
 _15329_/Q
 _15330_/Q
 _15331_/Q
 _15332_/Q
 _15333_/Q
 _15334_/Q
 _15335_/Q
 _15336_/Q
 _15337_/Q
 _15338_/Q
 _15339_/Q
 _15340_/Q
 _15341_/Q
 _15342_/Q
 _15343_/Q
 _15344_/Q
 _15345_/Q
 _15346_/Q
 _15347_/Q
 _15348_/Q
 _15349_/Q
 _15350_/Q
 _15351_/Q
 _15352_/Q
 _15353_/Q
 _15354_/Q
 _15355_/Q
 _15356_/Q
 _15357_/Q
 _15358_/Q
 _15359_/Q
 _15360_/Q
 _15361_/Q
 _15362_/Q
 _15363_/Q
 _15364_/Q
 _15365_/Q
 _15366_/Q
 _15367_/Q
 _15368_/Q
 _15369_/Q
 _15370_/Q
 _15371_/Q
 _15372_/Q
 _15373_/Q
 _15374_/Q
 _15375_/Q
 _15376_/Q
 _15377_/Q
 _15378_/Q
 _15379_/Q
 _15380_/Q
 _15381_/Q
 _15382_/Q
 _15383_/Q
 _15384_/Q
 _15385_/Q
 _15386_/Q
 _15387_/Q
 _15388_/Q
 _15389_/Q
 _15390_/Q
 _15391_/Q
 _15392_/Q
 _15393_/Q
 _15394_/Q
 _15395_/Q
 _15396_/Q
 _15397_/Q
 _15398_/Q
 _15399_/Q
 _15400_/Q
 _15401_/Q
 _15402_/Q
 _15403_/Q
 _15404_/Q
 _15405_/Q
 _15406_/Q
 _15407_/Q
 _15408_/Q
 _15409_/Q
 _15410_/Q
 _15411_/Q
 _15412_/Q
 _15413_/Q
 _15414_/Q
 _15415_/Q
 _15416_/Q
 _15417_/Q
 _15418_/Q
 _15419_/Q
 _15420_/Q
 _15421_/Q
 _15422_/Q
 _15423_/Q
 _15424_/Q
 _15425_/Q
 _15426_/Q
 _15427_/Q
 _15428_/Q
 _15429_/Q
 _15430_/Q
 _15431_/Q
 _15432_/Q
 _15433_/Q
 _15434_/Q
 _15435_/Q
 _15436_/Q
 _15437_/Q
 _15438_/Q
 _15439_/Q
 _15440_/Q
 _15441_/Q
 _15442_/Q
 _15443_/Q
 _15444_/Q
 _15445_/Q
 _15446_/Q
 _15447_/Q
 _15448_/Q
 _15449_/Q
 _15450_/Q
 _15451_/Q
 _15452_/Q
 _15453_/Q
 _15454_/Q
 _15455_/Q
 _15456_/Q
 _15457_/Q
 _15458_/Q
 _15459_/Q
 _15460_/Q
 _15461_/Q
 _15462_/Q
 _15463_/Q
 _15464_/Q
 _15465_/Q
 _15466_/Q
 _15467_/Q
 _15468_/Q
 _15469_/Q
 _15470_/Q
 _15471_/Q
 _15472_/Q
 _15473_/Q
 _15474_/Q
 _15475_/Q
 _15476_/Q
 _15477_/Q
 _15478_/Q
 _15479_/Q
 _15480_/L_HI
 _15481_/L_HI
 _15482_/L_HI
 _15483_/L_HI
 _15484_/L_HI
 _15485_/L_HI
 _15486_/L_HI
 _15487_/L_HI
 _15488_/L_HI
 _15489_/L_HI
 _15490_/L_HI
 _15491_/L_HI
 _15492_/L_HI
 _15493_/L_HI
 _15494_/L_HI
 _15495_/L_HI
 _15496_/L_HI
 _15497_/L_HI
 _15498_/L_HI
 _15499_/L_HI
 _15500_/L_HI
 _15501_/L_HI
 _15502_/L_HI
 _15503_/L_HI
 _15504_/L_HI
 _15505_/L_HI
 _15506_/L_HI
 _15507_/L_HI
 _15508_/L_HI
 _15509_/L_HI
 _15510_/L_HI
 _15511_/L_HI
 _15512_/L_HI
 _15513_/L_HI
 _15514_/L_HI
 _15515_/L_HI
 _15516_/L_HI
 _15517_/L_HI
 _15518_/L_HI
 _15519_/L_HI
 _15520_/L_HI
 _15521_/L_HI
 _15522_/L_HI
 _15523_/L_HI
 _15524_/L_HI
 _15525_/L_HI
 _15526_/L_HI
 _15527_/L_HI
 _15528_/L_HI
 _15529_/L_HI
 _15530_/L_HI
 _15531_/L_HI
 _15532_/L_HI
 _15533_/L_HI
 _15534_/L_HI
 _15535_/L_HI
 _15536_/L_HI
 _15537_/L_HI
 _15538_/L_HI
 _15539_/L_HI
 _15540_/L_HI
 _15541_/L_HI
 _15542_/L_HI
 _15543_/L_HI
 _15544_/L_HI
 _15545_/L_HI
 _15546_/L_HI
 _15547_/L_HI
 _15548_/L_HI
 _15549_/L_HI
 _15550_/L_HI
 _15551_/L_HI
 _15552_/L_HI
 _15553_/L_HI
 _15554_/L_HI
 _15555_/L_HI
 _15556_/L_HI
 _15557_/L_HI
 _15558_/L_HI
 _15559_/L_HI
 _15560_/L_HI
 _15561_/L_HI
 _15562_/L_HI
 _15563_/L_HI
 _15564_/L_HI
 _15565_/L_HI
 _15566_/L_HI
 _15567_/L_HI
 _15568_/L_HI
 _15569_/L_HI
 _15570_/L_HI
 _15571_/L_HI
 _15572_/L_HI
 _15573_/L_HI
 _15574_/L_HI
 _15575_/L_HI
 _15576_/L_HI
 _15577_/L_HI
 _15578_/L_HI
 _15579_/L_HI
 _15580_/L_HI
 _15581_/L_HI
 _15582_/L_HI
 _15583_/L_HI
 _15584_/L_HI
 _15585_/L_HI
 _15586_/L_HI
 _15587_/L_HI
 _15588_/L_HI
 _15589_/L_HI
 _15590_/L_HI
 _15591_/L_HI
 _15592_/L_HI
 _15593_/L_HI
 _15594_/L_HI
 _15595_/L_HI
 _15596_/L_HI
 _15597_/L_HI
 _15598_/L_HI
 _15599_/L_HI
 _15600_/L_HI
 _15601_/L_HI
 _15602_/L_HI
 _15603_/L_HI
 _15604_/L_HI
 _15605_/L_HI
 _15606_/L_HI
 _15607_/L_HI
 _15608_/L_HI
 _15609_/L_HI
 _15610_/L_HI
 _15611_/L_HI
 _15612_/L_HI
 _15613_/L_HI
 _15614_/L_HI
 _15615_/L_HI
 _15616_/L_HI
 _15617_/L_HI
 _15618_/L_HI
 _15619_/L_HI
 _15620_/L_HI
 _15621_/L_HI
 _15622_/L_HI
 _15623_/L_HI
 _15624_/L_HI
 _15625_/L_HI
 _15626_/L_HI
 _15627_/L_HI
 _15628_/L_HI
 _15629_/L_HI
 _15630_/L_HI
 _15631_/L_HI
 _15632_/L_HI
 _15633_/L_HI
 _15634_/L_HI
 _15635_/L_HI
 _15636_/L_HI
 _15637_/L_HI
 _15638_/L_HI
 _15639_/L_HI
 _15640_/L_HI
 _15641_/L_HI
 _15642_/L_HI
 _15643_/L_HI
 _15644_/L_HI
 _15645_/L_HI
 _15646_/L_HI
 _15647_/L_HI
 _15648_/L_HI
 _15649_/L_HI
 _15650_/L_HI
 _15651_/L_HI
 _15652_/L_HI
 _15653_/L_HI
 _15654_/L_HI
 _15655_/L_HI
 _15656_/L_HI
 _15657_/L_HI
 _15658_/L_HI
 _15659_/L_HI
 _15660_/L_HI
 _15661_/L_HI
 _15662_/L_HI
 _15663_/L_HI
 _15664_/L_HI
 _15665_/L_HI
 _15666_/L_HI
 _15667_/L_HI
 _15668_/L_HI
 _15669_/L_HI
 _15670_/L_HI
 _15671_/L_HI
 _15672_/L_HI
 _15673_/L_HI
 _15674_/L_HI
 _15675_/L_HI
 _15676_/L_HI
 _15677_/L_HI
 _15678_/L_HI
 _15679_/L_HI
 _15680_/L_HI
 _15681_/L_HI
 _15682_/L_HI
 _15683_/L_HI
 _15684_/L_HI
 _15685_/L_HI
 _15686_/L_HI
 _15687_/L_HI
 _15688_/L_HI
 _15689_/L_HI
 _15690_/L_HI
 _15691_/L_HI
 _15692_/L_HI
 _15693_/L_HI
 _15694_/L_HI
 _15695_/L_HI
 _15696_/L_HI
 _15697_/L_HI
 _15698_/L_HI
 _15699_/L_HI
 _15700_/L_HI
 _15701_/L_HI
 _15702_/L_HI
 _15703_/L_HI
 _15704_/L_HI
 _15705_/L_HI
 _15706_/L_HI
 _15707_/L_HI
 _15708_/L_HI
 _15709_/L_HI
 _15710_/L_HI
 _15711_/L_HI
 _15712_/L_HI
 _15713_/L_HI
 _15714_/L_HI
 _15715_/L_HI
 _15716_/L_HI
 _15717_/L_HI
 _15718_/L_HI
 _15719_/L_HI
 _15720_/L_HI
 _15721_/L_HI
 _15722_/L_HI
 _15723_/L_HI
 _15724_/L_HI
 _15725_/L_HI
 _15726_/L_HI
 _15727_/L_HI
 _15728_/L_HI
 _15729_/L_HI
 _15730_/L_HI
 _15731_/L_HI
 _15732_/L_HI
 _15733_/L_HI
 _15734_/L_HI
 _15735_/L_HI
 _15736_/L_HI
 _15737_/L_HI
 _15738_/L_HI
 _15739_/L_HI
 _15740_/L_HI
 _15741_/L_HI
 _15742_/L_HI
 _15743_/L_HI
 _15744_/L_HI
 _15745_/L_HI
 _15746_/L_HI
 _15747_/L_HI
 _15748_/L_HI
 _15749_/L_HI
 _15750_/L_HI
 _15751_/L_HI
 _15752_/L_HI
 _15753_/L_HI
 _15754_/L_HI
 _15755_/L_HI
 _15756_/L_HI
 _15757_/L_HI
 _15758_/L_HI
 _15759_/L_HI
 _15760_/L_HI
 _15761_/L_HI
 _15762_/L_HI
 _15763_/L_HI
 _15764_/L_HI
 _15765_/L_HI
 _15766_/L_HI
 _15767_/L_HI
 _15768_/L_HI
 _15769_/L_HI
 _15770_/L_HI
 _15771_/L_HI
 _15772_/L_HI
 _15773_/L_HI
 _15774_/L_HI
 _15775_/L_HI
 _15776_/L_HI
 _15777_/L_HI
 _15778_/L_HI
 _15779_/L_HI
 _15780_/L_HI
 _15781_/L_HI
 _15782_/L_HI
 _15783_/L_HI
 _15784_/L_HI
 _15785_/L_HI
 _15786_/L_HI
 _15787_/L_HI
 _15788_/L_HI
 _15789_/L_HI
 _15790_/L_HI
 _15791_/L_HI
 _15792_/L_HI
 _15793_/L_HI
 _15794_/L_HI
 _15795_/L_HI
 _15796_/L_HI
 _15797_/L_HI
 _15798_/L_HI
 _15799_/L_HI
 _15800_/L_HI
 _15801_/L_HI
 _15802_/L_HI
 _15803_/L_HI
 _15804_/L_HI
 _15805_/L_HI
 _15806_/L_HI
 _15807_/L_HI
 _15808_/L_HI
 _15809_/L_HI
 _15810_/L_HI
 _15811_/L_HI
 _15812_/L_HI
 _15813_/L_HI
 _15814_/L_HI
 _15815_/L_HI
 _15816_/L_HI
 _15817_/L_HI
 _15818_/L_HI
 _15819_/L_HI
 _15820_/L_HI
 _15821_/L_HI
 _15822_/L_HI
 _15823_/L_HI
 _15824_/L_HI
 _15825_/L_HI
 _15826_/L_HI
 _15827_/L_HI
 _15828_/L_HI
 _15829_/L_HI
 _15830_/L_HI
 _15831_/L_HI
 _15832_/L_HI
 _15833_/L_HI
 _15834_/L_HI
 _15835_/L_HI
 _15836_/L_HI
 _15837_/L_HI
 _15838_/L_HI
 _15839_/L_HI
 _15840_/L_HI
 _15841_/L_HI
 _15842_/L_HI
 _15843_/L_HI
 _15844_/L_HI
 _15845_/L_HI
 _15846_/L_HI
 _15847_/L_HI
 _15848_/L_HI
 _15849_/L_HI
 _15850_/L_HI
 _15851_/L_HI
 _15852_/L_HI
 _15853_/L_HI
 _15854_/L_HI
 _15855_/L_HI
 _15856_/L_HI
 _15857_/L_HI
 _15858_/L_HI
 _15859_/L_HI
 _15860_/L_HI
 _15861_/L_HI
 _15862_/L_HI
 _15863_/L_HI
 _15864_/L_HI
 _15865_/L_HI
 _15866_/L_HI
 _15867_/L_HI
 _15868_/L_HI
 _15869_/L_HI
 _15870_/L_HI
 _15871_/L_HI
 _15872_/L_HI
 _15873_/L_HI
 _15874_/L_HI
 _15875_/L_HI
 _15876_/L_HI
 _15877_/L_HI
 _15878_/L_HI
 _15879_/L_HI
 _15880_/L_HI
 _15881_/L_HI
 _15882_/L_HI
 _15883_/L_HI
 _15884_/L_HI
 _15885_/L_HI
 _15886_/L_HI
 _15887_/L_HI
 _15888_/L_HI
 _15889_/L_HI
 _15890_/L_HI
 _15891_/L_HI
 _15892_/L_HI
 _15893_/L_HI
 _15894_/L_HI
 _15895_/L_HI
 _15896_/L_HI
 _15897_/L_HI
 _15898_/L_HI
 _15899_/L_HI
 _15900_/L_HI
 _15901_/L_HI
 _15902_/L_HI
 _15903_/L_HI
 _15904_/L_HI
 _15905_/L_HI
 _15906_/L_HI
 _15907_/L_HI
 _15908_/L_HI
 _15909_/L_HI
 _15910_/L_HI
 _15911_/L_HI
 _15912_/L_HI
 _15913_/L_HI
 _15914_/L_HI
 _15915_/L_HI
 _15916_/L_HI
 _15917_/L_HI
 _15918_/L_HI
 _15919_/L_HI
 _15920_/L_HI
 _15921_/L_HI
 _15922_/L_HI
 _15923_/L_HI
 _15924_/L_HI
 _15925_/L_HI
 _15926_/L_HI
 _15927_/L_HI
 _15928_/L_HI
 _15929_/L_HI
 _15930_/L_HI
 _15931_/L_HI
 _15932_/L_HI
 _15933_/L_HI
 _15934_/L_HI
 _15935_/L_HI
 _15936_/L_HI
 _15937_/L_HI
 _15938_/L_HI
 _15939_/L_HI
 _15940_/L_HI
 _15941_/L_HI
 _15942_/L_HI
 _15943_/L_HI
 _15944_/L_HI
 _15945_/L_HI
 _15946_/L_HI
 _15947_/L_HI
 _15948_/L_HI
 _15949_/L_HI
 _15950_/L_HI
 _15951_/L_HI
 _15952_/L_HI
 _15953_/L_HI
 _15954_/L_HI
 _15955_/L_HI
 _15956_/L_HI
 _15957_/L_HI
 _15958_/L_HI
 _15959_/L_HI
 _15960_/L_HI
 _15961_/L_HI
 _15962_/L_HI
 _15963_/L_HI
 _15964_/L_HI
 _15965_/L_HI
 _15966_/L_HI
 _15967_/L_HI
 _15968_/L_HI
 _15969_/L_HI
 _15970_/L_HI
 _15971_/L_HI
 _15972_/L_HI
 _15973_/L_HI
 _15974_/L_HI
 _15975_/L_HI
 _15976_/L_HI
 _15977_/L_HI
 _15978_/L_HI
 _15979_/L_HI
 _15980_/L_HI
 _15981_/L_HI
 _15982_/L_HI
 _15983_/L_HI
 _15984_/L_HI
 _15985_/L_HI
 _15986_/L_HI
 _15987_/L_HI
 _15988_/L_HI
 _15989_/L_HI
 _15990_/L_HI
 _15991_/L_HI
 _15992_/L_HI
 _15993_/L_HI
 _15994_/L_HI
 _15995_/L_HI
 _15996_/L_HI
 _15997_/L_HI
 _15998_/L_HI
 _15999_/L_HI
 _16000_/L_HI
 _16001_/L_HI
 _16002_/L_HI
 _16003_/L_HI
 _16004_/L_HI
 _16005_/L_HI
 _16006_/L_HI
 _16007_/L_HI
 _16008_/L_HI
 _16009_/L_HI
 _16010_/L_HI
 _16011_/L_HI
 _16012_/L_HI
 _16013_/L_HI
 _16014_/L_HI
 _16015_/L_HI
 _16016_/L_HI
 _16017_/L_HI
 _16018_/L_HI
 _16019_/L_HI
 _16020_/L_HI
 _16021_/L_HI
 _16022_/L_HI
 _16023_/L_HI
 _16024_/L_HI
 _16025_/L_HI
 _16026_/L_HI
 _16027_/L_HI
 _16028_/L_HI
 _16029_/L_HI
 _16030_/L_HI
 _16031_/L_HI
 _16032_/L_HI
 _16033_/L_HI
 _16034_/L_HI
 _16035_/L_HI
 _16036_/L_HI
 _16037_/L_HI
 _16038_/L_HI
 _16039_/L_HI
 _16040_/L_HI
 _16041_/L_HI
 _16042_/L_HI
 _16043_/L_HI
 _16044_/L_HI
 _16045_/L_HI
 _16046_/L_HI
 _16047_/L_HI
 _16048_/L_HI
 _16049_/L_HI
 _16050_/L_HI
 _16051_/L_HI
 _16052_/L_HI
 _16053_/L_HI
 _16054_/L_HI
 _16055_/L_HI
 _16056_/L_HI
 _16057_/L_HI
 _16058_/L_HI
 _16059_/L_HI
 _16060_/L_HI
 _16061_/L_HI
 _16062_/L_HI
 _16063_/L_HI
 _16064_/L_HI
 _16065_/L_HI
 _16066_/L_HI
 _16067_/L_HI
 _16068_/L_HI
 _16069_/L_HI
 _16070_/L_HI
 _16071_/L_HI
 _16072_/L_HI
 _16073_/L_HI
 _16074_/L_HI
 _16075_/L_HI
 _16076_/L_HI
 _16077_/L_HI
 _16078_/L_HI
 _16079_/L_HI
 _16080_/L_HI
 _16081_/L_HI
 _16082_/L_HI
 _16083_/L_HI
 _16084_/L_HI
 _16085_/L_HI
 _16086_/L_HI
 _16087_/L_HI
 _16088_/L_HI
 _16089_/L_HI
 _16090_/L_HI
 _16091_/L_HI
 _16092_/L_HI
 _16093_/L_HI
 _16094_/L_HI
 _16095_/L_HI
 _16096_/L_HI
 _16097_/L_HI
 _16098_/L_HI
 _16099_/L_HI
 _16100_/L_HI
 _16101_/L_HI
 _16102_/L_HI
 _16103_/L_HI
 _16104_/L_HI
 _16105_/L_HI
 _16106_/L_HI
 _16107_/L_HI
 _16108_/L_HI
 _16109_/L_HI
 _16110_/L_HI
 _16111_/L_HI
 _16112_/L_HI
 _16113_/L_HI
 _16114_/L_HI
 _16115_/L_HI
 _16116_/L_HI
 _16117_/L_HI
 _16118_/L_HI
 _16119_/L_HI
 _16120_/L_HI
 _16121_/L_HI
 _16122_/L_HI
 _16123_/L_HI
 _16124_/L_HI
 _16125_/L_HI
 _16126_/L_HI
 _16127_/L_HI
 _16128_/L_HI
 _16129_/L_HI
 _16130_/L_HI
 _16131_/L_HI
 _16132_/L_HI
 _16133_/L_HI
 _16134_/L_HI
 _16135_/L_HI
 _16136_/L_HI
 _16137_/L_HI
 _16138_/L_HI
 _16139_/L_HI
 _16140_/L_HI
 _16141_/L_HI
 _16142_/L_HI
 _16143_/L_HI
 _16144_/L_HI
 _16145_/L_HI
 _16146_/L_HI
 _16147_/L_HI
 _16148_/L_HI
 _16149_/L_HI
 _16150_/L_HI
 _16151_/L_HI
 _16152_/L_HI
 _16153_/L_HI
 _16154_/L_HI
 _16155_/L_HI
 _16156_/L_HI
 _16157_/L_HI
 _16158_/L_HI
 _16159_/L_HI
 _16160_/L_HI
 _16161_/L_HI
 _16162_/L_HI
 _16163_/L_HI
 _16164_/L_HI
 _16165_/L_HI
 _16166_/L_HI
 _16167_/L_HI
 _16168_/L_HI
 _16169_/L_HI
 _16170_/L_HI
 _16171_/L_HI
 _16172_/L_HI
 _16173_/L_HI
 _16174_/L_HI
 _16175_/L_HI
 _16176_/L_HI
 _16177_/L_HI
 _16178_/L_HI
 _16179_/L_HI
 _16180_/L_HI
 _16181_/L_HI
 _16182_/L_HI
 _16183_/L_HI
 _16184_/L_HI
 _16185_/L_HI
 _16186_/L_HI
 _16187_/L_HI
 _16188_/L_HI
 _16189_/L_HI
 _16190_/L_HI
 _16191_/L_HI
 _16192_/L_HI
 _16193_/L_HI
 _16194_/L_HI
 _16195_/L_HI
 _16196_/L_HI
 _16197_/L_HI
 _16198_/L_HI
 _16199_/L_HI
 _16200_/L_HI
 _16201_/L_HI
 _16202_/L_HI
 _16203_/L_HI
 _16204_/L_HI
 _16205_/L_HI
 _16206_/L_HI
 _16207_/L_HI
 _16208_/L_HI
 _16209_/L_HI
 _16210_/L_HI
 _16211_/L_HI
 _16212_/L_HI
 _16213_/L_HI
 _16214_/L_HI
 _16215_/L_HI
 _16216_/L_HI
 _16217_/L_HI
 _16218_/L_HI
 _16219_/L_HI
 _16220_/L_HI
 _16221_/L_HI
 _16222_/L_HI
 _16223_/L_HI
 _16224_/L_HI
 _16225_/L_HI
 _16226_/L_HI
 _16227_/L_HI
 _16228_/L_HI
 _16229_/L_HI
 _16230_/L_HI
 _16231_/L_HI
 _16232_/L_HI
 _16233_/L_HI
 _16234_/L_HI
 _16235_/L_HI
 _16236_/L_HI
 _16237_/L_HI
 _16238_/L_HI
 _16239_/L_HI
 _16240_/L_HI
 _16241_/L_HI
 _16242_/L_HI
 _16243_/L_HI
 _16244_/L_HI
 _16245_/L_HI
 _16246_/L_HI
 _16247_/L_HI
 _16248_/L_HI
 _16249_/L_HI
 _16250_/L_HI
 _16251_/L_HI
 _16252_/L_HI
 _16253_/L_HI
 _16254_/L_HI
 _16255_/L_HI
 _16256_/L_HI
 _16257_/L_HI
 _16258_/L_HI
 _16259_/L_HI
 _16260_/L_HI
 _16261_/L_HI
 _16262_/L_LO
 _16263_/L_LO
 _16264_/L_LO
 _16265_/L_LO
 _16266_/L_LO
 _16267_/L_LO
 _16268_/L_LO
 _16269_/L_LO
 _16270_/L_LO
 _16271_/L_LO
 _16272_/L_LO
 _16273_/L_LO
 _16274_/L_LO
 _16275_/L_LO
 _16276_/X
 _16277_/X
 _16278_/X
 _16279_/Z
Found 0 partially unannotated drivers.

===========================================================================
max slew violation count 2853
%OL_METRIC_I design__max_slew_violation__count__corner:nom_slow_1p08V_125C 2853
max fanout violation count 183
%OL_METRIC_I design__max_fanout_violation__count__corner:nom_slow_1p08V_125C 183
max cap violation count 7
%OL_METRIC_I design__max_cap_violation__count__corner:nom_slow_1p08V_125C 7
============================================================================

===========================================================================
check_setup -verbose -unconstrained_endpoints -multiple_clock -no_clock -no_input_delay -loops -generated_clocks
===========================================================================
Warning: There are 1051 unclocked register/latch pins.
  _14429_/CLK
  _14430_/CLK
  _14431_/CLK
  _14432_/CLK
  _14433_/CLK
  _14434_/CLK
  _14435_/CLK
  _14436_/CLK
  _14437_/CLK
  _14438_/CLK
  _14439_/CLK
  _14440_/CLK
  _14441_/CLK
  _14442_/CLK
  _14443_/CLK
  _14444_/CLK
  _14445_/CLK
  _14446_/CLK
  _14447_/CLK
  _14448_/CLK
  _14449_/CLK
  _14450_/CLK
  _14451_/CLK
  _14452_/CLK
  _14453_/CLK
  _14454_/CLK
  _14455_/CLK
  _14456_/CLK
  _14457_/CLK
  _14458_/CLK
  _14459_/CLK
  _14460_/CLK
  _14461_/CLK
  _14462_/CLK
  _14463_/CLK
  _14464_/CLK
  _14465_/CLK
  _14466_/CLK
  _14467_/CLK
  _14468_/CLK
  _14469_/CLK
  _14470_/CLK
  _14471_/CLK
  _14472_/CLK
  _14473_/CLK
  _14474_/CLK
  _14475_/CLK
  _14476_/CLK
  _14477_/CLK
  _14478_/CLK
  _14479_/CLK
  _14480_/CLK
  _14481_/CLK
  _14482_/CLK
  _14483_/CLK
  _14484_/CLK
  _14485_/CLK
  _14486_/CLK
  _14487_/CLK
  _14488_/CLK
  _14489_/CLK
  _14490_/CLK
  _14491_/CLK
  _14492_/CLK
  _14493_/CLK
  _14494_/CLK
  _14495_/CLK
  _14496_/CLK
  _14497_/CLK
  _14498_/CLK
  _14499_/CLK
  _14500_/CLK
  _14501_/CLK
  _14502_/CLK
  _14503_/CLK
  _14504_/CLK
  _14505_/CLK
  _14506_/CLK
  _14507_/CLK
  _14508_/CLK
  _14509_/CLK
  _14510_/CLK
  _14511_/CLK
  _14512_/CLK
  _14513_/CLK
  _14514_/CLK
  _14515_/CLK
  _14516_/CLK
  _14517_/CLK
  _14518_/CLK
  _14519_/CLK
  _14520_/CLK
  _14521_/CLK
  _14522_/CLK
  _14523_/CLK
  _14524_/CLK
  _14525_/CLK
  _14526_/CLK
  _14527_/CLK
  _14528_/CLK
  _14529_/CLK
  _14530_/CLK
  _14531_/CLK
  _14532_/CLK
  _14533_/CLK
  _14534_/CLK
  _14535_/CLK
  _14536_/CLK
  _14537_/CLK
  _14538_/CLK
  _14539_/CLK
  _14540_/CLK
  _14541_/CLK
  _14542_/CLK
  _14543_/CLK
  _14544_/CLK
  _14545_/CLK
  _14546_/CLK
  _14547_/CLK
  _14548_/CLK
  _14549_/CLK
  _14550_/CLK
  _14551_/CLK
  _14552_/CLK
  _14553_/CLK
  _14554_/CLK
  _14555_/CLK
  _14556_/CLK
  _14557_/CLK
  _14558_/CLK
  _14559_/CLK
  _14560_/CLK
  _14561_/CLK
  _14562_/CLK
  _14563_/CLK
  _14564_/CLK
  _14565_/CLK
  _14566_/CLK
  _14567_/CLK
  _14568_/CLK
  _14569_/CLK
  _14570_/CLK
  _14571_/CLK
  _14572_/CLK
  _14573_/CLK
  _14574_/CLK
  _14575_/CLK
  _14576_/CLK
  _14577_/CLK
  _14578_/CLK
  _14579_/CLK
  _14580_/CLK
  _14581_/CLK
  _14582_/CLK
  _14583_/CLK
  _14584_/CLK
  _14585_/CLK
  _14586_/CLK
  _14587_/CLK
  _14588_/CLK
  _14589_/CLK
  _14590_/CLK
  _14591_/CLK
  _14592_/CLK
  _14593_/CLK
  _14594_/CLK
  _14595_/CLK
  _14596_/CLK
  _14597_/CLK
  _14598_/CLK
  _14599_/CLK
  _14600_/CLK
  _14601_/CLK
  _14602_/CLK
  _14603_/CLK
  _14604_/CLK
  _14605_/CLK
  _14606_/CLK
  _14607_/CLK
  _14608_/CLK
  _14609_/CLK
  _14610_/CLK
  _14611_/CLK
  _14612_/CLK
  _14613_/CLK
  _14614_/CLK
  _14615_/CLK
  _14616_/CLK
  _14617_/CLK
  _14618_/CLK
  _14619_/CLK
  _14620_/CLK
  _14621_/CLK
  _14622_/CLK
  _14623_/CLK
  _14624_/CLK
  _14625_/CLK
  _14626_/CLK
  _14627_/CLK
  _14628_/CLK
  _14629_/CLK
  _14630_/CLK
  _14631_/CLK
  _14632_/CLK
  _14633_/CLK
  _14634_/CLK
  _14635_/CLK
  _14636_/CLK
  _14637_/CLK
  _14638_/CLK
  _14639_/CLK
  _14640_/CLK
  _14641_/CLK
  _14642_/CLK
  _14643_/CLK
  _14644_/CLK
  _14645_/CLK
  _14646_/CLK
  _14647_/CLK
  _14648_/CLK
  _14649_/CLK
  _14650_/CLK
  _14651_/CLK
  _14652_/CLK
  _14653_/CLK
  _14654_/CLK
  _14655_/CLK
  _14656_/CLK
  _14657_/CLK
  _14658_/CLK
  _14659_/CLK
  _14660_/CLK
  _14661_/CLK
  _14662_/CLK
  _14663_/CLK
  _14664_/CLK
  _14665_/CLK
  _14666_/CLK
  _14667_/CLK
  _14668_/CLK
  _14669_/CLK
  _14670_/CLK
  _14671_/CLK
  _14672_/CLK
  _14673_/CLK
  _14674_/CLK
  _14675_/CLK
  _14676_/CLK
  _14677_/CLK
  _14678_/CLK
  _14679_/CLK
  _14680_/CLK
  _14681_/CLK
  _14682_/CLK
  _14683_/CLK
  _14684_/CLK
  _14685_/CLK
  _14686_/CLK
  _14687_/CLK
  _14688_/CLK
  _14689_/CLK
  _14690_/CLK
  _14691_/CLK
  _14692_/CLK
  _14693_/CLK
  _14694_/CLK
  _14695_/CLK
  _14696_/CLK
  _14697_/CLK
  _14698_/CLK
  _14699_/CLK
  _14700_/CLK
  _14701_/CLK
  _14702_/CLK
  _14703_/CLK
  _14704_/CLK
  _14705_/CLK
  _14706_/CLK
  _14707_/CLK
  _14708_/CLK
  _14709_/CLK
  _14710_/CLK
  _14711_/CLK
  _14712_/CLK
  _14713_/CLK
  _14714_/CLK
  _14715_/CLK
  _14716_/CLK
  _14717_/CLK
  _14718_/CLK
  _14719_/CLK
  _14720_/CLK
  _14721_/CLK
  _14722_/CLK
  _14723_/CLK
  _14724_/CLK
  _14725_/CLK
  _14726_/CLK
  _14727_/CLK
  _14728_/CLK
  _14729_/CLK
  _14730_/CLK
  _14731_/CLK
  _14732_/CLK
  _14733_/CLK
  _14734_/CLK
  _14735_/CLK
  _14736_/CLK
  _14737_/CLK
  _14738_/CLK
  _14739_/CLK
  _14740_/CLK
  _14741_/CLK
  _14742_/CLK
  _14743_/CLK
  _14744_/CLK
  _14745_/CLK
  _14746_/CLK
  _14747_/CLK
  _14748_/CLK
  _14749_/CLK
  _14750_/CLK
  _14751_/CLK
  _14752_/CLK
  _14753_/CLK
  _14754_/CLK
  _14755_/CLK
  _14756_/CLK
  _14757_/CLK
  _14758_/CLK
  _14759_/CLK
  _14760_/CLK
  _14761_/CLK
  _14762_/CLK
  _14763_/CLK
  _14764_/CLK
  _14765_/CLK
  _14766_/CLK
  _14767_/CLK
  _14768_/CLK
  _14769_/CLK
  _14770_/CLK
  _14771_/CLK
  _14772_/CLK
  _14773_/CLK
  _14774_/CLK
  _14775_/CLK
  _14776_/CLK
  _14777_/CLK
  _14778_/CLK
  _14779_/CLK
  _14780_/CLK
  _14781_/CLK
  _14782_/CLK
  _14783_/CLK
  _14784_/CLK
  _14785_/CLK
  _14786_/CLK
  _14787_/CLK
  _14788_/CLK
  _14789_/CLK
  _14790_/CLK
  _14791_/CLK
  _14792_/CLK
  _14793_/CLK
  _14794_/CLK
  _14795_/CLK
  _14796_/CLK
  _14797_/CLK
  _14798_/CLK
  _14799_/CLK
  _14800_/CLK
  _14801_/CLK
  _14802_/CLK
  _14803_/CLK
  _14804_/CLK
  _14805_/CLK
  _14806_/CLK
  _14807_/CLK
  _14808_/CLK
  _14809_/CLK
  _14810_/CLK
  _14811_/CLK
  _14812_/CLK
  _14813_/CLK
  _14814_/CLK
  _14815_/CLK
  _14816_/CLK
  _14817_/CLK
  _14818_/CLK
  _14819_/CLK
  _14820_/CLK
  _14821_/CLK
  _14822_/CLK
  _14823_/CLK
  _14824_/CLK
  _14825_/CLK
  _14826_/CLK
  _14827_/CLK
  _14828_/CLK
  _14829_/CLK
  _14830_/CLK
  _14831_/CLK
  _14832_/CLK
  _14833_/CLK
  _14834_/CLK
  _14835_/CLK
  _14836_/CLK
  _14837_/CLK
  _14838_/CLK
  _14839_/CLK
  _14840_/CLK
  _14841_/CLK
  _14842_/CLK
  _14843_/CLK
  _14844_/CLK
  _14845_/CLK
  _14846_/CLK
  _14847_/CLK
  _14848_/CLK
  _14849_/CLK
  _14850_/CLK
  _14851_/CLK
  _14852_/CLK
  _14853_/CLK
  _14854_/CLK
  _14855_/CLK
  _14856_/CLK
  _14857_/CLK
  _14858_/CLK
  _14859_/CLK
  _14860_/CLK
  _14861_/CLK
  _14862_/CLK
  _14863_/CLK
  _14864_/CLK
  _14865_/CLK
  _14866_/CLK
  _14867_/CLK
  _14868_/CLK
  _14869_/CLK
  _14870_/CLK
  _14871_/CLK
  _14872_/CLK
  _14873_/CLK
  _14874_/CLK
  _14875_/CLK
  _14876_/CLK
  _14877_/CLK
  _14878_/CLK
  _14879_/CLK
  _14880_/CLK
  _14881_/CLK
  _14882_/CLK
  _14883_/CLK
  _14884_/CLK
  _14885_/CLK
  _14886_/CLK
  _14887_/CLK
  _14888_/CLK
  _14889_/CLK
  _14890_/CLK
  _14891_/CLK
  _14892_/CLK
  _14893_/CLK
  _14894_/CLK
  _14895_/CLK
  _14896_/CLK
  _14897_/CLK
  _14898_/CLK
  _14899_/CLK
  _14900_/CLK
  _14901_/CLK
  _14902_/CLK
  _14903_/CLK
  _14904_/CLK
  _14905_/CLK
  _14906_/CLK
  _14907_/CLK
  _14908_/CLK
  _14909_/CLK
  _14910_/CLK
  _14911_/CLK
  _14912_/CLK
  _14913_/CLK
  _14914_/CLK
  _14915_/CLK
  _14916_/CLK
  _14917_/CLK
  _14918_/CLK
  _14919_/CLK
  _14920_/CLK
  _14921_/CLK
  _14922_/CLK
  _14923_/CLK
  _14924_/CLK
  _14925_/CLK
  _14926_/CLK
  _14927_/CLK
  _14928_/CLK
  _14929_/CLK
  _14930_/CLK
  _14931_/CLK
  _14932_/CLK
  _14933_/CLK
  _14934_/CLK
  _14935_/CLK
  _14936_/CLK
  _14937_/CLK
  _14938_/CLK
  _14939_/CLK
  _14940_/CLK
  _14941_/CLK
  _14942_/CLK
  _14943_/CLK
  _14944_/CLK
  _14945_/CLK
  _14946_/CLK
  _14947_/CLK
  _14948_/CLK
  _14949_/CLK
  _14950_/CLK
  _14951_/CLK
  _14952_/CLK
  _14953_/CLK
  _14954_/CLK
  _14955_/CLK
  _14956_/CLK
  _14957_/CLK
  _14958_/CLK
  _14959_/CLK
  _14960_/CLK
  _14961_/CLK
  _14962_/CLK
  _14963_/CLK
  _14964_/CLK
  _14965_/CLK
  _14966_/CLK
  _14967_/CLK
  _14968_/CLK
  _14969_/CLK
  _14970_/CLK
  _14971_/CLK
  _14972_/CLK
  _14973_/CLK
  _14974_/CLK
  _14975_/CLK
  _14976_/CLK
  _14977_/CLK
  _14978_/CLK
  _14979_/CLK
  _14980_/CLK
  _14981_/CLK
  _14982_/CLK
  _14983_/CLK
  _14984_/CLK
  _14985_/CLK
  _14986_/CLK
  _14987_/CLK
  _14988_/CLK
  _14989_/CLK
  _14990_/CLK
  _14991_/CLK
  _14992_/CLK
  _14993_/CLK
  _14994_/CLK
  _14995_/CLK
  _14996_/CLK
  _14997_/CLK
  _14998_/CLK
  _14999_/CLK
  _15000_/CLK
  _15001_/CLK
  _15002_/CLK
  _15003_/CLK
  _15004_/CLK
  _15005_/CLK
  _15006_/CLK
  _15007_/CLK
  _15008_/CLK
  _15009_/CLK
  _15010_/CLK
  _15011_/CLK
  _15012_/CLK
  _15013_/CLK
  _15014_/CLK
  _15015_/CLK
  _15016_/CLK
  _15017_/CLK
  _15018_/CLK
  _15019_/CLK
  _15020_/CLK
  _15021_/CLK
  _15022_/CLK
  _15023_/CLK
  _15024_/CLK
  _15025_/CLK
  _15026_/CLK
  _15027_/CLK
  _15028_/CLK
  _15029_/CLK
  _15030_/CLK
  _15031_/CLK
  _15032_/CLK
  _15033_/CLK
  _15034_/CLK
  _15035_/CLK
  _15036_/CLK
  _15037_/CLK
  _15038_/CLK
  _15039_/CLK
  _15040_/CLK
  _15041_/CLK
  _15042_/CLK
  _15043_/CLK
  _15044_/CLK
  _15045_/CLK
  _15046_/CLK
  _15047_/CLK
  _15048_/CLK
  _15049_/CLK
  _15050_/CLK
  _15051_/CLK
  _15052_/CLK
  _15053_/CLK
  _15054_/CLK
  _15055_/CLK
  _15056_/CLK
  _15057_/CLK
  _15058_/CLK
  _15059_/CLK
  _15060_/CLK
  _15061_/CLK
  _15062_/CLK
  _15063_/CLK
  _15064_/CLK
  _15065_/CLK
  _15066_/CLK
  _15067_/CLK
  _15068_/CLK
  _15069_/CLK
  _15070_/CLK
  _15071_/CLK
  _15072_/CLK
  _15073_/CLK
  _15074_/CLK
  _15075_/CLK
  _15076_/CLK
  _15077_/CLK
  _15078_/CLK
  _15079_/CLK
  _15080_/CLK
  _15081_/CLK
  _15082_/CLK
  _15083_/CLK
  _15084_/CLK
  _15085_/CLK
  _15086_/CLK
  _15087_/CLK
  _15088_/CLK
  _15089_/CLK
  _15090_/CLK
  _15091_/CLK
  _15092_/CLK
  _15093_/CLK
  _15094_/CLK
  _15095_/CLK
  _15096_/CLK
  _15097_/CLK
  _15098_/CLK
  _15099_/CLK
  _15100_/CLK
  _15101_/CLK
  _15102_/CLK
  _15103_/CLK
  _15104_/CLK
  _15105_/CLK
  _15106_/CLK
  _15107_/CLK
  _15108_/CLK
  _15109_/CLK
  _15110_/CLK
  _15111_/CLK
  _15112_/CLK
  _15113_/CLK
  _15114_/CLK
  _15115_/CLK
  _15116_/CLK
  _15117_/CLK
  _15118_/CLK
  _15119_/CLK
  _15120_/CLK
  _15121_/CLK
  _15122_/CLK
  _15123_/CLK
  _15124_/CLK
  _15125_/CLK
  _15126_/CLK
  _15127_/CLK
  _15128_/CLK
  _15129_/CLK
  _15130_/CLK
  _15131_/CLK
  _15132_/CLK
  _15133_/CLK
  _15134_/CLK
  _15135_/CLK
  _15136_/CLK
  _15137_/CLK
  _15138_/CLK
  _15139_/CLK
  _15140_/CLK
  _15141_/CLK
  _15142_/CLK
  _15143_/CLK
  _15144_/CLK
  _15145_/CLK
  _15146_/CLK
  _15147_/CLK
  _15148_/CLK
  _15149_/CLK
  _15150_/CLK
  _15151_/CLK
  _15152_/CLK
  _15153_/CLK
  _15154_/CLK
  _15155_/CLK
  _15156_/CLK
  _15157_/CLK
  _15158_/CLK
  _15159_/CLK
  _15160_/CLK
  _15161_/CLK
  _15162_/CLK
  _15163_/CLK
  _15164_/CLK
  _15165_/CLK
  _15166_/CLK
  _15167_/CLK
  _15168_/CLK
  _15169_/CLK
  _15170_/CLK
  _15171_/CLK
  _15172_/CLK
  _15173_/CLK
  _15174_/CLK
  _15175_/CLK
  _15176_/CLK
  _15177_/CLK
  _15178_/CLK
  _15179_/CLK
  _15180_/CLK
  _15181_/CLK
  _15182_/CLK
  _15183_/CLK
  _15184_/CLK
  _15185_/CLK
  _15186_/CLK
  _15187_/CLK
  _15188_/CLK
  _15189_/CLK
  _15190_/CLK
  _15191_/CLK
  _15192_/CLK
  _15193_/CLK
  _15194_/CLK
  _15195_/CLK
  _15196_/CLK
  _15197_/CLK
  _15198_/CLK
  _15199_/CLK
  _15200_/CLK
  _15201_/CLK
  _15202_/CLK
  _15203_/CLK
  _15204_/CLK
  _15205_/CLK
  _15206_/CLK
  _15207_/CLK
  _15208_/CLK
  _15209_/CLK
  _15210_/CLK
  _15211_/CLK
  _15212_/CLK
  _15213_/CLK
  _15214_/CLK
  _15215_/CLK
  _15216_/CLK
  _15217_/CLK
  _15218_/CLK
  _15219_/CLK
  _15220_/CLK
  _15221_/CLK
  _15222_/CLK
  _15223_/CLK
  _15224_/CLK
  _15225_/CLK
  _15226_/CLK
  _15227_/CLK
  _15228_/CLK
  _15229_/CLK
  _15230_/CLK
  _15231_/CLK
  _15232_/CLK
  _15233_/CLK
  _15234_/CLK
  _15235_/CLK
  _15236_/CLK
  _15237_/CLK
  _15238_/CLK
  _15239_/CLK
  _15240_/CLK
  _15241_/CLK
  _15242_/CLK
  _15243_/CLK
  _15244_/CLK
  _15245_/CLK
  _15246_/CLK
  _15247_/CLK
  _15248_/CLK
  _15249_/CLK
  _15250_/CLK
  _15251_/CLK
  _15252_/CLK
  _15253_/CLK
  _15254_/CLK
  _15255_/CLK
  _15256_/CLK
  _15257_/CLK
  _15258_/CLK
  _15259_/CLK
  _15260_/CLK
  _15261_/CLK
  _15262_/CLK
  _15263_/CLK
  _15264_/CLK
  _15265_/CLK
  _15266_/CLK
  _15267_/CLK
  _15268_/CLK
  _15269_/CLK
  _15270_/CLK
  _15271_/CLK
  _15272_/CLK
  _15273_/CLK
  _15274_/CLK
  _15275_/CLK
  _15276_/CLK
  _15277_/CLK
  _15278_/CLK
  _15279_/CLK
  _15280_/CLK
  _15281_/CLK
  _15282_/CLK
  _15283_/CLK
  _15284_/CLK
  _15285_/CLK
  _15286_/CLK
  _15287_/CLK
  _15288_/CLK
  _15289_/CLK
  _15290_/CLK
  _15291_/CLK
  _15292_/CLK
  _15293_/CLK
  _15294_/CLK
  _15295_/CLK
  _15296_/CLK
  _15297_/CLK
  _15298_/CLK
  _15299_/CLK
  _15300_/CLK
  _15301_/CLK
  _15302_/CLK
  _15303_/CLK
  _15304_/CLK
  _15305_/CLK
  _15306_/CLK
  _15307_/CLK
  _15308_/CLK
  _15309_/CLK
  _15310_/CLK
  _15311_/CLK
  _15312_/CLK
  _15313_/CLK
  _15314_/CLK
  _15315_/CLK
  _15316_/CLK
  _15317_/CLK
  _15318_/CLK
  _15319_/CLK
  _15320_/CLK
  _15321_/CLK
  _15322_/CLK
  _15323_/CLK
  _15324_/CLK
  _15325_/CLK
  _15326_/CLK
  _15327_/CLK
  _15328_/CLK
  _15329_/CLK
  _15330_/CLK
  _15331_/CLK
  _15332_/CLK
  _15333_/CLK
  _15334_/CLK
  _15335_/CLK
  _15336_/CLK
  _15337_/CLK
  _15338_/CLK
  _15339_/CLK
  _15340_/CLK
  _15341_/CLK
  _15342_/CLK
  _15343_/CLK
  _15344_/CLK
  _15345_/CLK
  _15346_/CLK
  _15347_/CLK
  _15348_/CLK
  _15349_/CLK
  _15350_/CLK
  _15351_/CLK
  _15352_/CLK
  _15353_/CLK
  _15354_/CLK
  _15355_/CLK
  _15356_/CLK
  _15357_/CLK
  _15358_/CLK
  _15359_/CLK
  _15360_/CLK
  _15361_/CLK
  _15362_/CLK
  _15363_/CLK
  _15364_/CLK
  _15365_/CLK
  _15366_/CLK
  _15367_/CLK
  _15368_/CLK
  _15369_/CLK
  _15370_/CLK
  _15371_/CLK
  _15372_/CLK
  _15373_/CLK
  _15374_/CLK
  _15375_/CLK
  _15376_/CLK
  _15377_/CLK
  _15378_/CLK
  _15379_/CLK
  _15380_/CLK
  _15381_/CLK
  _15382_/CLK
  _15383_/CLK
  _15384_/CLK
  _15385_/CLK
  _15386_/CLK
  _15387_/CLK
  _15388_/CLK
  _15389_/CLK
  _15390_/CLK
  _15391_/CLK
  _15392_/CLK
  _15393_/CLK
  _15394_/CLK
  _15395_/CLK
  _15396_/CLK
  _15397_/CLK
  _15398_/CLK
  _15399_/CLK
  _15400_/CLK
  _15401_/CLK
  _15402_/CLK
  _15403_/CLK
  _15404_/CLK
  _15405_/CLK
  _15406_/CLK
  _15407_/CLK
  _15408_/CLK
  _15409_/CLK
  _15410_/CLK
  _15411_/CLK
  _15412_/CLK
  _15413_/CLK
  _15414_/CLK
  _15415_/CLK
  _15416_/CLK
  _15417_/CLK
  _15418_/CLK
  _15419_/CLK
  _15420_/CLK
  _15421_/CLK
  _15422_/CLK
  _15423_/CLK
  _15424_/CLK
  _15425_/CLK
  _15426_/CLK
  _15427_/CLK
  _15428_/CLK
  _15429_/CLK
  _15430_/CLK
  _15431_/CLK
  _15432_/CLK
  _15433_/CLK
  _15434_/CLK
  _15435_/CLK
  _15436_/CLK
  _15437_/CLK
  _15438_/CLK
  _15439_/CLK
  _15440_/CLK
  _15441_/CLK
  _15442_/CLK
  _15443_/CLK
  _15444_/CLK
  _15445_/CLK
  _15446_/CLK
  _15447_/CLK
  _15448_/CLK
  _15449_/CLK
  _15450_/CLK
  _15451_/CLK
  _15452_/CLK
  _15453_/CLK
  _15454_/CLK
  _15455_/CLK
  _15456_/CLK
  _15457_/CLK
  _15458_/CLK
  _15459_/CLK
  _15460_/CLK
  _15461_/CLK
  _15462_/CLK
  _15463_/CLK
  _15464_/CLK
  _15465_/CLK
  _15466_/CLK
  _15467_/CLK
  _15468_/CLK
  _15469_/CLK
  _15470_/CLK
  _15471_/CLK
  _15472_/CLK
  _15473_/CLK
  _15474_/CLK
  _15475_/CLK
  _15476_/CLK
  _15477_/CLK
  _15478_/CLK
  _15479_/CLK
Warning: There are 1054 unconstrained endpoints.
  uo_CORE2PAD[0]
  uo_CORE2PAD[1]
  uo_CORE2PAD[2]
  _14429_/D
  _14430_/D
  _14431_/D
  _14432_/D
  _14433_/D
  _14434_/D
  _14435_/D
  _14436_/D
  _14437_/D
  _14438_/D
  _14439_/D
  _14440_/D
  _14441_/D
  _14442_/D
  _14443_/D
  _14444_/D
  _14445_/D
  _14446_/D
  _14447_/D
  _14448_/D
  _14449_/D
  _14450_/D
  _14451_/D
  _14452_/D
  _14453_/D
  _14454_/D
  _14455_/D
  _14456_/D
  _14457_/D
  _14458_/D
  _14459_/D
  _14460_/D
  _14461_/D
  _14462_/D
  _14463_/D
  _14464_/D
  _14465_/D
  _14466_/D
  _14467_/D
  _14468_/D
  _14469_/D
  _14470_/D
  _14471_/D
  _14472_/D
  _14473_/D
  _14474_/D
  _14475_/D
  _14476_/D
  _14477_/D
  _14478_/D
  _14479_/D
  _14480_/D
  _14481_/D
  _14482_/D
  _14483_/D
  _14484_/D
  _14485_/D
  _14486_/D
  _14487_/D
  _14488_/D
  _14489_/D
  _14490_/D
  _14491_/D
  _14492_/D
  _14493_/D
  _14494_/D
  _14495_/D
  _14496_/D
  _14497_/D
  _14498_/D
  _14499_/D
  _14500_/D
  _14501_/D
  _14502_/D
  _14503_/D
  _14504_/D
  _14505_/D
  _14506_/D
  _14507_/D
  _14508_/D
  _14509_/D
  _14510_/D
  _14511_/D
  _14512_/D
  _14513_/D
  _14514_/D
  _14515_/D
  _14516_/D
  _14517_/D
  _14518_/D
  _14519_/D
  _14520_/D
  _14521_/D
  _14522_/D
  _14523_/D
  _14524_/D
  _14525_/D
  _14526_/D
  _14527_/D
  _14528_/D
  _14529_/D
  _14530_/D
  _14531_/D
  _14532_/D
  _14533_/D
  _14534_/D
  _14535_/D
  _14536_/D
  _14537_/D
  _14538_/D
  _14539_/D
  _14540_/D
  _14541_/D
  _14542_/D
  _14543_/D
  _14544_/D
  _14545_/D
  _14546_/D
  _14547_/D
  _14548_/D
  _14549_/D
  _14550_/D
  _14551_/D
  _14552_/D
  _14553_/D
  _14554_/D
  _14555_/D
  _14556_/D
  _14557_/D
  _14558_/D
  _14559_/D
  _14560_/D
  _14561_/D
  _14562_/D
  _14563_/D
  _14564_/D
  _14565_/D
  _14566_/D
  _14567_/D
  _14568_/D
  _14569_/D
  _14570_/D
  _14571_/D
  _14572_/D
  _14573_/D
  _14574_/D
  _14575_/D
  _14576_/D
  _14577_/D
  _14578_/D
  _14579_/D
  _14580_/D
  _14581_/D
  _14582_/D
  _14583_/D
  _14584_/D
  _14585_/D
  _14586_/D
  _14587_/D
  _14588_/D
  _14589_/D
  _14590_/D
  _14591_/D
  _14592_/D
  _14593_/D
  _14594_/D
  _14595_/D
  _14596_/D
  _14597_/D
  _14598_/D
  _14599_/D
  _14600_/D
  _14601_/D
  _14602_/D
  _14603_/D
  _14604_/D
  _14605_/D
  _14606_/D
  _14607_/D
  _14608_/D
  _14609_/D
  _14610_/D
  _14611_/D
  _14612_/D
  _14613_/D
  _14614_/D
  _14615_/D
  _14616_/D
  _14617_/D
  _14618_/D
  _14619_/D
  _14620_/D
  _14621_/D
  _14622_/D
  _14623_/D
  _14624_/D
  _14625_/D
  _14626_/D
  _14627_/D
  _14628_/D
  _14629_/D
  _14630_/D
  _14631_/D
  _14632_/D
  _14633_/D
  _14634_/D
  _14635_/D
  _14636_/D
  _14637_/D
  _14638_/D
  _14639_/D
  _14640_/D
  _14641_/D
  _14642_/D
  _14643_/D
  _14644_/D
  _14645_/D
  _14646_/D
  _14647_/D
  _14648_/D
  _14649_/D
  _14650_/D
  _14651_/D
  _14652_/D
  _14653_/D
  _14654_/D
  _14655_/D
  _14656_/D
  _14657_/D
  _14658_/D
  _14659_/D
  _14660_/D
  _14661_/D
  _14662_/D
  _14663_/D
  _14664_/D
  _14665_/D
  _14666_/D
  _14667_/D
  _14668_/D
  _14669_/D
  _14670_/D
  _14671_/D
  _14672_/D
  _14673_/D
  _14674_/D
  _14675_/D
  _14676_/D
  _14677_/D
  _14678_/D
  _14679_/D
  _14680_/D
  _14681_/D
  _14682_/D
  _14683_/D
  _14684_/D
  _14685_/D
  _14686_/D
  _14687_/D
  _14688_/D
  _14689_/D
  _14690_/D
  _14691_/D
  _14692_/D
  _14693_/D
  _14694_/D
  _14695_/D
  _14696_/D
  _14697_/D
  _14698_/D
  _14699_/D
  _14700_/D
  _14701_/D
  _14702_/D
  _14703_/D
  _14704_/D
  _14705_/D
  _14706_/D
  _14707_/D
  _14708_/D
  _14709_/D
  _14710_/D
  _14711_/D
  _14712_/D
  _14713_/D
  _14714_/D
  _14715_/D
  _14716_/D
  _14717_/D
  _14718_/D
  _14719_/D
  _14720_/D
  _14721_/D
  _14722_/D
  _14723_/D
  _14724_/D
  _14725_/D
  _14726_/D
  _14727_/D
  _14728_/D
  _14729_/D
  _14730_/D
  _14731_/D
  _14732_/D
  _14733_/D
  _14734_/D
  _14735_/D
  _14736_/D
  _14737_/D
  _14738_/D
  _14739_/D
  _14740_/D
  _14741_/D
  _14742_/D
  _14743_/D
  _14744_/D
  _14745_/D
  _14746_/D
  _14747_/D
  _14748_/D
  _14749_/D
  _14750_/D
  _14751_/D
  _14752_/D
  _14753_/D
  _14754_/D
  _14755_/D
  _14756_/D
  _14757_/D
  _14758_/D
  _14759_/D
  _14760_/D
  _14761_/D
  _14762_/D
  _14763_/D
  _14764_/D
  _14765_/D
  _14766_/D
  _14767_/D
  _14768_/D
  _14769_/D
  _14770_/D
  _14771_/D
  _14772_/D
  _14773_/D
  _14774_/D
  _14775_/D
  _14776_/D
  _14777_/D
  _14778_/D
  _14779_/D
  _14780_/D
  _14781_/D
  _14782_/D
  _14783_/D
  _14784_/D
  _14785_/D
  _14786_/D
  _14787_/D
  _14788_/D
  _14789_/D
  _14790_/D
  _14791_/D
  _14792_/D
  _14793_/D
  _14794_/D
  _14795_/D
  _14796_/D
  _14797_/D
  _14798_/D
  _14799_/D
  _14800_/D
  _14801_/D
  _14802_/D
  _14803_/D
  _14804_/D
  _14805_/D
  _14806_/D
  _14807_/D
  _14808_/D
  _14809_/D
  _14810_/D
  _14811_/D
  _14812_/D
  _14813_/D
  _14814_/D
  _14815_/D
  _14816_/D
  _14817_/D
  _14818_/D
  _14819_/D
  _14820_/D
  _14821_/D
  _14822_/D
  _14823_/D
  _14824_/D
  _14825_/D
  _14826_/D
  _14827_/D
  _14828_/D
  _14829_/D
  _14830_/D
  _14831_/D
  _14832_/D
  _14833_/D
  _14834_/D
  _14835_/D
  _14836_/D
  _14837_/D
  _14838_/D
  _14839_/D
  _14840_/D
  _14841_/D
  _14842_/D
  _14843_/D
  _14844_/D
  _14845_/D
  _14846_/D
  _14847_/D
  _14848_/D
  _14849_/D
  _14850_/D
  _14851_/D
  _14852_/D
  _14853_/D
  _14854_/D
  _14855_/D
  _14856_/D
  _14857_/D
  _14858_/D
  _14859_/D
  _14860_/D
  _14861_/D
  _14862_/D
  _14863_/D
  _14864_/D
  _14865_/D
  _14866_/D
  _14867_/D
  _14868_/D
  _14869_/D
  _14870_/D
  _14871_/D
  _14872_/D
  _14873_/D
  _14874_/D
  _14875_/D
  _14876_/D
  _14877_/D
  _14878_/D
  _14879_/D
  _14880_/D
  _14881_/D
  _14882_/D
  _14883_/D
  _14884_/D
  _14885_/D
  _14886_/D
  _14887_/D
  _14888_/D
  _14889_/D
  _14890_/D
  _14891_/D
  _14892_/D
  _14893_/D
  _14894_/D
  _14895_/D
  _14896_/D
  _14897_/D
  _14898_/D
  _14899_/D
  _14900_/D
  _14901_/D
  _14902_/D
  _14903_/D
  _14904_/D
  _14905_/D
  _14906_/D
  _14907_/D
  _14908_/D
  _14909_/D
  _14910_/D
  _14911_/D
  _14912_/D
  _14913_/D
  _14914_/D
  _14915_/D
  _14916_/D
  _14917_/D
  _14918_/D
  _14919_/D
  _14920_/D
  _14921_/D
  _14922_/D
  _14923_/D
  _14924_/D
  _14925_/D
  _14926_/D
  _14927_/D
  _14928_/D
  _14929_/D
  _14930_/D
  _14931_/D
  _14932_/D
  _14933_/D
  _14934_/D
  _14935_/D
  _14936_/D
  _14937_/D
  _14938_/D
  _14939_/D
  _14940_/D
  _14941_/D
  _14942_/D
  _14943_/D
  _14944_/D
  _14945_/D
  _14946_/D
  _14947_/D
  _14948_/D
  _14949_/D
  _14950_/D
  _14951_/D
  _14952_/D
  _14953_/D
  _14954_/D
  _14955_/D
  _14956_/D
  _14957_/D
  _14958_/D
  _14959_/D
  _14960_/D
  _14961_/D
  _14962_/D
  _14963_/D
  _14964_/D
  _14965_/D
  _14966_/D
  _14967_/D
  _14968_/D
  _14969_/D
  _14970_/D
  _14971_/D
  _14972_/D
  _14973_/D
  _14974_/D
  _14975_/D
  _14976_/D
  _14977_/D
  _14978_/D
  _14979_/D
  _14980_/D
  _14981_/D
  _14982_/D
  _14983_/D
  _14984_/D
  _14985_/D
  _14986_/D
  _14987_/D
  _14988_/D
  _14989_/D
  _14990_/D
  _14991_/D
  _14992_/D
  _14993_/D
  _14994_/D
  _14995_/D
  _14996_/D
  _14997_/D
  _14998_/D
  _14999_/D
  _15000_/D
  _15001_/D
  _15002_/D
  _15003_/D
  _15004_/D
  _15005_/D
  _15006_/D
  _15007_/D
  _15008_/D
  _15009_/D
  _15010_/D
  _15011_/D
  _15012_/D
  _15013_/D
  _15014_/D
  _15015_/D
  _15016_/D
  _15017_/D
  _15018_/D
  _15019_/D
  _15020_/D
  _15021_/D
  _15022_/D
  _15023_/D
  _15024_/D
  _15025_/D
  _15026_/D
  _15027_/D
  _15028_/D
  _15029_/D
  _15030_/D
  _15031_/D
  _15032_/D
  _15033_/D
  _15034_/D
  _15035_/D
  _15036_/D
  _15037_/D
  _15038_/D
  _15039_/D
  _15040_/D
  _15041_/D
  _15042_/D
  _15043_/D
  _15044_/D
  _15045_/D
  _15046_/D
  _15047_/D
  _15048_/D
  _15049_/D
  _15050_/D
  _15051_/D
  _15052_/D
  _15053_/D
  _15054_/D
  _15055_/D
  _15056_/D
  _15057_/D
  _15058_/D
  _15059_/D
  _15060_/D
  _15061_/D
  _15062_/D
  _15063_/D
  _15064_/D
  _15065_/D
  _15066_/D
  _15067_/D
  _15068_/D
  _15069_/D
  _15070_/D
  _15071_/D
  _15072_/D
  _15073_/D
  _15074_/D
  _15075_/D
  _15076_/D
  _15077_/D
  _15078_/D
  _15079_/D
  _15080_/D
  _15081_/D
  _15082_/D
  _15083_/D
  _15084_/D
  _15085_/D
  _15086_/D
  _15087_/D
  _15088_/D
  _15089_/D
  _15090_/D
  _15091_/D
  _15092_/D
  _15093_/D
  _15094_/D
  _15095_/D
  _15096_/D
  _15097_/D
  _15098_/D
  _15099_/D
  _15100_/D
  _15101_/D
  _15102_/D
  _15103_/D
  _15104_/D
  _15105_/D
  _15106_/D
  _15107_/D
  _15108_/D
  _15109_/D
  _15110_/D
  _15111_/D
  _15112_/D
  _15113_/D
  _15114_/D
  _15115_/D
  _15116_/D
  _15117_/D
  _15118_/D
  _15119_/D
  _15120_/D
  _15121_/D
  _15122_/D
  _15123_/D
  _15124_/D
  _15125_/D
  _15126_/D
  _15127_/D
  _15128_/D
  _15129_/D
  _15130_/D
  _15131_/D
  _15132_/D
  _15133_/D
  _15134_/D
  _15135_/D
  _15136_/D
  _15137_/D
  _15138_/D
  _15139_/D
  _15140_/D
  _15141_/D
  _15142_/D
  _15143_/D
  _15144_/D
  _15145_/D
  _15146_/D
  _15147_/D
  _15148_/D
  _15149_/D
  _15150_/D
  _15151_/D
  _15152_/D
  _15153_/D
  _15154_/D
  _15155_/D
  _15156_/D
  _15157_/D
  _15158_/D
  _15159_/D
  _15160_/D
  _15161_/D
  _15162_/D
  _15163_/D
  _15164_/D
  _15165_/D
  _15166_/D
  _15167_/D
  _15168_/D
  _15169_/D
  _15170_/D
  _15171_/D
  _15172_/D
  _15173_/D
  _15174_/D
  _15175_/D
  _15176_/D
  _15177_/D
  _15178_/D
  _15179_/D
  _15180_/D
  _15181_/D
  _15182_/D
  _15183_/D
  _15184_/D
  _15185_/D
  _15186_/D
  _15187_/D
  _15188_/D
  _15189_/D
  _15190_/D
  _15191_/D
  _15192_/D
  _15193_/D
  _15194_/D
  _15195_/D
  _15196_/D
  _15197_/D
  _15198_/D
  _15199_/D
  _15200_/D
  _15201_/D
  _15202_/D
  _15203_/D
  _15204_/D
  _15205_/D
  _15206_/D
  _15207_/D
  _15208_/D
  _15209_/D
  _15210_/D
  _15211_/D
  _15212_/D
  _15213_/D
  _15214_/D
  _15215_/D
  _15216_/D
  _15217_/D
  _15218_/D
  _15219_/D
  _15220_/D
  _15221_/D
  _15222_/D
  _15223_/D
  _15224_/D
  _15225_/D
  _15226_/D
  _15227_/D
  _15228_/D
  _15229_/D
  _15230_/D
  _15231_/D
  _15232_/D
  _15233_/D
  _15234_/D
  _15235_/D
  _15236_/D
  _15237_/D
  _15238_/D
  _15239_/D
  _15240_/D
  _15241_/D
  _15242_/D
  _15243_/D
  _15244_/D
  _15245_/D
  _15246_/D
  _15247_/D
  _15248_/D
  _15249_/D
  _15250_/D
  _15251_/D
  _15252_/D
  _15253_/D
  _15254_/D
  _15255_/D
  _15256_/D
  _15257_/D
  _15258_/D
  _15259_/D
  _15260_/D
  _15261_/D
  _15262_/D
  _15263_/D
  _15264_/D
  _15265_/D
  _15266_/D
  _15267_/D
  _15268_/D
  _15269_/D
  _15270_/D
  _15271_/D
  _15272_/D
  _15273_/D
  _15274_/D
  _15275_/D
  _15276_/D
  _15277_/D
  _15278_/D
  _15279_/D
  _15280_/D
  _15281_/D
  _15282_/D
  _15283_/D
  _15284_/D
  _15285_/D
  _15286_/D
  _15287_/D
  _15288_/D
  _15289_/D
  _15290_/D
  _15291_/D
  _15292_/D
  _15293_/D
  _15294_/D
  _15295_/D
  _15296_/D
  _15297_/D
  _15298_/D
  _15299_/D
  _15300_/D
  _15301_/D
  _15302_/D
  _15303_/D
  _15304_/D
  _15305_/D
  _15306_/D
  _15307_/D
  _15308_/D
  _15309_/D
  _15310_/D
  _15311_/D
  _15312_/D
  _15313_/D
  _15314_/D
  _15315_/D
  _15316_/D
  _15317_/D
  _15318_/D
  _15319_/D
  _15320_/D
  _15321_/D
  _15322_/D
  _15323_/D
  _15324_/D
  _15325_/D
  _15326_/D
  _15327_/D
  _15328_/D
  _15329_/D
  _15330_/D
  _15331_/D
  _15332_/D
  _15333_/D
  _15334_/D
  _15335_/D
  _15336_/D
  _15337_/D
  _15338_/D
  _15339_/D
  _15340_/D
  _15341_/D
  _15342_/D
  _15343_/D
  _15344_/D
  _15345_/D
  _15346_/D
  _15347_/D
  _15348_/D
  _15349_/D
  _15350_/D
  _15351_/D
  _15352_/D
  _15353_/D
  _15354_/D
  _15355_/D
  _15356_/D
  _15357_/D
  _15358_/D
  _15359_/D
  _15360_/D
  _15361_/D
  _15362_/D
  _15363_/D
  _15364_/D
  _15365_/D
  _15366_/D
  _15367_/D
  _15368_/D
  _15369_/D
  _15370_/D
  _15371_/D
  _15372_/D
  _15373_/D
  _15374_/D
  _15375_/D
  _15376_/D
  _15377_/D
  _15378_/D
  _15379_/D
  _15380_/D
  _15381_/D
  _15382_/D
  _15383_/D
  _15384_/D
  _15385_/D
  _15386_/D
  _15387_/D
  _15388_/D
  _15389_/D
  _15390_/D
  _15391_/D
  _15392_/D
  _15393_/D
  _15394_/D
  _15395_/D
  _15396_/D
  _15397_/D
  _15398_/D
  _15399_/D
  _15400_/D
  _15401_/D
  _15402_/D
  _15403_/D
  _15404_/D
  _15405_/D
  _15406_/D
  _15407_/D
  _15408_/D
  _15409_/D
  _15410_/D
  _15411_/D
  _15412_/D
  _15413_/D
  _15414_/D
  _15415_/D
  _15416_/D
  _15417_/D
  _15418_/D
  _15419_/D
  _15420_/D
  _15421_/D
  _15422_/D
  _15423_/D
  _15424_/D
  _15425_/D
  _15426_/D
  _15427_/D
  _15428_/D
  _15429_/D
  _15430_/D
  _15431_/D
  _15432_/D
  _15433_/D
  _15434_/D
  _15435_/D
  _15436_/D
  _15437_/D
  _15438_/D
  _15439_/D
  _15440_/D
  _15441_/D
  _15442_/D
  _15443_/D
  _15444_/D
  _15445_/D
  _15446_/D
  _15447_/D
  _15448_/D
  _15449_/D
  _15450_/D
  _15451_/D
  _15452_/D
  _15453_/D
  _15454_/D
  _15455_/D
  _15456_/D
  _15457_/D
  _15458_/D
  _15459_/D
  _15460_/D
  _15461_/D
  _15462_/D
  _15463_/D
  _15464_/D
  _15465_/D
  _15466_/D
  _15467_/D
  _15468_/D
  _15469_/D
  _15470_/D
  _15471_/D
  _15472_/D
  _15473_/D
  _15474_/D
  _15475_/D
  _15476_/D
  _15477_/D
  _15478_/D
  _15479_/D
%OL_END_REPORT
%OL_CREATE_REPORT power.rpt

===========================================================================
 report_power
============================================================================
======================= nom_slow_1p08V_125C Corner ===================================

Group                    Internal    Switching      Leakage        Total
                            Power        Power        Power        Power (Watts)
------------------------------------------------------------------------
Sequential           4.969412e-04 8.397993e-05 2.253216e-06 5.831743e-04  31.9%
Combinational        6.969903e-04 5.450664e-04 3.701338e-06 1.245758e-03  68.1%
Clock                0.000000e+00 0.000000e+00 0.000000e+00 0.000000e+00   0.0%
Macro                0.000000e+00 0.000000e+00 0.000000e+00 0.000000e+00   0.0%
Pad                  0.000000e+00 0.000000e+00 0.000000e+00 0.000000e+00   0.0%
------------------------------------------------------------------------
Total                1.193932e-03 6.290470e-04 5.954869e-06 1.828934e-03 100.0%
                            65.3%        34.4%         0.3%
%OL_METRIC_F power__internal__total 0.001193932374008
%OL_METRIC_F power__switching__total 0.0006290470482781529
%OL_METRIC_F power__leakage__total 5.9548692661337554e-6
%OL_METRIC_F power__total 0.0018289342988282442

%OL_END_REPORT
%OL_CREATE_REPORT skew.min.rpt

===========================================================================
Clock Skew (Hold)
============================================================================
%OL_METRIC_F clock__skew__worst_hold__corner:nom_slow_1p08V_125C 0.0
======================= nom_slow_1p08V_125C Corner ===================================

Clock clk_i
No launch/capture paths found.

%OL_END_REPORT
%OL_CREATE_REPORT skew.max.rpt

===========================================================================
Clock Skew (Setup)
============================================================================
%OL_METRIC_F clock__skew__worst_setup__corner:nom_slow_1p08V_125C 0.0
======================= nom_slow_1p08V_125C Corner ===================================

Clock clk_i
No launch/capture paths found.

%OL_END_REPORT
%OL_CREATE_REPORT ws.min.rpt

===========================================================================
Worst Slack (Hold)
============================================================================
%OL_METRIC_F timing__hold__ws__corner:nom_slow_1p08V_125C 1.0000000433293989e+39
nom_slow_1p08V_125C: 1.0000000433293989e+39
%OL_END_REPORT
%OL_CREATE_REPORT ws.max.rpt

===========================================================================
Worst Slack (Setup)
============================================================================
%OL_METRIC_F timing__setup__ws__corner:nom_slow_1p08V_125C 1.0000000433293989e+39
nom_slow_1p08V_125C: 1.0000000433293989e+39
%OL_END_REPORT
%OL_CREATE_REPORT tns.min.rpt

===========================================================================
Total Negative Slack (Hold)
============================================================================
%OL_METRIC_F timing__hold__tns__corner:nom_slow_1p08V_125C 0.0
nom_slow_1p08V_125C: 0.0
%OL_END_REPORT
%OL_CREATE_REPORT tns.max.rpt

===========================================================================
Total Negative Slack (Setup)
============================================================================
%OL_METRIC_F timing__setup__tns__corner:nom_slow_1p08V_125C 0.0
nom_slow_1p08V_125C: 0.0
%OL_END_REPORT
%OL_CREATE_REPORT wns.min.rpt

===========================================================================
Worst Negative Slack (Hold)
============================================================================
%OL_METRIC_F timing__hold__wns__corner:nom_slow_1p08V_125C 0
nom_slow_1p08V_125C: 0
%OL_END_REPORT
%OL_CREATE_REPORT wns.max.rpt

===========================================================================
Worst Negative Slack (Setup)
============================================================================
%OL_METRIC_F timing__setup__wns__corner:nom_slow_1p08V_125C 0.0
nom_slow_1p08V_125C: 0.0
%OL_END_REPORT
%OL_CREATE_REPORT violator_list.rpt

===========================================================================
Violator List
============================================================================
%OL_METRIC_I timing__hold_vio__count__corner:nom_slow_1p08V_125C 0
%OL_METRIC_F timing__hold_r2r__ws__corner:nom_slow_1p08V_125C inf
%OL_METRIC_I timing__hold_r2r_vio__count__corner:nom_slow_1p08V_125C 0
%OL_METRIC_I timing__setup_vio__count__corner:nom_slow_1p08V_125C 0
%OL_METRIC_F timing__setup_r2r__ws__corner:nom_slow_1p08V_125C inf
%OL_METRIC_I timing__setup_r2r_vio__count__corner:nom_slow_1p08V_125C 0
%OL_END_REPORT
%OL_CREATE_REPORT unpropagated.rpt
clk_i
%OL_END_REPORT
%OL_CREATE_REPORT clock.rpt
Clock: clk_i
Sources: clk_i 
Generated: no
Virtual: no
Propagated: no
Period: 10.000000

===========================================================================
report_clock_properties
============================================================================
Clock                   Period          Waveform
----------------------------------------------------
clk_i                10.000000    0.000000  5.000000

===========================================================================
report_clock_latency
============================================================================
Clock clk_i
rise -> rise
    min     max
0.000000 0.000000 source latency
5.195274         network latency _14429_/CLK
        5.195274 network latency _14429_/CLK
---------------
5.195274 5.195274 latency
        0.000000 skew

rise -> fall
    min     max
0.000000 0.000000 source latency
4.310329         network latency _14429_/CLK
        4.310329 network latency _14429_/CLK
---------------
4.310329 4.310329 latency
        0.000000 skew



===========================================================================
report_clock_min_period
============================================================================
clk_i period_min = 0.00 fmax = inf
%OL_END_REPORT
Writing SDF files for all corners…
