
===========================================================================
report_checks -path_delay max (Setup)
============================================================================
======================= nom_fast_1p32V_m40C Corner ===================================

Startpoint: ui_PAD2CORE[0] (input port clocked by clk_i)
Endpoint: _197_ (rising edge-triggered flip-flop clocked by clk_i)
Path Group: clk_i
Path Type: max

Fanout         Cap        Slew       Delay        Time   Description
---------------------------------------------------------------------------------------------
                                  0.000000    0.000000   clock clk_i (rise edge)
                                  0.000000    0.000000   clock network delay (propagated)
                                  2.000000    2.000000 ^ input external delay
     1    0.004676    0.014699    0.002680    2.002680 ^ ui_PAD2CORE[0] (in)
                                                         ui_PAD2CORE[0] (net)
                      0.014699    0.000000    2.002680 ^ input2/A (sg13g2_buf_1)
     2    0.011791    0.036329    0.054356    2.057036 ^ input2/X (sg13g2_buf_1)
                                                         net2 (net)
                      0.036380    0.001097    2.058133 ^ fanout21/A (sg13g2_buf_1)
     8    0.045200    0.121830    0.120487    2.178620 ^ fanout21/X (sg13g2_buf_1)
                                                         net21 (net)
                      0.121974    0.003445    2.182065 ^ _156_/A (sg13g2_nand2_1)
     2    0.014987    0.084989    0.099027    2.281092 v _156_/Y (sg13g2_nand2_1)
                                                         _056_ (net)
                      0.084999    0.000911    2.282004 v _161_/A1 (sg13g2_o21ai_1)
     1    0.004580    0.060128    0.080724    2.362728 ^ _161_/Y (sg13g2_o21ai_1)
                                                         _006_ (net)
                      0.060129    0.000348    2.363076 ^ hold84/A (sg13g2_dlygate4sd3_1)
     1    0.002839    0.022559    0.261866    2.624942 ^ hold84/X (sg13g2_dlygate4sd3_1)
                                                         net84 (net)
                      0.022559    0.000167    2.625109 ^ _197_/D (sg13g2_dfrbpq_1)
                                              2.625109   data arrival time

                                 10.000000   10.000000   clock clk_i (rise edge)
                                  0.000000   10.000000   clock source latency
     1    0.025625    0.026735    0.015211   10.015211 ^ clk_i (in)
                                                         clk_i (net)
                      0.027112    0.000000   10.015211 ^ clkbuf_0_clk_i/A (sg13g2_buf_16)
     8    0.166508    0.036353    0.063756   10.078967 ^ clkbuf_0_clk_i/X (sg13g2_buf_16)
                                                         clknet_0_clk_i (net)
                      0.036982    0.003775   10.082742 ^ clkbuf_3_5__f_clk_i/A (sg13g2_buf_16)
     4    0.015390    0.013510    0.049757   10.132499 ^ clkbuf_3_5__f_clk_i/X (sg13g2_buf_16)
                                                         clknet_3_5__leaf_clk_i (net)
                      0.013510    0.000224   10.132723 ^ _197_/CLK (sg13g2_dfrbpq_1)
                                 -0.250000    9.882723   clock uncertainty
                                  0.000000    9.882723   clock reconvergence pessimism
                                 -0.077334    9.805388   library setup time
                                              9.805388   data required time
---------------------------------------------------------------------------------------------
                                              9.805388   data required time
                                             -2.625109   data arrival time
---------------------------------------------------------------------------------------------
                                              7.180280   slack (MET)


Startpoint: ui_PAD2CORE[0] (input port clocked by clk_i)
Endpoint: _201_ (rising edge-triggered flip-flop clocked by clk_i)
Path Group: clk_i
Path Type: max

Fanout         Cap        Slew       Delay        Time   Description
---------------------------------------------------------------------------------------------
                                  0.000000    0.000000   clock clk_i (rise edge)
                                  0.000000    0.000000   clock network delay (propagated)
                                  2.000000    2.000000 ^ input external delay
     1    0.004676    0.014699    0.002680    2.002680 ^ ui_PAD2CORE[0] (in)
                                                         ui_PAD2CORE[0] (net)
                      0.014699    0.000000    2.002680 ^ input2/A (sg13g2_buf_1)
     2    0.011791    0.036329    0.054356    2.057036 ^ input2/X (sg13g2_buf_1)
                                                         net2 (net)
                      0.036380    0.001097    2.058133 ^ fanout21/A (sg13g2_buf_1)
     8    0.045200    0.121830    0.120487    2.178620 ^ fanout21/X (sg13g2_buf_1)
                                                         net21 (net)
                      0.122014    0.003883    2.182503 ^ _165_/A (sg13g2_nand2_1)
     2    0.013906    0.080373    0.094662    2.277165 v _165_/Y (sg13g2_nand2_1)
                                                         _061_ (net)
                      0.080380    0.000759    2.277924 v _170_/A1 (sg13g2_o21ai_1)
     1    0.004816    0.060968    0.080586    2.358510 ^ _170_/Y (sg13g2_o21ai_1)
                                                         _000_ (net)
                      0.060968    0.000316    2.358826 ^ hold72/A (sg13g2_dlygate4sd3_1)
     1    0.002601    0.022026    0.261681    2.620507 ^ hold72/X (sg13g2_dlygate4sd3_1)
                                                         net72 (net)
                      0.022027    0.000169    2.620675 ^ _201_/D (sg13g2_dfrbpq_1)
                                              2.620675   data arrival time

                                 10.000000   10.000000   clock clk_i (rise edge)
                                  0.000000   10.000000   clock source latency
     1    0.025625    0.026735    0.015211   10.015211 ^ clk_i (in)
                                                         clk_i (net)
                      0.027112    0.000000   10.015211 ^ clkbuf_0_clk_i/A (sg13g2_buf_16)
     8    0.166508    0.036353    0.063756   10.078967 ^ clkbuf_0_clk_i/X (sg13g2_buf_16)
                                                         clknet_0_clk_i (net)
                      0.036982    0.003775   10.082742 ^ clkbuf_3_5__f_clk_i/A (sg13g2_buf_16)
     4    0.015390    0.013510    0.049757   10.132499 ^ clkbuf_3_5__f_clk_i/X (sg13g2_buf_16)
                                                         clknet_3_5__leaf_clk_i (net)
                      0.013510    0.000250   10.132749 ^ _201_/CLK (sg13g2_dfrbpq_1)
                                 -0.250000    9.882749   clock uncertainty
                                  0.000000    9.882749   clock reconvergence pessimism
                                 -0.077204    9.805544   library setup time
                                              9.805544   data required time
---------------------------------------------------------------------------------------------
                                              9.805544   data required time
                                             -2.620675   data arrival time
---------------------------------------------------------------------------------------------
                                              7.184869   slack (MET)


Startpoint: ui_PAD2CORE[0] (input port clocked by clk_i)
Endpoint: _183_ (rising edge-triggered flip-flop clocked by clk_i)
Path Group: clk_i
Path Type: max

Fanout         Cap        Slew       Delay        Time   Description
---------------------------------------------------------------------------------------------
                                  0.000000    0.000000   clock clk_i (rise edge)
                                  0.000000    0.000000   clock network delay (propagated)
                                  2.000000    2.000000 ^ input external delay
     1    0.004676    0.014699    0.002680    2.002680 ^ ui_PAD2CORE[0] (in)
                                                         ui_PAD2CORE[0] (net)
                      0.014699    0.000000    2.002680 ^ input2/A (sg13g2_buf_1)
     2    0.011791    0.036329    0.054356    2.057036 ^ input2/X (sg13g2_buf_1)
                                                         net2 (net)
                      0.036380    0.001097    2.058133 ^ fanout21/A (sg13g2_buf_1)
     8    0.045200    0.121830    0.120487    2.178620 ^ fanout21/X (sg13g2_buf_1)
                                                         net21 (net)
                      0.121962    0.003303    2.181923 ^ _114_/A (sg13g2_nand2_1)
     2    0.015357    0.086681    0.100350    2.282273 v _114_/Y (sg13g2_nand2_1)
                                                         _028_ (net)
                      0.086705    0.001332    2.283605 v _119_/A1 (sg13g2_o21ai_1)
     1    0.002506    0.048783    0.071331    2.354936 ^ _119_/Y (sg13g2_o21ai_1)
                                                         _013_ (net)
                      0.048783    0.000181    2.355116 ^ hold75/A (sg13g2_dlygate4sd3_1)
     1    0.001888    0.020413    0.255001    2.610117 ^ hold75/X (sg13g2_dlygate4sd3_1)
                                                         net75 (net)
                      0.020414    0.000071    2.610189 ^ _183_/D (sg13g2_dfrbpq_1)
                                              2.610189   data arrival time

                                 10.000000   10.000000   clock clk_i (rise edge)
                                  0.000000   10.000000   clock source latency
     1    0.025625    0.026735    0.015211   10.015211 ^ clk_i (in)
                                                         clk_i (net)
                      0.027112    0.000000   10.015211 ^ clkbuf_0_clk_i/A (sg13g2_buf_16)
     8    0.166508    0.036353    0.063756   10.078967 ^ clkbuf_0_clk_i/X (sg13g2_buf_16)
                                                         clknet_0_clk_i (net)
                      0.036970    0.003738   10.082705 ^ clkbuf_3_6__f_clk_i/A (sg13g2_buf_16)
     4    0.016617    0.013692    0.049877   10.132583 ^ clkbuf_3_6__f_clk_i/X (sg13g2_buf_16)
                                                         clknet_3_6__leaf_clk_i (net)
                      0.013693    0.000411   10.132995 ^ _183_/CLK (sg13g2_dfrbpq_1)
                                 -0.250000    9.882995   clock uncertainty
                                  0.000000    9.882995   clock reconvergence pessimism
                                 -0.076791    9.806203   library setup time
                                              9.806203   data required time
---------------------------------------------------------------------------------------------
                                              9.806203   data required time
                                             -2.610189   data arrival time
---------------------------------------------------------------------------------------------
                                              7.196014   slack (MET)


Startpoint: ui_PAD2CORE[0] (input port clocked by clk_i)
Endpoint: _195_ (rising edge-triggered flip-flop clocked by clk_i)
Path Group: clk_i
Path Type: max

Fanout         Cap        Slew       Delay        Time   Description
---------------------------------------------------------------------------------------------
                                  0.000000    0.000000   clock clk_i (rise edge)
                                  0.000000    0.000000   clock network delay (propagated)
                                  2.000000    2.000000 ^ input external delay
     1    0.004676    0.014699    0.002680    2.002680 ^ ui_PAD2CORE[0] (in)
                                                         ui_PAD2CORE[0] (net)
                      0.014699    0.000000    2.002680 ^ input2/A (sg13g2_buf_1)
     2    0.011791    0.036329    0.054356    2.057036 ^ input2/X (sg13g2_buf_1)
                                                         net2 (net)
                      0.036380    0.001097    2.058133 ^ fanout21/A (sg13g2_buf_1)
     8    0.045200    0.121830    0.120487    2.178620 ^ fanout21/X (sg13g2_buf_1)
                                                         net21 (net)
                      0.121963    0.003318    2.181938 ^ _150_/A (sg13g2_nand2_1)
     2    0.013193    0.077331    0.091773    2.273711 v _150_/Y (sg13g2_nand2_1)
                                                         _052_ (net)
                      0.077339    0.000784    2.274495 v _155_/A1 (sg13g2_o21ai_1)
     1    0.003083    0.050977    0.071549    2.346044 ^ _155_/Y (sg13g2_o21ai_1)
                                                         _007_ (net)
                      0.050977    0.000213    2.346257 ^ hold57/A (sg13g2_dlygate4sd3_1)
     1    0.002467    0.021725    0.257204    2.603461 ^ hold57/X (sg13g2_dlygate4sd3_1)
                                                         net57 (net)
                      0.021726    0.000167    2.603628 ^ _195_/D (sg13g2_dfrbpq_1)
                                              2.603628   data arrival time

                                 10.000000   10.000000   clock clk_i (rise edge)
                                  0.000000   10.000000   clock source latency
     1    0.025625    0.026735    0.015211   10.015211 ^ clk_i (in)
                                                         clk_i (net)
                      0.027112    0.000000   10.015211 ^ clkbuf_0_clk_i/A (sg13g2_buf_16)
     8    0.166508    0.036353    0.063756   10.078967 ^ clkbuf_0_clk_i/X (sg13g2_buf_16)
                                                         clknet_0_clk_i (net)
                      0.037037    0.003936   10.082904 ^ clkbuf_3_7__f_clk_i/A (sg13g2_buf_16)
     4    0.015568    0.013539    0.049796   10.132699 ^ clkbuf_3_7__f_clk_i/X (sg13g2_buf_16)
                                                         clknet_3_7__leaf_clk_i (net)
                      0.013539    0.000329   10.133028 ^ _195_/CLK (sg13g2_dfrbpq_1)
                                 -0.250000    9.883028   clock uncertainty
                                  0.000000    9.883028   clock reconvergence pessimism
                                 -0.077127    9.805901   library setup time
                                              9.805901   data required time
---------------------------------------------------------------------------------------------
                                              9.805901   data required time
                                             -2.603628   data arrival time
---------------------------------------------------------------------------------------------
                                              7.202272   slack (MET)


Startpoint: ui_PAD2CORE[0] (input port clocked by clk_i)
Endpoint: _179_ (rising edge-triggered flip-flop clocked by clk_i)
Path Group: clk_i
Path Type: max

Fanout         Cap        Slew       Delay        Time   Description
---------------------------------------------------------------------------------------------
                                  0.000000    0.000000   clock clk_i (rise edge)
                                  0.000000    0.000000   clock network delay (propagated)
                                  2.000000    2.000000 ^ input external delay
     1    0.004676    0.014699    0.002680    2.002680 ^ ui_PAD2CORE[0] (in)
                                                         ui_PAD2CORE[0] (net)
                      0.014699    0.000000    2.002680 ^ input2/A (sg13g2_buf_1)
     2    0.011791    0.036329    0.054356    2.057036 ^ input2/X (sg13g2_buf_1)
                                                         net2 (net)
                      0.036380    0.001097    2.058133 ^ fanout21/A (sg13g2_buf_1)
     8    0.045200    0.121830    0.120487    2.178620 ^ fanout21/X (sg13g2_buf_1)
                                                         net21 (net)
                      0.122024    0.003989    2.182609 ^ _102_/A (sg13g2_nand2_1)
     2    0.012941    0.076263    0.090785    2.273394 v _102_/Y (sg13g2_nand2_1)
                                                         _020_ (net)
                      0.076271    0.000779    2.274173 v _107_/A1 (sg13g2_o21ai_1)
     1    0.002944    0.050082    0.070613    2.344787 ^ _107_/Y (sg13g2_o21ai_1)
                                                         _001_ (net)
                      0.050082    0.000180    2.344966 ^ hold69/A (sg13g2_dlygate4sd3_1)
     1    0.002074    0.020837    0.255954    2.600921 ^ hold69/X (sg13g2_dlygate4sd3_1)
                                                         net69 (net)
                      0.020838    0.000137    2.601058 ^ _179_/D (sg13g2_dfrbpq_1)
                                              2.601058   data arrival time

                                 10.000000   10.000000   clock clk_i (rise edge)
                                  0.000000   10.000000   clock source latency
     1    0.025625    0.026735    0.015211   10.015211 ^ clk_i (in)
                                                         clk_i (net)
                      0.027112    0.000000   10.015211 ^ clkbuf_0_clk_i/A (sg13g2_buf_16)
     8    0.166508    0.036353    0.063756   10.078967 ^ clkbuf_0_clk_i/X (sg13g2_buf_16)
                                                         clknet_0_clk_i (net)
                      0.036887    0.003484   10.082452 ^ clkbuf_3_4__f_clk_i/A (sg13g2_buf_16)
     4    0.015492    0.013520    0.049728   10.132180 ^ clkbuf_3_4__f_clk_i/X (sg13g2_buf_16)
                                                         clknet_3_4__leaf_clk_i (net)
                      0.013520    0.000385   10.132565 ^ _179_/CLK (sg13g2_dfrbpq_1)
                                 -0.250000    9.882565   clock uncertainty
                                  0.000000    9.882565   clock reconvergence pessimism
                                 -0.076913    9.805652   library setup time
                                              9.805652   data required time
---------------------------------------------------------------------------------------------
                                              9.805652   data required time
                                             -2.601058   data arrival time
---------------------------------------------------------------------------------------------
                                              7.204594   slack (MET)


Startpoint: ui_PAD2CORE[0] (input port clocked by clk_i)
Endpoint: _191_ (rising edge-triggered flip-flop clocked by clk_i)
Path Group: clk_i
Path Type: max

Fanout         Cap        Slew       Delay        Time   Description
---------------------------------------------------------------------------------------------
                                  0.000000    0.000000   clock clk_i (rise edge)
                                  0.000000    0.000000   clock network delay (propagated)
                                  2.000000    2.000000 ^ input external delay
     1    0.004676    0.014699    0.002680    2.002680 ^ ui_PAD2CORE[0] (in)
                                                         ui_PAD2CORE[0] (net)
                      0.014699    0.000000    2.002680 ^ input2/A (sg13g2_buf_1)
     2    0.011791    0.036329    0.054356    2.057036 ^ input2/X (sg13g2_buf_1)
                                                         net2 (net)
                      0.036380    0.001097    2.058133 ^ fanout21/A (sg13g2_buf_1)
     8    0.045200    0.121830    0.120487    2.178620 ^ fanout21/X (sg13g2_buf_1)
                                                         net21 (net)
                      0.121845    0.001144    2.179764 ^ _138_/A (sg13g2_nand2_1)
     2    0.012695    0.075202    0.089732    2.269495 v _138_/Y (sg13g2_nand2_1)
                                                         _044_ (net)
                      0.075233    0.000773    2.270268 v _143_/A1 (sg13g2_o21ai_1)
     1    0.002677    0.048466    0.069073    2.339341 ^ _143_/Y (sg13g2_o21ai_1)
                                                         _009_ (net)
                      0.048466    0.000165    2.339507 ^ hold51/A (sg13g2_dlygate4sd3_1)
     1    0.002437    0.021658    0.256087    2.595594 ^ hold51/X (sg13g2_dlygate4sd3_1)
                                                         net51 (net)
                      0.021658    0.000165    2.595758 ^ _191_/D (sg13g2_dfrbpq_1)
                                              2.595758   data arrival time

                                 10.000000   10.000000   clock clk_i (rise edge)
                                  0.000000   10.000000   clock source latency
     1    0.025625    0.026735    0.015211   10.015211 ^ clk_i (in)
                                                         clk_i (net)
                      0.027112    0.000000   10.015211 ^ clkbuf_0_clk_i/A (sg13g2_buf_16)
     8    0.166508    0.036353    0.063756   10.078967 ^ clkbuf_0_clk_i/X (sg13g2_buf_16)
                                                         clknet_0_clk_i (net)
                      0.036970    0.003738   10.082705 ^ clkbuf_3_6__f_clk_i/A (sg13g2_buf_16)
     4    0.016617    0.013692    0.049877   10.132583 ^ clkbuf_3_6__f_clk_i/X (sg13g2_buf_16)
                                                         clknet_3_6__leaf_clk_i (net)
                      0.013698    0.000685   10.133267 ^ _191_/CLK (sg13g2_dfrbpq_1)
                                 -0.250000    9.883267   clock uncertainty
                                  0.000000    9.883267   clock reconvergence pessimism
                                 -0.077093    9.806175   library setup time
                                              9.806175   data required time
---------------------------------------------------------------------------------------------
                                              9.806175   data required time
                                             -2.595758   data arrival time
---------------------------------------------------------------------------------------------
                                              7.210416   slack (MET)


Startpoint: ui_PAD2CORE[0] (input port clocked by clk_i)
Endpoint: _193_ (rising edge-triggered flip-flop clocked by clk_i)
Path Group: clk_i
Path Type: max

Fanout         Cap        Slew       Delay        Time   Description
---------------------------------------------------------------------------------------------
                                  0.000000    0.000000   clock clk_i (rise edge)
                                  0.000000    0.000000   clock network delay (propagated)
                                  2.000000    2.000000 ^ input external delay
     1    0.004676    0.014699    0.002680    2.002680 ^ ui_PAD2CORE[0] (in)
                                                         ui_PAD2CORE[0] (net)
                      0.014699    0.000000    2.002680 ^ input2/A (sg13g2_buf_1)
     2    0.011791    0.036329    0.054356    2.057036 ^ input2/X (sg13g2_buf_1)
                                                         net2 (net)
                      0.036380    0.001097    2.058133 ^ fanout21/A (sg13g2_buf_1)
     8    0.045200    0.121830    0.120487    2.178620 ^ fanout21/X (sg13g2_buf_1)
                                                         net21 (net)
                      0.121880    0.002060    2.180680 ^ _144_/A (sg13g2_nand2_1)
     2    0.013117    0.076883    0.091603    2.272283 v _144_/Y (sg13g2_nand2_1)
                                                         _048_ (net)
                      0.076884    0.000384    2.272667 v _149_/A1 (sg13g2_o21ai_1)
     1    0.001688    0.043026    0.064836    2.337504 ^ _149_/Y (sg13g2_o21ai_1)
                                                         _008_ (net)
                      0.043026    0.000067    2.337570 ^ hold78/A (sg13g2_dlygate4sd3_1)
     1    0.002377    0.021524    0.253691    2.591261 ^ hold78/X (sg13g2_dlygate4sd3_1)
                                                         net78 (net)
                      0.021524    0.000090    2.591352 ^ _193_/D (sg13g2_dfrbpq_1)
                                              2.591352   data arrival time

                                 10.000000   10.000000   clock clk_i (rise edge)
                                  0.000000   10.000000   clock source latency
     1    0.025625    0.026735    0.015211   10.015211 ^ clk_i (in)
                                                         clk_i (net)
                      0.027112    0.000000   10.015211 ^ clkbuf_0_clk_i/A (sg13g2_buf_16)
     8    0.166508    0.036353    0.063756   10.078967 ^ clkbuf_0_clk_i/X (sg13g2_buf_16)
                                                         clknet_0_clk_i (net)
                      0.037037    0.003936   10.082904 ^ clkbuf_3_7__f_clk_i/A (sg13g2_buf_16)
     4    0.015568    0.013539    0.049796   10.132699 ^ clkbuf_3_7__f_clk_i/X (sg13g2_buf_16)
                                                         clknet_3_7__leaf_clk_i (net)
                      0.013539    0.000158   10.132857 ^ _193_/CLK (sg13g2_dfrbpq_1)
                                 -0.250000    9.882857   clock uncertainty
                                  0.000000    9.882857   clock reconvergence pessimism
                                 -0.077078    9.805779   library setup time
                                              9.805779   data required time
---------------------------------------------------------------------------------------------
                                              9.805779   data required time
                                             -2.591352   data arrival time
---------------------------------------------------------------------------------------------
                                              7.214427   slack (MET)


Startpoint: ui_PAD2CORE[0] (input port clocked by clk_i)
Endpoint: _181_ (rising edge-triggered flip-flop clocked by clk_i)
Path Group: clk_i
Path Type: max

Fanout         Cap        Slew       Delay        Time   Description
---------------------------------------------------------------------------------------------
                                  0.000000    0.000000   clock clk_i (rise edge)
                                  0.000000    0.000000   clock network delay (propagated)
                                  2.000000    2.000000 ^ input external delay
     1    0.004676    0.014699    0.002680    2.002680 ^ ui_PAD2CORE[0] (in)
                                                         ui_PAD2CORE[0] (net)
                      0.014699    0.000000    2.002680 ^ input2/A (sg13g2_buf_1)
     2    0.011791    0.036329    0.054356    2.057036 ^ input2/X (sg13g2_buf_1)
                                                         net2 (net)
                      0.036380    0.001097    2.058133 ^ fanout21/A (sg13g2_buf_1)
     8    0.045200    0.121830    0.120487    2.178620 ^ fanout21/X (sg13g2_buf_1)
                                                         net21 (net)
                      0.122019    0.003938    2.182558 ^ _108_/A (sg13g2_nand2_1)
     2    0.011164    0.068833    0.083565    2.266123 v _108_/Y (sg13g2_nand2_1)
                                                         _024_ (net)
                      0.068862    0.000612    2.266735 v _113_/A1 (sg13g2_o21ai_1)
     1    0.002738    0.048096    0.067638    2.334373 ^ _113_/Y (sg13g2_o21ai_1)
                                                         _014_ (net)
                      0.048096    0.000184    2.334557 ^ hold81/A (sg13g2_dlygate4sd3_1)
     1    0.001591    0.019744    0.254048    2.588605 ^ hold81/X (sg13g2_dlygate4sd3_1)
                                                         net81 (net)
                      0.019744    0.000063    2.588668 ^ _181_/D (sg13g2_dfrbpq_1)
                                              2.588668   data arrival time

                                 10.000000   10.000000   clock clk_i (rise edge)
                                  0.000000   10.000000   clock source latency
     1    0.025625    0.026735    0.015211   10.015211 ^ clk_i (in)
                                                         clk_i (net)
                      0.027112    0.000000   10.015211 ^ clkbuf_0_clk_i/A (sg13g2_buf_16)
     8    0.166508    0.036353    0.063756   10.078967 ^ clkbuf_0_clk_i/X (sg13g2_buf_16)
                                                         clknet_0_clk_i (net)
                      0.036887    0.003484   10.082452 ^ clkbuf_3_4__f_clk_i/A (sg13g2_buf_16)
     4    0.015492    0.013520    0.049728   10.132180 ^ clkbuf_3_4__f_clk_i/X (sg13g2_buf_16)
                                                         clknet_3_4__leaf_clk_i (net)
                      0.013520    0.000321   10.132501 ^ _181_/CLK (sg13g2_dfrbpq_1)
                                 -0.250000    9.882501   clock uncertainty
                                  0.000000    9.882501   clock reconvergence pessimism
                                 -0.076647    9.805853   library setup time
                                              9.805853   data required time
---------------------------------------------------------------------------------------------
                                              9.805853   data required time
                                             -2.588668   data arrival time
---------------------------------------------------------------------------------------------
                                              7.217185   slack (MET)


Startpoint: ui_PAD2CORE[0] (input port clocked by clk_i)
Endpoint: _187_ (rising edge-triggered flip-flop clocked by clk_i)
Path Group: clk_i
Path Type: max

Fanout         Cap        Slew       Delay        Time   Description
---------------------------------------------------------------------------------------------
                                  0.000000    0.000000   clock clk_i (rise edge)
                                  0.000000    0.000000   clock network delay (propagated)
                                  2.000000    2.000000 ^ input external delay
     1    0.004676    0.014699    0.002680    2.002680 ^ ui_PAD2CORE[0] (in)
                                                         ui_PAD2CORE[0] (net)
                      0.014699    0.000000    2.002680 ^ input2/A (sg13g2_buf_1)
     2    0.011791    0.036329    0.054356    2.057036 ^ input2/X (sg13g2_buf_1)
                                                         net2 (net)
                      0.036354    0.000782    2.057817 ^ fanout20/A (sg13g2_buf_1)
     8    0.039557    0.107231    0.110804    2.168622 ^ fanout20/X (sg13g2_buf_1)
                                                         net20 (net)
                      0.107316    0.002497    2.171119 ^ _126_/A (sg13g2_nand2_1)
     2    0.013897    0.077509    0.090564    2.261683 v _126_/Y (sg13g2_nand2_1)
                                                         _036_ (net)
                      0.077520    0.000924    2.262607 v _131_/A1 (sg13g2_o21ai_1)
     1    0.002361    0.046934    0.068186    2.330792 ^ _131_/Y (sg13g2_o21ai_1)
                                                         _011_ (net)
                      0.046934    0.000158    2.330950 ^ hold63/A (sg13g2_dlygate4sd3_1)
     1    0.002002    0.020673    0.254484    2.585434 ^ hold63/X (sg13g2_dlygate4sd3_1)
                                                         net63 (net)
                      0.020673    0.000075    2.585509 ^ _187_/D (sg13g2_dfrbpq_1)
                                              2.585509   data arrival time

                                 10.000000   10.000000   clock clk_i (rise edge)
                                  0.000000   10.000000   clock source latency
     1    0.025625    0.026735    0.015211   10.015211 ^ clk_i (in)
                                                         clk_i (net)
                      0.027112    0.000000   10.015211 ^ clkbuf_0_clk_i/A (sg13g2_buf_16)
     8    0.166508    0.036353    0.063756   10.078967 ^ clkbuf_0_clk_i/X (sg13g2_buf_16)
                                                         clknet_0_clk_i (net)
                      0.036929    0.003615   10.082582 ^ clkbuf_3_3__f_clk_i/A (sg13g2_buf_16)
     4    0.017763    0.013876    0.049922   10.132504 ^ clkbuf_3_3__f_clk_i/X (sg13g2_buf_16)
                                                         clknet_3_3__leaf_clk_i (net)
                      0.013903    0.001187   10.133691 ^ _187_/CLK (sg13g2_dfrbpq_1)
                                 -0.250000    9.883691   clock uncertainty
                                  0.000000    9.883691   clock reconvergence pessimism
                                 -0.076830    9.806861   library setup time
                                              9.806861   data required time
---------------------------------------------------------------------------------------------
                                              9.806861   data required time
                                             -2.585509   data arrival time
---------------------------------------------------------------------------------------------
                                              7.221352   slack (MET)


Startpoint: ui_PAD2CORE[0] (input port clocked by clk_i)
Endpoint: _185_ (rising edge-triggered flip-flop clocked by clk_i)
Path Group: clk_i
Path Type: max

Fanout         Cap        Slew       Delay        Time   Description
---------------------------------------------------------------------------------------------
                                  0.000000    0.000000   clock clk_i (rise edge)
                                  0.000000    0.000000   clock network delay (propagated)
                                  2.000000    2.000000 ^ input external delay
     1    0.004676    0.014699    0.002680    2.002680 ^ ui_PAD2CORE[0] (in)
                                                         ui_PAD2CORE[0] (net)
                      0.014699    0.000000    2.002680 ^ input2/A (sg13g2_buf_1)
     2    0.011791    0.036329    0.054356    2.057036 ^ input2/X (sg13g2_buf_1)
                                                         net2 (net)
                      0.036354    0.000782    2.057817 ^ fanout20/A (sg13g2_buf_1)
     8    0.039557    0.107231    0.110804    2.168622 ^ fanout20/X (sg13g2_buf_1)
                                                         net20 (net)
                      0.107330    0.002682    2.171304 ^ _120_/A (sg13g2_nand2_1)
     2    0.013885    0.077507    0.090446    2.261749 v _120_/Y (sg13g2_nand2_1)
                                                         _032_ (net)
                      0.077545    0.001049    2.262798 v _125_/A1 (sg13g2_o21ai_1)
     1    0.002240    0.046253    0.067621    2.330419 ^ _125_/Y (sg13g2_o21ai_1)
                                                         _012_ (net)
                      0.046253    0.000149    2.330568 ^ hold60/A (sg13g2_dlygate4sd3_1)
     1    0.002044    0.020770    0.254294    2.584862 ^ hold60/X (sg13g2_dlygate4sd3_1)
                                                         net60 (net)
                      0.020770    0.000078    2.584940 ^ _185_/D (sg13g2_dfrbpq_1)
                                              2.584940   data arrival time

                                 10.000000   10.000000   clock clk_i (rise edge)
                                  0.000000   10.000000   clock source latency
     1    0.025625    0.026735    0.015211   10.015211 ^ clk_i (in)
                                                         clk_i (net)
                      0.027112    0.000000   10.015211 ^ clkbuf_0_clk_i/A (sg13g2_buf_16)
     8    0.166508    0.036353    0.063756   10.078967 ^ clkbuf_0_clk_i/X (sg13g2_buf_16)
                                                         clknet_0_clk_i (net)
                      0.036897    0.003516   10.082483 ^ clkbuf_3_1__f_clk_i/A (sg13g2_buf_16)
     4    0.018603    0.013994    0.050048   10.132531 ^ clkbuf_3_1__f_clk_i/X (sg13g2_buf_16)
                                                         clknet_3_1__leaf_clk_i (net)
                      0.014020    0.001157   10.133689 ^ _185_/CLK (sg13g2_dfrbpq_1)
                                 -0.250000    9.883689   clock uncertainty
                                  0.000000    9.883689   clock reconvergence pessimism
                                 -0.076841    9.806849   library setup time
                                              9.806849   data required time
---------------------------------------------------------------------------------------------
                                              9.806849   data required time
                                             -2.584940   data arrival time
---------------------------------------------------------------------------------------------
                                              7.221909   slack (MET)


Startpoint: ui_PAD2CORE[0] (input port clocked by clk_i)
Endpoint: _171_ (rising edge-triggered flip-flop clocked by clk_i)
Path Group: clk_i
Path Type: max

Fanout         Cap        Slew       Delay        Time   Description
---------------------------------------------------------------------------------------------
                                  0.000000    0.000000   clock clk_i (rise edge)
                                  0.000000    0.000000   clock network delay (propagated)
                                  2.000000    2.000000 ^ input external delay
     1    0.004676    0.014699    0.002680    2.002680 ^ ui_PAD2CORE[0] (in)
                                                         ui_PAD2CORE[0] (net)
                      0.014699    0.000000    2.002680 ^ input2/A (sg13g2_buf_1)
     2    0.011791    0.036329    0.054356    2.057036 ^ input2/X (sg13g2_buf_1)
                                                         net2 (net)
                      0.036354    0.000782    2.057817 ^ fanout20/A (sg13g2_buf_1)
     8    0.039557    0.107231    0.110804    2.168622 ^ fanout20/X (sg13g2_buf_1)
                                                         net20 (net)
                      0.107326    0.002625    2.171247 ^ _078_/A (sg13g2_nand2_1)
     2    0.012951    0.073666    0.086770    2.258016 v _078_/Y (sg13g2_nand2_1)
                                                         _065_ (net)
                      0.073710    0.001124    2.259140 v _083_/A1 (sg13g2_o21ai_1)
     1    0.002759    0.048755    0.069037    2.328177 ^ _083_/Y (sg13g2_o21ai_1)
                                                         _005_ (net)
                      0.048755    0.000207    2.328384 ^ hold45/A (sg13g2_dlygate4sd3_1)
     1    0.001721    0.020045    0.254615    2.582999 ^ hold45/X (sg13g2_dlygate4sd3_1)
                                                         net45 (net)
                      0.020046    0.000066    2.583065 ^ _171_/D (sg13g2_dfrbpq_1)
                                              2.583065   data arrival time

                                 10.000000   10.000000   clock clk_i (rise edge)
                                  0.000000   10.000000   clock source latency
     1    0.025625    0.026735    0.015211   10.015211 ^ clk_i (in)
                                                         clk_i (net)
                      0.027112    0.000000   10.015211 ^ clkbuf_0_clk_i/A (sg13g2_buf_16)
     8    0.166508    0.036353    0.063756   10.078967 ^ clkbuf_0_clk_i/X (sg13g2_buf_16)
                                                         clknet_0_clk_i (net)
                      0.036871    0.003434   10.082401 ^ clkbuf_3_2__f_clk_i/A (sg13g2_buf_16)
     4    0.017256    0.013786    0.049894   10.132296 ^ clkbuf_3_2__f_clk_i/X (sg13g2_buf_16)
                                                         clknet_3_2__leaf_clk_i (net)
                      0.013802    0.000949   10.133245 ^ _171_/CLK (sg13g2_dfrbpq_1)
                                 -0.250000    9.883245   clock uncertainty
                                  0.000000    9.883245   clock reconvergence pessimism
                                 -0.076689    9.806556   library setup time
                                              9.806556   data required time
---------------------------------------------------------------------------------------------
                                              9.806556   data required time
                                             -2.583065   data arrival time
---------------------------------------------------------------------------------------------
                                              7.223491   slack (MET)


Startpoint: ui_PAD2CORE[0] (input port clocked by clk_i)
Endpoint: _175_ (rising edge-triggered flip-flop clocked by clk_i)
Path Group: clk_i
Path Type: max

Fanout         Cap        Slew       Delay        Time   Description
---------------------------------------------------------------------------------------------
                                  0.000000    0.000000   clock clk_i (rise edge)
                                  0.000000    0.000000   clock network delay (propagated)
                                  2.000000    2.000000 ^ input external delay
     1    0.004676    0.014699    0.002680    2.002680 ^ ui_PAD2CORE[0] (in)
                                                         ui_PAD2CORE[0] (net)
                      0.014699    0.000000    2.002680 ^ input2/A (sg13g2_buf_1)
     2    0.011791    0.036329    0.054356    2.057036 ^ input2/X (sg13g2_buf_1)
                                                         net2 (net)
                      0.036354    0.000782    2.057817 ^ fanout20/A (sg13g2_buf_1)
     8    0.039557    0.107231    0.110804    2.168622 ^ fanout20/X (sg13g2_buf_1)
                                                         net20 (net)
                      0.107433    0.003801    2.172422 ^ _090_/A (sg13g2_nand2_1)
     2    0.011393    0.067204    0.080909    2.253331 v _090_/Y (sg13g2_nand2_1)
                                                         _073_ (net)
                      0.067233    0.000657    2.253988 v _095_/A1 (sg13g2_o21ai_1)
     1    0.002713    0.047780    0.067102    2.321090 ^ _095_/Y (sg13g2_o21ai_1)
                                                         _003_ (net)
                      0.047780    0.000098    2.321188 ^ hold48/A (sg13g2_dlygate4sd3_1)
     1    0.002454    0.021696    0.255841    2.577029 ^ hold48/X (sg13g2_dlygate4sd3_1)
                                                         net48 (net)
                      0.021696    0.000154    2.577183 ^ _175_/D (sg13g2_dfrbpq_1)
                                              2.577183   data arrival time

                                 10.000000   10.000000   clock clk_i (rise edge)
                                  0.000000   10.000000   clock source latency
     1    0.025625    0.026735    0.015211   10.015211 ^ clk_i (in)
                                                         clk_i (net)
                      0.027112    0.000000   10.015211 ^ clkbuf_0_clk_i/A (sg13g2_buf_16)
     8    0.166508    0.036353    0.063756   10.078967 ^ clkbuf_0_clk_i/X (sg13g2_buf_16)
                                                         clknet_0_clk_i (net)
                      0.036801    0.003199   10.082167 ^ clkbuf_3_0__f_clk_i/A (sg13g2_buf_16)
     4    0.015231    0.013477    0.049669   10.131835 ^ clkbuf_3_0__f_clk_i/X (sg13g2_buf_16)
                                                         clknet_3_0__leaf_clk_i (net)
                      0.013477    0.000258   10.132092 ^ _175_/CLK (sg13g2_dfrbpq_1)
                                 -0.250000    9.882092   clock uncertainty
                                  0.000000    9.882092   clock reconvergence pessimism
                                 -0.077127    9.804966   library setup time
                                              9.804966   data required time
---------------------------------------------------------------------------------------------
                                              9.804966   data required time
                                             -2.577183   data arrival time
---------------------------------------------------------------------------------------------
                                              7.227783   slack (MET)


Startpoint: ui_PAD2CORE[0] (input port clocked by clk_i)
Endpoint: _177_ (rising edge-triggered flip-flop clocked by clk_i)
Path Group: clk_i
Path Type: max

Fanout         Cap        Slew       Delay        Time   Description
---------------------------------------------------------------------------------------------
                                  0.000000    0.000000   clock clk_i (rise edge)
                                  0.000000    0.000000   clock network delay (propagated)
                                  2.000000    2.000000 ^ input external delay
     1    0.004676    0.014699    0.002680    2.002680 ^ ui_PAD2CORE[0] (in)
                                                         ui_PAD2CORE[0] (net)
                      0.014699    0.000000    2.002680 ^ input2/A (sg13g2_buf_1)
     2    0.011791    0.036329    0.054356    2.057036 ^ input2/X (sg13g2_buf_1)
                                                         net2 (net)
                      0.036354    0.000782    2.057817 ^ fanout20/A (sg13g2_buf_1)
     8    0.039557    0.107231    0.110804    2.168622 ^ fanout20/X (sg13g2_buf_1)
                                                         net20 (net)
                      0.107448    0.003934    2.172556 ^ _096_/A (sg13g2_nand2_1)
     2    0.010906    0.065239    0.079010    2.251566 v _096_/Y (sg13g2_nand2_1)
                                                         _077_ (net)
                      0.065268    0.000629    2.252196 v _101_/A1 (sg13g2_o21ai_1)
     1    0.002720    0.047600    0.066606    2.318801 ^ _101_/Y (sg13g2_o21ai_1)
                                                         _002_ (net)
                      0.047600    0.000097    2.318899 ^ hold87/A (sg13g2_dlygate4sd3_1)
     1    0.001877    0.020390    0.254484    2.573382 ^ hold87/X (sg13g2_dlygate4sd3_1)
                                                         net87 (net)
                      0.020390    0.000071    2.573453 ^ _177_/D (sg13g2_dfrbpq_1)
                                              2.573453   data arrival time

                                 10.000000   10.000000   clock clk_i (rise edge)
                                  0.000000   10.000000   clock source latency
     1    0.025625    0.026735    0.015211   10.015211 ^ clk_i (in)
                                                         clk_i (net)
                      0.027112    0.000000   10.015211 ^ clkbuf_0_clk_i/A (sg13g2_buf_16)
     8    0.166508    0.036353    0.063756   10.078967 ^ clkbuf_0_clk_i/X (sg13g2_buf_16)
                                                         clknet_0_clk_i (net)
                      0.036897    0.003516   10.082483 ^ clkbuf_3_1__f_clk_i/A (sg13g2_buf_16)
     4    0.018603    0.013994    0.050048   10.132531 ^ clkbuf_3_1__f_clk_i/X (sg13g2_buf_16)
                                                         clknet_3_1__leaf_clk_i (net)
                      0.014016    0.001081   10.133613 ^ _177_/CLK (sg13g2_dfrbpq_1)
                                 -0.250000    9.883613   clock uncertainty
                                  0.000000    9.883613   clock reconvergence pessimism
                                 -0.076749    9.806864   library setup time
                                              9.806864   data required time
---------------------------------------------------------------------------------------------
                                              9.806864   data required time
                                             -2.573453   data arrival time
---------------------------------------------------------------------------------------------
                                              7.233410   slack (MET)


Startpoint: ui_PAD2CORE[0] (input port clocked by clk_i)
Endpoint: _173_ (rising edge-triggered flip-flop clocked by clk_i)
Path Group: clk_i
Path Type: max

Fanout         Cap        Slew       Delay        Time   Description
---------------------------------------------------------------------------------------------
                                  0.000000    0.000000   clock clk_i (rise edge)
                                  0.000000    0.000000   clock network delay (propagated)
                                  2.000000    2.000000 ^ input external delay
     1    0.004676    0.014699    0.002680    2.002680 ^ ui_PAD2CORE[0] (in)
                                                         ui_PAD2CORE[0] (net)
                      0.014699    0.000000    2.002680 ^ input2/A (sg13g2_buf_1)
     2    0.011791    0.036329    0.054356    2.057036 ^ input2/X (sg13g2_buf_1)
                                                         net2 (net)
                      0.036354    0.000782    2.057817 ^ fanout20/A (sg13g2_buf_1)
     8    0.039557    0.107231    0.110804    2.168622 ^ fanout20/X (sg13g2_buf_1)
                                                         net20 (net)
                      0.107402    0.003502    2.172124 ^ _084_/B (sg13g2_nand2_1)
     2    0.011084    0.060727    0.079138    2.251262 v _084_/Y (sg13g2_nand2_1)
                                                         _069_ (net)
                      0.060728    0.000343    2.251605 v _089_/A1 (sg13g2_o21ai_1)
     1    0.002720    0.047092    0.065365    2.316970 ^ _089_/Y (sg13g2_o21ai_1)
                                                         _004_ (net)
                      0.047092    0.000199    2.317169 ^ hold54/A (sg13g2_dlygate4sd3_1)
     1    0.001855    0.020355    0.254221    2.571390 ^ hold54/X (sg13g2_dlygate4sd3_1)
                                                         net54 (net)
                      0.020355    0.000069    2.571459 ^ _173_/D (sg13g2_dfrbpq_1)
                                              2.571459   data arrival time

                                 10.000000   10.000000   clock clk_i (rise edge)
                                  0.000000   10.000000   clock source latency
     1    0.025625    0.026735    0.015211   10.015211 ^ clk_i (in)
                                                         clk_i (net)
                      0.027112    0.000000   10.015211 ^ clkbuf_0_clk_i/A (sg13g2_buf_16)
     8    0.166508    0.036353    0.063756   10.078967 ^ clkbuf_0_clk_i/X (sg13g2_buf_16)
                                                         clknet_0_clk_i (net)
                      0.036801    0.003199   10.082167 ^ clkbuf_3_0__f_clk_i/A (sg13g2_buf_16)
     4    0.015231    0.013477    0.049669   10.131835 ^ clkbuf_3_0__f_clk_i/X (sg13g2_buf_16)
                                                         clknet_3_0__leaf_clk_i (net)
                      0.013477    0.000226   10.132061 ^ _173_/CLK (sg13g2_dfrbpq_1)
                                 -0.250000    9.882061   clock uncertainty
                                  0.000000    9.882061   clock reconvergence pessimism
                                 -0.076801    9.805260   library setup time
                                              9.805260   data required time
---------------------------------------------------------------------------------------------
                                              9.805260   data required time
                                             -2.571459   data arrival time
---------------------------------------------------------------------------------------------
                                              7.233801   slack (MET)


Startpoint: ui_PAD2CORE[0] (input port clocked by clk_i)
Endpoint: _189_ (rising edge-triggered flip-flop clocked by clk_i)
Path Group: clk_i
Path Type: max

Fanout         Cap        Slew       Delay        Time   Description
---------------------------------------------------------------------------------------------
                                  0.000000    0.000000   clock clk_i (rise edge)
                                  0.000000    0.000000   clock network delay (propagated)
                                  2.000000    2.000000 ^ input external delay
     1    0.004676    0.014699    0.002680    2.002680 ^ ui_PAD2CORE[0] (in)
                                                         ui_PAD2CORE[0] (net)
                      0.014699    0.000000    2.002680 ^ input2/A (sg13g2_buf_1)
     2    0.011791    0.036329    0.054356    2.057036 ^ input2/X (sg13g2_buf_1)
                                                         net2 (net)
                      0.036354    0.000782    2.057817 ^ fanout20/A (sg13g2_buf_1)
     8    0.039557    0.107231    0.110804    2.168622 ^ fanout20/X (sg13g2_buf_1)
                                                         net20 (net)
                      0.107233    0.000353    2.168975 ^ _132_/A (sg13g2_nand2_1)
     2    0.011715    0.068415    0.082207    2.251182 v _132_/Y (sg13g2_nand2_1)
                                                         _040_ (net)
                      0.068440    0.000503    2.251685 v _137_/A1 (sg13g2_o21ai_1)
     1    0.002263    0.045357    0.065300    2.316986 ^ _137_/Y (sg13g2_o21ai_1)
                                                         _010_ (net)
                      0.045357    0.000152    2.317137 ^ hold66/A (sg13g2_dlygate4sd3_1)
     1    0.001882    0.020400    0.253556    2.570693 ^ hold66/X (sg13g2_dlygate4sd3_1)
                                                         net66 (net)
                      0.020400    0.000071    2.570765 ^ _189_/D (sg13g2_dfrbpq_1)
                                              2.570765   data arrival time

                                 10.000000   10.000000   clock clk_i (rise edge)
                                  0.000000   10.000000   clock source latency
     1    0.025625    0.026735    0.015211   10.015211 ^ clk_i (in)
                                                         clk_i (net)
                      0.027112    0.000000   10.015211 ^ clkbuf_0_clk_i/A (sg13g2_buf_16)
     8    0.166508    0.036353    0.063756   10.078967 ^ clkbuf_0_clk_i/X (sg13g2_buf_16)
                                                         clknet_0_clk_i (net)
                      0.036871    0.003434   10.082401 ^ clkbuf_3_2__f_clk_i/A (sg13g2_buf_16)
     4    0.017256    0.013786    0.049894   10.132296 ^ clkbuf_3_2__f_clk_i/X (sg13g2_buf_16)
                                                         clknet_3_2__leaf_clk_i (net)
                      0.013798    0.000869   10.133163 ^ _189_/CLK (sg13g2_dfrbpq_1)
                                 -0.250000    9.883163   clock uncertainty
                                  0.000000    9.883163   clock reconvergence pessimism
                                 -0.076776    9.806388   library setup time
                                              9.806388   data required time
---------------------------------------------------------------------------------------------
                                              9.806388   data required time
                                             -2.570765   data arrival time
---------------------------------------------------------------------------------------------
                                              7.235623   slack (MET)


Startpoint: rst_ni (input port clocked by clk_i)
Endpoint: _172_ (recovery check against rising-edge clock clk_i)
Path Group: asynchronous
Path Type: max

Fanout         Cap        Slew       Delay        Time   Description
---------------------------------------------------------------------------------------------
                                  0.000000    0.000000   clock clk_i (rise edge)
                                  0.000000    0.000000   clock network delay (propagated)
                                  2.000000    2.000000 ^ input external delay
     1    0.004747    0.014742    0.002695    2.002695 ^ rst_ni (in)
                                                         rst_ni (net)
                      0.014742    0.000000    2.002695 ^ input1/A (sg13g2_buf_1)
     1    0.002933    0.014600    0.038162    2.040858 ^ input1/X (sg13g2_buf_1)
                                                         net1 (net)
                      0.014602    0.000114    2.040972 ^ fanout26/A (sg13g2_buf_1)
     4    0.023934    0.066866    0.076451    2.117423 ^ fanout26/X (sg13g2_buf_1)
                                                         net26 (net)
                      0.066891    0.001074    2.118497 ^ fanout23/A (sg13g2_buf_1)
     8    0.056095    0.150197    0.148736    2.267233 ^ fanout23/X (sg13g2_buf_1)
                                                         net23 (net)
                      0.150212    0.001246    2.268479 ^ fanout22/A (sg13g2_buf_1)
     8    0.054265    0.145698    0.167402    2.435881 ^ fanout22/X (sg13g2_buf_1)
                                                         net22 (net)
                      0.145793    0.003078    2.438959 ^ _172_/RESET_B (sg13g2_dfrbpq_1)
                                              2.438959   data arrival time

                                 10.000000   10.000000   clock clk_i (rise edge)
                                  0.000000   10.000000   clock source latency
     1    0.025625    0.026735    0.015211   10.015211 ^ clk_i (in)
                                                         clk_i (net)
                      0.027112    0.000000   10.015211 ^ clkbuf_0_clk_i/A (sg13g2_buf_16)
     8    0.166508    0.036353    0.063756   10.078967 ^ clkbuf_0_clk_i/X (sg13g2_buf_16)
                                                         clknet_0_clk_i (net)
                      0.036801    0.003199   10.082167 ^ clkbuf_3_0__f_clk_i/A (sg13g2_buf_16)
     4    0.015231    0.013477    0.049669   10.131835 ^ clkbuf_3_0__f_clk_i/X (sg13g2_buf_16)
                                                         clknet_3_0__leaf_clk_i (net)
                      0.013477    0.000249   10.132084 ^ _172_/CLK (sg13g2_dfrbpq_1)
                                 -0.250000    9.882084   clock uncertainty
                                  0.000000    9.882084   clock reconvergence pessimism
                                 -0.110987    9.771097   library recovery time
                                              9.771097   data required time
---------------------------------------------------------------------------------------------
                                              9.771097   data required time
                                             -2.438959   data arrival time
---------------------------------------------------------------------------------------------
                                              7.332138   slack (MET)


Startpoint: rst_ni (input port clocked by clk_i)
Endpoint: _186_ (recovery check against rising-edge clock clk_i)
Path Group: asynchronous
Path Type: max

Fanout         Cap        Slew       Delay        Time   Description
---------------------------------------------------------------------------------------------
                                  0.000000    0.000000   clock clk_i (rise edge)
                                  0.000000    0.000000   clock network delay (propagated)
                                  2.000000    2.000000 ^ input external delay
     1    0.004747    0.014742    0.002695    2.002695 ^ rst_ni (in)
                                                         rst_ni (net)
                      0.014742    0.000000    2.002695 ^ input1/A (sg13g2_buf_1)
     1    0.002933    0.014600    0.038162    2.040858 ^ input1/X (sg13g2_buf_1)
                                                         net1 (net)
                      0.014602    0.000114    2.040972 ^ fanout26/A (sg13g2_buf_1)
     4    0.023934    0.066866    0.076451    2.117423 ^ fanout26/X (sg13g2_buf_1)
                                                         net26 (net)
                      0.066891    0.001074    2.118497 ^ fanout23/A (sg13g2_buf_1)
     8    0.056095    0.150197    0.148736    2.267233 ^ fanout23/X (sg13g2_buf_1)
                                                         net23 (net)
                      0.150212    0.001246    2.268479 ^ fanout22/A (sg13g2_buf_1)
     8    0.054265    0.145698    0.167402    2.435881 ^ fanout22/X (sg13g2_buf_1)
                                                         net22 (net)
                      0.145854    0.003924    2.439805 ^ _186_/RESET_B (sg13g2_dfrbpq_1)
                                              2.439805   data arrival time

                                 10.000000   10.000000   clock clk_i (rise edge)
                                  0.000000   10.000000   clock source latency
     1    0.025625    0.026735    0.015211   10.015211 ^ clk_i (in)
                                                         clk_i (net)
                      0.027112    0.000000   10.015211 ^ clkbuf_0_clk_i/A (sg13g2_buf_16)
     8    0.166508    0.036353    0.063756   10.078967 ^ clkbuf_0_clk_i/X (sg13g2_buf_16)
                                                         clknet_0_clk_i (net)
                      0.036929    0.003615   10.082582 ^ clkbuf_3_3__f_clk_i/A (sg13g2_buf_16)
     4    0.017763    0.013876    0.049922   10.132504 ^ clkbuf_3_3__f_clk_i/X (sg13g2_buf_16)
                                                         clknet_3_3__leaf_clk_i (net)
                      0.013905    0.001212   10.133717 ^ _186_/CLK (sg13g2_dfrbpq_1)
                                 -0.250000    9.883717   clock uncertainty
                                  0.000000    9.883717   clock reconvergence pessimism
                                 -0.110952    9.772765   library recovery time
                                              9.772765   data required time
---------------------------------------------------------------------------------------------
                                              9.772765   data required time
                                             -2.439805   data arrival time
---------------------------------------------------------------------------------------------
                                              7.332960   slack (MET)


Startpoint: rst_ni (input port clocked by clk_i)
Endpoint: _187_ (recovery check against rising-edge clock clk_i)
Path Group: asynchronous
Path Type: max

Fanout         Cap        Slew       Delay        Time   Description
---------------------------------------------------------------------------------------------
                                  0.000000    0.000000   clock clk_i (rise edge)
                                  0.000000    0.000000   clock network delay (propagated)
                                  2.000000    2.000000 ^ input external delay
     1    0.004747    0.014742    0.002695    2.002695 ^ rst_ni (in)
                                                         rst_ni (net)
                      0.014742    0.000000    2.002695 ^ input1/A (sg13g2_buf_1)
     1    0.002933    0.014600    0.038162    2.040858 ^ input1/X (sg13g2_buf_1)
                                                         net1 (net)
                      0.014602    0.000114    2.040972 ^ fanout26/A (sg13g2_buf_1)
     4    0.023934    0.066866    0.076451    2.117423 ^ fanout26/X (sg13g2_buf_1)
                                                         net26 (net)
                      0.066891    0.001074    2.118497 ^ fanout23/A (sg13g2_buf_1)
     8    0.056095    0.150197    0.148736    2.267233 ^ fanout23/X (sg13g2_buf_1)
                                                         net23 (net)
                      0.150212    0.001246    2.268479 ^ fanout22/A (sg13g2_buf_1)
     8    0.054265    0.145698    0.167402    2.435881 ^ fanout22/X (sg13g2_buf_1)
                                                         net22 (net)
                      0.145851    0.003886    2.439767 ^ _187_/RESET_B (sg13g2_dfrbpq_1)
                                              2.439767   data arrival time

                                 10.000000   10.000000   clock clk_i (rise edge)
                                  0.000000   10.000000   clock source latency
     1    0.025625    0.026735    0.015211   10.015211 ^ clk_i (in)
                                                         clk_i (net)
                      0.027112    0.000000   10.015211 ^ clkbuf_0_clk_i/A (sg13g2_buf_16)
     8    0.166508    0.036353    0.063756   10.078967 ^ clkbuf_0_clk_i/X (sg13g2_buf_16)
                                                         clknet_0_clk_i (net)
                      0.036929    0.003615   10.082582 ^ clkbuf_3_3__f_clk_i/A (sg13g2_buf_16)
     4    0.017763    0.013876    0.049922   10.132504 ^ clkbuf_3_3__f_clk_i/X (sg13g2_buf_16)
                                                         clknet_3_3__leaf_clk_i (net)
                      0.013903    0.001187   10.133691 ^ _187_/CLK (sg13g2_dfrbpq_1)
                                 -0.250000    9.883691   clock uncertainty
                                  0.000000    9.883691   clock reconvergence pessimism
                                 -0.110951    9.772739   library recovery time
                                              9.772739   data required time
---------------------------------------------------------------------------------------------
                                              9.772739   data required time
                                             -2.439767   data arrival time
---------------------------------------------------------------------------------------------
                                              7.332972   slack (MET)


Startpoint: rst_ni (input port clocked by clk_i)
Endpoint: _189_ (recovery check against rising-edge clock clk_i)
Path Group: asynchronous
Path Type: max

Fanout         Cap        Slew       Delay        Time   Description
---------------------------------------------------------------------------------------------
                                  0.000000    0.000000   clock clk_i (rise edge)
                                  0.000000    0.000000   clock network delay (propagated)
                                  2.000000    2.000000 ^ input external delay
     1    0.004747    0.014742    0.002695    2.002695 ^ rst_ni (in)
                                                         rst_ni (net)
                      0.014742    0.000000    2.002695 ^ input1/A (sg13g2_buf_1)
     1    0.002933    0.014600    0.038162    2.040858 ^ input1/X (sg13g2_buf_1)
                                                         net1 (net)
                      0.014602    0.000114    2.040972 ^ fanout26/A (sg13g2_buf_1)
     4    0.023934    0.066866    0.076451    2.117423 ^ fanout26/X (sg13g2_buf_1)
                                                         net26 (net)
                      0.066891    0.001074    2.118497 ^ fanout23/A (sg13g2_buf_1)
     8    0.056095    0.150197    0.148736    2.267233 ^ fanout23/X (sg13g2_buf_1)
                                                         net23 (net)
                      0.150212    0.001246    2.268479 ^ fanout22/A (sg13g2_buf_1)
     8    0.054265    0.145698    0.167402    2.435881 ^ fanout22/X (sg13g2_buf_1)
                                                         net22 (net)
                      0.145805    0.003266    2.439147 ^ _189_/RESET_B (sg13g2_dfrbpq_1)
                                              2.439147   data arrival time

                                 10.000000   10.000000   clock clk_i (rise edge)
                                  0.000000   10.000000   clock source latency
     1    0.025625    0.026735    0.015211   10.015211 ^ clk_i (in)
                                                         clk_i (net)
                      0.027112    0.000000   10.015211 ^ clkbuf_0_clk_i/A (sg13g2_buf_16)
     8    0.166508    0.036353    0.063756   10.078967 ^ clkbuf_0_clk_i/X (sg13g2_buf_16)
                                                         clknet_0_clk_i (net)
                      0.036871    0.003434   10.082401 ^ clkbuf_3_2__f_clk_i/A (sg13g2_buf_16)
     4    0.017256    0.013786    0.049894   10.132296 ^ clkbuf_3_2__f_clk_i/X (sg13g2_buf_16)
                                                         clknet_3_2__leaf_clk_i (net)
                      0.013798    0.000869   10.133163 ^ _189_/CLK (sg13g2_dfrbpq_1)
                                 -0.250000    9.883163   clock uncertainty
                                  0.000000    9.883163   clock reconvergence pessimism
                                 -0.110953    9.772211   library recovery time
                                              9.772211   data required time
---------------------------------------------------------------------------------------------
                                              9.772211   data required time
                                             -2.439147   data arrival time
---------------------------------------------------------------------------------------------
                                              7.333064   slack (MET)


Startpoint: rst_ni (input port clocked by clk_i)
Endpoint: _200_ (recovery check against rising-edge clock clk_i)
Path Group: asynchronous
Path Type: max

Fanout         Cap        Slew       Delay        Time   Description
---------------------------------------------------------------------------------------------
                                  0.000000    0.000000   clock clk_i (rise edge)
                                  0.000000    0.000000   clock network delay (propagated)
                                  2.000000    2.000000 ^ input external delay
     1    0.004747    0.014742    0.002695    2.002695 ^ rst_ni (in)
                                                         rst_ni (net)
                      0.014742    0.000000    2.002695 ^ input1/A (sg13g2_buf_1)
     1    0.002933    0.014600    0.038162    2.040858 ^ input1/X (sg13g2_buf_1)
                                                         net1 (net)
                      0.014602    0.000114    2.040972 ^ fanout26/A (sg13g2_buf_1)
     4    0.023934    0.066866    0.076451    2.117423 ^ fanout26/X (sg13g2_buf_1)
                                                         net26 (net)
                      0.066891    0.001074    2.118497 ^ fanout23/A (sg13g2_buf_1)
     8    0.056095    0.150197    0.148736    2.267233 ^ fanout23/X (sg13g2_buf_1)
                                                         net23 (net)
                      0.150212    0.001246    2.268479 ^ fanout22/A (sg13g2_buf_1)
     8    0.054265    0.145698    0.167402    2.435881 ^ fanout22/X (sg13g2_buf_1)
                                                         net22 (net)
                      0.145773    0.002739    2.438620 ^ _200_/RESET_B (sg13g2_dfrbpq_1)
                                              2.438620   data arrival time

                                 10.000000   10.000000   clock clk_i (rise edge)
                                  0.000000   10.000000   clock source latency
     1    0.025625    0.026735    0.015211   10.015211 ^ clk_i (in)
                                                         clk_i (net)
                      0.027112    0.000000   10.015211 ^ clkbuf_0_clk_i/A (sg13g2_buf_16)
     8    0.166508    0.036353    0.063756   10.078967 ^ clkbuf_0_clk_i/X (sg13g2_buf_16)
                                                         clknet_0_clk_i (net)
                      0.036871    0.003434   10.082401 ^ clkbuf_3_2__f_clk_i/A (sg13g2_buf_16)
     4    0.017256    0.013786    0.049894   10.132296 ^ clkbuf_3_2__f_clk_i/X (sg13g2_buf_16)
                                                         clknet_3_2__leaf_clk_i (net)
                      0.013788    0.000435   10.132730 ^ _200_/CLK (sg13g2_dfrbpq_1)
                                 -0.250000    9.882730   clock uncertainty
                                  0.000000    9.882730   clock reconvergence pessimism
                                 -0.110946    9.771785   library recovery time
                                              9.771785   data required time
---------------------------------------------------------------------------------------------
                                              9.771785   data required time
                                             -2.438620   data arrival time
---------------------------------------------------------------------------------------------
                                              7.333165   slack (MET)


Startpoint: rst_ni (input port clocked by clk_i)
Endpoint: _171_ (recovery check against rising-edge clock clk_i)
Path Group: asynchronous
Path Type: max

Fanout         Cap        Slew       Delay        Time   Description
---------------------------------------------------------------------------------------------
                                  0.000000    0.000000   clock clk_i (rise edge)
                                  0.000000    0.000000   clock network delay (propagated)
                                  2.000000    2.000000 ^ input external delay
     1    0.004747    0.014742    0.002695    2.002695 ^ rst_ni (in)
                                                         rst_ni (net)
                      0.014742    0.000000    2.002695 ^ input1/A (sg13g2_buf_1)
     1    0.002933    0.014600    0.038162    2.040858 ^ input1/X (sg13g2_buf_1)
                                                         net1 (net)
                      0.014602    0.000114    2.040972 ^ fanout26/A (sg13g2_buf_1)
     4    0.023934    0.066866    0.076451    2.117423 ^ fanout26/X (sg13g2_buf_1)
                                                         net26 (net)
                      0.066891    0.001074    2.118497 ^ fanout23/A (sg13g2_buf_1)
     8    0.056095    0.150197    0.148736    2.267233 ^ fanout23/X (sg13g2_buf_1)
                                                         net23 (net)
                      0.150212    0.001246    2.268479 ^ fanout22/A (sg13g2_buf_1)
     8    0.054265    0.145698    0.167402    2.435881 ^ fanout22/X (sg13g2_buf_1)
                                                         net22 (net)
                      0.145790    0.003030    2.438911 ^ _171_/RESET_B (sg13g2_dfrbpq_1)
                                              2.438911   data arrival time

                                 10.000000   10.000000   clock clk_i (rise edge)
                                  0.000000   10.000000   clock source latency
     1    0.025625    0.026735    0.015211   10.015211 ^ clk_i (in)
                                                         clk_i (net)
                      0.027112    0.000000   10.015211 ^ clkbuf_0_clk_i/A (sg13g2_buf_16)
     8    0.166508    0.036353    0.063756   10.078967 ^ clkbuf_0_clk_i/X (sg13g2_buf_16)
                                                         clknet_0_clk_i (net)
                      0.036871    0.003434   10.082401 ^ clkbuf_3_2__f_clk_i/A (sg13g2_buf_16)
     4    0.017256    0.013786    0.049894   10.132296 ^ clkbuf_3_2__f_clk_i/X (sg13g2_buf_16)
                                                         clknet_3_2__leaf_clk_i (net)
                      0.013802    0.000949   10.133245 ^ _171_/CLK (sg13g2_dfrbpq_1)
                                 -0.250000    9.883245   clock uncertainty
                                  0.000000    9.883245   clock reconvergence pessimism
                                 -0.110949    9.772296   library recovery time
                                              9.772296   data required time
---------------------------------------------------------------------------------------------
                                              9.772296   data required time
                                             -2.438911   data arrival time
---------------------------------------------------------------------------------------------
                                              7.333385   slack (MET)


Startpoint: rst_ni (input port clocked by clk_i)
Endpoint: _199_ (recovery check against rising-edge clock clk_i)
Path Group: asynchronous
Path Type: max

Fanout         Cap        Slew       Delay        Time   Description
---------------------------------------------------------------------------------------------
                                  0.000000    0.000000   clock clk_i (rise edge)
                                  0.000000    0.000000   clock network delay (propagated)
                                  2.000000    2.000000 ^ input external delay
     1    0.004747    0.014742    0.002695    2.002695 ^ rst_ni (in)
                                                         rst_ni (net)
                      0.014742    0.000000    2.002695 ^ input1/A (sg13g2_buf_1)
     1    0.002933    0.014600    0.038162    2.040858 ^ input1/X (sg13g2_buf_1)
                                                         net1 (net)
                      0.014602    0.000114    2.040972 ^ fanout26/A (sg13g2_buf_1)
     4    0.023934    0.066866    0.076451    2.117423 ^ fanout26/X (sg13g2_buf_1)
                                                         net26 (net)
                      0.066891    0.001074    2.118497 ^ fanout23/A (sg13g2_buf_1)
     8    0.056095    0.150197    0.148736    2.267233 ^ fanout23/X (sg13g2_buf_1)
                                                         net23 (net)
                      0.150212    0.001246    2.268479 ^ fanout22/A (sg13g2_buf_1)
     8    0.054265    0.145698    0.167402    2.435881 ^ fanout22/X (sg13g2_buf_1)
                                                         net22 (net)
                      0.145785    0.002948    2.438829 ^ _199_/RESET_B (sg13g2_dfrbpq_1)
                                              2.438829   data arrival time

                                 10.000000   10.000000   clock clk_i (rise edge)
                                  0.000000   10.000000   clock source latency
     1    0.025625    0.026735    0.015211   10.015211 ^ clk_i (in)
                                                         clk_i (net)
                      0.027112    0.000000   10.015211 ^ clkbuf_0_clk_i/A (sg13g2_buf_16)
     8    0.166508    0.036353    0.063756   10.078967 ^ clkbuf_0_clk_i/X (sg13g2_buf_16)
                                                         clknet_0_clk_i (net)
                      0.036871    0.003434   10.082401 ^ clkbuf_3_2__f_clk_i/A (sg13g2_buf_16)
     4    0.017256    0.013786    0.049894   10.132296 ^ clkbuf_3_2__f_clk_i/X (sg13g2_buf_16)
                                                         clknet_3_2__leaf_clk_i (net)
                      0.013800    0.000909   10.133204 ^ _199_/CLK (sg13g2_dfrbpq_1)
                                 -0.250000    9.883204   clock uncertainty
                                  0.000000    9.883204   clock reconvergence pessimism
                                 -0.110948    9.772256   library recovery time
                                              9.772256   data required time
---------------------------------------------------------------------------------------------
                                              9.772256   data required time
                                             -2.438829   data arrival time
---------------------------------------------------------------------------------------------
                                              7.333427   slack (MET)


Startpoint: rst_ni (input port clocked by clk_i)
Endpoint: _188_ (recovery check against rising-edge clock clk_i)
Path Group: asynchronous
Path Type: max

Fanout         Cap        Slew       Delay        Time   Description
---------------------------------------------------------------------------------------------
                                  0.000000    0.000000   clock clk_i (rise edge)
                                  0.000000    0.000000   clock network delay (propagated)
                                  2.000000    2.000000 ^ input external delay
     1    0.004747    0.014742    0.002695    2.002695 ^ rst_ni (in)
                                                         rst_ni (net)
                      0.014742    0.000000    2.002695 ^ input1/A (sg13g2_buf_1)
     1    0.002933    0.014600    0.038162    2.040858 ^ input1/X (sg13g2_buf_1)
                                                         net1 (net)
                      0.014602    0.000114    2.040972 ^ fanout26/A (sg13g2_buf_1)
     4    0.023934    0.066866    0.076451    2.117423 ^ fanout26/X (sg13g2_buf_1)
                                                         net26 (net)
                      0.066891    0.001074    2.118497 ^ fanout23/A (sg13g2_buf_1)
     8    0.056095    0.150197    0.148736    2.267233 ^ fanout23/X (sg13g2_buf_1)
                                                         net23 (net)
                      0.150212    0.001246    2.268479 ^ fanout22/A (sg13g2_buf_1)
     8    0.054265    0.145698    0.167402    2.435881 ^ fanout22/X (sg13g2_buf_1)
                                                         net22 (net)
                      0.145806    0.003288    2.439169 ^ _188_/RESET_B (sg13g2_dfrbpq_1)
                                              2.439169   data arrival time

                                 10.000000   10.000000   clock clk_i (rise edge)
                                  0.000000   10.000000   clock source latency
     1    0.025625    0.026735    0.015211   10.015211 ^ clk_i (in)
                                                         clk_i (net)
                      0.027112    0.000000   10.015211 ^ clkbuf_0_clk_i/A (sg13g2_buf_16)
     8    0.166508    0.036353    0.063756   10.078967 ^ clkbuf_0_clk_i/X (sg13g2_buf_16)
                                                         clknet_0_clk_i (net)
                      0.036929    0.003615   10.082582 ^ clkbuf_3_3__f_clk_i/A (sg13g2_buf_16)
     4    0.017763    0.013876    0.049922   10.132504 ^ clkbuf_3_3__f_clk_i/X (sg13g2_buf_16)
                                                         clknet_3_3__leaf_clk_i (net)
                      0.013921    0.001434   10.133939 ^ _188_/CLK (sg13g2_dfrbpq_1)
                                 -0.250000    9.883939   clock uncertainty
                                  0.000000    9.883939   clock reconvergence pessimism
                                 -0.110939    9.773000   library recovery time
                                              9.773000   data required time
---------------------------------------------------------------------------------------------
                                              9.773000   data required time
                                             -2.439169   data arrival time
---------------------------------------------------------------------------------------------
                                              7.333831   slack (MET)


Startpoint: _202_ (rising edge-triggered flip-flop clocked by clk_i)
Endpoint: uo_CORE2PAD[0] (output port clocked by clk_i)
Path Group: clk_i
Path Type: max

Fanout         Cap        Slew       Delay        Time   Description
---------------------------------------------------------------------------------------------
                                  0.000000    0.000000   clock clk_i (rise edge)
                                  0.000000    0.000000   clock source latency
     1    0.025625    0.026735    0.015211    0.015211 ^ clk_i (in)
                                                         clk_i (net)
                      0.027112    0.000000    0.015211 ^ clkbuf_0_clk_i/A (sg13g2_buf_16)
     8    0.166508    0.036353    0.063756    0.078967 ^ clkbuf_0_clk_i/X (sg13g2_buf_16)
                                                         clknet_0_clk_i (net)
                      0.036982    0.003775    0.082742 ^ clkbuf_3_5__f_clk_i/A (sg13g2_buf_16)
     4    0.015390    0.013510    0.049757    0.132499 ^ clkbuf_3_5__f_clk_i/X (sg13g2_buf_16)
                                                         clknet_3_5__leaf_clk_i (net)
                      0.013510    0.000274    0.132772 ^ _202_/CLK (sg13g2_dfrbpq_1)
     1    0.003572    0.017437    0.108708    0.241480 ^ _202_/Q (sg13g2_dfrbpq_1)
                                                         spm_inst.csa0.sum (net)
                      0.017437    0.000248    0.241729 ^ _219_/A (sg13g2_buf_1)
     1    0.003594    0.016260    0.040217    0.281946 ^ _219_/X (sg13g2_buf_1)
                                                         net19 (net)
                      0.016261    0.000247    0.282193 ^ output19/A (sg13g2_buf_1)
     1    0.007388    0.025349    0.046938    0.329131 ^ output19/X (sg13g2_buf_1)
                                                         uo_CORE2PAD[0] (net)
                      0.025353    0.000319    0.329450 ^ uo_CORE2PAD[0] (out)
                                              0.329450   data arrival time

                                 10.000000   10.000000   clock clk_i (rise edge)
                                  0.000000   10.000000   clock network delay (propagated)
                                 -0.250000    9.750000   clock uncertainty
                                  0.000000    9.750000   clock reconvergence pessimism
                                 -2.000000    7.750000   output external delay
                                              7.750000   data required time
---------------------------------------------------------------------------------------------
                                              7.750000   data required time
                                             -0.329450   data arrival time
---------------------------------------------------------------------------------------------
                                              7.420550   slack (MET)


Startpoint: ui_PAD2CORE[0] (input port clocked by clk_i)
Endpoint: _198_ (rising edge-triggered flip-flop clocked by clk_i)
Path Group: clk_i
Path Type: max

Fanout         Cap        Slew       Delay        Time   Description
---------------------------------------------------------------------------------------------
                                  0.000000    0.000000   clock clk_i (rise edge)
                                  0.000000    0.000000   clock network delay (propagated)
                                  2.000000    2.000000 ^ input external delay
     1    0.004676    0.014699    0.002680    2.002680 ^ ui_PAD2CORE[0] (in)
                                                         ui_PAD2CORE[0] (net)
                      0.014699    0.000000    2.002680 ^ input2/A (sg13g2_buf_1)
     2    0.011791    0.036329    0.054356    2.057036 ^ input2/X (sg13g2_buf_1)
                                                         net2 (net)
                      0.036380    0.001097    2.058133 ^ fanout21/A (sg13g2_buf_1)
     8    0.045200    0.121830    0.120487    2.178620 ^ fanout21/X (sg13g2_buf_1)
                                                         net21 (net)
                      0.121974    0.003445    2.182065 ^ _156_/A (sg13g2_nand2_1)
     2    0.014987    0.084989    0.099027    2.281092 v _156_/Y (sg13g2_nand2_1)
                                                         _056_ (net)
                      0.085000    0.000940    2.282032 v _160_/A (sg13g2_xnor2_1)
     1    0.003054    0.034060    0.079416    2.361448 v _160_/Y (sg13g2_xnor2_1)
                                                         spm_inst.genblk1[1].csa.hsum2 (net)
                      0.034060    0.000211    2.361659 v _198_/D (sg13g2_dfrbpq_1)
                                              2.361659   data arrival time

                                 10.000000   10.000000   clock clk_i (rise edge)
                                  0.000000   10.000000   clock source latency
     1    0.025625    0.026735    0.015211   10.015211 ^ clk_i (in)
                                                         clk_i (net)
                      0.027112    0.000000   10.015211 ^ clkbuf_0_clk_i/A (sg13g2_buf_16)
     8    0.166508    0.036353    0.063756   10.078967 ^ clkbuf_0_clk_i/X (sg13g2_buf_16)
                                                         clknet_0_clk_i (net)
                      0.036982    0.003775   10.082742 ^ clkbuf_3_5__f_clk_i/A (sg13g2_buf_16)
     4    0.015390    0.013510    0.049757   10.132499 ^ clkbuf_3_5__f_clk_i/X (sg13g2_buf_16)
                                                         clknet_3_5__leaf_clk_i (net)
                      0.013510    0.000217   10.132715 ^ _198_/CLK (sg13g2_dfrbpq_1)
                                 -0.250000    9.882715   clock uncertainty
                                  0.000000    9.882715   clock reconvergence pessimism
                                 -0.073563    9.809153   library setup time
                                              9.809153   data required time
---------------------------------------------------------------------------------------------
                                              9.809153   data required time
                                             -2.361659   data arrival time
---------------------------------------------------------------------------------------------
                                              7.447495   slack (MET)


Startpoint: ui_PAD2CORE[0] (input port clocked by clk_i)
Endpoint: _184_ (rising edge-triggered flip-flop clocked by clk_i)
Path Group: clk_i
Path Type: max

Fanout         Cap        Slew       Delay        Time   Description
---------------------------------------------------------------------------------------------
                                  0.000000    0.000000   clock clk_i (rise edge)
                                  0.000000    0.000000   clock network delay (propagated)
                                  2.000000    2.000000 ^ input external delay
     1    0.004676    0.014699    0.002680    2.002680 ^ ui_PAD2CORE[0] (in)
                                                         ui_PAD2CORE[0] (net)
                      0.014699    0.000000    2.002680 ^ input2/A (sg13g2_buf_1)
     2    0.011791    0.036329    0.054356    2.057036 ^ input2/X (sg13g2_buf_1)
                                                         net2 (net)
                      0.036380    0.001097    2.058133 ^ fanout21/A (sg13g2_buf_1)
     8    0.045200    0.121830    0.120487    2.178620 ^ fanout21/X (sg13g2_buf_1)
                                                         net21 (net)
                      0.121962    0.003303    2.181923 ^ _114_/A (sg13g2_nand2_1)
     2    0.015357    0.086681    0.100350    2.282273 v _114_/Y (sg13g2_nand2_1)
                                                         _028_ (net)
                      0.086696    0.001077    2.283350 v _118_/A (sg13g2_xnor2_1)
     1    0.001849    0.029964    0.076450    2.359800 v _118_/Y (sg13g2_xnor2_1)
                                                         spm_inst.genblk1[8].csa.hsum2 (net)
                      0.029964    0.000070    2.359870 v _184_/D (sg13g2_dfrbpq_1)
                                              2.359870   data arrival time

                                 10.000000   10.000000   clock clk_i (rise edge)
                                  0.000000   10.000000   clock source latency
     1    0.025625    0.026735    0.015211   10.015211 ^ clk_i (in)
                                                         clk_i (net)
                      0.027112    0.000000   10.015211 ^ clkbuf_0_clk_i/A (sg13g2_buf_16)
     8    0.166508    0.036353    0.063756   10.078967 ^ clkbuf_0_clk_i/X (sg13g2_buf_16)
                                                         clknet_0_clk_i (net)
                      0.036970    0.003738   10.082705 ^ clkbuf_3_6__f_clk_i/A (sg13g2_buf_16)
     4    0.016617    0.013692    0.049877   10.132583 ^ clkbuf_3_6__f_clk_i/X (sg13g2_buf_16)
                                                         clknet_3_6__leaf_clk_i (net)
                      0.013693    0.000424   10.133007 ^ _184_/CLK (sg13g2_dfrbpq_1)
                                 -0.250000    9.883007   clock uncertainty
                                  0.000000    9.883007   clock reconvergence pessimism
                                 -0.072430    9.810576   library setup time
                                              9.810576   data required time
---------------------------------------------------------------------------------------------
                                              9.810576   data required time
                                             -2.359870   data arrival time
---------------------------------------------------------------------------------------------
                                              7.450707   slack (MET)


Startpoint: ui_PAD2CORE[0] (input port clocked by clk_i)
Endpoint: _202_ (rising edge-triggered flip-flop clocked by clk_i)
Path Group: clk_i
Path Type: max

Fanout         Cap        Slew       Delay        Time   Description
---------------------------------------------------------------------------------------------
                                  0.000000    0.000000   clock clk_i (rise edge)
                                  0.000000    0.000000   clock network delay (propagated)
                                  2.000000    2.000000 ^ input external delay
     1    0.004676    0.014699    0.002680    2.002680 ^ ui_PAD2CORE[0] (in)
                                                         ui_PAD2CORE[0] (net)
                      0.014699    0.000000    2.002680 ^ input2/A (sg13g2_buf_1)
     2    0.011791    0.036329    0.054356    2.057036 ^ input2/X (sg13g2_buf_1)
                                                         net2 (net)
                      0.036380    0.001097    2.058133 ^ fanout21/A (sg13g2_buf_1)
     8    0.045200    0.121830    0.120487    2.178620 ^ fanout21/X (sg13g2_buf_1)
                                                         net21 (net)
                      0.122014    0.003883    2.182503 ^ _165_/A (sg13g2_nand2_1)
     2    0.013906    0.080373    0.094662    2.277165 v _165_/Y (sg13g2_nand2_1)
                                                         _061_ (net)
                      0.080385    0.000962    2.278127 v _169_/A (sg13g2_xnor2_1)
     1    0.002820    0.032799    0.077132    2.355259 v _169_/Y (sg13g2_xnor2_1)
                                                         spm_inst.csa0.hsum2 (net)
                      0.032799    0.000108    2.355367 v _202_/D (sg13g2_dfrbpq_1)
                                              2.355367   data arrival time

                                 10.000000   10.000000   clock clk_i (rise edge)
                                  0.000000   10.000000   clock source latency
     1    0.025625    0.026735    0.015211   10.015211 ^ clk_i (in)
                                                         clk_i (net)
                      0.027112    0.000000   10.015211 ^ clkbuf_0_clk_i/A (sg13g2_buf_16)
     8    0.166508    0.036353    0.063756   10.078967 ^ clkbuf_0_clk_i/X (sg13g2_buf_16)
                                                         clknet_0_clk_i (net)
                      0.036982    0.003775   10.082742 ^ clkbuf_3_5__f_clk_i/A (sg13g2_buf_16)
     4    0.015390    0.013510    0.049757   10.132499 ^ clkbuf_3_5__f_clk_i/X (sg13g2_buf_16)
                                                         clknet_3_5__leaf_clk_i (net)
                      0.013510    0.000274   10.132772 ^ _202_/CLK (sg13g2_dfrbpq_1)
                                 -0.250000    9.882772   clock uncertainty
                                  0.000000    9.882772   clock reconvergence pessimism
                                 -0.073225    9.809547   library setup time
                                              9.809547   data required time
---------------------------------------------------------------------------------------------
                                              9.809547   data required time
                                             -2.355367   data arrival time
---------------------------------------------------------------------------------------------
                                              7.454181   slack (MET)


Startpoint: ui_PAD2CORE[0] (input port clocked by clk_i)
Endpoint: _180_ (rising edge-triggered flip-flop clocked by clk_i)
Path Group: clk_i
Path Type: max

Fanout         Cap        Slew       Delay        Time   Description
---------------------------------------------------------------------------------------------
                                  0.000000    0.000000   clock clk_i (rise edge)
                                  0.000000    0.000000   clock network delay (propagated)
                                  2.000000    2.000000 ^ input external delay
     1    0.004676    0.014699    0.002680    2.002680 ^ ui_PAD2CORE[0] (in)
                                                         ui_PAD2CORE[0] (net)
                      0.014699    0.000000    2.002680 ^ input2/A (sg13g2_buf_1)
     2    0.011791    0.036329    0.054356    2.057036 ^ input2/X (sg13g2_buf_1)
                                                         net2 (net)
                      0.036380    0.001097    2.058133 ^ fanout21/A (sg13g2_buf_1)
     8    0.045200    0.121830    0.120487    2.178620 ^ fanout21/X (sg13g2_buf_1)
                                                         net21 (net)
                      0.122024    0.003989    2.182609 ^ _102_/A (sg13g2_nand2_1)
     2    0.012941    0.076263    0.090785    2.273394 v _102_/Y (sg13g2_nand2_1)
                                                         _020_ (net)
                      0.076271    0.000776    2.274171 v _106_/A (sg13g2_xnor2_1)
     1    0.003986    0.036505    0.079159    2.353329 v _106_/Y (sg13g2_xnor2_1)
                                                         spm_inst.genblk1[10].csa.hsum2 (net)
                      0.036505    0.000154    2.353483 v _180_/D (sg13g2_dfrbpq_1)
                                              2.353483   data arrival time

                                 10.000000   10.000000   clock clk_i (rise edge)
                                  0.000000   10.000000   clock source latency
     1    0.025625    0.026735    0.015211   10.015211 ^ clk_i (in)
                                                         clk_i (net)
                      0.027112    0.000000   10.015211 ^ clkbuf_0_clk_i/A (sg13g2_buf_16)
     8    0.166508    0.036353    0.063756   10.078967 ^ clkbuf_0_clk_i/X (sg13g2_buf_16)
                                                         clknet_0_clk_i (net)
                      0.036887    0.003484   10.082452 ^ clkbuf_3_4__f_clk_i/A (sg13g2_buf_16)
     4    0.015492    0.013520    0.049728   10.132180 ^ clkbuf_3_4__f_clk_i/X (sg13g2_buf_16)
                                                         clknet_3_4__leaf_clk_i (net)
                      0.013520    0.000340   10.132520 ^ _180_/CLK (sg13g2_dfrbpq_1)
                                 -0.250000    9.882520   clock uncertainty
                                  0.000000    9.882520   clock reconvergence pessimism
                                 -0.074216    9.808304   library setup time
                                              9.808304   data required time
---------------------------------------------------------------------------------------------
                                              9.808304   data required time
                                             -2.353483   data arrival time
---------------------------------------------------------------------------------------------
                                              7.454821   slack (MET)


Startpoint: ui_PAD2CORE[0] (input port clocked by clk_i)
Endpoint: _196_ (rising edge-triggered flip-flop clocked by clk_i)
Path Group: clk_i
Path Type: max

Fanout         Cap        Slew       Delay        Time   Description
---------------------------------------------------------------------------------------------
                                  0.000000    0.000000   clock clk_i (rise edge)
                                  0.000000    0.000000   clock network delay (propagated)
                                  2.000000    2.000000 ^ input external delay
     1    0.004676    0.014699    0.002680    2.002680 ^ ui_PAD2CORE[0] (in)
                                                         ui_PAD2CORE[0] (net)
                      0.014699    0.000000    2.002680 ^ input2/A (sg13g2_buf_1)
     2    0.011791    0.036329    0.054356    2.057036 ^ input2/X (sg13g2_buf_1)
                                                         net2 (net)
                      0.036380    0.001097    2.058133 ^ fanout21/A (sg13g2_buf_1)
     8    0.045200    0.121830    0.120487    2.178620 ^ fanout21/X (sg13g2_buf_1)
                                                         net21 (net)
                      0.121963    0.003318    2.181938 ^ _150_/A (sg13g2_nand2_1)
     2    0.013193    0.077331    0.091773    2.273711 v _150_/Y (sg13g2_nand2_1)
                                                         _052_ (net)
                      0.077340    0.000852    2.274563 v _154_/A (sg13g2_xnor2_1)
     1    0.002496    0.031363    0.075099    2.349662 v _154_/Y (sg13g2_xnor2_1)
                                                         spm_inst.genblk1[2].csa.hsum2 (net)
                      0.031363    0.000155    2.349817 v _196_/D (sg13g2_dfrbpq_1)
                                              2.349817   data arrival time

                                 10.000000   10.000000   clock clk_i (rise edge)
                                  0.000000   10.000000   clock source latency
     1    0.025625    0.026735    0.015211   10.015211 ^ clk_i (in)
                                                         clk_i (net)
                      0.027112    0.000000   10.015211 ^ clkbuf_0_clk_i/A (sg13g2_buf_16)
     8    0.166508    0.036353    0.063756   10.078967 ^ clkbuf_0_clk_i/X (sg13g2_buf_16)
                                                         clknet_0_clk_i (net)
                      0.037037    0.003936   10.082904 ^ clkbuf_3_7__f_clk_i/A (sg13g2_buf_16)
     4    0.015568    0.013539    0.049796   10.132699 ^ clkbuf_3_7__f_clk_i/X (sg13g2_buf_16)
                                                         clknet_3_7__leaf_clk_i (net)
                      0.013539    0.000353   10.133052 ^ _196_/CLK (sg13g2_dfrbpq_1)
                                 -0.250000    9.883052   clock uncertainty
                                  0.000000    9.883052   clock reconvergence pessimism
                                 -0.072834    9.810218   library setup time
                                              9.810218   data required time
---------------------------------------------------------------------------------------------
                                              9.810218   data required time
                                             -2.349817   data arrival time
---------------------------------------------------------------------------------------------
                                              7.460402   slack (MET)


Startpoint: ui_PAD2CORE[0] (input port clocked by clk_i)
Endpoint: _194_ (rising edge-triggered flip-flop clocked by clk_i)
Path Group: clk_i
Path Type: max

Fanout         Cap        Slew       Delay        Time   Description
---------------------------------------------------------------------------------------------
                                  0.000000    0.000000   clock clk_i (rise edge)
                                  0.000000    0.000000   clock network delay (propagated)
                                  2.000000    2.000000 ^ input external delay
     1    0.004676    0.014699    0.002680    2.002680 ^ ui_PAD2CORE[0] (in)
                                                         ui_PAD2CORE[0] (net)
                      0.014699    0.000000    2.002680 ^ input2/A (sg13g2_buf_1)
     2    0.011791    0.036329    0.054356    2.057036 ^ input2/X (sg13g2_buf_1)
                                                         net2 (net)
                      0.036380    0.001097    2.058133 ^ fanout21/A (sg13g2_buf_1)
     8    0.045200    0.121830    0.120487    2.178620 ^ fanout21/X (sg13g2_buf_1)
                                                         net21 (net)
                      0.121880    0.002060    2.180680 ^ _144_/A (sg13g2_nand2_1)
     2    0.013117    0.076883    0.091603    2.272283 v _144_/Y (sg13g2_nand2_1)
                                                         _048_ (net)
                      0.076890    0.000755    2.273038 v _148_/A (sg13g2_xnor2_1)
     1    0.001848    0.029007    0.073026    2.346063 v _148_/Y (sg13g2_xnor2_1)
                                                         spm_inst.genblk1[3].csa.hsum2 (net)
                      0.029007    0.000070    2.346133 v _194_/D (sg13g2_dfrbpq_1)
                                              2.346133   data arrival time

                                 10.000000   10.000000   clock clk_i (rise edge)
                                  0.000000   10.000000   clock source latency
     1    0.025625    0.026735    0.015211   10.015211 ^ clk_i (in)
                                                         clk_i (net)
                      0.027112    0.000000   10.015211 ^ clkbuf_0_clk_i/A (sg13g2_buf_16)
     8    0.166508    0.036353    0.063756   10.078967 ^ clkbuf_0_clk_i/X (sg13g2_buf_16)
                                                         clknet_0_clk_i (net)
                      0.037037    0.003936   10.082904 ^ clkbuf_3_7__f_clk_i/A (sg13g2_buf_16)
     4    0.015568    0.013539    0.049796   10.132699 ^ clkbuf_3_7__f_clk_i/X (sg13g2_buf_16)
                                                         clknet_3_7__leaf_clk_i (net)
                      0.013539    0.000310   10.133009 ^ _194_/CLK (sg13g2_dfrbpq_1)
                                 -0.250000    9.883009   clock uncertainty
                                  0.000000    9.883009   clock reconvergence pessimism
                                 -0.072203    9.810806   library setup time
                                              9.810806   data required time
---------------------------------------------------------------------------------------------
                                              9.810806   data required time
                                             -2.346133   data arrival time
---------------------------------------------------------------------------------------------
                                              7.464674   slack (MET)


Startpoint: ui_PAD2CORE[0] (input port clocked by clk_i)
Endpoint: _192_ (rising edge-triggered flip-flop clocked by clk_i)
Path Group: clk_i
Path Type: max

Fanout         Cap        Slew       Delay        Time   Description
---------------------------------------------------------------------------------------------
                                  0.000000    0.000000   clock clk_i (rise edge)
                                  0.000000    0.000000   clock network delay (propagated)
                                  2.000000    2.000000 ^ input external delay
     1    0.004676    0.014699    0.002680    2.002680 ^ ui_PAD2CORE[0] (in)
                                                         ui_PAD2CORE[0] (net)
                      0.014699    0.000000    2.002680 ^ input2/A (sg13g2_buf_1)
     2    0.011791    0.036329    0.054356    2.057036 ^ input2/X (sg13g2_buf_1)
                                                         net2 (net)
                      0.036380    0.001097    2.058133 ^ fanout21/A (sg13g2_buf_1)
     8    0.045200    0.121830    0.120487    2.178620 ^ fanout21/X (sg13g2_buf_1)
                                                         net21 (net)
                      0.121845    0.001144    2.179764 ^ _138_/A (sg13g2_nand2_1)
     2    0.012695    0.075202    0.089732    2.269495 v _138_/Y (sg13g2_nand2_1)
                                                         _044_ (net)
                      0.075233    0.000781    2.270277 v _142_/A (sg13g2_xnor2_1)
     1    0.002361    0.030678    0.073972    2.344249 v _142_/Y (sg13g2_xnor2_1)
                                                         spm_inst.genblk1[4].csa.hsum2 (net)
                      0.030678    0.000085    2.344334 v _192_/D (sg13g2_dfrbpq_1)
                                              2.344334   data arrival time

                                 10.000000   10.000000   clock clk_i (rise edge)
                                  0.000000   10.000000   clock source latency
     1    0.025625    0.026735    0.015211   10.015211 ^ clk_i (in)
                                                         clk_i (net)
                      0.027112    0.000000   10.015211 ^ clkbuf_0_clk_i/A (sg13g2_buf_16)
     8    0.166508    0.036353    0.063756   10.078967 ^ clkbuf_0_clk_i/X (sg13g2_buf_16)
                                                         clknet_0_clk_i (net)
                      0.036970    0.003738   10.082705 ^ clkbuf_3_6__f_clk_i/A (sg13g2_buf_16)
     4    0.016617    0.013692    0.049877   10.132583 ^ clkbuf_3_6__f_clk_i/X (sg13g2_buf_16)
                                                         clknet_3_6__leaf_clk_i (net)
                      0.013699    0.000710   10.133293 ^ _192_/CLK (sg13g2_dfrbpq_1)
                                 -0.250000    9.883293   clock uncertainty
                                  0.000000    9.883293   clock reconvergence pessimism
                                 -0.072621    9.810672   library setup time
                                              9.810672   data required time
---------------------------------------------------------------------------------------------
                                              9.810672   data required time
                                             -2.344334   data arrival time
---------------------------------------------------------------------------------------------
                                              7.466338   slack (MET)


Startpoint: ui_PAD2CORE[0] (input port clocked by clk_i)
Endpoint: _182_ (rising edge-triggered flip-flop clocked by clk_i)
Path Group: clk_i
Path Type: max

Fanout         Cap        Slew       Delay        Time   Description
---------------------------------------------------------------------------------------------
                                  0.000000    0.000000   clock clk_i (rise edge)
                                  0.000000    0.000000   clock network delay (propagated)
                                  2.000000    2.000000 ^ input external delay
     1    0.004676    0.014699    0.002680    2.002680 ^ ui_PAD2CORE[0] (in)
                                                         ui_PAD2CORE[0] (net)
                      0.014699    0.000000    2.002680 ^ input2/A (sg13g2_buf_1)
     2    0.011791    0.036329    0.054356    2.057036 ^ input2/X (sg13g2_buf_1)
                                                         net2 (net)
                      0.036380    0.001097    2.058133 ^ fanout21/A (sg13g2_buf_1)
     8    0.045200    0.121830    0.120487    2.178620 ^ fanout21/X (sg13g2_buf_1)
                                                         net21 (net)
                      0.122019    0.003938    2.182558 ^ _108_/A (sg13g2_nand2_1)
     2    0.011164    0.068833    0.083565    2.266123 v _108_/Y (sg13g2_nand2_1)
                                                         _024_ (net)
                      0.068865    0.000746    2.266869 v _112_/A (sg13g2_xnor2_1)
     1    0.002650    0.031091    0.072591    2.339460 v _112_/Y (sg13g2_xnor2_1)
                                                         spm_inst.genblk1[9].csa.hsum2 (net)
                      0.031091    0.000173    2.339633 v _182_/D (sg13g2_dfrbpq_1)
                                              2.339633   data arrival time

                                 10.000000   10.000000   clock clk_i (rise edge)
                                  0.000000   10.000000   clock source latency
     1    0.025625    0.026735    0.015211   10.015211 ^ clk_i (in)
                                                         clk_i (net)
                      0.027112    0.000000   10.015211 ^ clkbuf_0_clk_i/A (sg13g2_buf_16)
     8    0.166508    0.036353    0.063756   10.078967 ^ clkbuf_0_clk_i/X (sg13g2_buf_16)
                                                         clknet_0_clk_i (net)
                      0.036887    0.003484   10.082452 ^ clkbuf_3_4__f_clk_i/A (sg13g2_buf_16)
     4    0.015492    0.013520    0.049728   10.132180 ^ clkbuf_3_4__f_clk_i/X (sg13g2_buf_16)
                                                         clknet_3_4__leaf_clk_i (net)
                      0.013520    0.000144   10.132323 ^ _182_/CLK (sg13g2_dfrbpq_1)
                                 -0.250000    9.882323   clock uncertainty
                                  0.000000    9.882323   clock reconvergence pessimism
                                 -0.072765    9.809559   library setup time
                                              9.809559   data required time
---------------------------------------------------------------------------------------------
                                              9.809559   data required time
                                             -2.339633   data arrival time
---------------------------------------------------------------------------------------------
                                              7.469925   slack (MET)


Startpoint: ui_PAD2CORE[0] (input port clocked by clk_i)
Endpoint: _188_ (rising edge-triggered flip-flop clocked by clk_i)
Path Group: clk_i
Path Type: max

Fanout         Cap        Slew       Delay        Time   Description
---------------------------------------------------------------------------------------------
                                  0.000000    0.000000   clock clk_i (rise edge)
                                  0.000000    0.000000   clock network delay (propagated)
                                  2.000000    2.000000 ^ input external delay
     1    0.004676    0.014699    0.002680    2.002680 ^ ui_PAD2CORE[0] (in)
                                                         ui_PAD2CORE[0] (net)
                      0.014699    0.000000    2.002680 ^ input2/A (sg13g2_buf_1)
     2    0.011791    0.036329    0.054356    2.057036 ^ input2/X (sg13g2_buf_1)
                                                         net2 (net)
                      0.036354    0.000782    2.057817 ^ fanout20/A (sg13g2_buf_1)
     8    0.039557    0.107231    0.110804    2.168622 ^ fanout20/X (sg13g2_buf_1)
                                                         net20 (net)
                      0.107316    0.002497    2.171119 ^ _126_/A (sg13g2_nand2_1)
     2    0.013897    0.077509    0.090564    2.261683 v _126_/Y (sg13g2_nand2_1)
                                                         _036_ (net)
                      0.077521    0.000941    2.262624 v _130_/A (sg13g2_xnor2_1)
     1    0.002933    0.032922    0.076471    2.339095 v _130_/Y (sg13g2_xnor2_1)
                                                         spm_inst.genblk1[6].csa.hsum2 (net)
                      0.032922    0.000106    2.339201 v _188_/D (sg13g2_dfrbpq_1)
                                              2.339201   data arrival time

                                 10.000000   10.000000   clock clk_i (rise edge)
                                  0.000000   10.000000   clock source latency
     1    0.025625    0.026735    0.015211   10.015211 ^ clk_i (in)
                                                         clk_i (net)
                      0.027112    0.000000   10.015211 ^ clkbuf_0_clk_i/A (sg13g2_buf_16)
     8    0.166508    0.036353    0.063756   10.078967 ^ clkbuf_0_clk_i/X (sg13g2_buf_16)
                                                         clknet_0_clk_i (net)
                      0.036929    0.003615   10.082582 ^ clkbuf_3_3__f_clk_i/A (sg13g2_buf_16)
     4    0.017763    0.013876    0.049922   10.132504 ^ clkbuf_3_3__f_clk_i/X (sg13g2_buf_16)
                                                         clknet_3_3__leaf_clk_i (net)
                      0.013921    0.001434   10.133939 ^ _188_/CLK (sg13g2_dfrbpq_1)
                                 -0.250000    9.883939   clock uncertainty
                                  0.000000    9.883939   clock reconvergence pessimism
                                 -0.073181    9.810758   library setup time
                                              9.810758   data required time
---------------------------------------------------------------------------------------------
                                              9.810758   data required time
                                             -2.339201   data arrival time
---------------------------------------------------------------------------------------------
                                              7.471557   slack (MET)


Startpoint: ui_PAD2CORE[0] (input port clocked by clk_i)
Endpoint: _186_ (rising edge-triggered flip-flop clocked by clk_i)
Path Group: clk_i
Path Type: max

Fanout         Cap        Slew       Delay        Time   Description
---------------------------------------------------------------------------------------------
                                  0.000000    0.000000   clock clk_i (rise edge)
                                  0.000000    0.000000   clock network delay (propagated)
                                  2.000000    2.000000 ^ input external delay
     1    0.004676    0.014699    0.002680    2.002680 ^ ui_PAD2CORE[0] (in)
                                                         ui_PAD2CORE[0] (net)
                      0.014699    0.000000    2.002680 ^ input2/A (sg13g2_buf_1)
     2    0.011791    0.036329    0.054356    2.057036 ^ input2/X (sg13g2_buf_1)
                                                         net2 (net)
                      0.036354    0.000782    2.057817 ^ fanout20/A (sg13g2_buf_1)
     8    0.039557    0.107231    0.110804    2.168622 ^ fanout20/X (sg13g2_buf_1)
                                                         net20 (net)
                      0.107330    0.002682    2.171304 ^ _120_/A (sg13g2_nand2_1)
     2    0.013885    0.077507    0.090446    2.261749 v _120_/Y (sg13g2_nand2_1)
                                                         _032_ (net)
                      0.077546    0.001060    2.262809 v _124_/A (sg13g2_xnor2_1)
     1    0.001778    0.028816    0.073044    2.335853 v _124_/Y (sg13g2_xnor2_1)
                                                         spm_inst.genblk1[7].csa.hsum2 (net)
                      0.028816    0.000068    2.335921 v _186_/D (sg13g2_dfrbpq_1)
                                              2.335921   data arrival time

                                 10.000000   10.000000   clock clk_i (rise edge)
                                  0.000000   10.000000   clock source latency
     1    0.025625    0.026735    0.015211   10.015211 ^ clk_i (in)
                                                         clk_i (net)
                      0.027112    0.000000   10.015211 ^ clkbuf_0_clk_i/A (sg13g2_buf_16)
     8    0.166508    0.036353    0.063756   10.078967 ^ clkbuf_0_clk_i/X (sg13g2_buf_16)
                                                         clknet_0_clk_i (net)
                      0.036929    0.003615   10.082582 ^ clkbuf_3_3__f_clk_i/A (sg13g2_buf_16)
     4    0.017763    0.013876    0.049922   10.132504 ^ clkbuf_3_3__f_clk_i/X (sg13g2_buf_16)
                                                         clknet_3_3__leaf_clk_i (net)
                      0.013905    0.001212   10.133717 ^ _186_/CLK (sg13g2_dfrbpq_1)
                                 -0.250000    9.883717   clock uncertainty
                                  0.000000    9.883717   clock reconvergence pessimism
                                 -0.072083    9.811633   library setup time
                                              9.811633   data required time
---------------------------------------------------------------------------------------------
                                              9.811633   data required time
                                             -2.335921   data arrival time
---------------------------------------------------------------------------------------------
                                              7.475713   slack (MET)


Startpoint: ui_PAD2CORE[0] (input port clocked by clk_i)
Endpoint: _176_ (rising edge-triggered flip-flop clocked by clk_i)
Path Group: clk_i
Path Type: max

Fanout         Cap        Slew       Delay        Time   Description
---------------------------------------------------------------------------------------------
                                  0.000000    0.000000   clock clk_i (rise edge)
                                  0.000000    0.000000   clock network delay (propagated)
                                  2.000000    2.000000 ^ input external delay
     1    0.004676    0.014699    0.002680    2.002680 ^ ui_PAD2CORE[0] (in)
                                                         ui_PAD2CORE[0] (net)
                      0.014699    0.000000    2.002680 ^ input2/A (sg13g2_buf_1)
     2    0.011791    0.036329    0.054356    2.057036 ^ input2/X (sg13g2_buf_1)
                                                         net2 (net)
                      0.036354    0.000782    2.057817 ^ fanout20/A (sg13g2_buf_1)
     8    0.039557    0.107231    0.110804    2.168622 ^ fanout20/X (sg13g2_buf_1)
                                                         net20 (net)
                      0.107433    0.003801    2.172422 ^ _090_/A (sg13g2_nand2_1)
     2    0.011393    0.067204    0.080909    2.253331 v _090_/Y (sg13g2_nand2_1)
                                                         _073_ (net)
                      0.067235    0.000722    2.254054 v _094_/A (sg13g2_xnor2_1)
     1    0.004208    0.036439    0.076638    2.330692 v _094_/Y (sg13g2_xnor2_1)
                                                         spm_inst.genblk1[12].csa.hsum2 (net)
                      0.036439    0.000239    2.330931 v _176_/D (sg13g2_dfrbpq_1)
                                              2.330931   data arrival time

                                 10.000000   10.000000   clock clk_i (rise edge)
                                  0.000000   10.000000   clock source latency
     1    0.025625    0.026735    0.015211   10.015211 ^ clk_i (in)
                                                         clk_i (net)
                      0.027112    0.000000   10.015211 ^ clkbuf_0_clk_i/A (sg13g2_buf_16)
     8    0.166508    0.036353    0.063756   10.078967 ^ clkbuf_0_clk_i/X (sg13g2_buf_16)
                                                         clknet_0_clk_i (net)
                      0.036897    0.003516   10.082483 ^ clkbuf_3_1__f_clk_i/A (sg13g2_buf_16)
     4    0.018603    0.013994    0.050048   10.132531 ^ clkbuf_3_1__f_clk_i/X (sg13g2_buf_16)
                                                         clknet_3_1__leaf_clk_i (net)
                      0.014012    0.001011   10.133542 ^ _176_/CLK (sg13g2_dfrbpq_1)
                                 -0.250000    9.883542   clock uncertainty
                                  0.000000    9.883542   clock reconvergence pessimism
                                 -0.074107    9.809435   library setup time
                                              9.809435   data required time
---------------------------------------------------------------------------------------------
                                              9.809435   data required time
                                             -2.330931   data arrival time
---------------------------------------------------------------------------------------------
                                              7.478504   slack (MET)


Startpoint: ui_PAD2CORE[0] (input port clocked by clk_i)
Endpoint: _172_ (rising edge-triggered flip-flop clocked by clk_i)
Path Group: clk_i
Path Type: max

Fanout         Cap        Slew       Delay        Time   Description
---------------------------------------------------------------------------------------------
                                  0.000000    0.000000   clock clk_i (rise edge)
                                  0.000000    0.000000   clock network delay (propagated)
                                  2.000000    2.000000 ^ input external delay
     1    0.004676    0.014699    0.002680    2.002680 ^ ui_PAD2CORE[0] (in)
                                                         ui_PAD2CORE[0] (net)
                      0.014699    0.000000    2.002680 ^ input2/A (sg13g2_buf_1)
     2    0.011791    0.036329    0.054356    2.057036 ^ input2/X (sg13g2_buf_1)
                                                         net2 (net)
                      0.036354    0.000782    2.057817 ^ fanout20/A (sg13g2_buf_1)
     8    0.039557    0.107231    0.110804    2.168622 ^ fanout20/X (sg13g2_buf_1)
                                                         net20 (net)
                      0.107326    0.002625    2.171247 ^ _078_/A (sg13g2_nand2_1)
     2    0.012951    0.073666    0.086770    2.258016 v _078_/Y (sg13g2_nand2_1)
                                                         _065_ (net)
                      0.073702    0.000916    2.258932 v _082_/A (sg13g2_xnor2_1)
     1    0.001815    0.028574    0.071812    2.330744 v _082_/Y (sg13g2_xnor2_1)
                                                         spm_inst.genblk1[14].csa.hsum2 (net)
                      0.028574    0.000069    2.330812 v _172_/D (sg13g2_dfrbpq_1)
                                              2.330812   data arrival time

                                 10.000000   10.000000   clock clk_i (rise edge)
                                  0.000000   10.000000   clock source latency
     1    0.025625    0.026735    0.015211   10.015211 ^ clk_i (in)
                                                         clk_i (net)
                      0.027112    0.000000   10.015211 ^ clkbuf_0_clk_i/A (sg13g2_buf_16)
     8    0.166508    0.036353    0.063756   10.078967 ^ clkbuf_0_clk_i/X (sg13g2_buf_16)
                                                         clknet_0_clk_i (net)
                      0.036801    0.003199   10.082167 ^ clkbuf_3_0__f_clk_i/A (sg13g2_buf_16)
     4    0.015231    0.013477    0.049669   10.131835 ^ clkbuf_3_0__f_clk_i/X (sg13g2_buf_16)
                                                         clknet_3_0__leaf_clk_i (net)
                      0.013477    0.000249   10.132084 ^ _172_/CLK (sg13g2_dfrbpq_1)
                                 -0.250000    9.882084   clock uncertainty
                                  0.000000    9.882084   clock reconvergence pessimism
                                 -0.072098    9.809986   library setup time
                                              9.809986   data required time
---------------------------------------------------------------------------------------------
                                              9.809986   data required time
                                             -2.330812   data arrival time
---------------------------------------------------------------------------------------------
                                              7.479173   slack (MET)


Startpoint: ui_PAD2CORE[0] (input port clocked by clk_i)
Endpoint: _190_ (rising edge-triggered flip-flop clocked by clk_i)
Path Group: clk_i
Path Type: max

Fanout         Cap        Slew       Delay        Time   Description
---------------------------------------------------------------------------------------------
                                  0.000000    0.000000   clock clk_i (rise edge)
                                  0.000000    0.000000   clock network delay (propagated)
                                  2.000000    2.000000 ^ input external delay
     1    0.004676    0.014699    0.002680    2.002680 ^ ui_PAD2CORE[0] (in)
                                                         ui_PAD2CORE[0] (net)
                      0.014699    0.000000    2.002680 ^ input2/A (sg13g2_buf_1)
     2    0.011791    0.036329    0.054356    2.057036 ^ input2/X (sg13g2_buf_1)
                                                         net2 (net)
                      0.036354    0.000782    2.057817 ^ fanout20/A (sg13g2_buf_1)
     8    0.039557    0.107231    0.110804    2.168622 ^ fanout20/X (sg13g2_buf_1)
                                                         net20 (net)
                      0.107233    0.000353    2.168975 ^ _132_/A (sg13g2_nand2_1)
     2    0.011715    0.068415    0.082207    2.251182 v _132_/Y (sg13g2_nand2_1)
                                                         _040_ (net)
                      0.068443    0.000634    2.251816 v _136_/A (sg13g2_xnor2_1)
     1    0.002267    0.029687    0.071321    2.323137 v _136_/Y (sg13g2_xnor2_1)
                                                         spm_inst.genblk1[5].csa.hsum2 (net)
                      0.029687    0.000083    2.323220 v _190_/D (sg13g2_dfrbpq_1)
                                              2.323220   data arrival time

                                 10.000000   10.000000   clock clk_i (rise edge)
                                  0.000000   10.000000   clock source latency
     1    0.025625    0.026735    0.015211   10.015211 ^ clk_i (in)
                                                         clk_i (net)
                      0.027112    0.000000   10.015211 ^ clkbuf_0_clk_i/A (sg13g2_buf_16)
     8    0.166508    0.036353    0.063756   10.078967 ^ clkbuf_0_clk_i/X (sg13g2_buf_16)
                                                         clknet_0_clk_i (net)
                      0.036929    0.003615   10.082582 ^ clkbuf_3_3__f_clk_i/A (sg13g2_buf_16)
     4    0.017763    0.013876    0.049922   10.132504 ^ clkbuf_3_3__f_clk_i/X (sg13g2_buf_16)
                                                         clknet_3_3__leaf_clk_i (net)
                      0.013926    0.001503   10.134007 ^ _190_/CLK (sg13g2_dfrbpq_1)
                                 -0.250000    9.884007   clock uncertainty
                                  0.000000    9.884007   clock reconvergence pessimism
                                 -0.072312    9.811694   library setup time
                                              9.811694   data required time
---------------------------------------------------------------------------------------------
                                              9.811694   data required time
                                             -2.323220   data arrival time
---------------------------------------------------------------------------------------------
                                              7.488474   slack (MET)


Startpoint: ui_PAD2CORE[0] (input port clocked by clk_i)
Endpoint: _174_ (rising edge-triggered flip-flop clocked by clk_i)
Path Group: clk_i
Path Type: max

Fanout         Cap        Slew       Delay        Time   Description
---------------------------------------------------------------------------------------------
                                  0.000000    0.000000   clock clk_i (rise edge)
                                  0.000000    0.000000   clock network delay (propagated)
                                  2.000000    2.000000 ^ input external delay
     1    0.004676    0.014699    0.002680    2.002680 ^ ui_PAD2CORE[0] (in)
                                                         ui_PAD2CORE[0] (net)
                      0.014699    0.000000    2.002680 ^ input2/A (sg13g2_buf_1)
     2    0.011791    0.036329    0.054356    2.057036 ^ input2/X (sg13g2_buf_1)
                                                         net2 (net)
                      0.036354    0.000782    2.057817 ^ fanout20/A (sg13g2_buf_1)
     8    0.039557    0.107231    0.110804    2.168622 ^ fanout20/X (sg13g2_buf_1)
                                                         net20 (net)
                      0.107402    0.003502    2.172124 ^ _084_/B (sg13g2_nand2_1)
     2    0.011084    0.060727    0.079138    2.251262 v _084_/Y (sg13g2_nand2_1)
                                                         _069_ (net)
                      0.060728    0.000369    2.251631 v _088_/A (sg13g2_xnor2_1)
     1    0.002140    0.028485    0.068235    2.319865 v _088_/Y (sg13g2_xnor2_1)
                                                         spm_inst.genblk1[13].csa.hsum2 (net)
                      0.028485    0.000158    2.320023 v _174_/D (sg13g2_dfrbpq_1)
                                              2.320023   data arrival time

                                 10.000000   10.000000   clock clk_i (rise edge)
                                  0.000000   10.000000   clock source latency
     1    0.025625    0.026735    0.015211   10.015211 ^ clk_i (in)
                                                         clk_i (net)
                      0.027112    0.000000   10.015211 ^ clkbuf_0_clk_i/A (sg13g2_buf_16)
     8    0.166508    0.036353    0.063756   10.078967 ^ clkbuf_0_clk_i/X (sg13g2_buf_16)
                                                         clknet_0_clk_i (net)
                      0.036801    0.003199   10.082167 ^ clkbuf_3_0__f_clk_i/A (sg13g2_buf_16)
     4    0.015231    0.013477    0.049669   10.131835 ^ clkbuf_3_0__f_clk_i/X (sg13g2_buf_16)
                                                         clknet_3_0__leaf_clk_i (net)
                      0.013477    0.000231   10.132066 ^ _174_/CLK (sg13g2_dfrbpq_1)
                                 -0.250000    9.882066   clock uncertainty
                                  0.000000    9.882066   clock reconvergence pessimism
                                 -0.072074    9.809991   library setup time
                                              9.809991   data required time
---------------------------------------------------------------------------------------------
                                              9.809991   data required time
                                             -2.320023   data arrival time
---------------------------------------------------------------------------------------------
                                              7.489968   slack (MET)


Startpoint: ui_PAD2CORE[0] (input port clocked by clk_i)
Endpoint: _178_ (rising edge-triggered flip-flop clocked by clk_i)
Path Group: clk_i
Path Type: max

Fanout         Cap        Slew       Delay        Time   Description
---------------------------------------------------------------------------------------------
                                  0.000000    0.000000   clock clk_i (rise edge)
                                  0.000000    0.000000   clock network delay (propagated)
                                  2.000000    2.000000 ^ input external delay
     1    0.004676    0.014699    0.002680    2.002680 ^ ui_PAD2CORE[0] (in)
                                                         ui_PAD2CORE[0] (net)
                      0.014699    0.000000    2.002680 ^ input2/A (sg13g2_buf_1)
     2    0.011791    0.036329    0.054356    2.057036 ^ input2/X (sg13g2_buf_1)
                                                         net2 (net)
                      0.036354    0.000782    2.057817 ^ fanout20/A (sg13g2_buf_1)
     8    0.039557    0.107231    0.110804    2.168622 ^ fanout20/X (sg13g2_buf_1)
                                                         net20 (net)
                      0.107448    0.003934    2.172556 ^ _096_/A (sg13g2_nand2_1)
     2    0.010906    0.065239    0.079010    2.251566 v _096_/Y (sg13g2_nand2_1)
                                                         _077_ (net)
                      0.065270    0.000692    2.252258 v _100_/A (sg13g2_xnor2_1)
     1    0.001950    0.028244    0.069273    2.321531 v _100_/Y (sg13g2_xnor2_1)
                                                         spm_inst.genblk1[11].csa.hsum2 (net)
                      0.028244    0.000073    2.321604 v _178_/D (sg13g2_dfrbpq_1)
                                              2.321604   data arrival time

                                 10.000000   10.000000   clock clk_i (rise edge)
                                  0.000000   10.000000   clock source latency
     1    0.025625    0.026735    0.015211   10.015211 ^ clk_i (in)
                                                         clk_i (net)
                      0.027112    0.000000   10.015211 ^ clkbuf_0_clk_i/A (sg13g2_buf_16)
     8    0.166508    0.036353    0.063756   10.078967 ^ clkbuf_0_clk_i/X (sg13g2_buf_16)
                                                         clknet_0_clk_i (net)
                      0.036897    0.003516   10.082483 ^ clkbuf_3_1__f_clk_i/A (sg13g2_buf_16)
     4    0.018603    0.013994    0.050048   10.132531 ^ clkbuf_3_1__f_clk_i/X (sg13g2_buf_16)
                                                         clknet_3_1__leaf_clk_i (net)
                      0.014011    0.000972   10.133503 ^ _178_/CLK (sg13g2_dfrbpq_1)
                                 -0.250000    9.883503   clock uncertainty
                                  0.000000    9.883503   clock reconvergence pessimism
                                 -0.071910    9.811594   library setup time
                                              9.811594   data required time
---------------------------------------------------------------------------------------------
                                              9.811594   data required time
                                             -2.321604   data arrival time
---------------------------------------------------------------------------------------------
                                              7.489989   slack (MET)


Startpoint: ui_PAD2CORE[0] (input port clocked by clk_i)
Endpoint: _199_ (rising edge-triggered flip-flop clocked by clk_i)
Path Group: clk_i
Path Type: max

Fanout         Cap        Slew       Delay        Time   Description
---------------------------------------------------------------------------------------------
                                  0.000000    0.000000   clock clk_i (rise edge)
                                  0.000000    0.000000   clock network delay (propagated)
                                  2.000000    2.000000 ^ input external delay
     1    0.004676    0.014699    0.002680    2.002680 ^ ui_PAD2CORE[0] (in)
                                                         ui_PAD2CORE[0] (net)
                      0.014699    0.000000    2.002680 ^ input2/A (sg13g2_buf_1)
     2    0.011791    0.036329    0.054356    2.057036 ^ input2/X (sg13g2_buf_1)
                                                         net2 (net)
                      0.036354    0.000782    2.057817 ^ fanout20/A (sg13g2_buf_1)
     8    0.039557    0.107231    0.110804    2.168622 ^ fanout20/X (sg13g2_buf_1)
                                                         net20 (net)
                      0.107307    0.002355    2.170977 ^ _162_/A (sg13g2_nand2_1)
     2    0.011376    0.067164    0.080722    2.251699 v _162_/Y (sg13g2_nand2_1)
                                                         _060_ (net)
                      0.067199    0.000821    2.252520 v _164_/B (sg13g2_xnor2_1)
     1    0.001869    0.025799    0.067888    2.320408 v _164_/Y (sg13g2_xnor2_1)
                                                         _015_ (net)
                      0.025799    0.000070    2.320478 v _199_/D (sg13g2_dfrbpq_1)
                                              2.320478   data arrival time

                                 10.000000   10.000000   clock clk_i (rise edge)
                                  0.000000   10.000000   clock source latency
     1    0.025625    0.026735    0.015211   10.015211 ^ clk_i (in)
                                                         clk_i (net)
                      0.027112    0.000000   10.015211 ^ clkbuf_0_clk_i/A (sg13g2_buf_16)
     8    0.166508    0.036353    0.063756   10.078967 ^ clkbuf_0_clk_i/X (sg13g2_buf_16)
                                                         clknet_0_clk_i (net)
                      0.036871    0.003434   10.082401 ^ clkbuf_3_2__f_clk_i/A (sg13g2_buf_16)
     4    0.017256    0.013786    0.049894   10.132296 ^ clkbuf_3_2__f_clk_i/X (sg13g2_buf_16)
                                                         clknet_3_2__leaf_clk_i (net)
                      0.013800    0.000909   10.133204 ^ _199_/CLK (sg13g2_dfrbpq_1)
                                 -0.250000    9.883204   clock uncertainty
                                  0.000000    9.883204   clock reconvergence pessimism
                                 -0.071294    9.811910   library setup time
                                              9.811910   data required time
---------------------------------------------------------------------------------------------
                                              9.811910   data required time
                                             -2.320478   data arrival time
---------------------------------------------------------------------------------------------
                                              7.491432   slack (MET)


Startpoint: rst_ni (input port clocked by clk_i)
Endpoint: _175_ (recovery check against rising-edge clock clk_i)
Path Group: asynchronous
Path Type: max

Fanout         Cap        Slew       Delay        Time   Description
---------------------------------------------------------------------------------------------
                                  0.000000    0.000000   clock clk_i (rise edge)
                                  0.000000    0.000000   clock network delay (propagated)
                                  2.000000    2.000000 ^ input external delay
     1    0.004747    0.014742    0.002695    2.002695 ^ rst_ni (in)
                                                         rst_ni (net)
                      0.014742    0.000000    2.002695 ^ input1/A (sg13g2_buf_1)
     1    0.002933    0.014600    0.038162    2.040858 ^ input1/X (sg13g2_buf_1)
                                                         net1 (net)
                      0.014602    0.000114    2.040972 ^ fanout26/A (sg13g2_buf_1)
     4    0.023934    0.066866    0.076451    2.117423 ^ fanout26/X (sg13g2_buf_1)
                                                         net26 (net)
                      0.066891    0.001074    2.118497 ^ fanout23/A (sg13g2_buf_1)
     8    0.056095    0.150197    0.148736    2.267233 ^ fanout23/X (sg13g2_buf_1)
                                                         net23 (net)
                      0.150418    0.004744    2.271977 ^ _175_/RESET_B (sg13g2_dfrbpq_1)
                                              2.271977   data arrival time

                                 10.000000   10.000000   clock clk_i (rise edge)
                                  0.000000   10.000000   clock source latency
     1    0.025625    0.026735    0.015211   10.015211 ^ clk_i (in)
                                                         clk_i (net)
                      0.027112    0.000000   10.015211 ^ clkbuf_0_clk_i/A (sg13g2_buf_16)
     8    0.166508    0.036353    0.063756   10.078967 ^ clkbuf_0_clk_i/X (sg13g2_buf_16)
                                                         clknet_0_clk_i (net)
                      0.036801    0.003199   10.082167 ^ clkbuf_3_0__f_clk_i/A (sg13g2_buf_16)
     4    0.015231    0.013477    0.049669   10.131835 ^ clkbuf_3_0__f_clk_i/X (sg13g2_buf_16)
                                                         clknet_3_0__leaf_clk_i (net)
                      0.013477    0.000258   10.132092 ^ _175_/CLK (sg13g2_dfrbpq_1)
                                 -0.250000    9.882092   clock uncertainty
                                  0.000000    9.882092   clock reconvergence pessimism
                                 -0.112068    9.770025   library recovery time
                                              9.770025   data required time
---------------------------------------------------------------------------------------------
                                              9.770025   data required time
                                             -2.271977   data arrival time
---------------------------------------------------------------------------------------------
                                              7.498049   slack (MET)


Startpoint: rst_ni (input port clocked by clk_i)
Endpoint: _174_ (recovery check against rising-edge clock clk_i)
Path Group: asynchronous
Path Type: max

Fanout         Cap        Slew       Delay        Time   Description
---------------------------------------------------------------------------------------------
                                  0.000000    0.000000   clock clk_i (rise edge)
                                  0.000000    0.000000   clock network delay (propagated)
                                  2.000000    2.000000 ^ input external delay
     1    0.004747    0.014742    0.002695    2.002695 ^ rst_ni (in)
                                                         rst_ni (net)
                      0.014742    0.000000    2.002695 ^ input1/A (sg13g2_buf_1)
     1    0.002933    0.014600    0.038162    2.040858 ^ input1/X (sg13g2_buf_1)
                                                         net1 (net)
                      0.014602    0.000114    2.040972 ^ fanout26/A (sg13g2_buf_1)
     4    0.023934    0.066866    0.076451    2.117423 ^ fanout26/X (sg13g2_buf_1)
                                                         net26 (net)
                      0.066891    0.001074    2.118497 ^ fanout23/A (sg13g2_buf_1)
     8    0.056095    0.150197    0.148736    2.267233 ^ fanout23/X (sg13g2_buf_1)
                                                         net23 (net)
                      0.150408    0.004633    2.271866 ^ _174_/RESET_B (sg13g2_dfrbpq_1)
                                              2.271866   data arrival time

                                 10.000000   10.000000   clock clk_i (rise edge)
                                  0.000000   10.000000   clock source latency
     1    0.025625    0.026735    0.015211   10.015211 ^ clk_i (in)
                                                         clk_i (net)
                      0.027112    0.000000   10.015211 ^ clkbuf_0_clk_i/A (sg13g2_buf_16)
     8    0.166508    0.036353    0.063756   10.078967 ^ clkbuf_0_clk_i/X (sg13g2_buf_16)
                                                         clknet_0_clk_i (net)
                      0.036801    0.003199   10.082167 ^ clkbuf_3_0__f_clk_i/A (sg13g2_buf_16)
     4    0.015231    0.013477    0.049669   10.131835 ^ clkbuf_3_0__f_clk_i/X (sg13g2_buf_16)
                                                         clknet_3_0__leaf_clk_i (net)
                      0.013477    0.000231   10.132066 ^ _174_/CLK (sg13g2_dfrbpq_1)
                                 -0.250000    9.882066   clock uncertainty
                                  0.000000    9.882066   clock reconvergence pessimism
                                 -0.112066    9.770000   library recovery time
                                              9.770000   data required time
---------------------------------------------------------------------------------------------
                                              9.770000   data required time
                                             -2.271866   data arrival time
---------------------------------------------------------------------------------------------
                                              7.498134   slack (MET)


Startpoint: rst_ni (input port clocked by clk_i)
Endpoint: _173_ (recovery check against rising-edge clock clk_i)
Path Group: asynchronous
Path Type: max

Fanout         Cap        Slew       Delay        Time   Description
---------------------------------------------------------------------------------------------
                                  0.000000    0.000000   clock clk_i (rise edge)
                                  0.000000    0.000000   clock network delay (propagated)
                                  2.000000    2.000000 ^ input external delay
     1    0.004747    0.014742    0.002695    2.002695 ^ rst_ni (in)
                                                         rst_ni (net)
                      0.014742    0.000000    2.002695 ^ input1/A (sg13g2_buf_1)
     1    0.002933    0.014600    0.038162    2.040858 ^ input1/X (sg13g2_buf_1)
                                                         net1 (net)
                      0.014602    0.000114    2.040972 ^ fanout26/A (sg13g2_buf_1)
     4    0.023934    0.066866    0.076451    2.117423 ^ fanout26/X (sg13g2_buf_1)
                                                         net26 (net)
                      0.066891    0.001074    2.118497 ^ fanout23/A (sg13g2_buf_1)
     8    0.056095    0.150197    0.148736    2.267233 ^ fanout23/X (sg13g2_buf_1)
                                                         net23 (net)
                      0.150395    0.004495    2.271728 ^ _173_/RESET_B (sg13g2_dfrbpq_1)
                                              2.271728   data arrival time

                                 10.000000   10.000000   clock clk_i (rise edge)
                                  0.000000   10.000000   clock source latency
     1    0.025625    0.026735    0.015211   10.015211 ^ clk_i (in)
                                                         clk_i (net)
                      0.027112    0.000000   10.015211 ^ clkbuf_0_clk_i/A (sg13g2_buf_16)
     8    0.166508    0.036353    0.063756   10.078967 ^ clkbuf_0_clk_i/X (sg13g2_buf_16)
                                                         clknet_0_clk_i (net)
                      0.036801    0.003199   10.082167 ^ clkbuf_3_0__f_clk_i/A (sg13g2_buf_16)
     4    0.015231    0.013477    0.049669   10.131835 ^ clkbuf_3_0__f_clk_i/X (sg13g2_buf_16)
                                                         clknet_3_0__leaf_clk_i (net)
                      0.013477    0.000226   10.132061 ^ _173_/CLK (sg13g2_dfrbpq_1)
                                 -0.250000    9.882061   clock uncertainty
                                  0.000000    9.882061   clock reconvergence pessimism
                                 -0.112063    9.769999   library recovery time
                                              9.769999   data required time
---------------------------------------------------------------------------------------------
                                              9.769999   data required time
                                             -2.271728   data arrival time
---------------------------------------------------------------------------------------------
                                              7.498271   slack (MET)


Startpoint: rst_ni (input port clocked by clk_i)
Endpoint: _178_ (recovery check against rising-edge clock clk_i)
Path Group: asynchronous
Path Type: max

Fanout         Cap        Slew       Delay        Time   Description
---------------------------------------------------------------------------------------------
                                  0.000000    0.000000   clock clk_i (rise edge)
                                  0.000000    0.000000   clock network delay (propagated)
                                  2.000000    2.000000 ^ input external delay
     1    0.004747    0.014742    0.002695    2.002695 ^ rst_ni (in)
                                                         rst_ni (net)
                      0.014742    0.000000    2.002695 ^ input1/A (sg13g2_buf_1)
     1    0.002933    0.014600    0.038162    2.040858 ^ input1/X (sg13g2_buf_1)
                                                         net1 (net)
                      0.014602    0.000114    2.040972 ^ fanout26/A (sg13g2_buf_1)
     4    0.023934    0.066866    0.076451    2.117423 ^ fanout26/X (sg13g2_buf_1)
                                                         net26 (net)
                      0.066891    0.001074    2.118497 ^ fanout23/A (sg13g2_buf_1)
     8    0.056095    0.150197    0.148736    2.267233 ^ fanout23/X (sg13g2_buf_1)
                                                         net23 (net)
                      0.150496    0.005493    2.272727 ^ _178_/RESET_B (sg13g2_dfrbpq_1)
                                              2.272727   data arrival time

                                 10.000000   10.000000   clock clk_i (rise edge)
                                  0.000000   10.000000   clock source latency
     1    0.025625    0.026735    0.015211   10.015211 ^ clk_i (in)
                                                         clk_i (net)
                      0.027112    0.000000   10.015211 ^ clkbuf_0_clk_i/A (sg13g2_buf_16)
     8    0.166508    0.036353    0.063756   10.078967 ^ clkbuf_0_clk_i/X (sg13g2_buf_16)
                                                         clknet_0_clk_i (net)
                      0.036897    0.003516   10.082483 ^ clkbuf_3_1__f_clk_i/A (sg13g2_buf_16)
     4    0.018603    0.013994    0.050048   10.132531 ^ clkbuf_3_1__f_clk_i/X (sg13g2_buf_16)
                                                         clknet_3_1__leaf_clk_i (net)
                      0.014011    0.000972   10.133503 ^ _178_/CLK (sg13g2_dfrbpq_1)
                                 -0.250000    9.883503   clock uncertainty
                                  0.000000    9.883503   clock reconvergence pessimism
                                 -0.112024    9.771479   library recovery time
                                              9.771479   data required time
---------------------------------------------------------------------------------------------
                                              9.771479   data required time
                                             -2.272727   data arrival time
---------------------------------------------------------------------------------------------
                                              7.498752   slack (MET)


Startpoint: rst_ni (input port clocked by clk_i)
Endpoint: _176_ (recovery check against rising-edge clock clk_i)
Path Group: asynchronous
Path Type: max

Fanout         Cap        Slew       Delay        Time   Description
---------------------------------------------------------------------------------------------
                                  0.000000    0.000000   clock clk_i (rise edge)
                                  0.000000    0.000000   clock network delay (propagated)
                                  2.000000    2.000000 ^ input external delay
     1    0.004747    0.014742    0.002695    2.002695 ^ rst_ni (in)
                                                         rst_ni (net)
                      0.014742    0.000000    2.002695 ^ input1/A (sg13g2_buf_1)
     1    0.002933    0.014600    0.038162    2.040858 ^ input1/X (sg13g2_buf_1)
                                                         net1 (net)
                      0.014602    0.000114    2.040972 ^ fanout26/A (sg13g2_buf_1)
     4    0.023934    0.066866    0.076451    2.117423 ^ fanout26/X (sg13g2_buf_1)
                                                         net26 (net)
                      0.066891    0.001074    2.118497 ^ fanout23/A (sg13g2_buf_1)
     8    0.056095    0.150197    0.148736    2.267233 ^ fanout23/X (sg13g2_buf_1)
                                                         net23 (net)
                      0.150488    0.005425    2.272658 ^ _176_/RESET_B (sg13g2_dfrbpq_1)
                                              2.272658   data arrival time

                                 10.000000   10.000000   clock clk_i (rise edge)
                                  0.000000   10.000000   clock source latency
     1    0.025625    0.026735    0.015211   10.015211 ^ clk_i (in)
                                                         clk_i (net)
                      0.027112    0.000000   10.015211 ^ clkbuf_0_clk_i/A (sg13g2_buf_16)
     8    0.166508    0.036353    0.063756   10.078967 ^ clkbuf_0_clk_i/X (sg13g2_buf_16)
                                                         clknet_0_clk_i (net)
                      0.036897    0.003516   10.082483 ^ clkbuf_3_1__f_clk_i/A (sg13g2_buf_16)
     4    0.018603    0.013994    0.050048   10.132531 ^ clkbuf_3_1__f_clk_i/X (sg13g2_buf_16)
                                                         clknet_3_1__leaf_clk_i (net)
                      0.014012    0.001011   10.133542 ^ _176_/CLK (sg13g2_dfrbpq_1)
                                 -0.250000    9.883542   clock uncertainty
                                  0.000000    9.883542   clock reconvergence pessimism
                                 -0.112022    9.771520   library recovery time
                                              9.771520   data required time
---------------------------------------------------------------------------------------------
                                              9.771520   data required time
                                             -2.272658   data arrival time
---------------------------------------------------------------------------------------------
                                              7.498862   slack (MET)


Startpoint: rst_ni (input port clocked by clk_i)
Endpoint: _177_ (recovery check against rising-edge clock clk_i)
Path Group: asynchronous
Path Type: max

Fanout         Cap        Slew       Delay        Time   Description
---------------------------------------------------------------------------------------------
                                  0.000000    0.000000   clock clk_i (rise edge)
                                  0.000000    0.000000   clock network delay (propagated)
                                  2.000000    2.000000 ^ input external delay
     1    0.004747    0.014742    0.002695    2.002695 ^ rst_ni (in)
                                                         rst_ni (net)
                      0.014742    0.000000    2.002695 ^ input1/A (sg13g2_buf_1)
     1    0.002933    0.014600    0.038162    2.040858 ^ input1/X (sg13g2_buf_1)
                                                         net1 (net)
                      0.014602    0.000114    2.040972 ^ fanout26/A (sg13g2_buf_1)
     4    0.023934    0.066866    0.076451    2.117423 ^ fanout26/X (sg13g2_buf_1)
                                                         net26 (net)
                      0.066891    0.001074    2.118497 ^ fanout23/A (sg13g2_buf_1)
     8    0.056095    0.150197    0.148736    2.267233 ^ fanout23/X (sg13g2_buf_1)
                                                         net23 (net)
                      0.150491    0.005452    2.272685 ^ _177_/RESET_B (sg13g2_dfrbpq_1)
                                              2.272685   data arrival time

                                 10.000000   10.000000   clock clk_i (rise edge)
                                  0.000000   10.000000   clock source latency
     1    0.025625    0.026735    0.015211   10.015211 ^ clk_i (in)
                                                         clk_i (net)
                      0.027112    0.000000   10.015211 ^ clkbuf_0_clk_i/A (sg13g2_buf_16)
     8    0.166508    0.036353    0.063756   10.078967 ^ clkbuf_0_clk_i/X (sg13g2_buf_16)
                                                         clknet_0_clk_i (net)
                      0.036897    0.003516   10.082483 ^ clkbuf_3_1__f_clk_i/A (sg13g2_buf_16)
     4    0.018603    0.013994    0.050048   10.132531 ^ clkbuf_3_1__f_clk_i/X (sg13g2_buf_16)
                                                         clknet_3_1__leaf_clk_i (net)
                      0.014016    0.001081   10.133613 ^ _177_/CLK (sg13g2_dfrbpq_1)
                                 -0.250000    9.883613   clock uncertainty
                                  0.000000    9.883613   clock reconvergence pessimism
                                 -0.112022    9.771590   library recovery time
                                              9.771590   data required time
---------------------------------------------------------------------------------------------
                                              9.771590   data required time
                                             -2.272685   data arrival time
---------------------------------------------------------------------------------------------
                                              7.498905   slack (MET)


Startpoint: rst_ni (input port clocked by clk_i)
Endpoint: _185_ (recovery check against rising-edge clock clk_i)
Path Group: asynchronous
Path Type: max

Fanout         Cap        Slew       Delay        Time   Description
---------------------------------------------------------------------------------------------
                                  0.000000    0.000000   clock clk_i (rise edge)
                                  0.000000    0.000000   clock network delay (propagated)
                                  2.000000    2.000000 ^ input external delay
     1    0.004747    0.014742    0.002695    2.002695 ^ rst_ni (in)
                                                         rst_ni (net)
                      0.014742    0.000000    2.002695 ^ input1/A (sg13g2_buf_1)
     1    0.002933    0.014600    0.038162    2.040858 ^ input1/X (sg13g2_buf_1)
                                                         net1 (net)
                      0.014602    0.000114    2.040972 ^ fanout26/A (sg13g2_buf_1)
     4    0.023934    0.066866    0.076451    2.117423 ^ fanout26/X (sg13g2_buf_1)
                                                         net26 (net)
                      0.066891    0.001074    2.118497 ^ fanout23/A (sg13g2_buf_1)
     8    0.056095    0.150197    0.148736    2.267233 ^ fanout23/X (sg13g2_buf_1)
                                                         net23 (net)
                      0.150417    0.004731    2.271964 ^ _185_/RESET_B (sg13g2_dfrbpq_1)
                                              2.271964   data arrival time

                                 10.000000   10.000000   clock clk_i (rise edge)
                                  0.000000   10.000000   clock source latency
     1    0.025625    0.026735    0.015211   10.015211 ^ clk_i (in)
                                                         clk_i (net)
                      0.027112    0.000000   10.015211 ^ clkbuf_0_clk_i/A (sg13g2_buf_16)
     8    0.166508    0.036353    0.063756   10.078967 ^ clkbuf_0_clk_i/X (sg13g2_buf_16)
                                                         clknet_0_clk_i (net)
                      0.036897    0.003516   10.082483 ^ clkbuf_3_1__f_clk_i/A (sg13g2_buf_16)
     4    0.018603    0.013994    0.050048   10.132531 ^ clkbuf_3_1__f_clk_i/X (sg13g2_buf_16)
                                                         clknet_3_1__leaf_clk_i (net)
                      0.014020    0.001157   10.133689 ^ _185_/CLK (sg13g2_dfrbpq_1)
                                 -0.250000    9.883689   clock uncertainty
                                  0.000000    9.883689   clock reconvergence pessimism
                                 -0.112005    9.771685   library recovery time
                                              9.771685   data required time
---------------------------------------------------------------------------------------------
                                              9.771685   data required time
                                             -2.271964   data arrival time
---------------------------------------------------------------------------------------------
                                              7.499720   slack (MET)


Startpoint: rst_ni (input port clocked by clk_i)
Endpoint: _184_ (recovery check against rising-edge clock clk_i)
Path Group: asynchronous
Path Type: max

Fanout         Cap        Slew       Delay        Time   Description
---------------------------------------------------------------------------------------------
                                  0.000000    0.000000   clock clk_i (rise edge)
                                  0.000000    0.000000   clock network delay (propagated)
                                  2.000000    2.000000 ^ input external delay
     1    0.004747    0.014742    0.002695    2.002695 ^ rst_ni (in)
                                                         rst_ni (net)
                      0.014742    0.000000    2.002695 ^ input1/A (sg13g2_buf_1)
     1    0.002933    0.014600    0.038162    2.040858 ^ input1/X (sg13g2_buf_1)
                                                         net1 (net)
                      0.014602    0.000114    2.040972 ^ fanout26/A (sg13g2_buf_1)
     4    0.023934    0.066866    0.076451    2.117423 ^ fanout26/X (sg13g2_buf_1)
                                                         net26 (net)
                      0.066976    0.002200    2.119623 ^ fanout25/A (sg13g2_buf_1)
     8    0.055207    0.147752    0.148132    2.267756 ^ fanout25/X (sg13g2_buf_1)
                                                         net25 (net)
                      0.147900    0.003853    2.271609 ^ _184_/RESET_B (sg13g2_dfrbpq_1)
                                              2.271609   data arrival time

                                 10.000000   10.000000   clock clk_i (rise edge)
                                  0.000000   10.000000   clock source latency
     1    0.025625    0.026735    0.015211   10.015211 ^ clk_i (in)
                                                         clk_i (net)
                      0.027112    0.000000   10.015211 ^ clkbuf_0_clk_i/A (sg13g2_buf_16)
     8    0.166508    0.036353    0.063756   10.078967 ^ clkbuf_0_clk_i/X (sg13g2_buf_16)
                                                         clknet_0_clk_i (net)
                      0.036970    0.003738   10.082705 ^ clkbuf_3_6__f_clk_i/A (sg13g2_buf_16)
     4    0.016617    0.013692    0.049877   10.132583 ^ clkbuf_3_6__f_clk_i/X (sg13g2_buf_16)
                                                         clknet_3_6__leaf_clk_i (net)
                      0.013693    0.000424   10.133007 ^ _184_/CLK (sg13g2_dfrbpq_1)
                                 -0.250000    9.883007   clock uncertainty
                                  0.000000    9.883007   clock reconvergence pessimism
                                 -0.111454    9.771552   library recovery time
                                              9.771552   data required time
---------------------------------------------------------------------------------------------
                                              9.771552   data required time
                                             -2.271609   data arrival time
---------------------------------------------------------------------------------------------
                                              7.499943   slack (MET)


Startpoint: rst_ni (input port clocked by clk_i)
Endpoint: _183_ (recovery check against rising-edge clock clk_i)
Path Group: asynchronous
Path Type: max

Fanout         Cap        Slew       Delay        Time   Description
---------------------------------------------------------------------------------------------
                                  0.000000    0.000000   clock clk_i (rise edge)
                                  0.000000    0.000000   clock network delay (propagated)
                                  2.000000    2.000000 ^ input external delay
     1    0.004747    0.014742    0.002695    2.002695 ^ rst_ni (in)
                                                         rst_ni (net)
                      0.014742    0.000000    2.002695 ^ input1/A (sg13g2_buf_1)
     1    0.002933    0.014600    0.038162    2.040858 ^ input1/X (sg13g2_buf_1)
                                                         net1 (net)
                      0.014602    0.000114    2.040972 ^ fanout26/A (sg13g2_buf_1)
     4    0.023934    0.066866    0.076451    2.117423 ^ fanout26/X (sg13g2_buf_1)
                                                         net26 (net)
                      0.066976    0.002200    2.119623 ^ fanout25/A (sg13g2_buf_1)
     8    0.055207    0.147752    0.148132    2.267756 ^ fanout25/X (sg13g2_buf_1)
                                                         net25 (net)
                      0.147897    0.003819    2.271575 ^ _183_/RESET_B (sg13g2_dfrbpq_1)
                                              2.271575   data arrival time

                                 10.000000   10.000000   clock clk_i (rise edge)
                                  0.000000   10.000000   clock source latency
     1    0.025625    0.026735    0.015211   10.015211 ^ clk_i (in)
                                                         clk_i (net)
                      0.027112    0.000000   10.015211 ^ clkbuf_0_clk_i/A (sg13g2_buf_16)
     8    0.166508    0.036353    0.063756   10.078967 ^ clkbuf_0_clk_i/X (sg13g2_buf_16)
                                                         clknet_0_clk_i (net)
                      0.036970    0.003738   10.082705 ^ clkbuf_3_6__f_clk_i/A (sg13g2_buf_16)
     4    0.016617    0.013692    0.049877   10.132583 ^ clkbuf_3_6__f_clk_i/X (sg13g2_buf_16)
                                                         clknet_3_6__leaf_clk_i (net)
                      0.013693    0.000411   10.132995 ^ _183_/CLK (sg13g2_dfrbpq_1)
                                 -0.250000    9.882995   clock uncertainty
                                  0.000000    9.882995   clock reconvergence pessimism
                                 -0.111454    9.771541   library recovery time
                                              9.771541   data required time
---------------------------------------------------------------------------------------------
                                              9.771541   data required time
                                             -2.271575   data arrival time
---------------------------------------------------------------------------------------------
                                              7.499965   slack (MET)


Startpoint: rst_ni (input port clocked by clk_i)
Endpoint: _196_ (recovery check against rising-edge clock clk_i)
Path Group: asynchronous
Path Type: max

Fanout         Cap        Slew       Delay        Time   Description
---------------------------------------------------------------------------------------------
                                  0.000000    0.000000   clock clk_i (rise edge)
                                  0.000000    0.000000   clock network delay (propagated)
                                  2.000000    2.000000 ^ input external delay
     1    0.004747    0.014742    0.002695    2.002695 ^ rst_ni (in)
                                                         rst_ni (net)
                      0.014742    0.000000    2.002695 ^ input1/A (sg13g2_buf_1)
     1    0.002933    0.014600    0.038162    2.040858 ^ input1/X (sg13g2_buf_1)
                                                         net1 (net)
                      0.014602    0.000114    2.040972 ^ fanout26/A (sg13g2_buf_1)
     4    0.023934    0.066866    0.076451    2.117423 ^ fanout26/X (sg13g2_buf_1)
                                                         net26 (net)
                      0.066976    0.002200    2.119623 ^ fanout25/A (sg13g2_buf_1)
     8    0.055207    0.147752    0.148132    2.267756 ^ fanout25/X (sg13g2_buf_1)
                                                         net25 (net)
                      0.147866    0.003388    2.271144 ^ _196_/RESET_B (sg13g2_dfrbpq_1)
                                              2.271144   data arrival time

                                 10.000000   10.000000   clock clk_i (rise edge)
                                  0.000000   10.000000   clock source latency
     1    0.025625    0.026735    0.015211   10.015211 ^ clk_i (in)
                                                         clk_i (net)
                      0.027112    0.000000   10.015211 ^ clkbuf_0_clk_i/A (sg13g2_buf_16)
     8    0.166508    0.036353    0.063756   10.078967 ^ clkbuf_0_clk_i/X (sg13g2_buf_16)
                                                         clknet_0_clk_i (net)
                      0.037037    0.003936   10.082904 ^ clkbuf_3_7__f_clk_i/A (sg13g2_buf_16)
     4    0.015568    0.013539    0.049796   10.132699 ^ clkbuf_3_7__f_clk_i/X (sg13g2_buf_16)
                                                         clknet_3_7__leaf_clk_i (net)
                      0.013539    0.000353   10.133052 ^ _196_/CLK (sg13g2_dfrbpq_1)
                                 -0.250000    9.883052   clock uncertainty
                                  0.000000    9.883052   clock reconvergence pessimism
                                 -0.111464    9.771587   library recovery time
                                              9.771587   data required time
---------------------------------------------------------------------------------------------
                                              9.771587   data required time
                                             -2.271144   data arrival time
---------------------------------------------------------------------------------------------
                                              7.500443   slack (MET)


Startpoint: rst_ni (input port clocked by clk_i)
Endpoint: _194_ (recovery check against rising-edge clock clk_i)
Path Group: asynchronous
Path Type: max

Fanout         Cap        Slew       Delay        Time   Description
---------------------------------------------------------------------------------------------
                                  0.000000    0.000000   clock clk_i (rise edge)
                                  0.000000    0.000000   clock network delay (propagated)
                                  2.000000    2.000000 ^ input external delay
     1    0.004747    0.014742    0.002695    2.002695 ^ rst_ni (in)
                                                         rst_ni (net)
                      0.014742    0.000000    2.002695 ^ input1/A (sg13g2_buf_1)
     1    0.002933    0.014600    0.038162    2.040858 ^ input1/X (sg13g2_buf_1)
                                                         net1 (net)
                      0.014602    0.000114    2.040972 ^ fanout26/A (sg13g2_buf_1)
     4    0.023934    0.066866    0.076451    2.117423 ^ fanout26/X (sg13g2_buf_1)
                                                         net26 (net)
                      0.066976    0.002200    2.119623 ^ fanout25/A (sg13g2_buf_1)
     8    0.055207    0.147752    0.148132    2.267756 ^ fanout25/X (sg13g2_buf_1)
                                                         net25 (net)
                      0.147862    0.003331    2.271086 ^ _194_/RESET_B (sg13g2_dfrbpq_1)
                                              2.271086   data arrival time

                                 10.000000   10.000000   clock clk_i (rise edge)
                                  0.000000   10.000000   clock source latency
     1    0.025625    0.026735    0.015211   10.015211 ^ clk_i (in)
                                                         clk_i (net)
                      0.027112    0.000000   10.015211 ^ clkbuf_0_clk_i/A (sg13g2_buf_16)
     8    0.166508    0.036353    0.063756   10.078967 ^ clkbuf_0_clk_i/X (sg13g2_buf_16)
                                                         clknet_0_clk_i (net)
                      0.037037    0.003936   10.082904 ^ clkbuf_3_7__f_clk_i/A (sg13g2_buf_16)
     4    0.015568    0.013539    0.049796   10.132699 ^ clkbuf_3_7__f_clk_i/X (sg13g2_buf_16)
                                                         clknet_3_7__leaf_clk_i (net)
                      0.013539    0.000310   10.133009 ^ _194_/CLK (sg13g2_dfrbpq_1)
                                 -0.250000    9.883009   clock uncertainty
                                  0.000000    9.883009   clock reconvergence pessimism
                                 -0.111463    9.771545   library recovery time
                                              9.771545   data required time
---------------------------------------------------------------------------------------------
                                              9.771545   data required time
                                             -2.271086   data arrival time
---------------------------------------------------------------------------------------------
                                              7.500459   slack (MET)


Startpoint: rst_ni (input port clocked by clk_i)
Endpoint: _195_ (recovery check against rising-edge clock clk_i)
Path Group: asynchronous
Path Type: max

Fanout         Cap        Slew       Delay        Time   Description
---------------------------------------------------------------------------------------------
                                  0.000000    0.000000   clock clk_i (rise edge)
                                  0.000000    0.000000   clock network delay (propagated)
                                  2.000000    2.000000 ^ input external delay
     1    0.004747    0.014742    0.002695    2.002695 ^ rst_ni (in)
                                                         rst_ni (net)
                      0.014742    0.000000    2.002695 ^ input1/A (sg13g2_buf_1)
     1    0.002933    0.014600    0.038162    2.040858 ^ input1/X (sg13g2_buf_1)
                                                         net1 (net)
                      0.014602    0.000114    2.040972 ^ fanout26/A (sg13g2_buf_1)
     4    0.023934    0.066866    0.076451    2.117423 ^ fanout26/X (sg13g2_buf_1)
                                                         net26 (net)
                      0.066976    0.002200    2.119623 ^ fanout25/A (sg13g2_buf_1)
     8    0.055207    0.147752    0.148132    2.267756 ^ fanout25/X (sg13g2_buf_1)
                                                         net25 (net)
                      0.147864    0.003356    2.271112 ^ _195_/RESET_B (sg13g2_dfrbpq_1)
                                              2.271112   data arrival time

                                 10.000000   10.000000   clock clk_i (rise edge)
                                  0.000000   10.000000   clock source latency
     1    0.025625    0.026735    0.015211   10.015211 ^ clk_i (in)
                                                         clk_i (net)
                      0.027112    0.000000   10.015211 ^ clkbuf_0_clk_i/A (sg13g2_buf_16)
     8    0.166508    0.036353    0.063756   10.078967 ^ clkbuf_0_clk_i/X (sg13g2_buf_16)
                                                         clknet_0_clk_i (net)
                      0.037037    0.003936   10.082904 ^ clkbuf_3_7__f_clk_i/A (sg13g2_buf_16)
     4    0.015568    0.013539    0.049796   10.132699 ^ clkbuf_3_7__f_clk_i/X (sg13g2_buf_16)
                                                         clknet_3_7__leaf_clk_i (net)
                      0.013539    0.000329   10.133028 ^ _195_/CLK (sg13g2_dfrbpq_1)
                                 -0.250000    9.883028   clock uncertainty
                                  0.000000    9.883028   clock reconvergence pessimism
                                 -0.111464    9.771564   library recovery time
                                              9.771564   data required time
---------------------------------------------------------------------------------------------
                                              9.771564   data required time
                                             -2.271112   data arrival time
---------------------------------------------------------------------------------------------
                                              7.500452   slack (MET)


Startpoint: rst_ni (input port clocked by clk_i)
Endpoint: _193_ (recovery check against rising-edge clock clk_i)
Path Group: asynchronous
Path Type: max

Fanout         Cap        Slew       Delay        Time   Description
---------------------------------------------------------------------------------------------
                                  0.000000    0.000000   clock clk_i (rise edge)
                                  0.000000    0.000000   clock network delay (propagated)
                                  2.000000    2.000000 ^ input external delay
     1    0.004747    0.014742    0.002695    2.002695 ^ rst_ni (in)
                                                         rst_ni (net)
                      0.014742    0.000000    2.002695 ^ input1/A (sg13g2_buf_1)
     1    0.002933    0.014600    0.038162    2.040858 ^ input1/X (sg13g2_buf_1)
                                                         net1 (net)
                      0.014602    0.000114    2.040972 ^ fanout26/A (sg13g2_buf_1)
     4    0.023934    0.066866    0.076451    2.117423 ^ fanout26/X (sg13g2_buf_1)
                                                         net26 (net)
                      0.066976    0.002200    2.119623 ^ fanout25/A (sg13g2_buf_1)
     8    0.055207    0.147752    0.148132    2.267756 ^ fanout25/X (sg13g2_buf_1)
                                                         net25 (net)
                      0.147841    0.002996    2.270752 ^ _193_/RESET_B (sg13g2_dfrbpq_1)
                                              2.270752   data arrival time

                                 10.000000   10.000000   clock clk_i (rise edge)
                                  0.000000   10.000000   clock source latency
     1    0.025625    0.026735    0.015211   10.015211 ^ clk_i (in)
                                                         clk_i (net)
                      0.027112    0.000000   10.015211 ^ clkbuf_0_clk_i/A (sg13g2_buf_16)
     8    0.166508    0.036353    0.063756   10.078967 ^ clkbuf_0_clk_i/X (sg13g2_buf_16)
                                                         clknet_0_clk_i (net)
                      0.037037    0.003936   10.082904 ^ clkbuf_3_7__f_clk_i/A (sg13g2_buf_16)
     4    0.015568    0.013539    0.049796   10.132699 ^ clkbuf_3_7__f_clk_i/X (sg13g2_buf_16)
                                                         clknet_3_7__leaf_clk_i (net)
                      0.013539    0.000158   10.132857 ^ _193_/CLK (sg13g2_dfrbpq_1)
                                 -0.250000    9.882857   clock uncertainty
                                  0.000000    9.882857   clock reconvergence pessimism
                                 -0.111458    9.771399   library recovery time
                                              9.771399   data required time
---------------------------------------------------------------------------------------------
                                              9.771399   data required time
                                             -2.270752   data arrival time
---------------------------------------------------------------------------------------------
                                              7.500648   slack (MET)


Startpoint: rst_ni (input port clocked by clk_i)
Endpoint: _191_ (recovery check against rising-edge clock clk_i)
Path Group: asynchronous
Path Type: max

Fanout         Cap        Slew       Delay        Time   Description
---------------------------------------------------------------------------------------------
                                  0.000000    0.000000   clock clk_i (rise edge)
                                  0.000000    0.000000   clock network delay (propagated)
                                  2.000000    2.000000 ^ input external delay
     1    0.004747    0.014742    0.002695    2.002695 ^ rst_ni (in)
                                                         rst_ni (net)
                      0.014742    0.000000    2.002695 ^ input1/A (sg13g2_buf_1)
     1    0.002933    0.014600    0.038162    2.040858 ^ input1/X (sg13g2_buf_1)
                                                         net1 (net)
                      0.014602    0.000114    2.040972 ^ fanout26/A (sg13g2_buf_1)
     4    0.023934    0.066866    0.076451    2.117423 ^ fanout26/X (sg13g2_buf_1)
                                                         net26 (net)
                      0.066976    0.002200    2.119623 ^ fanout25/A (sg13g2_buf_1)
     8    0.055207    0.147752    0.148132    2.267756 ^ fanout25/X (sg13g2_buf_1)
                                                         net25 (net)
                      0.147861    0.003321    2.271076 ^ _191_/RESET_B (sg13g2_dfrbpq_1)
                                              2.271076   data arrival time

                                 10.000000   10.000000   clock clk_i (rise edge)
                                  0.000000   10.000000   clock source latency
     1    0.025625    0.026735    0.015211   10.015211 ^ clk_i (in)
                                                         clk_i (net)
                      0.027112    0.000000   10.015211 ^ clkbuf_0_clk_i/A (sg13g2_buf_16)
     8    0.166508    0.036353    0.063756   10.078967 ^ clkbuf_0_clk_i/X (sg13g2_buf_16)
                                                         clknet_0_clk_i (net)
                      0.036970    0.003738   10.082705 ^ clkbuf_3_6__f_clk_i/A (sg13g2_buf_16)
     4    0.016617    0.013692    0.049877   10.132583 ^ clkbuf_3_6__f_clk_i/X (sg13g2_buf_16)
                                                         clknet_3_6__leaf_clk_i (net)
                      0.013698    0.000685   10.133267 ^ _191_/CLK (sg13g2_dfrbpq_1)
                                 -0.250000    9.883267   clock uncertainty
                                  0.000000    9.883267   clock reconvergence pessimism
                                 -0.111445    9.771823   library recovery time
                                              9.771823   data required time
---------------------------------------------------------------------------------------------
                                              9.771823   data required time
                                             -2.271076   data arrival time
---------------------------------------------------------------------------------------------
                                              7.500746   slack (MET)


Startpoint: rst_ni (input port clocked by clk_i)
Endpoint: _192_ (recovery check against rising-edge clock clk_i)
Path Group: asynchronous
Path Type: max

Fanout         Cap        Slew       Delay        Time   Description
---------------------------------------------------------------------------------------------
                                  0.000000    0.000000   clock clk_i (rise edge)
                                  0.000000    0.000000   clock network delay (propagated)
                                  2.000000    2.000000 ^ input external delay
     1    0.004747    0.014742    0.002695    2.002695 ^ rst_ni (in)
                                                         rst_ni (net)
                      0.014742    0.000000    2.002695 ^ input1/A (sg13g2_buf_1)
     1    0.002933    0.014600    0.038162    2.040858 ^ input1/X (sg13g2_buf_1)
                                                         net1 (net)
                      0.014602    0.000114    2.040972 ^ fanout26/A (sg13g2_buf_1)
     4    0.023934    0.066866    0.076451    2.117423 ^ fanout26/X (sg13g2_buf_1)
                                                         net26 (net)
                      0.066976    0.002200    2.119623 ^ fanout25/A (sg13g2_buf_1)
     8    0.055207    0.147752    0.148132    2.267756 ^ fanout25/X (sg13g2_buf_1)
                                                         net25 (net)
                      0.147858    0.003267    2.271023 ^ _192_/RESET_B (sg13g2_dfrbpq_1)
                                              2.271023   data arrival time

                                 10.000000   10.000000   clock clk_i (rise edge)
                                  0.000000   10.000000   clock source latency
     1    0.025625    0.026735    0.015211   10.015211 ^ clk_i (in)
                                                         clk_i (net)
                      0.027112    0.000000   10.015211 ^ clkbuf_0_clk_i/A (sg13g2_buf_16)
     8    0.166508    0.036353    0.063756   10.078967 ^ clkbuf_0_clk_i/X (sg13g2_buf_16)
                                                         clknet_0_clk_i (net)
                      0.036970    0.003738   10.082705 ^ clkbuf_3_6__f_clk_i/A (sg13g2_buf_16)
     4    0.016617    0.013692    0.049877   10.132583 ^ clkbuf_3_6__f_clk_i/X (sg13g2_buf_16)
                                                         clknet_3_6__leaf_clk_i (net)
                      0.013699    0.000710   10.133293 ^ _192_/CLK (sg13g2_dfrbpq_1)
                                 -0.250000    9.883293   clock uncertainty
                                  0.000000    9.883293   clock reconvergence pessimism
                                 -0.111444    9.771849   library recovery time
                                              9.771849   data required time
---------------------------------------------------------------------------------------------
                                              9.771849   data required time
                                             -2.271023   data arrival time
---------------------------------------------------------------------------------------------
                                              7.500825   slack (MET)


Startpoint: rst_ni (input port clocked by clk_i)
Endpoint: _197_ (recovery check against rising-edge clock clk_i)
Path Group: asynchronous
Path Type: max

Fanout         Cap        Slew       Delay        Time   Description
---------------------------------------------------------------------------------------------
                                  0.000000    0.000000   clock clk_i (rise edge)
                                  0.000000    0.000000   clock network delay (propagated)
                                  2.000000    2.000000 ^ input external delay
     1    0.004747    0.014742    0.002695    2.002695 ^ rst_ni (in)
                                                         rst_ni (net)
                      0.014742    0.000000    2.002695 ^ input1/A (sg13g2_buf_1)
     1    0.002933    0.014600    0.038162    2.040858 ^ input1/X (sg13g2_buf_1)
                                                         net1 (net)
                      0.014602    0.000114    2.040972 ^ fanout26/A (sg13g2_buf_1)
     4    0.023934    0.066866    0.076451    2.117423 ^ fanout26/X (sg13g2_buf_1)
                                                         net26 (net)
                      0.067018    0.002576    2.120000 ^ fanout24/A (sg13g2_buf_1)
     8    0.052549    0.141028    0.142715    2.262715 ^ fanout24/X (sg13g2_buf_1)
                                                         net24 (net)
                      0.141313    0.005197    2.267912 ^ _197_/RESET_B (sg13g2_dfrbpq_1)
                                              2.267912   data arrival time

                                 10.000000   10.000000   clock clk_i (rise edge)
                                  0.000000   10.000000   clock source latency
     1    0.025625    0.026735    0.015211   10.015211 ^ clk_i (in)
                                                         clk_i (net)
                      0.027112    0.000000   10.015211 ^ clkbuf_0_clk_i/A (sg13g2_buf_16)
     8    0.166508    0.036353    0.063756   10.078967 ^ clkbuf_0_clk_i/X (sg13g2_buf_16)
                                                         clknet_0_clk_i (net)
                      0.036982    0.003775   10.082742 ^ clkbuf_3_5__f_clk_i/A (sg13g2_buf_16)
     4    0.015390    0.013510    0.049757   10.132499 ^ clkbuf_3_5__f_clk_i/X (sg13g2_buf_16)
                                                         clknet_3_5__leaf_clk_i (net)
                      0.013510    0.000224   10.132723 ^ _197_/CLK (sg13g2_dfrbpq_1)
                                 -0.250000    9.882723   clock uncertainty
                                  0.000000    9.882723   clock reconvergence pessimism
                                 -0.109936    9.772786   library recovery time
                                              9.772786   data required time
---------------------------------------------------------------------------------------------
                                              9.772786   data required time
                                             -2.267912   data arrival time
---------------------------------------------------------------------------------------------
                                              7.504874   slack (MET)


Startpoint: rst_ni (input port clocked by clk_i)
Endpoint: _198_ (recovery check against rising-edge clock clk_i)
Path Group: asynchronous
Path Type: max

Fanout         Cap        Slew       Delay        Time   Description
---------------------------------------------------------------------------------------------
                                  0.000000    0.000000   clock clk_i (rise edge)
                                  0.000000    0.000000   clock network delay (propagated)
                                  2.000000    2.000000 ^ input external delay
     1    0.004747    0.014742    0.002695    2.002695 ^ rst_ni (in)
                                                         rst_ni (net)
                      0.014742    0.000000    2.002695 ^ input1/A (sg13g2_buf_1)
     1    0.002933    0.014600    0.038162    2.040858 ^ input1/X (sg13g2_buf_1)
                                                         net1 (net)
                      0.014602    0.000114    2.040972 ^ fanout26/A (sg13g2_buf_1)
     4    0.023934    0.066866    0.076451    2.117423 ^ fanout26/X (sg13g2_buf_1)
                                                         net26 (net)
                      0.067018    0.002576    2.120000 ^ fanout24/A (sg13g2_buf_1)
     8    0.052549    0.141028    0.142715    2.262715 ^ fanout24/X (sg13g2_buf_1)
                                                         net24 (net)
                      0.141311    0.005182    2.267897 ^ _198_/RESET_B (sg13g2_dfrbpq_1)
                                              2.267897   data arrival time

                                 10.000000   10.000000   clock clk_i (rise edge)
                                  0.000000   10.000000   clock source latency
     1    0.025625    0.026735    0.015211   10.015211 ^ clk_i (in)
                                                         clk_i (net)
                      0.027112    0.000000   10.015211 ^ clkbuf_0_clk_i/A (sg13g2_buf_16)
     8    0.166508    0.036353    0.063756   10.078967 ^ clkbuf_0_clk_i/X (sg13g2_buf_16)
                                                         clknet_0_clk_i (net)
                      0.036982    0.003775   10.082742 ^ clkbuf_3_5__f_clk_i/A (sg13g2_buf_16)
     4    0.015390    0.013510    0.049757   10.132499 ^ clkbuf_3_5__f_clk_i/X (sg13g2_buf_16)
                                                         clknet_3_5__leaf_clk_i (net)
                      0.013510    0.000217   10.132715 ^ _198_/CLK (sg13g2_dfrbpq_1)
                                 -0.250000    9.882715   clock uncertainty
                                  0.000000    9.882715   clock reconvergence pessimism
                                 -0.109936    9.772779   library recovery time
                                              9.772779   data required time
---------------------------------------------------------------------------------------------
                                              9.772779   data required time
                                             -2.267897   data arrival time
---------------------------------------------------------------------------------------------
                                              7.504882   slack (MET)


Startpoint: rst_ni (input port clocked by clk_i)
Endpoint: _201_ (recovery check against rising-edge clock clk_i)
Path Group: asynchronous
Path Type: max

Fanout         Cap        Slew       Delay        Time   Description
---------------------------------------------------------------------------------------------
                                  0.000000    0.000000   clock clk_i (rise edge)
                                  0.000000    0.000000   clock network delay (propagated)
                                  2.000000    2.000000 ^ input external delay
     1    0.004747    0.014742    0.002695    2.002695 ^ rst_ni (in)
                                                         rst_ni (net)
                      0.014742    0.000000    2.002695 ^ input1/A (sg13g2_buf_1)
     1    0.002933    0.014600    0.038162    2.040858 ^ input1/X (sg13g2_buf_1)
                                                         net1 (net)
                      0.014602    0.000114    2.040972 ^ fanout26/A (sg13g2_buf_1)
     4    0.023934    0.066866    0.076451    2.117423 ^ fanout26/X (sg13g2_buf_1)
                                                         net26 (net)
                      0.067018    0.002576    2.120000 ^ fanout24/A (sg13g2_buf_1)
     8    0.052549    0.141028    0.142715    2.262715 ^ fanout24/X (sg13g2_buf_1)
                                                         net24 (net)
                      0.141303    0.005104    2.267819 ^ _201_/RESET_B (sg13g2_dfrbpq_1)
                                              2.267819   data arrival time

                                 10.000000   10.000000   clock clk_i (rise edge)
                                  0.000000   10.000000   clock source latency
     1    0.025625    0.026735    0.015211   10.015211 ^ clk_i (in)
                                                         clk_i (net)
                      0.027112    0.000000   10.015211 ^ clkbuf_0_clk_i/A (sg13g2_buf_16)
     8    0.166508    0.036353    0.063756   10.078967 ^ clkbuf_0_clk_i/X (sg13g2_buf_16)
                                                         clknet_0_clk_i (net)
                      0.036982    0.003775   10.082742 ^ clkbuf_3_5__f_clk_i/A (sg13g2_buf_16)
     4    0.015390    0.013510    0.049757   10.132499 ^ clkbuf_3_5__f_clk_i/X (sg13g2_buf_16)
                                                         clknet_3_5__leaf_clk_i (net)
                      0.013510    0.000250   10.132749 ^ _201_/CLK (sg13g2_dfrbpq_1)
                                 -0.250000    9.882749   clock uncertainty
                                  0.000000    9.882749   clock reconvergence pessimism
                                 -0.109934    9.772814   library recovery time
                                              9.772814   data required time
---------------------------------------------------------------------------------------------
                                              9.772814   data required time
                                             -2.267819   data arrival time
---------------------------------------------------------------------------------------------
                                              7.504995   slack (MET)


Startpoint: rst_ni (input port clocked by clk_i)
Endpoint: _202_ (recovery check against rising-edge clock clk_i)
Path Group: asynchronous
Path Type: max

Fanout         Cap        Slew       Delay        Time   Description
---------------------------------------------------------------------------------------------
                                  0.000000    0.000000   clock clk_i (rise edge)
                                  0.000000    0.000000   clock network delay (propagated)
                                  2.000000    2.000000 ^ input external delay
     1    0.004747    0.014742    0.002695    2.002695 ^ rst_ni (in)
                                                         rst_ni (net)
                      0.014742    0.000000    2.002695 ^ input1/A (sg13g2_buf_1)
     1    0.002933    0.014600    0.038162    2.040858 ^ input1/X (sg13g2_buf_1)
                                                         net1 (net)
                      0.014602    0.000114    2.040972 ^ fanout26/A (sg13g2_buf_1)
     4    0.023934    0.066866    0.076451    2.117423 ^ fanout26/X (sg13g2_buf_1)
                                                         net26 (net)
                      0.067018    0.002576    2.120000 ^ fanout24/A (sg13g2_buf_1)
     8    0.052549    0.141028    0.142715    2.262715 ^ fanout24/X (sg13g2_buf_1)
                                                         net24 (net)
                      0.141300    0.005080    2.267795 ^ _202_/RESET_B (sg13g2_dfrbpq_1)
                                              2.267795   data arrival time

                                 10.000000   10.000000   clock clk_i (rise edge)
                                  0.000000   10.000000   clock source latency
     1    0.025625    0.026735    0.015211   10.015211 ^ clk_i (in)
                                                         clk_i (net)
                      0.027112    0.000000   10.015211 ^ clkbuf_0_clk_i/A (sg13g2_buf_16)
     8    0.166508    0.036353    0.063756   10.078967 ^ clkbuf_0_clk_i/X (sg13g2_buf_16)
                                                         clknet_0_clk_i (net)
                      0.036982    0.003775   10.082742 ^ clkbuf_3_5__f_clk_i/A (sg13g2_buf_16)
     4    0.015390    0.013510    0.049757   10.132499 ^ clkbuf_3_5__f_clk_i/X (sg13g2_buf_16)
                                                         clknet_3_5__leaf_clk_i (net)
                      0.013510    0.000274   10.132772 ^ _202_/CLK (sg13g2_dfrbpq_1)
                                 -0.250000    9.882772   clock uncertainty
                                  0.000000    9.882772   clock reconvergence pessimism
                                 -0.109933    9.772839   library recovery time
                                              9.772839   data required time
---------------------------------------------------------------------------------------------
                                              9.772839   data required time
                                             -2.267795   data arrival time
---------------------------------------------------------------------------------------------
                                              7.505044   slack (MET)


Startpoint: rst_ni (input port clocked by clk_i)
Endpoint: _179_ (recovery check against rising-edge clock clk_i)
Path Group: asynchronous
Path Type: max

Fanout         Cap        Slew       Delay        Time   Description
---------------------------------------------------------------------------------------------
                                  0.000000    0.000000   clock clk_i (rise edge)
                                  0.000000    0.000000   clock network delay (propagated)
                                  2.000000    2.000000 ^ input external delay
     1    0.004747    0.014742    0.002695    2.002695 ^ rst_ni (in)
                                                         rst_ni (net)
                      0.014742    0.000000    2.002695 ^ input1/A (sg13g2_buf_1)
     1    0.002933    0.014600    0.038162    2.040858 ^ input1/X (sg13g2_buf_1)
                                                         net1 (net)
                      0.014602    0.000114    2.040972 ^ fanout26/A (sg13g2_buf_1)
     4    0.023934    0.066866    0.076451    2.117423 ^ fanout26/X (sg13g2_buf_1)
                                                         net26 (net)
                      0.067018    0.002576    2.120000 ^ fanout24/A (sg13g2_buf_1)
     8    0.052549    0.141028    0.142715    2.262715 ^ fanout24/X (sg13g2_buf_1)
                                                         net24 (net)
                      0.141178    0.003801    2.266516 ^ _179_/RESET_B (sg13g2_dfrbpq_1)
                                              2.266516   data arrival time

                                 10.000000   10.000000   clock clk_i (rise edge)
                                  0.000000   10.000000   clock source latency
     1    0.025625    0.026735    0.015211   10.015211 ^ clk_i (in)
                                                         clk_i (net)
                      0.027112    0.000000   10.015211 ^ clkbuf_0_clk_i/A (sg13g2_buf_16)
     8    0.166508    0.036353    0.063756   10.078967 ^ clkbuf_0_clk_i/X (sg13g2_buf_16)
                                                         clknet_0_clk_i (net)
                      0.036887    0.003484   10.082452 ^ clkbuf_3_4__f_clk_i/A (sg13g2_buf_16)
     4    0.015492    0.013520    0.049728   10.132180 ^ clkbuf_3_4__f_clk_i/X (sg13g2_buf_16)
                                                         clknet_3_4__leaf_clk_i (net)
                      0.013520    0.000385   10.132565 ^ _179_/CLK (sg13g2_dfrbpq_1)
                                 -0.250000    9.882565   clock uncertainty
                                  0.000000    9.882565   clock reconvergence pessimism
                                 -0.109903    9.772662   library recovery time
                                              9.772662   data required time
---------------------------------------------------------------------------------------------
                                              9.772662   data required time
                                             -2.266516   data arrival time
---------------------------------------------------------------------------------------------
                                              7.506146   slack (MET)


Startpoint: rst_ni (input port clocked by clk_i)
Endpoint: _180_ (recovery check against rising-edge clock clk_i)
Path Group: asynchronous
Path Type: max

Fanout         Cap        Slew       Delay        Time   Description
---------------------------------------------------------------------------------------------
                                  0.000000    0.000000   clock clk_i (rise edge)
                                  0.000000    0.000000   clock network delay (propagated)
                                  2.000000    2.000000 ^ input external delay
     1    0.004747    0.014742    0.002695    2.002695 ^ rst_ni (in)
                                                         rst_ni (net)
                      0.014742    0.000000    2.002695 ^ input1/A (sg13g2_buf_1)
     1    0.002933    0.014600    0.038162    2.040858 ^ input1/X (sg13g2_buf_1)
                                                         net1 (net)
                      0.014602    0.000114    2.040972 ^ fanout26/A (sg13g2_buf_1)
     4    0.023934    0.066866    0.076451    2.117423 ^ fanout26/X (sg13g2_buf_1)
                                                         net26 (net)
                      0.067018    0.002576    2.120000 ^ fanout24/A (sg13g2_buf_1)
     8    0.052549    0.141028    0.142715    2.262715 ^ fanout24/X (sg13g2_buf_1)
                                                         net24 (net)
                      0.141161    0.003584    2.266299 ^ _180_/RESET_B (sg13g2_dfrbpq_1)
                                              2.266299   data arrival time

                                 10.000000   10.000000   clock clk_i (rise edge)
                                  0.000000   10.000000   clock source latency
     1    0.025625    0.026735    0.015211   10.015211 ^ clk_i (in)
                                                         clk_i (net)
                      0.027112    0.000000   10.015211 ^ clkbuf_0_clk_i/A (sg13g2_buf_16)
     8    0.166508    0.036353    0.063756   10.078967 ^ clkbuf_0_clk_i/X (sg13g2_buf_16)
                                                         clknet_0_clk_i (net)
                      0.036887    0.003484   10.082452 ^ clkbuf_3_4__f_clk_i/A (sg13g2_buf_16)
     4    0.015492    0.013520    0.049728   10.132180 ^ clkbuf_3_4__f_clk_i/X (sg13g2_buf_16)
                                                         clknet_3_4__leaf_clk_i (net)
                      0.013520    0.000340   10.132520 ^ _180_/CLK (sg13g2_dfrbpq_1)
                                 -0.250000    9.882520   clock uncertainty
                                  0.000000    9.882520   clock reconvergence pessimism
                                 -0.109900    9.772620   library recovery time
                                              9.772620   data required time
---------------------------------------------------------------------------------------------
                                              9.772620   data required time
                                             -2.266299   data arrival time
---------------------------------------------------------------------------------------------
                                              7.506321   slack (MET)


Startpoint: rst_ni (input port clocked by clk_i)
Endpoint: _182_ (recovery check against rising-edge clock clk_i)
Path Group: asynchronous
Path Type: max

Fanout         Cap        Slew       Delay        Time   Description
---------------------------------------------------------------------------------------------
                                  0.000000    0.000000   clock clk_i (rise edge)
                                  0.000000    0.000000   clock network delay (propagated)
                                  2.000000    2.000000 ^ input external delay
     1    0.004747    0.014742    0.002695    2.002695 ^ rst_ni (in)
                                                         rst_ni (net)
                      0.014742    0.000000    2.002695 ^ input1/A (sg13g2_buf_1)
     1    0.002933    0.014600    0.038162    2.040858 ^ input1/X (sg13g2_buf_1)
                                                         net1 (net)
                      0.014602    0.000114    2.040972 ^ fanout26/A (sg13g2_buf_1)
     4    0.023934    0.066866    0.076451    2.117423 ^ fanout26/X (sg13g2_buf_1)
                                                         net26 (net)
                      0.067018    0.002576    2.120000 ^ fanout24/A (sg13g2_buf_1)
     8    0.052549    0.141028    0.142715    2.262715 ^ fanout24/X (sg13g2_buf_1)
                                                         net24 (net)
                      0.141144    0.003357    2.266072 ^ _182_/RESET_B (sg13g2_dfrbpq_1)
                                              2.266072   data arrival time

                                 10.000000   10.000000   clock clk_i (rise edge)
                                  0.000000   10.000000   clock source latency
     1    0.025625    0.026735    0.015211   10.015211 ^ clk_i (in)
                                                         clk_i (net)
                      0.027112    0.000000   10.015211 ^ clkbuf_0_clk_i/A (sg13g2_buf_16)
     8    0.166508    0.036353    0.063756   10.078967 ^ clkbuf_0_clk_i/X (sg13g2_buf_16)
                                                         clknet_0_clk_i (net)
                      0.036887    0.003484   10.082452 ^ clkbuf_3_4__f_clk_i/A (sg13g2_buf_16)
     4    0.015492    0.013520    0.049728   10.132180 ^ clkbuf_3_4__f_clk_i/X (sg13g2_buf_16)
                                                         clknet_3_4__leaf_clk_i (net)
                      0.013520    0.000144   10.132323 ^ _182_/CLK (sg13g2_dfrbpq_1)
                                 -0.250000    9.882323   clock uncertainty
                                  0.000000    9.882323   clock reconvergence pessimism
                                 -0.109896    9.772428   library recovery time
                                              9.772428   data required time
---------------------------------------------------------------------------------------------
                                              9.772428   data required time
                                             -2.266072   data arrival time
---------------------------------------------------------------------------------------------
                                              7.506356   slack (MET)


Startpoint: rst_ni (input port clocked by clk_i)
Endpoint: _181_ (recovery check against rising-edge clock clk_i)
Path Group: asynchronous
Path Type: max

Fanout         Cap        Slew       Delay        Time   Description
---------------------------------------------------------------------------------------------
                                  0.000000    0.000000   clock clk_i (rise edge)
                                  0.000000    0.000000   clock network delay (propagated)
                                  2.000000    2.000000 ^ input external delay
     1    0.004747    0.014742    0.002695    2.002695 ^ rst_ni (in)
                                                         rst_ni (net)
                      0.014742    0.000000    2.002695 ^ input1/A (sg13g2_buf_1)
     1    0.002933    0.014600    0.038162    2.040858 ^ input1/X (sg13g2_buf_1)
                                                         net1 (net)
                      0.014602    0.000114    2.040972 ^ fanout26/A (sg13g2_buf_1)
     4    0.023934    0.066866    0.076451    2.117423 ^ fanout26/X (sg13g2_buf_1)
                                                         net26 (net)
                      0.067018    0.002576    2.120000 ^ fanout24/A (sg13g2_buf_1)
     8    0.052549    0.141028    0.142715    2.262715 ^ fanout24/X (sg13g2_buf_1)
                                                         net24 (net)
                      0.141156    0.003516    2.266231 ^ _181_/RESET_B (sg13g2_dfrbpq_1)
                                              2.266231   data arrival time

                                 10.000000   10.000000   clock clk_i (rise edge)
                                  0.000000   10.000000   clock source latency
     1    0.025625    0.026735    0.015211   10.015211 ^ clk_i (in)
                                                         clk_i (net)
                      0.027112    0.000000   10.015211 ^ clkbuf_0_clk_i/A (sg13g2_buf_16)
     8    0.166508    0.036353    0.063756   10.078967 ^ clkbuf_0_clk_i/X (sg13g2_buf_16)
                                                         clknet_0_clk_i (net)
                      0.036887    0.003484   10.082452 ^ clkbuf_3_4__f_clk_i/A (sg13g2_buf_16)
     4    0.015492    0.013520    0.049728   10.132180 ^ clkbuf_3_4__f_clk_i/X (sg13g2_buf_16)
                                                         clknet_3_4__leaf_clk_i (net)
                      0.013520    0.000321   10.132501 ^ _181_/CLK (sg13g2_dfrbpq_1)
                                 -0.250000    9.882501   clock uncertainty
                                  0.000000    9.882501   clock reconvergence pessimism
                                 -0.109898    9.772602   library recovery time
                                              9.772602   data required time
---------------------------------------------------------------------------------------------
                                              9.772602   data required time
                                             -2.266231   data arrival time
---------------------------------------------------------------------------------------------
                                              7.506371   slack (MET)


Startpoint: ui_PAD2CORE[0] (input port clocked by clk_i)
Endpoint: _200_ (rising edge-triggered flip-flop clocked by clk_i)
Path Group: clk_i
Path Type: max

Fanout         Cap        Slew       Delay        Time   Description
---------------------------------------------------------------------------------------------
                                  0.000000    0.000000   clock clk_i (rise edge)
                                  0.000000    0.000000   clock network delay (propagated)
                                  2.000000    2.000000 ^ input external delay
     1    0.004676    0.014699    0.002680    2.002680 ^ ui_PAD2CORE[0] (in)
                                                         ui_PAD2CORE[0] (net)
                      0.014699    0.000000    2.002680 ^ input2/A (sg13g2_buf_1)
     2    0.011791    0.036329    0.054356    2.057036 ^ input2/X (sg13g2_buf_1)
                                                         net2 (net)
                      0.036354    0.000782    2.057817 ^ fanout20/A (sg13g2_buf_1)
     8    0.039557    0.107231    0.110804    2.168622 ^ fanout20/X (sg13g2_buf_1)
                                                         net20 (net)
                      0.107307    0.002355    2.170977 ^ _162_/A (sg13g2_nand2_1)
     2    0.011376    0.067164    0.080722    2.251699 v _162_/Y (sg13g2_nand2_1)
                                                         _060_ (net)
                      0.067198    0.000797    2.252496 v _163_/B (sg13g2_nand2b_1)
     1    0.004152    0.030732    0.037652    2.290148 ^ _163_/Y (sg13g2_nand2b_1)
                                                         _016_ (net)
                      0.030732    0.000228    2.290376 ^ _200_/D (sg13g2_dfrbpq_1)
                                              2.290376   data arrival time

                                 10.000000   10.000000   clock clk_i (rise edge)
                                  0.000000   10.000000   clock source latency
     1    0.025625    0.026735    0.015211   10.015211 ^ clk_i (in)
                                                         clk_i (net)
                      0.027112    0.000000   10.015211 ^ clkbuf_0_clk_i/A (sg13g2_buf_16)
     8    0.166508    0.036353    0.063756   10.078967 ^ clkbuf_0_clk_i/X (sg13g2_buf_16)
                                                         clknet_0_clk_i (net)
                      0.036871    0.003434   10.082401 ^ clkbuf_3_2__f_clk_i/A (sg13g2_buf_16)
     4    0.017256    0.013786    0.049894   10.132296 ^ clkbuf_3_2__f_clk_i/X (sg13g2_buf_16)
                                                         clknet_3_2__leaf_clk_i (net)
                      0.013788    0.000435   10.132730 ^ _200_/CLK (sg13g2_dfrbpq_1)
                                 -0.250000    9.882730   clock uncertainty
                                  0.000000    9.882730   clock reconvergence pessimism
                                 -0.079293    9.803437   library setup time
                                              9.803437   data required time
---------------------------------------------------------------------------------------------
                                              9.803437   data required time
                                             -2.290376   data arrival time
---------------------------------------------------------------------------------------------
                                              7.513062   slack (MET)


Startpoint: rst_ni (input port clocked by clk_i)
Endpoint: _190_ (recovery check against rising-edge clock clk_i)
Path Group: asynchronous
Path Type: max

Fanout         Cap        Slew       Delay        Time   Description
---------------------------------------------------------------------------------------------
                                  0.000000    0.000000   clock clk_i (rise edge)
                                  0.000000    0.000000   clock network delay (propagated)
                                  2.000000    2.000000 ^ input external delay
     1    0.004747    0.014742    0.002695    2.002695 ^ rst_ni (in)
                                                         rst_ni (net)
                      0.014742    0.000000    2.002695 ^ input1/A (sg13g2_buf_1)
     1    0.002933    0.014600    0.038162    2.040858 ^ input1/X (sg13g2_buf_1)
                                                         net1 (net)
                      0.014602    0.000114    2.040972 ^ fanout26/A (sg13g2_buf_1)
     4    0.023934    0.066866    0.076451    2.117423 ^ fanout26/X (sg13g2_buf_1)
                                                         net26 (net)
                      0.066935    0.001761    2.119184 ^ _190_/RESET_B (sg13g2_dfrbpq_1)
                                              2.119184   data arrival time

                                 10.000000   10.000000   clock clk_i (rise edge)
                                  0.000000   10.000000   clock source latency
     1    0.025625    0.026735    0.015211   10.015211 ^ clk_i (in)
                                                         clk_i (net)
                      0.027112    0.000000   10.015211 ^ clkbuf_0_clk_i/A (sg13g2_buf_16)
     8    0.166508    0.036353    0.063756   10.078967 ^ clkbuf_0_clk_i/X (sg13g2_buf_16)
                                                         clknet_0_clk_i (net)
                      0.036929    0.003615   10.082582 ^ clkbuf_3_3__f_clk_i/A (sg13g2_buf_16)
     4    0.017763    0.013876    0.049922   10.132504 ^ clkbuf_3_3__f_clk_i/X (sg13g2_buf_16)
                                                         clknet_3_3__leaf_clk_i (net)
                      0.013926    0.001503   10.134007 ^ _190_/CLK (sg13g2_dfrbpq_1)
                                 -0.250000    9.884007   clock uncertainty
                                  0.000000    9.884007   clock reconvergence pessimism
                                 -0.092507    9.791499   library recovery time
                                              9.791499   data required time
---------------------------------------------------------------------------------------------
                                              9.791499   data required time
                                             -2.119184   data arrival time
---------------------------------------------------------------------------------------------
                                              7.672316   slack (MET)



