+ define_corners nom_fast_1p32V_m40C
Reading timing models for corner nom_fast_1p32V_m40C…
Reading cell library for the 'nom_fast_1p32V_m40C' corner at '/home/designer/projects/CNN4IC/IHP-Open-PDK/ihp-sg13g2/libs.ref/sg13g2_stdcell/lib/sg13g2_stdcell_fast_1p32V_m40C.lib'…
Reading cell library for the 'nom_fast_1p32V_m40C' corner at '/home/designer/projects/CNN4IC/IHP-Open-PDK/ihp-sg13g2/libs.ref/sg13g2_io/lib/sg13g2_io_fast_1p32V_3p6V_m40C.lib'…
Reading top-level netlist at '/home/designer/projects/CNN4IC/unic_cass_wrapper_user_project/user_project_example/runs/user_project_run/52-openroad-fillinsertion/user_project_example.nl.v'…
Linking design 'user_project_example' from netlist…
Reading design constraints file at '/nix/store/w99sjyq5j8hvscxr5zh2x597anf2hadx-python3-3.13.9-env/lib/python3.13/site-packages/librelane/scripts/base.sdc'…
[INFO] Using clock clk_i…
[INFO] Setting output delay to: 2
[INFO] Setting input delay to: 2
[INFO] Setting load to: 0.006
[INFO] Setting clock uncertainty to: 0.25
[INFO] Setting clock transition to: 0.15
[INFO] Setting timing derate to: 5%
Reading top-level design parasitics for the 'nom_fast_1p32V_m40C' corner at '/home/designer/projects/CNN4IC/unic_cass_wrapper_user_project/user_project_example/runs/user_project_run/54-openroad-rcx/nom/user_project_example.nom.spef'…
%OL_CREATE_REPORT min.rpt

===========================================================================
report_checks -path_delay min (Hold)
============================================================================
======================= nom_fast_1p32V_m40C Corner ===================================

Startpoint: _200_ (rising edge-triggered flip-flop clocked by clk_i)
Endpoint: _199_ (rising edge-triggered flip-flop clocked by clk_i)
Path Group: clk_i
Path Type: min

Fanout         Cap        Slew       Delay        Time   Description
---------------------------------------------------------------------------------------------
                                  0.000000    0.000000   clock clk_i (rise edge)
                                  0.000000    0.000000   clock source latency
     1    0.025625    0.026735    0.015211    0.015211 ^ clk_i (in)
                                                         clk_i (net)
                      0.027112    0.000000    0.015211 ^ clkbuf_0_clk_i/A (sg13g2_buf_16)
     8    0.166508    0.036353    0.063756    0.078967 ^ clkbuf_0_clk_i/X (sg13g2_buf_16)
                                                         clknet_0_clk_i (net)
                      0.036871    0.003434    0.082400 ^ clkbuf_3_2__f_clk_i/A (sg13g2_buf_16)
     4    0.017256    0.013786    0.049895    0.132295 ^ clkbuf_3_2__f_clk_i/X (sg13g2_buf_16)
                                                         clknet_3_2__leaf_clk_i (net)
                      0.013788    0.000435    0.132730 ^ _200_/CLK (sg13g2_dfrbpq_1)
     1    0.002113    0.014131    0.106106    0.238837 ^ _200_/Q (sg13g2_dfrbpq_1)
                                                         spm_inst.tcmp.z (net)
                      0.014131    0.000081    0.238918 ^ hold42/A (sg13g2_dlygate4sd3_1)
     2    0.011538    0.042786    0.262036    0.500954 ^ hold42/X (sg13g2_dlygate4sd3_1)
                                                         net42 (net)
                      0.042834    0.000359    0.501313 ^ _164_/A (sg13g2_xnor2_1)
     1    0.001869    0.019841    0.044255    0.545568 v _164_/Y (sg13g2_xnor2_1)
                                                         _015_ (net)
                      0.019841    0.000070    0.545638 v _199_/D (sg13g2_dfrbpq_1)
                                              0.545638   data arrival time

                                  0.000000    0.000000   clock clk_i (rise edge)
                                  0.000000    0.000000   clock source latency
     1    0.025625    0.026735    0.015211    0.015211 ^ clk_i (in)
                                                         clk_i (net)
                      0.027112    0.000000    0.015211 ^ clkbuf_0_clk_i/A (sg13g2_buf_16)
     8    0.166508    0.036353    0.063756    0.078967 ^ clkbuf_0_clk_i/X (sg13g2_buf_16)
                                                         clknet_0_clk_i (net)
                      0.036871    0.003434    0.082400 ^ clkbuf_3_2__f_clk_i/A (sg13g2_buf_16)
     4    0.017256    0.013786    0.049895    0.132295 ^ clkbuf_3_2__f_clk_i/X (sg13g2_buf_16)
                                                         clknet_3_2__leaf_clk_i (net)
                      0.013800    0.000908    0.133203 ^ _199_/CLK (sg13g2_dfrbpq_1)
                                  0.250000    0.383203   clock uncertainty
                                  0.000000    0.383203   clock reconvergence pessimism
                                 -0.023057    0.360146   library hold time
                                              0.360146   data required time
---------------------------------------------------------------------------------------------
                                              0.360146   data required time
                                             -0.545638   data arrival time
---------------------------------------------------------------------------------------------
                                              0.185491   slack (MET)


Startpoint: _200_ (rising edge-triggered flip-flop clocked by clk_i)
Endpoint: _200_ (rising edge-triggered flip-flop clocked by clk_i)
Path Group: clk_i
Path Type: min

Fanout         Cap        Slew       Delay        Time   Description
---------------------------------------------------------------------------------------------
                                  0.000000    0.000000   clock clk_i (rise edge)
                                  0.000000    0.000000   clock source latency
     1    0.025625    0.026735    0.015211    0.015211 ^ clk_i (in)
                                                         clk_i (net)
                      0.027112    0.000000    0.015211 ^ clkbuf_0_clk_i/A (sg13g2_buf_16)
     8    0.166508    0.036353    0.063756    0.078967 ^ clkbuf_0_clk_i/X (sg13g2_buf_16)
                                                         clknet_0_clk_i (net)
                      0.036871    0.003434    0.082400 ^ clkbuf_3_2__f_clk_i/A (sg13g2_buf_16)
     4    0.017256    0.013786    0.049895    0.132295 ^ clkbuf_3_2__f_clk_i/X (sg13g2_buf_16)
                                                         clknet_3_2__leaf_clk_i (net)
                      0.013788    0.000435    0.132730 ^ _200_/CLK (sg13g2_dfrbpq_1)
     1    0.002136    0.012121    0.106056    0.238786 v _200_/Q (sg13g2_dfrbpq_1)
                                                         spm_inst.tcmp.z (net)
                      0.012121    0.000082    0.238868 v hold42/A (sg13g2_dlygate4sd3_1)
     2    0.011475    0.043161    0.265543    0.504411 v hold42/X (sg13g2_dlygate4sd3_1)
                                                         net42 (net)
                      0.043161    0.000126    0.504537 v _163_/A_N (sg13g2_nand2b_1)
     1    0.004179    0.027558    0.060932    0.565468 v _163_/Y (sg13g2_nand2b_1)
                                                         _016_ (net)
                      0.027558    0.000230    0.565698 v _200_/D (sg13g2_dfrbpq_1)
                                              0.565698   data arrival time

                                  0.000000    0.000000   clock clk_i (rise edge)
                                  0.000000    0.000000   clock source latency
     1    0.025625    0.026735    0.015211    0.015211 ^ clk_i (in)
                                                         clk_i (net)
                      0.027112    0.000000    0.015211 ^ clkbuf_0_clk_i/A (sg13g2_buf_16)
     8    0.166508    0.036353    0.063756    0.078967 ^ clkbuf_0_clk_i/X (sg13g2_buf_16)
                                                         clknet_0_clk_i (net)
                      0.036871    0.003434    0.082400 ^ clkbuf_3_2__f_clk_i/A (sg13g2_buf_16)
     4    0.017256    0.013786    0.049895    0.132295 ^ clkbuf_3_2__f_clk_i/X (sg13g2_buf_16)
                                                         clknet_3_2__leaf_clk_i (net)
                      0.013788    0.000435    0.132730 ^ _200_/CLK (sg13g2_dfrbpq_1)
                                  0.250000    0.382730   clock uncertainty
                                  0.000000    0.382730   clock reconvergence pessimism
                                 -0.024841    0.357889   library hold time
                                              0.357889   data required time
---------------------------------------------------------------------------------------------
                                              0.357889   data required time
                                             -0.565698   data arrival time
---------------------------------------------------------------------------------------------
                                              0.207809   slack (MET)


Startpoint: _180_ (rising edge-triggered flip-flop clocked by clk_i)
Endpoint: _181_ (rising edge-triggered flip-flop clocked by clk_i)
Path Group: clk_i
Path Type: min

Fanout         Cap        Slew       Delay        Time   Description
---------------------------------------------------------------------------------------------
                                  0.000000    0.000000   clock clk_i (rise edge)
                                  0.000000    0.000000   clock source latency
     1    0.025625    0.026735    0.015211    0.015211 ^ clk_i (in)
                                                         clk_i (net)
                      0.027112    0.000000    0.015211 ^ clkbuf_0_clk_i/A (sg13g2_buf_16)
     8    0.166508    0.036353    0.063756    0.078967 ^ clkbuf_0_clk_i/X (sg13g2_buf_16)
                                                         clknet_0_clk_i (net)
                      0.036887    0.003484    0.082451 ^ clkbuf_3_4__f_clk_i/A (sg13g2_buf_16)
     4    0.015492    0.013520    0.049728    0.132179 ^ clkbuf_3_4__f_clk_i/X (sg13g2_buf_16)
                                                         clknet_3_4__leaf_clk_i (net)
                      0.013520    0.000340    0.132520 ^ _180_/CLK (sg13g2_dfrbpq_1)
     3    0.008930    0.024824    0.116987    0.249507 v _180_/Q (sg13g2_dfrbpq_1)
                                                         spm_inst.genblk1[10].csa.sum (net)
                      0.024826    0.000246    0.249753 v _110_/B (sg13g2_nor2_1)
     1    0.005568    0.041540    0.043200    0.292953 ^ _110_/Y (sg13g2_nor2_1)
                                                         _026_ (net)
                      0.041547    0.000387    0.293340 ^ _113_/A2 (sg13g2_o21ai_1)
     1    0.002761    0.022160    0.038212    0.331552 v _113_/Y (sg13g2_o21ai_1)
                                                         _014_ (net)
                      0.022160    0.000186    0.331738 v hold81/A (sg13g2_dlygate4sd3_1)
     1    0.001618    0.022960    0.247105    0.578843 v hold81/X (sg13g2_dlygate4sd3_1)
                                                         net81 (net)
                      0.022960    0.000064    0.578907 v _181_/D (sg13g2_dfrbpq_1)
                                              0.578907   data arrival time

                                  0.000000    0.000000   clock clk_i (rise edge)
                                  0.000000    0.000000   clock source latency
     1    0.025625    0.026735    0.015211    0.015211 ^ clk_i (in)
                                                         clk_i (net)
                      0.027112    0.000000    0.015211 ^ clkbuf_0_clk_i/A (sg13g2_buf_16)
     8    0.166508    0.036353    0.063756    0.078967 ^ clkbuf_0_clk_i/X (sg13g2_buf_16)
                                                         clknet_0_clk_i (net)
                      0.036887    0.003484    0.082451 ^ clkbuf_3_4__f_clk_i/A (sg13g2_buf_16)
     4    0.015492    0.013520    0.049728    0.132179 ^ clkbuf_3_4__f_clk_i/X (sg13g2_buf_16)
                                                         clknet_3_4__leaf_clk_i (net)
                      0.013520    0.000321    0.132500 ^ _181_/CLK (sg13g2_dfrbpq_1)
                                  0.250000    0.382500   clock uncertainty
                                  0.000000    0.382500   clock reconvergence pessimism
                                 -0.023822    0.358678   library hold time
                                              0.358678   data required time
---------------------------------------------------------------------------------------------
                                              0.358678   data required time
                                             -0.578907   data arrival time
---------------------------------------------------------------------------------------------
                                              0.220228   slack (MET)


Startpoint: _199_ (rising edge-triggered flip-flop clocked by clk_i)
Endpoint: _171_ (rising edge-triggered flip-flop clocked by clk_i)
Path Group: clk_i
Path Type: min

Fanout         Cap        Slew       Delay        Time   Description
---------------------------------------------------------------------------------------------
                                  0.000000    0.000000   clock clk_i (rise edge)
                                  0.000000    0.000000   clock source latency
     1    0.025625    0.026735    0.015211    0.015211 ^ clk_i (in)
                                                         clk_i (net)
                      0.027112    0.000000    0.015211 ^ clkbuf_0_clk_i/A (sg13g2_buf_16)
     8    0.166508    0.036353    0.063756    0.078967 ^ clkbuf_0_clk_i/X (sg13g2_buf_16)
                                                         clknet_0_clk_i (net)
                      0.036871    0.003434    0.082400 ^ clkbuf_3_2__f_clk_i/A (sg13g2_buf_16)
     4    0.017256    0.013786    0.049895    0.132295 ^ clkbuf_3_2__f_clk_i/X (sg13g2_buf_16)
                                                         clknet_3_2__leaf_clk_i (net)
                      0.013800    0.000908    0.133203 ^ _199_/CLK (sg13g2_dfrbpq_1)
     3    0.011568    0.030106    0.121184    0.254387 v _199_/Q (sg13g2_dfrbpq_1)
                                                         spm_inst.genblk1[14].csa.y (net)
                      0.030129    0.000754    0.255141 v _080_/B (sg13g2_nor2_1)
     1    0.004457    0.037116    0.040239    0.295380 ^ _080_/Y (sg13g2_nor2_1)
                                                         _067_ (net)
                      0.037117    0.000341    0.295721 ^ _083_/A2 (sg13g2_o21ai_1)
     1    0.002782    0.022194    0.037372    0.333092 v _083_/Y (sg13g2_o21ai_1)
                                                         _005_ (net)
                      0.022194    0.000209    0.333301 v hold45/A (sg13g2_dlygate4sd3_1)
     1    0.001748    0.023223    0.247431    0.580732 v hold45/X (sg13g2_dlygate4sd3_1)
                                                         net45 (net)
                      0.023223    0.000067    0.580800 v _171_/D (sg13g2_dfrbpq_1)
                                              0.580800   data arrival time

                                  0.000000    0.000000   clock clk_i (rise edge)
                                  0.000000    0.000000   clock source latency
     1    0.025625    0.026735    0.015211    0.015211 ^ clk_i (in)
                                                         clk_i (net)
                      0.027112    0.000000    0.015211 ^ clkbuf_0_clk_i/A (sg13g2_buf_16)
     8    0.166508    0.036353    0.063756    0.078967 ^ clkbuf_0_clk_i/X (sg13g2_buf_16)
                                                         clknet_0_clk_i (net)
                      0.036871    0.003434    0.082400 ^ clkbuf_3_2__f_clk_i/A (sg13g2_buf_16)
     4    0.017256    0.013786    0.049895    0.132295 ^ clkbuf_3_2__f_clk_i/X (sg13g2_buf_16)
                                                         clknet_3_2__leaf_clk_i (net)
                      0.013802    0.000949    0.133244 ^ _171_/CLK (sg13g2_dfrbpq_1)
                                  0.250000    0.383244   clock uncertainty
                                  0.000000    0.383244   clock reconvergence pessimism
                                 -0.023838    0.359407   library hold time
                                              0.359407   data required time
---------------------------------------------------------------------------------------------
                                              0.359407   data required time
                                             -0.580800   data arrival time
---------------------------------------------------------------------------------------------
                                              0.221393   slack (MET)


Startpoint: _178_ (rising edge-triggered flip-flop clocked by clk_i)
Endpoint: _179_ (rising edge-triggered flip-flop clocked by clk_i)
Path Group: clk_i
Path Type: min

Fanout         Cap        Slew       Delay        Time   Description
---------------------------------------------------------------------------------------------
                                  0.000000    0.000000   clock clk_i (rise edge)
                                  0.000000    0.000000   clock source latency
     1    0.025625    0.026735    0.015211    0.015211 ^ clk_i (in)
                                                         clk_i (net)
                      0.027112    0.000000    0.015211 ^ clkbuf_0_clk_i/A (sg13g2_buf_16)
     8    0.166508    0.036353    0.063756    0.078967 ^ clkbuf_0_clk_i/X (sg13g2_buf_16)
                                                         clknet_0_clk_i (net)
                      0.036897    0.003517    0.082484 ^ clkbuf_3_1__f_clk_i/A (sg13g2_buf_16)
     4    0.018603    0.013994    0.050047    0.132531 ^ clkbuf_3_1__f_clk_i/X (sg13g2_buf_16)
                                                         clknet_3_1__leaf_clk_i (net)
                      0.014011    0.000972    0.133503 ^ _178_/CLK (sg13g2_dfrbpq_1)
     3    0.010617    0.028202    0.119706    0.253209 v _178_/Q (sg13g2_dfrbpq_1)
                                                         spm_inst.genblk1[10].csa.y (net)
                      0.028238    0.000894    0.254102 v _104_/B (sg13g2_nor2_1)
     1    0.004358    0.036329    0.039415    0.293518 ^ _104_/Y (sg13g2_nor2_1)
                                                         _022_ (net)
                      0.036330    0.000339    0.293856 ^ _107_/A2 (sg13g2_o21ai_1)
     1    0.002967    0.022706    0.037791    0.331647 v _107_/Y (sg13g2_o21ai_1)
                                                         _001_ (net)
                      0.022706    0.000182    0.331829 v hold69/A (sg13g2_dlygate4sd3_1)
     1    0.002101    0.023913    0.248516    0.580345 v hold69/X (sg13g2_dlygate4sd3_1)
                                                         net69 (net)
                      0.023913    0.000139    0.580484 v _179_/D (sg13g2_dfrbpq_1)
                                              0.580484   data arrival time

                                  0.000000    0.000000   clock clk_i (rise edge)
                                  0.000000    0.000000   clock source latency
     1    0.025625    0.026735    0.015211    0.015211 ^ clk_i (in)
                                                         clk_i (net)
                      0.027112    0.000000    0.015211 ^ clkbuf_0_clk_i/A (sg13g2_buf_16)
     8    0.166508    0.036353    0.063756    0.078967 ^ clkbuf_0_clk_i/X (sg13g2_buf_16)
                                                         clknet_0_clk_i (net)
                      0.036887    0.003484    0.082451 ^ clkbuf_3_4__f_clk_i/A (sg13g2_buf_16)
     4    0.015492    0.013520    0.049728    0.132179 ^ clkbuf_3_4__f_clk_i/X (sg13g2_buf_16)
                                                         clknet_3_4__leaf_clk_i (net)
                      0.013520    0.000386    0.132565 ^ _179_/CLK (sg13g2_dfrbpq_1)
                                  0.250000    0.382565   clock uncertainty
                                  0.000000    0.382565   clock reconvergence pessimism
                                 -0.024042    0.358524   library hold time
                                              0.358524   data required time
---------------------------------------------------------------------------------------------
                                              0.358524   data required time
                                             -0.580484   data arrival time
---------------------------------------------------------------------------------------------
                                              0.221961   slack (MET)


Startpoint: _186_ (rising edge-triggered flip-flop clocked by clk_i)
Endpoint: _187_ (rising edge-triggered flip-flop clocked by clk_i)
Path Group: clk_i
Path Type: min

Fanout         Cap        Slew       Delay        Time   Description
---------------------------------------------------------------------------------------------
                                  0.000000    0.000000   clock clk_i (rise edge)
                                  0.000000    0.000000   clock source latency
     1    0.025625    0.026735    0.015211    0.015211 ^ clk_i (in)
                                                         clk_i (net)
                      0.027112    0.000000    0.015211 ^ clkbuf_0_clk_i/A (sg13g2_buf_16)
     8    0.166508    0.036353    0.063756    0.078967 ^ clkbuf_0_clk_i/X (sg13g2_buf_16)
                                                         clknet_0_clk_i (net)
                      0.036929    0.003615    0.082582 ^ clkbuf_3_3__f_clk_i/A (sg13g2_buf_16)
     4    0.017763    0.013876    0.049922    0.132504 ^ clkbuf_3_3__f_clk_i/X (sg13g2_buf_16)
                                                         clknet_3_3__leaf_clk_i (net)
                      0.013905    0.001213    0.133716 ^ _186_/CLK (sg13g2_dfrbpq_1)
     3    0.010278    0.027513    0.119199    0.252916 v _186_/Q (sg13g2_dfrbpq_1)
                                                         spm_inst.genblk1[6].csa.y (net)
                      0.027535    0.000694    0.253610 v _128_/B (sg13g2_nor2_1)
     1    0.005713    0.042675    0.044467    0.298077 ^ _128_/Y (sg13g2_nor2_1)
                                                         _038_ (net)
                      0.042691    0.000237    0.298314 ^ _131_/A2 (sg13g2_o21ai_1)
     1    0.002384    0.020946    0.037289    0.335602 v _131_/Y (sg13g2_o21ai_1)
                                                         _011_ (net)
                      0.020946    0.000160    0.335762 v hold63/A (sg13g2_dlygate4sd3_1)
     1    0.002029    0.023786    0.247487    0.583250 v hold63/X (sg13g2_dlygate4sd3_1)
                                                         net63 (net)
                      0.023786    0.000076    0.583326 v _187_/D (sg13g2_dfrbpq_1)
                                              0.583326   data arrival time

                                  0.000000    0.000000   clock clk_i (rise edge)
                                  0.000000    0.000000   clock source latency
     1    0.025625    0.026735    0.015211    0.015211 ^ clk_i (in)
                                                         clk_i (net)
                      0.027112    0.000000    0.015211 ^ clkbuf_0_clk_i/A (sg13g2_buf_16)
     8    0.166508    0.036353    0.063756    0.078967 ^ clkbuf_0_clk_i/X (sg13g2_buf_16)
                                                         clknet_0_clk_i (net)
                      0.036929    0.003615    0.082582 ^ clkbuf_3_3__f_clk_i/A (sg13g2_buf_16)
     4    0.017763    0.013876    0.049922    0.132504 ^ clkbuf_3_3__f_clk_i/X (sg13g2_buf_16)
                                                         clknet_3_3__leaf_clk_i (net)
                      0.013903    0.001187    0.133691 ^ _187_/CLK (sg13g2_dfrbpq_1)
                                  0.250000    0.383691   clock uncertainty
                                  0.000000    0.383691   clock reconvergence pessimism
                                 -0.023951    0.359739   library hold time
                                              0.359739   data required time
---------------------------------------------------------------------------------------------
                                              0.359739   data required time
                                             -0.583326   data arrival time
---------------------------------------------------------------------------------------------
                                              0.223586   slack (MET)


Startpoint: _188_ (rising edge-triggered flip-flop clocked by clk_i)
Endpoint: _189_ (rising edge-triggered flip-flop clocked by clk_i)
Path Group: clk_i
Path Type: min

Fanout         Cap        Slew       Delay        Time   Description
---------------------------------------------------------------------------------------------
                                  0.000000    0.000000   clock clk_i (rise edge)
                                  0.000000    0.000000   clock source latency
     1    0.025625    0.026735    0.015211    0.015211 ^ clk_i (in)
                                                         clk_i (net)
                      0.027112    0.000000    0.015211 ^ clkbuf_0_clk_i/A (sg13g2_buf_16)
     8    0.166508    0.036353    0.063756    0.078967 ^ clkbuf_0_clk_i/X (sg13g2_buf_16)
                                                         clknet_0_clk_i (net)
                      0.036929    0.003615    0.082582 ^ clkbuf_3_3__f_clk_i/A (sg13g2_buf_16)
     4    0.017763    0.013876    0.049922    0.132504 ^ clkbuf_3_3__f_clk_i/X (sg13g2_buf_16)
                                                         clknet_3_3__leaf_clk_i (net)
                      0.013921    0.001434    0.133938 ^ _188_/CLK (sg13g2_dfrbpq_1)
     3    0.013393    0.033753    0.124401    0.258338 v _188_/Q (sg13g2_dfrbpq_1)
                                                         spm_inst.genblk1[5].csa.y (net)
                      0.033768    0.000662    0.259000 v _134_/B (sg13g2_nor2_1)
     1    0.004506    0.037979    0.041341    0.300342 ^ _134_/Y (sg13g2_nor2_1)
                                                         _042_ (net)
                      0.037979    0.000180    0.300522 ^ _137_/A2 (sg13g2_o21ai_1)
     1    0.002287    0.020569    0.036057    0.336578 v _137_/Y (sg13g2_o21ai_1)
                                                         _010_ (net)
                      0.020569    0.000154    0.336732 v hold66/A (sg13g2_dlygate4sd3_1)
     1    0.001909    0.023547    0.247018    0.583750 v hold66/X (sg13g2_dlygate4sd3_1)
                                                         net66 (net)
                      0.023547    0.000072    0.583822 v _189_/D (sg13g2_dfrbpq_1)
                                              0.583822   data arrival time

                                  0.000000    0.000000   clock clk_i (rise edge)
                                  0.000000    0.000000   clock source latency
     1    0.025625    0.026735    0.015211    0.015211 ^ clk_i (in)
                                                         clk_i (net)
                      0.027112    0.000000    0.015211 ^ clkbuf_0_clk_i/A (sg13g2_buf_16)
     8    0.166508    0.036353    0.063756    0.078967 ^ clkbuf_0_clk_i/X (sg13g2_buf_16)
                                                         clknet_0_clk_i (net)
                      0.036871    0.003434    0.082400 ^ clkbuf_3_2__f_clk_i/A (sg13g2_buf_16)
     4    0.017256    0.013786    0.049895    0.132295 ^ clkbuf_3_2__f_clk_i/X (sg13g2_buf_16)
                                                         clknet_3_2__leaf_clk_i (net)
                      0.013798    0.000869    0.133164 ^ _189_/CLK (sg13g2_dfrbpq_1)
                                  0.250000    0.383164   clock uncertainty
                                  0.000000    0.383164   clock reconvergence pessimism
                                 -0.023913    0.359251   library hold time
                                              0.359251   data required time
---------------------------------------------------------------------------------------------
                                              0.359251   data required time
                                             -0.583822   data arrival time
---------------------------------------------------------------------------------------------
                                              0.224571   slack (MET)


Startpoint: _194_ (rising edge-triggered flip-flop clocked by clk_i)
Endpoint: _195_ (rising edge-triggered flip-flop clocked by clk_i)
Path Group: clk_i
Path Type: min

Fanout         Cap        Slew       Delay        Time   Description
---------------------------------------------------------------------------------------------
                                  0.000000    0.000000   clock clk_i (rise edge)
                                  0.000000    0.000000   clock source latency
     1    0.025625    0.026735    0.015211    0.015211 ^ clk_i (in)
                                                         clk_i (net)
                      0.027112    0.000000    0.015211 ^ clkbuf_0_clk_i/A (sg13g2_buf_16)
     8    0.166508    0.036353    0.063756    0.078967 ^ clkbuf_0_clk_i/X (sg13g2_buf_16)
                                                         clknet_0_clk_i (net)
                      0.037037    0.003937    0.082904 ^ clkbuf_3_7__f_clk_i/A (sg13g2_buf_16)
     4    0.015568    0.013539    0.049796    0.132700 ^ clkbuf_3_7__f_clk_i/X (sg13g2_buf_16)
                                                         clknet_3_7__leaf_clk_i (net)
                      0.013539    0.000309    0.133009 ^ _194_/CLK (sg13g2_dfrbpq_1)
     3    0.010323    0.027611    0.119086    0.252095 v _194_/Q (sg13g2_dfrbpq_1)
                                                         spm_inst.genblk1[2].csa.y (net)
                      0.027631    0.000682    0.252777 v _152_/B (sg13g2_nor2_1)
     1    0.005010    0.039313    0.041820    0.294597 ^ _152_/Y (sg13g2_nor2_1)
                                                         _054_ (net)
                      0.039314    0.000202    0.294799 ^ _155_/A2 (sg13g2_o21ai_1)
     1    0.003106    0.023261    0.038808    0.333607 v _155_/Y (sg13g2_o21ai_1)
                                                         _007_ (net)
                      0.023261    0.000215    0.333822 v hold57/A (sg13g2_dlygate4sd3_1)
     1    0.002494    0.024683    0.249717    0.583540 v hold57/X (sg13g2_dlygate4sd3_1)
                                                         net57 (net)
                      0.024683    0.000170    0.583709 v _195_/D (sg13g2_dfrbpq_1)
                                              0.583709   data arrival time

                                  0.000000    0.000000   clock clk_i (rise edge)
                                  0.000000    0.000000   clock source latency
     1    0.025625    0.026735    0.015211    0.015211 ^ clk_i (in)
                                                         clk_i (net)
                      0.027112    0.000000    0.015211 ^ clkbuf_0_clk_i/A (sg13g2_buf_16)
     8    0.166508    0.036353    0.063756    0.078967 ^ clkbuf_0_clk_i/X (sg13g2_buf_16)
                                                         clknet_0_clk_i (net)
                      0.037037    0.003937    0.082904 ^ clkbuf_3_7__f_clk_i/A (sg13g2_buf_16)
     4    0.015568    0.013539    0.049796    0.132700 ^ clkbuf_3_7__f_clk_i/X (sg13g2_buf_16)
                                                         clknet_3_7__leaf_clk_i (net)
                      0.013539    0.000329    0.133028 ^ _195_/CLK (sg13g2_dfrbpq_1)
                                  0.250000    0.383028   clock uncertainty
                                  0.000000    0.383028   clock reconvergence pessimism
                                 -0.024216    0.358812   library hold time
                                              0.358812   data required time
---------------------------------------------------------------------------------------------
                                              0.358812   data required time
                                             -0.583709   data arrival time
---------------------------------------------------------------------------------------------
                                              0.224898   slack (MET)


Startpoint: _190_ (rising edge-triggered flip-flop clocked by clk_i)
Endpoint: _191_ (rising edge-triggered flip-flop clocked by clk_i)
Path Group: clk_i
Path Type: min

Fanout         Cap        Slew       Delay        Time   Description
---------------------------------------------------------------------------------------------
                                  0.000000    0.000000   clock clk_i (rise edge)
                                  0.000000    0.000000   clock source latency
     1    0.025625    0.026735    0.015211    0.015211 ^ clk_i (in)
                                                         clk_i (net)
                      0.027112    0.000000    0.015211 ^ clkbuf_0_clk_i/A (sg13g2_buf_16)
     8    0.166508    0.036353    0.063756    0.078967 ^ clkbuf_0_clk_i/X (sg13g2_buf_16)
                                                         clknet_0_clk_i (net)
                      0.036929    0.003615    0.082582 ^ clkbuf_3_3__f_clk_i/A (sg13g2_buf_16)
     4    0.017763    0.013876    0.049922    0.132504 ^ clkbuf_3_3__f_clk_i/X (sg13g2_buf_16)
                                                         clknet_3_3__leaf_clk_i (net)
                      0.013926    0.001503    0.134006 ^ _190_/CLK (sg13g2_dfrbpq_1)
     3    0.010554    0.028060    0.119698    0.253704 v _190_/Q (sg13g2_dfrbpq_1)
                                                         spm_inst.genblk1[4].csa.y (net)
                      0.028078    0.000661    0.254365 v _140_/B (sg13g2_nor2_1)
     1    0.005254    0.040547    0.042767    0.297132 ^ _140_/Y (sg13g2_nor2_1)
                                                         _046_ (net)
                      0.040568    0.000415    0.297547 ^ _143_/A2 (sg13g2_o21ai_1)
     1    0.002701    0.022290    0.037839    0.335385 v _143_/Y (sg13g2_o21ai_1)
                                                         _009_ (net)
                      0.022291    0.000167    0.335553 v hold51/A (sg13g2_dlygate4sd3_1)
     1    0.002464    0.024624    0.249171    0.584723 v hold51/X (sg13g2_dlygate4sd3_1)
                                                         net51 (net)
                      0.024624    0.000167    0.584890 v _191_/D (sg13g2_dfrbpq_1)
                                              0.584890   data arrival time

                                  0.000000    0.000000   clock clk_i (rise edge)
                                  0.000000    0.000000   clock source latency
     1    0.025625    0.026735    0.015211    0.015211 ^ clk_i (in)
                                                         clk_i (net)
                      0.027112    0.000000    0.015211 ^ clkbuf_0_clk_i/A (sg13g2_buf_16)
     8    0.166508    0.036353    0.063756    0.078967 ^ clkbuf_0_clk_i/X (sg13g2_buf_16)
                                                         clknet_0_clk_i (net)
                      0.036970    0.003739    0.082706 ^ clkbuf_3_6__f_clk_i/A (sg13g2_buf_16)
     4    0.016617    0.013692    0.049877    0.132583 ^ clkbuf_3_6__f_clk_i/X (sg13g2_buf_16)
                                                         clknet_3_6__leaf_clk_i (net)
                      0.013698    0.000685    0.133267 ^ _191_/CLK (sg13g2_dfrbpq_1)
                                  0.250000    0.383267   clock uncertainty
                                  0.000000    0.383267   clock reconvergence pessimism
                                 -0.024178    0.359090   library hold time
                                              0.359090   data required time
---------------------------------------------------------------------------------------------
                                              0.359090   data required time
                                             -0.584890   data arrival time
---------------------------------------------------------------------------------------------
                                              0.225800   slack (MET)


Startpoint: _174_ (rising edge-triggered flip-flop clocked by clk_i)
Endpoint: _175_ (rising edge-triggered flip-flop clocked by clk_i)
Path Group: clk_i
Path Type: min

Fanout         Cap        Slew       Delay        Time   Description
---------------------------------------------------------------------------------------------
                                  0.000000    0.000000   clock clk_i (rise edge)
                                  0.000000    0.000000   clock source latency
     1    0.025625    0.026735    0.015211    0.015211 ^ clk_i (in)
                                                         clk_i (net)
                      0.027112    0.000000    0.015211 ^ clkbuf_0_clk_i/A (sg13g2_buf_16)
     8    0.166508    0.036353    0.063756    0.078967 ^ clkbuf_0_clk_i/X (sg13g2_buf_16)
                                                         clknet_0_clk_i (net)
                      0.036801    0.003199    0.082166 ^ clkbuf_3_0__f_clk_i/A (sg13g2_buf_16)
     4    0.015231    0.013477    0.049669    0.131835 ^ clkbuf_3_0__f_clk_i/X (sg13g2_buf_16)
                                                         clknet_3_0__leaf_clk_i (net)
                      0.013477    0.000231    0.132065 ^ _174_/CLK (sg13g2_dfrbpq_1)
     3    0.011042    0.029018    0.120454    0.252519 v _174_/Q (sg13g2_dfrbpq_1)
                                                         spm_inst.genblk1[12].csa.y (net)
                      0.029021    0.000313    0.252832 v _092_/B (sg13g2_nor2_1)
     1    0.005381    0.041312    0.043512    0.296344 ^ _092_/Y (sg13g2_nor2_1)
                                                         _075_ (net)
                      0.041332    0.000382    0.296726 ^ _095_/A2 (sg13g2_o21ai_1)
     1    0.002737    0.021845    0.038118    0.334844 v _095_/Y (sg13g2_o21ai_1)
                                                         _003_ (net)
                      0.021846    0.000099    0.334944 v hold48/A (sg13g2_dlygate4sd3_1)
     1    0.002481    0.024657    0.248996    0.583939 v hold48/X (sg13g2_dlygate4sd3_1)
                                                         net48 (net)
                      0.024657    0.000156    0.584096 v _175_/D (sg13g2_dfrbpq_1)
                                              0.584096   data arrival time

                                  0.000000    0.000000   clock clk_i (rise edge)
                                  0.000000    0.000000   clock source latency
     1    0.025625    0.026735    0.015211    0.015211 ^ clk_i (in)
                                                         clk_i (net)
                      0.027112    0.000000    0.015211 ^ clkbuf_0_clk_i/A (sg13g2_buf_16)
     8    0.166508    0.036353    0.063756    0.078967 ^ clkbuf_0_clk_i/X (sg13g2_buf_16)
                                                         clknet_0_clk_i (net)
                      0.036801    0.003199    0.082166 ^ clkbuf_3_0__f_clk_i/A (sg13g2_buf_16)
     4    0.015231    0.013477    0.049669    0.131835 ^ clkbuf_3_0__f_clk_i/X (sg13g2_buf_16)
                                                         clknet_3_0__leaf_clk_i (net)
                      0.013477    0.000258    0.132093 ^ _175_/CLK (sg13g2_dfrbpq_1)
                                  0.250000    0.382093   clock uncertainty
                                  0.000000    0.382093   clock reconvergence pessimism
                                 -0.024220    0.357873   library hold time
                                              0.357873   data required time
---------------------------------------------------------------------------------------------
                                              0.357873   data required time
                                             -0.584096   data arrival time
---------------------------------------------------------------------------------------------
                                              0.226223   slack (MET)


Startpoint: _182_ (rising edge-triggered flip-flop clocked by clk_i)
Endpoint: _183_ (rising edge-triggered flip-flop clocked by clk_i)
Path Group: clk_i
Path Type: min

Fanout         Cap        Slew       Delay        Time   Description
---------------------------------------------------------------------------------------------
                                  0.000000    0.000000   clock clk_i (rise edge)
                                  0.000000    0.000000   clock source latency
     1    0.025625    0.026735    0.015211    0.015211 ^ clk_i (in)
                                                         clk_i (net)
                      0.027112    0.000000    0.015211 ^ clkbuf_0_clk_i/A (sg13g2_buf_16)
     8    0.166508    0.036353    0.063756    0.078967 ^ clkbuf_0_clk_i/X (sg13g2_buf_16)
                                                         clknet_0_clk_i (net)
                      0.036887    0.003484    0.082451 ^ clkbuf_3_4__f_clk_i/A (sg13g2_buf_16)
     4    0.015492    0.013520    0.049728    0.132179 ^ clkbuf_3_4__f_clk_i/X (sg13g2_buf_16)
                                                         clknet_3_4__leaf_clk_i (net)
                      0.013520    0.000144    0.132324 ^ _182_/CLK (sg13g2_dfrbpq_1)
     3    0.012464    0.031883    0.122713    0.255036 v _182_/Q (sg13g2_dfrbpq_1)
                                                         spm_inst.genblk1[8].csa.y (net)
                      0.031887    0.000396    0.255432 v _116_/B (sg13g2_nor2_1)
     1    0.005671    0.043192    0.045331    0.300763 ^ _116_/Y (sg13g2_nor2_1)
                                                         _030_ (net)
                      0.043198    0.000399    0.301161 ^ _119_/A2 (sg13g2_o21ai_1)
     1    0.002530    0.022029    0.037830    0.338992 v _119_/Y (sg13g2_o21ai_1)
                                                         _013_ (net)
                      0.022030    0.000183    0.339174 v hold75/A (sg13g2_dlygate4sd3_1)
     1    0.001915    0.023559    0.247748    0.586922 v hold75/X (sg13g2_dlygate4sd3_1)
                                                         net75 (net)
                      0.023559    0.000073    0.586995 v _183_/D (sg13g2_dfrbpq_1)
                                              0.586995   data arrival time

                                  0.000000    0.000000   clock clk_i (rise edge)
                                  0.000000    0.000000   clock source latency
     1    0.025625    0.026735    0.015211    0.015211 ^ clk_i (in)
                                                         clk_i (net)
                      0.027112    0.000000    0.015211 ^ clkbuf_0_clk_i/A (sg13g2_buf_16)
     8    0.166508    0.036353    0.063756    0.078967 ^ clkbuf_0_clk_i/X (sg13g2_buf_16)
                                                         clknet_0_clk_i (net)
                      0.036970    0.003739    0.082706 ^ clkbuf_3_6__f_clk_i/A (sg13g2_buf_16)
     4    0.016617    0.013692    0.049877    0.132583 ^ clkbuf_3_6__f_clk_i/X (sg13g2_buf_16)
                                                         clknet_3_6__leaf_clk_i (net)
                      0.013693    0.000411    0.132994 ^ _183_/CLK (sg13g2_dfrbpq_1)
                                  0.250000    0.382994   clock uncertainty
                                  0.000000    0.382994   clock reconvergence pessimism
                                 -0.023932    0.359061   library hold time
                                              0.359061   data required time
---------------------------------------------------------------------------------------------
                                              0.359061   data required time
                                             -0.586995   data arrival time
---------------------------------------------------------------------------------------------
                                              0.227933   slack (MET)


Startpoint: _184_ (rising edge-triggered flip-flop clocked by clk_i)
Endpoint: _185_ (rising edge-triggered flip-flop clocked by clk_i)
Path Group: clk_i
Path Type: min

Fanout         Cap        Slew       Delay        Time   Description
---------------------------------------------------------------------------------------------
                                  0.000000    0.000000   clock clk_i (rise edge)
                                  0.000000    0.000000   clock source latency
     1    0.025625    0.026735    0.015211    0.015211 ^ clk_i (in)
                                                         clk_i (net)
                      0.027112    0.000000    0.015211 ^ clkbuf_0_clk_i/A (sg13g2_buf_16)
     8    0.166508    0.036353    0.063756    0.078967 ^ clkbuf_0_clk_i/X (sg13g2_buf_16)
                                                         clknet_0_clk_i (net)
                      0.036970    0.003739    0.082706 ^ clkbuf_3_6__f_clk_i/A (sg13g2_buf_16)
     4    0.016617    0.013692    0.049877    0.132583 ^ clkbuf_3_6__f_clk_i/X (sg13g2_buf_16)
                                                         clknet_3_6__leaf_clk_i (net)
                      0.013693    0.000424    0.133006 ^ _184_/CLK (sg13g2_dfrbpq_1)
     3    0.011646    0.030271    0.121221    0.254227 v _184_/Q (sg13g2_dfrbpq_1)
                                                         spm_inst.genblk1[7].csa.y (net)
                      0.030284    0.000603    0.254830 v _122_/B (sg13g2_nor2_1)
     1    0.007090    0.049853    0.050317    0.305147 ^ _122_/Y (sg13g2_nor2_1)
                                                         _034_ (net)
                      0.049863    0.000545    0.305692 ^ _125_/A2 (sg13g2_o21ai_1)
     1    0.002263    0.020554    0.038340    0.344032 v _125_/Y (sg13g2_o21ai_1)
                                                         _012_ (net)
                      0.020554    0.000151    0.344182 v hold60/A (sg13g2_dlygate4sd3_1)
     1    0.002071    0.023854    0.247396    0.591579 v hold60/X (sg13g2_dlygate4sd3_1)
                                                         net60 (net)
                      0.023854    0.000079    0.591658 v _185_/D (sg13g2_dfrbpq_1)
                                              0.591658   data arrival time

                                  0.000000    0.000000   clock clk_i (rise edge)
                                  0.000000    0.000000   clock source latency
     1    0.025625    0.026735    0.015211    0.015211 ^ clk_i (in)
                                                         clk_i (net)
                      0.027112    0.000000    0.015211 ^ clkbuf_0_clk_i/A (sg13g2_buf_16)
     8    0.166508    0.036353    0.063756    0.078967 ^ clkbuf_0_clk_i/X (sg13g2_buf_16)
                                                         clknet_0_clk_i (net)
                      0.036897    0.003517    0.082484 ^ clkbuf_3_1__f_clk_i/A (sg13g2_buf_16)
     4    0.018603    0.013994    0.050047    0.132531 ^ clkbuf_3_1__f_clk_i/X (sg13g2_buf_16)
                                                         clknet_3_1__leaf_clk_i (net)
                      0.014020    0.001158    0.133689 ^ _185_/CLK (sg13g2_dfrbpq_1)
                                  0.250000    0.383689   clock uncertainty
                                  0.000000    0.383689   clock reconvergence pessimism
                                 -0.023949    0.359740   library hold time
                                              0.359740   data required time
---------------------------------------------------------------------------------------------
                                              0.359740   data required time
                                             -0.591658   data arrival time
---------------------------------------------------------------------------------------------
                                              0.231918   slack (MET)


Startpoint: _176_ (rising edge-triggered flip-flop clocked by clk_i)
Endpoint: _177_ (rising edge-triggered flip-flop clocked by clk_i)
Path Group: clk_i
Path Type: min

Fanout         Cap        Slew       Delay        Time   Description
---------------------------------------------------------------------------------------------
                                  0.000000    0.000000   clock clk_i (rise edge)
                                  0.000000    0.000000   clock source latency
     1    0.025625    0.026735    0.015211    0.015211 ^ clk_i (in)
                                                         clk_i (net)
                      0.027112    0.000000    0.015211 ^ clkbuf_0_clk_i/A (sg13g2_buf_16)
     8    0.166508    0.036353    0.063756    0.078967 ^ clkbuf_0_clk_i/X (sg13g2_buf_16)
                                                         clknet_0_clk_i (net)
                      0.036897    0.003517    0.082484 ^ clkbuf_3_1__f_clk_i/A (sg13g2_buf_16)
     4    0.018603    0.013994    0.050047    0.132531 ^ clkbuf_3_1__f_clk_i/X (sg13g2_buf_16)
                                                         clknet_3_1__leaf_clk_i (net)
                      0.014012    0.001011    0.133542 ^ _176_/CLK (sg13g2_dfrbpq_1)
     3    0.012183    0.031400    0.122488    0.256030 v _176_/Q (sg13g2_dfrbpq_1)
                                                         spm_inst.genblk1[11].csa.y (net)
                      0.031410    0.000548    0.256578 v _098_/B (sg13g2_nor2_1)
     1    0.006314    0.046230    0.047626    0.304204 ^ _098_/Y (sg13g2_nor2_1)
                                                         _018_ (net)
                      0.046239    0.000496    0.304700 ^ _101_/A2 (sg13g2_o21ai_1)
     1    0.002743    0.021961    0.039129    0.343829 v _101_/Y (sg13g2_o21ai_1)
                                                         _002_ (net)
                      0.021962    0.000098    0.343928 v hold87/A (sg13g2_dlygate4sd3_1)
     1    0.001904    0.023538    0.247690    0.591617 v hold87/X (sg13g2_dlygate4sd3_1)
                                                         net87 (net)
                      0.023538    0.000072    0.591689 v _177_/D (sg13g2_dfrbpq_1)
                                              0.591689   data arrival time

                                  0.000000    0.000000   clock clk_i (rise edge)
                                  0.000000    0.000000   clock source latency
     1    0.025625    0.026735    0.015211    0.015211 ^ clk_i (in)
                                                         clk_i (net)
                      0.027112    0.000000    0.015211 ^ clkbuf_0_clk_i/A (sg13g2_buf_16)
     8    0.166508    0.036353    0.063756    0.078967 ^ clkbuf_0_clk_i/X (sg13g2_buf_16)
                                                         clknet_0_clk_i (net)
                      0.036897    0.003517    0.082484 ^ clkbuf_3_1__f_clk_i/A (sg13g2_buf_16)
     4    0.018603    0.013994    0.050047    0.132531 ^ clkbuf_3_1__f_clk_i/X (sg13g2_buf_16)
                                                         clknet_3_1__leaf_clk_i (net)
                      0.014016    0.001081    0.133612 ^ _177_/CLK (sg13g2_dfrbpq_1)
                                  0.250000    0.383612   clock uncertainty
                                  0.000000    0.383612   clock reconvergence pessimism
                                 -0.023876    0.359736   library hold time
                                              0.359736   data required time
---------------------------------------------------------------------------------------------
                                              0.359736   data required time
                                             -0.591689   data arrival time
---------------------------------------------------------------------------------------------
                                              0.231953   slack (MET)


Startpoint: _193_ (rising edge-triggered flip-flop clocked by clk_i)
Endpoint: _193_ (rising edge-triggered flip-flop clocked by clk_i)
Path Group: clk_i
Path Type: min

Fanout         Cap        Slew       Delay        Time   Description
---------------------------------------------------------------------------------------------
                                  0.000000    0.000000   clock clk_i (rise edge)
                                  0.000000    0.000000   clock source latency
     1    0.025625    0.026735    0.015211    0.015211 ^ clk_i (in)
                                                         clk_i (net)
                      0.027112    0.000000    0.015211 ^ clkbuf_0_clk_i/A (sg13g2_buf_16)
     8    0.166508    0.036353    0.063756    0.078967 ^ clkbuf_0_clk_i/X (sg13g2_buf_16)
                                                         clknet_0_clk_i (net)
                      0.037037    0.003937    0.082904 ^ clkbuf_3_7__f_clk_i/A (sg13g2_buf_16)
     4    0.015568    0.013539    0.049796    0.132700 ^ clkbuf_3_7__f_clk_i/X (sg13g2_buf_16)
                                                         clknet_3_7__leaf_clk_i (net)
                      0.013539    0.000158    0.132857 ^ _193_/CLK (sg13g2_dfrbpq_1)
     3    0.012484    0.031939    0.122667    0.255525 v _193_/Q (sg13g2_dfrbpq_1)
                                                         spm_inst.genblk1[3].csa.sc (net)
                      0.031955    0.000676    0.256200 v _146_/A (sg13g2_nor2_1)
     1    0.006819    0.047479    0.053241    0.309441 ^ _146_/Y (sg13g2_nor2_1)
                                                         _050_ (net)
                      0.047487    0.000483    0.309924 ^ _149_/A2 (sg13g2_o21ai_1)
     1    0.001712    0.018715    0.036160    0.346085 v _149_/Y (sg13g2_o21ai_1)
                                                         _008_ (net)
                      0.018715    0.000068    0.346152 v hold78/A (sg13g2_dlygate4sd3_1)
     1    0.002404    0.024507    0.247287    0.593439 v hold78/X (sg13g2_dlygate4sd3_1)
                                                         net78 (net)
                      0.024507    0.000092    0.593531 v _193_/D (sg13g2_dfrbpq_1)
                                              0.593531   data arrival time

                                  0.000000    0.000000   clock clk_i (rise edge)
                                  0.000000    0.000000   clock source latency
     1    0.025625    0.026735    0.015211    0.015211 ^ clk_i (in)
                                                         clk_i (net)
                      0.027112    0.000000    0.015211 ^ clkbuf_0_clk_i/A (sg13g2_buf_16)
     8    0.166508    0.036353    0.063756    0.078967 ^ clkbuf_0_clk_i/X (sg13g2_buf_16)
                                                         clknet_0_clk_i (net)
                      0.037037    0.003937    0.082904 ^ clkbuf_3_7__f_clk_i/A (sg13g2_buf_16)
     4    0.015568    0.013539    0.049796    0.132700 ^ clkbuf_3_7__f_clk_i/X (sg13g2_buf_16)
                                                         clknet_3_7__leaf_clk_i (net)
                      0.013539    0.000158    0.132857 ^ _193_/CLK (sg13g2_dfrbpq_1)
                                  0.250000    0.382857   clock uncertainty
                                  0.000000    0.382857   clock reconvergence pessimism
                                 -0.024176    0.358681   library hold time
                                              0.358681   data required time
---------------------------------------------------------------------------------------------
                                              0.358681   data required time
                                             -0.593531   data arrival time
---------------------------------------------------------------------------------------------
                                              0.234850   slack (MET)


Startpoint: _172_ (rising edge-triggered flip-flop clocked by clk_i)
Endpoint: _173_ (rising edge-triggered flip-flop clocked by clk_i)
Path Group: clk_i
Path Type: min

Fanout         Cap        Slew       Delay        Time   Description
---------------------------------------------------------------------------------------------
                                  0.000000    0.000000   clock clk_i (rise edge)
                                  0.000000    0.000000   clock source latency
     1    0.025625    0.026735    0.015211    0.015211 ^ clk_i (in)
                                                         clk_i (net)
                      0.027112    0.000000    0.015211 ^ clkbuf_0_clk_i/A (sg13g2_buf_16)
     8    0.166508    0.036353    0.063756    0.078967 ^ clkbuf_0_clk_i/X (sg13g2_buf_16)
                                                         clknet_0_clk_i (net)
                      0.036801    0.003199    0.082166 ^ clkbuf_3_0__f_clk_i/A (sg13g2_buf_16)
     4    0.015231    0.013477    0.049669    0.131835 ^ clkbuf_3_0__f_clk_i/X (sg13g2_buf_16)
                                                         clknet_3_0__leaf_clk_i (net)
                      0.013477    0.000249    0.132084 ^ _172_/CLK (sg13g2_dfrbpq_1)
     3    0.011605    0.030172    0.121190    0.253273 v _172_/Q (sg13g2_dfrbpq_1)
                                                         spm_inst.genblk1[13].csa.y (net)
                      0.030190    0.000674    0.253947 v _086_/B (sg13g2_nor2_1)
     1    0.007359    0.051090    0.051345    0.305292 ^ _086_/Y (sg13g2_nor2_1)
                                                         _071_ (net)
                      0.051099    0.000524    0.305816 ^ _089_/A2 (sg13g2_o21ai_1)
     1    0.002744    0.022138    0.040080    0.345896 v _089_/Y (sg13g2_o21ai_1)
                                                         _004_ (net)
                      0.022139    0.000201    0.346096 v hold54/A (sg13g2_dlygate4sd3_1)
     1    0.001882    0.023493    0.247723    0.593820 v hold54/X (sg13g2_dlygate4sd3_1)
                                                         net54 (net)
                      0.023493    0.000071    0.593890 v _173_/D (sg13g2_dfrbpq_1)
                                              0.593890   data arrival time

                                  0.000000    0.000000   clock clk_i (rise edge)
                                  0.000000    0.000000   clock source latency
     1    0.025625    0.026735    0.015211    0.015211 ^ clk_i (in)
                                                         clk_i (net)
                      0.027112    0.000000    0.015211 ^ clkbuf_0_clk_i/A (sg13g2_buf_16)
     8    0.166508    0.036353    0.063756    0.078967 ^ clkbuf_0_clk_i/X (sg13g2_buf_16)
                                                         clknet_0_clk_i (net)
                      0.036801    0.003199    0.082166 ^ clkbuf_3_0__f_clk_i/A (sg13g2_buf_16)
     4    0.015231    0.013477    0.049669    0.131835 ^ clkbuf_3_0__f_clk_i/X (sg13g2_buf_16)
                                                         clknet_3_0__leaf_clk_i (net)
                      0.013477    0.000226    0.132061 ^ _173_/CLK (sg13g2_dfrbpq_1)
                                  0.250000    0.382061   clock uncertainty
                                  0.000000    0.382061   clock reconvergence pessimism
                                 -0.023952    0.358109   library hold time
                                              0.358109   data required time
---------------------------------------------------------------------------------------------
                                              0.358109   data required time
                                             -0.593890   data arrival time
---------------------------------------------------------------------------------------------
                                              0.235781   slack (MET)


Startpoint: _190_ (rising edge-triggered flip-flop clocked by clk_i)
Endpoint: _192_ (rising edge-triggered flip-flop clocked by clk_i)
Path Group: clk_i
Path Type: min

Fanout         Cap        Slew       Delay        Time   Description
---------------------------------------------------------------------------------------------
                                  0.000000    0.000000   clock clk_i (rise edge)
                                  0.000000    0.000000   clock source latency
     1    0.025625    0.026735    0.015211    0.015211 ^ clk_i (in)
                                                         clk_i (net)
                      0.027112    0.000000    0.015211 ^ clkbuf_0_clk_i/A (sg13g2_buf_16)
     8    0.166508    0.036353    0.063756    0.078967 ^ clkbuf_0_clk_i/X (sg13g2_buf_16)
                                                         clknet_0_clk_i (net)
                      0.036929    0.003615    0.082582 ^ clkbuf_3_3__f_clk_i/A (sg13g2_buf_16)
     4    0.017763    0.013876    0.049922    0.132504 ^ clkbuf_3_3__f_clk_i/X (sg13g2_buf_16)
                                                         clknet_3_3__leaf_clk_i (net)
                      0.013926    0.001503    0.134006 ^ _190_/CLK (sg13g2_dfrbpq_1)
     3    0.010554    0.028060    0.119698    0.253704 v _190_/Q (sg13g2_dfrbpq_1)
                                                         spm_inst.genblk1[4].csa.y (net)
                      0.028063    0.000315    0.254019 v hold89/A (sg13g2_dlygate4sd3_1)
     1    0.005634    0.030660    0.259425    0.513445 v hold89/X (sg13g2_dlygate4sd3_1)
                                                         net89 (net)
                      0.030660    0.000444    0.513888 v _141_/B (sg13g2_xor2_1)
     1    0.006243    0.024463    0.048455    0.562343 v _141_/X (sg13g2_xor2_1)
                                                         _047_ (net)
                      0.024477    0.000482    0.562825 v _142_/B (sg13g2_xnor2_1)
     1    0.002361    0.020334    0.035403    0.598228 v _142_/Y (sg13g2_xnor2_1)
                                                         spm_inst.genblk1[4].csa.hsum2 (net)
                      0.020334    0.000085    0.598313 v _192_/D (sg13g2_dfrbpq_1)
                                              0.598313   data arrival time

                                  0.000000    0.000000   clock clk_i (rise edge)
                                  0.000000    0.000000   clock source latency
     1    0.025625    0.026735    0.015211    0.015211 ^ clk_i (in)
                                                         clk_i (net)
                      0.027112    0.000000    0.015211 ^ clkbuf_0_clk_i/A (sg13g2_buf_16)
     8    0.166508    0.036353    0.063756    0.078967 ^ clkbuf_0_clk_i/X (sg13g2_buf_16)
                                                         clknet_0_clk_i (net)
                      0.036970    0.003739    0.082706 ^ clkbuf_3_6__f_clk_i/A (sg13g2_buf_16)
     4    0.016617    0.013692    0.049877    0.132583 ^ clkbuf_3_6__f_clk_i/X (sg13g2_buf_16)
                                                         clknet_3_6__leaf_clk_i (net)
                      0.013699    0.000709    0.133292 ^ _192_/CLK (sg13g2_dfrbpq_1)
                                  0.250000    0.383292   clock uncertainty
                                  0.000000    0.383292   clock reconvergence pessimism
                                 -0.023187    0.360106   library hold time
                                              0.360106   data required time
---------------------------------------------------------------------------------------------
                                              0.360106   data required time
                                             -0.598313   data arrival time
---------------------------------------------------------------------------------------------
                                              0.238208   slack (MET)


Startpoint: _186_ (rising edge-triggered flip-flop clocked by clk_i)
Endpoint: _188_ (rising edge-triggered flip-flop clocked by clk_i)
Path Group: clk_i
Path Type: min

Fanout         Cap        Slew       Delay        Time   Description
---------------------------------------------------------------------------------------------
                                  0.000000    0.000000   clock clk_i (rise edge)
                                  0.000000    0.000000   clock source latency
     1    0.025625    0.026735    0.015211    0.015211 ^ clk_i (in)
                                                         clk_i (net)
                      0.027112    0.000000    0.015211 ^ clkbuf_0_clk_i/A (sg13g2_buf_16)
     8    0.166508    0.036353    0.063756    0.078967 ^ clkbuf_0_clk_i/X (sg13g2_buf_16)
                                                         clknet_0_clk_i (net)
                      0.036929    0.003615    0.082582 ^ clkbuf_3_3__f_clk_i/A (sg13g2_buf_16)
     4    0.017763    0.013876    0.049922    0.132504 ^ clkbuf_3_3__f_clk_i/X (sg13g2_buf_16)
                                                         clknet_3_3__leaf_clk_i (net)
                      0.013905    0.001213    0.133716 ^ _186_/CLK (sg13g2_dfrbpq_1)
     3    0.010278    0.027513    0.119199    0.252916 v _186_/Q (sg13g2_dfrbpq_1)
                                                         spm_inst.genblk1[6].csa.y (net)
                      0.027523    0.000493    0.253409 v hold98/A (sg13g2_dlygate4sd3_1)
     1    0.005742    0.030855    0.259495    0.512904 v hold98/X (sg13g2_dlygate4sd3_1)
                                                         net98 (net)
                      0.030855    0.000234    0.513138 v _129_/B (sg13g2_xor2_1)
     1    0.006244    0.024471    0.048523    0.561660 v _129_/X (sg13g2_xor2_1)
                                                         _039_ (net)
                      0.024485    0.000478    0.562138 v _130_/B (sg13g2_xnor2_1)
     1    0.002933    0.022367    0.037115    0.599254 v _130_/Y (sg13g2_xnor2_1)
                                                         spm_inst.genblk1[6].csa.hsum2 (net)
                      0.022367    0.000106    0.599360 v _188_/D (sg13g2_dfrbpq_1)
                                              0.599360   data arrival time

                                  0.000000    0.000000   clock clk_i (rise edge)
                                  0.000000    0.000000   clock source latency
     1    0.025625    0.026735    0.015211    0.015211 ^ clk_i (in)
                                                         clk_i (net)
                      0.027112    0.000000    0.015211 ^ clkbuf_0_clk_i/A (sg13g2_buf_16)
     8    0.166508    0.036353    0.063756    0.078967 ^ clkbuf_0_clk_i/X (sg13g2_buf_16)
                                                         clknet_0_clk_i (net)
                      0.036929    0.003615    0.082582 ^ clkbuf_3_3__f_clk_i/A (sg13g2_buf_16)
     4    0.017763    0.013876    0.049922    0.132504 ^ clkbuf_3_3__f_clk_i/X (sg13g2_buf_16)
                                                         clknet_3_3__leaf_clk_i (net)
                      0.013921    0.001434    0.133938 ^ _188_/CLK (sg13g2_dfrbpq_1)
                                  0.250000    0.383938   clock uncertainty
                                  0.000000    0.383938   clock reconvergence pessimism
                                 -0.023621    0.360317   library hold time
                                              0.360317   data required time
---------------------------------------------------------------------------------------------
                                              0.360317   data required time
                                             -0.599360   data arrival time
---------------------------------------------------------------------------------------------
                                              0.239043   slack (MET)


Startpoint: _192_ (rising edge-triggered flip-flop clocked by clk_i)
Endpoint: _194_ (rising edge-triggered flip-flop clocked by clk_i)
Path Group: clk_i
Path Type: min

Fanout         Cap        Slew       Delay        Time   Description
---------------------------------------------------------------------------------------------
                                  0.000000    0.000000   clock clk_i (rise edge)
                                  0.000000    0.000000   clock source latency
     1    0.025625    0.026735    0.015211    0.015211 ^ clk_i (in)
                                                         clk_i (net)
                      0.027112    0.000000    0.015211 ^ clkbuf_0_clk_i/A (sg13g2_buf_16)
     8    0.166508    0.036353    0.063756    0.078967 ^ clkbuf_0_clk_i/X (sg13g2_buf_16)
                                                         clknet_0_clk_i (net)
                      0.036970    0.003739    0.082706 ^ clkbuf_3_6__f_clk_i/A (sg13g2_buf_16)
     4    0.016617    0.013692    0.049877    0.132583 ^ clkbuf_3_6__f_clk_i/X (sg13g2_buf_16)
                                                         clknet_3_6__leaf_clk_i (net)
                      0.013699    0.000709    0.133292 ^ _192_/CLK (sg13g2_dfrbpq_1)
     1    0.001760    0.013325    0.105411    0.238704 ^ _192_/Q (sg13g2_dfrbpq_1)
                                                         spm_inst.genblk1[3].csa.y (net)
                      0.013325    0.000069    0.238772 ^ hold76/A (sg13g2_dlygate4sd3_1)
     3    0.015765    0.053573    0.270743    0.509515 ^ hold76/X (sg13g2_dlygate4sd3_1)
                                                         net76 (net)
                      0.053595    0.001024    0.510539 ^ _147_/B (sg13g2_xor2_1)
     1    0.005857    0.023682    0.054786    0.565326 v _147_/X (sg13g2_xor2_1)
                                                         _051_ (net)
                      0.023687    0.000458    0.565784 v _148_/B (sg13g2_xnor2_1)
     1    0.001848    0.018434    0.033692    0.599476 v _148_/Y (sg13g2_xnor2_1)
                                                         spm_inst.genblk1[3].csa.hsum2 (net)
                      0.018434    0.000070    0.599546 v _194_/D (sg13g2_dfrbpq_1)
                                              0.599546   data arrival time

                                  0.000000    0.000000   clock clk_i (rise edge)
                                  0.000000    0.000000   clock source latency
     1    0.025625    0.026735    0.015211    0.015211 ^ clk_i (in)
                                                         clk_i (net)
                      0.027112    0.000000    0.015211 ^ clkbuf_0_clk_i/A (sg13g2_buf_16)
     8    0.166508    0.036353    0.063756    0.078967 ^ clkbuf_0_clk_i/X (sg13g2_buf_16)
                                                         clknet_0_clk_i (net)
                      0.037037    0.003937    0.082904 ^ clkbuf_3_7__f_clk_i/A (sg13g2_buf_16)
     4    0.015568    0.013539    0.049796    0.132700 ^ clkbuf_3_7__f_clk_i/X (sg13g2_buf_16)
                                                         clknet_3_7__leaf_clk_i (net)
                      0.013539    0.000309    0.133009 ^ _194_/CLK (sg13g2_dfrbpq_1)
                                  0.250000    0.383009   clock uncertainty
                                  0.000000    0.383009   clock reconvergence pessimism
                                 -0.022773    0.360236   library hold time
                                              0.360236   data required time
---------------------------------------------------------------------------------------------
                                              0.360236   data required time
                                             -0.599546   data arrival time
---------------------------------------------------------------------------------------------
                                              0.239310   slack (MET)


Startpoint: _199_ (rising edge-triggered flip-flop clocked by clk_i)
Endpoint: _172_ (rising edge-triggered flip-flop clocked by clk_i)
Path Group: clk_i
Path Type: min

Fanout         Cap        Slew       Delay        Time   Description
---------------------------------------------------------------------------------------------
                                  0.000000    0.000000   clock clk_i (rise edge)
                                  0.000000    0.000000   clock source latency
     1    0.025625    0.026735    0.015211    0.015211 ^ clk_i (in)
                                                         clk_i (net)
                      0.027112    0.000000    0.015211 ^ clkbuf_0_clk_i/A (sg13g2_buf_16)
     8    0.166508    0.036353    0.063756    0.078967 ^ clkbuf_0_clk_i/X (sg13g2_buf_16)
                                                         clknet_0_clk_i (net)
                      0.036871    0.003434    0.082400 ^ clkbuf_3_2__f_clk_i/A (sg13g2_buf_16)
     4    0.017256    0.013786    0.049895    0.132295 ^ clkbuf_3_2__f_clk_i/X (sg13g2_buf_16)
                                                         clknet_3_2__leaf_clk_i (net)
                      0.013800    0.000908    0.133203 ^ _199_/CLK (sg13g2_dfrbpq_1)
     3    0.011568    0.030106    0.121184    0.254387 v _199_/Q (sg13g2_dfrbpq_1)
                                                         spm_inst.genblk1[14].csa.y (net)
                      0.030117    0.000551    0.254938 v hold95/A (sg13g2_dlygate4sd3_1)
     1    0.006512    0.032334    0.262487    0.517425 v hold95/X (sg13g2_dlygate4sd3_1)
                                                         net95 (net)
                      0.032342    0.000516    0.517941 v _081_/B (sg13g2_xor2_1)
     1    0.005730    0.023597    0.047457    0.565398 v _081_/X (sg13g2_xor2_1)
                                                         _068_ (net)
                      0.023600    0.000449    0.565847 v _082_/B (sg13g2_xnor2_1)
     1    0.001815    0.018304    0.033571    0.599418 v _082_/Y (sg13g2_xnor2_1)
                                                         spm_inst.genblk1[14].csa.hsum2 (net)
                      0.018304    0.000069    0.599487 v _172_/D (sg13g2_dfrbpq_1)
                                              0.599487   data arrival time

                                  0.000000    0.000000   clock clk_i (rise edge)
                                  0.000000    0.000000   clock source latency
     1    0.025625    0.026735    0.015211    0.015211 ^ clk_i (in)
                                                         clk_i (net)
                      0.027112    0.000000    0.015211 ^ clkbuf_0_clk_i/A (sg13g2_buf_16)
     8    0.166508    0.036353    0.063756    0.078967 ^ clkbuf_0_clk_i/X (sg13g2_buf_16)
                                                         clknet_0_clk_i (net)
                      0.036801    0.003199    0.082166 ^ clkbuf_3_0__f_clk_i/A (sg13g2_buf_16)
     4    0.015231    0.013477    0.049669    0.131835 ^ clkbuf_3_0__f_clk_i/X (sg13g2_buf_16)
                                                         clknet_3_0__leaf_clk_i (net)
                      0.013477    0.000249    0.132084 ^ _172_/CLK (sg13g2_dfrbpq_1)
                                  0.250000    0.382084   clock uncertainty
                                  0.000000    0.382084   clock reconvergence pessimism
                                 -0.022753    0.359331   library hold time
                                              0.359331   data required time
---------------------------------------------------------------------------------------------
                                              0.359331   data required time
                                             -0.599487   data arrival time
---------------------------------------------------------------------------------------------
                                              0.240156   slack (MET)


Startpoint: _182_ (rising edge-triggered flip-flop clocked by clk_i)
Endpoint: _184_ (rising edge-triggered flip-flop clocked by clk_i)
Path Group: clk_i
Path Type: min

Fanout         Cap        Slew       Delay        Time   Description
---------------------------------------------------------------------------------------------
                                  0.000000    0.000000   clock clk_i (rise edge)
                                  0.000000    0.000000   clock source latency
     1    0.025625    0.026735    0.015211    0.015211 ^ clk_i (in)
                                                         clk_i (net)
                      0.027112    0.000000    0.015211 ^ clkbuf_0_clk_i/A (sg13g2_buf_16)
     8    0.166508    0.036353    0.063756    0.078967 ^ clkbuf_0_clk_i/X (sg13g2_buf_16)
                                                         clknet_0_clk_i (net)
                      0.036887    0.003484    0.082451 ^ clkbuf_3_4__f_clk_i/A (sg13g2_buf_16)
     4    0.015492    0.013520    0.049728    0.132179 ^ clkbuf_3_4__f_clk_i/X (sg13g2_buf_16)
                                                         clknet_3_4__leaf_clk_i (net)
                      0.013520    0.000144    0.132324 ^ _182_/CLK (sg13g2_dfrbpq_1)
     3    0.012464    0.031883    0.122713    0.255036 v _182_/Q (sg13g2_dfrbpq_1)
                                                         spm_inst.genblk1[8].csa.y (net)
                      0.031894    0.000580    0.255616 v hold91/A (sg13g2_dlygate4sd3_1)
     1    0.005974    0.031294    0.262185    0.517801 v hold91/X (sg13g2_dlygate4sd3_1)
                                                         net91 (net)
                      0.031294    0.000244    0.518044 v _117_/B (sg13g2_xor2_1)
     1    0.006204    0.024410    0.048536    0.566580 v _117_/X (sg13g2_xor2_1)
                                                         _031_ (net)
                      0.024424    0.000491    0.567072 v _118_/B (sg13g2_xnor2_1)
     1    0.001849    0.018507    0.033861    0.600932 v _118_/Y (sg13g2_xnor2_1)
                                                         spm_inst.genblk1[8].csa.hsum2 (net)
                      0.018507    0.000070    0.601002 v _184_/D (sg13g2_dfrbpq_1)
                                              0.601002   data arrival time

                                  0.000000    0.000000   clock clk_i (rise edge)
                                  0.000000    0.000000   clock source latency
     1    0.025625    0.026735    0.015211    0.015211 ^ clk_i (in)
                                                         clk_i (net)
                      0.027112    0.000000    0.015211 ^ clkbuf_0_clk_i/A (sg13g2_buf_16)
     8    0.166508    0.036353    0.063756    0.078967 ^ clkbuf_0_clk_i/X (sg13g2_buf_16)
                                                         clknet_0_clk_i (net)
                      0.036970    0.003739    0.082706 ^ clkbuf_3_6__f_clk_i/A (sg13g2_buf_16)
     4    0.016617    0.013692    0.049877    0.132583 ^ clkbuf_3_6__f_clk_i/X (sg13g2_buf_16)
                                                         clknet_3_6__leaf_clk_i (net)
                      0.013693    0.000424    0.133006 ^ _184_/CLK (sg13g2_dfrbpq_1)
                                  0.250000    0.383006   clock uncertainty
                                  0.000000    0.383006   clock reconvergence pessimism
                                 -0.022766    0.360241   library hold time
                                              0.360241   data required time
---------------------------------------------------------------------------------------------
                                              0.360241   data required time
                                             -0.601002   data arrival time
---------------------------------------------------------------------------------------------
                                              0.240762   slack (MET)


Startpoint: _180_ (rising edge-triggered flip-flop clocked by clk_i)
Endpoint: _182_ (rising edge-triggered flip-flop clocked by clk_i)
Path Group: clk_i
Path Type: min

Fanout         Cap        Slew       Delay        Time   Description
---------------------------------------------------------------------------------------------
                                  0.000000    0.000000   clock clk_i (rise edge)
                                  0.000000    0.000000   clock source latency
     1    0.025625    0.026735    0.015211    0.015211 ^ clk_i (in)
                                                         clk_i (net)
                      0.027112    0.000000    0.015211 ^ clkbuf_0_clk_i/A (sg13g2_buf_16)
     8    0.166508    0.036353    0.063756    0.078967 ^ clkbuf_0_clk_i/X (sg13g2_buf_16)
                                                         clknet_0_clk_i (net)
                      0.036887    0.003484    0.082451 ^ clkbuf_3_4__f_clk_i/A (sg13g2_buf_16)
     4    0.015492    0.013520    0.049728    0.132179 ^ clkbuf_3_4__f_clk_i/X (sg13g2_buf_16)
                                                         clknet_3_4__leaf_clk_i (net)
                      0.013520    0.000340    0.132520 ^ _180_/CLK (sg13g2_dfrbpq_1)
     3    0.008930    0.024824    0.116987    0.249507 v _180_/Q (sg13g2_dfrbpq_1)
                                                         spm_inst.genblk1[10].csa.sum (net)
                      0.024833    0.000447    0.249954 v hold92/A (sg13g2_dlygate4sd3_1)
     1    0.008650    0.036781    0.264956    0.514910 v hold92/X (sg13g2_dlygate4sd3_1)
                                                         net92 (net)
                      0.036781    0.000601    0.515511 v _111_/B (sg13g2_xor2_1)
     1    0.005705    0.023698    0.048904    0.564416 v _111_/X (sg13g2_xor2_1)
                                                         _027_ (net)
                      0.023699    0.000232    0.564648 v _112_/B (sg13g2_xnor2_1)
     1    0.002650    0.021282    0.036069    0.600716 v _112_/Y (sg13g2_xnor2_1)
                                                         spm_inst.genblk1[9].csa.hsum2 (net)
                      0.021282    0.000173    0.600889 v _182_/D (sg13g2_dfrbpq_1)
                                              0.600889   data arrival time

                                  0.000000    0.000000   clock clk_i (rise edge)
                                  0.000000    0.000000   clock source latency
     1    0.025625    0.026735    0.015211    0.015211 ^ clk_i (in)
                                                         clk_i (net)
                      0.027112    0.000000    0.015211 ^ clkbuf_0_clk_i/A (sg13g2_buf_16)
     8    0.166508    0.036353    0.063756    0.078967 ^ clkbuf_0_clk_i/X (sg13g2_buf_16)
                                                         clknet_0_clk_i (net)
                      0.036887    0.003484    0.082451 ^ clkbuf_3_4__f_clk_i/A (sg13g2_buf_16)
     4    0.015492    0.013520    0.049728    0.132179 ^ clkbuf_3_4__f_clk_i/X (sg13g2_buf_16)
                                                         clknet_3_4__leaf_clk_i (net)
                      0.013520    0.000144    0.132324 ^ _182_/CLK (sg13g2_dfrbpq_1)
                                  0.250000    0.382324   clock uncertainty
                                  0.000000    0.382324   clock reconvergence pessimism
                                 -0.023434    0.358889   library hold time
                                              0.358889   data required time
---------------------------------------------------------------------------------------------
                                              0.358889   data required time
                                             -0.600889   data arrival time
---------------------------------------------------------------------------------------------
                                              0.242000   slack (MET)


Startpoint: _198_ (rising edge-triggered flip-flop clocked by clk_i)
Endpoint: _201_ (rising edge-triggered flip-flop clocked by clk_i)
Path Group: clk_i
Path Type: min

Fanout         Cap        Slew       Delay        Time   Description
---------------------------------------------------------------------------------------------
                                  0.000000    0.000000   clock clk_i (rise edge)
                                  0.000000    0.000000   clock source latency
     1    0.025625    0.026735    0.015211    0.015211 ^ clk_i (in)
                                                         clk_i (net)
                      0.027112    0.000000    0.015211 ^ clkbuf_0_clk_i/A (sg13g2_buf_16)
     8    0.166508    0.036353    0.063756    0.078967 ^ clkbuf_0_clk_i/X (sg13g2_buf_16)
                                                         clknet_0_clk_i (net)
                      0.036982    0.003775    0.082742 ^ clkbuf_3_5__f_clk_i/A (sg13g2_buf_16)
     4    0.015390    0.013510    0.049757    0.132499 ^ clkbuf_3_5__f_clk_i/X (sg13g2_buf_16)
                                                         clknet_3_5__leaf_clk_i (net)
                      0.013510    0.000217    0.132715 ^ _198_/CLK (sg13g2_dfrbpq_1)
     3    0.012682    0.032342    0.122936    0.255651 v _198_/Q (sg13g2_dfrbpq_1)
                                                         spm_inst.csa0.y (net)
                      0.032366    0.000805    0.256456 v _167_/B (sg13g2_nor2_1)
     1    0.005651    0.043160    0.045370    0.301826 ^ _167_/Y (sg13g2_nor2_1)
                                                         _063_ (net)
                      0.043180    0.000387    0.302213 ^ _170_/A2 (sg13g2_o21ai_1)
     1    0.004840    0.029302    0.044916    0.347129 v _170_/Y (sg13g2_o21ai_1)
                                                         _000_ (net)
                      0.029306    0.000318    0.347447 v hold72/A (sg13g2_dlygate4sd3_1)
     1    0.002628    0.024943    0.253000    0.600447 v hold72/X (sg13g2_dlygate4sd3_1)
                                                         net72 (net)
                      0.024943    0.000171    0.600618 v _201_/D (sg13g2_dfrbpq_1)
                                              0.600618   data arrival time

                                  0.000000    0.000000   clock clk_i (rise edge)
                                  0.000000    0.000000   clock source latency
     1    0.025625    0.026735    0.015211    0.015211 ^ clk_i (in)
                                                         clk_i (net)
                      0.027112    0.000000    0.015211 ^ clkbuf_0_clk_i/A (sg13g2_buf_16)
     8    0.166508    0.036353    0.063756    0.078967 ^ clkbuf_0_clk_i/X (sg13g2_buf_16)
                                                         clknet_0_clk_i (net)
                      0.036982    0.003775    0.082742 ^ clkbuf_3_5__f_clk_i/A (sg13g2_buf_16)
     4    0.015390    0.013510    0.049757    0.132499 ^ clkbuf_3_5__f_clk_i/X (sg13g2_buf_16)
                                                         clknet_3_5__leaf_clk_i (net)
                      0.013510    0.000249    0.132748 ^ _201_/CLK (sg13g2_dfrbpq_1)
                                  0.250000    0.382748   clock uncertainty
                                  0.000000    0.382748   clock reconvergence pessimism
                                 -0.024281    0.358467   library hold time
                                              0.358467   data required time
---------------------------------------------------------------------------------------------
                                              0.358467   data required time
                                             -0.600618   data arrival time
---------------------------------------------------------------------------------------------
                                              0.242151   slack (MET)


Startpoint: _176_ (rising edge-triggered flip-flop clocked by clk_i)
Endpoint: _178_ (rising edge-triggered flip-flop clocked by clk_i)
Path Group: clk_i
Path Type: min

Fanout         Cap        Slew       Delay        Time   Description
---------------------------------------------------------------------------------------------
                                  0.000000    0.000000   clock clk_i (rise edge)
                                  0.000000    0.000000   clock source latency
     1    0.025625    0.026735    0.015211    0.015211 ^ clk_i (in)
                                                         clk_i (net)
                      0.027112    0.000000    0.015211 ^ clkbuf_0_clk_i/A (sg13g2_buf_16)
     8    0.166508    0.036353    0.063756    0.078967 ^ clkbuf_0_clk_i/X (sg13g2_buf_16)
                                                         clknet_0_clk_i (net)
                      0.036897    0.003517    0.082484 ^ clkbuf_3_1__f_clk_i/A (sg13g2_buf_16)
     4    0.018603    0.013994    0.050047    0.132531 ^ clkbuf_3_1__f_clk_i/X (sg13g2_buf_16)
                                                         clknet_3_1__leaf_clk_i (net)
                      0.014012    0.001011    0.133542 ^ _176_/CLK (sg13g2_dfrbpq_1)
     3    0.012183    0.031400    0.122488    0.256030 v _176_/Q (sg13g2_dfrbpq_1)
                                                         spm_inst.genblk1[11].csa.y (net)
                      0.031404    0.000392    0.256422 v hold96/A (sg13g2_dlygate4sd3_1)
     1    0.005882    0.031119    0.261730    0.518152 v hold96/X (sg13g2_dlygate4sd3_1)
                                                         net96 (net)
                      0.031119    0.000236    0.518388 v _099_/B (sg13g2_xor2_1)
     1    0.006575    0.025082    0.049601    0.567989 v _099_/X (sg13g2_xor2_1)
                                                         _019_ (net)
                      0.025107    0.000511    0.568500 v _100_/B (sg13g2_xnor2_1)
     1    0.001950    0.018934    0.034318    0.602819 v _100_/Y (sg13g2_xnor2_1)
                                                         spm_inst.genblk1[11].csa.hsum2 (net)
                      0.018934    0.000073    0.602892 v _178_/D (sg13g2_dfrbpq_1)
                                              0.602892   data arrival time

                                  0.000000    0.000000   clock clk_i (rise edge)
                                  0.000000    0.000000   clock source latency
     1    0.025625    0.026735    0.015211    0.015211 ^ clk_i (in)
                                                         clk_i (net)
                      0.027112    0.000000    0.015211 ^ clkbuf_0_clk_i/A (sg13g2_buf_16)
     8    0.166508    0.036353    0.063756    0.078967 ^ clkbuf_0_clk_i/X (sg13g2_buf_16)
                                                         clknet_0_clk_i (net)
                      0.036897    0.003517    0.082484 ^ clkbuf_3_1__f_clk_i/A (sg13g2_buf_16)
     4    0.018603    0.013994    0.050047    0.132531 ^ clkbuf_3_1__f_clk_i/X (sg13g2_buf_16)
                                                         clknet_3_1__leaf_clk_i (net)
                      0.014011    0.000972    0.133503 ^ _178_/CLK (sg13g2_dfrbpq_1)
                                  0.250000    0.383503   clock uncertainty
                                  0.000000    0.383503   clock reconvergence pessimism
                                 -0.022814    0.360689   library hold time
                                              0.360689   data required time
---------------------------------------------------------------------------------------------
                                              0.360689   data required time
                                             -0.602892   data arrival time
---------------------------------------------------------------------------------------------
                                              0.242203   slack (MET)


Startpoint: _189_ (rising edge-triggered flip-flop clocked by clk_i)
Endpoint: _190_ (rising edge-triggered flip-flop clocked by clk_i)
Path Group: clk_i
Path Type: min

Fanout         Cap        Slew       Delay        Time   Description
---------------------------------------------------------------------------------------------
                                  0.000000    0.000000   clock clk_i (rise edge)
                                  0.000000    0.000000   clock source latency
     1    0.025625    0.026735    0.015211    0.015211 ^ clk_i (in)
                                                         clk_i (net)
                      0.027112    0.000000    0.015211 ^ clkbuf_0_clk_i/A (sg13g2_buf_16)
     8    0.166508    0.036353    0.063756    0.078967 ^ clkbuf_0_clk_i/X (sg13g2_buf_16)
                                                         clknet_0_clk_i (net)
                      0.036871    0.003434    0.082400 ^ clkbuf_3_2__f_clk_i/A (sg13g2_buf_16)
     4    0.017256    0.013786    0.049895    0.132295 ^ clkbuf_3_2__f_clk_i/X (sg13g2_buf_16)
                                                         clknet_3_2__leaf_clk_i (net)
                      0.013798    0.000869    0.133164 ^ _189_/CLK (sg13g2_dfrbpq_1)
     1    0.003271    0.016764    0.108285    0.241449 ^ _189_/Q (sg13g2_dfrbpq_1)
                                                         spm_inst.genblk1[5].csa.sc (net)
                      0.016764    0.000121    0.241570 ^ hold64/A (sg13g2_dlygate4sd3_1)
     3    0.014488    0.050306    0.269343    0.510913 ^ hold64/X (sg13g2_dlygate4sd3_1)
                                                         net64 (net)
                      0.050328    0.000991    0.511904 ^ _135_/A (sg13g2_xor2_1)
     1    0.006008    0.024108    0.056518    0.568422 v _135_/X (sg13g2_xor2_1)
                                                         _043_ (net)
                      0.024109    0.000246    0.568668 v _136_/B (sg13g2_xnor2_1)
     1    0.002267    0.019964    0.035038    0.603705 v _136_/Y (sg13g2_xnor2_1)
                                                         spm_inst.genblk1[5].csa.hsum2 (net)
                      0.019964    0.000083    0.603788 v _190_/D (sg13g2_dfrbpq_1)
                                              0.603788   data arrival time

                                  0.000000    0.000000   clock clk_i (rise edge)
                                  0.000000    0.000000   clock source latency
     1    0.025625    0.026735    0.015211    0.015211 ^ clk_i (in)
                                                         clk_i (net)
                      0.027112    0.000000    0.015211 ^ clkbuf_0_clk_i/A (sg13g2_buf_16)
     8    0.166508    0.036353    0.063756    0.078967 ^ clkbuf_0_clk_i/X (sg13g2_buf_16)
                                                         clknet_0_clk_i (net)
                      0.036929    0.003615    0.082582 ^ clkbuf_3_3__f_clk_i/A (sg13g2_buf_16)
     4    0.017763    0.013876    0.049922    0.132504 ^ clkbuf_3_3__f_clk_i/X (sg13g2_buf_16)
                                                         clknet_3_3__leaf_clk_i (net)
                      0.013926    0.001503    0.134006 ^ _190_/CLK (sg13g2_dfrbpq_1)
                                  0.250000    0.384006   clock uncertainty
                                  0.000000    0.384006   clock reconvergence pessimism
                                 -0.023065    0.360941   library hold time
                                              0.360941   data required time
---------------------------------------------------------------------------------------------
                                              0.360941   data required time
                                             -0.603788   data arrival time
---------------------------------------------------------------------------------------------
                                              0.242847   slack (MET)


Startpoint: _172_ (rising edge-triggered flip-flop clocked by clk_i)
Endpoint: _174_ (rising edge-triggered flip-flop clocked by clk_i)
Path Group: clk_i
Path Type: min

Fanout         Cap        Slew       Delay        Time   Description
---------------------------------------------------------------------------------------------
                                  0.000000    0.000000   clock clk_i (rise edge)
                                  0.000000    0.000000   clock source latency
     1    0.025625    0.026735    0.015211    0.015211 ^ clk_i (in)
                                                         clk_i (net)
                      0.027112    0.000000    0.015211 ^ clkbuf_0_clk_i/A (sg13g2_buf_16)
     8    0.166508    0.036353    0.063756    0.078967 ^ clkbuf_0_clk_i/X (sg13g2_buf_16)
                                                         clknet_0_clk_i (net)
                      0.036801    0.003199    0.082166 ^ clkbuf_3_0__f_clk_i/A (sg13g2_buf_16)
     4    0.015231    0.013477    0.049669    0.131835 ^ clkbuf_3_0__f_clk_i/X (sg13g2_buf_16)
                                                         clknet_3_0__leaf_clk_i (net)
                      0.013477    0.000249    0.132084 ^ _172_/CLK (sg13g2_dfrbpq_1)
     3    0.011605    0.030172    0.121190    0.253273 v _172_/Q (sg13g2_dfrbpq_1)
                                                         spm_inst.genblk1[13].csa.y (net)
                      0.030188    0.000645    0.253918 v hold94/A (sg13g2_dlygate4sd3_1)
     1    0.007205    0.033742    0.264137    0.518055 v hold94/X (sg13g2_dlygate4sd3_1)
                                                         net94 (net)
                      0.033745    0.000568    0.518623 v _087_/B (sg13g2_xor2_1)
     1    0.006072    0.024263    0.049033    0.567657 v _087_/X (sg13g2_xor2_1)
                                                         _072_ (net)
                      0.024264    0.000249    0.567906 v _088_/B (sg13g2_xnor2_1)
     1    0.002140    0.019525    0.034676    0.602582 v _088_/Y (sg13g2_xnor2_1)
                                                         spm_inst.genblk1[13].csa.hsum2 (net)
                      0.019526    0.000158    0.602739 v _174_/D (sg13g2_dfrbpq_1)
                                              0.602739   data arrival time

                                  0.000000    0.000000   clock clk_i (rise edge)
                                  0.000000    0.000000   clock source latency
     1    0.025625    0.026735    0.015211    0.015211 ^ clk_i (in)
                                                         clk_i (net)
                      0.027112    0.000000    0.015211 ^ clkbuf_0_clk_i/A (sg13g2_buf_16)
     8    0.166508    0.036353    0.063756    0.078967 ^ clkbuf_0_clk_i/X (sg13g2_buf_16)
                                                         clknet_0_clk_i (net)
                      0.036801    0.003199    0.082166 ^ clkbuf_3_0__f_clk_i/A (sg13g2_buf_16)
     4    0.015231    0.013477    0.049669    0.131835 ^ clkbuf_3_0__f_clk_i/X (sg13g2_buf_16)
                                                         clknet_3_0__leaf_clk_i (net)
                      0.013477    0.000231    0.132065 ^ _174_/CLK (sg13g2_dfrbpq_1)
                                  0.250000    0.382066   clock uncertainty
                                  0.000000    0.382066   clock reconvergence pessimism
                                 -0.023035    0.359030   library hold time
                                              0.359030   data required time
---------------------------------------------------------------------------------------------
                                              0.359030   data required time
                                             -0.602739   data arrival time
---------------------------------------------------------------------------------------------
                                              0.243709   slack (MET)


Startpoint: _196_ (rising edge-triggered flip-flop clocked by clk_i)
Endpoint: _197_ (rising edge-triggered flip-flop clocked by clk_i)
Path Group: clk_i
Path Type: min

Fanout         Cap        Slew       Delay        Time   Description
---------------------------------------------------------------------------------------------
                                  0.000000    0.000000   clock clk_i (rise edge)
                                  0.000000    0.000000   clock source latency
     1    0.025625    0.026735    0.015211    0.015211 ^ clk_i (in)
                                                         clk_i (net)
                      0.027112    0.000000    0.015211 ^ clkbuf_0_clk_i/A (sg13g2_buf_16)
     8    0.166508    0.036353    0.063756    0.078967 ^ clkbuf_0_clk_i/X (sg13g2_buf_16)
                                                         clknet_0_clk_i (net)
                      0.037037    0.003937    0.082904 ^ clkbuf_3_7__f_clk_i/A (sg13g2_buf_16)
     4    0.015568    0.013539    0.049796    0.132700 ^ clkbuf_3_7__f_clk_i/X (sg13g2_buf_16)
                                                         clknet_3_7__leaf_clk_i (net)
                      0.013539    0.000352    0.133051 ^ _196_/CLK (sg13g2_dfrbpq_1)
     3    0.014790    0.036832    0.126120    0.259171 v _196_/Q (sg13g2_dfrbpq_1)
                                                         spm_inst.genblk1[1].csa.y (net)
                      0.036884    0.001222    0.260393 v _158_/B (sg13g2_nor2_1)
     1    0.005612    0.043708    0.046337    0.306730 ^ _158_/Y (sg13g2_nor2_1)
                                                         _058_ (net)
                      0.043729    0.000392    0.307121 ^ _161_/A2 (sg13g2_o21ai_1)
     1    0.004603    0.029064    0.044284    0.351406 v _161_/Y (sg13g2_o21ai_1)
                                                         _006_ (net)
                      0.029069    0.000350    0.351756 v hold84/A (sg13g2_dlygate4sd3_1)
     1    0.002866    0.025401    0.253452    0.605208 v hold84/X (sg13g2_dlygate4sd3_1)
                                                         net84 (net)
                      0.025401    0.000170    0.605377 v _197_/D (sg13g2_dfrbpq_1)
                                              0.605377   data arrival time

                                  0.000000    0.000000   clock clk_i (rise edge)
                                  0.000000    0.000000   clock source latency
     1    0.025625    0.026735    0.015211    0.015211 ^ clk_i (in)
                                                         clk_i (net)
                      0.027112    0.000000    0.015211 ^ clkbuf_0_clk_i/A (sg13g2_buf_16)
     8    0.166508    0.036353    0.063756    0.078967 ^ clkbuf_0_clk_i/X (sg13g2_buf_16)
                                                         clknet_0_clk_i (net)
                      0.036982    0.003775    0.082742 ^ clkbuf_3_5__f_clk_i/A (sg13g2_buf_16)
     4    0.015390    0.013510    0.049757    0.132499 ^ clkbuf_3_5__f_clk_i/X (sg13g2_buf_16)
                                                         clknet_3_5__leaf_clk_i (net)
                      0.013510    0.000224    0.132722 ^ _197_/CLK (sg13g2_dfrbpq_1)
                                  0.250000    0.382722   clock uncertainty
                                  0.000000    0.382722   clock reconvergence pessimism
                                 -0.024387    0.358335   library hold time
                                              0.358335   data required time
---------------------------------------------------------------------------------------------
                                              0.358335   data required time
                                             -0.605377   data arrival time
---------------------------------------------------------------------------------------------
                                              0.247042   slack (MET)


Startpoint: _178_ (rising edge-triggered flip-flop clocked by clk_i)
Endpoint: _180_ (rising edge-triggered flip-flop clocked by clk_i)
Path Group: clk_i
Path Type: min

Fanout         Cap        Slew       Delay        Time   Description
---------------------------------------------------------------------------------------------
                                  0.000000    0.000000   clock clk_i (rise edge)
                                  0.000000    0.000000   clock source latency
     1    0.025625    0.026735    0.015211    0.015211 ^ clk_i (in)
                                                         clk_i (net)
                      0.027112    0.000000    0.015211 ^ clkbuf_0_clk_i/A (sg13g2_buf_16)
     8    0.166508    0.036353    0.063756    0.078967 ^ clkbuf_0_clk_i/X (sg13g2_buf_16)
                                                         clknet_0_clk_i (net)
                      0.036897    0.003517    0.082484 ^ clkbuf_3_1__f_clk_i/A (sg13g2_buf_16)
     4    0.018603    0.013994    0.050047    0.132531 ^ clkbuf_3_1__f_clk_i/X (sg13g2_buf_16)
                                                         clknet_3_1__leaf_clk_i (net)
                      0.014011    0.000972    0.133503 ^ _178_/CLK (sg13g2_dfrbpq_1)
     3    0.010617    0.028202    0.119706    0.253209 v _178_/Q (sg13g2_dfrbpq_1)
                                                         spm_inst.genblk1[10].csa.y (net)
                      0.028222    0.000687    0.253895 v hold102/A (sg13g2_dlygate4sd3_1)
     1    0.006736    0.032769    0.262183    0.516078 v hold102/X (sg13g2_dlygate4sd3_1)
                                                         net102 (net)
                      0.032769    0.000280    0.516359 v _105_/B (sg13g2_xor2_1)
     1    0.005958    0.024018    0.048287    0.564646 v _105_/X (sg13g2_xor2_1)
                                                         _023_ (net)
                      0.024020    0.000462    0.565108 v _106_/B (sg13g2_xnor2_1)
     1    0.003986    0.026063    0.040144    0.605252 v _106_/Y (sg13g2_xnor2_1)
                                                         spm_inst.genblk1[10].csa.hsum2 (net)
                      0.026063    0.000154    0.605406 v _180_/D (sg13g2_dfrbpq_1)
                                              0.605406   data arrival time

                                  0.000000    0.000000   clock clk_i (rise edge)
                                  0.000000    0.000000   clock source latency
     1    0.025625    0.026735    0.015211    0.015211 ^ clk_i (in)
                                                         clk_i (net)
                      0.027112    0.000000    0.015211 ^ clkbuf_0_clk_i/A (sg13g2_buf_16)
     8    0.166508    0.036353    0.063756    0.078967 ^ clkbuf_0_clk_i/X (sg13g2_buf_16)
                                                         clknet_0_clk_i (net)
                      0.036887    0.003484    0.082451 ^ clkbuf_3_4__f_clk_i/A (sg13g2_buf_16)
     4    0.015492    0.013520    0.049728    0.132179 ^ clkbuf_3_4__f_clk_i/X (sg13g2_buf_16)
                                                         clknet_3_4__leaf_clk_i (net)
                      0.013520    0.000340    0.132520 ^ _180_/CLK (sg13g2_dfrbpq_1)
                                  0.250000    0.382520   clock uncertainty
                                  0.000000    0.382520   clock reconvergence pessimism
                                 -0.024538    0.357982   library hold time
                                              0.357982   data required time
---------------------------------------------------------------------------------------------
                                              0.357982   data required time
                                             -0.605406   data arrival time
---------------------------------------------------------------------------------------------
                                              0.247424   slack (MET)


Startpoint: _194_ (rising edge-triggered flip-flop clocked by clk_i)
Endpoint: _196_ (rising edge-triggered flip-flop clocked by clk_i)
Path Group: clk_i
Path Type: min

Fanout         Cap        Slew       Delay        Time   Description
---------------------------------------------------------------------------------------------
                                  0.000000    0.000000   clock clk_i (rise edge)
                                  0.000000    0.000000   clock source latency
     1    0.025625    0.026735    0.015211    0.015211 ^ clk_i (in)
                                                         clk_i (net)
                      0.027112    0.000000    0.015211 ^ clkbuf_0_clk_i/A (sg13g2_buf_16)
     8    0.166508    0.036353    0.063756    0.078967 ^ clkbuf_0_clk_i/X (sg13g2_buf_16)
                                                         clknet_0_clk_i (net)
                      0.037037    0.003937    0.082904 ^ clkbuf_3_7__f_clk_i/A (sg13g2_buf_16)
     4    0.015568    0.013539    0.049796    0.132700 ^ clkbuf_3_7__f_clk_i/X (sg13g2_buf_16)
                                                         clknet_3_7__leaf_clk_i (net)
                      0.013539    0.000309    0.133009 ^ _194_/CLK (sg13g2_dfrbpq_1)
     3    0.010323    0.027611    0.119086    0.252095 v _194_/Q (sg13g2_dfrbpq_1)
                                                         spm_inst.genblk1[2].csa.y (net)
                      0.027631    0.000675    0.252770 v hold90/A (sg13g2_dlygate4sd3_1)
     1    0.008623    0.036714    0.266290    0.519060 v hold90/X (sg13g2_dlygate4sd3_1)
                                                         net90 (net)
                      0.036714    0.000582    0.519642 v _153_/B (sg13g2_xor2_1)
     1    0.006490    0.025100    0.051293    0.570935 v _153_/X (sg13g2_xor2_1)
                                                         _055_ (net)
                      0.025111    0.000268    0.571203 v _154_/B (sg13g2_xnor2_1)
     1    0.002496    0.020873    0.035941    0.607145 v _154_/Y (sg13g2_xnor2_1)
                                                         spm_inst.genblk1[2].csa.hsum2 (net)
                      0.020873    0.000155    0.607300 v _196_/D (sg13g2_dfrbpq_1)
                                              0.607300   data arrival time

                                  0.000000    0.000000   clock clk_i (rise edge)
                                  0.000000    0.000000   clock source latency
     1    0.025625    0.026735    0.015211    0.015211 ^ clk_i (in)
                                                         clk_i (net)
                      0.027112    0.000000    0.015211 ^ clkbuf_0_clk_i/A (sg13g2_buf_16)
     8    0.166508    0.036353    0.063756    0.078967 ^ clkbuf_0_clk_i/X (sg13g2_buf_16)
                                                         clknet_0_clk_i (net)
                      0.037037    0.003937    0.082904 ^ clkbuf_3_7__f_clk_i/A (sg13g2_buf_16)
     4    0.015568    0.013539    0.049796    0.132700 ^ clkbuf_3_7__f_clk_i/X (sg13g2_buf_16)
                                                         clknet_3_7__leaf_clk_i (net)
                      0.013539    0.000352    0.133051 ^ _196_/CLK (sg13g2_dfrbpq_1)
                                  0.250000    0.383051   clock uncertainty
                                  0.000000    0.383051   clock reconvergence pessimism
                                 -0.023337    0.359715   library hold time
                                              0.359715   data required time
---------------------------------------------------------------------------------------------
                                              0.359715   data required time
                                             -0.607300   data arrival time
---------------------------------------------------------------------------------------------
                                              0.247585   slack (MET)


Startpoint: _174_ (rising edge-triggered flip-flop clocked by clk_i)
Endpoint: _176_ (rising edge-triggered flip-flop clocked by clk_i)
Path Group: clk_i
Path Type: min

Fanout         Cap        Slew       Delay        Time   Description
---------------------------------------------------------------------------------------------
                                  0.000000    0.000000   clock clk_i (rise edge)
                                  0.000000    0.000000   clock source latency
     1    0.025625    0.026735    0.015211    0.015211 ^ clk_i (in)
                                                         clk_i (net)
                      0.027112    0.000000    0.015211 ^ clkbuf_0_clk_i/A (sg13g2_buf_16)
     8    0.166508    0.036353    0.063756    0.078967 ^ clkbuf_0_clk_i/X (sg13g2_buf_16)
                                                         clknet_0_clk_i (net)
                      0.036801    0.003199    0.082166 ^ clkbuf_3_0__f_clk_i/A (sg13g2_buf_16)
     4    0.015231    0.013477    0.049669    0.131835 ^ clkbuf_3_0__f_clk_i/X (sg13g2_buf_16)
                                                         clknet_3_0__leaf_clk_i (net)
                      0.013477    0.000231    0.132065 ^ _174_/CLK (sg13g2_dfrbpq_1)
     3    0.011042    0.029018    0.120454    0.252519 v _174_/Q (sg13g2_dfrbpq_1)
                                                         spm_inst.genblk1[12].csa.y (net)
                      0.029020    0.000267    0.252786 v hold93/A (sg13g2_dlygate4sd3_1)
     1    0.006660    0.032628    0.262316    0.515102 v hold93/X (sg13g2_dlygate4sd3_1)
                                                         net93 (net)
                      0.032631    0.000494    0.515596 v _093_/B (sg13g2_xor2_1)
     1    0.006718    0.025405    0.050551    0.566147 v _093_/X (sg13g2_xor2_1)
                                                         _076_ (net)
                      0.025418    0.000500    0.566647 v _094_/B (sg13g2_xnor2_1)
     1    0.004208    0.026970    0.041120    0.607767 v _094_/Y (sg13g2_xnor2_1)
                                                         spm_inst.genblk1[12].csa.hsum2 (net)
                      0.026972    0.000239    0.608006 v _176_/D (sg13g2_dfrbpq_1)
                                              0.608006   data arrival time

                                  0.000000    0.000000   clock clk_i (rise edge)
                                  0.000000    0.000000   clock source latency
     1    0.025625    0.026735    0.015211    0.015211 ^ clk_i (in)
                                                         clk_i (net)
                      0.027112    0.000000    0.015211 ^ clkbuf_0_clk_i/A (sg13g2_buf_16)
     8    0.166508    0.036353    0.063756    0.078967 ^ clkbuf_0_clk_i/X (sg13g2_buf_16)
                                                         clknet_0_clk_i (net)
                      0.036897    0.003517    0.082484 ^ clkbuf_3_1__f_clk_i/A (sg13g2_buf_16)
     4    0.018603    0.013994    0.050047    0.132531 ^ clkbuf_3_1__f_clk_i/X (sg13g2_buf_16)
                                                         clknet_3_1__leaf_clk_i (net)
                      0.014012    0.001011    0.133542 ^ _176_/CLK (sg13g2_dfrbpq_1)
                                  0.250000    0.383542   clock uncertainty
                                  0.000000    0.383542   clock reconvergence pessimism
                                 -0.024670    0.358872   library hold time
                                              0.358872   data required time
---------------------------------------------------------------------------------------------
                                              0.358872   data required time
                                             -0.608006   data arrival time
---------------------------------------------------------------------------------------------
                                              0.249134   slack (MET)


Startpoint: _198_ (rising edge-triggered flip-flop clocked by clk_i)
Endpoint: _202_ (rising edge-triggered flip-flop clocked by clk_i)
Path Group: clk_i
Path Type: min

Fanout         Cap        Slew       Delay        Time   Description
---------------------------------------------------------------------------------------------
                                  0.000000    0.000000   clock clk_i (rise edge)
                                  0.000000    0.000000   clock source latency
     1    0.025625    0.026735    0.015211    0.015211 ^ clk_i (in)
                                                         clk_i (net)
                      0.027112    0.000000    0.015211 ^ clkbuf_0_clk_i/A (sg13g2_buf_16)
     8    0.166508    0.036353    0.063756    0.078967 ^ clkbuf_0_clk_i/X (sg13g2_buf_16)
                                                         clknet_0_clk_i (net)
                      0.036982    0.003775    0.082742 ^ clkbuf_3_5__f_clk_i/A (sg13g2_buf_16)
     4    0.015390    0.013510    0.049757    0.132499 ^ clkbuf_3_5__f_clk_i/X (sg13g2_buf_16)
                                                         clknet_3_5__leaf_clk_i (net)
                      0.013510    0.000217    0.132715 ^ _198_/CLK (sg13g2_dfrbpq_1)
     3    0.012682    0.032342    0.122936    0.255651 v _198_/Q (sg13g2_dfrbpq_1)
                                                         spm_inst.csa0.y (net)
                      0.032356    0.000647    0.256298 v hold100/A (sg13g2_dlygate4sd3_1)
     1    0.007653    0.034662    0.266283    0.522581 v hold100/X (sg13g2_dlygate4sd3_1)
                                                         net100 (net)
                      0.034663    0.000548    0.523129 v _168_/B (sg13g2_xor2_1)
     1    0.005967    0.024102    0.049016    0.572145 v _168_/X (sg13g2_xor2_1)
                                                         _064_ (net)
                      0.024103    0.000242    0.572388 v _169_/B (sg13g2_xnor2_1)
     1    0.002820    0.021929    0.036685    0.609072 v _169_/Y (sg13g2_xnor2_1)
                                                         spm_inst.csa0.hsum2 (net)
                      0.021929    0.000108    0.609180 v _202_/D (sg13g2_dfrbpq_1)
                                              0.609180   data arrival time

                                  0.000000    0.000000   clock clk_i (rise edge)
                                  0.000000    0.000000   clock source latency
     1    0.025625    0.026735    0.015211    0.015211 ^ clk_i (in)
                                                         clk_i (net)
                      0.027112    0.000000    0.015211 ^ clkbuf_0_clk_i/A (sg13g2_buf_16)
     8    0.166508    0.036353    0.063756    0.078967 ^ clkbuf_0_clk_i/X (sg13g2_buf_16)
                                                         clknet_0_clk_i (net)
                      0.036982    0.003775    0.082742 ^ clkbuf_3_5__f_clk_i/A (sg13g2_buf_16)
     4    0.015390    0.013510    0.049757    0.132499 ^ clkbuf_3_5__f_clk_i/X (sg13g2_buf_16)
                                                         clknet_3_5__leaf_clk_i (net)
                      0.013510    0.000274    0.132772 ^ _202_/CLK (sg13g2_dfrbpq_1)
                                  0.250000    0.382772   clock uncertainty
                                  0.000000    0.382772   clock reconvergence pessimism
                                 -0.023585    0.359187   library hold time
                                              0.359187   data required time
---------------------------------------------------------------------------------------------
                                              0.359187   data required time
                                             -0.609180   data arrival time
---------------------------------------------------------------------------------------------
                                              0.249993   slack (MET)


Startpoint: _184_ (rising edge-triggered flip-flop clocked by clk_i)
Endpoint: _186_ (rising edge-triggered flip-flop clocked by clk_i)
Path Group: clk_i
Path Type: min

Fanout         Cap        Slew       Delay        Time   Description
---------------------------------------------------------------------------------------------
                                  0.000000    0.000000   clock clk_i (rise edge)
                                  0.000000    0.000000   clock source latency
     1    0.025625    0.026735    0.015211    0.015211 ^ clk_i (in)
                                                         clk_i (net)
                      0.027112    0.000000    0.015211 ^ clkbuf_0_clk_i/A (sg13g2_buf_16)
     8    0.166508    0.036353    0.063756    0.078967 ^ clkbuf_0_clk_i/X (sg13g2_buf_16)
                                                         clknet_0_clk_i (net)
                      0.036970    0.003739    0.082706 ^ clkbuf_3_6__f_clk_i/A (sg13g2_buf_16)
     4    0.016617    0.013692    0.049877    0.132583 ^ clkbuf_3_6__f_clk_i/X (sg13g2_buf_16)
                                                         clknet_3_6__leaf_clk_i (net)
                      0.013693    0.000424    0.133006 ^ _184_/CLK (sg13g2_dfrbpq_1)
     3    0.011646    0.030271    0.121221    0.254227 v _184_/Q (sg13g2_dfrbpq_1)
                                                         spm_inst.genblk1[7].csa.y (net)
                      0.030304    0.000898    0.255125 v hold99/A (sg13g2_dlygate4sd3_1)
     1    0.007544    0.034439    0.265012    0.520136 v hold99/X (sg13g2_dlygate4sd3_1)
                                                         net99 (net)
                      0.034441    0.000570    0.520706 v _123_/B (sg13g2_xor2_1)
     1    0.008344    0.028559    0.056117    0.576823 v _123_/X (sg13g2_xor2_1)
                                                         _035_ (net)
                      0.028574    0.000591    0.577413 v _124_/B (sg13g2_xnor2_1)
     1    0.001778    0.018652    0.034581    0.611994 v _124_/Y (sg13g2_xnor2_1)
                                                         spm_inst.genblk1[7].csa.hsum2 (net)
                      0.018652    0.000068    0.612062 v _186_/D (sg13g2_dfrbpq_1)
                                              0.612062   data arrival time

                                  0.000000    0.000000   clock clk_i (rise edge)
                                  0.000000    0.000000   clock source latency
     1    0.025625    0.026735    0.015211    0.015211 ^ clk_i (in)
                                                         clk_i (net)
                      0.027112    0.000000    0.015211 ^ clkbuf_0_clk_i/A (sg13g2_buf_16)
     8    0.166508    0.036353    0.063756    0.078967 ^ clkbuf_0_clk_i/X (sg13g2_buf_16)
                                                         clknet_0_clk_i (net)
                      0.036929    0.003615    0.082582 ^ clkbuf_3_3__f_clk_i/A (sg13g2_buf_16)
     4    0.017763    0.013876    0.049922    0.132504 ^ clkbuf_3_3__f_clk_i/X (sg13g2_buf_16)
                                                         clknet_3_3__leaf_clk_i (net)
                      0.013905    0.001213    0.133716 ^ _186_/CLK (sg13g2_dfrbpq_1)
                                  0.250000    0.383716   clock uncertainty
                                  0.000000    0.383716   clock reconvergence pessimism
                                 -0.022765    0.360951   library hold time
                                              0.360951   data required time
---------------------------------------------------------------------------------------------
                                              0.360951   data required time
                                             -0.612062   data arrival time
---------------------------------------------------------------------------------------------
                                              0.251111   slack (MET)


Startpoint: _196_ (rising edge-triggered flip-flop clocked by clk_i)
Endpoint: _198_ (rising edge-triggered flip-flop clocked by clk_i)
Path Group: clk_i
Path Type: min

Fanout         Cap        Slew       Delay        Time   Description
---------------------------------------------------------------------------------------------
                                  0.000000    0.000000   clock clk_i (rise edge)
                                  0.000000    0.000000   clock source latency
     1    0.025625    0.026735    0.015211    0.015211 ^ clk_i (in)
                                                         clk_i (net)
                      0.027112    0.000000    0.015211 ^ clkbuf_0_clk_i/A (sg13g2_buf_16)
     8    0.166508    0.036353    0.063756    0.078967 ^ clkbuf_0_clk_i/X (sg13g2_buf_16)
                                                         clknet_0_clk_i (net)
                      0.037037    0.003937    0.082904 ^ clkbuf_3_7__f_clk_i/A (sg13g2_buf_16)
     4    0.015568    0.013539    0.049796    0.132700 ^ clkbuf_3_7__f_clk_i/X (sg13g2_buf_16)
                                                         clknet_3_7__leaf_clk_i (net)
                      0.013539    0.000352    0.133051 ^ _196_/CLK (sg13g2_dfrbpq_1)
     3    0.014790    0.036832    0.126120    0.259171 v _196_/Q (sg13g2_dfrbpq_1)
                                                         spm_inst.genblk1[1].csa.y (net)
                      0.036861    0.000946    0.260117 v hold101/A (sg13g2_dlygate4sd3_1)
     1    0.006297    0.031904    0.265382    0.525499 v hold101/X (sg13g2_dlygate4sd3_1)
                                                         net101 (net)
                      0.031904    0.000262    0.525761 v _159_/B (sg13g2_xor2_1)
     1    0.006626    0.025206    0.050023    0.575784 v _159_/X (sg13g2_xor2_1)
                                                         _059_ (net)
                      0.025224    0.000507    0.576291 v _160_/B (sg13g2_xnor2_1)
     1    0.003054    0.022856    0.037619    0.613911 v _160_/Y (sg13g2_xnor2_1)
                                                         spm_inst.genblk1[1].csa.hsum2 (net)
                      0.022857    0.000211    0.614121 v _198_/D (sg13g2_dfrbpq_1)
                                              0.614121   data arrival time

                                  0.000000    0.000000   clock clk_i (rise edge)
                                  0.000000    0.000000   clock source latency
     1    0.025625    0.026735    0.015211    0.015211 ^ clk_i (in)
                                                         clk_i (net)
                      0.027112    0.000000    0.015211 ^ clkbuf_0_clk_i/A (sg13g2_buf_16)
     8    0.166508    0.036353    0.063756    0.078967 ^ clkbuf_0_clk_i/X (sg13g2_buf_16)
                                                         clknet_0_clk_i (net)
                      0.036982    0.003775    0.082742 ^ clkbuf_3_5__f_clk_i/A (sg13g2_buf_16)
     4    0.015390    0.013510    0.049757    0.132499 ^ clkbuf_3_5__f_clk_i/X (sg13g2_buf_16)
                                                         clknet_3_5__leaf_clk_i (net)
                      0.013510    0.000217    0.132715 ^ _198_/CLK (sg13g2_dfrbpq_1)
                                  0.250000    0.382715   clock uncertainty
                                  0.000000    0.382715   clock reconvergence pessimism
                                 -0.023799    0.358916   library hold time
                                              0.358916   data required time
---------------------------------------------------------------------------------------------
                                              0.358916   data required time
                                             -0.614121   data arrival time
---------------------------------------------------------------------------------------------
                                              0.255206   slack (MET)


Startpoint: rst_ni (input port clocked by clk_i)
Endpoint: _190_ (removal check against rising-edge clock clk_i)
Path Group: asynchronous
Path Type: min

Fanout         Cap        Slew       Delay        Time   Description
---------------------------------------------------------------------------------------------
                                  0.000000    0.000000   clock clk_i (rise edge)
                                  0.000000    0.000000   clock network delay (propagated)
                                  2.000000    2.000000 ^ input external delay
     1    0.004747    0.014742    0.002695    2.002695 ^ rst_ni (in)
                                                         rst_ni (net)
                      0.014742    0.000000    2.002695 ^ input1/A (sg13g2_buf_1)
     1    0.002933    0.014600    0.038162    2.040858 ^ input1/X (sg13g2_buf_1)
                                                         net1 (net)
                      0.014602    0.000114    2.040972 ^ fanout26/A (sg13g2_buf_1)
     4    0.023934    0.066866    0.076451    2.117423 ^ fanout26/X (sg13g2_buf_1)
                                                         net26 (net)
                      0.066935    0.001761    2.119184 ^ _190_/RESET_B (sg13g2_dfrbpq_1)
                                              2.119184   data arrival time

                                  0.000000    0.000000   clock clk_i (rise edge)
                                  0.000000    0.000000   clock source latency
     1    0.025625    0.026735    0.015211    0.015211 ^ clk_i (in)
                                                         clk_i (net)
                      0.027112    0.000000    0.015211 ^ clkbuf_0_clk_i/A (sg13g2_buf_16)
     8    0.166508    0.036353    0.063756    0.078967 ^ clkbuf_0_clk_i/X (sg13g2_buf_16)
                                                         clknet_0_clk_i (net)
                      0.036929    0.003615    0.082582 ^ clkbuf_3_3__f_clk_i/A (sg13g2_buf_16)
     4    0.017763    0.013876    0.049922    0.132504 ^ clkbuf_3_3__f_clk_i/X (sg13g2_buf_16)
                                                         clknet_3_3__leaf_clk_i (net)
                      0.013926    0.001503    0.134006 ^ _190_/CLK (sg13g2_dfrbpq_1)
                                  0.250000    0.384006   clock uncertainty
                                  0.000000    0.384006   clock reconvergence pessimism
                                 -0.077473    0.306533   library removal time
                                              0.306533   data required time
---------------------------------------------------------------------------------------------
                                              0.306533   data required time
                                             -2.119184   data arrival time
---------------------------------------------------------------------------------------------
                                              1.812651   slack (MET)


Startpoint: rst_ni (input port clocked by clk_i)
Endpoint: _181_ (removal check against rising-edge clock clk_i)
Path Group: asynchronous
Path Type: min

Fanout         Cap        Slew       Delay        Time   Description
---------------------------------------------------------------------------------------------
                                  0.000000    0.000000   clock clk_i (rise edge)
                                  0.000000    0.000000   clock network delay (propagated)
                                  2.000000    2.000000 ^ input external delay
     1    0.004747    0.014742    0.002695    2.002695 ^ rst_ni (in)
                                                         rst_ni (net)
                      0.014742    0.000000    2.002695 ^ input1/A (sg13g2_buf_1)
     1    0.002933    0.014600    0.038162    2.040858 ^ input1/X (sg13g2_buf_1)
                                                         net1 (net)
                      0.014602    0.000114    2.040972 ^ fanout26/A (sg13g2_buf_1)
     4    0.023934    0.066866    0.076451    2.117423 ^ fanout26/X (sg13g2_buf_1)
                                                         net26 (net)
                      0.067018    0.002576    2.120000 ^ fanout24/A (sg13g2_buf_1)
     8    0.052549    0.141028    0.142715    2.262715 ^ fanout24/X (sg13g2_buf_1)
                                                         net24 (net)
                      0.141156    0.003516    2.266231 ^ _181_/RESET_B (sg13g2_dfrbpq_1)
                                              2.266231   data arrival time

                                  0.000000    0.000000   clock clk_i (rise edge)
                                  0.000000    0.000000   clock source latency
     1    0.025625    0.026735    0.015211    0.015211 ^ clk_i (in)
                                                         clk_i (net)
                      0.027112    0.000000    0.015211 ^ clkbuf_0_clk_i/A (sg13g2_buf_16)
     8    0.166508    0.036353    0.063756    0.078967 ^ clkbuf_0_clk_i/X (sg13g2_buf_16)
                                                         clknet_0_clk_i (net)
                      0.036887    0.003484    0.082451 ^ clkbuf_3_4__f_clk_i/A (sg13g2_buf_16)
     4    0.015492    0.013520    0.049728    0.132179 ^ clkbuf_3_4__f_clk_i/X (sg13g2_buf_16)
                                                         clknet_3_4__leaf_clk_i (net)
                      0.013520    0.000321    0.132500 ^ _181_/CLK (sg13g2_dfrbpq_1)
                                  0.250000    0.382500   clock uncertainty
                                  0.000000    0.382500   clock reconvergence pessimism
                                 -0.094439    0.288061   library removal time
                                              0.288061   data required time
---------------------------------------------------------------------------------------------
                                              0.288061   data required time
                                             -2.266231   data arrival time
---------------------------------------------------------------------------------------------
                                              1.978169   slack (MET)


Startpoint: rst_ni (input port clocked by clk_i)
Endpoint: _182_ (removal check against rising-edge clock clk_i)
Path Group: asynchronous
Path Type: min

Fanout         Cap        Slew       Delay        Time   Description
---------------------------------------------------------------------------------------------
                                  0.000000    0.000000   clock clk_i (rise edge)
                                  0.000000    0.000000   clock network delay (propagated)
                                  2.000000    2.000000 ^ input external delay
     1    0.004747    0.014742    0.002695    2.002695 ^ rst_ni (in)
                                                         rst_ni (net)
                      0.014742    0.000000    2.002695 ^ input1/A (sg13g2_buf_1)
     1    0.002933    0.014600    0.038162    2.040858 ^ input1/X (sg13g2_buf_1)
                                                         net1 (net)
                      0.014602    0.000114    2.040972 ^ fanout26/A (sg13g2_buf_1)
     4    0.023934    0.066866    0.076451    2.117423 ^ fanout26/X (sg13g2_buf_1)
                                                         net26 (net)
                      0.067018    0.002576    2.120000 ^ fanout24/A (sg13g2_buf_1)
     8    0.052549    0.141028    0.142715    2.262715 ^ fanout24/X (sg13g2_buf_1)
                                                         net24 (net)
                      0.141144    0.003357    2.266072 ^ _182_/RESET_B (sg13g2_dfrbpq_1)
                                              2.266072   data arrival time

                                  0.000000    0.000000   clock clk_i (rise edge)
                                  0.000000    0.000000   clock source latency
     1    0.025625    0.026735    0.015211    0.015211 ^ clk_i (in)
                                                         clk_i (net)
                      0.027112    0.000000    0.015211 ^ clkbuf_0_clk_i/A (sg13g2_buf_16)
     8    0.166508    0.036353    0.063756    0.078967 ^ clkbuf_0_clk_i/X (sg13g2_buf_16)
                                                         clknet_0_clk_i (net)
                      0.036887    0.003484    0.082451 ^ clkbuf_3_4__f_clk_i/A (sg13g2_buf_16)
     4    0.015492    0.013520    0.049728    0.132179 ^ clkbuf_3_4__f_clk_i/X (sg13g2_buf_16)
                                                         clknet_3_4__leaf_clk_i (net)
                      0.013520    0.000144    0.132324 ^ _182_/CLK (sg13g2_dfrbpq_1)
                                  0.250000    0.382324   clock uncertainty
                                  0.000000    0.382324   clock reconvergence pessimism
                                 -0.094436    0.287888   library removal time
                                              0.287888   data required time
---------------------------------------------------------------------------------------------
                                              0.287888   data required time
                                             -2.266072   data arrival time
---------------------------------------------------------------------------------------------
                                              1.978184   slack (MET)


Startpoint: rst_ni (input port clocked by clk_i)
Endpoint: _180_ (removal check against rising-edge clock clk_i)
Path Group: asynchronous
Path Type: min

Fanout         Cap        Slew       Delay        Time   Description
---------------------------------------------------------------------------------------------
                                  0.000000    0.000000   clock clk_i (rise edge)
                                  0.000000    0.000000   clock network delay (propagated)
                                  2.000000    2.000000 ^ input external delay
     1    0.004747    0.014742    0.002695    2.002695 ^ rst_ni (in)
                                                         rst_ni (net)
                      0.014742    0.000000    2.002695 ^ input1/A (sg13g2_buf_1)
     1    0.002933    0.014600    0.038162    2.040858 ^ input1/X (sg13g2_buf_1)
                                                         net1 (net)
                      0.014602    0.000114    2.040972 ^ fanout26/A (sg13g2_buf_1)
     4    0.023934    0.066866    0.076451    2.117423 ^ fanout26/X (sg13g2_buf_1)
                                                         net26 (net)
                      0.067018    0.002576    2.120000 ^ fanout24/A (sg13g2_buf_1)
     8    0.052549    0.141028    0.142715    2.262715 ^ fanout24/X (sg13g2_buf_1)
                                                         net24 (net)
                      0.141161    0.003584    2.266299 ^ _180_/RESET_B (sg13g2_dfrbpq_1)
                                              2.266299   data arrival time

                                  0.000000    0.000000   clock clk_i (rise edge)
                                  0.000000    0.000000   clock source latency
     1    0.025625    0.026735    0.015211    0.015211 ^ clk_i (in)
                                                         clk_i (net)
                      0.027112    0.000000    0.015211 ^ clkbuf_0_clk_i/A (sg13g2_buf_16)
     8    0.166508    0.036353    0.063756    0.078967 ^ clkbuf_0_clk_i/X (sg13g2_buf_16)
                                                         clknet_0_clk_i (net)
                      0.036887    0.003484    0.082451 ^ clkbuf_3_4__f_clk_i/A (sg13g2_buf_16)
     4    0.015492    0.013520    0.049728    0.132179 ^ clkbuf_3_4__f_clk_i/X (sg13g2_buf_16)
                                                         clknet_3_4__leaf_clk_i (net)
                      0.013520    0.000340    0.132520 ^ _180_/CLK (sg13g2_dfrbpq_1)
                                  0.250000    0.382520   clock uncertainty
                                  0.000000    0.382520   clock reconvergence pessimism
                                 -0.094440    0.288080   library removal time
                                              0.288080   data required time
---------------------------------------------------------------------------------------------
                                              0.288080   data required time
                                             -2.266299   data arrival time
---------------------------------------------------------------------------------------------
                                              1.978219   slack (MET)


Startpoint: rst_ni (input port clocked by clk_i)
Endpoint: _179_ (removal check against rising-edge clock clk_i)
Path Group: asynchronous
Path Type: min

Fanout         Cap        Slew       Delay        Time   Description
---------------------------------------------------------------------------------------------
                                  0.000000    0.000000   clock clk_i (rise edge)
                                  0.000000    0.000000   clock network delay (propagated)
                                  2.000000    2.000000 ^ input external delay
     1    0.004747    0.014742    0.002695    2.002695 ^ rst_ni (in)
                                                         rst_ni (net)
                      0.014742    0.000000    2.002695 ^ input1/A (sg13g2_buf_1)
     1    0.002933    0.014600    0.038162    2.040858 ^ input1/X (sg13g2_buf_1)
                                                         net1 (net)
                      0.014602    0.000114    2.040972 ^ fanout26/A (sg13g2_buf_1)
     4    0.023934    0.066866    0.076451    2.117423 ^ fanout26/X (sg13g2_buf_1)
                                                         net26 (net)
                      0.067018    0.002576    2.120000 ^ fanout24/A (sg13g2_buf_1)
     8    0.052549    0.141028    0.142715    2.262715 ^ fanout24/X (sg13g2_buf_1)
                                                         net24 (net)
                      0.141178    0.003801    2.266516 ^ _179_/RESET_B (sg13g2_dfrbpq_1)
                                              2.266516   data arrival time

                                  0.000000    0.000000   clock clk_i (rise edge)
                                  0.000000    0.000000   clock source latency
     1    0.025625    0.026735    0.015211    0.015211 ^ clk_i (in)
                                                         clk_i (net)
                      0.027112    0.000000    0.015211 ^ clkbuf_0_clk_i/A (sg13g2_buf_16)
     8    0.166508    0.036353    0.063756    0.078967 ^ clkbuf_0_clk_i/X (sg13g2_buf_16)
                                                         clknet_0_clk_i (net)
                      0.036887    0.003484    0.082451 ^ clkbuf_3_4__f_clk_i/A (sg13g2_buf_16)
     4    0.015492    0.013520    0.049728    0.132179 ^ clkbuf_3_4__f_clk_i/X (sg13g2_buf_16)
                                                         clknet_3_4__leaf_clk_i (net)
                      0.013520    0.000386    0.132565 ^ _179_/CLK (sg13g2_dfrbpq_1)
                                  0.250000    0.382565   clock uncertainty
                                  0.000000    0.382565   clock reconvergence pessimism
                                 -0.094444    0.288122   library removal time
                                              0.288122   data required time
---------------------------------------------------------------------------------------------
                                              0.288122   data required time
                                             -2.266516   data arrival time
---------------------------------------------------------------------------------------------
                                              1.978394   slack (MET)


Startpoint: rst_ni (input port clocked by clk_i)
Endpoint: _202_ (removal check against rising-edge clock clk_i)
Path Group: asynchronous
Path Type: min

Fanout         Cap        Slew       Delay        Time   Description
---------------------------------------------------------------------------------------------
                                  0.000000    0.000000   clock clk_i (rise edge)
                                  0.000000    0.000000   clock network delay (propagated)
                                  2.000000    2.000000 ^ input external delay
     1    0.004747    0.014742    0.002695    2.002695 ^ rst_ni (in)
                                                         rst_ni (net)
                      0.014742    0.000000    2.002695 ^ input1/A (sg13g2_buf_1)
     1    0.002933    0.014600    0.038162    2.040858 ^ input1/X (sg13g2_buf_1)
                                                         net1 (net)
                      0.014602    0.000114    2.040972 ^ fanout26/A (sg13g2_buf_1)
     4    0.023934    0.066866    0.076451    2.117423 ^ fanout26/X (sg13g2_buf_1)
                                                         net26 (net)
                      0.067018    0.002576    2.120000 ^ fanout24/A (sg13g2_buf_1)
     8    0.052549    0.141028    0.142715    2.262715 ^ fanout24/X (sg13g2_buf_1)
                                                         net24 (net)
                      0.141300    0.005080    2.267795 ^ _202_/RESET_B (sg13g2_dfrbpq_1)
                                              2.267795   data arrival time

                                  0.000000    0.000000   clock clk_i (rise edge)
                                  0.000000    0.000000   clock source latency
     1    0.025625    0.026735    0.015211    0.015211 ^ clk_i (in)
                                                         clk_i (net)
                      0.027112    0.000000    0.015211 ^ clkbuf_0_clk_i/A (sg13g2_buf_16)
     8    0.166508    0.036353    0.063756    0.078967 ^ clkbuf_0_clk_i/X (sg13g2_buf_16)
                                                         clknet_0_clk_i (net)
                      0.036982    0.003775    0.082742 ^ clkbuf_3_5__f_clk_i/A (sg13g2_buf_16)
     4    0.015390    0.013510    0.049757    0.132499 ^ clkbuf_3_5__f_clk_i/X (sg13g2_buf_16)
                                                         clknet_3_5__leaf_clk_i (net)
                      0.013510    0.000274    0.132772 ^ _202_/CLK (sg13g2_dfrbpq_1)
                                  0.250000    0.382772   clock uncertainty
                                  0.000000    0.382772   clock reconvergence pessimism
                                 -0.094473    0.288300   library removal time
                                              0.288300   data required time
---------------------------------------------------------------------------------------------
                                              0.288300   data required time
                                             -2.267795   data arrival time
---------------------------------------------------------------------------------------------
                                              1.979496   slack (MET)


Startpoint: rst_ni (input port clocked by clk_i)
Endpoint: _201_ (removal check against rising-edge clock clk_i)
Path Group: asynchronous
Path Type: min

Fanout         Cap        Slew       Delay        Time   Description
---------------------------------------------------------------------------------------------
                                  0.000000    0.000000   clock clk_i (rise edge)
                                  0.000000    0.000000   clock network delay (propagated)
                                  2.000000    2.000000 ^ input external delay
     1    0.004747    0.014742    0.002695    2.002695 ^ rst_ni (in)
                                                         rst_ni (net)
                      0.014742    0.000000    2.002695 ^ input1/A (sg13g2_buf_1)
     1    0.002933    0.014600    0.038162    2.040858 ^ input1/X (sg13g2_buf_1)
                                                         net1 (net)
                      0.014602    0.000114    2.040972 ^ fanout26/A (sg13g2_buf_1)
     4    0.023934    0.066866    0.076451    2.117423 ^ fanout26/X (sg13g2_buf_1)
                                                         net26 (net)
                      0.067018    0.002576    2.120000 ^ fanout24/A (sg13g2_buf_1)
     8    0.052549    0.141028    0.142715    2.262715 ^ fanout24/X (sg13g2_buf_1)
                                                         net24 (net)
                      0.141303    0.005104    2.267819 ^ _201_/RESET_B (sg13g2_dfrbpq_1)
                                              2.267819   data arrival time

                                  0.000000    0.000000   clock clk_i (rise edge)
                                  0.000000    0.000000   clock source latency
     1    0.025625    0.026735    0.015211    0.015211 ^ clk_i (in)
                                                         clk_i (net)
                      0.027112    0.000000    0.015211 ^ clkbuf_0_clk_i/A (sg13g2_buf_16)
     8    0.166508    0.036353    0.063756    0.078967 ^ clkbuf_0_clk_i/X (sg13g2_buf_16)
                                                         clknet_0_clk_i (net)
                      0.036982    0.003775    0.082742 ^ clkbuf_3_5__f_clk_i/A (sg13g2_buf_16)
     4    0.015390    0.013510    0.049757    0.132499 ^ clkbuf_3_5__f_clk_i/X (sg13g2_buf_16)
                                                         clknet_3_5__leaf_clk_i (net)
                      0.013510    0.000249    0.132748 ^ _201_/CLK (sg13g2_dfrbpq_1)
                                  0.250000    0.382748   clock uncertainty
                                  0.000000    0.382748   clock reconvergence pessimism
                                 -0.094473    0.288275   library removal time
                                              0.288275   data required time
---------------------------------------------------------------------------------------------
                                              0.288275   data required time
                                             -2.267819   data arrival time
---------------------------------------------------------------------------------------------
                                              1.979544   slack (MET)


Startpoint: rst_ni (input port clocked by clk_i)
Endpoint: _198_ (removal check against rising-edge clock clk_i)
Path Group: asynchronous
Path Type: min

Fanout         Cap        Slew       Delay        Time   Description
---------------------------------------------------------------------------------------------
                                  0.000000    0.000000   clock clk_i (rise edge)
                                  0.000000    0.000000   clock network delay (propagated)
                                  2.000000    2.000000 ^ input external delay
     1    0.004747    0.014742    0.002695    2.002695 ^ rst_ni (in)
                                                         rst_ni (net)
                      0.014742    0.000000    2.002695 ^ input1/A (sg13g2_buf_1)
     1    0.002933    0.014600    0.038162    2.040858 ^ input1/X (sg13g2_buf_1)
                                                         net1 (net)
                      0.014602    0.000114    2.040972 ^ fanout26/A (sg13g2_buf_1)
     4    0.023934    0.066866    0.076451    2.117423 ^ fanout26/X (sg13g2_buf_1)
                                                         net26 (net)
                      0.067018    0.002576    2.120000 ^ fanout24/A (sg13g2_buf_1)
     8    0.052549    0.141028    0.142715    2.262715 ^ fanout24/X (sg13g2_buf_1)
                                                         net24 (net)
                      0.141311    0.005182    2.267897 ^ _198_/RESET_B (sg13g2_dfrbpq_1)
                                              2.267897   data arrival time

                                  0.000000    0.000000   clock clk_i (rise edge)
                                  0.000000    0.000000   clock source latency
     1    0.025625    0.026735    0.015211    0.015211 ^ clk_i (in)
                                                         clk_i (net)
                      0.027112    0.000000    0.015211 ^ clkbuf_0_clk_i/A (sg13g2_buf_16)
     8    0.166508    0.036353    0.063756    0.078967 ^ clkbuf_0_clk_i/X (sg13g2_buf_16)
                                                         clknet_0_clk_i (net)
                      0.036982    0.003775    0.082742 ^ clkbuf_3_5__f_clk_i/A (sg13g2_buf_16)
     4    0.015390    0.013510    0.049757    0.132499 ^ clkbuf_3_5__f_clk_i/X (sg13g2_buf_16)
                                                         clknet_3_5__leaf_clk_i (net)
                      0.013510    0.000217    0.132715 ^ _198_/CLK (sg13g2_dfrbpq_1)
                                  0.250000    0.382715   clock uncertainty
                                  0.000000    0.382715   clock reconvergence pessimism
                                 -0.094475    0.288240   library removal time
                                              0.288240   data required time
---------------------------------------------------------------------------------------------
                                              0.288240   data required time
                                             -2.267897   data arrival time
---------------------------------------------------------------------------------------------
                                              1.979657   slack (MET)


Startpoint: rst_ni (input port clocked by clk_i)
Endpoint: _197_ (removal check against rising-edge clock clk_i)
Path Group: asynchronous
Path Type: min

Fanout         Cap        Slew       Delay        Time   Description
---------------------------------------------------------------------------------------------
                                  0.000000    0.000000   clock clk_i (rise edge)
                                  0.000000    0.000000   clock network delay (propagated)
                                  2.000000    2.000000 ^ input external delay
     1    0.004747    0.014742    0.002695    2.002695 ^ rst_ni (in)
                                                         rst_ni (net)
                      0.014742    0.000000    2.002695 ^ input1/A (sg13g2_buf_1)
     1    0.002933    0.014600    0.038162    2.040858 ^ input1/X (sg13g2_buf_1)
                                                         net1 (net)
                      0.014602    0.000114    2.040972 ^ fanout26/A (sg13g2_buf_1)
     4    0.023934    0.066866    0.076451    2.117423 ^ fanout26/X (sg13g2_buf_1)
                                                         net26 (net)
                      0.067018    0.002576    2.120000 ^ fanout24/A (sg13g2_buf_1)
     8    0.052549    0.141028    0.142715    2.262715 ^ fanout24/X (sg13g2_buf_1)
                                                         net24 (net)
                      0.141313    0.005197    2.267912 ^ _197_/RESET_B (sg13g2_dfrbpq_1)
                                              2.267912   data arrival time

                                  0.000000    0.000000   clock clk_i (rise edge)
                                  0.000000    0.000000   clock source latency
     1    0.025625    0.026735    0.015211    0.015211 ^ clk_i (in)
                                                         clk_i (net)
                      0.027112    0.000000    0.015211 ^ clkbuf_0_clk_i/A (sg13g2_buf_16)
     8    0.166508    0.036353    0.063756    0.078967 ^ clkbuf_0_clk_i/X (sg13g2_buf_16)
                                                         clknet_0_clk_i (net)
                      0.036982    0.003775    0.082742 ^ clkbuf_3_5__f_clk_i/A (sg13g2_buf_16)
     4    0.015390    0.013510    0.049757    0.132499 ^ clkbuf_3_5__f_clk_i/X (sg13g2_buf_16)
                                                         clknet_3_5__leaf_clk_i (net)
                      0.013510    0.000224    0.132722 ^ _197_/CLK (sg13g2_dfrbpq_1)
                                  0.250000    0.382722   clock uncertainty
                                  0.000000    0.382722   clock reconvergence pessimism
                                 -0.094476    0.288247   library removal time
                                              0.288247   data required time
---------------------------------------------------------------------------------------------
                                              0.288247   data required time
                                             -2.267912   data arrival time
---------------------------------------------------------------------------------------------
                                              1.979665   slack (MET)


Startpoint: rst_ni (input port clocked by clk_i)
Endpoint: _192_ (removal check against rising-edge clock clk_i)
Path Group: asynchronous
Path Type: min

Fanout         Cap        Slew       Delay        Time   Description
---------------------------------------------------------------------------------------------
                                  0.000000    0.000000   clock clk_i (rise edge)
                                  0.000000    0.000000   clock network delay (propagated)
                                  2.000000    2.000000 ^ input external delay
     1    0.004747    0.014742    0.002695    2.002695 ^ rst_ni (in)
                                                         rst_ni (net)
                      0.014742    0.000000    2.002695 ^ input1/A (sg13g2_buf_1)
     1    0.002933    0.014600    0.038162    2.040858 ^ input1/X (sg13g2_buf_1)
                                                         net1 (net)
                      0.014602    0.000114    2.040972 ^ fanout26/A (sg13g2_buf_1)
     4    0.023934    0.066866    0.076451    2.117423 ^ fanout26/X (sg13g2_buf_1)
                                                         net26 (net)
                      0.066976    0.002200    2.119623 ^ fanout25/A (sg13g2_buf_1)
     8    0.055207    0.147752    0.148132    2.267756 ^ fanout25/X (sg13g2_buf_1)
                                                         net25 (net)
                      0.147858    0.003267    2.271023 ^ _192_/RESET_B (sg13g2_dfrbpq_1)
                                              2.271023   data arrival time

                                  0.000000    0.000000   clock clk_i (rise edge)
                                  0.000000    0.000000   clock source latency
     1    0.025625    0.026735    0.015211    0.015211 ^ clk_i (in)
                                                         clk_i (net)
                      0.027112    0.000000    0.015211 ^ clkbuf_0_clk_i/A (sg13g2_buf_16)
     8    0.166508    0.036353    0.063756    0.078967 ^ clkbuf_0_clk_i/X (sg13g2_buf_16)
                                                         clknet_0_clk_i (net)
                      0.036970    0.003739    0.082706 ^ clkbuf_3_6__f_clk_i/A (sg13g2_buf_16)
     4    0.016617    0.013692    0.049877    0.132583 ^ clkbuf_3_6__f_clk_i/X (sg13g2_buf_16)
                                                         clknet_3_6__leaf_clk_i (net)
                      0.013699    0.000709    0.133292 ^ _192_/CLK (sg13g2_dfrbpq_1)
                                  0.250000    0.383292   clock uncertainty
                                  0.000000    0.383292   clock reconvergence pessimism
                                 -0.095950    0.287342   library removal time
                                              0.287342   data required time
---------------------------------------------------------------------------------------------
                                              0.287342   data required time
                                             -2.271023   data arrival time
---------------------------------------------------------------------------------------------
                                              1.983681   slack (MET)


Startpoint: rst_ni (input port clocked by clk_i)
Endpoint: _191_ (removal check against rising-edge clock clk_i)
Path Group: asynchronous
Path Type: min

Fanout         Cap        Slew       Delay        Time   Description
---------------------------------------------------------------------------------------------
                                  0.000000    0.000000   clock clk_i (rise edge)
                                  0.000000    0.000000   clock network delay (propagated)
                                  2.000000    2.000000 ^ input external delay
     1    0.004747    0.014742    0.002695    2.002695 ^ rst_ni (in)
                                                         rst_ni (net)
                      0.014742    0.000000    2.002695 ^ input1/A (sg13g2_buf_1)
     1    0.002933    0.014600    0.038162    2.040858 ^ input1/X (sg13g2_buf_1)
                                                         net1 (net)
                      0.014602    0.000114    2.040972 ^ fanout26/A (sg13g2_buf_1)
     4    0.023934    0.066866    0.076451    2.117423 ^ fanout26/X (sg13g2_buf_1)
                                                         net26 (net)
                      0.066976    0.002200    2.119623 ^ fanout25/A (sg13g2_buf_1)
     8    0.055207    0.147752    0.148132    2.267756 ^ fanout25/X (sg13g2_buf_1)
                                                         net25 (net)
                      0.147861    0.003321    2.271076 ^ _191_/RESET_B (sg13g2_dfrbpq_1)
                                              2.271076   data arrival time

                                  0.000000    0.000000   clock clk_i (rise edge)
                                  0.000000    0.000000   clock source latency
     1    0.025625    0.026735    0.015211    0.015211 ^ clk_i (in)
                                                         clk_i (net)
                      0.027112    0.000000    0.015211 ^ clkbuf_0_clk_i/A (sg13g2_buf_16)
     8    0.166508    0.036353    0.063756    0.078967 ^ clkbuf_0_clk_i/X (sg13g2_buf_16)
                                                         clknet_0_clk_i (net)
                      0.036970    0.003739    0.082706 ^ clkbuf_3_6__f_clk_i/A (sg13g2_buf_16)
     4    0.016617    0.013692    0.049877    0.132583 ^ clkbuf_3_6__f_clk_i/X (sg13g2_buf_16)
                                                         clknet_3_6__leaf_clk_i (net)
                      0.013698    0.000685    0.133267 ^ _191_/CLK (sg13g2_dfrbpq_1)
                                  0.250000    0.383267   clock uncertainty
                                  0.000000    0.383267   clock reconvergence pessimism
                                 -0.095951    0.287317   library removal time
                                              0.287317   data required time
---------------------------------------------------------------------------------------------
                                              0.287317   data required time
                                             -2.271076   data arrival time
---------------------------------------------------------------------------------------------
                                              1.983760   slack (MET)


Startpoint: rst_ni (input port clocked by clk_i)
Endpoint: _193_ (removal check against rising-edge clock clk_i)
Path Group: asynchronous
Path Type: min

Fanout         Cap        Slew       Delay        Time   Description
---------------------------------------------------------------------------------------------
                                  0.000000    0.000000   clock clk_i (rise edge)
                                  0.000000    0.000000   clock network delay (propagated)
                                  2.000000    2.000000 ^ input external delay
     1    0.004747    0.014742    0.002695    2.002695 ^ rst_ni (in)
                                                         rst_ni (net)
                      0.014742    0.000000    2.002695 ^ input1/A (sg13g2_buf_1)
     1    0.002933    0.014600    0.038162    2.040858 ^ input1/X (sg13g2_buf_1)
                                                         net1 (net)
                      0.014602    0.000114    2.040972 ^ fanout26/A (sg13g2_buf_1)
     4    0.023934    0.066866    0.076451    2.117423 ^ fanout26/X (sg13g2_buf_1)
                                                         net26 (net)
                      0.066976    0.002200    2.119623 ^ fanout25/A (sg13g2_buf_1)
     8    0.055207    0.147752    0.148132    2.267756 ^ fanout25/X (sg13g2_buf_1)
                                                         net25 (net)
                      0.147841    0.002996    2.270752 ^ _193_/RESET_B (sg13g2_dfrbpq_1)
                                              2.270752   data arrival time

                                  0.000000    0.000000   clock clk_i (rise edge)
                                  0.000000    0.000000   clock source latency
     1    0.025625    0.026735    0.015211    0.015211 ^ clk_i (in)
                                                         clk_i (net)
                      0.027112    0.000000    0.015211 ^ clkbuf_0_clk_i/A (sg13g2_buf_16)
     8    0.166508    0.036353    0.063756    0.078967 ^ clkbuf_0_clk_i/X (sg13g2_buf_16)
                                                         clknet_0_clk_i (net)
                      0.037037    0.003937    0.082904 ^ clkbuf_3_7__f_clk_i/A (sg13g2_buf_16)
     4    0.015568    0.013539    0.049796    0.132700 ^ clkbuf_3_7__f_clk_i/X (sg13g2_buf_16)
                                                         clknet_3_7__leaf_clk_i (net)
                      0.013539    0.000158    0.132857 ^ _193_/CLK (sg13g2_dfrbpq_1)
                                  0.250000    0.382857   clock uncertainty
                                  0.000000    0.382857   clock reconvergence pessimism
                                 -0.095961    0.286896   library removal time
                                              0.286896   data required time
---------------------------------------------------------------------------------------------
                                              0.286896   data required time
                                             -2.270752   data arrival time
---------------------------------------------------------------------------------------------
                                              1.983856   slack (MET)


Startpoint: rst_ni (input port clocked by clk_i)
Endpoint: _194_ (removal check against rising-edge clock clk_i)
Path Group: asynchronous
Path Type: min

Fanout         Cap        Slew       Delay        Time   Description
---------------------------------------------------------------------------------------------
                                  0.000000    0.000000   clock clk_i (rise edge)
                                  0.000000    0.000000   clock network delay (propagated)
                                  2.000000    2.000000 ^ input external delay
     1    0.004747    0.014742    0.002695    2.002695 ^ rst_ni (in)
                                                         rst_ni (net)
                      0.014742    0.000000    2.002695 ^ input1/A (sg13g2_buf_1)
     1    0.002933    0.014600    0.038162    2.040858 ^ input1/X (sg13g2_buf_1)
                                                         net1 (net)
                      0.014602    0.000114    2.040972 ^ fanout26/A (sg13g2_buf_1)
     4    0.023934    0.066866    0.076451    2.117423 ^ fanout26/X (sg13g2_buf_1)
                                                         net26 (net)
                      0.066976    0.002200    2.119623 ^ fanout25/A (sg13g2_buf_1)
     8    0.055207    0.147752    0.148132    2.267756 ^ fanout25/X (sg13g2_buf_1)
                                                         net25 (net)
                      0.147862    0.003331    2.271086 ^ _194_/RESET_B (sg13g2_dfrbpq_1)
                                              2.271086   data arrival time

                                  0.000000    0.000000   clock clk_i (rise edge)
                                  0.000000    0.000000   clock source latency
     1    0.025625    0.026735    0.015211    0.015211 ^ clk_i (in)
                                                         clk_i (net)
                      0.027112    0.000000    0.015211 ^ clkbuf_0_clk_i/A (sg13g2_buf_16)
     8    0.166508    0.036353    0.063756    0.078967 ^ clkbuf_0_clk_i/X (sg13g2_buf_16)
                                                         clknet_0_clk_i (net)
                      0.037037    0.003937    0.082904 ^ clkbuf_3_7__f_clk_i/A (sg13g2_buf_16)
     4    0.015568    0.013539    0.049796    0.132700 ^ clkbuf_3_7__f_clk_i/X (sg13g2_buf_16)
                                                         clknet_3_7__leaf_clk_i (net)
                      0.013539    0.000309    0.133009 ^ _194_/CLK (sg13g2_dfrbpq_1)
                                  0.250000    0.383009   clock uncertainty
                                  0.000000    0.383009   clock reconvergence pessimism
                                 -0.095966    0.287043   library removal time
                                              0.287043   data required time
---------------------------------------------------------------------------------------------
                                              0.287043   data required time
                                             -2.271086   data arrival time
---------------------------------------------------------------------------------------------
                                              1.984044   slack (MET)


Startpoint: rst_ni (input port clocked by clk_i)
Endpoint: _195_ (removal check against rising-edge clock clk_i)
Path Group: asynchronous
Path Type: min

Fanout         Cap        Slew       Delay        Time   Description
---------------------------------------------------------------------------------------------
                                  0.000000    0.000000   clock clk_i (rise edge)
                                  0.000000    0.000000   clock network delay (propagated)
                                  2.000000    2.000000 ^ input external delay
     1    0.004747    0.014742    0.002695    2.002695 ^ rst_ni (in)
                                                         rst_ni (net)
                      0.014742    0.000000    2.002695 ^ input1/A (sg13g2_buf_1)
     1    0.002933    0.014600    0.038162    2.040858 ^ input1/X (sg13g2_buf_1)
                                                         net1 (net)
                      0.014602    0.000114    2.040972 ^ fanout26/A (sg13g2_buf_1)
     4    0.023934    0.066866    0.076451    2.117423 ^ fanout26/X (sg13g2_buf_1)
                                                         net26 (net)
                      0.066976    0.002200    2.119623 ^ fanout25/A (sg13g2_buf_1)
     8    0.055207    0.147752    0.148132    2.267756 ^ fanout25/X (sg13g2_buf_1)
                                                         net25 (net)
                      0.147864    0.003356    2.271112 ^ _195_/RESET_B (sg13g2_dfrbpq_1)
                                              2.271112   data arrival time

                                  0.000000    0.000000   clock clk_i (rise edge)
                                  0.000000    0.000000   clock source latency
     1    0.025625    0.026735    0.015211    0.015211 ^ clk_i (in)
                                                         clk_i (net)
                      0.027112    0.000000    0.015211 ^ clkbuf_0_clk_i/A (sg13g2_buf_16)
     8    0.166508    0.036353    0.063756    0.078967 ^ clkbuf_0_clk_i/X (sg13g2_buf_16)
                                                         clknet_0_clk_i (net)
                      0.037037    0.003937    0.082904 ^ clkbuf_3_7__f_clk_i/A (sg13g2_buf_16)
     4    0.015568    0.013539    0.049796    0.132700 ^ clkbuf_3_7__f_clk_i/X (sg13g2_buf_16)
                                                         clknet_3_7__leaf_clk_i (net)
                      0.013539    0.000329    0.133028 ^ _195_/CLK (sg13g2_dfrbpq_1)
                                  0.250000    0.383028   clock uncertainty
                                  0.000000    0.383028   clock reconvergence pessimism
                                 -0.095967    0.287061   library removal time
                                              0.287061   data required time
---------------------------------------------------------------------------------------------
                                              0.287061   data required time
                                             -2.271112   data arrival time
---------------------------------------------------------------------------------------------
                                              1.984050   slack (MET)


Startpoint: rst_ni (input port clocked by clk_i)
Endpoint: _196_ (removal check against rising-edge clock clk_i)
Path Group: asynchronous
Path Type: min

Fanout         Cap        Slew       Delay        Time   Description
---------------------------------------------------------------------------------------------
                                  0.000000    0.000000   clock clk_i (rise edge)
                                  0.000000    0.000000   clock network delay (propagated)
                                  2.000000    2.000000 ^ input external delay
     1    0.004747    0.014742    0.002695    2.002695 ^ rst_ni (in)
                                                         rst_ni (net)
                      0.014742    0.000000    2.002695 ^ input1/A (sg13g2_buf_1)
     1    0.002933    0.014600    0.038162    2.040858 ^ input1/X (sg13g2_buf_1)
                                                         net1 (net)
                      0.014602    0.000114    2.040972 ^ fanout26/A (sg13g2_buf_1)
     4    0.023934    0.066866    0.076451    2.117423 ^ fanout26/X (sg13g2_buf_1)
                                                         net26 (net)
                      0.066976    0.002200    2.119623 ^ fanout25/A (sg13g2_buf_1)
     8    0.055207    0.147752    0.148132    2.267756 ^ fanout25/X (sg13g2_buf_1)
                                                         net25 (net)
                      0.147866    0.003388    2.271144 ^ _196_/RESET_B (sg13g2_dfrbpq_1)
                                              2.271144   data arrival time

                                  0.000000    0.000000   clock clk_i (rise edge)
                                  0.000000    0.000000   clock source latency
     1    0.025625    0.026735    0.015211    0.015211 ^ clk_i (in)
                                                         clk_i (net)
                      0.027112    0.000000    0.015211 ^ clkbuf_0_clk_i/A (sg13g2_buf_16)
     8    0.166508    0.036353    0.063756    0.078967 ^ clkbuf_0_clk_i/X (sg13g2_buf_16)
                                                         clknet_0_clk_i (net)
                      0.037037    0.003937    0.082904 ^ clkbuf_3_7__f_clk_i/A (sg13g2_buf_16)
     4    0.015568    0.013539    0.049796    0.132700 ^ clkbuf_3_7__f_clk_i/X (sg13g2_buf_16)
                                                         clknet_3_7__leaf_clk_i (net)
                      0.013539    0.000352    0.133051 ^ _196_/CLK (sg13g2_dfrbpq_1)
                                  0.250000    0.383051   clock uncertainty
                                  0.000000    0.383051   clock reconvergence pessimism
                                 -0.095967    0.287084   library removal time
                                              0.287084   data required time
---------------------------------------------------------------------------------------------
                                              0.287084   data required time
                                             -2.271144   data arrival time
---------------------------------------------------------------------------------------------
                                              1.984060   slack (MET)


Startpoint: rst_ni (input port clocked by clk_i)
Endpoint: _183_ (removal check against rising-edge clock clk_i)
Path Group: asynchronous
Path Type: min

Fanout         Cap        Slew       Delay        Time   Description
---------------------------------------------------------------------------------------------
                                  0.000000    0.000000   clock clk_i (rise edge)
                                  0.000000    0.000000   clock network delay (propagated)
                                  2.000000    2.000000 ^ input external delay
     1    0.004747    0.014742    0.002695    2.002695 ^ rst_ni (in)
                                                         rst_ni (net)
                      0.014742    0.000000    2.002695 ^ input1/A (sg13g2_buf_1)
     1    0.002933    0.014600    0.038162    2.040858 ^ input1/X (sg13g2_buf_1)
                                                         net1 (net)
                      0.014602    0.000114    2.040972 ^ fanout26/A (sg13g2_buf_1)
     4    0.023934    0.066866    0.076451    2.117423 ^ fanout26/X (sg13g2_buf_1)
                                                         net26 (net)
                      0.066976    0.002200    2.119623 ^ fanout25/A (sg13g2_buf_1)
     8    0.055207    0.147752    0.148132    2.267756 ^ fanout25/X (sg13g2_buf_1)
                                                         net25 (net)
                      0.147897    0.003819    2.271575 ^ _183_/RESET_B (sg13g2_dfrbpq_1)
                                              2.271575   data arrival time

                                  0.000000    0.000000   clock clk_i (rise edge)
                                  0.000000    0.000000   clock source latency
     1    0.025625    0.026735    0.015211    0.015211 ^ clk_i (in)
                                                         clk_i (net)
                      0.027112    0.000000    0.015211 ^ clkbuf_0_clk_i/A (sg13g2_buf_16)
     8    0.166508    0.036353    0.063756    0.078967 ^ clkbuf_0_clk_i/X (sg13g2_buf_16)
                                                         clknet_0_clk_i (net)
                      0.036970    0.003739    0.082706 ^ clkbuf_3_6__f_clk_i/A (sg13g2_buf_16)
     4    0.016617    0.013692    0.049877    0.132583 ^ clkbuf_3_6__f_clk_i/X (sg13g2_buf_16)
                                                         clknet_3_6__leaf_clk_i (net)
                      0.013693    0.000411    0.132994 ^ _183_/CLK (sg13g2_dfrbpq_1)
                                  0.250000    0.382994   clock uncertainty
                                  0.000000    0.382994   clock reconvergence pessimism
                                 -0.095960    0.287034   library removal time
                                              0.287034   data required time
---------------------------------------------------------------------------------------------
                                              0.287034   data required time
                                             -2.271575   data arrival time
---------------------------------------------------------------------------------------------
                                              1.984541   slack (MET)


Startpoint: rst_ni (input port clocked by clk_i)
Endpoint: _184_ (removal check against rising-edge clock clk_i)
Path Group: asynchronous
Path Type: min

Fanout         Cap        Slew       Delay        Time   Description
---------------------------------------------------------------------------------------------
                                  0.000000    0.000000   clock clk_i (rise edge)
                                  0.000000    0.000000   clock network delay (propagated)
                                  2.000000    2.000000 ^ input external delay
     1    0.004747    0.014742    0.002695    2.002695 ^ rst_ni (in)
                                                         rst_ni (net)
                      0.014742    0.000000    2.002695 ^ input1/A (sg13g2_buf_1)
     1    0.002933    0.014600    0.038162    2.040858 ^ input1/X (sg13g2_buf_1)
                                                         net1 (net)
                      0.014602    0.000114    2.040972 ^ fanout26/A (sg13g2_buf_1)
     4    0.023934    0.066866    0.076451    2.117423 ^ fanout26/X (sg13g2_buf_1)
                                                         net26 (net)
                      0.066976    0.002200    2.119623 ^ fanout25/A (sg13g2_buf_1)
     8    0.055207    0.147752    0.148132    2.267756 ^ fanout25/X (sg13g2_buf_1)
                                                         net25 (net)
                      0.147900    0.003853    2.271609 ^ _184_/RESET_B (sg13g2_dfrbpq_1)
                                              2.271609   data arrival time

                                  0.000000    0.000000   clock clk_i (rise edge)
                                  0.000000    0.000000   clock source latency
     1    0.025625    0.026735    0.015211    0.015211 ^ clk_i (in)
                                                         clk_i (net)
                      0.027112    0.000000    0.015211 ^ clkbuf_0_clk_i/A (sg13g2_buf_16)
     8    0.166508    0.036353    0.063756    0.078967 ^ clkbuf_0_clk_i/X (sg13g2_buf_16)
                                                         clknet_0_clk_i (net)
                      0.036970    0.003739    0.082706 ^ clkbuf_3_6__f_clk_i/A (sg13g2_buf_16)
     4    0.016617    0.013692    0.049877    0.132583 ^ clkbuf_3_6__f_clk_i/X (sg13g2_buf_16)
                                                         clknet_3_6__leaf_clk_i (net)
                      0.013693    0.000424    0.133006 ^ _184_/CLK (sg13g2_dfrbpq_1)
                                  0.250000    0.383006   clock uncertainty
                                  0.000000    0.383006   clock reconvergence pessimism
                                 -0.095960    0.287046   library removal time
                                              0.287046   data required time
---------------------------------------------------------------------------------------------
                                              0.287046   data required time
                                             -2.271609   data arrival time
---------------------------------------------------------------------------------------------
                                              1.984562   slack (MET)


Startpoint: rst_ni (input port clocked by clk_i)
Endpoint: _185_ (removal check against rising-edge clock clk_i)
Path Group: asynchronous
Path Type: min

Fanout         Cap        Slew       Delay        Time   Description
---------------------------------------------------------------------------------------------
                                  0.000000    0.000000   clock clk_i (rise edge)
                                  0.000000    0.000000   clock network delay (propagated)
                                  2.000000    2.000000 ^ input external delay
     1    0.004747    0.014742    0.002695    2.002695 ^ rst_ni (in)
                                                         rst_ni (net)
                      0.014742    0.000000    2.002695 ^ input1/A (sg13g2_buf_1)
     1    0.002933    0.014600    0.038162    2.040858 ^ input1/X (sg13g2_buf_1)
                                                         net1 (net)
                      0.014602    0.000114    2.040972 ^ fanout26/A (sg13g2_buf_1)
     4    0.023934    0.066866    0.076451    2.117423 ^ fanout26/X (sg13g2_buf_1)
                                                         net26 (net)
                      0.066891    0.001074    2.118497 ^ fanout23/A (sg13g2_buf_1)
     8    0.056095    0.150197    0.148736    2.267233 ^ fanout23/X (sg13g2_buf_1)
                                                         net23 (net)
                      0.150417    0.004731    2.271964 ^ _185_/RESET_B (sg13g2_dfrbpq_1)
                                              2.271964   data arrival time

                                  0.000000    0.000000   clock clk_i (rise edge)
                                  0.000000    0.000000   clock source latency
     1    0.025625    0.026735    0.015211    0.015211 ^ clk_i (in)
                                                         clk_i (net)
                      0.027112    0.000000    0.015211 ^ clkbuf_0_clk_i/A (sg13g2_buf_16)
     8    0.166508    0.036353    0.063756    0.078967 ^ clkbuf_0_clk_i/X (sg13g2_buf_16)
                                                         clknet_0_clk_i (net)
                      0.036897    0.003517    0.082484 ^ clkbuf_3_1__f_clk_i/A (sg13g2_buf_16)
     4    0.018603    0.013994    0.050047    0.132531 ^ clkbuf_3_1__f_clk_i/X (sg13g2_buf_16)
                                                         clknet_3_1__leaf_clk_i (net)
                      0.014020    0.001158    0.133689 ^ _185_/CLK (sg13g2_dfrbpq_1)
                                  0.250000    0.383689   clock uncertainty
                                  0.000000    0.383689   clock reconvergence pessimism
                                 -0.096503    0.287186   library removal time
                                              0.287186   data required time
---------------------------------------------------------------------------------------------
                                              0.287186   data required time
                                             -2.271964   data arrival time
---------------------------------------------------------------------------------------------
                                              1.984778   slack (MET)


Startpoint: rst_ni (input port clocked by clk_i)
Endpoint: _177_ (removal check against rising-edge clock clk_i)
Path Group: asynchronous
Path Type: min

Fanout         Cap        Slew       Delay        Time   Description
---------------------------------------------------------------------------------------------
                                  0.000000    0.000000   clock clk_i (rise edge)
                                  0.000000    0.000000   clock network delay (propagated)
                                  2.000000    2.000000 ^ input external delay
     1    0.004747    0.014742    0.002695    2.002695 ^ rst_ni (in)
                                                         rst_ni (net)
                      0.014742    0.000000    2.002695 ^ input1/A (sg13g2_buf_1)
     1    0.002933    0.014600    0.038162    2.040858 ^ input1/X (sg13g2_buf_1)
                                                         net1 (net)
                      0.014602    0.000114    2.040972 ^ fanout26/A (sg13g2_buf_1)
     4    0.023934    0.066866    0.076451    2.117423 ^ fanout26/X (sg13g2_buf_1)
                                                         net26 (net)
                      0.066891    0.001074    2.118497 ^ fanout23/A (sg13g2_buf_1)
     8    0.056095    0.150197    0.148736    2.267233 ^ fanout23/X (sg13g2_buf_1)
                                                         net23 (net)
                      0.150491    0.005452    2.272685 ^ _177_/RESET_B (sg13g2_dfrbpq_1)
                                              2.272685   data arrival time

                                  0.000000    0.000000   clock clk_i (rise edge)
                                  0.000000    0.000000   clock source latency
     1    0.025625    0.026735    0.015211    0.015211 ^ clk_i (in)
                                                         clk_i (net)
                      0.027112    0.000000    0.015211 ^ clkbuf_0_clk_i/A (sg13g2_buf_16)
     8    0.166508    0.036353    0.063756    0.078967 ^ clkbuf_0_clk_i/X (sg13g2_buf_16)
                                                         clknet_0_clk_i (net)
                      0.036897    0.003517    0.082484 ^ clkbuf_3_1__f_clk_i/A (sg13g2_buf_16)
     4    0.018603    0.013994    0.050047    0.132531 ^ clkbuf_3_1__f_clk_i/X (sg13g2_buf_16)
                                                         clknet_3_1__leaf_clk_i (net)
                      0.014016    0.001081    0.133612 ^ _177_/CLK (sg13g2_dfrbpq_1)
                                  0.250000    0.383612   clock uncertainty
                                  0.000000    0.383612   clock reconvergence pessimism
                                 -0.096520    0.287092   library removal time
                                              0.287092   data required time
---------------------------------------------------------------------------------------------
                                              0.287092   data required time
                                             -2.272685   data arrival time
---------------------------------------------------------------------------------------------
                                              1.985593   slack (MET)


Startpoint: rst_ni (input port clocked by clk_i)
Endpoint: _176_ (removal check against rising-edge clock clk_i)
Path Group: asynchronous
Path Type: min

Fanout         Cap        Slew       Delay        Time   Description
---------------------------------------------------------------------------------------------
                                  0.000000    0.000000   clock clk_i (rise edge)
                                  0.000000    0.000000   clock network delay (propagated)
                                  2.000000    2.000000 ^ input external delay
     1    0.004747    0.014742    0.002695    2.002695 ^ rst_ni (in)
                                                         rst_ni (net)
                      0.014742    0.000000    2.002695 ^ input1/A (sg13g2_buf_1)
     1    0.002933    0.014600    0.038162    2.040858 ^ input1/X (sg13g2_buf_1)
                                                         net1 (net)
                      0.014602    0.000114    2.040972 ^ fanout26/A (sg13g2_buf_1)
     4    0.023934    0.066866    0.076451    2.117423 ^ fanout26/X (sg13g2_buf_1)
                                                         net26 (net)
                      0.066891    0.001074    2.118497 ^ fanout23/A (sg13g2_buf_1)
     8    0.056095    0.150197    0.148736    2.267233 ^ fanout23/X (sg13g2_buf_1)
                                                         net23 (net)
                      0.150488    0.005425    2.272658 ^ _176_/RESET_B (sg13g2_dfrbpq_1)
                                              2.272658   data arrival time

                                  0.000000    0.000000   clock clk_i (rise edge)
                                  0.000000    0.000000   clock source latency
     1    0.025625    0.026735    0.015211    0.015211 ^ clk_i (in)
                                                         clk_i (net)
                      0.027112    0.000000    0.015211 ^ clkbuf_0_clk_i/A (sg13g2_buf_16)
     8    0.166508    0.036353    0.063756    0.078967 ^ clkbuf_0_clk_i/X (sg13g2_buf_16)
                                                         clknet_0_clk_i (net)
                      0.036897    0.003517    0.082484 ^ clkbuf_3_1__f_clk_i/A (sg13g2_buf_16)
     4    0.018603    0.013994    0.050047    0.132531 ^ clkbuf_3_1__f_clk_i/X (sg13g2_buf_16)
                                                         clknet_3_1__leaf_clk_i (net)
                      0.014012    0.001011    0.133542 ^ _176_/CLK (sg13g2_dfrbpq_1)
                                  0.250000    0.383542   clock uncertainty
                                  0.000000    0.383542   clock reconvergence pessimism
                                 -0.096520    0.287023   library removal time
                                              0.287023   data required time
---------------------------------------------------------------------------------------------
                                              0.287023   data required time
                                             -2.272658   data arrival time
---------------------------------------------------------------------------------------------
                                              1.985635   slack (MET)


Startpoint: rst_ni (input port clocked by clk_i)
Endpoint: _178_ (removal check against rising-edge clock clk_i)
Path Group: asynchronous
Path Type: min

Fanout         Cap        Slew       Delay        Time   Description
---------------------------------------------------------------------------------------------
                                  0.000000    0.000000   clock clk_i (rise edge)
                                  0.000000    0.000000   clock network delay (propagated)
                                  2.000000    2.000000 ^ input external delay
     1    0.004747    0.014742    0.002695    2.002695 ^ rst_ni (in)
                                                         rst_ni (net)
                      0.014742    0.000000    2.002695 ^ input1/A (sg13g2_buf_1)
     1    0.002933    0.014600    0.038162    2.040858 ^ input1/X (sg13g2_buf_1)
                                                         net1 (net)
                      0.014602    0.000114    2.040972 ^ fanout26/A (sg13g2_buf_1)
     4    0.023934    0.066866    0.076451    2.117423 ^ fanout26/X (sg13g2_buf_1)
                                                         net26 (net)
                      0.066891    0.001074    2.118497 ^ fanout23/A (sg13g2_buf_1)
     8    0.056095    0.150197    0.148736    2.267233 ^ fanout23/X (sg13g2_buf_1)
                                                         net23 (net)
                      0.150496    0.005493    2.272727 ^ _178_/RESET_B (sg13g2_dfrbpq_1)
                                              2.272727   data arrival time

                                  0.000000    0.000000   clock clk_i (rise edge)
                                  0.000000    0.000000   clock source latency
     1    0.025625    0.026735    0.015211    0.015211 ^ clk_i (in)
                                                         clk_i (net)
                      0.027112    0.000000    0.015211 ^ clkbuf_0_clk_i/A (sg13g2_buf_16)
     8    0.166508    0.036353    0.063756    0.078967 ^ clkbuf_0_clk_i/X (sg13g2_buf_16)
                                                         clknet_0_clk_i (net)
                      0.036897    0.003517    0.082484 ^ clkbuf_3_1__f_clk_i/A (sg13g2_buf_16)
     4    0.018603    0.013994    0.050047    0.132531 ^ clkbuf_3_1__f_clk_i/X (sg13g2_buf_16)
                                                         clknet_3_1__leaf_clk_i (net)
                      0.014011    0.000972    0.133503 ^ _178_/CLK (sg13g2_dfrbpq_1)
                                  0.250000    0.383503   clock uncertainty
                                  0.000000    0.383503   clock reconvergence pessimism
                                 -0.096521    0.286981   library removal time
                                              0.286981   data required time
---------------------------------------------------------------------------------------------
                                              0.286981   data required time
                                             -2.272727   data arrival time
---------------------------------------------------------------------------------------------
                                              1.985745   slack (MET)


Startpoint: rst_ni (input port clocked by clk_i)
Endpoint: _173_ (removal check against rising-edge clock clk_i)
Path Group: asynchronous
Path Type: min

Fanout         Cap        Slew       Delay        Time   Description
---------------------------------------------------------------------------------------------
                                  0.000000    0.000000   clock clk_i (rise edge)
                                  0.000000    0.000000   clock network delay (propagated)
                                  2.000000    2.000000 ^ input external delay
     1    0.004747    0.014742    0.002695    2.002695 ^ rst_ni (in)
                                                         rst_ni (net)
                      0.014742    0.000000    2.002695 ^ input1/A (sg13g2_buf_1)
     1    0.002933    0.014600    0.038162    2.040858 ^ input1/X (sg13g2_buf_1)
                                                         net1 (net)
                      0.014602    0.000114    2.040972 ^ fanout26/A (sg13g2_buf_1)
     4    0.023934    0.066866    0.076451    2.117423 ^ fanout26/X (sg13g2_buf_1)
                                                         net26 (net)
                      0.066891    0.001074    2.118497 ^ fanout23/A (sg13g2_buf_1)
     8    0.056095    0.150197    0.148736    2.267233 ^ fanout23/X (sg13g2_buf_1)
                                                         net23 (net)
                      0.150395    0.004495    2.271728 ^ _173_/RESET_B (sg13g2_dfrbpq_1)
                                              2.271728   data arrival time

                                  0.000000    0.000000   clock clk_i (rise edge)
                                  0.000000    0.000000   clock source latency
     1    0.025625    0.026735    0.015211    0.015211 ^ clk_i (in)
                                                         clk_i (net)
                      0.027112    0.000000    0.015211 ^ clkbuf_0_clk_i/A (sg13g2_buf_16)
     8    0.166508    0.036353    0.063756    0.078967 ^ clkbuf_0_clk_i/X (sg13g2_buf_16)
                                                         clknet_0_clk_i (net)
                      0.036801    0.003199    0.082166 ^ clkbuf_3_0__f_clk_i/A (sg13g2_buf_16)
     4    0.015231    0.013477    0.049669    0.131835 ^ clkbuf_3_0__f_clk_i/X (sg13g2_buf_16)
                                                         clknet_3_0__leaf_clk_i (net)
                      0.013477    0.000226    0.132061 ^ _173_/CLK (sg13g2_dfrbpq_1)
                                  0.250000    0.382061   clock uncertainty
                                  0.000000    0.382061   clock reconvergence pessimism
                                 -0.096550    0.285511   library removal time
                                              0.285511   data required time
---------------------------------------------------------------------------------------------
                                              0.285511   data required time
                                             -2.271728   data arrival time
---------------------------------------------------------------------------------------------
                                              1.986217   slack (MET)


Startpoint: rst_ni (input port clocked by clk_i)
Endpoint: _174_ (removal check against rising-edge clock clk_i)
Path Group: asynchronous
Path Type: min

Fanout         Cap        Slew       Delay        Time   Description
---------------------------------------------------------------------------------------------
                                  0.000000    0.000000   clock clk_i (rise edge)
                                  0.000000    0.000000   clock network delay (propagated)
                                  2.000000    2.000000 ^ input external delay
     1    0.004747    0.014742    0.002695    2.002695 ^ rst_ni (in)
                                                         rst_ni (net)
                      0.014742    0.000000    2.002695 ^ input1/A (sg13g2_buf_1)
     1    0.002933    0.014600    0.038162    2.040858 ^ input1/X (sg13g2_buf_1)
                                                         net1 (net)
                      0.014602    0.000114    2.040972 ^ fanout26/A (sg13g2_buf_1)
     4    0.023934    0.066866    0.076451    2.117423 ^ fanout26/X (sg13g2_buf_1)
                                                         net26 (net)
                      0.066891    0.001074    2.118497 ^ fanout23/A (sg13g2_buf_1)
     8    0.056095    0.150197    0.148736    2.267233 ^ fanout23/X (sg13g2_buf_1)
                                                         net23 (net)
                      0.150408    0.004633    2.271866 ^ _174_/RESET_B (sg13g2_dfrbpq_1)
                                              2.271866   data arrival time

                                  0.000000    0.000000   clock clk_i (rise edge)
                                  0.000000    0.000000   clock source latency
     1    0.025625    0.026735    0.015211    0.015211 ^ clk_i (in)
                                                         clk_i (net)
                      0.027112    0.000000    0.015211 ^ clkbuf_0_clk_i/A (sg13g2_buf_16)
     8    0.166508    0.036353    0.063756    0.078967 ^ clkbuf_0_clk_i/X (sg13g2_buf_16)
                                                         clknet_0_clk_i (net)
                      0.036801    0.003199    0.082166 ^ clkbuf_3_0__f_clk_i/A (sg13g2_buf_16)
     4    0.015231    0.013477    0.049669    0.131835 ^ clkbuf_3_0__f_clk_i/X (sg13g2_buf_16)
                                                         clknet_3_0__leaf_clk_i (net)
                      0.013477    0.000231    0.132065 ^ _174_/CLK (sg13g2_dfrbpq_1)
                                  0.250000    0.382066   clock uncertainty
                                  0.000000    0.382066   clock reconvergence pessimism
                                 -0.096553    0.285513   library removal time
                                              0.285513   data required time
---------------------------------------------------------------------------------------------
                                              0.285513   data required time
                                             -2.271866   data arrival time
---------------------------------------------------------------------------------------------
                                              1.986353   slack (MET)


Startpoint: rst_ni (input port clocked by clk_i)
Endpoint: _175_ (removal check against rising-edge clock clk_i)
Path Group: asynchronous
Path Type: min

Fanout         Cap        Slew       Delay        Time   Description
---------------------------------------------------------------------------------------------
                                  0.000000    0.000000   clock clk_i (rise edge)
                                  0.000000    0.000000   clock network delay (propagated)
                                  2.000000    2.000000 ^ input external delay
     1    0.004747    0.014742    0.002695    2.002695 ^ rst_ni (in)
                                                         rst_ni (net)
                      0.014742    0.000000    2.002695 ^ input1/A (sg13g2_buf_1)
     1    0.002933    0.014600    0.038162    2.040858 ^ input1/X (sg13g2_buf_1)
                                                         net1 (net)
                      0.014602    0.000114    2.040972 ^ fanout26/A (sg13g2_buf_1)
     4    0.023934    0.066866    0.076451    2.117423 ^ fanout26/X (sg13g2_buf_1)
                                                         net26 (net)
                      0.066891    0.001074    2.118497 ^ fanout23/A (sg13g2_buf_1)
     8    0.056095    0.150197    0.148736    2.267233 ^ fanout23/X (sg13g2_buf_1)
                                                         net23 (net)
                      0.150418    0.004744    2.271977 ^ _175_/RESET_B (sg13g2_dfrbpq_1)
                                              2.271977   data arrival time

                                  0.000000    0.000000   clock clk_i (rise edge)
                                  0.000000    0.000000   clock source latency
     1    0.025625    0.026735    0.015211    0.015211 ^ clk_i (in)
                                                         clk_i (net)
                      0.027112    0.000000    0.015211 ^ clkbuf_0_clk_i/A (sg13g2_buf_16)
     8    0.166508    0.036353    0.063756    0.078967 ^ clkbuf_0_clk_i/X (sg13g2_buf_16)
                                                         clknet_0_clk_i (net)
                      0.036801    0.003199    0.082166 ^ clkbuf_3_0__f_clk_i/A (sg13g2_buf_16)
     4    0.015231    0.013477    0.049669    0.131835 ^ clkbuf_3_0__f_clk_i/X (sg13g2_buf_16)
                                                         clknet_3_0__leaf_clk_i (net)
                      0.013477    0.000258    0.132093 ^ _175_/CLK (sg13g2_dfrbpq_1)
                                  0.250000    0.382093   clock uncertainty
                                  0.000000    0.382093   clock reconvergence pessimism
                                 -0.096555    0.285538   library removal time
                                              0.285538   data required time
---------------------------------------------------------------------------------------------
                                              0.285538   data required time
                                             -2.271977   data arrival time
---------------------------------------------------------------------------------------------
                                              1.986439   slack (MET)


Startpoint: _202_ (rising edge-triggered flip-flop clocked by clk_i)
Endpoint: uo_CORE2PAD[0] (output port clocked by clk_i)
Path Group: clk_i
Path Type: min

Fanout         Cap        Slew       Delay        Time   Description
---------------------------------------------------------------------------------------------
                                  0.000000    0.000000   clock clk_i (rise edge)
                                  0.000000    0.000000   clock source latency
     1    0.025625    0.026735    0.015211    0.015211 ^ clk_i (in)
                                                         clk_i (net)
                      0.027112    0.000000    0.015211 ^ clkbuf_0_clk_i/A (sg13g2_buf_16)
     8    0.166508    0.036353    0.063756    0.078967 ^ clkbuf_0_clk_i/X (sg13g2_buf_16)
                                                         clknet_0_clk_i (net)
                      0.036982    0.003775    0.082742 ^ clkbuf_3_5__f_clk_i/A (sg13g2_buf_16)
     4    0.015390    0.013510    0.049757    0.132499 ^ clkbuf_3_5__f_clk_i/X (sg13g2_buf_16)
                                                         clknet_3_5__leaf_clk_i (net)
                      0.013510    0.000274    0.132772 ^ _202_/CLK (sg13g2_dfrbpq_1)
     1    0.003529    0.014624    0.108204    0.240976 v _202_/Q (sg13g2_dfrbpq_1)
                                                         spm_inst.csa0.sum (net)
                      0.014624    0.000244    0.241221 v _219_/A (sg13g2_buf_1)
     1    0.003551    0.014241    0.040053    0.281274 v _219_/X (sg13g2_buf_1)
                                                         net19 (net)
                      0.014242    0.000243    0.281517 v output19/A (sg13g2_buf_1)
     1    0.007388    0.021570    0.046199    0.327715 v output19/X (sg13g2_buf_1)
                                                         uo_CORE2PAD[0] (net)
                      0.021575    0.000319    0.328034 v uo_CORE2PAD[0] (out)
                                              0.328034   data arrival time

                                  0.000000    0.000000   clock clk_i (rise edge)
                                  0.000000    0.000000   clock network delay (propagated)
                                  0.250000    0.250000   clock uncertainty
                                  0.000000    0.250000   clock reconvergence pessimism
                                 -2.000000   -1.750000   output external delay
                                             -1.750000   data required time
---------------------------------------------------------------------------------------------
                                             -1.750000   data required time
                                             -0.328034   data arrival time
---------------------------------------------------------------------------------------------
                                              2.078034   slack (MET)


Startpoint: rst_ni (input port clocked by clk_i)
Endpoint: _188_ (removal check against rising-edge clock clk_i)
Path Group: asynchronous
Path Type: min

Fanout         Cap        Slew       Delay        Time   Description
---------------------------------------------------------------------------------------------
                                  0.000000    0.000000   clock clk_i (rise edge)
                                  0.000000    0.000000   clock network delay (propagated)
                                  2.000000    2.000000 ^ input external delay
     1    0.004747    0.014742    0.002695    2.002695 ^ rst_ni (in)
                                                         rst_ni (net)
                      0.014742    0.000000    2.002695 ^ input1/A (sg13g2_buf_1)
     1    0.002933    0.014600    0.038162    2.040858 ^ input1/X (sg13g2_buf_1)
                                                         net1 (net)
                      0.014602    0.000114    2.040972 ^ fanout26/A (sg13g2_buf_1)
     4    0.023934    0.066866    0.076451    2.117423 ^ fanout26/X (sg13g2_buf_1)
                                                         net26 (net)
                      0.066891    0.001074    2.118497 ^ fanout23/A (sg13g2_buf_1)
     8    0.056095    0.150197    0.148736    2.267233 ^ fanout23/X (sg13g2_buf_1)
                                                         net23 (net)
                      0.150212    0.001246    2.268479 ^ fanout22/A (sg13g2_buf_1)
     8    0.054265    0.145698    0.167402    2.435881 ^ fanout22/X (sg13g2_buf_1)
                                                         net22 (net)
                      0.145806    0.003288    2.439169 ^ _188_/RESET_B (sg13g2_dfrbpq_1)
                                              2.439169   data arrival time

                                  0.000000    0.000000   clock clk_i (rise edge)
                                  0.000000    0.000000   clock source latency
     1    0.025625    0.026735    0.015211    0.015211 ^ clk_i (in)
                                                         clk_i (net)
                      0.027112    0.000000    0.015211 ^ clkbuf_0_clk_i/A (sg13g2_buf_16)
     8    0.166508    0.036353    0.063756    0.078967 ^ clkbuf_0_clk_i/X (sg13g2_buf_16)
                                                         clknet_0_clk_i (net)
                      0.036929    0.003615    0.082582 ^ clkbuf_3_3__f_clk_i/A (sg13g2_buf_16)
     4    0.017763    0.013876    0.049922    0.132504 ^ clkbuf_3_3__f_clk_i/X (sg13g2_buf_16)
                                                         clknet_3_3__leaf_clk_i (net)
                      0.013921    0.001434    0.133938 ^ _188_/CLK (sg13g2_dfrbpq_1)
                                  0.250000    0.383938   clock uncertainty
                                  0.000000    0.383938   clock reconvergence pessimism
                                 -0.095461    0.288477   library removal time
                                              0.288477   data required time
---------------------------------------------------------------------------------------------
                                              0.288477   data required time
                                             -2.439169   data arrival time
---------------------------------------------------------------------------------------------
                                              2.150692   slack (MET)


Startpoint: rst_ni (input port clocked by clk_i)
Endpoint: _199_ (removal check against rising-edge clock clk_i)
Path Group: asynchronous
Path Type: min

Fanout         Cap        Slew       Delay        Time   Description
---------------------------------------------------------------------------------------------
                                  0.000000    0.000000   clock clk_i (rise edge)
                                  0.000000    0.000000   clock network delay (propagated)
                                  2.000000    2.000000 ^ input external delay
     1    0.004747    0.014742    0.002695    2.002695 ^ rst_ni (in)
                                                         rst_ni (net)
                      0.014742    0.000000    2.002695 ^ input1/A (sg13g2_buf_1)
     1    0.002933    0.014600    0.038162    2.040858 ^ input1/X (sg13g2_buf_1)
                                                         net1 (net)
                      0.014602    0.000114    2.040972 ^ fanout26/A (sg13g2_buf_1)
     4    0.023934    0.066866    0.076451    2.117423 ^ fanout26/X (sg13g2_buf_1)
                                                         net26 (net)
                      0.066891    0.001074    2.118497 ^ fanout23/A (sg13g2_buf_1)
     8    0.056095    0.150197    0.148736    2.267233 ^ fanout23/X (sg13g2_buf_1)
                                                         net23 (net)
                      0.150212    0.001246    2.268479 ^ fanout22/A (sg13g2_buf_1)
     8    0.054265    0.145698    0.167402    2.435881 ^ fanout22/X (sg13g2_buf_1)
                                                         net22 (net)
                      0.145785    0.002948    2.438829 ^ _199_/RESET_B (sg13g2_dfrbpq_1)
                                              2.438829   data arrival time

                                  0.000000    0.000000   clock clk_i (rise edge)
                                  0.000000    0.000000   clock source latency
     1    0.025625    0.026735    0.015211    0.015211 ^ clk_i (in)
                                                         clk_i (net)
                      0.027112    0.000000    0.015211 ^ clkbuf_0_clk_i/A (sg13g2_buf_16)
     8    0.166508    0.036353    0.063756    0.078967 ^ clkbuf_0_clk_i/X (sg13g2_buf_16)
                                                         clknet_0_clk_i (net)
                      0.036871    0.003434    0.082400 ^ clkbuf_3_2__f_clk_i/A (sg13g2_buf_16)
     4    0.017256    0.013786    0.049895    0.132295 ^ clkbuf_3_2__f_clk_i/X (sg13g2_buf_16)
                                                         clknet_3_2__leaf_clk_i (net)
                      0.013800    0.000908    0.133203 ^ _199_/CLK (sg13g2_dfrbpq_1)
                                  0.250000    0.383203   clock uncertainty
                                  0.000000    0.383203   clock reconvergence pessimism
                                 -0.095467    0.287736   library removal time
                                              0.287736   data required time
---------------------------------------------------------------------------------------------
                                              0.287736   data required time
                                             -2.438829   data arrival time
---------------------------------------------------------------------------------------------
                                              2.151093   slack (MET)


Startpoint: rst_ni (input port clocked by clk_i)
Endpoint: _171_ (removal check against rising-edge clock clk_i)
Path Group: asynchronous
Path Type: min

Fanout         Cap        Slew       Delay        Time   Description
---------------------------------------------------------------------------------------------
                                  0.000000    0.000000   clock clk_i (rise edge)
                                  0.000000    0.000000   clock network delay (propagated)
                                  2.000000    2.000000 ^ input external delay
     1    0.004747    0.014742    0.002695    2.002695 ^ rst_ni (in)
                                                         rst_ni (net)
                      0.014742    0.000000    2.002695 ^ input1/A (sg13g2_buf_1)
     1    0.002933    0.014600    0.038162    2.040858 ^ input1/X (sg13g2_buf_1)
                                                         net1 (net)
                      0.014602    0.000114    2.040972 ^ fanout26/A (sg13g2_buf_1)
     4    0.023934    0.066866    0.076451    2.117423 ^ fanout26/X (sg13g2_buf_1)
                                                         net26 (net)
                      0.066891    0.001074    2.118497 ^ fanout23/A (sg13g2_buf_1)
     8    0.056095    0.150197    0.148736    2.267233 ^ fanout23/X (sg13g2_buf_1)
                                                         net23 (net)
                      0.150212    0.001246    2.268479 ^ fanout22/A (sg13g2_buf_1)
     8    0.054265    0.145698    0.167402    2.435881 ^ fanout22/X (sg13g2_buf_1)
                                                         net22 (net)
                      0.145790    0.003030    2.438911 ^ _171_/RESET_B (sg13g2_dfrbpq_1)
                                              2.438911   data arrival time

                                  0.000000    0.000000   clock clk_i (rise edge)
                                  0.000000    0.000000   clock source latency
     1    0.025625    0.026735    0.015211    0.015211 ^ clk_i (in)
                                                         clk_i (net)
                      0.027112    0.000000    0.015211 ^ clkbuf_0_clk_i/A (sg13g2_buf_16)
     8    0.166508    0.036353    0.063756    0.078967 ^ clkbuf_0_clk_i/X (sg13g2_buf_16)
                                                         clknet_0_clk_i (net)
                      0.036871    0.003434    0.082400 ^ clkbuf_3_2__f_clk_i/A (sg13g2_buf_16)
     4    0.017256    0.013786    0.049895    0.132295 ^ clkbuf_3_2__f_clk_i/X (sg13g2_buf_16)
                                                         clknet_3_2__leaf_clk_i (net)
                      0.013802    0.000949    0.133244 ^ _171_/CLK (sg13g2_dfrbpq_1)
                                  0.250000    0.383244   clock uncertainty
                                  0.000000    0.383244   clock reconvergence pessimism
                                 -0.095468    0.287776   library removal time
                                              0.287776   data required time
---------------------------------------------------------------------------------------------
                                              0.287776   data required time
                                             -2.438911   data arrival time
---------------------------------------------------------------------------------------------
                                              2.151135   slack (MET)


Startpoint: rst_ni (input port clocked by clk_i)
Endpoint: _200_ (removal check against rising-edge clock clk_i)
Path Group: asynchronous
Path Type: min

Fanout         Cap        Slew       Delay        Time   Description
---------------------------------------------------------------------------------------------
                                  0.000000    0.000000   clock clk_i (rise edge)
                                  0.000000    0.000000   clock network delay (propagated)
                                  2.000000    2.000000 ^ input external delay
     1    0.004747    0.014742    0.002695    2.002695 ^ rst_ni (in)
                                                         rst_ni (net)
                      0.014742    0.000000    2.002695 ^ input1/A (sg13g2_buf_1)
     1    0.002933    0.014600    0.038162    2.040858 ^ input1/X (sg13g2_buf_1)
                                                         net1 (net)
                      0.014602    0.000114    2.040972 ^ fanout26/A (sg13g2_buf_1)
     4    0.023934    0.066866    0.076451    2.117423 ^ fanout26/X (sg13g2_buf_1)
                                                         net26 (net)
                      0.066891    0.001074    2.118497 ^ fanout23/A (sg13g2_buf_1)
     8    0.056095    0.150197    0.148736    2.267233 ^ fanout23/X (sg13g2_buf_1)
                                                         net23 (net)
                      0.150212    0.001246    2.268479 ^ fanout22/A (sg13g2_buf_1)
     8    0.054265    0.145698    0.167402    2.435881 ^ fanout22/X (sg13g2_buf_1)
                                                         net22 (net)
                      0.145773    0.002739    2.438620 ^ _200_/RESET_B (sg13g2_dfrbpq_1)
                                              2.438620   data arrival time

                                  0.000000    0.000000   clock clk_i (rise edge)
                                  0.000000    0.000000   clock source latency
     1    0.025625    0.026735    0.015211    0.015211 ^ clk_i (in)
                                                         clk_i (net)
                      0.027112    0.000000    0.015211 ^ clkbuf_0_clk_i/A (sg13g2_buf_16)
     8    0.166508    0.036353    0.063756    0.078967 ^ clkbuf_0_clk_i/X (sg13g2_buf_16)
                                                         clknet_0_clk_i (net)
                      0.036871    0.003434    0.082400 ^ clkbuf_3_2__f_clk_i/A (sg13g2_buf_16)
     4    0.017256    0.013786    0.049895    0.132295 ^ clkbuf_3_2__f_clk_i/X (sg13g2_buf_16)
                                                         clknet_3_2__leaf_clk_i (net)
                      0.013788    0.000435    0.132730 ^ _200_/CLK (sg13g2_dfrbpq_1)
                                  0.250000    0.382730   clock uncertainty
                                  0.000000    0.382730   clock reconvergence pessimism
                                 -0.095466    0.287265   library removal time
                                              0.287265   data required time
---------------------------------------------------------------------------------------------
                                              0.287265   data required time
                                             -2.438620   data arrival time
---------------------------------------------------------------------------------------------
                                              2.151355   slack (MET)


Startpoint: rst_ni (input port clocked by clk_i)
Endpoint: _189_ (removal check against rising-edge clock clk_i)
Path Group: asynchronous
Path Type: min

Fanout         Cap        Slew       Delay        Time   Description
---------------------------------------------------------------------------------------------
                                  0.000000    0.000000   clock clk_i (rise edge)
                                  0.000000    0.000000   clock network delay (propagated)
                                  2.000000    2.000000 ^ input external delay
     1    0.004747    0.014742    0.002695    2.002695 ^ rst_ni (in)
                                                         rst_ni (net)
                      0.014742    0.000000    2.002695 ^ input1/A (sg13g2_buf_1)
     1    0.002933    0.014600    0.038162    2.040858 ^ input1/X (sg13g2_buf_1)
                                                         net1 (net)
                      0.014602    0.000114    2.040972 ^ fanout26/A (sg13g2_buf_1)
     4    0.023934    0.066866    0.076451    2.117423 ^ fanout26/X (sg13g2_buf_1)
                                                         net26 (net)
                      0.066891    0.001074    2.118497 ^ fanout23/A (sg13g2_buf_1)
     8    0.056095    0.150197    0.148736    2.267233 ^ fanout23/X (sg13g2_buf_1)
                                                         net23 (net)
                      0.150212    0.001246    2.268479 ^ fanout22/A (sg13g2_buf_1)
     8    0.054265    0.145698    0.167402    2.435881 ^ fanout22/X (sg13g2_buf_1)
                                                         net22 (net)
                      0.145805    0.003266    2.439147 ^ _189_/RESET_B (sg13g2_dfrbpq_1)
                                              2.439147   data arrival time

                                  0.000000    0.000000   clock clk_i (rise edge)
                                  0.000000    0.000000   clock source latency
     1    0.025625    0.026735    0.015211    0.015211 ^ clk_i (in)
                                                         clk_i (net)
                      0.027112    0.000000    0.015211 ^ clkbuf_0_clk_i/A (sg13g2_buf_16)
     8    0.166508    0.036353    0.063756    0.078967 ^ clkbuf_0_clk_i/X (sg13g2_buf_16)
                                                         clknet_0_clk_i (net)
                      0.036871    0.003434    0.082400 ^ clkbuf_3_2__f_clk_i/A (sg13g2_buf_16)
     4    0.017256    0.013786    0.049895    0.132295 ^ clkbuf_3_2__f_clk_i/X (sg13g2_buf_16)
                                                         clknet_3_2__leaf_clk_i (net)
                      0.013798    0.000869    0.133164 ^ _189_/CLK (sg13g2_dfrbpq_1)
                                  0.250000    0.383164   clock uncertainty
                                  0.000000    0.383164   clock reconvergence pessimism
                                 -0.095472    0.287692   library removal time
                                              0.287692   data required time
---------------------------------------------------------------------------------------------
                                              0.287692   data required time
                                             -2.439147   data arrival time
---------------------------------------------------------------------------------------------
                                              2.151455   slack (MET)


Startpoint: rst_ni (input port clocked by clk_i)
Endpoint: _187_ (removal check against rising-edge clock clk_i)
Path Group: asynchronous
Path Type: min

Fanout         Cap        Slew       Delay        Time   Description
---------------------------------------------------------------------------------------------
                                  0.000000    0.000000   clock clk_i (rise edge)
                                  0.000000    0.000000   clock network delay (propagated)
                                  2.000000    2.000000 ^ input external delay
     1    0.004747    0.014742    0.002695    2.002695 ^ rst_ni (in)
                                                         rst_ni (net)
                      0.014742    0.000000    2.002695 ^ input1/A (sg13g2_buf_1)
     1    0.002933    0.014600    0.038162    2.040858 ^ input1/X (sg13g2_buf_1)
                                                         net1 (net)
                      0.014602    0.000114    2.040972 ^ fanout26/A (sg13g2_buf_1)
     4    0.023934    0.066866    0.076451    2.117423 ^ fanout26/X (sg13g2_buf_1)
                                                         net26 (net)
                      0.066891    0.001074    2.118497 ^ fanout23/A (sg13g2_buf_1)
     8    0.056095    0.150197    0.148736    2.267233 ^ fanout23/X (sg13g2_buf_1)
                                                         net23 (net)
                      0.150212    0.001246    2.268479 ^ fanout22/A (sg13g2_buf_1)
     8    0.054265    0.145698    0.167402    2.435881 ^ fanout22/X (sg13g2_buf_1)
                                                         net22 (net)
                      0.145851    0.003886    2.439767 ^ _187_/RESET_B (sg13g2_dfrbpq_1)
                                              2.439767   data arrival time

                                  0.000000    0.000000   clock clk_i (rise edge)
                                  0.000000    0.000000   clock source latency
     1    0.025625    0.026735    0.015211    0.015211 ^ clk_i (in)
                                                         clk_i (net)
                      0.027112    0.000000    0.015211 ^ clkbuf_0_clk_i/A (sg13g2_buf_16)
     8    0.166508    0.036353    0.063756    0.078967 ^ clkbuf_0_clk_i/X (sg13g2_buf_16)
                                                         clknet_0_clk_i (net)
                      0.036929    0.003615    0.082582 ^ clkbuf_3_3__f_clk_i/A (sg13g2_buf_16)
     4    0.017763    0.013876    0.049922    0.132504 ^ clkbuf_3_3__f_clk_i/X (sg13g2_buf_16)
                                                         clknet_3_3__leaf_clk_i (net)
                      0.013903    0.001187    0.133691 ^ _187_/CLK (sg13g2_dfrbpq_1)
                                  0.250000    0.383691   clock uncertainty
                                  0.000000    0.383691   clock reconvergence pessimism
                                 -0.095472    0.288218   library removal time
                                              0.288218   data required time
---------------------------------------------------------------------------------------------
                                              0.288218   data required time
                                             -2.439767   data arrival time
---------------------------------------------------------------------------------------------
                                              2.151549   slack (MET)


Startpoint: rst_ni (input port clocked by clk_i)
Endpoint: _186_ (removal check against rising-edge clock clk_i)
Path Group: asynchronous
Path Type: min

Fanout         Cap        Slew       Delay        Time   Description
---------------------------------------------------------------------------------------------
                                  0.000000    0.000000   clock clk_i (rise edge)
                                  0.000000    0.000000   clock network delay (propagated)
                                  2.000000    2.000000 ^ input external delay
     1    0.004747    0.014742    0.002695    2.002695 ^ rst_ni (in)
                                                         rst_ni (net)
                      0.014742    0.000000    2.002695 ^ input1/A (sg13g2_buf_1)
     1    0.002933    0.014600    0.038162    2.040858 ^ input1/X (sg13g2_buf_1)
                                                         net1 (net)
                      0.014602    0.000114    2.040972 ^ fanout26/A (sg13g2_buf_1)
     4    0.023934    0.066866    0.076451    2.117423 ^ fanout26/X (sg13g2_buf_1)
                                                         net26 (net)
                      0.066891    0.001074    2.118497 ^ fanout23/A (sg13g2_buf_1)
     8    0.056095    0.150197    0.148736    2.267233 ^ fanout23/X (sg13g2_buf_1)
                                                         net23 (net)
                      0.150212    0.001246    2.268479 ^ fanout22/A (sg13g2_buf_1)
     8    0.054265    0.145698    0.167402    2.435881 ^ fanout22/X (sg13g2_buf_1)
                                                         net22 (net)
                      0.145854    0.003924    2.439805 ^ _186_/RESET_B (sg13g2_dfrbpq_1)
                                              2.439805   data arrival time

                                  0.000000    0.000000   clock clk_i (rise edge)
                                  0.000000    0.000000   clock source latency
     1    0.025625    0.026735    0.015211    0.015211 ^ clk_i (in)
                                                         clk_i (net)
                      0.027112    0.000000    0.015211 ^ clkbuf_0_clk_i/A (sg13g2_buf_16)
     8    0.166508    0.036353    0.063756    0.078967 ^ clkbuf_0_clk_i/X (sg13g2_buf_16)
                                                         clknet_0_clk_i (net)
                      0.036929    0.003615    0.082582 ^ clkbuf_3_3__f_clk_i/A (sg13g2_buf_16)
     4    0.017763    0.013876    0.049922    0.132504 ^ clkbuf_3_3__f_clk_i/X (sg13g2_buf_16)
                                                         clknet_3_3__leaf_clk_i (net)
                      0.013905    0.001213    0.133716 ^ _186_/CLK (sg13g2_dfrbpq_1)
                                  0.250000    0.383716   clock uncertainty
                                  0.000000    0.383716   clock reconvergence pessimism
                                 -0.095473    0.288243   library removal time
                                              0.288243   data required time
---------------------------------------------------------------------------------------------
                                              0.288243   data required time
                                             -2.439805   data arrival time
---------------------------------------------------------------------------------------------
                                              2.151562   slack (MET)


Startpoint: rst_ni (input port clocked by clk_i)
Endpoint: _172_ (removal check against rising-edge clock clk_i)
Path Group: asynchronous
Path Type: min

Fanout         Cap        Slew       Delay        Time   Description
---------------------------------------------------------------------------------------------
                                  0.000000    0.000000   clock clk_i (rise edge)
                                  0.000000    0.000000   clock network delay (propagated)
                                  2.000000    2.000000 ^ input external delay
     1    0.004747    0.014742    0.002695    2.002695 ^ rst_ni (in)
                                                         rst_ni (net)
                      0.014742    0.000000    2.002695 ^ input1/A (sg13g2_buf_1)
     1    0.002933    0.014600    0.038162    2.040858 ^ input1/X (sg13g2_buf_1)
                                                         net1 (net)
                      0.014602    0.000114    2.040972 ^ fanout26/A (sg13g2_buf_1)
     4    0.023934    0.066866    0.076451    2.117423 ^ fanout26/X (sg13g2_buf_1)
                                                         net26 (net)
                      0.066891    0.001074    2.118497 ^ fanout23/A (sg13g2_buf_1)
     8    0.056095    0.150197    0.148736    2.267233 ^ fanout23/X (sg13g2_buf_1)
                                                         net23 (net)
                      0.150212    0.001246    2.268479 ^ fanout22/A (sg13g2_buf_1)
     8    0.054265    0.145698    0.167402    2.435881 ^ fanout22/X (sg13g2_buf_1)
                                                         net22 (net)
                      0.145793    0.003078    2.438959 ^ _172_/RESET_B (sg13g2_dfrbpq_1)
                                              2.438959   data arrival time

                                  0.000000    0.000000   clock clk_i (rise edge)
                                  0.000000    0.000000   clock source latency
     1    0.025625    0.026735    0.015211    0.015211 ^ clk_i (in)
                                                         clk_i (net)
                      0.027112    0.000000    0.015211 ^ clkbuf_0_clk_i/A (sg13g2_buf_16)
     8    0.166508    0.036353    0.063756    0.078967 ^ clkbuf_0_clk_i/X (sg13g2_buf_16)
                                                         clknet_0_clk_i (net)
                      0.036801    0.003199    0.082166 ^ clkbuf_3_0__f_clk_i/A (sg13g2_buf_16)
     4    0.015231    0.013477    0.049669    0.131835 ^ clkbuf_3_0__f_clk_i/X (sg13g2_buf_16)
                                                         clknet_3_0__leaf_clk_i (net)
                      0.013477    0.000249    0.132084 ^ _172_/CLK (sg13g2_dfrbpq_1)
                                  0.250000    0.382084   clock uncertainty
                                  0.000000    0.382084   clock reconvergence pessimism
                                 -0.095500    0.286583   library removal time
                                              0.286583   data required time
---------------------------------------------------------------------------------------------
                                              0.286583   data required time
                                             -2.438959   data arrival time
---------------------------------------------------------------------------------------------
                                              2.152376   slack (MET)



%OL_END_REPORT
%OL_CREATE_REPORT max.rpt

===========================================================================
report_checks -path_delay max (Setup)
============================================================================
======================= nom_fast_1p32V_m40C Corner ===================================

Startpoint: ui_PAD2CORE[0] (input port clocked by clk_i)
Endpoint: _197_ (rising edge-triggered flip-flop clocked by clk_i)
Path Group: clk_i
Path Type: max

Fanout         Cap        Slew       Delay        Time   Description
---------------------------------------------------------------------------------------------
                                  0.000000    0.000000   clock clk_i (rise edge)
                                  0.000000    0.000000   clock network delay (propagated)
                                  2.000000    2.000000 ^ input external delay
     1    0.004676    0.014699    0.002680    2.002680 ^ ui_PAD2CORE[0] (in)
                                                         ui_PAD2CORE[0] (net)
                      0.014699    0.000000    2.002680 ^ input2/A (sg13g2_buf_1)
     2    0.011791    0.036329    0.054356    2.057036 ^ input2/X (sg13g2_buf_1)
                                                         net2 (net)
                      0.036380    0.001097    2.058133 ^ fanout21/A (sg13g2_buf_1)
     8    0.045200    0.121830    0.120487    2.178620 ^ fanout21/X (sg13g2_buf_1)
                                                         net21 (net)
                      0.121974    0.003445    2.182065 ^ _156_/A (sg13g2_nand2_1)
     2    0.014987    0.084989    0.099027    2.281092 v _156_/Y (sg13g2_nand2_1)
                                                         _056_ (net)
                      0.084999    0.000911    2.282004 v _161_/A1 (sg13g2_o21ai_1)
     1    0.004580    0.060128    0.080724    2.362728 ^ _161_/Y (sg13g2_o21ai_1)
                                                         _006_ (net)
                      0.060129    0.000348    2.363076 ^ hold84/A (sg13g2_dlygate4sd3_1)
     1    0.002839    0.022559    0.261866    2.624942 ^ hold84/X (sg13g2_dlygate4sd3_1)
                                                         net84 (net)
                      0.022559    0.000167    2.625109 ^ _197_/D (sg13g2_dfrbpq_1)
                                              2.625109   data arrival time

                                 10.000000   10.000000   clock clk_i (rise edge)
                                  0.000000   10.000000   clock source latency
     1    0.025625    0.026735    0.015211   10.015211 ^ clk_i (in)
                                                         clk_i (net)
                      0.027112    0.000000   10.015211 ^ clkbuf_0_clk_i/A (sg13g2_buf_16)
     8    0.166508    0.036353    0.063756   10.078967 ^ clkbuf_0_clk_i/X (sg13g2_buf_16)
                                                         clknet_0_clk_i (net)
                      0.036982    0.003775   10.082742 ^ clkbuf_3_5__f_clk_i/A (sg13g2_buf_16)
     4    0.015390    0.013510    0.049757   10.132499 ^ clkbuf_3_5__f_clk_i/X (sg13g2_buf_16)
                                                         clknet_3_5__leaf_clk_i (net)
                      0.013510    0.000224   10.132723 ^ _197_/CLK (sg13g2_dfrbpq_1)
                                 -0.250000    9.882723   clock uncertainty
                                  0.000000    9.882723   clock reconvergence pessimism
                                 -0.077334    9.805388   library setup time
                                              9.805388   data required time
---------------------------------------------------------------------------------------------
                                              9.805388   data required time
                                             -2.625109   data arrival time
---------------------------------------------------------------------------------------------
                                              7.180280   slack (MET)


Startpoint: ui_PAD2CORE[0] (input port clocked by clk_i)
Endpoint: _201_ (rising edge-triggered flip-flop clocked by clk_i)
Path Group: clk_i
Path Type: max

Fanout         Cap        Slew       Delay        Time   Description
---------------------------------------------------------------------------------------------
                                  0.000000    0.000000   clock clk_i (rise edge)
                                  0.000000    0.000000   clock network delay (propagated)
                                  2.000000    2.000000 ^ input external delay
     1    0.004676    0.014699    0.002680    2.002680 ^ ui_PAD2CORE[0] (in)
                                                         ui_PAD2CORE[0] (net)
                      0.014699    0.000000    2.002680 ^ input2/A (sg13g2_buf_1)
     2    0.011791    0.036329    0.054356    2.057036 ^ input2/X (sg13g2_buf_1)
                                                         net2 (net)
                      0.036380    0.001097    2.058133 ^ fanout21/A (sg13g2_buf_1)
     8    0.045200    0.121830    0.120487    2.178620 ^ fanout21/X (sg13g2_buf_1)
                                                         net21 (net)
                      0.122014    0.003883    2.182503 ^ _165_/A (sg13g2_nand2_1)
     2    0.013906    0.080373    0.094662    2.277165 v _165_/Y (sg13g2_nand2_1)
                                                         _061_ (net)
                      0.080380    0.000759    2.277924 v _170_/A1 (sg13g2_o21ai_1)
     1    0.004816    0.060968    0.080586    2.358510 ^ _170_/Y (sg13g2_o21ai_1)
                                                         _000_ (net)
                      0.060968    0.000316    2.358826 ^ hold72/A (sg13g2_dlygate4sd3_1)
     1    0.002601    0.022026    0.261681    2.620507 ^ hold72/X (sg13g2_dlygate4sd3_1)
                                                         net72 (net)
                      0.022027    0.000169    2.620675 ^ _201_/D (sg13g2_dfrbpq_1)
                                              2.620675   data arrival time

                                 10.000000   10.000000   clock clk_i (rise edge)
                                  0.000000   10.000000   clock source latency
     1    0.025625    0.026735    0.015211   10.015211 ^ clk_i (in)
                                                         clk_i (net)
                      0.027112    0.000000   10.015211 ^ clkbuf_0_clk_i/A (sg13g2_buf_16)
     8    0.166508    0.036353    0.063756   10.078967 ^ clkbuf_0_clk_i/X (sg13g2_buf_16)
                                                         clknet_0_clk_i (net)
                      0.036982    0.003775   10.082742 ^ clkbuf_3_5__f_clk_i/A (sg13g2_buf_16)
     4    0.015390    0.013510    0.049757   10.132499 ^ clkbuf_3_5__f_clk_i/X (sg13g2_buf_16)
                                                         clknet_3_5__leaf_clk_i (net)
                      0.013510    0.000250   10.132749 ^ _201_/CLK (sg13g2_dfrbpq_1)
                                 -0.250000    9.882749   clock uncertainty
                                  0.000000    9.882749   clock reconvergence pessimism
                                 -0.077204    9.805544   library setup time
                                              9.805544   data required time
---------------------------------------------------------------------------------------------
                                              9.805544   data required time
                                             -2.620675   data arrival time
---------------------------------------------------------------------------------------------
                                              7.184869   slack (MET)


Startpoint: ui_PAD2CORE[0] (input port clocked by clk_i)
Endpoint: _183_ (rising edge-triggered flip-flop clocked by clk_i)
Path Group: clk_i
Path Type: max

Fanout         Cap        Slew       Delay        Time   Description
---------------------------------------------------------------------------------------------
                                  0.000000    0.000000   clock clk_i (rise edge)
                                  0.000000    0.000000   clock network delay (propagated)
                                  2.000000    2.000000 ^ input external delay
     1    0.004676    0.014699    0.002680    2.002680 ^ ui_PAD2CORE[0] (in)
                                                         ui_PAD2CORE[0] (net)
                      0.014699    0.000000    2.002680 ^ input2/A (sg13g2_buf_1)
     2    0.011791    0.036329    0.054356    2.057036 ^ input2/X (sg13g2_buf_1)
                                                         net2 (net)
                      0.036380    0.001097    2.058133 ^ fanout21/A (sg13g2_buf_1)
     8    0.045200    0.121830    0.120487    2.178620 ^ fanout21/X (sg13g2_buf_1)
                                                         net21 (net)
                      0.121962    0.003303    2.181923 ^ _114_/A (sg13g2_nand2_1)
     2    0.015357    0.086681    0.100350    2.282273 v _114_/Y (sg13g2_nand2_1)
                                                         _028_ (net)
                      0.086705    0.001332    2.283605 v _119_/A1 (sg13g2_o21ai_1)
     1    0.002506    0.048783    0.071331    2.354936 ^ _119_/Y (sg13g2_o21ai_1)
                                                         _013_ (net)
                      0.048783    0.000181    2.355116 ^ hold75/A (sg13g2_dlygate4sd3_1)
     1    0.001888    0.020413    0.255001    2.610117 ^ hold75/X (sg13g2_dlygate4sd3_1)
                                                         net75 (net)
                      0.020414    0.000071    2.610189 ^ _183_/D (sg13g2_dfrbpq_1)
                                              2.610189   data arrival time

                                 10.000000   10.000000   clock clk_i (rise edge)
                                  0.000000   10.000000   clock source latency
     1    0.025625    0.026735    0.015211   10.015211 ^ clk_i (in)
                                                         clk_i (net)
                      0.027112    0.000000   10.015211 ^ clkbuf_0_clk_i/A (sg13g2_buf_16)
     8    0.166508    0.036353    0.063756   10.078967 ^ clkbuf_0_clk_i/X (sg13g2_buf_16)
                                                         clknet_0_clk_i (net)
                      0.036970    0.003738   10.082705 ^ clkbuf_3_6__f_clk_i/A (sg13g2_buf_16)
     4    0.016617    0.013692    0.049877   10.132583 ^ clkbuf_3_6__f_clk_i/X (sg13g2_buf_16)
                                                         clknet_3_6__leaf_clk_i (net)
                      0.013693    0.000411   10.132995 ^ _183_/CLK (sg13g2_dfrbpq_1)
                                 -0.250000    9.882995   clock uncertainty
                                  0.000000    9.882995   clock reconvergence pessimism
                                 -0.076791    9.806203   library setup time
                                              9.806203   data required time
---------------------------------------------------------------------------------------------
                                              9.806203   data required time
                                             -2.610189   data arrival time
---------------------------------------------------------------------------------------------
                                              7.196014   slack (MET)


Startpoint: ui_PAD2CORE[0] (input port clocked by clk_i)
Endpoint: _195_ (rising edge-triggered flip-flop clocked by clk_i)
Path Group: clk_i
Path Type: max

Fanout         Cap        Slew       Delay        Time   Description
---------------------------------------------------------------------------------------------
                                  0.000000    0.000000   clock clk_i (rise edge)
                                  0.000000    0.000000   clock network delay (propagated)
                                  2.000000    2.000000 ^ input external delay
     1    0.004676    0.014699    0.002680    2.002680 ^ ui_PAD2CORE[0] (in)
                                                         ui_PAD2CORE[0] (net)
                      0.014699    0.000000    2.002680 ^ input2/A (sg13g2_buf_1)
     2    0.011791    0.036329    0.054356    2.057036 ^ input2/X (sg13g2_buf_1)
                                                         net2 (net)
                      0.036380    0.001097    2.058133 ^ fanout21/A (sg13g2_buf_1)
     8    0.045200    0.121830    0.120487    2.178620 ^ fanout21/X (sg13g2_buf_1)
                                                         net21 (net)
                      0.121963    0.003318    2.181938 ^ _150_/A (sg13g2_nand2_1)
     2    0.013193    0.077331    0.091773    2.273711 v _150_/Y (sg13g2_nand2_1)
                                                         _052_ (net)
                      0.077339    0.000784    2.274495 v _155_/A1 (sg13g2_o21ai_1)
     1    0.003083    0.050977    0.071549    2.346044 ^ _155_/Y (sg13g2_o21ai_1)
                                                         _007_ (net)
                      0.050977    0.000213    2.346257 ^ hold57/A (sg13g2_dlygate4sd3_1)
     1    0.002467    0.021725    0.257204    2.603461 ^ hold57/X (sg13g2_dlygate4sd3_1)
                                                         net57 (net)
                      0.021726    0.000167    2.603628 ^ _195_/D (sg13g2_dfrbpq_1)
                                              2.603628   data arrival time

                                 10.000000   10.000000   clock clk_i (rise edge)
                                  0.000000   10.000000   clock source latency
     1    0.025625    0.026735    0.015211   10.015211 ^ clk_i (in)
                                                         clk_i (net)
                      0.027112    0.000000   10.015211 ^ clkbuf_0_clk_i/A (sg13g2_buf_16)
     8    0.166508    0.036353    0.063756   10.078967 ^ clkbuf_0_clk_i/X (sg13g2_buf_16)
                                                         clknet_0_clk_i (net)
                      0.037037    0.003936   10.082904 ^ clkbuf_3_7__f_clk_i/A (sg13g2_buf_16)
     4    0.015568    0.013539    0.049796   10.132699 ^ clkbuf_3_7__f_clk_i/X (sg13g2_buf_16)
                                                         clknet_3_7__leaf_clk_i (net)
                      0.013539    0.000329   10.133028 ^ _195_/CLK (sg13g2_dfrbpq_1)
                                 -0.250000    9.883028   clock uncertainty
                                  0.000000    9.883028   clock reconvergence pessimism
                                 -0.077127    9.805901   library setup time
                                              9.805901   data required time
---------------------------------------------------------------------------------------------
                                              9.805901   data required time
                                             -2.603628   data arrival time
---------------------------------------------------------------------------------------------
                                              7.202272   slack (MET)


Startpoint: ui_PAD2CORE[0] (input port clocked by clk_i)
Endpoint: _179_ (rising edge-triggered flip-flop clocked by clk_i)
Path Group: clk_i
Path Type: max

Fanout         Cap        Slew       Delay        Time   Description
---------------------------------------------------------------------------------------------
                                  0.000000    0.000000   clock clk_i (rise edge)
                                  0.000000    0.000000   clock network delay (propagated)
                                  2.000000    2.000000 ^ input external delay
     1    0.004676    0.014699    0.002680    2.002680 ^ ui_PAD2CORE[0] (in)
                                                         ui_PAD2CORE[0] (net)
                      0.014699    0.000000    2.002680 ^ input2/A (sg13g2_buf_1)
     2    0.011791    0.036329    0.054356    2.057036 ^ input2/X (sg13g2_buf_1)
                                                         net2 (net)
                      0.036380    0.001097    2.058133 ^ fanout21/A (sg13g2_buf_1)
     8    0.045200    0.121830    0.120487    2.178620 ^ fanout21/X (sg13g2_buf_1)
                                                         net21 (net)
                      0.122024    0.003989    2.182609 ^ _102_/A (sg13g2_nand2_1)
     2    0.012941    0.076263    0.090785    2.273394 v _102_/Y (sg13g2_nand2_1)
                                                         _020_ (net)
                      0.076271    0.000779    2.274173 v _107_/A1 (sg13g2_o21ai_1)
     1    0.002944    0.050082    0.070613    2.344787 ^ _107_/Y (sg13g2_o21ai_1)
                                                         _001_ (net)
                      0.050082    0.000180    2.344966 ^ hold69/A (sg13g2_dlygate4sd3_1)
     1    0.002074    0.020837    0.255954    2.600921 ^ hold69/X (sg13g2_dlygate4sd3_1)
                                                         net69 (net)
                      0.020838    0.000137    2.601058 ^ _179_/D (sg13g2_dfrbpq_1)
                                              2.601058   data arrival time

                                 10.000000   10.000000   clock clk_i (rise edge)
                                  0.000000   10.000000   clock source latency
     1    0.025625    0.026735    0.015211   10.015211 ^ clk_i (in)
                                                         clk_i (net)
                      0.027112    0.000000   10.015211 ^ clkbuf_0_clk_i/A (sg13g2_buf_16)
     8    0.166508    0.036353    0.063756   10.078967 ^ clkbuf_0_clk_i/X (sg13g2_buf_16)
                                                         clknet_0_clk_i (net)
                      0.036887    0.003484   10.082452 ^ clkbuf_3_4__f_clk_i/A (sg13g2_buf_16)
     4    0.015492    0.013520    0.049728   10.132180 ^ clkbuf_3_4__f_clk_i/X (sg13g2_buf_16)
                                                         clknet_3_4__leaf_clk_i (net)
                      0.013520    0.000385   10.132565 ^ _179_/CLK (sg13g2_dfrbpq_1)
                                 -0.250000    9.882565   clock uncertainty
                                  0.000000    9.882565   clock reconvergence pessimism
                                 -0.076913    9.805652   library setup time
                                              9.805652   data required time
---------------------------------------------------------------------------------------------
                                              9.805652   data required time
                                             -2.601058   data arrival time
---------------------------------------------------------------------------------------------
                                              7.204594   slack (MET)


Startpoint: ui_PAD2CORE[0] (input port clocked by clk_i)
Endpoint: _191_ (rising edge-triggered flip-flop clocked by clk_i)
Path Group: clk_i
Path Type: max

Fanout         Cap        Slew       Delay        Time   Description
---------------------------------------------------------------------------------------------
                                  0.000000    0.000000   clock clk_i (rise edge)
                                  0.000000    0.000000   clock network delay (propagated)
                                  2.000000    2.000000 ^ input external delay
     1    0.004676    0.014699    0.002680    2.002680 ^ ui_PAD2CORE[0] (in)
                                                         ui_PAD2CORE[0] (net)
                      0.014699    0.000000    2.002680 ^ input2/A (sg13g2_buf_1)
     2    0.011791    0.036329    0.054356    2.057036 ^ input2/X (sg13g2_buf_1)
                                                         net2 (net)
                      0.036380    0.001097    2.058133 ^ fanout21/A (sg13g2_buf_1)
     8    0.045200    0.121830    0.120487    2.178620 ^ fanout21/X (sg13g2_buf_1)
                                                         net21 (net)
                      0.121845    0.001144    2.179764 ^ _138_/A (sg13g2_nand2_1)
     2    0.012695    0.075202    0.089732    2.269495 v _138_/Y (sg13g2_nand2_1)
                                                         _044_ (net)
                      0.075233    0.000773    2.270268 v _143_/A1 (sg13g2_o21ai_1)
     1    0.002677    0.048466    0.069073    2.339341 ^ _143_/Y (sg13g2_o21ai_1)
                                                         _009_ (net)
                      0.048466    0.000165    2.339507 ^ hold51/A (sg13g2_dlygate4sd3_1)
     1    0.002437    0.021658    0.256087    2.595594 ^ hold51/X (sg13g2_dlygate4sd3_1)
                                                         net51 (net)
                      0.021658    0.000165    2.595758 ^ _191_/D (sg13g2_dfrbpq_1)
                                              2.595758   data arrival time

                                 10.000000   10.000000   clock clk_i (rise edge)
                                  0.000000   10.000000   clock source latency
     1    0.025625    0.026735    0.015211   10.015211 ^ clk_i (in)
                                                         clk_i (net)
                      0.027112    0.000000   10.015211 ^ clkbuf_0_clk_i/A (sg13g2_buf_16)
     8    0.166508    0.036353    0.063756   10.078967 ^ clkbuf_0_clk_i/X (sg13g2_buf_16)
                                                         clknet_0_clk_i (net)
                      0.036970    0.003738   10.082705 ^ clkbuf_3_6__f_clk_i/A (sg13g2_buf_16)
     4    0.016617    0.013692    0.049877   10.132583 ^ clkbuf_3_6__f_clk_i/X (sg13g2_buf_16)
                                                         clknet_3_6__leaf_clk_i (net)
                      0.013698    0.000685   10.133267 ^ _191_/CLK (sg13g2_dfrbpq_1)
                                 -0.250000    9.883267   clock uncertainty
                                  0.000000    9.883267   clock reconvergence pessimism
                                 -0.077093    9.806175   library setup time
                                              9.806175   data required time
---------------------------------------------------------------------------------------------
                                              9.806175   data required time
                                             -2.595758   data arrival time
---------------------------------------------------------------------------------------------
                                              7.210416   slack (MET)


Startpoint: ui_PAD2CORE[0] (input port clocked by clk_i)
Endpoint: _193_ (rising edge-triggered flip-flop clocked by clk_i)
Path Group: clk_i
Path Type: max

Fanout         Cap        Slew       Delay        Time   Description
---------------------------------------------------------------------------------------------
                                  0.000000    0.000000   clock clk_i (rise edge)
                                  0.000000    0.000000   clock network delay (propagated)
                                  2.000000    2.000000 ^ input external delay
     1    0.004676    0.014699    0.002680    2.002680 ^ ui_PAD2CORE[0] (in)
                                                         ui_PAD2CORE[0] (net)
                      0.014699    0.000000    2.002680 ^ input2/A (sg13g2_buf_1)
     2    0.011791    0.036329    0.054356    2.057036 ^ input2/X (sg13g2_buf_1)
                                                         net2 (net)
                      0.036380    0.001097    2.058133 ^ fanout21/A (sg13g2_buf_1)
     8    0.045200    0.121830    0.120487    2.178620 ^ fanout21/X (sg13g2_buf_1)
                                                         net21 (net)
                      0.121880    0.002060    2.180680 ^ _144_/A (sg13g2_nand2_1)
     2    0.013117    0.076883    0.091603    2.272283 v _144_/Y (sg13g2_nand2_1)
                                                         _048_ (net)
                      0.076884    0.000384    2.272667 v _149_/A1 (sg13g2_o21ai_1)
     1    0.001688    0.043026    0.064836    2.337504 ^ _149_/Y (sg13g2_o21ai_1)
                                                         _008_ (net)
                      0.043026    0.000067    2.337570 ^ hold78/A (sg13g2_dlygate4sd3_1)
     1    0.002377    0.021524    0.253691    2.591261 ^ hold78/X (sg13g2_dlygate4sd3_1)
                                                         net78 (net)
                      0.021524    0.000090    2.591352 ^ _193_/D (sg13g2_dfrbpq_1)
                                              2.591352   data arrival time

                                 10.000000   10.000000   clock clk_i (rise edge)
                                  0.000000   10.000000   clock source latency
     1    0.025625    0.026735    0.015211   10.015211 ^ clk_i (in)
                                                         clk_i (net)
                      0.027112    0.000000   10.015211 ^ clkbuf_0_clk_i/A (sg13g2_buf_16)
     8    0.166508    0.036353    0.063756   10.078967 ^ clkbuf_0_clk_i/X (sg13g2_buf_16)
                                                         clknet_0_clk_i (net)
                      0.037037    0.003936   10.082904 ^ clkbuf_3_7__f_clk_i/A (sg13g2_buf_16)
     4    0.015568    0.013539    0.049796   10.132699 ^ clkbuf_3_7__f_clk_i/X (sg13g2_buf_16)
                                                         clknet_3_7__leaf_clk_i (net)
                      0.013539    0.000158   10.132857 ^ _193_/CLK (sg13g2_dfrbpq_1)
                                 -0.250000    9.882857   clock uncertainty
                                  0.000000    9.882857   clock reconvergence pessimism
                                 -0.077078    9.805779   library setup time
                                              9.805779   data required time
---------------------------------------------------------------------------------------------
                                              9.805779   data required time
                                             -2.591352   data arrival time
---------------------------------------------------------------------------------------------
                                              7.214427   slack (MET)


Startpoint: ui_PAD2CORE[0] (input port clocked by clk_i)
Endpoint: _181_ (rising edge-triggered flip-flop clocked by clk_i)
Path Group: clk_i
Path Type: max

Fanout         Cap        Slew       Delay        Time   Description
---------------------------------------------------------------------------------------------
                                  0.000000    0.000000   clock clk_i (rise edge)
                                  0.000000    0.000000   clock network delay (propagated)
                                  2.000000    2.000000 ^ input external delay
     1    0.004676    0.014699    0.002680    2.002680 ^ ui_PAD2CORE[0] (in)
                                                         ui_PAD2CORE[0] (net)
                      0.014699    0.000000    2.002680 ^ input2/A (sg13g2_buf_1)
     2    0.011791    0.036329    0.054356    2.057036 ^ input2/X (sg13g2_buf_1)
                                                         net2 (net)
                      0.036380    0.001097    2.058133 ^ fanout21/A (sg13g2_buf_1)
     8    0.045200    0.121830    0.120487    2.178620 ^ fanout21/X (sg13g2_buf_1)
                                                         net21 (net)
                      0.122019    0.003938    2.182558 ^ _108_/A (sg13g2_nand2_1)
     2    0.011164    0.068833    0.083565    2.266123 v _108_/Y (sg13g2_nand2_1)
                                                         _024_ (net)
                      0.068862    0.000612    2.266735 v _113_/A1 (sg13g2_o21ai_1)
     1    0.002738    0.048096    0.067638    2.334373 ^ _113_/Y (sg13g2_o21ai_1)
                                                         _014_ (net)
                      0.048096    0.000184    2.334557 ^ hold81/A (sg13g2_dlygate4sd3_1)
     1    0.001591    0.019744    0.254048    2.588605 ^ hold81/X (sg13g2_dlygate4sd3_1)
                                                         net81 (net)
                      0.019744    0.000063    2.588668 ^ _181_/D (sg13g2_dfrbpq_1)
                                              2.588668   data arrival time

                                 10.000000   10.000000   clock clk_i (rise edge)
                                  0.000000   10.000000   clock source latency
     1    0.025625    0.026735    0.015211   10.015211 ^ clk_i (in)
                                                         clk_i (net)
                      0.027112    0.000000   10.015211 ^ clkbuf_0_clk_i/A (sg13g2_buf_16)
     8    0.166508    0.036353    0.063756   10.078967 ^ clkbuf_0_clk_i/X (sg13g2_buf_16)
                                                         clknet_0_clk_i (net)
                      0.036887    0.003484   10.082452 ^ clkbuf_3_4__f_clk_i/A (sg13g2_buf_16)
     4    0.015492    0.013520    0.049728   10.132180 ^ clkbuf_3_4__f_clk_i/X (sg13g2_buf_16)
                                                         clknet_3_4__leaf_clk_i (net)
                      0.013520    0.000321   10.132501 ^ _181_/CLK (sg13g2_dfrbpq_1)
                                 -0.250000    9.882501   clock uncertainty
                                  0.000000    9.882501   clock reconvergence pessimism
                                 -0.076647    9.805853   library setup time
                                              9.805853   data required time
---------------------------------------------------------------------------------------------
                                              9.805853   data required time
                                             -2.588668   data arrival time
---------------------------------------------------------------------------------------------
                                              7.217185   slack (MET)


Startpoint: ui_PAD2CORE[0] (input port clocked by clk_i)
Endpoint: _187_ (rising edge-triggered flip-flop clocked by clk_i)
Path Group: clk_i
Path Type: max

Fanout         Cap        Slew       Delay        Time   Description
---------------------------------------------------------------------------------------------
                                  0.000000    0.000000   clock clk_i (rise edge)
                                  0.000000    0.000000   clock network delay (propagated)
                                  2.000000    2.000000 ^ input external delay
     1    0.004676    0.014699    0.002680    2.002680 ^ ui_PAD2CORE[0] (in)
                                                         ui_PAD2CORE[0] (net)
                      0.014699    0.000000    2.002680 ^ input2/A (sg13g2_buf_1)
     2    0.011791    0.036329    0.054356    2.057036 ^ input2/X (sg13g2_buf_1)
                                                         net2 (net)
                      0.036354    0.000782    2.057817 ^ fanout20/A (sg13g2_buf_1)
     8    0.039557    0.107231    0.110804    2.168622 ^ fanout20/X (sg13g2_buf_1)
                                                         net20 (net)
                      0.107316    0.002497    2.171119 ^ _126_/A (sg13g2_nand2_1)
     2    0.013897    0.077509    0.090564    2.261683 v _126_/Y (sg13g2_nand2_1)
                                                         _036_ (net)
                      0.077520    0.000924    2.262607 v _131_/A1 (sg13g2_o21ai_1)
     1    0.002361    0.046934    0.068186    2.330792 ^ _131_/Y (sg13g2_o21ai_1)
                                                         _011_ (net)
                      0.046934    0.000158    2.330950 ^ hold63/A (sg13g2_dlygate4sd3_1)
     1    0.002002    0.020673    0.254484    2.585434 ^ hold63/X (sg13g2_dlygate4sd3_1)
                                                         net63 (net)
                      0.020673    0.000075    2.585509 ^ _187_/D (sg13g2_dfrbpq_1)
                                              2.585509   data arrival time

                                 10.000000   10.000000   clock clk_i (rise edge)
                                  0.000000   10.000000   clock source latency
     1    0.025625    0.026735    0.015211   10.015211 ^ clk_i (in)
                                                         clk_i (net)
                      0.027112    0.000000   10.015211 ^ clkbuf_0_clk_i/A (sg13g2_buf_16)
     8    0.166508    0.036353    0.063756   10.078967 ^ clkbuf_0_clk_i/X (sg13g2_buf_16)
                                                         clknet_0_clk_i (net)
                      0.036929    0.003615   10.082582 ^ clkbuf_3_3__f_clk_i/A (sg13g2_buf_16)
     4    0.017763    0.013876    0.049922   10.132504 ^ clkbuf_3_3__f_clk_i/X (sg13g2_buf_16)
                                                         clknet_3_3__leaf_clk_i (net)
                      0.013903    0.001187   10.133691 ^ _187_/CLK (sg13g2_dfrbpq_1)
                                 -0.250000    9.883691   clock uncertainty
                                  0.000000    9.883691   clock reconvergence pessimism
                                 -0.076830    9.806861   library setup time
                                              9.806861   data required time
---------------------------------------------------------------------------------------------
                                              9.806861   data required time
                                             -2.585509   data arrival time
---------------------------------------------------------------------------------------------
                                              7.221352   slack (MET)


Startpoint: ui_PAD2CORE[0] (input port clocked by clk_i)
Endpoint: _185_ (rising edge-triggered flip-flop clocked by clk_i)
Path Group: clk_i
Path Type: max

Fanout         Cap        Slew       Delay        Time   Description
---------------------------------------------------------------------------------------------
                                  0.000000    0.000000   clock clk_i (rise edge)
                                  0.000000    0.000000   clock network delay (propagated)
                                  2.000000    2.000000 ^ input external delay
     1    0.004676    0.014699    0.002680    2.002680 ^ ui_PAD2CORE[0] (in)
                                                         ui_PAD2CORE[0] (net)
                      0.014699    0.000000    2.002680 ^ input2/A (sg13g2_buf_1)
     2    0.011791    0.036329    0.054356    2.057036 ^ input2/X (sg13g2_buf_1)
                                                         net2 (net)
                      0.036354    0.000782    2.057817 ^ fanout20/A (sg13g2_buf_1)
     8    0.039557    0.107231    0.110804    2.168622 ^ fanout20/X (sg13g2_buf_1)
                                                         net20 (net)
                      0.107330    0.002682    2.171304 ^ _120_/A (sg13g2_nand2_1)
     2    0.013885    0.077507    0.090446    2.261749 v _120_/Y (sg13g2_nand2_1)
                                                         _032_ (net)
                      0.077545    0.001049    2.262798 v _125_/A1 (sg13g2_o21ai_1)
     1    0.002240    0.046253    0.067621    2.330419 ^ _125_/Y (sg13g2_o21ai_1)
                                                         _012_ (net)
                      0.046253    0.000149    2.330568 ^ hold60/A (sg13g2_dlygate4sd3_1)
     1    0.002044    0.020770    0.254294    2.584862 ^ hold60/X (sg13g2_dlygate4sd3_1)
                                                         net60 (net)
                      0.020770    0.000078    2.584940 ^ _185_/D (sg13g2_dfrbpq_1)
                                              2.584940   data arrival time

                                 10.000000   10.000000   clock clk_i (rise edge)
                                  0.000000   10.000000   clock source latency
     1    0.025625    0.026735    0.015211   10.015211 ^ clk_i (in)
                                                         clk_i (net)
                      0.027112    0.000000   10.015211 ^ clkbuf_0_clk_i/A (sg13g2_buf_16)
     8    0.166508    0.036353    0.063756   10.078967 ^ clkbuf_0_clk_i/X (sg13g2_buf_16)
                                                         clknet_0_clk_i (net)
                      0.036897    0.003516   10.082483 ^ clkbuf_3_1__f_clk_i/A (sg13g2_buf_16)
     4    0.018603    0.013994    0.050048   10.132531 ^ clkbuf_3_1__f_clk_i/X (sg13g2_buf_16)
                                                         clknet_3_1__leaf_clk_i (net)
                      0.014020    0.001157   10.133689 ^ _185_/CLK (sg13g2_dfrbpq_1)
                                 -0.250000    9.883689   clock uncertainty
                                  0.000000    9.883689   clock reconvergence pessimism
                                 -0.076841    9.806849   library setup time
                                              9.806849   data required time
---------------------------------------------------------------------------------------------
                                              9.806849   data required time
                                             -2.584940   data arrival time
---------------------------------------------------------------------------------------------
                                              7.221909   slack (MET)


Startpoint: ui_PAD2CORE[0] (input port clocked by clk_i)
Endpoint: _171_ (rising edge-triggered flip-flop clocked by clk_i)
Path Group: clk_i
Path Type: max

Fanout         Cap        Slew       Delay        Time   Description
---------------------------------------------------------------------------------------------
                                  0.000000    0.000000   clock clk_i (rise edge)
                                  0.000000    0.000000   clock network delay (propagated)
                                  2.000000    2.000000 ^ input external delay
     1    0.004676    0.014699    0.002680    2.002680 ^ ui_PAD2CORE[0] (in)
                                                         ui_PAD2CORE[0] (net)
                      0.014699    0.000000    2.002680 ^ input2/A (sg13g2_buf_1)
     2    0.011791    0.036329    0.054356    2.057036 ^ input2/X (sg13g2_buf_1)
                                                         net2 (net)
                      0.036354    0.000782    2.057817 ^ fanout20/A (sg13g2_buf_1)
     8    0.039557    0.107231    0.110804    2.168622 ^ fanout20/X (sg13g2_buf_1)
                                                         net20 (net)
                      0.107326    0.002625    2.171247 ^ _078_/A (sg13g2_nand2_1)
     2    0.012951    0.073666    0.086770    2.258016 v _078_/Y (sg13g2_nand2_1)
                                                         _065_ (net)
                      0.073710    0.001124    2.259140 v _083_/A1 (sg13g2_o21ai_1)
     1    0.002759    0.048755    0.069037    2.328177 ^ _083_/Y (sg13g2_o21ai_1)
                                                         _005_ (net)
                      0.048755    0.000207    2.328384 ^ hold45/A (sg13g2_dlygate4sd3_1)
     1    0.001721    0.020045    0.254615    2.582999 ^ hold45/X (sg13g2_dlygate4sd3_1)
                                                         net45 (net)
                      0.020046    0.000066    2.583065 ^ _171_/D (sg13g2_dfrbpq_1)
                                              2.583065   data arrival time

                                 10.000000   10.000000   clock clk_i (rise edge)
                                  0.000000   10.000000   clock source latency
     1    0.025625    0.026735    0.015211   10.015211 ^ clk_i (in)
                                                         clk_i (net)
                      0.027112    0.000000   10.015211 ^ clkbuf_0_clk_i/A (sg13g2_buf_16)
     8    0.166508    0.036353    0.063756   10.078967 ^ clkbuf_0_clk_i/X (sg13g2_buf_16)
                                                         clknet_0_clk_i (net)
                      0.036871    0.003434   10.082401 ^ clkbuf_3_2__f_clk_i/A (sg13g2_buf_16)
     4    0.017256    0.013786    0.049894   10.132296 ^ clkbuf_3_2__f_clk_i/X (sg13g2_buf_16)
                                                         clknet_3_2__leaf_clk_i (net)
                      0.013802    0.000949   10.133245 ^ _171_/CLK (sg13g2_dfrbpq_1)
                                 -0.250000    9.883245   clock uncertainty
                                  0.000000    9.883245   clock reconvergence pessimism
                                 -0.076689    9.806556   library setup time
                                              9.806556   data required time
---------------------------------------------------------------------------------------------
                                              9.806556   data required time
                                             -2.583065   data arrival time
---------------------------------------------------------------------------------------------
                                              7.223491   slack (MET)


Startpoint: ui_PAD2CORE[0] (input port clocked by clk_i)
Endpoint: _175_ (rising edge-triggered flip-flop clocked by clk_i)
Path Group: clk_i
Path Type: max

Fanout         Cap        Slew       Delay        Time   Description
---------------------------------------------------------------------------------------------
                                  0.000000    0.000000   clock clk_i (rise edge)
                                  0.000000    0.000000   clock network delay (propagated)
                                  2.000000    2.000000 ^ input external delay
     1    0.004676    0.014699    0.002680    2.002680 ^ ui_PAD2CORE[0] (in)
                                                         ui_PAD2CORE[0] (net)
                      0.014699    0.000000    2.002680 ^ input2/A (sg13g2_buf_1)
     2    0.011791    0.036329    0.054356    2.057036 ^ input2/X (sg13g2_buf_1)
                                                         net2 (net)
                      0.036354    0.000782    2.057817 ^ fanout20/A (sg13g2_buf_1)
     8    0.039557    0.107231    0.110804    2.168622 ^ fanout20/X (sg13g2_buf_1)
                                                         net20 (net)
                      0.107433    0.003801    2.172422 ^ _090_/A (sg13g2_nand2_1)
     2    0.011393    0.067204    0.080909    2.253331 v _090_/Y (sg13g2_nand2_1)
                                                         _073_ (net)
                      0.067233    0.000657    2.253988 v _095_/A1 (sg13g2_o21ai_1)
     1    0.002713    0.047780    0.067102    2.321090 ^ _095_/Y (sg13g2_o21ai_1)
                                                         _003_ (net)
                      0.047780    0.000098    2.321188 ^ hold48/A (sg13g2_dlygate4sd3_1)
     1    0.002454    0.021696    0.255841    2.577029 ^ hold48/X (sg13g2_dlygate4sd3_1)
                                                         net48 (net)
                      0.021696    0.000154    2.577183 ^ _175_/D (sg13g2_dfrbpq_1)
                                              2.577183   data arrival time

                                 10.000000   10.000000   clock clk_i (rise edge)
                                  0.000000   10.000000   clock source latency
     1    0.025625    0.026735    0.015211   10.015211 ^ clk_i (in)
                                                         clk_i (net)
                      0.027112    0.000000   10.015211 ^ clkbuf_0_clk_i/A (sg13g2_buf_16)
     8    0.166508    0.036353    0.063756   10.078967 ^ clkbuf_0_clk_i/X (sg13g2_buf_16)
                                                         clknet_0_clk_i (net)
                      0.036801    0.003199   10.082167 ^ clkbuf_3_0__f_clk_i/A (sg13g2_buf_16)
     4    0.015231    0.013477    0.049669   10.131835 ^ clkbuf_3_0__f_clk_i/X (sg13g2_buf_16)
                                                         clknet_3_0__leaf_clk_i (net)
                      0.013477    0.000258   10.132092 ^ _175_/CLK (sg13g2_dfrbpq_1)
                                 -0.250000    9.882092   clock uncertainty
                                  0.000000    9.882092   clock reconvergence pessimism
                                 -0.077127    9.804966   library setup time
                                              9.804966   data required time
---------------------------------------------------------------------------------------------
                                              9.804966   data required time
                                             -2.577183   data arrival time
---------------------------------------------------------------------------------------------
                                              7.227783   slack (MET)


Startpoint: ui_PAD2CORE[0] (input port clocked by clk_i)
Endpoint: _177_ (rising edge-triggered flip-flop clocked by clk_i)
Path Group: clk_i
Path Type: max

Fanout         Cap        Slew       Delay        Time   Description
---------------------------------------------------------------------------------------------
                                  0.000000    0.000000   clock clk_i (rise edge)
                                  0.000000    0.000000   clock network delay (propagated)
                                  2.000000    2.000000 ^ input external delay
     1    0.004676    0.014699    0.002680    2.002680 ^ ui_PAD2CORE[0] (in)
                                                         ui_PAD2CORE[0] (net)
                      0.014699    0.000000    2.002680 ^ input2/A (sg13g2_buf_1)
     2    0.011791    0.036329    0.054356    2.057036 ^ input2/X (sg13g2_buf_1)
                                                         net2 (net)
                      0.036354    0.000782    2.057817 ^ fanout20/A (sg13g2_buf_1)
     8    0.039557    0.107231    0.110804    2.168622 ^ fanout20/X (sg13g2_buf_1)
                                                         net20 (net)
                      0.107448    0.003934    2.172556 ^ _096_/A (sg13g2_nand2_1)
     2    0.010906    0.065239    0.079010    2.251566 v _096_/Y (sg13g2_nand2_1)
                                                         _077_ (net)
                      0.065268    0.000629    2.252196 v _101_/A1 (sg13g2_o21ai_1)
     1    0.002720    0.047600    0.066606    2.318801 ^ _101_/Y (sg13g2_o21ai_1)
                                                         _002_ (net)
                      0.047600    0.000097    2.318899 ^ hold87/A (sg13g2_dlygate4sd3_1)
     1    0.001877    0.020390    0.254484    2.573382 ^ hold87/X (sg13g2_dlygate4sd3_1)
                                                         net87 (net)
                      0.020390    0.000071    2.573453 ^ _177_/D (sg13g2_dfrbpq_1)
                                              2.573453   data arrival time

                                 10.000000   10.000000   clock clk_i (rise edge)
                                  0.000000   10.000000   clock source latency
     1    0.025625    0.026735    0.015211   10.015211 ^ clk_i (in)
                                                         clk_i (net)
                      0.027112    0.000000   10.015211 ^ clkbuf_0_clk_i/A (sg13g2_buf_16)
     8    0.166508    0.036353    0.063756   10.078967 ^ clkbuf_0_clk_i/X (sg13g2_buf_16)
                                                         clknet_0_clk_i (net)
                      0.036897    0.003516   10.082483 ^ clkbuf_3_1__f_clk_i/A (sg13g2_buf_16)
     4    0.018603    0.013994    0.050048   10.132531 ^ clkbuf_3_1__f_clk_i/X (sg13g2_buf_16)
                                                         clknet_3_1__leaf_clk_i (net)
                      0.014016    0.001081   10.133613 ^ _177_/CLK (sg13g2_dfrbpq_1)
                                 -0.250000    9.883613   clock uncertainty
                                  0.000000    9.883613   clock reconvergence pessimism
                                 -0.076749    9.806864   library setup time
                                              9.806864   data required time
---------------------------------------------------------------------------------------------
                                              9.806864   data required time
                                             -2.573453   data arrival time
---------------------------------------------------------------------------------------------
                                              7.233410   slack (MET)


Startpoint: ui_PAD2CORE[0] (input port clocked by clk_i)
Endpoint: _173_ (rising edge-triggered flip-flop clocked by clk_i)
Path Group: clk_i
Path Type: max

Fanout         Cap        Slew       Delay        Time   Description
---------------------------------------------------------------------------------------------
                                  0.000000    0.000000   clock clk_i (rise edge)
                                  0.000000    0.000000   clock network delay (propagated)
                                  2.000000    2.000000 ^ input external delay
     1    0.004676    0.014699    0.002680    2.002680 ^ ui_PAD2CORE[0] (in)
                                                         ui_PAD2CORE[0] (net)
                      0.014699    0.000000    2.002680 ^ input2/A (sg13g2_buf_1)
     2    0.011791    0.036329    0.054356    2.057036 ^ input2/X (sg13g2_buf_1)
                                                         net2 (net)
                      0.036354    0.000782    2.057817 ^ fanout20/A (sg13g2_buf_1)
     8    0.039557    0.107231    0.110804    2.168622 ^ fanout20/X (sg13g2_buf_1)
                                                         net20 (net)
                      0.107402    0.003502    2.172124 ^ _084_/B (sg13g2_nand2_1)
     2    0.011084    0.060727    0.079138    2.251262 v _084_/Y (sg13g2_nand2_1)
                                                         _069_ (net)
                      0.060728    0.000343    2.251605 v _089_/A1 (sg13g2_o21ai_1)
     1    0.002720    0.047092    0.065365    2.316970 ^ _089_/Y (sg13g2_o21ai_1)
                                                         _004_ (net)
                      0.047092    0.000199    2.317169 ^ hold54/A (sg13g2_dlygate4sd3_1)
     1    0.001855    0.020355    0.254221    2.571390 ^ hold54/X (sg13g2_dlygate4sd3_1)
                                                         net54 (net)
                      0.020355    0.000069    2.571459 ^ _173_/D (sg13g2_dfrbpq_1)
                                              2.571459   data arrival time

                                 10.000000   10.000000   clock clk_i (rise edge)
                                  0.000000   10.000000   clock source latency
     1    0.025625    0.026735    0.015211   10.015211 ^ clk_i (in)
                                                         clk_i (net)
                      0.027112    0.000000   10.015211 ^ clkbuf_0_clk_i/A (sg13g2_buf_16)
     8    0.166508    0.036353    0.063756   10.078967 ^ clkbuf_0_clk_i/X (sg13g2_buf_16)
                                                         clknet_0_clk_i (net)
                      0.036801    0.003199   10.082167 ^ clkbuf_3_0__f_clk_i/A (sg13g2_buf_16)
     4    0.015231    0.013477    0.049669   10.131835 ^ clkbuf_3_0__f_clk_i/X (sg13g2_buf_16)
                                                         clknet_3_0__leaf_clk_i (net)
                      0.013477    0.000226   10.132061 ^ _173_/CLK (sg13g2_dfrbpq_1)
                                 -0.250000    9.882061   clock uncertainty
                                  0.000000    9.882061   clock reconvergence pessimism
                                 -0.076801    9.805260   library setup time
                                              9.805260   data required time
---------------------------------------------------------------------------------------------
                                              9.805260   data required time
                                             -2.571459   data arrival time
---------------------------------------------------------------------------------------------
                                              7.233801   slack (MET)


Startpoint: ui_PAD2CORE[0] (input port clocked by clk_i)
Endpoint: _189_ (rising edge-triggered flip-flop clocked by clk_i)
Path Group: clk_i
Path Type: max

Fanout         Cap        Slew       Delay        Time   Description
---------------------------------------------------------------------------------------------
                                  0.000000    0.000000   clock clk_i (rise edge)
                                  0.000000    0.000000   clock network delay (propagated)
                                  2.000000    2.000000 ^ input external delay
     1    0.004676    0.014699    0.002680    2.002680 ^ ui_PAD2CORE[0] (in)
                                                         ui_PAD2CORE[0] (net)
                      0.014699    0.000000    2.002680 ^ input2/A (sg13g2_buf_1)
     2    0.011791    0.036329    0.054356    2.057036 ^ input2/X (sg13g2_buf_1)
                                                         net2 (net)
                      0.036354    0.000782    2.057817 ^ fanout20/A (sg13g2_buf_1)
     8    0.039557    0.107231    0.110804    2.168622 ^ fanout20/X (sg13g2_buf_1)
                                                         net20 (net)
                      0.107233    0.000353    2.168975 ^ _132_/A (sg13g2_nand2_1)
     2    0.011715    0.068415    0.082207    2.251182 v _132_/Y (sg13g2_nand2_1)
                                                         _040_ (net)
                      0.068440    0.000503    2.251685 v _137_/A1 (sg13g2_o21ai_1)
     1    0.002263    0.045357    0.065300    2.316986 ^ _137_/Y (sg13g2_o21ai_1)
                                                         _010_ (net)
                      0.045357    0.000152    2.317137 ^ hold66/A (sg13g2_dlygate4sd3_1)
     1    0.001882    0.020400    0.253556    2.570693 ^ hold66/X (sg13g2_dlygate4sd3_1)
                                                         net66 (net)
                      0.020400    0.000071    2.570765 ^ _189_/D (sg13g2_dfrbpq_1)
                                              2.570765   data arrival time

                                 10.000000   10.000000   clock clk_i (rise edge)
                                  0.000000   10.000000   clock source latency
     1    0.025625    0.026735    0.015211   10.015211 ^ clk_i (in)
                                                         clk_i (net)
                      0.027112    0.000000   10.015211 ^ clkbuf_0_clk_i/A (sg13g2_buf_16)
     8    0.166508    0.036353    0.063756   10.078967 ^ clkbuf_0_clk_i/X (sg13g2_buf_16)
                                                         clknet_0_clk_i (net)
                      0.036871    0.003434   10.082401 ^ clkbuf_3_2__f_clk_i/A (sg13g2_buf_16)
     4    0.017256    0.013786    0.049894   10.132296 ^ clkbuf_3_2__f_clk_i/X (sg13g2_buf_16)
                                                         clknet_3_2__leaf_clk_i (net)
                      0.013798    0.000869   10.133163 ^ _189_/CLK (sg13g2_dfrbpq_1)
                                 -0.250000    9.883163   clock uncertainty
                                  0.000000    9.883163   clock reconvergence pessimism
                                 -0.076776    9.806388   library setup time
                                              9.806388   data required time
---------------------------------------------------------------------------------------------
                                              9.806388   data required time
                                             -2.570765   data arrival time
---------------------------------------------------------------------------------------------
                                              7.235623   slack (MET)


Startpoint: rst_ni (input port clocked by clk_i)
Endpoint: _172_ (recovery check against rising-edge clock clk_i)
Path Group: asynchronous
Path Type: max

Fanout         Cap        Slew       Delay        Time   Description
---------------------------------------------------------------------------------------------
                                  0.000000    0.000000   clock clk_i (rise edge)
                                  0.000000    0.000000   clock network delay (propagated)
                                  2.000000    2.000000 ^ input external delay
     1    0.004747    0.014742    0.002695    2.002695 ^ rst_ni (in)
                                                         rst_ni (net)
                      0.014742    0.000000    2.002695 ^ input1/A (sg13g2_buf_1)
     1    0.002933    0.014600    0.038162    2.040858 ^ input1/X (sg13g2_buf_1)
                                                         net1 (net)
                      0.014602    0.000114    2.040972 ^ fanout26/A (sg13g2_buf_1)
     4    0.023934    0.066866    0.076451    2.117423 ^ fanout26/X (sg13g2_buf_1)
                                                         net26 (net)
                      0.066891    0.001074    2.118497 ^ fanout23/A (sg13g2_buf_1)
     8    0.056095    0.150197    0.148736    2.267233 ^ fanout23/X (sg13g2_buf_1)
                                                         net23 (net)
                      0.150212    0.001246    2.268479 ^ fanout22/A (sg13g2_buf_1)
     8    0.054265    0.145698    0.167402    2.435881 ^ fanout22/X (sg13g2_buf_1)
                                                         net22 (net)
                      0.145793    0.003078    2.438959 ^ _172_/RESET_B (sg13g2_dfrbpq_1)
                                              2.438959   data arrival time

                                 10.000000   10.000000   clock clk_i (rise edge)
                                  0.000000   10.000000   clock source latency
     1    0.025625    0.026735    0.015211   10.015211 ^ clk_i (in)
                                                         clk_i (net)
                      0.027112    0.000000   10.015211 ^ clkbuf_0_clk_i/A (sg13g2_buf_16)
     8    0.166508    0.036353    0.063756   10.078967 ^ clkbuf_0_clk_i/X (sg13g2_buf_16)
                                                         clknet_0_clk_i (net)
                      0.036801    0.003199   10.082167 ^ clkbuf_3_0__f_clk_i/A (sg13g2_buf_16)
     4    0.015231    0.013477    0.049669   10.131835 ^ clkbuf_3_0__f_clk_i/X (sg13g2_buf_16)
                                                         clknet_3_0__leaf_clk_i (net)
                      0.013477    0.000249   10.132084 ^ _172_/CLK (sg13g2_dfrbpq_1)
                                 -0.250000    9.882084   clock uncertainty
                                  0.000000    9.882084   clock reconvergence pessimism
                                 -0.110987    9.771097   library recovery time
                                              9.771097   data required time
---------------------------------------------------------------------------------------------
                                              9.771097   data required time
                                             -2.438959   data arrival time
---------------------------------------------------------------------------------------------
                                              7.332138   slack (MET)


Startpoint: rst_ni (input port clocked by clk_i)
Endpoint: _186_ (recovery check against rising-edge clock clk_i)
Path Group: asynchronous
Path Type: max

Fanout         Cap        Slew       Delay        Time   Description
---------------------------------------------------------------------------------------------
                                  0.000000    0.000000   clock clk_i (rise edge)
                                  0.000000    0.000000   clock network delay (propagated)
                                  2.000000    2.000000 ^ input external delay
     1    0.004747    0.014742    0.002695    2.002695 ^ rst_ni (in)
                                                         rst_ni (net)
                      0.014742    0.000000    2.002695 ^ input1/A (sg13g2_buf_1)
     1    0.002933    0.014600    0.038162    2.040858 ^ input1/X (sg13g2_buf_1)
                                                         net1 (net)
                      0.014602    0.000114    2.040972 ^ fanout26/A (sg13g2_buf_1)
     4    0.023934    0.066866    0.076451    2.117423 ^ fanout26/X (sg13g2_buf_1)
                                                         net26 (net)
                      0.066891    0.001074    2.118497 ^ fanout23/A (sg13g2_buf_1)
     8    0.056095    0.150197    0.148736    2.267233 ^ fanout23/X (sg13g2_buf_1)
                                                         net23 (net)
                      0.150212    0.001246    2.268479 ^ fanout22/A (sg13g2_buf_1)
     8    0.054265    0.145698    0.167402    2.435881 ^ fanout22/X (sg13g2_buf_1)
                                                         net22 (net)
                      0.145854    0.003924    2.439805 ^ _186_/RESET_B (sg13g2_dfrbpq_1)
                                              2.439805   data arrival time

                                 10.000000   10.000000   clock clk_i (rise edge)
                                  0.000000   10.000000   clock source latency
     1    0.025625    0.026735    0.015211   10.015211 ^ clk_i (in)
                                                         clk_i (net)
                      0.027112    0.000000   10.015211 ^ clkbuf_0_clk_i/A (sg13g2_buf_16)
     8    0.166508    0.036353    0.063756   10.078967 ^ clkbuf_0_clk_i/X (sg13g2_buf_16)
                                                         clknet_0_clk_i (net)
                      0.036929    0.003615   10.082582 ^ clkbuf_3_3__f_clk_i/A (sg13g2_buf_16)
     4    0.017763    0.013876    0.049922   10.132504 ^ clkbuf_3_3__f_clk_i/X (sg13g2_buf_16)
                                                         clknet_3_3__leaf_clk_i (net)
                      0.013905    0.001212   10.133717 ^ _186_/CLK (sg13g2_dfrbpq_1)
                                 -0.250000    9.883717   clock uncertainty
                                  0.000000    9.883717   clock reconvergence pessimism
                                 -0.110952    9.772765   library recovery time
                                              9.772765   data required time
---------------------------------------------------------------------------------------------
                                              9.772765   data required time
                                             -2.439805   data arrival time
---------------------------------------------------------------------------------------------
                                              7.332960   slack (MET)


Startpoint: rst_ni (input port clocked by clk_i)
Endpoint: _187_ (recovery check against rising-edge clock clk_i)
Path Group: asynchronous
Path Type: max

Fanout         Cap        Slew       Delay        Time   Description
---------------------------------------------------------------------------------------------
                                  0.000000    0.000000   clock clk_i (rise edge)
                                  0.000000    0.000000   clock network delay (propagated)
                                  2.000000    2.000000 ^ input external delay
     1    0.004747    0.014742    0.002695    2.002695 ^ rst_ni (in)
                                                         rst_ni (net)
                      0.014742    0.000000    2.002695 ^ input1/A (sg13g2_buf_1)
     1    0.002933    0.014600    0.038162    2.040858 ^ input1/X (sg13g2_buf_1)
                                                         net1 (net)
                      0.014602    0.000114    2.040972 ^ fanout26/A (sg13g2_buf_1)
     4    0.023934    0.066866    0.076451    2.117423 ^ fanout26/X (sg13g2_buf_1)
                                                         net26 (net)
                      0.066891    0.001074    2.118497 ^ fanout23/A (sg13g2_buf_1)
     8    0.056095    0.150197    0.148736    2.267233 ^ fanout23/X (sg13g2_buf_1)
                                                         net23 (net)
                      0.150212    0.001246    2.268479 ^ fanout22/A (sg13g2_buf_1)
     8    0.054265    0.145698    0.167402    2.435881 ^ fanout22/X (sg13g2_buf_1)
                                                         net22 (net)
                      0.145851    0.003886    2.439767 ^ _187_/RESET_B (sg13g2_dfrbpq_1)
                                              2.439767   data arrival time

                                 10.000000   10.000000   clock clk_i (rise edge)
                                  0.000000   10.000000   clock source latency
     1    0.025625    0.026735    0.015211   10.015211 ^ clk_i (in)
                                                         clk_i (net)
                      0.027112    0.000000   10.015211 ^ clkbuf_0_clk_i/A (sg13g2_buf_16)
     8    0.166508    0.036353    0.063756   10.078967 ^ clkbuf_0_clk_i/X (sg13g2_buf_16)
                                                         clknet_0_clk_i (net)
                      0.036929    0.003615   10.082582 ^ clkbuf_3_3__f_clk_i/A (sg13g2_buf_16)
     4    0.017763    0.013876    0.049922   10.132504 ^ clkbuf_3_3__f_clk_i/X (sg13g2_buf_16)
                                                         clknet_3_3__leaf_clk_i (net)
                      0.013903    0.001187   10.133691 ^ _187_/CLK (sg13g2_dfrbpq_1)
                                 -0.250000    9.883691   clock uncertainty
                                  0.000000    9.883691   clock reconvergence pessimism
                                 -0.110951    9.772739   library recovery time
                                              9.772739   data required time
---------------------------------------------------------------------------------------------
                                              9.772739   data required time
                                             -2.439767   data arrival time
---------------------------------------------------------------------------------------------
                                              7.332972   slack (MET)


Startpoint: rst_ni (input port clocked by clk_i)
Endpoint: _189_ (recovery check against rising-edge clock clk_i)
Path Group: asynchronous
Path Type: max

Fanout         Cap        Slew       Delay        Time   Description
---------------------------------------------------------------------------------------------
                                  0.000000    0.000000   clock clk_i (rise edge)
                                  0.000000    0.000000   clock network delay (propagated)
                                  2.000000    2.000000 ^ input external delay
     1    0.004747    0.014742    0.002695    2.002695 ^ rst_ni (in)
                                                         rst_ni (net)
                      0.014742    0.000000    2.002695 ^ input1/A (sg13g2_buf_1)
     1    0.002933    0.014600    0.038162    2.040858 ^ input1/X (sg13g2_buf_1)
                                                         net1 (net)
                      0.014602    0.000114    2.040972 ^ fanout26/A (sg13g2_buf_1)
     4    0.023934    0.066866    0.076451    2.117423 ^ fanout26/X (sg13g2_buf_1)
                                                         net26 (net)
                      0.066891    0.001074    2.118497 ^ fanout23/A (sg13g2_buf_1)
     8    0.056095    0.150197    0.148736    2.267233 ^ fanout23/X (sg13g2_buf_1)
                                                         net23 (net)
                      0.150212    0.001246    2.268479 ^ fanout22/A (sg13g2_buf_1)
     8    0.054265    0.145698    0.167402    2.435881 ^ fanout22/X (sg13g2_buf_1)
                                                         net22 (net)
                      0.145805    0.003266    2.439147 ^ _189_/RESET_B (sg13g2_dfrbpq_1)
                                              2.439147   data arrival time

                                 10.000000   10.000000   clock clk_i (rise edge)
                                  0.000000   10.000000   clock source latency
     1    0.025625    0.026735    0.015211   10.015211 ^ clk_i (in)
                                                         clk_i (net)
                      0.027112    0.000000   10.015211 ^ clkbuf_0_clk_i/A (sg13g2_buf_16)
     8    0.166508    0.036353    0.063756   10.078967 ^ clkbuf_0_clk_i/X (sg13g2_buf_16)
                                                         clknet_0_clk_i (net)
                      0.036871    0.003434   10.082401 ^ clkbuf_3_2__f_clk_i/A (sg13g2_buf_16)
     4    0.017256    0.013786    0.049894   10.132296 ^ clkbuf_3_2__f_clk_i/X (sg13g2_buf_16)
                                                         clknet_3_2__leaf_clk_i (net)
                      0.013798    0.000869   10.133163 ^ _189_/CLK (sg13g2_dfrbpq_1)
                                 -0.250000    9.883163   clock uncertainty
                                  0.000000    9.883163   clock reconvergence pessimism
                                 -0.110953    9.772211   library recovery time
                                              9.772211   data required time
---------------------------------------------------------------------------------------------
                                              9.772211   data required time
                                             -2.439147   data arrival time
---------------------------------------------------------------------------------------------
                                              7.333064   slack (MET)


Startpoint: rst_ni (input port clocked by clk_i)
Endpoint: _200_ (recovery check against rising-edge clock clk_i)
Path Group: asynchronous
Path Type: max

Fanout         Cap        Slew       Delay        Time   Description
---------------------------------------------------------------------------------------------
                                  0.000000    0.000000   clock clk_i (rise edge)
                                  0.000000    0.000000   clock network delay (propagated)
                                  2.000000    2.000000 ^ input external delay
     1    0.004747    0.014742    0.002695    2.002695 ^ rst_ni (in)
                                                         rst_ni (net)
                      0.014742    0.000000    2.002695 ^ input1/A (sg13g2_buf_1)
     1    0.002933    0.014600    0.038162    2.040858 ^ input1/X (sg13g2_buf_1)
                                                         net1 (net)
                      0.014602    0.000114    2.040972 ^ fanout26/A (sg13g2_buf_1)
     4    0.023934    0.066866    0.076451    2.117423 ^ fanout26/X (sg13g2_buf_1)
                                                         net26 (net)
                      0.066891    0.001074    2.118497 ^ fanout23/A (sg13g2_buf_1)
     8    0.056095    0.150197    0.148736    2.267233 ^ fanout23/X (sg13g2_buf_1)
                                                         net23 (net)
                      0.150212    0.001246    2.268479 ^ fanout22/A (sg13g2_buf_1)
     8    0.054265    0.145698    0.167402    2.435881 ^ fanout22/X (sg13g2_buf_1)
                                                         net22 (net)
                      0.145773    0.002739    2.438620 ^ _200_/RESET_B (sg13g2_dfrbpq_1)
                                              2.438620   data arrival time

                                 10.000000   10.000000   clock clk_i (rise edge)
                                  0.000000   10.000000   clock source latency
     1    0.025625    0.026735    0.015211   10.015211 ^ clk_i (in)
                                                         clk_i (net)
                      0.027112    0.000000   10.015211 ^ clkbuf_0_clk_i/A (sg13g2_buf_16)
     8    0.166508    0.036353    0.063756   10.078967 ^ clkbuf_0_clk_i/X (sg13g2_buf_16)
                                                         clknet_0_clk_i (net)
                      0.036871    0.003434   10.082401 ^ clkbuf_3_2__f_clk_i/A (sg13g2_buf_16)
     4    0.017256    0.013786    0.049894   10.132296 ^ clkbuf_3_2__f_clk_i/X (sg13g2_buf_16)
                                                         clknet_3_2__leaf_clk_i (net)
                      0.013788    0.000435   10.132730 ^ _200_/CLK (sg13g2_dfrbpq_1)
                                 -0.250000    9.882730   clock uncertainty
                                  0.000000    9.882730   clock reconvergence pessimism
                                 -0.110946    9.771785   library recovery time
                                              9.771785   data required time
---------------------------------------------------------------------------------------------
                                              9.771785   data required time
                                             -2.438620   data arrival time
---------------------------------------------------------------------------------------------
                                              7.333165   slack (MET)


Startpoint: rst_ni (input port clocked by clk_i)
Endpoint: _171_ (recovery check against rising-edge clock clk_i)
Path Group: asynchronous
Path Type: max

Fanout         Cap        Slew       Delay        Time   Description
---------------------------------------------------------------------------------------------
                                  0.000000    0.000000   clock clk_i (rise edge)
                                  0.000000    0.000000   clock network delay (propagated)
                                  2.000000    2.000000 ^ input external delay
     1    0.004747    0.014742    0.002695    2.002695 ^ rst_ni (in)
                                                         rst_ni (net)
                      0.014742    0.000000    2.002695 ^ input1/A (sg13g2_buf_1)
     1    0.002933    0.014600    0.038162    2.040858 ^ input1/X (sg13g2_buf_1)
                                                         net1 (net)
                      0.014602    0.000114    2.040972 ^ fanout26/A (sg13g2_buf_1)
     4    0.023934    0.066866    0.076451    2.117423 ^ fanout26/X (sg13g2_buf_1)
                                                         net26 (net)
                      0.066891    0.001074    2.118497 ^ fanout23/A (sg13g2_buf_1)
     8    0.056095    0.150197    0.148736    2.267233 ^ fanout23/X (sg13g2_buf_1)
                                                         net23 (net)
                      0.150212    0.001246    2.268479 ^ fanout22/A (sg13g2_buf_1)
     8    0.054265    0.145698    0.167402    2.435881 ^ fanout22/X (sg13g2_buf_1)
                                                         net22 (net)
                      0.145790    0.003030    2.438911 ^ _171_/RESET_B (sg13g2_dfrbpq_1)
                                              2.438911   data arrival time

                                 10.000000   10.000000   clock clk_i (rise edge)
                                  0.000000   10.000000   clock source latency
     1    0.025625    0.026735    0.015211   10.015211 ^ clk_i (in)
                                                         clk_i (net)
                      0.027112    0.000000   10.015211 ^ clkbuf_0_clk_i/A (sg13g2_buf_16)
     8    0.166508    0.036353    0.063756   10.078967 ^ clkbuf_0_clk_i/X (sg13g2_buf_16)
                                                         clknet_0_clk_i (net)
                      0.036871    0.003434   10.082401 ^ clkbuf_3_2__f_clk_i/A (sg13g2_buf_16)
     4    0.017256    0.013786    0.049894   10.132296 ^ clkbuf_3_2__f_clk_i/X (sg13g2_buf_16)
                                                         clknet_3_2__leaf_clk_i (net)
                      0.013802    0.000949   10.133245 ^ _171_/CLK (sg13g2_dfrbpq_1)
                                 -0.250000    9.883245   clock uncertainty
                                  0.000000    9.883245   clock reconvergence pessimism
                                 -0.110949    9.772296   library recovery time
                                              9.772296   data required time
---------------------------------------------------------------------------------------------
                                              9.772296   data required time
                                             -2.438911   data arrival time
---------------------------------------------------------------------------------------------
                                              7.333385   slack (MET)


Startpoint: rst_ni (input port clocked by clk_i)
Endpoint: _199_ (recovery check against rising-edge clock clk_i)
Path Group: asynchronous
Path Type: max

Fanout         Cap        Slew       Delay        Time   Description
---------------------------------------------------------------------------------------------
                                  0.000000    0.000000   clock clk_i (rise edge)
                                  0.000000    0.000000   clock network delay (propagated)
                                  2.000000    2.000000 ^ input external delay
     1    0.004747    0.014742    0.002695    2.002695 ^ rst_ni (in)
                                                         rst_ni (net)
                      0.014742    0.000000    2.002695 ^ input1/A (sg13g2_buf_1)
     1    0.002933    0.014600    0.038162    2.040858 ^ input1/X (sg13g2_buf_1)
                                                         net1 (net)
                      0.014602    0.000114    2.040972 ^ fanout26/A (sg13g2_buf_1)
     4    0.023934    0.066866    0.076451    2.117423 ^ fanout26/X (sg13g2_buf_1)
                                                         net26 (net)
                      0.066891    0.001074    2.118497 ^ fanout23/A (sg13g2_buf_1)
     8    0.056095    0.150197    0.148736    2.267233 ^ fanout23/X (sg13g2_buf_1)
                                                         net23 (net)
                      0.150212    0.001246    2.268479 ^ fanout22/A (sg13g2_buf_1)
     8    0.054265    0.145698    0.167402    2.435881 ^ fanout22/X (sg13g2_buf_1)
                                                         net22 (net)
                      0.145785    0.002948    2.438829 ^ _199_/RESET_B (sg13g2_dfrbpq_1)
                                              2.438829   data arrival time

                                 10.000000   10.000000   clock clk_i (rise edge)
                                  0.000000   10.000000   clock source latency
     1    0.025625    0.026735    0.015211   10.015211 ^ clk_i (in)
                                                         clk_i (net)
                      0.027112    0.000000   10.015211 ^ clkbuf_0_clk_i/A (sg13g2_buf_16)
     8    0.166508    0.036353    0.063756   10.078967 ^ clkbuf_0_clk_i/X (sg13g2_buf_16)
                                                         clknet_0_clk_i (net)
                      0.036871    0.003434   10.082401 ^ clkbuf_3_2__f_clk_i/A (sg13g2_buf_16)
     4    0.017256    0.013786    0.049894   10.132296 ^ clkbuf_3_2__f_clk_i/X (sg13g2_buf_16)
                                                         clknet_3_2__leaf_clk_i (net)
                      0.013800    0.000909   10.133204 ^ _199_/CLK (sg13g2_dfrbpq_1)
                                 -0.250000    9.883204   clock uncertainty
                                  0.000000    9.883204   clock reconvergence pessimism
                                 -0.110948    9.772256   library recovery time
                                              9.772256   data required time
---------------------------------------------------------------------------------------------
                                              9.772256   data required time
                                             -2.438829   data arrival time
---------------------------------------------------------------------------------------------
                                              7.333427   slack (MET)


Startpoint: rst_ni (input port clocked by clk_i)
Endpoint: _188_ (recovery check against rising-edge clock clk_i)
Path Group: asynchronous
Path Type: max

Fanout         Cap        Slew       Delay        Time   Description
---------------------------------------------------------------------------------------------
                                  0.000000    0.000000   clock clk_i (rise edge)
                                  0.000000    0.000000   clock network delay (propagated)
                                  2.000000    2.000000 ^ input external delay
     1    0.004747    0.014742    0.002695    2.002695 ^ rst_ni (in)
                                                         rst_ni (net)
                      0.014742    0.000000    2.002695 ^ input1/A (sg13g2_buf_1)
     1    0.002933    0.014600    0.038162    2.040858 ^ input1/X (sg13g2_buf_1)
                                                         net1 (net)
                      0.014602    0.000114    2.040972 ^ fanout26/A (sg13g2_buf_1)
     4    0.023934    0.066866    0.076451    2.117423 ^ fanout26/X (sg13g2_buf_1)
                                                         net26 (net)
                      0.066891    0.001074    2.118497 ^ fanout23/A (sg13g2_buf_1)
     8    0.056095    0.150197    0.148736    2.267233 ^ fanout23/X (sg13g2_buf_1)
                                                         net23 (net)
                      0.150212    0.001246    2.268479 ^ fanout22/A (sg13g2_buf_1)
     8    0.054265    0.145698    0.167402    2.435881 ^ fanout22/X (sg13g2_buf_1)
                                                         net22 (net)
                      0.145806    0.003288    2.439169 ^ _188_/RESET_B (sg13g2_dfrbpq_1)
                                              2.439169   data arrival time

                                 10.000000   10.000000   clock clk_i (rise edge)
                                  0.000000   10.000000   clock source latency
     1    0.025625    0.026735    0.015211   10.015211 ^ clk_i (in)
                                                         clk_i (net)
                      0.027112    0.000000   10.015211 ^ clkbuf_0_clk_i/A (sg13g2_buf_16)
     8    0.166508    0.036353    0.063756   10.078967 ^ clkbuf_0_clk_i/X (sg13g2_buf_16)
                                                         clknet_0_clk_i (net)
                      0.036929    0.003615   10.082582 ^ clkbuf_3_3__f_clk_i/A (sg13g2_buf_16)
     4    0.017763    0.013876    0.049922   10.132504 ^ clkbuf_3_3__f_clk_i/X (sg13g2_buf_16)
                                                         clknet_3_3__leaf_clk_i (net)
                      0.013921    0.001434   10.133939 ^ _188_/CLK (sg13g2_dfrbpq_1)
                                 -0.250000    9.883939   clock uncertainty
                                  0.000000    9.883939   clock reconvergence pessimism
                                 -0.110939    9.773000   library recovery time
                                              9.773000   data required time
---------------------------------------------------------------------------------------------
                                              9.773000   data required time
                                             -2.439169   data arrival time
---------------------------------------------------------------------------------------------
                                              7.333831   slack (MET)


Startpoint: _202_ (rising edge-triggered flip-flop clocked by clk_i)
Endpoint: uo_CORE2PAD[0] (output port clocked by clk_i)
Path Group: clk_i
Path Type: max

Fanout         Cap        Slew       Delay        Time   Description
---------------------------------------------------------------------------------------------
                                  0.000000    0.000000   clock clk_i (rise edge)
                                  0.000000    0.000000   clock source latency
     1    0.025625    0.026735    0.015211    0.015211 ^ clk_i (in)
                                                         clk_i (net)
                      0.027112    0.000000    0.015211 ^ clkbuf_0_clk_i/A (sg13g2_buf_16)
     8    0.166508    0.036353    0.063756    0.078967 ^ clkbuf_0_clk_i/X (sg13g2_buf_16)
                                                         clknet_0_clk_i (net)
                      0.036982    0.003775    0.082742 ^ clkbuf_3_5__f_clk_i/A (sg13g2_buf_16)
     4    0.015390    0.013510    0.049757    0.132499 ^ clkbuf_3_5__f_clk_i/X (sg13g2_buf_16)
                                                         clknet_3_5__leaf_clk_i (net)
                      0.013510    0.000274    0.132772 ^ _202_/CLK (sg13g2_dfrbpq_1)
     1    0.003572    0.017437    0.108708    0.241480 ^ _202_/Q (sg13g2_dfrbpq_1)
                                                         spm_inst.csa0.sum (net)
                      0.017437    0.000248    0.241729 ^ _219_/A (sg13g2_buf_1)
     1    0.003594    0.016260    0.040217    0.281946 ^ _219_/X (sg13g2_buf_1)
                                                         net19 (net)
                      0.016261    0.000247    0.282193 ^ output19/A (sg13g2_buf_1)
     1    0.007388    0.025349    0.046938    0.329131 ^ output19/X (sg13g2_buf_1)
                                                         uo_CORE2PAD[0] (net)
                      0.025353    0.000319    0.329450 ^ uo_CORE2PAD[0] (out)
                                              0.329450   data arrival time

                                 10.000000   10.000000   clock clk_i (rise edge)
                                  0.000000   10.000000   clock network delay (propagated)
                                 -0.250000    9.750000   clock uncertainty
                                  0.000000    9.750000   clock reconvergence pessimism
                                 -2.000000    7.750000   output external delay
                                              7.750000   data required time
---------------------------------------------------------------------------------------------
                                              7.750000   data required time
                                             -0.329450   data arrival time
---------------------------------------------------------------------------------------------
                                              7.420550   slack (MET)


Startpoint: ui_PAD2CORE[0] (input port clocked by clk_i)
Endpoint: _198_ (rising edge-triggered flip-flop clocked by clk_i)
Path Group: clk_i
Path Type: max

Fanout         Cap        Slew       Delay        Time   Description
---------------------------------------------------------------------------------------------
                                  0.000000    0.000000   clock clk_i (rise edge)
                                  0.000000    0.000000   clock network delay (propagated)
                                  2.000000    2.000000 ^ input external delay
     1    0.004676    0.014699    0.002680    2.002680 ^ ui_PAD2CORE[0] (in)
                                                         ui_PAD2CORE[0] (net)
                      0.014699    0.000000    2.002680 ^ input2/A (sg13g2_buf_1)
     2    0.011791    0.036329    0.054356    2.057036 ^ input2/X (sg13g2_buf_1)
                                                         net2 (net)
                      0.036380    0.001097    2.058133 ^ fanout21/A (sg13g2_buf_1)
     8    0.045200    0.121830    0.120487    2.178620 ^ fanout21/X (sg13g2_buf_1)
                                                         net21 (net)
                      0.121974    0.003445    2.182065 ^ _156_/A (sg13g2_nand2_1)
     2    0.014987    0.084989    0.099027    2.281092 v _156_/Y (sg13g2_nand2_1)
                                                         _056_ (net)
                      0.085000    0.000940    2.282032 v _160_/A (sg13g2_xnor2_1)
     1    0.003054    0.034060    0.079416    2.361448 v _160_/Y (sg13g2_xnor2_1)
                                                         spm_inst.genblk1[1].csa.hsum2 (net)
                      0.034060    0.000211    2.361659 v _198_/D (sg13g2_dfrbpq_1)
                                              2.361659   data arrival time

                                 10.000000   10.000000   clock clk_i (rise edge)
                                  0.000000   10.000000   clock source latency
     1    0.025625    0.026735    0.015211   10.015211 ^ clk_i (in)
                                                         clk_i (net)
                      0.027112    0.000000   10.015211 ^ clkbuf_0_clk_i/A (sg13g2_buf_16)
     8    0.166508    0.036353    0.063756   10.078967 ^ clkbuf_0_clk_i/X (sg13g2_buf_16)
                                                         clknet_0_clk_i (net)
                      0.036982    0.003775   10.082742 ^ clkbuf_3_5__f_clk_i/A (sg13g2_buf_16)
     4    0.015390    0.013510    0.049757   10.132499 ^ clkbuf_3_5__f_clk_i/X (sg13g2_buf_16)
                                                         clknet_3_5__leaf_clk_i (net)
                      0.013510    0.000217   10.132715 ^ _198_/CLK (sg13g2_dfrbpq_1)
                                 -0.250000    9.882715   clock uncertainty
                                  0.000000    9.882715   clock reconvergence pessimism
                                 -0.073563    9.809153   library setup time
                                              9.809153   data required time
---------------------------------------------------------------------------------------------
                                              9.809153   data required time
                                             -2.361659   data arrival time
---------------------------------------------------------------------------------------------
                                              7.447495   slack (MET)


Startpoint: ui_PAD2CORE[0] (input port clocked by clk_i)
Endpoint: _184_ (rising edge-triggered flip-flop clocked by clk_i)
Path Group: clk_i
Path Type: max

Fanout         Cap        Slew       Delay        Time   Description
---------------------------------------------------------------------------------------------
                                  0.000000    0.000000   clock clk_i (rise edge)
                                  0.000000    0.000000   clock network delay (propagated)
                                  2.000000    2.000000 ^ input external delay
     1    0.004676    0.014699    0.002680    2.002680 ^ ui_PAD2CORE[0] (in)
                                                         ui_PAD2CORE[0] (net)
                      0.014699    0.000000    2.002680 ^ input2/A (sg13g2_buf_1)
     2    0.011791    0.036329    0.054356    2.057036 ^ input2/X (sg13g2_buf_1)
                                                         net2 (net)
                      0.036380    0.001097    2.058133 ^ fanout21/A (sg13g2_buf_1)
     8    0.045200    0.121830    0.120487    2.178620 ^ fanout21/X (sg13g2_buf_1)
                                                         net21 (net)
                      0.121962    0.003303    2.181923 ^ _114_/A (sg13g2_nand2_1)
     2    0.015357    0.086681    0.100350    2.282273 v _114_/Y (sg13g2_nand2_1)
                                                         _028_ (net)
                      0.086696    0.001077    2.283350 v _118_/A (sg13g2_xnor2_1)
     1    0.001849    0.029964    0.076450    2.359800 v _118_/Y (sg13g2_xnor2_1)
                                                         spm_inst.genblk1[8].csa.hsum2 (net)
                      0.029964    0.000070    2.359870 v _184_/D (sg13g2_dfrbpq_1)
                                              2.359870   data arrival time

                                 10.000000   10.000000   clock clk_i (rise edge)
                                  0.000000   10.000000   clock source latency
     1    0.025625    0.026735    0.015211   10.015211 ^ clk_i (in)
                                                         clk_i (net)
                      0.027112    0.000000   10.015211 ^ clkbuf_0_clk_i/A (sg13g2_buf_16)
     8    0.166508    0.036353    0.063756   10.078967 ^ clkbuf_0_clk_i/X (sg13g2_buf_16)
                                                         clknet_0_clk_i (net)
                      0.036970    0.003738   10.082705 ^ clkbuf_3_6__f_clk_i/A (sg13g2_buf_16)
     4    0.016617    0.013692    0.049877   10.132583 ^ clkbuf_3_6__f_clk_i/X (sg13g2_buf_16)
                                                         clknet_3_6__leaf_clk_i (net)
                      0.013693    0.000424   10.133007 ^ _184_/CLK (sg13g2_dfrbpq_1)
                                 -0.250000    9.883007   clock uncertainty
                                  0.000000    9.883007   clock reconvergence pessimism
                                 -0.072430    9.810576   library setup time
                                              9.810576   data required time
---------------------------------------------------------------------------------------------
                                              9.810576   data required time
                                             -2.359870   data arrival time
---------------------------------------------------------------------------------------------
                                              7.450707   slack (MET)


Startpoint: ui_PAD2CORE[0] (input port clocked by clk_i)
Endpoint: _202_ (rising edge-triggered flip-flop clocked by clk_i)
Path Group: clk_i
Path Type: max

Fanout         Cap        Slew       Delay        Time   Description
---------------------------------------------------------------------------------------------
                                  0.000000    0.000000   clock clk_i (rise edge)
                                  0.000000    0.000000   clock network delay (propagated)
                                  2.000000    2.000000 ^ input external delay
     1    0.004676    0.014699    0.002680    2.002680 ^ ui_PAD2CORE[0] (in)
                                                         ui_PAD2CORE[0] (net)
                      0.014699    0.000000    2.002680 ^ input2/A (sg13g2_buf_1)
     2    0.011791    0.036329    0.054356    2.057036 ^ input2/X (sg13g2_buf_1)
                                                         net2 (net)
                      0.036380    0.001097    2.058133 ^ fanout21/A (sg13g2_buf_1)
     8    0.045200    0.121830    0.120487    2.178620 ^ fanout21/X (sg13g2_buf_1)
                                                         net21 (net)
                      0.122014    0.003883    2.182503 ^ _165_/A (sg13g2_nand2_1)
     2    0.013906    0.080373    0.094662    2.277165 v _165_/Y (sg13g2_nand2_1)
                                                         _061_ (net)
                      0.080385    0.000962    2.278127 v _169_/A (sg13g2_xnor2_1)
     1    0.002820    0.032799    0.077132    2.355259 v _169_/Y (sg13g2_xnor2_1)
                                                         spm_inst.csa0.hsum2 (net)
                      0.032799    0.000108    2.355367 v _202_/D (sg13g2_dfrbpq_1)
                                              2.355367   data arrival time

                                 10.000000   10.000000   clock clk_i (rise edge)
                                  0.000000   10.000000   clock source latency
     1    0.025625    0.026735    0.015211   10.015211 ^ clk_i (in)
                                                         clk_i (net)
                      0.027112    0.000000   10.015211 ^ clkbuf_0_clk_i/A (sg13g2_buf_16)
     8    0.166508    0.036353    0.063756   10.078967 ^ clkbuf_0_clk_i/X (sg13g2_buf_16)
                                                         clknet_0_clk_i (net)
                      0.036982    0.003775   10.082742 ^ clkbuf_3_5__f_clk_i/A (sg13g2_buf_16)
     4    0.015390    0.013510    0.049757   10.132499 ^ clkbuf_3_5__f_clk_i/X (sg13g2_buf_16)
                                                         clknet_3_5__leaf_clk_i (net)
                      0.013510    0.000274   10.132772 ^ _202_/CLK (sg13g2_dfrbpq_1)
                                 -0.250000    9.882772   clock uncertainty
                                  0.000000    9.882772   clock reconvergence pessimism
                                 -0.073225    9.809547   library setup time
                                              9.809547   data required time
---------------------------------------------------------------------------------------------
                                              9.809547   data required time
                                             -2.355367   data arrival time
---------------------------------------------------------------------------------------------
                                              7.454181   slack (MET)


Startpoint: ui_PAD2CORE[0] (input port clocked by clk_i)
Endpoint: _180_ (rising edge-triggered flip-flop clocked by clk_i)
Path Group: clk_i
Path Type: max

Fanout         Cap        Slew       Delay        Time   Description
---------------------------------------------------------------------------------------------
                                  0.000000    0.000000   clock clk_i (rise edge)
                                  0.000000    0.000000   clock network delay (propagated)
                                  2.000000    2.000000 ^ input external delay
     1    0.004676    0.014699    0.002680    2.002680 ^ ui_PAD2CORE[0] (in)
                                                         ui_PAD2CORE[0] (net)
                      0.014699    0.000000    2.002680 ^ input2/A (sg13g2_buf_1)
     2    0.011791    0.036329    0.054356    2.057036 ^ input2/X (sg13g2_buf_1)
                                                         net2 (net)
                      0.036380    0.001097    2.058133 ^ fanout21/A (sg13g2_buf_1)
     8    0.045200    0.121830    0.120487    2.178620 ^ fanout21/X (sg13g2_buf_1)
                                                         net21 (net)
                      0.122024    0.003989    2.182609 ^ _102_/A (sg13g2_nand2_1)
     2    0.012941    0.076263    0.090785    2.273394 v _102_/Y (sg13g2_nand2_1)
                                                         _020_ (net)
                      0.076271    0.000776    2.274171 v _106_/A (sg13g2_xnor2_1)
     1    0.003986    0.036505    0.079159    2.353329 v _106_/Y (sg13g2_xnor2_1)
                                                         spm_inst.genblk1[10].csa.hsum2 (net)
                      0.036505    0.000154    2.353483 v _180_/D (sg13g2_dfrbpq_1)
                                              2.353483   data arrival time

                                 10.000000   10.000000   clock clk_i (rise edge)
                                  0.000000   10.000000   clock source latency
     1    0.025625    0.026735    0.015211   10.015211 ^ clk_i (in)
                                                         clk_i (net)
                      0.027112    0.000000   10.015211 ^ clkbuf_0_clk_i/A (sg13g2_buf_16)
     8    0.166508    0.036353    0.063756   10.078967 ^ clkbuf_0_clk_i/X (sg13g2_buf_16)
                                                         clknet_0_clk_i (net)
                      0.036887    0.003484   10.082452 ^ clkbuf_3_4__f_clk_i/A (sg13g2_buf_16)
     4    0.015492    0.013520    0.049728   10.132180 ^ clkbuf_3_4__f_clk_i/X (sg13g2_buf_16)
                                                         clknet_3_4__leaf_clk_i (net)
                      0.013520    0.000340   10.132520 ^ _180_/CLK (sg13g2_dfrbpq_1)
                                 -0.250000    9.882520   clock uncertainty
                                  0.000000    9.882520   clock reconvergence pessimism
                                 -0.074216    9.808304   library setup time
                                              9.808304   data required time
---------------------------------------------------------------------------------------------
                                              9.808304   data required time
                                             -2.353483   data arrival time
---------------------------------------------------------------------------------------------
                                              7.454821   slack (MET)


Startpoint: ui_PAD2CORE[0] (input port clocked by clk_i)
Endpoint: _196_ (rising edge-triggered flip-flop clocked by clk_i)
Path Group: clk_i
Path Type: max

Fanout         Cap        Slew       Delay        Time   Description
---------------------------------------------------------------------------------------------
                                  0.000000    0.000000   clock clk_i (rise edge)
                                  0.000000    0.000000   clock network delay (propagated)
                                  2.000000    2.000000 ^ input external delay
     1    0.004676    0.014699    0.002680    2.002680 ^ ui_PAD2CORE[0] (in)
                                                         ui_PAD2CORE[0] (net)
                      0.014699    0.000000    2.002680 ^ input2/A (sg13g2_buf_1)
     2    0.011791    0.036329    0.054356    2.057036 ^ input2/X (sg13g2_buf_1)
                                                         net2 (net)
                      0.036380    0.001097    2.058133 ^ fanout21/A (sg13g2_buf_1)
     8    0.045200    0.121830    0.120487    2.178620 ^ fanout21/X (sg13g2_buf_1)
                                                         net21 (net)
                      0.121963    0.003318    2.181938 ^ _150_/A (sg13g2_nand2_1)
     2    0.013193    0.077331    0.091773    2.273711 v _150_/Y (sg13g2_nand2_1)
                                                         _052_ (net)
                      0.077340    0.000852    2.274563 v _154_/A (sg13g2_xnor2_1)
     1    0.002496    0.031363    0.075099    2.349662 v _154_/Y (sg13g2_xnor2_1)
                                                         spm_inst.genblk1[2].csa.hsum2 (net)
                      0.031363    0.000155    2.349817 v _196_/D (sg13g2_dfrbpq_1)
                                              2.349817   data arrival time

                                 10.000000   10.000000   clock clk_i (rise edge)
                                  0.000000   10.000000   clock source latency
     1    0.025625    0.026735    0.015211   10.015211 ^ clk_i (in)
                                                         clk_i (net)
                      0.027112    0.000000   10.015211 ^ clkbuf_0_clk_i/A (sg13g2_buf_16)
     8    0.166508    0.036353    0.063756   10.078967 ^ clkbuf_0_clk_i/X (sg13g2_buf_16)
                                                         clknet_0_clk_i (net)
                      0.037037    0.003936   10.082904 ^ clkbuf_3_7__f_clk_i/A (sg13g2_buf_16)
     4    0.015568    0.013539    0.049796   10.132699 ^ clkbuf_3_7__f_clk_i/X (sg13g2_buf_16)
                                                         clknet_3_7__leaf_clk_i (net)
                      0.013539    0.000353   10.133052 ^ _196_/CLK (sg13g2_dfrbpq_1)
                                 -0.250000    9.883052   clock uncertainty
                                  0.000000    9.883052   clock reconvergence pessimism
                                 -0.072834    9.810218   library setup time
                                              9.810218   data required time
---------------------------------------------------------------------------------------------
                                              9.810218   data required time
                                             -2.349817   data arrival time
---------------------------------------------------------------------------------------------
                                              7.460402   slack (MET)


Startpoint: ui_PAD2CORE[0] (input port clocked by clk_i)
Endpoint: _194_ (rising edge-triggered flip-flop clocked by clk_i)
Path Group: clk_i
Path Type: max

Fanout         Cap        Slew       Delay        Time   Description
---------------------------------------------------------------------------------------------
                                  0.000000    0.000000   clock clk_i (rise edge)
                                  0.000000    0.000000   clock network delay (propagated)
                                  2.000000    2.000000 ^ input external delay
     1    0.004676    0.014699    0.002680    2.002680 ^ ui_PAD2CORE[0] (in)
                                                         ui_PAD2CORE[0] (net)
                      0.014699    0.000000    2.002680 ^ input2/A (sg13g2_buf_1)
     2    0.011791    0.036329    0.054356    2.057036 ^ input2/X (sg13g2_buf_1)
                                                         net2 (net)
                      0.036380    0.001097    2.058133 ^ fanout21/A (sg13g2_buf_1)
     8    0.045200    0.121830    0.120487    2.178620 ^ fanout21/X (sg13g2_buf_1)
                                                         net21 (net)
                      0.121880    0.002060    2.180680 ^ _144_/A (sg13g2_nand2_1)
     2    0.013117    0.076883    0.091603    2.272283 v _144_/Y (sg13g2_nand2_1)
                                                         _048_ (net)
                      0.076890    0.000755    2.273038 v _148_/A (sg13g2_xnor2_1)
     1    0.001848    0.029007    0.073026    2.346063 v _148_/Y (sg13g2_xnor2_1)
                                                         spm_inst.genblk1[3].csa.hsum2 (net)
                      0.029007    0.000070    2.346133 v _194_/D (sg13g2_dfrbpq_1)
                                              2.346133   data arrival time

                                 10.000000   10.000000   clock clk_i (rise edge)
                                  0.000000   10.000000   clock source latency
     1    0.025625    0.026735    0.015211   10.015211 ^ clk_i (in)
                                                         clk_i (net)
                      0.027112    0.000000   10.015211 ^ clkbuf_0_clk_i/A (sg13g2_buf_16)
     8    0.166508    0.036353    0.063756   10.078967 ^ clkbuf_0_clk_i/X (sg13g2_buf_16)
                                                         clknet_0_clk_i (net)
                      0.037037    0.003936   10.082904 ^ clkbuf_3_7__f_clk_i/A (sg13g2_buf_16)
     4    0.015568    0.013539    0.049796   10.132699 ^ clkbuf_3_7__f_clk_i/X (sg13g2_buf_16)
                                                         clknet_3_7__leaf_clk_i (net)
                      0.013539    0.000310   10.133009 ^ _194_/CLK (sg13g2_dfrbpq_1)
                                 -0.250000    9.883009   clock uncertainty
                                  0.000000    9.883009   clock reconvergence pessimism
                                 -0.072203    9.810806   library setup time
                                              9.810806   data required time
---------------------------------------------------------------------------------------------
                                              9.810806   data required time
                                             -2.346133   data arrival time
---------------------------------------------------------------------------------------------
                                              7.464674   slack (MET)


Startpoint: ui_PAD2CORE[0] (input port clocked by clk_i)
Endpoint: _192_ (rising edge-triggered flip-flop clocked by clk_i)
Path Group: clk_i
Path Type: max

Fanout         Cap        Slew       Delay        Time   Description
---------------------------------------------------------------------------------------------
                                  0.000000    0.000000   clock clk_i (rise edge)
                                  0.000000    0.000000   clock network delay (propagated)
                                  2.000000    2.000000 ^ input external delay
     1    0.004676    0.014699    0.002680    2.002680 ^ ui_PAD2CORE[0] (in)
                                                         ui_PAD2CORE[0] (net)
                      0.014699    0.000000    2.002680 ^ input2/A (sg13g2_buf_1)
     2    0.011791    0.036329    0.054356    2.057036 ^ input2/X (sg13g2_buf_1)
                                                         net2 (net)
                      0.036380    0.001097    2.058133 ^ fanout21/A (sg13g2_buf_1)
     8    0.045200    0.121830    0.120487    2.178620 ^ fanout21/X (sg13g2_buf_1)
                                                         net21 (net)
                      0.121845    0.001144    2.179764 ^ _138_/A (sg13g2_nand2_1)
     2    0.012695    0.075202    0.089732    2.269495 v _138_/Y (sg13g2_nand2_1)
                                                         _044_ (net)
                      0.075233    0.000781    2.270277 v _142_/A (sg13g2_xnor2_1)
     1    0.002361    0.030678    0.073972    2.344249 v _142_/Y (sg13g2_xnor2_1)
                                                         spm_inst.genblk1[4].csa.hsum2 (net)
                      0.030678    0.000085    2.344334 v _192_/D (sg13g2_dfrbpq_1)
                                              2.344334   data arrival time

                                 10.000000   10.000000   clock clk_i (rise edge)
                                  0.000000   10.000000   clock source latency
     1    0.025625    0.026735    0.015211   10.015211 ^ clk_i (in)
                                                         clk_i (net)
                      0.027112    0.000000   10.015211 ^ clkbuf_0_clk_i/A (sg13g2_buf_16)
     8    0.166508    0.036353    0.063756   10.078967 ^ clkbuf_0_clk_i/X (sg13g2_buf_16)
                                                         clknet_0_clk_i (net)
                      0.036970    0.003738   10.082705 ^ clkbuf_3_6__f_clk_i/A (sg13g2_buf_16)
     4    0.016617    0.013692    0.049877   10.132583 ^ clkbuf_3_6__f_clk_i/X (sg13g2_buf_16)
                                                         clknet_3_6__leaf_clk_i (net)
                      0.013699    0.000710   10.133293 ^ _192_/CLK (sg13g2_dfrbpq_1)
                                 -0.250000    9.883293   clock uncertainty
                                  0.000000    9.883293   clock reconvergence pessimism
                                 -0.072621    9.810672   library setup time
                                              9.810672   data required time
---------------------------------------------------------------------------------------------
                                              9.810672   data required time
                                             -2.344334   data arrival time
---------------------------------------------------------------------------------------------
                                              7.466338   slack (MET)


Startpoint: ui_PAD2CORE[0] (input port clocked by clk_i)
Endpoint: _182_ (rising edge-triggered flip-flop clocked by clk_i)
Path Group: clk_i
Path Type: max

Fanout         Cap        Slew       Delay        Time   Description
---------------------------------------------------------------------------------------------
                                  0.000000    0.000000   clock clk_i (rise edge)
                                  0.000000    0.000000   clock network delay (propagated)
                                  2.000000    2.000000 ^ input external delay
     1    0.004676    0.014699    0.002680    2.002680 ^ ui_PAD2CORE[0] (in)
                                                         ui_PAD2CORE[0] (net)
                      0.014699    0.000000    2.002680 ^ input2/A (sg13g2_buf_1)
     2    0.011791    0.036329    0.054356    2.057036 ^ input2/X (sg13g2_buf_1)
                                                         net2 (net)
                      0.036380    0.001097    2.058133 ^ fanout21/A (sg13g2_buf_1)
     8    0.045200    0.121830    0.120487    2.178620 ^ fanout21/X (sg13g2_buf_1)
                                                         net21 (net)
                      0.122019    0.003938    2.182558 ^ _108_/A (sg13g2_nand2_1)
     2    0.011164    0.068833    0.083565    2.266123 v _108_/Y (sg13g2_nand2_1)
                                                         _024_ (net)
                      0.068865    0.000746    2.266869 v _112_/A (sg13g2_xnor2_1)
     1    0.002650    0.031091    0.072591    2.339460 v _112_/Y (sg13g2_xnor2_1)
                                                         spm_inst.genblk1[9].csa.hsum2 (net)
                      0.031091    0.000173    2.339633 v _182_/D (sg13g2_dfrbpq_1)
                                              2.339633   data arrival time

                                 10.000000   10.000000   clock clk_i (rise edge)
                                  0.000000   10.000000   clock source latency
     1    0.025625    0.026735    0.015211   10.015211 ^ clk_i (in)
                                                         clk_i (net)
                      0.027112    0.000000   10.015211 ^ clkbuf_0_clk_i/A (sg13g2_buf_16)
     8    0.166508    0.036353    0.063756   10.078967 ^ clkbuf_0_clk_i/X (sg13g2_buf_16)
                                                         clknet_0_clk_i (net)
                      0.036887    0.003484   10.082452 ^ clkbuf_3_4__f_clk_i/A (sg13g2_buf_16)
     4    0.015492    0.013520    0.049728   10.132180 ^ clkbuf_3_4__f_clk_i/X (sg13g2_buf_16)
                                                         clknet_3_4__leaf_clk_i (net)
                      0.013520    0.000144   10.132323 ^ _182_/CLK (sg13g2_dfrbpq_1)
                                 -0.250000    9.882323   clock uncertainty
                                  0.000000    9.882323   clock reconvergence pessimism
                                 -0.072765    9.809559   library setup time
                                              9.809559   data required time
---------------------------------------------------------------------------------------------
                                              9.809559   data required time
                                             -2.339633   data arrival time
---------------------------------------------------------------------------------------------
                                              7.469925   slack (MET)


Startpoint: ui_PAD2CORE[0] (input port clocked by clk_i)
Endpoint: _188_ (rising edge-triggered flip-flop clocked by clk_i)
Path Group: clk_i
Path Type: max

Fanout         Cap        Slew       Delay        Time   Description
---------------------------------------------------------------------------------------------
                                  0.000000    0.000000   clock clk_i (rise edge)
                                  0.000000    0.000000   clock network delay (propagated)
                                  2.000000    2.000000 ^ input external delay
     1    0.004676    0.014699    0.002680    2.002680 ^ ui_PAD2CORE[0] (in)
                                                         ui_PAD2CORE[0] (net)
                      0.014699    0.000000    2.002680 ^ input2/A (sg13g2_buf_1)
     2    0.011791    0.036329    0.054356    2.057036 ^ input2/X (sg13g2_buf_1)
                                                         net2 (net)
                      0.036354    0.000782    2.057817 ^ fanout20/A (sg13g2_buf_1)
     8    0.039557    0.107231    0.110804    2.168622 ^ fanout20/X (sg13g2_buf_1)
                                                         net20 (net)
                      0.107316    0.002497    2.171119 ^ _126_/A (sg13g2_nand2_1)
     2    0.013897    0.077509    0.090564    2.261683 v _126_/Y (sg13g2_nand2_1)
                                                         _036_ (net)
                      0.077521    0.000941    2.262624 v _130_/A (sg13g2_xnor2_1)
     1    0.002933    0.032922    0.076471    2.339095 v _130_/Y (sg13g2_xnor2_1)
                                                         spm_inst.genblk1[6].csa.hsum2 (net)
                      0.032922    0.000106    2.339201 v _188_/D (sg13g2_dfrbpq_1)
                                              2.339201   data arrival time

                                 10.000000   10.000000   clock clk_i (rise edge)
                                  0.000000   10.000000   clock source latency
     1    0.025625    0.026735    0.015211   10.015211 ^ clk_i (in)
                                                         clk_i (net)
                      0.027112    0.000000   10.015211 ^ clkbuf_0_clk_i/A (sg13g2_buf_16)
     8    0.166508    0.036353    0.063756   10.078967 ^ clkbuf_0_clk_i/X (sg13g2_buf_16)
                                                         clknet_0_clk_i (net)
                      0.036929    0.003615   10.082582 ^ clkbuf_3_3__f_clk_i/A (sg13g2_buf_16)
     4    0.017763    0.013876    0.049922   10.132504 ^ clkbuf_3_3__f_clk_i/X (sg13g2_buf_16)
                                                         clknet_3_3__leaf_clk_i (net)
                      0.013921    0.001434   10.133939 ^ _188_/CLK (sg13g2_dfrbpq_1)
                                 -0.250000    9.883939   clock uncertainty
                                  0.000000    9.883939   clock reconvergence pessimism
                                 -0.073181    9.810758   library setup time
                                              9.810758   data required time
---------------------------------------------------------------------------------------------
                                              9.810758   data required time
                                             -2.339201   data arrival time
---------------------------------------------------------------------------------------------
                                              7.471557   slack (MET)


Startpoint: ui_PAD2CORE[0] (input port clocked by clk_i)
Endpoint: _186_ (rising edge-triggered flip-flop clocked by clk_i)
Path Group: clk_i
Path Type: max

Fanout         Cap        Slew       Delay        Time   Description
---------------------------------------------------------------------------------------------
                                  0.000000    0.000000   clock clk_i (rise edge)
                                  0.000000    0.000000   clock network delay (propagated)
                                  2.000000    2.000000 ^ input external delay
     1    0.004676    0.014699    0.002680    2.002680 ^ ui_PAD2CORE[0] (in)
                                                         ui_PAD2CORE[0] (net)
                      0.014699    0.000000    2.002680 ^ input2/A (sg13g2_buf_1)
     2    0.011791    0.036329    0.054356    2.057036 ^ input2/X (sg13g2_buf_1)
                                                         net2 (net)
                      0.036354    0.000782    2.057817 ^ fanout20/A (sg13g2_buf_1)
     8    0.039557    0.107231    0.110804    2.168622 ^ fanout20/X (sg13g2_buf_1)
                                                         net20 (net)
                      0.107330    0.002682    2.171304 ^ _120_/A (sg13g2_nand2_1)
     2    0.013885    0.077507    0.090446    2.261749 v _120_/Y (sg13g2_nand2_1)
                                                         _032_ (net)
                      0.077546    0.001060    2.262809 v _124_/A (sg13g2_xnor2_1)
     1    0.001778    0.028816    0.073044    2.335853 v _124_/Y (sg13g2_xnor2_1)
                                                         spm_inst.genblk1[7].csa.hsum2 (net)
                      0.028816    0.000068    2.335921 v _186_/D (sg13g2_dfrbpq_1)
                                              2.335921   data arrival time

                                 10.000000   10.000000   clock clk_i (rise edge)
                                  0.000000   10.000000   clock source latency
     1    0.025625    0.026735    0.015211   10.015211 ^ clk_i (in)
                                                         clk_i (net)
                      0.027112    0.000000   10.015211 ^ clkbuf_0_clk_i/A (sg13g2_buf_16)
     8    0.166508    0.036353    0.063756   10.078967 ^ clkbuf_0_clk_i/X (sg13g2_buf_16)
                                                         clknet_0_clk_i (net)
                      0.036929    0.003615   10.082582 ^ clkbuf_3_3__f_clk_i/A (sg13g2_buf_16)
     4    0.017763    0.013876    0.049922   10.132504 ^ clkbuf_3_3__f_clk_i/X (sg13g2_buf_16)
                                                         clknet_3_3__leaf_clk_i (net)
                      0.013905    0.001212   10.133717 ^ _186_/CLK (sg13g2_dfrbpq_1)
                                 -0.250000    9.883717   clock uncertainty
                                  0.000000    9.883717   clock reconvergence pessimism
                                 -0.072083    9.811633   library setup time
                                              9.811633   data required time
---------------------------------------------------------------------------------------------
                                              9.811633   data required time
                                             -2.335921   data arrival time
---------------------------------------------------------------------------------------------
                                              7.475713   slack (MET)


Startpoint: ui_PAD2CORE[0] (input port clocked by clk_i)
Endpoint: _176_ (rising edge-triggered flip-flop clocked by clk_i)
Path Group: clk_i
Path Type: max

Fanout         Cap        Slew       Delay        Time   Description
---------------------------------------------------------------------------------------------
                                  0.000000    0.000000   clock clk_i (rise edge)
                                  0.000000    0.000000   clock network delay (propagated)
                                  2.000000    2.000000 ^ input external delay
     1    0.004676    0.014699    0.002680    2.002680 ^ ui_PAD2CORE[0] (in)
                                                         ui_PAD2CORE[0] (net)
                      0.014699    0.000000    2.002680 ^ input2/A (sg13g2_buf_1)
     2    0.011791    0.036329    0.054356    2.057036 ^ input2/X (sg13g2_buf_1)
                                                         net2 (net)
                      0.036354    0.000782    2.057817 ^ fanout20/A (sg13g2_buf_1)
     8    0.039557    0.107231    0.110804    2.168622 ^ fanout20/X (sg13g2_buf_1)
                                                         net20 (net)
                      0.107433    0.003801    2.172422 ^ _090_/A (sg13g2_nand2_1)
     2    0.011393    0.067204    0.080909    2.253331 v _090_/Y (sg13g2_nand2_1)
                                                         _073_ (net)
                      0.067235    0.000722    2.254054 v _094_/A (sg13g2_xnor2_1)
     1    0.004208    0.036439    0.076638    2.330692 v _094_/Y (sg13g2_xnor2_1)
                                                         spm_inst.genblk1[12].csa.hsum2 (net)
                      0.036439    0.000239    2.330931 v _176_/D (sg13g2_dfrbpq_1)
                                              2.330931   data arrival time

                                 10.000000   10.000000   clock clk_i (rise edge)
                                  0.000000   10.000000   clock source latency
     1    0.025625    0.026735    0.015211   10.015211 ^ clk_i (in)
                                                         clk_i (net)
                      0.027112    0.000000   10.015211 ^ clkbuf_0_clk_i/A (sg13g2_buf_16)
     8    0.166508    0.036353    0.063756   10.078967 ^ clkbuf_0_clk_i/X (sg13g2_buf_16)
                                                         clknet_0_clk_i (net)
                      0.036897    0.003516   10.082483 ^ clkbuf_3_1__f_clk_i/A (sg13g2_buf_16)
     4    0.018603    0.013994    0.050048   10.132531 ^ clkbuf_3_1__f_clk_i/X (sg13g2_buf_16)
                                                         clknet_3_1__leaf_clk_i (net)
                      0.014012    0.001011   10.133542 ^ _176_/CLK (sg13g2_dfrbpq_1)
                                 -0.250000    9.883542   clock uncertainty
                                  0.000000    9.883542   clock reconvergence pessimism
                                 -0.074107    9.809435   library setup time
                                              9.809435   data required time
---------------------------------------------------------------------------------------------
                                              9.809435   data required time
                                             -2.330931   data arrival time
---------------------------------------------------------------------------------------------
                                              7.478504   slack (MET)


Startpoint: ui_PAD2CORE[0] (input port clocked by clk_i)
Endpoint: _172_ (rising edge-triggered flip-flop clocked by clk_i)
Path Group: clk_i
Path Type: max

Fanout         Cap        Slew       Delay        Time   Description
---------------------------------------------------------------------------------------------
                                  0.000000    0.000000   clock clk_i (rise edge)
                                  0.000000    0.000000   clock network delay (propagated)
                                  2.000000    2.000000 ^ input external delay
     1    0.004676    0.014699    0.002680    2.002680 ^ ui_PAD2CORE[0] (in)
                                                         ui_PAD2CORE[0] (net)
                      0.014699    0.000000    2.002680 ^ input2/A (sg13g2_buf_1)
     2    0.011791    0.036329    0.054356    2.057036 ^ input2/X (sg13g2_buf_1)
                                                         net2 (net)
                      0.036354    0.000782    2.057817 ^ fanout20/A (sg13g2_buf_1)
     8    0.039557    0.107231    0.110804    2.168622 ^ fanout20/X (sg13g2_buf_1)
                                                         net20 (net)
                      0.107326    0.002625    2.171247 ^ _078_/A (sg13g2_nand2_1)
     2    0.012951    0.073666    0.086770    2.258016 v _078_/Y (sg13g2_nand2_1)
                                                         _065_ (net)
                      0.073702    0.000916    2.258932 v _082_/A (sg13g2_xnor2_1)
     1    0.001815    0.028574    0.071812    2.330744 v _082_/Y (sg13g2_xnor2_1)
                                                         spm_inst.genblk1[14].csa.hsum2 (net)
                      0.028574    0.000069    2.330812 v _172_/D (sg13g2_dfrbpq_1)
                                              2.330812   data arrival time

                                 10.000000   10.000000   clock clk_i (rise edge)
                                  0.000000   10.000000   clock source latency
     1    0.025625    0.026735    0.015211   10.015211 ^ clk_i (in)
                                                         clk_i (net)
                      0.027112    0.000000   10.015211 ^ clkbuf_0_clk_i/A (sg13g2_buf_16)
     8    0.166508    0.036353    0.063756   10.078967 ^ clkbuf_0_clk_i/X (sg13g2_buf_16)
                                                         clknet_0_clk_i (net)
                      0.036801    0.003199   10.082167 ^ clkbuf_3_0__f_clk_i/A (sg13g2_buf_16)
     4    0.015231    0.013477    0.049669   10.131835 ^ clkbuf_3_0__f_clk_i/X (sg13g2_buf_16)
                                                         clknet_3_0__leaf_clk_i (net)
                      0.013477    0.000249   10.132084 ^ _172_/CLK (sg13g2_dfrbpq_1)
                                 -0.250000    9.882084   clock uncertainty
                                  0.000000    9.882084   clock reconvergence pessimism
                                 -0.072098    9.809986   library setup time
                                              9.809986   data required time
---------------------------------------------------------------------------------------------
                                              9.809986   data required time
                                             -2.330812   data arrival time
---------------------------------------------------------------------------------------------
                                              7.479173   slack (MET)


Startpoint: ui_PAD2CORE[0] (input port clocked by clk_i)
Endpoint: _190_ (rising edge-triggered flip-flop clocked by clk_i)
Path Group: clk_i
Path Type: max

Fanout         Cap        Slew       Delay        Time   Description
---------------------------------------------------------------------------------------------
                                  0.000000    0.000000   clock clk_i (rise edge)
                                  0.000000    0.000000   clock network delay (propagated)
                                  2.000000    2.000000 ^ input external delay
     1    0.004676    0.014699    0.002680    2.002680 ^ ui_PAD2CORE[0] (in)
                                                         ui_PAD2CORE[0] (net)
                      0.014699    0.000000    2.002680 ^ input2/A (sg13g2_buf_1)
     2    0.011791    0.036329    0.054356    2.057036 ^ input2/X (sg13g2_buf_1)
                                                         net2 (net)
                      0.036354    0.000782    2.057817 ^ fanout20/A (sg13g2_buf_1)
     8    0.039557    0.107231    0.110804    2.168622 ^ fanout20/X (sg13g2_buf_1)
                                                         net20 (net)
                      0.107233    0.000353    2.168975 ^ _132_/A (sg13g2_nand2_1)
     2    0.011715    0.068415    0.082207    2.251182 v _132_/Y (sg13g2_nand2_1)
                                                         _040_ (net)
                      0.068443    0.000634    2.251816 v _136_/A (sg13g2_xnor2_1)
     1    0.002267    0.029687    0.071321    2.323137 v _136_/Y (sg13g2_xnor2_1)
                                                         spm_inst.genblk1[5].csa.hsum2 (net)
                      0.029687    0.000083    2.323220 v _190_/D (sg13g2_dfrbpq_1)
                                              2.323220   data arrival time

                                 10.000000   10.000000   clock clk_i (rise edge)
                                  0.000000   10.000000   clock source latency
     1    0.025625    0.026735    0.015211   10.015211 ^ clk_i (in)
                                                         clk_i (net)
                      0.027112    0.000000   10.015211 ^ clkbuf_0_clk_i/A (sg13g2_buf_16)
     8    0.166508    0.036353    0.063756   10.078967 ^ clkbuf_0_clk_i/X (sg13g2_buf_16)
                                                         clknet_0_clk_i (net)
                      0.036929    0.003615   10.082582 ^ clkbuf_3_3__f_clk_i/A (sg13g2_buf_16)
     4    0.017763    0.013876    0.049922   10.132504 ^ clkbuf_3_3__f_clk_i/X (sg13g2_buf_16)
                                                         clknet_3_3__leaf_clk_i (net)
                      0.013926    0.001503   10.134007 ^ _190_/CLK (sg13g2_dfrbpq_1)
                                 -0.250000    9.884007   clock uncertainty
                                  0.000000    9.884007   clock reconvergence pessimism
                                 -0.072312    9.811694   library setup time
                                              9.811694   data required time
---------------------------------------------------------------------------------------------
                                              9.811694   data required time
                                             -2.323220   data arrival time
---------------------------------------------------------------------------------------------
                                              7.488474   slack (MET)


Startpoint: ui_PAD2CORE[0] (input port clocked by clk_i)
Endpoint: _174_ (rising edge-triggered flip-flop clocked by clk_i)
Path Group: clk_i
Path Type: max

Fanout         Cap        Slew       Delay        Time   Description
---------------------------------------------------------------------------------------------
                                  0.000000    0.000000   clock clk_i (rise edge)
                                  0.000000    0.000000   clock network delay (propagated)
                                  2.000000    2.000000 ^ input external delay
     1    0.004676    0.014699    0.002680    2.002680 ^ ui_PAD2CORE[0] (in)
                                                         ui_PAD2CORE[0] (net)
                      0.014699    0.000000    2.002680 ^ input2/A (sg13g2_buf_1)
     2    0.011791    0.036329    0.054356    2.057036 ^ input2/X (sg13g2_buf_1)
                                                         net2 (net)
                      0.036354    0.000782    2.057817 ^ fanout20/A (sg13g2_buf_1)
     8    0.039557    0.107231    0.110804    2.168622 ^ fanout20/X (sg13g2_buf_1)
                                                         net20 (net)
                      0.107402    0.003502    2.172124 ^ _084_/B (sg13g2_nand2_1)
     2    0.011084    0.060727    0.079138    2.251262 v _084_/Y (sg13g2_nand2_1)
                                                         _069_ (net)
                      0.060728    0.000369    2.251631 v _088_/A (sg13g2_xnor2_1)
     1    0.002140    0.028485    0.068235    2.319865 v _088_/Y (sg13g2_xnor2_1)
                                                         spm_inst.genblk1[13].csa.hsum2 (net)
                      0.028485    0.000158    2.320023 v _174_/D (sg13g2_dfrbpq_1)
                                              2.320023   data arrival time

                                 10.000000   10.000000   clock clk_i (rise edge)
                                  0.000000   10.000000   clock source latency
     1    0.025625    0.026735    0.015211   10.015211 ^ clk_i (in)
                                                         clk_i (net)
                      0.027112    0.000000   10.015211 ^ clkbuf_0_clk_i/A (sg13g2_buf_16)
     8    0.166508    0.036353    0.063756   10.078967 ^ clkbuf_0_clk_i/X (sg13g2_buf_16)
                                                         clknet_0_clk_i (net)
                      0.036801    0.003199   10.082167 ^ clkbuf_3_0__f_clk_i/A (sg13g2_buf_16)
     4    0.015231    0.013477    0.049669   10.131835 ^ clkbuf_3_0__f_clk_i/X (sg13g2_buf_16)
                                                         clknet_3_0__leaf_clk_i (net)
                      0.013477    0.000231   10.132066 ^ _174_/CLK (sg13g2_dfrbpq_1)
                                 -0.250000    9.882066   clock uncertainty
                                  0.000000    9.882066   clock reconvergence pessimism
                                 -0.072074    9.809991   library setup time
                                              9.809991   data required time
---------------------------------------------------------------------------------------------
                                              9.809991   data required time
                                             -2.320023   data arrival time
---------------------------------------------------------------------------------------------
                                              7.489968   slack (MET)


Startpoint: ui_PAD2CORE[0] (input port clocked by clk_i)
Endpoint: _178_ (rising edge-triggered flip-flop clocked by clk_i)
Path Group: clk_i
Path Type: max

Fanout         Cap        Slew       Delay        Time   Description
---------------------------------------------------------------------------------------------
                                  0.000000    0.000000   clock clk_i (rise edge)
                                  0.000000    0.000000   clock network delay (propagated)
                                  2.000000    2.000000 ^ input external delay
     1    0.004676    0.014699    0.002680    2.002680 ^ ui_PAD2CORE[0] (in)
                                                         ui_PAD2CORE[0] (net)
                      0.014699    0.000000    2.002680 ^ input2/A (sg13g2_buf_1)
     2    0.011791    0.036329    0.054356    2.057036 ^ input2/X (sg13g2_buf_1)
                                                         net2 (net)
                      0.036354    0.000782    2.057817 ^ fanout20/A (sg13g2_buf_1)
     8    0.039557    0.107231    0.110804    2.168622 ^ fanout20/X (sg13g2_buf_1)
                                                         net20 (net)
                      0.107448    0.003934    2.172556 ^ _096_/A (sg13g2_nand2_1)
     2    0.010906    0.065239    0.079010    2.251566 v _096_/Y (sg13g2_nand2_1)
                                                         _077_ (net)
                      0.065270    0.000692    2.252258 v _100_/A (sg13g2_xnor2_1)
     1    0.001950    0.028244    0.069273    2.321531 v _100_/Y (sg13g2_xnor2_1)
                                                         spm_inst.genblk1[11].csa.hsum2 (net)
                      0.028244    0.000073    2.321604 v _178_/D (sg13g2_dfrbpq_1)
                                              2.321604   data arrival time

                                 10.000000   10.000000   clock clk_i (rise edge)
                                  0.000000   10.000000   clock source latency
     1    0.025625    0.026735    0.015211   10.015211 ^ clk_i (in)
                                                         clk_i (net)
                      0.027112    0.000000   10.015211 ^ clkbuf_0_clk_i/A (sg13g2_buf_16)
     8    0.166508    0.036353    0.063756   10.078967 ^ clkbuf_0_clk_i/X (sg13g2_buf_16)
                                                         clknet_0_clk_i (net)
                      0.036897    0.003516   10.082483 ^ clkbuf_3_1__f_clk_i/A (sg13g2_buf_16)
     4    0.018603    0.013994    0.050048   10.132531 ^ clkbuf_3_1__f_clk_i/X (sg13g2_buf_16)
                                                         clknet_3_1__leaf_clk_i (net)
                      0.014011    0.000972   10.133503 ^ _178_/CLK (sg13g2_dfrbpq_1)
                                 -0.250000    9.883503   clock uncertainty
                                  0.000000    9.883503   clock reconvergence pessimism
                                 -0.071910    9.811594   library setup time
                                              9.811594   data required time
---------------------------------------------------------------------------------------------
                                              9.811594   data required time
                                             -2.321604   data arrival time
---------------------------------------------------------------------------------------------
                                              7.489989   slack (MET)


Startpoint: ui_PAD2CORE[0] (input port clocked by clk_i)
Endpoint: _199_ (rising edge-triggered flip-flop clocked by clk_i)
Path Group: clk_i
Path Type: max

Fanout         Cap        Slew       Delay        Time   Description
---------------------------------------------------------------------------------------------
                                  0.000000    0.000000   clock clk_i (rise edge)
                                  0.000000    0.000000   clock network delay (propagated)
                                  2.000000    2.000000 ^ input external delay
     1    0.004676    0.014699    0.002680    2.002680 ^ ui_PAD2CORE[0] (in)
                                                         ui_PAD2CORE[0] (net)
                      0.014699    0.000000    2.002680 ^ input2/A (sg13g2_buf_1)
     2    0.011791    0.036329    0.054356    2.057036 ^ input2/X (sg13g2_buf_1)
                                                         net2 (net)
                      0.036354    0.000782    2.057817 ^ fanout20/A (sg13g2_buf_1)
     8    0.039557    0.107231    0.110804    2.168622 ^ fanout20/X (sg13g2_buf_1)
                                                         net20 (net)
                      0.107307    0.002355    2.170977 ^ _162_/A (sg13g2_nand2_1)
     2    0.011376    0.067164    0.080722    2.251699 v _162_/Y (sg13g2_nand2_1)
                                                         _060_ (net)
                      0.067199    0.000821    2.252520 v _164_/B (sg13g2_xnor2_1)
     1    0.001869    0.025799    0.067888    2.320408 v _164_/Y (sg13g2_xnor2_1)
                                                         _015_ (net)
                      0.025799    0.000070    2.320478 v _199_/D (sg13g2_dfrbpq_1)
                                              2.320478   data arrival time

                                 10.000000   10.000000   clock clk_i (rise edge)
                                  0.000000   10.000000   clock source latency
     1    0.025625    0.026735    0.015211   10.015211 ^ clk_i (in)
                                                         clk_i (net)
                      0.027112    0.000000   10.015211 ^ clkbuf_0_clk_i/A (sg13g2_buf_16)
     8    0.166508    0.036353    0.063756   10.078967 ^ clkbuf_0_clk_i/X (sg13g2_buf_16)
                                                         clknet_0_clk_i (net)
                      0.036871    0.003434   10.082401 ^ clkbuf_3_2__f_clk_i/A (sg13g2_buf_16)
     4    0.017256    0.013786    0.049894   10.132296 ^ clkbuf_3_2__f_clk_i/X (sg13g2_buf_16)
                                                         clknet_3_2__leaf_clk_i (net)
                      0.013800    0.000909   10.133204 ^ _199_/CLK (sg13g2_dfrbpq_1)
                                 -0.250000    9.883204   clock uncertainty
                                  0.000000    9.883204   clock reconvergence pessimism
                                 -0.071294    9.811910   library setup time
                                              9.811910   data required time
---------------------------------------------------------------------------------------------
                                              9.811910   data required time
                                             -2.320478   data arrival time
---------------------------------------------------------------------------------------------
                                              7.491432   slack (MET)


Startpoint: rst_ni (input port clocked by clk_i)
Endpoint: _175_ (recovery check against rising-edge clock clk_i)
Path Group: asynchronous
Path Type: max

Fanout         Cap        Slew       Delay        Time   Description
---------------------------------------------------------------------------------------------
                                  0.000000    0.000000   clock clk_i (rise edge)
                                  0.000000    0.000000   clock network delay (propagated)
                                  2.000000    2.000000 ^ input external delay
     1    0.004747    0.014742    0.002695    2.002695 ^ rst_ni (in)
                                                         rst_ni (net)
                      0.014742    0.000000    2.002695 ^ input1/A (sg13g2_buf_1)
     1    0.002933    0.014600    0.038162    2.040858 ^ input1/X (sg13g2_buf_1)
                                                         net1 (net)
                      0.014602    0.000114    2.040972 ^ fanout26/A (sg13g2_buf_1)
     4    0.023934    0.066866    0.076451    2.117423 ^ fanout26/X (sg13g2_buf_1)
                                                         net26 (net)
                      0.066891    0.001074    2.118497 ^ fanout23/A (sg13g2_buf_1)
     8    0.056095    0.150197    0.148736    2.267233 ^ fanout23/X (sg13g2_buf_1)
                                                         net23 (net)
                      0.150418    0.004744    2.271977 ^ _175_/RESET_B (sg13g2_dfrbpq_1)
                                              2.271977   data arrival time

                                 10.000000   10.000000   clock clk_i (rise edge)
                                  0.000000   10.000000   clock source latency
     1    0.025625    0.026735    0.015211   10.015211 ^ clk_i (in)
                                                         clk_i (net)
                      0.027112    0.000000   10.015211 ^ clkbuf_0_clk_i/A (sg13g2_buf_16)
     8    0.166508    0.036353    0.063756   10.078967 ^ clkbuf_0_clk_i/X (sg13g2_buf_16)
                                                         clknet_0_clk_i (net)
                      0.036801    0.003199   10.082167 ^ clkbuf_3_0__f_clk_i/A (sg13g2_buf_16)
     4    0.015231    0.013477    0.049669   10.131835 ^ clkbuf_3_0__f_clk_i/X (sg13g2_buf_16)
                                                         clknet_3_0__leaf_clk_i (net)
                      0.013477    0.000258   10.132092 ^ _175_/CLK (sg13g2_dfrbpq_1)
                                 -0.250000    9.882092   clock uncertainty
                                  0.000000    9.882092   clock reconvergence pessimism
                                 -0.112068    9.770025   library recovery time
                                              9.770025   data required time
---------------------------------------------------------------------------------------------
                                              9.770025   data required time
                                             -2.271977   data arrival time
---------------------------------------------------------------------------------------------
                                              7.498049   slack (MET)


Startpoint: rst_ni (input port clocked by clk_i)
Endpoint: _174_ (recovery check against rising-edge clock clk_i)
Path Group: asynchronous
Path Type: max

Fanout         Cap        Slew       Delay        Time   Description
---------------------------------------------------------------------------------------------
                                  0.000000    0.000000   clock clk_i (rise edge)
                                  0.000000    0.000000   clock network delay (propagated)
                                  2.000000    2.000000 ^ input external delay
     1    0.004747    0.014742    0.002695    2.002695 ^ rst_ni (in)
                                                         rst_ni (net)
                      0.014742    0.000000    2.002695 ^ input1/A (sg13g2_buf_1)
     1    0.002933    0.014600    0.038162    2.040858 ^ input1/X (sg13g2_buf_1)
                                                         net1 (net)
                      0.014602    0.000114    2.040972 ^ fanout26/A (sg13g2_buf_1)
     4    0.023934    0.066866    0.076451    2.117423 ^ fanout26/X (sg13g2_buf_1)
                                                         net26 (net)
                      0.066891    0.001074    2.118497 ^ fanout23/A (sg13g2_buf_1)
     8    0.056095    0.150197    0.148736    2.267233 ^ fanout23/X (sg13g2_buf_1)
                                                         net23 (net)
                      0.150408    0.004633    2.271866 ^ _174_/RESET_B (sg13g2_dfrbpq_1)
                                              2.271866   data arrival time

                                 10.000000   10.000000   clock clk_i (rise edge)
                                  0.000000   10.000000   clock source latency
     1    0.025625    0.026735    0.015211   10.015211 ^ clk_i (in)
                                                         clk_i (net)
                      0.027112    0.000000   10.015211 ^ clkbuf_0_clk_i/A (sg13g2_buf_16)
     8    0.166508    0.036353    0.063756   10.078967 ^ clkbuf_0_clk_i/X (sg13g2_buf_16)
                                                         clknet_0_clk_i (net)
                      0.036801    0.003199   10.082167 ^ clkbuf_3_0__f_clk_i/A (sg13g2_buf_16)
     4    0.015231    0.013477    0.049669   10.131835 ^ clkbuf_3_0__f_clk_i/X (sg13g2_buf_16)
                                                         clknet_3_0__leaf_clk_i (net)
                      0.013477    0.000231   10.132066 ^ _174_/CLK (sg13g2_dfrbpq_1)
                                 -0.250000    9.882066   clock uncertainty
                                  0.000000    9.882066   clock reconvergence pessimism
                                 -0.112066    9.770000   library recovery time
                                              9.770000   data required time
---------------------------------------------------------------------------------------------
                                              9.770000   data required time
                                             -2.271866   data arrival time
---------------------------------------------------------------------------------------------
                                              7.498134   slack (MET)


Startpoint: rst_ni (input port clocked by clk_i)
Endpoint: _173_ (recovery check against rising-edge clock clk_i)
Path Group: asynchronous
Path Type: max

Fanout         Cap        Slew       Delay        Time   Description
---------------------------------------------------------------------------------------------
                                  0.000000    0.000000   clock clk_i (rise edge)
                                  0.000000    0.000000   clock network delay (propagated)
                                  2.000000    2.000000 ^ input external delay
     1    0.004747    0.014742    0.002695    2.002695 ^ rst_ni (in)
                                                         rst_ni (net)
                      0.014742    0.000000    2.002695 ^ input1/A (sg13g2_buf_1)
     1    0.002933    0.014600    0.038162    2.040858 ^ input1/X (sg13g2_buf_1)
                                                         net1 (net)
                      0.014602    0.000114    2.040972 ^ fanout26/A (sg13g2_buf_1)
     4    0.023934    0.066866    0.076451    2.117423 ^ fanout26/X (sg13g2_buf_1)
                                                         net26 (net)
                      0.066891    0.001074    2.118497 ^ fanout23/A (sg13g2_buf_1)
     8    0.056095    0.150197    0.148736    2.267233 ^ fanout23/X (sg13g2_buf_1)
                                                         net23 (net)
                      0.150395    0.004495    2.271728 ^ _173_/RESET_B (sg13g2_dfrbpq_1)
                                              2.271728   data arrival time

                                 10.000000   10.000000   clock clk_i (rise edge)
                                  0.000000   10.000000   clock source latency
     1    0.025625    0.026735    0.015211   10.015211 ^ clk_i (in)
                                                         clk_i (net)
                      0.027112    0.000000   10.015211 ^ clkbuf_0_clk_i/A (sg13g2_buf_16)
     8    0.166508    0.036353    0.063756   10.078967 ^ clkbuf_0_clk_i/X (sg13g2_buf_16)
                                                         clknet_0_clk_i (net)
                      0.036801    0.003199   10.082167 ^ clkbuf_3_0__f_clk_i/A (sg13g2_buf_16)
     4    0.015231    0.013477    0.049669   10.131835 ^ clkbuf_3_0__f_clk_i/X (sg13g2_buf_16)
                                                         clknet_3_0__leaf_clk_i (net)
                      0.013477    0.000226   10.132061 ^ _173_/CLK (sg13g2_dfrbpq_1)
                                 -0.250000    9.882061   clock uncertainty
                                  0.000000    9.882061   clock reconvergence pessimism
                                 -0.112063    9.769999   library recovery time
                                              9.769999   data required time
---------------------------------------------------------------------------------------------
                                              9.769999   data required time
                                             -2.271728   data arrival time
---------------------------------------------------------------------------------------------
                                              7.498271   slack (MET)


Startpoint: rst_ni (input port clocked by clk_i)
Endpoint: _178_ (recovery check against rising-edge clock clk_i)
Path Group: asynchronous
Path Type: max

Fanout         Cap        Slew       Delay        Time   Description
---------------------------------------------------------------------------------------------
                                  0.000000    0.000000   clock clk_i (rise edge)
                                  0.000000    0.000000   clock network delay (propagated)
                                  2.000000    2.000000 ^ input external delay
     1    0.004747    0.014742    0.002695    2.002695 ^ rst_ni (in)
                                                         rst_ni (net)
                      0.014742    0.000000    2.002695 ^ input1/A (sg13g2_buf_1)
     1    0.002933    0.014600    0.038162    2.040858 ^ input1/X (sg13g2_buf_1)
                                                         net1 (net)
                      0.014602    0.000114    2.040972 ^ fanout26/A (sg13g2_buf_1)
     4    0.023934    0.066866    0.076451    2.117423 ^ fanout26/X (sg13g2_buf_1)
                                                         net26 (net)
                      0.066891    0.001074    2.118497 ^ fanout23/A (sg13g2_buf_1)
     8    0.056095    0.150197    0.148736    2.267233 ^ fanout23/X (sg13g2_buf_1)
                                                         net23 (net)
                      0.150496    0.005493    2.272727 ^ _178_/RESET_B (sg13g2_dfrbpq_1)
                                              2.272727   data arrival time

                                 10.000000   10.000000   clock clk_i (rise edge)
                                  0.000000   10.000000   clock source latency
     1    0.025625    0.026735    0.015211   10.015211 ^ clk_i (in)
                                                         clk_i (net)
                      0.027112    0.000000   10.015211 ^ clkbuf_0_clk_i/A (sg13g2_buf_16)
     8    0.166508    0.036353    0.063756   10.078967 ^ clkbuf_0_clk_i/X (sg13g2_buf_16)
                                                         clknet_0_clk_i (net)
                      0.036897    0.003516   10.082483 ^ clkbuf_3_1__f_clk_i/A (sg13g2_buf_16)
     4    0.018603    0.013994    0.050048   10.132531 ^ clkbuf_3_1__f_clk_i/X (sg13g2_buf_16)
                                                         clknet_3_1__leaf_clk_i (net)
                      0.014011    0.000972   10.133503 ^ _178_/CLK (sg13g2_dfrbpq_1)
                                 -0.250000    9.883503   clock uncertainty
                                  0.000000    9.883503   clock reconvergence pessimism
                                 -0.112024    9.771479   library recovery time
                                              9.771479   data required time
---------------------------------------------------------------------------------------------
                                              9.771479   data required time
                                             -2.272727   data arrival time
---------------------------------------------------------------------------------------------
                                              7.498752   slack (MET)


Startpoint: rst_ni (input port clocked by clk_i)
Endpoint: _176_ (recovery check against rising-edge clock clk_i)
Path Group: asynchronous
Path Type: max

Fanout         Cap        Slew       Delay        Time   Description
---------------------------------------------------------------------------------------------
                                  0.000000    0.000000   clock clk_i (rise edge)
                                  0.000000    0.000000   clock network delay (propagated)
                                  2.000000    2.000000 ^ input external delay
     1    0.004747    0.014742    0.002695    2.002695 ^ rst_ni (in)
                                                         rst_ni (net)
                      0.014742    0.000000    2.002695 ^ input1/A (sg13g2_buf_1)
     1    0.002933    0.014600    0.038162    2.040858 ^ input1/X (sg13g2_buf_1)
                                                         net1 (net)
                      0.014602    0.000114    2.040972 ^ fanout26/A (sg13g2_buf_1)
     4    0.023934    0.066866    0.076451    2.117423 ^ fanout26/X (sg13g2_buf_1)
                                                         net26 (net)
                      0.066891    0.001074    2.118497 ^ fanout23/A (sg13g2_buf_1)
     8    0.056095    0.150197    0.148736    2.267233 ^ fanout23/X (sg13g2_buf_1)
                                                         net23 (net)
                      0.150488    0.005425    2.272658 ^ _176_/RESET_B (sg13g2_dfrbpq_1)
                                              2.272658   data arrival time

                                 10.000000   10.000000   clock clk_i (rise edge)
                                  0.000000   10.000000   clock source latency
     1    0.025625    0.026735    0.015211   10.015211 ^ clk_i (in)
                                                         clk_i (net)
                      0.027112    0.000000   10.015211 ^ clkbuf_0_clk_i/A (sg13g2_buf_16)
     8    0.166508    0.036353    0.063756   10.078967 ^ clkbuf_0_clk_i/X (sg13g2_buf_16)
                                                         clknet_0_clk_i (net)
                      0.036897    0.003516   10.082483 ^ clkbuf_3_1__f_clk_i/A (sg13g2_buf_16)
     4    0.018603    0.013994    0.050048   10.132531 ^ clkbuf_3_1__f_clk_i/X (sg13g2_buf_16)
                                                         clknet_3_1__leaf_clk_i (net)
                      0.014012    0.001011   10.133542 ^ _176_/CLK (sg13g2_dfrbpq_1)
                                 -0.250000    9.883542   clock uncertainty
                                  0.000000    9.883542   clock reconvergence pessimism
                                 -0.112022    9.771520   library recovery time
                                              9.771520   data required time
---------------------------------------------------------------------------------------------
                                              9.771520   data required time
                                             -2.272658   data arrival time
---------------------------------------------------------------------------------------------
                                              7.498862   slack (MET)


Startpoint: rst_ni (input port clocked by clk_i)
Endpoint: _177_ (recovery check against rising-edge clock clk_i)
Path Group: asynchronous
Path Type: max

Fanout         Cap        Slew       Delay        Time   Description
---------------------------------------------------------------------------------------------
                                  0.000000    0.000000   clock clk_i (rise edge)
                                  0.000000    0.000000   clock network delay (propagated)
                                  2.000000    2.000000 ^ input external delay
     1    0.004747    0.014742    0.002695    2.002695 ^ rst_ni (in)
                                                         rst_ni (net)
                      0.014742    0.000000    2.002695 ^ input1/A (sg13g2_buf_1)
     1    0.002933    0.014600    0.038162    2.040858 ^ input1/X (sg13g2_buf_1)
                                                         net1 (net)
                      0.014602    0.000114    2.040972 ^ fanout26/A (sg13g2_buf_1)
     4    0.023934    0.066866    0.076451    2.117423 ^ fanout26/X (sg13g2_buf_1)
                                                         net26 (net)
                      0.066891    0.001074    2.118497 ^ fanout23/A (sg13g2_buf_1)
     8    0.056095    0.150197    0.148736    2.267233 ^ fanout23/X (sg13g2_buf_1)
                                                         net23 (net)
                      0.150491    0.005452    2.272685 ^ _177_/RESET_B (sg13g2_dfrbpq_1)
                                              2.272685   data arrival time

                                 10.000000   10.000000   clock clk_i (rise edge)
                                  0.000000   10.000000   clock source latency
     1    0.025625    0.026735    0.015211   10.015211 ^ clk_i (in)
                                                         clk_i (net)
                      0.027112    0.000000   10.015211 ^ clkbuf_0_clk_i/A (sg13g2_buf_16)
     8    0.166508    0.036353    0.063756   10.078967 ^ clkbuf_0_clk_i/X (sg13g2_buf_16)
                                                         clknet_0_clk_i (net)
                      0.036897    0.003516   10.082483 ^ clkbuf_3_1__f_clk_i/A (sg13g2_buf_16)
     4    0.018603    0.013994    0.050048   10.132531 ^ clkbuf_3_1__f_clk_i/X (sg13g2_buf_16)
                                                         clknet_3_1__leaf_clk_i (net)
                      0.014016    0.001081   10.133613 ^ _177_/CLK (sg13g2_dfrbpq_1)
                                 -0.250000    9.883613   clock uncertainty
                                  0.000000    9.883613   clock reconvergence pessimism
                                 -0.112022    9.771590   library recovery time
                                              9.771590   data required time
---------------------------------------------------------------------------------------------
                                              9.771590   data required time
                                             -2.272685   data arrival time
---------------------------------------------------------------------------------------------
                                              7.498905   slack (MET)


Startpoint: rst_ni (input port clocked by clk_i)
Endpoint: _185_ (recovery check against rising-edge clock clk_i)
Path Group: asynchronous
Path Type: max

Fanout         Cap        Slew       Delay        Time   Description
---------------------------------------------------------------------------------------------
                                  0.000000    0.000000   clock clk_i (rise edge)
                                  0.000000    0.000000   clock network delay (propagated)
                                  2.000000    2.000000 ^ input external delay
     1    0.004747    0.014742    0.002695    2.002695 ^ rst_ni (in)
                                                         rst_ni (net)
                      0.014742    0.000000    2.002695 ^ input1/A (sg13g2_buf_1)
     1    0.002933    0.014600    0.038162    2.040858 ^ input1/X (sg13g2_buf_1)
                                                         net1 (net)
                      0.014602    0.000114    2.040972 ^ fanout26/A (sg13g2_buf_1)
     4    0.023934    0.066866    0.076451    2.117423 ^ fanout26/X (sg13g2_buf_1)
                                                         net26 (net)
                      0.066891    0.001074    2.118497 ^ fanout23/A (sg13g2_buf_1)
     8    0.056095    0.150197    0.148736    2.267233 ^ fanout23/X (sg13g2_buf_1)
                                                         net23 (net)
                      0.150417    0.004731    2.271964 ^ _185_/RESET_B (sg13g2_dfrbpq_1)
                                              2.271964   data arrival time

                                 10.000000   10.000000   clock clk_i (rise edge)
                                  0.000000   10.000000   clock source latency
     1    0.025625    0.026735    0.015211   10.015211 ^ clk_i (in)
                                                         clk_i (net)
                      0.027112    0.000000   10.015211 ^ clkbuf_0_clk_i/A (sg13g2_buf_16)
     8    0.166508    0.036353    0.063756   10.078967 ^ clkbuf_0_clk_i/X (sg13g2_buf_16)
                                                         clknet_0_clk_i (net)
                      0.036897    0.003516   10.082483 ^ clkbuf_3_1__f_clk_i/A (sg13g2_buf_16)
     4    0.018603    0.013994    0.050048   10.132531 ^ clkbuf_3_1__f_clk_i/X (sg13g2_buf_16)
                                                         clknet_3_1__leaf_clk_i (net)
                      0.014020    0.001157   10.133689 ^ _185_/CLK (sg13g2_dfrbpq_1)
                                 -0.250000    9.883689   clock uncertainty
                                  0.000000    9.883689   clock reconvergence pessimism
                                 -0.112005    9.771685   library recovery time
                                              9.771685   data required time
---------------------------------------------------------------------------------------------
                                              9.771685   data required time
                                             -2.271964   data arrival time
---------------------------------------------------------------------------------------------
                                              7.499720   slack (MET)


Startpoint: rst_ni (input port clocked by clk_i)
Endpoint: _184_ (recovery check against rising-edge clock clk_i)
Path Group: asynchronous
Path Type: max

Fanout         Cap        Slew       Delay        Time   Description
---------------------------------------------------------------------------------------------
                                  0.000000    0.000000   clock clk_i (rise edge)
                                  0.000000    0.000000   clock network delay (propagated)
                                  2.000000    2.000000 ^ input external delay
     1    0.004747    0.014742    0.002695    2.002695 ^ rst_ni (in)
                                                         rst_ni (net)
                      0.014742    0.000000    2.002695 ^ input1/A (sg13g2_buf_1)
     1    0.002933    0.014600    0.038162    2.040858 ^ input1/X (sg13g2_buf_1)
                                                         net1 (net)
                      0.014602    0.000114    2.040972 ^ fanout26/A (sg13g2_buf_1)
     4    0.023934    0.066866    0.076451    2.117423 ^ fanout26/X (sg13g2_buf_1)
                                                         net26 (net)
                      0.066976    0.002200    2.119623 ^ fanout25/A (sg13g2_buf_1)
     8    0.055207    0.147752    0.148132    2.267756 ^ fanout25/X (sg13g2_buf_1)
                                                         net25 (net)
                      0.147900    0.003853    2.271609 ^ _184_/RESET_B (sg13g2_dfrbpq_1)
                                              2.271609   data arrival time

                                 10.000000   10.000000   clock clk_i (rise edge)
                                  0.000000   10.000000   clock source latency
     1    0.025625    0.026735    0.015211   10.015211 ^ clk_i (in)
                                                         clk_i (net)
                      0.027112    0.000000   10.015211 ^ clkbuf_0_clk_i/A (sg13g2_buf_16)
     8    0.166508    0.036353    0.063756   10.078967 ^ clkbuf_0_clk_i/X (sg13g2_buf_16)
                                                         clknet_0_clk_i (net)
                      0.036970    0.003738   10.082705 ^ clkbuf_3_6__f_clk_i/A (sg13g2_buf_16)
     4    0.016617    0.013692    0.049877   10.132583 ^ clkbuf_3_6__f_clk_i/X (sg13g2_buf_16)
                                                         clknet_3_6__leaf_clk_i (net)
                      0.013693    0.000424   10.133007 ^ _184_/CLK (sg13g2_dfrbpq_1)
                                 -0.250000    9.883007   clock uncertainty
                                  0.000000    9.883007   clock reconvergence pessimism
                                 -0.111454    9.771552   library recovery time
                                              9.771552   data required time
---------------------------------------------------------------------------------------------
                                              9.771552   data required time
                                             -2.271609   data arrival time
---------------------------------------------------------------------------------------------
                                              7.499943   slack (MET)


Startpoint: rst_ni (input port clocked by clk_i)
Endpoint: _183_ (recovery check against rising-edge clock clk_i)
Path Group: asynchronous
Path Type: max

Fanout         Cap        Slew       Delay        Time   Description
---------------------------------------------------------------------------------------------
                                  0.000000    0.000000   clock clk_i (rise edge)
                                  0.000000    0.000000   clock network delay (propagated)
                                  2.000000    2.000000 ^ input external delay
     1    0.004747    0.014742    0.002695    2.002695 ^ rst_ni (in)
                                                         rst_ni (net)
                      0.014742    0.000000    2.002695 ^ input1/A (sg13g2_buf_1)
     1    0.002933    0.014600    0.038162    2.040858 ^ input1/X (sg13g2_buf_1)
                                                         net1 (net)
                      0.014602    0.000114    2.040972 ^ fanout26/A (sg13g2_buf_1)
     4    0.023934    0.066866    0.076451    2.117423 ^ fanout26/X (sg13g2_buf_1)
                                                         net26 (net)
                      0.066976    0.002200    2.119623 ^ fanout25/A (sg13g2_buf_1)
     8    0.055207    0.147752    0.148132    2.267756 ^ fanout25/X (sg13g2_buf_1)
                                                         net25 (net)
                      0.147897    0.003819    2.271575 ^ _183_/RESET_B (sg13g2_dfrbpq_1)
                                              2.271575   data arrival time

                                 10.000000   10.000000   clock clk_i (rise edge)
                                  0.000000   10.000000   clock source latency
     1    0.025625    0.026735    0.015211   10.015211 ^ clk_i (in)
                                                         clk_i (net)
                      0.027112    0.000000   10.015211 ^ clkbuf_0_clk_i/A (sg13g2_buf_16)
     8    0.166508    0.036353    0.063756   10.078967 ^ clkbuf_0_clk_i/X (sg13g2_buf_16)
                                                         clknet_0_clk_i (net)
                      0.036970    0.003738   10.082705 ^ clkbuf_3_6__f_clk_i/A (sg13g2_buf_16)
     4    0.016617    0.013692    0.049877   10.132583 ^ clkbuf_3_6__f_clk_i/X (sg13g2_buf_16)
                                                         clknet_3_6__leaf_clk_i (net)
                      0.013693    0.000411   10.132995 ^ _183_/CLK (sg13g2_dfrbpq_1)
                                 -0.250000    9.882995   clock uncertainty
                                  0.000000    9.882995   clock reconvergence pessimism
                                 -0.111454    9.771541   library recovery time
                                              9.771541   data required time
---------------------------------------------------------------------------------------------
                                              9.771541   data required time
                                             -2.271575   data arrival time
---------------------------------------------------------------------------------------------
                                              7.499965   slack (MET)


Startpoint: rst_ni (input port clocked by clk_i)
Endpoint: _196_ (recovery check against rising-edge clock clk_i)
Path Group: asynchronous
Path Type: max

Fanout         Cap        Slew       Delay        Time   Description
---------------------------------------------------------------------------------------------
                                  0.000000    0.000000   clock clk_i (rise edge)
                                  0.000000    0.000000   clock network delay (propagated)
                                  2.000000    2.000000 ^ input external delay
     1    0.004747    0.014742    0.002695    2.002695 ^ rst_ni (in)
                                                         rst_ni (net)
                      0.014742    0.000000    2.002695 ^ input1/A (sg13g2_buf_1)
     1    0.002933    0.014600    0.038162    2.040858 ^ input1/X (sg13g2_buf_1)
                                                         net1 (net)
                      0.014602    0.000114    2.040972 ^ fanout26/A (sg13g2_buf_1)
     4    0.023934    0.066866    0.076451    2.117423 ^ fanout26/X (sg13g2_buf_1)
                                                         net26 (net)
                      0.066976    0.002200    2.119623 ^ fanout25/A (sg13g2_buf_1)
     8    0.055207    0.147752    0.148132    2.267756 ^ fanout25/X (sg13g2_buf_1)
                                                         net25 (net)
                      0.147866    0.003388    2.271144 ^ _196_/RESET_B (sg13g2_dfrbpq_1)
                                              2.271144   data arrival time

                                 10.000000   10.000000   clock clk_i (rise edge)
                                  0.000000   10.000000   clock source latency
     1    0.025625    0.026735    0.015211   10.015211 ^ clk_i (in)
                                                         clk_i (net)
                      0.027112    0.000000   10.015211 ^ clkbuf_0_clk_i/A (sg13g2_buf_16)
     8    0.166508    0.036353    0.063756   10.078967 ^ clkbuf_0_clk_i/X (sg13g2_buf_16)
                                                         clknet_0_clk_i (net)
                      0.037037    0.003936   10.082904 ^ clkbuf_3_7__f_clk_i/A (sg13g2_buf_16)
     4    0.015568    0.013539    0.049796   10.132699 ^ clkbuf_3_7__f_clk_i/X (sg13g2_buf_16)
                                                         clknet_3_7__leaf_clk_i (net)
                      0.013539    0.000353   10.133052 ^ _196_/CLK (sg13g2_dfrbpq_1)
                                 -0.250000    9.883052   clock uncertainty
                                  0.000000    9.883052   clock reconvergence pessimism
                                 -0.111464    9.771587   library recovery time
                                              9.771587   data required time
---------------------------------------------------------------------------------------------
                                              9.771587   data required time
                                             -2.271144   data arrival time
---------------------------------------------------------------------------------------------
                                              7.500443   slack (MET)


Startpoint: rst_ni (input port clocked by clk_i)
Endpoint: _194_ (recovery check against rising-edge clock clk_i)
Path Group: asynchronous
Path Type: max

Fanout         Cap        Slew       Delay        Time   Description
---------------------------------------------------------------------------------------------
                                  0.000000    0.000000   clock clk_i (rise edge)
                                  0.000000    0.000000   clock network delay (propagated)
                                  2.000000    2.000000 ^ input external delay
     1    0.004747    0.014742    0.002695    2.002695 ^ rst_ni (in)
                                                         rst_ni (net)
                      0.014742    0.000000    2.002695 ^ input1/A (sg13g2_buf_1)
     1    0.002933    0.014600    0.038162    2.040858 ^ input1/X (sg13g2_buf_1)
                                                         net1 (net)
                      0.014602    0.000114    2.040972 ^ fanout26/A (sg13g2_buf_1)
     4    0.023934    0.066866    0.076451    2.117423 ^ fanout26/X (sg13g2_buf_1)
                                                         net26 (net)
                      0.066976    0.002200    2.119623 ^ fanout25/A (sg13g2_buf_1)
     8    0.055207    0.147752    0.148132    2.267756 ^ fanout25/X (sg13g2_buf_1)
                                                         net25 (net)
                      0.147862    0.003331    2.271086 ^ _194_/RESET_B (sg13g2_dfrbpq_1)
                                              2.271086   data arrival time

                                 10.000000   10.000000   clock clk_i (rise edge)
                                  0.000000   10.000000   clock source latency
     1    0.025625    0.026735    0.015211   10.015211 ^ clk_i (in)
                                                         clk_i (net)
                      0.027112    0.000000   10.015211 ^ clkbuf_0_clk_i/A (sg13g2_buf_16)
     8    0.166508    0.036353    0.063756   10.078967 ^ clkbuf_0_clk_i/X (sg13g2_buf_16)
                                                         clknet_0_clk_i (net)
                      0.037037    0.003936   10.082904 ^ clkbuf_3_7__f_clk_i/A (sg13g2_buf_16)
     4    0.015568    0.013539    0.049796   10.132699 ^ clkbuf_3_7__f_clk_i/X (sg13g2_buf_16)
                                                         clknet_3_7__leaf_clk_i (net)
                      0.013539    0.000310   10.133009 ^ _194_/CLK (sg13g2_dfrbpq_1)
                                 -0.250000    9.883009   clock uncertainty
                                  0.000000    9.883009   clock reconvergence pessimism
                                 -0.111463    9.771545   library recovery time
                                              9.771545   data required time
---------------------------------------------------------------------------------------------
                                              9.771545   data required time
                                             -2.271086   data arrival time
---------------------------------------------------------------------------------------------
                                              7.500459   slack (MET)


Startpoint: rst_ni (input port clocked by clk_i)
Endpoint: _195_ (recovery check against rising-edge clock clk_i)
Path Group: asynchronous
Path Type: max

Fanout         Cap        Slew       Delay        Time   Description
---------------------------------------------------------------------------------------------
                                  0.000000    0.000000   clock clk_i (rise edge)
                                  0.000000    0.000000   clock network delay (propagated)
                                  2.000000    2.000000 ^ input external delay
     1    0.004747    0.014742    0.002695    2.002695 ^ rst_ni (in)
                                                         rst_ni (net)
                      0.014742    0.000000    2.002695 ^ input1/A (sg13g2_buf_1)
     1    0.002933    0.014600    0.038162    2.040858 ^ input1/X (sg13g2_buf_1)
                                                         net1 (net)
                      0.014602    0.000114    2.040972 ^ fanout26/A (sg13g2_buf_1)
     4    0.023934    0.066866    0.076451    2.117423 ^ fanout26/X (sg13g2_buf_1)
                                                         net26 (net)
                      0.066976    0.002200    2.119623 ^ fanout25/A (sg13g2_buf_1)
     8    0.055207    0.147752    0.148132    2.267756 ^ fanout25/X (sg13g2_buf_1)
                                                         net25 (net)
                      0.147864    0.003356    2.271112 ^ _195_/RESET_B (sg13g2_dfrbpq_1)
                                              2.271112   data arrival time

                                 10.000000   10.000000   clock clk_i (rise edge)
                                  0.000000   10.000000   clock source latency
     1    0.025625    0.026735    0.015211   10.015211 ^ clk_i (in)
                                                         clk_i (net)
                      0.027112    0.000000   10.015211 ^ clkbuf_0_clk_i/A (sg13g2_buf_16)
     8    0.166508    0.036353    0.063756   10.078967 ^ clkbuf_0_clk_i/X (sg13g2_buf_16)
                                                         clknet_0_clk_i (net)
                      0.037037    0.003936   10.082904 ^ clkbuf_3_7__f_clk_i/A (sg13g2_buf_16)
     4    0.015568    0.013539    0.049796   10.132699 ^ clkbuf_3_7__f_clk_i/X (sg13g2_buf_16)
                                                         clknet_3_7__leaf_clk_i (net)
                      0.013539    0.000329   10.133028 ^ _195_/CLK (sg13g2_dfrbpq_1)
                                 -0.250000    9.883028   clock uncertainty
                                  0.000000    9.883028   clock reconvergence pessimism
                                 -0.111464    9.771564   library recovery time
                                              9.771564   data required time
---------------------------------------------------------------------------------------------
                                              9.771564   data required time
                                             -2.271112   data arrival time
---------------------------------------------------------------------------------------------
                                              7.500452   slack (MET)


Startpoint: rst_ni (input port clocked by clk_i)
Endpoint: _193_ (recovery check against rising-edge clock clk_i)
Path Group: asynchronous
Path Type: max

Fanout         Cap        Slew       Delay        Time   Description
---------------------------------------------------------------------------------------------
                                  0.000000    0.000000   clock clk_i (rise edge)
                                  0.000000    0.000000   clock network delay (propagated)
                                  2.000000    2.000000 ^ input external delay
     1    0.004747    0.014742    0.002695    2.002695 ^ rst_ni (in)
                                                         rst_ni (net)
                      0.014742    0.000000    2.002695 ^ input1/A (sg13g2_buf_1)
     1    0.002933    0.014600    0.038162    2.040858 ^ input1/X (sg13g2_buf_1)
                                                         net1 (net)
                      0.014602    0.000114    2.040972 ^ fanout26/A (sg13g2_buf_1)
     4    0.023934    0.066866    0.076451    2.117423 ^ fanout26/X (sg13g2_buf_1)
                                                         net26 (net)
                      0.066976    0.002200    2.119623 ^ fanout25/A (sg13g2_buf_1)
     8    0.055207    0.147752    0.148132    2.267756 ^ fanout25/X (sg13g2_buf_1)
                                                         net25 (net)
                      0.147841    0.002996    2.270752 ^ _193_/RESET_B (sg13g2_dfrbpq_1)
                                              2.270752   data arrival time

                                 10.000000   10.000000   clock clk_i (rise edge)
                                  0.000000   10.000000   clock source latency
     1    0.025625    0.026735    0.015211   10.015211 ^ clk_i (in)
                                                         clk_i (net)
                      0.027112    0.000000   10.015211 ^ clkbuf_0_clk_i/A (sg13g2_buf_16)
     8    0.166508    0.036353    0.063756   10.078967 ^ clkbuf_0_clk_i/X (sg13g2_buf_16)
                                                         clknet_0_clk_i (net)
                      0.037037    0.003936   10.082904 ^ clkbuf_3_7__f_clk_i/A (sg13g2_buf_16)
     4    0.015568    0.013539    0.049796   10.132699 ^ clkbuf_3_7__f_clk_i/X (sg13g2_buf_16)
                                                         clknet_3_7__leaf_clk_i (net)
                      0.013539    0.000158   10.132857 ^ _193_/CLK (sg13g2_dfrbpq_1)
                                 -0.250000    9.882857   clock uncertainty
                                  0.000000    9.882857   clock reconvergence pessimism
                                 -0.111458    9.771399   library recovery time
                                              9.771399   data required time
---------------------------------------------------------------------------------------------
                                              9.771399   data required time
                                             -2.270752   data arrival time
---------------------------------------------------------------------------------------------
                                              7.500648   slack (MET)


Startpoint: rst_ni (input port clocked by clk_i)
Endpoint: _191_ (recovery check against rising-edge clock clk_i)
Path Group: asynchronous
Path Type: max

Fanout         Cap        Slew       Delay        Time   Description
---------------------------------------------------------------------------------------------
                                  0.000000    0.000000   clock clk_i (rise edge)
                                  0.000000    0.000000   clock network delay (propagated)
                                  2.000000    2.000000 ^ input external delay
     1    0.004747    0.014742    0.002695    2.002695 ^ rst_ni (in)
                                                         rst_ni (net)
                      0.014742    0.000000    2.002695 ^ input1/A (sg13g2_buf_1)
     1    0.002933    0.014600    0.038162    2.040858 ^ input1/X (sg13g2_buf_1)
                                                         net1 (net)
                      0.014602    0.000114    2.040972 ^ fanout26/A (sg13g2_buf_1)
     4    0.023934    0.066866    0.076451    2.117423 ^ fanout26/X (sg13g2_buf_1)
                                                         net26 (net)
                      0.066976    0.002200    2.119623 ^ fanout25/A (sg13g2_buf_1)
     8    0.055207    0.147752    0.148132    2.267756 ^ fanout25/X (sg13g2_buf_1)
                                                         net25 (net)
                      0.147861    0.003321    2.271076 ^ _191_/RESET_B (sg13g2_dfrbpq_1)
                                              2.271076   data arrival time

                                 10.000000   10.000000   clock clk_i (rise edge)
                                  0.000000   10.000000   clock source latency
     1    0.025625    0.026735    0.015211   10.015211 ^ clk_i (in)
                                                         clk_i (net)
                      0.027112    0.000000   10.015211 ^ clkbuf_0_clk_i/A (sg13g2_buf_16)
     8    0.166508    0.036353    0.063756   10.078967 ^ clkbuf_0_clk_i/X (sg13g2_buf_16)
                                                         clknet_0_clk_i (net)
                      0.036970    0.003738   10.082705 ^ clkbuf_3_6__f_clk_i/A (sg13g2_buf_16)
     4    0.016617    0.013692    0.049877   10.132583 ^ clkbuf_3_6__f_clk_i/X (sg13g2_buf_16)
                                                         clknet_3_6__leaf_clk_i (net)
                      0.013698    0.000685   10.133267 ^ _191_/CLK (sg13g2_dfrbpq_1)
                                 -0.250000    9.883267   clock uncertainty
                                  0.000000    9.883267   clock reconvergence pessimism
                                 -0.111445    9.771823   library recovery time
                                              9.771823   data required time
---------------------------------------------------------------------------------------------
                                              9.771823   data required time
                                             -2.271076   data arrival time
---------------------------------------------------------------------------------------------
                                              7.500746   slack (MET)


Startpoint: rst_ni (input port clocked by clk_i)
Endpoint: _192_ (recovery check against rising-edge clock clk_i)
Path Group: asynchronous
Path Type: max

Fanout         Cap        Slew       Delay        Time   Description
---------------------------------------------------------------------------------------------
                                  0.000000    0.000000   clock clk_i (rise edge)
                                  0.000000    0.000000   clock network delay (propagated)
                                  2.000000    2.000000 ^ input external delay
     1    0.004747    0.014742    0.002695    2.002695 ^ rst_ni (in)
                                                         rst_ni (net)
                      0.014742    0.000000    2.002695 ^ input1/A (sg13g2_buf_1)
     1    0.002933    0.014600    0.038162    2.040858 ^ input1/X (sg13g2_buf_1)
                                                         net1 (net)
                      0.014602    0.000114    2.040972 ^ fanout26/A (sg13g2_buf_1)
     4    0.023934    0.066866    0.076451    2.117423 ^ fanout26/X (sg13g2_buf_1)
                                                         net26 (net)
                      0.066976    0.002200    2.119623 ^ fanout25/A (sg13g2_buf_1)
     8    0.055207    0.147752    0.148132    2.267756 ^ fanout25/X (sg13g2_buf_1)
                                                         net25 (net)
                      0.147858    0.003267    2.271023 ^ _192_/RESET_B (sg13g2_dfrbpq_1)
                                              2.271023   data arrival time

                                 10.000000   10.000000   clock clk_i (rise edge)
                                  0.000000   10.000000   clock source latency
     1    0.025625    0.026735    0.015211   10.015211 ^ clk_i (in)
                                                         clk_i (net)
                      0.027112    0.000000   10.015211 ^ clkbuf_0_clk_i/A (sg13g2_buf_16)
     8    0.166508    0.036353    0.063756   10.078967 ^ clkbuf_0_clk_i/X (sg13g2_buf_16)
                                                         clknet_0_clk_i (net)
                      0.036970    0.003738   10.082705 ^ clkbuf_3_6__f_clk_i/A (sg13g2_buf_16)
     4    0.016617    0.013692    0.049877   10.132583 ^ clkbuf_3_6__f_clk_i/X (sg13g2_buf_16)
                                                         clknet_3_6__leaf_clk_i (net)
                      0.013699    0.000710   10.133293 ^ _192_/CLK (sg13g2_dfrbpq_1)
                                 -0.250000    9.883293   clock uncertainty
                                  0.000000    9.883293   clock reconvergence pessimism
                                 -0.111444    9.771849   library recovery time
                                              9.771849   data required time
---------------------------------------------------------------------------------------------
                                              9.771849   data required time
                                             -2.271023   data arrival time
---------------------------------------------------------------------------------------------
                                              7.500825   slack (MET)


Startpoint: rst_ni (input port clocked by clk_i)
Endpoint: _197_ (recovery check against rising-edge clock clk_i)
Path Group: asynchronous
Path Type: max

Fanout         Cap        Slew       Delay        Time   Description
---------------------------------------------------------------------------------------------
                                  0.000000    0.000000   clock clk_i (rise edge)
                                  0.000000    0.000000   clock network delay (propagated)
                                  2.000000    2.000000 ^ input external delay
     1    0.004747    0.014742    0.002695    2.002695 ^ rst_ni (in)
                                                         rst_ni (net)
                      0.014742    0.000000    2.002695 ^ input1/A (sg13g2_buf_1)
     1    0.002933    0.014600    0.038162    2.040858 ^ input1/X (sg13g2_buf_1)
                                                         net1 (net)
                      0.014602    0.000114    2.040972 ^ fanout26/A (sg13g2_buf_1)
     4    0.023934    0.066866    0.076451    2.117423 ^ fanout26/X (sg13g2_buf_1)
                                                         net26 (net)
                      0.067018    0.002576    2.120000 ^ fanout24/A (sg13g2_buf_1)
     8    0.052549    0.141028    0.142715    2.262715 ^ fanout24/X (sg13g2_buf_1)
                                                         net24 (net)
                      0.141313    0.005197    2.267912 ^ _197_/RESET_B (sg13g2_dfrbpq_1)
                                              2.267912   data arrival time

                                 10.000000   10.000000   clock clk_i (rise edge)
                                  0.000000   10.000000   clock source latency
     1    0.025625    0.026735    0.015211   10.015211 ^ clk_i (in)
                                                         clk_i (net)
                      0.027112    0.000000   10.015211 ^ clkbuf_0_clk_i/A (sg13g2_buf_16)
     8    0.166508    0.036353    0.063756   10.078967 ^ clkbuf_0_clk_i/X (sg13g2_buf_16)
                                                         clknet_0_clk_i (net)
                      0.036982    0.003775   10.082742 ^ clkbuf_3_5__f_clk_i/A (sg13g2_buf_16)
     4    0.015390    0.013510    0.049757   10.132499 ^ clkbuf_3_5__f_clk_i/X (sg13g2_buf_16)
                                                         clknet_3_5__leaf_clk_i (net)
                      0.013510    0.000224   10.132723 ^ _197_/CLK (sg13g2_dfrbpq_1)
                                 -0.250000    9.882723   clock uncertainty
                                  0.000000    9.882723   clock reconvergence pessimism
                                 -0.109936    9.772786   library recovery time
                                              9.772786   data required time
---------------------------------------------------------------------------------------------
                                              9.772786   data required time
                                             -2.267912   data arrival time
---------------------------------------------------------------------------------------------
                                              7.504874   slack (MET)


Startpoint: rst_ni (input port clocked by clk_i)
Endpoint: _198_ (recovery check against rising-edge clock clk_i)
Path Group: asynchronous
Path Type: max

Fanout         Cap        Slew       Delay        Time   Description
---------------------------------------------------------------------------------------------
                                  0.000000    0.000000   clock clk_i (rise edge)
                                  0.000000    0.000000   clock network delay (propagated)
                                  2.000000    2.000000 ^ input external delay
     1    0.004747    0.014742    0.002695    2.002695 ^ rst_ni (in)
                                                         rst_ni (net)
                      0.014742    0.000000    2.002695 ^ input1/A (sg13g2_buf_1)
     1    0.002933    0.014600    0.038162    2.040858 ^ input1/X (sg13g2_buf_1)
                                                         net1 (net)
                      0.014602    0.000114    2.040972 ^ fanout26/A (sg13g2_buf_1)
     4    0.023934    0.066866    0.076451    2.117423 ^ fanout26/X (sg13g2_buf_1)
                                                         net26 (net)
                      0.067018    0.002576    2.120000 ^ fanout24/A (sg13g2_buf_1)
     8    0.052549    0.141028    0.142715    2.262715 ^ fanout24/X (sg13g2_buf_1)
                                                         net24 (net)
                      0.141311    0.005182    2.267897 ^ _198_/RESET_B (sg13g2_dfrbpq_1)
                                              2.267897   data arrival time

                                 10.000000   10.000000   clock clk_i (rise edge)
                                  0.000000   10.000000   clock source latency
     1    0.025625    0.026735    0.015211   10.015211 ^ clk_i (in)
                                                         clk_i (net)
                      0.027112    0.000000   10.015211 ^ clkbuf_0_clk_i/A (sg13g2_buf_16)
     8    0.166508    0.036353    0.063756   10.078967 ^ clkbuf_0_clk_i/X (sg13g2_buf_16)
                                                         clknet_0_clk_i (net)
                      0.036982    0.003775   10.082742 ^ clkbuf_3_5__f_clk_i/A (sg13g2_buf_16)
     4    0.015390    0.013510    0.049757   10.132499 ^ clkbuf_3_5__f_clk_i/X (sg13g2_buf_16)
                                                         clknet_3_5__leaf_clk_i (net)
                      0.013510    0.000217   10.132715 ^ _198_/CLK (sg13g2_dfrbpq_1)
                                 -0.250000    9.882715   clock uncertainty
                                  0.000000    9.882715   clock reconvergence pessimism
                                 -0.109936    9.772779   library recovery time
                                              9.772779   data required time
---------------------------------------------------------------------------------------------
                                              9.772779   data required time
                                             -2.267897   data arrival time
---------------------------------------------------------------------------------------------
                                              7.504882   slack (MET)


Startpoint: rst_ni (input port clocked by clk_i)
Endpoint: _201_ (recovery check against rising-edge clock clk_i)
Path Group: asynchronous
Path Type: max

Fanout         Cap        Slew       Delay        Time   Description
---------------------------------------------------------------------------------------------
                                  0.000000    0.000000   clock clk_i (rise edge)
                                  0.000000    0.000000   clock network delay (propagated)
                                  2.000000    2.000000 ^ input external delay
     1    0.004747    0.014742    0.002695    2.002695 ^ rst_ni (in)
                                                         rst_ni (net)
                      0.014742    0.000000    2.002695 ^ input1/A (sg13g2_buf_1)
     1    0.002933    0.014600    0.038162    2.040858 ^ input1/X (sg13g2_buf_1)
                                                         net1 (net)
                      0.014602    0.000114    2.040972 ^ fanout26/A (sg13g2_buf_1)
     4    0.023934    0.066866    0.076451    2.117423 ^ fanout26/X (sg13g2_buf_1)
                                                         net26 (net)
                      0.067018    0.002576    2.120000 ^ fanout24/A (sg13g2_buf_1)
     8    0.052549    0.141028    0.142715    2.262715 ^ fanout24/X (sg13g2_buf_1)
                                                         net24 (net)
                      0.141303    0.005104    2.267819 ^ _201_/RESET_B (sg13g2_dfrbpq_1)
                                              2.267819   data arrival time

                                 10.000000   10.000000   clock clk_i (rise edge)
                                  0.000000   10.000000   clock source latency
     1    0.025625    0.026735    0.015211   10.015211 ^ clk_i (in)
                                                         clk_i (net)
                      0.027112    0.000000   10.015211 ^ clkbuf_0_clk_i/A (sg13g2_buf_16)
     8    0.166508    0.036353    0.063756   10.078967 ^ clkbuf_0_clk_i/X (sg13g2_buf_16)
                                                         clknet_0_clk_i (net)
                      0.036982    0.003775   10.082742 ^ clkbuf_3_5__f_clk_i/A (sg13g2_buf_16)
     4    0.015390    0.013510    0.049757   10.132499 ^ clkbuf_3_5__f_clk_i/X (sg13g2_buf_16)
                                                         clknet_3_5__leaf_clk_i (net)
                      0.013510    0.000250   10.132749 ^ _201_/CLK (sg13g2_dfrbpq_1)
                                 -0.250000    9.882749   clock uncertainty
                                  0.000000    9.882749   clock reconvergence pessimism
                                 -0.109934    9.772814   library recovery time
                                              9.772814   data required time
---------------------------------------------------------------------------------------------
                                              9.772814   data required time
                                             -2.267819   data arrival time
---------------------------------------------------------------------------------------------
                                              7.504995   slack (MET)


Startpoint: rst_ni (input port clocked by clk_i)
Endpoint: _202_ (recovery check against rising-edge clock clk_i)
Path Group: asynchronous
Path Type: max

Fanout         Cap        Slew       Delay        Time   Description
---------------------------------------------------------------------------------------------
                                  0.000000    0.000000   clock clk_i (rise edge)
                                  0.000000    0.000000   clock network delay (propagated)
                                  2.000000    2.000000 ^ input external delay
     1    0.004747    0.014742    0.002695    2.002695 ^ rst_ni (in)
                                                         rst_ni (net)
                      0.014742    0.000000    2.002695 ^ input1/A (sg13g2_buf_1)
     1    0.002933    0.014600    0.038162    2.040858 ^ input1/X (sg13g2_buf_1)
                                                         net1 (net)
                      0.014602    0.000114    2.040972 ^ fanout26/A (sg13g2_buf_1)
     4    0.023934    0.066866    0.076451    2.117423 ^ fanout26/X (sg13g2_buf_1)
                                                         net26 (net)
                      0.067018    0.002576    2.120000 ^ fanout24/A (sg13g2_buf_1)
     8    0.052549    0.141028    0.142715    2.262715 ^ fanout24/X (sg13g2_buf_1)
                                                         net24 (net)
                      0.141300    0.005080    2.267795 ^ _202_/RESET_B (sg13g2_dfrbpq_1)
                                              2.267795   data arrival time

                                 10.000000   10.000000   clock clk_i (rise edge)
                                  0.000000   10.000000   clock source latency
     1    0.025625    0.026735    0.015211   10.015211 ^ clk_i (in)
                                                         clk_i (net)
                      0.027112    0.000000   10.015211 ^ clkbuf_0_clk_i/A (sg13g2_buf_16)
     8    0.166508    0.036353    0.063756   10.078967 ^ clkbuf_0_clk_i/X (sg13g2_buf_16)
                                                         clknet_0_clk_i (net)
                      0.036982    0.003775   10.082742 ^ clkbuf_3_5__f_clk_i/A (sg13g2_buf_16)
     4    0.015390    0.013510    0.049757   10.132499 ^ clkbuf_3_5__f_clk_i/X (sg13g2_buf_16)
                                                         clknet_3_5__leaf_clk_i (net)
                      0.013510    0.000274   10.132772 ^ _202_/CLK (sg13g2_dfrbpq_1)
                                 -0.250000    9.882772   clock uncertainty
                                  0.000000    9.882772   clock reconvergence pessimism
                                 -0.109933    9.772839   library recovery time
                                              9.772839   data required time
---------------------------------------------------------------------------------------------
                                              9.772839   data required time
                                             -2.267795   data arrival time
---------------------------------------------------------------------------------------------
                                              7.505044   slack (MET)


Startpoint: rst_ni (input port clocked by clk_i)
Endpoint: _179_ (recovery check against rising-edge clock clk_i)
Path Group: asynchronous
Path Type: max

Fanout         Cap        Slew       Delay        Time   Description
---------------------------------------------------------------------------------------------
                                  0.000000    0.000000   clock clk_i (rise edge)
                                  0.000000    0.000000   clock network delay (propagated)
                                  2.000000    2.000000 ^ input external delay
     1    0.004747    0.014742    0.002695    2.002695 ^ rst_ni (in)
                                                         rst_ni (net)
                      0.014742    0.000000    2.002695 ^ input1/A (sg13g2_buf_1)
     1    0.002933    0.014600    0.038162    2.040858 ^ input1/X (sg13g2_buf_1)
                                                         net1 (net)
                      0.014602    0.000114    2.040972 ^ fanout26/A (sg13g2_buf_1)
     4    0.023934    0.066866    0.076451    2.117423 ^ fanout26/X (sg13g2_buf_1)
                                                         net26 (net)
                      0.067018    0.002576    2.120000 ^ fanout24/A (sg13g2_buf_1)
     8    0.052549    0.141028    0.142715    2.262715 ^ fanout24/X (sg13g2_buf_1)
                                                         net24 (net)
                      0.141178    0.003801    2.266516 ^ _179_/RESET_B (sg13g2_dfrbpq_1)
                                              2.266516   data arrival time

                                 10.000000   10.000000   clock clk_i (rise edge)
                                  0.000000   10.000000   clock source latency
     1    0.025625    0.026735    0.015211   10.015211 ^ clk_i (in)
                                                         clk_i (net)
                      0.027112    0.000000   10.015211 ^ clkbuf_0_clk_i/A (sg13g2_buf_16)
     8    0.166508    0.036353    0.063756   10.078967 ^ clkbuf_0_clk_i/X (sg13g2_buf_16)
                                                         clknet_0_clk_i (net)
                      0.036887    0.003484   10.082452 ^ clkbuf_3_4__f_clk_i/A (sg13g2_buf_16)
     4    0.015492    0.013520    0.049728   10.132180 ^ clkbuf_3_4__f_clk_i/X (sg13g2_buf_16)
                                                         clknet_3_4__leaf_clk_i (net)
                      0.013520    0.000385   10.132565 ^ _179_/CLK (sg13g2_dfrbpq_1)
                                 -0.250000    9.882565   clock uncertainty
                                  0.000000    9.882565   clock reconvergence pessimism
                                 -0.109903    9.772662   library recovery time
                                              9.772662   data required time
---------------------------------------------------------------------------------------------
                                              9.772662   data required time
                                             -2.266516   data arrival time
---------------------------------------------------------------------------------------------
                                              7.506146   slack (MET)


Startpoint: rst_ni (input port clocked by clk_i)
Endpoint: _180_ (recovery check against rising-edge clock clk_i)
Path Group: asynchronous
Path Type: max

Fanout         Cap        Slew       Delay        Time   Description
---------------------------------------------------------------------------------------------
                                  0.000000    0.000000   clock clk_i (rise edge)
                                  0.000000    0.000000   clock network delay (propagated)
                                  2.000000    2.000000 ^ input external delay
     1    0.004747    0.014742    0.002695    2.002695 ^ rst_ni (in)
                                                         rst_ni (net)
                      0.014742    0.000000    2.002695 ^ input1/A (sg13g2_buf_1)
     1    0.002933    0.014600    0.038162    2.040858 ^ input1/X (sg13g2_buf_1)
                                                         net1 (net)
                      0.014602    0.000114    2.040972 ^ fanout26/A (sg13g2_buf_1)
     4    0.023934    0.066866    0.076451    2.117423 ^ fanout26/X (sg13g2_buf_1)
                                                         net26 (net)
                      0.067018    0.002576    2.120000 ^ fanout24/A (sg13g2_buf_1)
     8    0.052549    0.141028    0.142715    2.262715 ^ fanout24/X (sg13g2_buf_1)
                                                         net24 (net)
                      0.141161    0.003584    2.266299 ^ _180_/RESET_B (sg13g2_dfrbpq_1)
                                              2.266299   data arrival time

                                 10.000000   10.000000   clock clk_i (rise edge)
                                  0.000000   10.000000   clock source latency
     1    0.025625    0.026735    0.015211   10.015211 ^ clk_i (in)
                                                         clk_i (net)
                      0.027112    0.000000   10.015211 ^ clkbuf_0_clk_i/A (sg13g2_buf_16)
     8    0.166508    0.036353    0.063756   10.078967 ^ clkbuf_0_clk_i/X (sg13g2_buf_16)
                                                         clknet_0_clk_i (net)
                      0.036887    0.003484   10.082452 ^ clkbuf_3_4__f_clk_i/A (sg13g2_buf_16)
     4    0.015492    0.013520    0.049728   10.132180 ^ clkbuf_3_4__f_clk_i/X (sg13g2_buf_16)
                                                         clknet_3_4__leaf_clk_i (net)
                      0.013520    0.000340   10.132520 ^ _180_/CLK (sg13g2_dfrbpq_1)
                                 -0.250000    9.882520   clock uncertainty
                                  0.000000    9.882520   clock reconvergence pessimism
                                 -0.109900    9.772620   library recovery time
                                              9.772620   data required time
---------------------------------------------------------------------------------------------
                                              9.772620   data required time
                                             -2.266299   data arrival time
---------------------------------------------------------------------------------------------
                                              7.506321   slack (MET)


Startpoint: rst_ni (input port clocked by clk_i)
Endpoint: _182_ (recovery check against rising-edge clock clk_i)
Path Group: asynchronous
Path Type: max

Fanout         Cap        Slew       Delay        Time   Description
---------------------------------------------------------------------------------------------
                                  0.000000    0.000000   clock clk_i (rise edge)
                                  0.000000    0.000000   clock network delay (propagated)
                                  2.000000    2.000000 ^ input external delay
     1    0.004747    0.014742    0.002695    2.002695 ^ rst_ni (in)
                                                         rst_ni (net)
                      0.014742    0.000000    2.002695 ^ input1/A (sg13g2_buf_1)
     1    0.002933    0.014600    0.038162    2.040858 ^ input1/X (sg13g2_buf_1)
                                                         net1 (net)
                      0.014602    0.000114    2.040972 ^ fanout26/A (sg13g2_buf_1)
     4    0.023934    0.066866    0.076451    2.117423 ^ fanout26/X (sg13g2_buf_1)
                                                         net26 (net)
                      0.067018    0.002576    2.120000 ^ fanout24/A (sg13g2_buf_1)
     8    0.052549    0.141028    0.142715    2.262715 ^ fanout24/X (sg13g2_buf_1)
                                                         net24 (net)
                      0.141144    0.003357    2.266072 ^ _182_/RESET_B (sg13g2_dfrbpq_1)
                                              2.266072   data arrival time

                                 10.000000   10.000000   clock clk_i (rise edge)
                                  0.000000   10.000000   clock source latency
     1    0.025625    0.026735    0.015211   10.015211 ^ clk_i (in)
                                                         clk_i (net)
                      0.027112    0.000000   10.015211 ^ clkbuf_0_clk_i/A (sg13g2_buf_16)
     8    0.166508    0.036353    0.063756   10.078967 ^ clkbuf_0_clk_i/X (sg13g2_buf_16)
                                                         clknet_0_clk_i (net)
                      0.036887    0.003484   10.082452 ^ clkbuf_3_4__f_clk_i/A (sg13g2_buf_16)
     4    0.015492    0.013520    0.049728   10.132180 ^ clkbuf_3_4__f_clk_i/X (sg13g2_buf_16)
                                                         clknet_3_4__leaf_clk_i (net)
                      0.013520    0.000144   10.132323 ^ _182_/CLK (sg13g2_dfrbpq_1)
                                 -0.250000    9.882323   clock uncertainty
                                  0.000000    9.882323   clock reconvergence pessimism
                                 -0.109896    9.772428   library recovery time
                                              9.772428   data required time
---------------------------------------------------------------------------------------------
                                              9.772428   data required time
                                             -2.266072   data arrival time
---------------------------------------------------------------------------------------------
                                              7.506356   slack (MET)


Startpoint: rst_ni (input port clocked by clk_i)
Endpoint: _181_ (recovery check against rising-edge clock clk_i)
Path Group: asynchronous
Path Type: max

Fanout         Cap        Slew       Delay        Time   Description
---------------------------------------------------------------------------------------------
                                  0.000000    0.000000   clock clk_i (rise edge)
                                  0.000000    0.000000   clock network delay (propagated)
                                  2.000000    2.000000 ^ input external delay
     1    0.004747    0.014742    0.002695    2.002695 ^ rst_ni (in)
                                                         rst_ni (net)
                      0.014742    0.000000    2.002695 ^ input1/A (sg13g2_buf_1)
     1    0.002933    0.014600    0.038162    2.040858 ^ input1/X (sg13g2_buf_1)
                                                         net1 (net)
                      0.014602    0.000114    2.040972 ^ fanout26/A (sg13g2_buf_1)
     4    0.023934    0.066866    0.076451    2.117423 ^ fanout26/X (sg13g2_buf_1)
                                                         net26 (net)
                      0.067018    0.002576    2.120000 ^ fanout24/A (sg13g2_buf_1)
     8    0.052549    0.141028    0.142715    2.262715 ^ fanout24/X (sg13g2_buf_1)
                                                         net24 (net)
                      0.141156    0.003516    2.266231 ^ _181_/RESET_B (sg13g2_dfrbpq_1)
                                              2.266231   data arrival time

                                 10.000000   10.000000   clock clk_i (rise edge)
                                  0.000000   10.000000   clock source latency
     1    0.025625    0.026735    0.015211   10.015211 ^ clk_i (in)
                                                         clk_i (net)
                      0.027112    0.000000   10.015211 ^ clkbuf_0_clk_i/A (sg13g2_buf_16)
     8    0.166508    0.036353    0.063756   10.078967 ^ clkbuf_0_clk_i/X (sg13g2_buf_16)
                                                         clknet_0_clk_i (net)
                      0.036887    0.003484   10.082452 ^ clkbuf_3_4__f_clk_i/A (sg13g2_buf_16)
     4    0.015492    0.013520    0.049728   10.132180 ^ clkbuf_3_4__f_clk_i/X (sg13g2_buf_16)
                                                         clknet_3_4__leaf_clk_i (net)
                      0.013520    0.000321   10.132501 ^ _181_/CLK (sg13g2_dfrbpq_1)
                                 -0.250000    9.882501   clock uncertainty
                                  0.000000    9.882501   clock reconvergence pessimism
                                 -0.109898    9.772602   library recovery time
                                              9.772602   data required time
---------------------------------------------------------------------------------------------
                                              9.772602   data required time
                                             -2.266231   data arrival time
---------------------------------------------------------------------------------------------
                                              7.506371   slack (MET)


Startpoint: ui_PAD2CORE[0] (input port clocked by clk_i)
Endpoint: _200_ (rising edge-triggered flip-flop clocked by clk_i)
Path Group: clk_i
Path Type: max

Fanout         Cap        Slew       Delay        Time   Description
---------------------------------------------------------------------------------------------
                                  0.000000    0.000000   clock clk_i (rise edge)
                                  0.000000    0.000000   clock network delay (propagated)
                                  2.000000    2.000000 ^ input external delay
     1    0.004676    0.014699    0.002680    2.002680 ^ ui_PAD2CORE[0] (in)
                                                         ui_PAD2CORE[0] (net)
                      0.014699    0.000000    2.002680 ^ input2/A (sg13g2_buf_1)
     2    0.011791    0.036329    0.054356    2.057036 ^ input2/X (sg13g2_buf_1)
                                                         net2 (net)
                      0.036354    0.000782    2.057817 ^ fanout20/A (sg13g2_buf_1)
     8    0.039557    0.107231    0.110804    2.168622 ^ fanout20/X (sg13g2_buf_1)
                                                         net20 (net)
                      0.107307    0.002355    2.170977 ^ _162_/A (sg13g2_nand2_1)
     2    0.011376    0.067164    0.080722    2.251699 v _162_/Y (sg13g2_nand2_1)
                                                         _060_ (net)
                      0.067198    0.000797    2.252496 v _163_/B (sg13g2_nand2b_1)
     1    0.004152    0.030732    0.037652    2.290148 ^ _163_/Y (sg13g2_nand2b_1)
                                                         _016_ (net)
                      0.030732    0.000228    2.290376 ^ _200_/D (sg13g2_dfrbpq_1)
                                              2.290376   data arrival time

                                 10.000000   10.000000   clock clk_i (rise edge)
                                  0.000000   10.000000   clock source latency
     1    0.025625    0.026735    0.015211   10.015211 ^ clk_i (in)
                                                         clk_i (net)
                      0.027112    0.000000   10.015211 ^ clkbuf_0_clk_i/A (sg13g2_buf_16)
     8    0.166508    0.036353    0.063756   10.078967 ^ clkbuf_0_clk_i/X (sg13g2_buf_16)
                                                         clknet_0_clk_i (net)
                      0.036871    0.003434   10.082401 ^ clkbuf_3_2__f_clk_i/A (sg13g2_buf_16)
     4    0.017256    0.013786    0.049894   10.132296 ^ clkbuf_3_2__f_clk_i/X (sg13g2_buf_16)
                                                         clknet_3_2__leaf_clk_i (net)
                      0.013788    0.000435   10.132730 ^ _200_/CLK (sg13g2_dfrbpq_1)
                                 -0.250000    9.882730   clock uncertainty
                                  0.000000    9.882730   clock reconvergence pessimism
                                 -0.079293    9.803437   library setup time
                                              9.803437   data required time
---------------------------------------------------------------------------------------------
                                              9.803437   data required time
                                             -2.290376   data arrival time
---------------------------------------------------------------------------------------------
                                              7.513062   slack (MET)


Startpoint: rst_ni (input port clocked by clk_i)
Endpoint: _190_ (recovery check against rising-edge clock clk_i)
Path Group: asynchronous
Path Type: max

Fanout         Cap        Slew       Delay        Time   Description
---------------------------------------------------------------------------------------------
                                  0.000000    0.000000   clock clk_i (rise edge)
                                  0.000000    0.000000   clock network delay (propagated)
                                  2.000000    2.000000 ^ input external delay
     1    0.004747    0.014742    0.002695    2.002695 ^ rst_ni (in)
                                                         rst_ni (net)
                      0.014742    0.000000    2.002695 ^ input1/A (sg13g2_buf_1)
     1    0.002933    0.014600    0.038162    2.040858 ^ input1/X (sg13g2_buf_1)
                                                         net1 (net)
                      0.014602    0.000114    2.040972 ^ fanout26/A (sg13g2_buf_1)
     4    0.023934    0.066866    0.076451    2.117423 ^ fanout26/X (sg13g2_buf_1)
                                                         net26 (net)
                      0.066935    0.001761    2.119184 ^ _190_/RESET_B (sg13g2_dfrbpq_1)
                                              2.119184   data arrival time

                                 10.000000   10.000000   clock clk_i (rise edge)
                                  0.000000   10.000000   clock source latency
     1    0.025625    0.026735    0.015211   10.015211 ^ clk_i (in)
                                                         clk_i (net)
                      0.027112    0.000000   10.015211 ^ clkbuf_0_clk_i/A (sg13g2_buf_16)
     8    0.166508    0.036353    0.063756   10.078967 ^ clkbuf_0_clk_i/X (sg13g2_buf_16)
                                                         clknet_0_clk_i (net)
                      0.036929    0.003615   10.082582 ^ clkbuf_3_3__f_clk_i/A (sg13g2_buf_16)
     4    0.017763    0.013876    0.049922   10.132504 ^ clkbuf_3_3__f_clk_i/X (sg13g2_buf_16)
                                                         clknet_3_3__leaf_clk_i (net)
                      0.013926    0.001503   10.134007 ^ _190_/CLK (sg13g2_dfrbpq_1)
                                 -0.250000    9.884007   clock uncertainty
                                  0.000000    9.884007   clock reconvergence pessimism
                                 -0.092507    9.791499   library recovery time
                                              9.791499   data required time
---------------------------------------------------------------------------------------------
                                              9.791499   data required time
                                             -2.119184   data arrival time
---------------------------------------------------------------------------------------------
                                              7.672316   slack (MET)



%OL_END_REPORT
%OL_CREATE_REPORT checks.rpt

===========================================================================
report_checks -unconstrained
===========================================================================
======================= nom_fast_1p32V_m40C Corner ===================================

Startpoint: rst_ni (input port clocked by clk_i)
Endpoint: _172_ (recovery check against rising-edge clock clk_i)
Path Group: asynchronous
Path Type: max

Fanout         Cap        Slew       Delay        Time   Description
---------------------------------------------------------------------------------------------
                                  0.000000    0.000000   clock clk_i (rise edge)
                                  0.000000    0.000000   clock network delay (propagated)
                                  2.000000    2.000000 ^ input external delay
     1    0.004747    0.014742    0.002695    2.002695 ^ rst_ni (in)
                                                         rst_ni (net)
                      0.014742    0.000000    2.002695 ^ input1/A (sg13g2_buf_1)
     1    0.002933    0.014600    0.038162    2.040858 ^ input1/X (sg13g2_buf_1)
                                                         net1 (net)
                      0.014602    0.000114    2.040972 ^ fanout26/A (sg13g2_buf_1)
     4    0.023934    0.066866    0.076451    2.117423 ^ fanout26/X (sg13g2_buf_1)
                                                         net26 (net)
                      0.066891    0.001074    2.118497 ^ fanout23/A (sg13g2_buf_1)
     8    0.056095    0.150197    0.148736    2.267233 ^ fanout23/X (sg13g2_buf_1)
                                                         net23 (net)
                      0.150212    0.001246    2.268479 ^ fanout22/A (sg13g2_buf_1)
     8    0.054265    0.145698    0.167402    2.435881 ^ fanout22/X (sg13g2_buf_1)
                                                         net22 (net)
                      0.145793    0.003078    2.438959 ^ _172_/RESET_B (sg13g2_dfrbpq_1)
                                              2.438959   data arrival time

                                 10.000000   10.000000   clock clk_i (rise edge)
                                  0.000000   10.000000   clock source latency
     1    0.025625    0.026735    0.015211   10.015211 ^ clk_i (in)
                                                         clk_i (net)
                      0.027112    0.000000   10.015211 ^ clkbuf_0_clk_i/A (sg13g2_buf_16)
     8    0.166508    0.036353    0.063756   10.078967 ^ clkbuf_0_clk_i/X (sg13g2_buf_16)
                                                         clknet_0_clk_i (net)
                      0.036801    0.003199   10.082167 ^ clkbuf_3_0__f_clk_i/A (sg13g2_buf_16)
     4    0.015231    0.013477    0.049669   10.131835 ^ clkbuf_3_0__f_clk_i/X (sg13g2_buf_16)
                                                         clknet_3_0__leaf_clk_i (net)
                      0.013477    0.000249   10.132084 ^ _172_/CLK (sg13g2_dfrbpq_1)
                                 -0.250000    9.882084   clock uncertainty
                                  0.000000    9.882084   clock reconvergence pessimism
                                 -0.110987    9.771097   library recovery time
                                              9.771097   data required time
---------------------------------------------------------------------------------------------
                                              9.771097   data required time
                                             -2.438959   data arrival time
---------------------------------------------------------------------------------------------
                                              7.332138   slack (MET)


Startpoint: ui_PAD2CORE[0] (input port clocked by clk_i)
Endpoint: _197_ (rising edge-triggered flip-flop clocked by clk_i)
Path Group: clk_i
Path Type: max

Fanout         Cap        Slew       Delay        Time   Description
---------------------------------------------------------------------------------------------
                                  0.000000    0.000000   clock clk_i (rise edge)
                                  0.000000    0.000000   clock network delay (propagated)
                                  2.000000    2.000000 ^ input external delay
     1    0.004676    0.014699    0.002680    2.002680 ^ ui_PAD2CORE[0] (in)
                                                         ui_PAD2CORE[0] (net)
                      0.014699    0.000000    2.002680 ^ input2/A (sg13g2_buf_1)
     2    0.011791    0.036329    0.054356    2.057036 ^ input2/X (sg13g2_buf_1)
                                                         net2 (net)
                      0.036380    0.001097    2.058133 ^ fanout21/A (sg13g2_buf_1)
     8    0.045200    0.121830    0.120487    2.178620 ^ fanout21/X (sg13g2_buf_1)
                                                         net21 (net)
                      0.121974    0.003445    2.182065 ^ _156_/A (sg13g2_nand2_1)
     2    0.014987    0.084989    0.099027    2.281092 v _156_/Y (sg13g2_nand2_1)
                                                         _056_ (net)
                      0.084999    0.000911    2.282004 v _161_/A1 (sg13g2_o21ai_1)
     1    0.004580    0.060128    0.080724    2.362728 ^ _161_/Y (sg13g2_o21ai_1)
                                                         _006_ (net)
                      0.060129    0.000348    2.363076 ^ hold84/A (sg13g2_dlygate4sd3_1)
     1    0.002839    0.022559    0.261866    2.624942 ^ hold84/X (sg13g2_dlygate4sd3_1)
                                                         net84 (net)
                      0.022559    0.000167    2.625109 ^ _197_/D (sg13g2_dfrbpq_1)
                                              2.625109   data arrival time

                                 10.000000   10.000000   clock clk_i (rise edge)
                                  0.000000   10.000000   clock source latency
     1    0.025625    0.026735    0.015211   10.015211 ^ clk_i (in)
                                                         clk_i (net)
                      0.027112    0.000000   10.015211 ^ clkbuf_0_clk_i/A (sg13g2_buf_16)
     8    0.166508    0.036353    0.063756   10.078967 ^ clkbuf_0_clk_i/X (sg13g2_buf_16)
                                                         clknet_0_clk_i (net)
                      0.036982    0.003775   10.082742 ^ clkbuf_3_5__f_clk_i/A (sg13g2_buf_16)
     4    0.015390    0.013510    0.049757   10.132499 ^ clkbuf_3_5__f_clk_i/X (sg13g2_buf_16)
                                                         clknet_3_5__leaf_clk_i (net)
                      0.013510    0.000224   10.132723 ^ _197_/CLK (sg13g2_dfrbpq_1)
                                 -0.250000    9.882723   clock uncertainty
                                  0.000000    9.882723   clock reconvergence pessimism
                                 -0.077334    9.805388   library setup time
                                              9.805388   data required time
---------------------------------------------------------------------------------------------
                                              9.805388   data required time
                                             -2.625109   data arrival time
---------------------------------------------------------------------------------------------
                                              7.180280   slack (MET)




===========================================================================
report_checks --slack_max -0.01
============================================================================
======================= nom_fast_1p32V_m40C Corner ===================================

No paths found.


===========================================================================
 report_check_types -max_slew -max_cap -max_fanout -violators
============================================================================
======================= nom_fast_1p32V_m40C Corner ===================================



===========================================================================
report_parasitic_annotation -report_unannotated
============================================================================
Found 0 unannotated drivers.
Found 0 partially unannotated drivers.

===========================================================================
max slew violation count 0
%OL_METRIC_I design__max_slew_violation__count__corner:nom_fast_1p32V_m40C 0
max fanout violation count 0
%OL_METRIC_I design__max_fanout_violation__count__corner:nom_fast_1p32V_m40C 0
max cap violation count 0
%OL_METRIC_I design__max_cap_violation__count__corner:nom_fast_1p32V_m40C 0
============================================================================

===========================================================================
check_setup -verbose -unconstrained_endpoints -multiple_clock -no_clock -no_input_delay -loops -generated_clocks
===========================================================================
%OL_END_REPORT
%OL_CREATE_REPORT power.rpt

===========================================================================
 report_power
============================================================================
======================= nom_fast_1p32V_m40C Corner ===================================

Group                    Internal    Switching      Leakage        Total
                            Power        Power        Power        Power (Watts)
------------------------------------------------------------------------
Sequential           3.102270e-04 1.704889e-05 3.356573e-08 3.273095e-04  40.2%
Combinational        1.920877e-04 7.545319e-05 9.625884e-08 2.676371e-04  32.9%
Clock                1.663618e-04 5.199797e-05 1.805939e-07 2.185404e-04  26.9%
Macro                0.000000e+00 0.000000e+00 0.000000e+00 0.000000e+00   0.0%
Pad                  0.000000e+00 0.000000e+00 0.000000e+00 0.000000e+00   0.0%
------------------------------------------------------------------------
Total                6.686765e-04 1.445001e-04 3.104186e-07 8.134870e-04 100.0%
                            82.2%        17.8%         0.0%
%OL_METRIC_F power__internal__total 0.000668676511850208
%OL_METRIC_F power__switching__total 0.00014450012531597167
%OL_METRIC_F power__leakage__total 3.104185566371598e-7
%OL_METRIC_F power__total 0.000813487044069916

%OL_END_REPORT
%OL_CREATE_REPORT skew.min.rpt

===========================================================================
Clock Skew (Hold)
============================================================================
%OL_METRIC_F clock__skew__worst_hold__corner:nom_fast_1p32V_m40C -0.2514766799312417
======================= nom_fast_1p32V_m40C Corner ===================================

Clock clk_i
0.132065 source latency _174_/CLK ^
-0.133542 target latency _176_/CLK ^
-0.250000 clock uncertainty
0.000000 CRPR
--------------
-0.251477 hold skew

%OL_END_REPORT
%OL_CREATE_REPORT skew.max.rpt

===========================================================================
Clock Skew (Setup)
============================================================================
%OL_METRIC_F clock__skew__worst_setup__corner:nom_fast_1p32V_m40C 0.25116065493834433
======================= nom_fast_1p32V_m40C Corner ===================================

Clock clk_i
0.133244 source latency _171_/CLK ^
-0.132084 target latency _172_/CLK ^
0.250000 clock uncertainty
0.000000 CRPR
--------------
0.251161 setup skew

%OL_END_REPORT
%OL_CREATE_REPORT ws.min.rpt

===========================================================================
Worst Slack (Hold)
============================================================================
%OL_METRIC_F timing__hold__ws__corner:nom_fast_1p32V_m40C 0.18549143301929935
nom_fast_1p32V_m40C: 0.18549143301929935
%OL_END_REPORT
%OL_CREATE_REPORT ws.max.rpt

===========================================================================
Worst Slack (Setup)
============================================================================
%OL_METRIC_F timing__setup__ws__corner:nom_fast_1p32V_m40C 7.180279685171827
nom_fast_1p32V_m40C: 7.180279685171827
%OL_END_REPORT
%OL_CREATE_REPORT tns.min.rpt

===========================================================================
Total Negative Slack (Hold)
============================================================================
%OL_METRIC_F timing__hold__tns__corner:nom_fast_1p32V_m40C 0.0
nom_fast_1p32V_m40C: 0.0
%OL_END_REPORT
%OL_CREATE_REPORT tns.max.rpt

===========================================================================
Total Negative Slack (Setup)
============================================================================
%OL_METRIC_F timing__setup__tns__corner:nom_fast_1p32V_m40C 0.0
nom_fast_1p32V_m40C: 0.0
%OL_END_REPORT
%OL_CREATE_REPORT wns.min.rpt

===========================================================================
Worst Negative Slack (Hold)
============================================================================
%OL_METRIC_F timing__hold__wns__corner:nom_fast_1p32V_m40C 0
nom_fast_1p32V_m40C: 0
%OL_END_REPORT
%OL_CREATE_REPORT wns.max.rpt

===========================================================================
Worst Negative Slack (Setup)
============================================================================
%OL_METRIC_F timing__setup__wns__corner:nom_fast_1p32V_m40C 0.0
nom_fast_1p32V_m40C: 0.0
%OL_END_REPORT
%OL_CREATE_REPORT violator_list.rpt

===========================================================================
Violator List
============================================================================
%OL_METRIC_I timing__hold_vio__count__corner:nom_fast_1p32V_m40C 0
%OL_METRIC_F timing__hold_r2r__ws__corner:nom_fast_1p32V_m40C 0.185491
%OL_METRIC_I timing__hold_r2r_vio__count__corner:nom_fast_1p32V_m40C 0
%OL_METRIC_I timing__setup_vio__count__corner:nom_fast_1p32V_m40C 0
%OL_METRIC_F timing__setup_r2r__ws__corner:nom_fast_1p32V_m40C inf
%OL_METRIC_I timing__setup_r2r_vio__count__corner:nom_fast_1p32V_m40C 0
%OL_END_REPORT
%OL_CREATE_REPORT unpropagated.rpt
%OL_END_REPORT
%OL_CREATE_REPORT clock.rpt
Clock: clk_i
Sources: clk_i 
Generated: no
Virtual: yes
Propagated: no
Period: 10.000000

===========================================================================
report_clock_properties
============================================================================
Clock                   Period          Waveform
----------------------------------------------------
clk_i                10.000000    0.000000  5.000000

===========================================================================
report_clock_latency
============================================================================
Clock clk_i
rise -> rise
    min     max
0.000000 0.000000 source latency
0.132061         network latency _173_/CLK
        0.134006 network latency _190_/CLK
---------------
0.132061 0.134006 latency
        0.001946 skew

fall -> fall
    min     max
0.000000 0.000000 source latency
0.130916         network latency _173_/CLK
        0.132733 network latency _190_/CLK
---------------
0.130916 0.132733 latency
        0.001817 skew



===========================================================================
report_clock_min_period
============================================================================
clk_i period_min = 1.32 fmax = 756.11
%OL_END_REPORT
Writing SDF files for all corners…
Removing Clock latencies before writing libs…
Writing timing models for all corners…
Writing timing models for the nom_fast_1p32V_m40C corner to /home/designer/projects/CNN4IC/unic_cass_wrapper_user_project/user_project_example/runs/user_project_run/55-openroad-stapostpnr/nom_fast_1p32V_m40C/user_project_example__nom_fast_1p32V_m40C.lib…
