+ define_corners nom_slow_1p08V_125C
Reading timing models for corner nom_slow_1p08V_125C…
Reading cell library for the 'nom_slow_1p08V_125C' corner at '/home/designer/projects/CNN4IC/IHP-Open-PDK/ihp-sg13g2/libs.ref/sg13g2_stdcell/lib/sg13g2_stdcell_slow_1p08V_125C.lib'…
Reading cell library for the 'nom_slow_1p08V_125C' corner at '/home/designer/projects/CNN4IC/IHP-Open-PDK/ihp-sg13g2/libs.ref/sg13g2_io/lib/sg13g2_io_slow_1p08V_3p0V_125C.lib'…
Reading top-level netlist at '/home/designer/projects/CNN4IC/unic_cass_wrapper_user_project/user_project_example/runs/user_project_run/06-yosys-synthesis/user_project_example.nl.v'…
Linking design 'user_project_example' from netlist…
Reading design constraints file at '/nix/store/w99sjyq5j8hvscxr5zh2x597anf2hadx-python3-3.13.9-env/lib/python3.13/site-packages/librelane/scripts/base.sdc'…
[INFO] Using clock clk_i…
[INFO] Setting output delay to: 2
[INFO] Setting input delay to: 2
[INFO] Setting load to: 0.006
[INFO] Setting clock uncertainty to: 0.25
[INFO] Setting clock transition to: 0.15
[INFO] Setting timing derate to: 5%
%OL_CREATE_REPORT min.rpt

===========================================================================
report_checks -path_delay min (Hold)
============================================================================
======================= nom_slow_1p08V_125C Corner ===================================

Startpoint: _200_ (rising edge-triggered flip-flop clocked by clk_i)
Endpoint: _199_ (rising edge-triggered flip-flop clocked by clk_i)
Path Group: clk_i
Path Type: min

Fanout         Cap        Slew       Delay        Time   Description
---------------------------------------------------------------------------------------------
                      0.150000    0.000000    0.000000   clock clk_i (rise edge)
                                  0.000000    0.000000   clock network delay (ideal)
                      0.150000    0.000000    0.000000 ^ _200_/CLK (sg13g2_dfrbpq_1)
     2    0.007204    0.052795    0.333340    0.333340 v _200_/Q (sg13g2_dfrbpq_1)
                                                         spm_inst.tcmp.z (net)
                      0.052795    0.000000    0.333340 v _164_/A (sg13g2_xnor2_1)
     1    0.001355    0.040982    0.091464    0.424804 v _164_/Y (sg13g2_xnor2_1)
                                                         _015_ (net)
                      0.040982    0.000000    0.424804 v _199_/D (sg13g2_dfrbpq_1)
                                              0.424804   data arrival time

                      0.150000    0.000000    0.000000   clock clk_i (rise edge)
                                  0.000000    0.000000   clock network delay (ideal)
                                  0.250000    0.250000   clock uncertainty
                                  0.000000    0.250000   clock reconvergence pessimism
                                              0.250000 ^ _199_/CLK (sg13g2_dfrbpq_1)
                                 -0.020049    0.229951   library hold time
                                              0.229951   data required time
---------------------------------------------------------------------------------------------
                                              0.229951   data required time
                                             -0.424804   data arrival time
---------------------------------------------------------------------------------------------
                                              0.194852   slack (MET)


Startpoint: _200_ (rising edge-triggered flip-flop clocked by clk_i)
Endpoint: _200_ (rising edge-triggered flip-flop clocked by clk_i)
Path Group: clk_i
Path Type: min

Fanout         Cap        Slew       Delay        Time   Description
---------------------------------------------------------------------------------------------
                      0.150000    0.000000    0.000000   clock clk_i (rise edge)
                                  0.000000    0.000000   clock network delay (ideal)
                      0.150000    0.000000    0.000000 ^ _200_/CLK (sg13g2_dfrbpq_1)
     2    0.007204    0.052795    0.333340    0.333340 v _200_/Q (sg13g2_dfrbpq_1)
                                                         spm_inst.tcmp.z (net)
                      0.052795    0.000000    0.333340 v _163_/A_N (sg13g2_nand2b_1)
     1    0.001355    0.040298    0.113508    0.446849 v _163_/Y (sg13g2_nand2b_1)
                                                         _016_ (net)
                      0.040298    0.000000    0.446849 v _200_/D (sg13g2_dfrbpq_1)
                                              0.446849   data arrival time

                      0.150000    0.000000    0.000000   clock clk_i (rise edge)
                                  0.000000    0.000000   clock network delay (ideal)
                                  0.250000    0.250000   clock uncertainty
                                  0.000000    0.250000   clock reconvergence pessimism
                                              0.250000 ^ _200_/CLK (sg13g2_dfrbpq_1)
                                 -0.019772    0.230228   library hold time
                                              0.230228   data required time
---------------------------------------------------------------------------------------------
                                              0.230228   data required time
                                             -0.446849   data arrival time
---------------------------------------------------------------------------------------------
                                              0.216621   slack (MET)


Startpoint: _171_ (rising edge-triggered flip-flop clocked by clk_i)
Endpoint: _171_ (rising edge-triggered flip-flop clocked by clk_i)
Path Group: clk_i
Path Type: min

Fanout         Cap        Slew       Delay        Time   Description
---------------------------------------------------------------------------------------------
                      0.150000    0.000000    0.000000   clock clk_i (rise edge)
                                  0.000000    0.000000   clock network delay (ideal)
                      0.150000    0.000000    0.000000 ^ _171_/CLK (sg13g2_dfrbpq_1)
     3    0.010715    0.069464    0.347468    0.347468 v _171_/Q (sg13g2_dfrbpq_1)
                                                         spm_inst.genblk1[14].csa.sc (net)
                      0.069464    0.000000    0.347468 v _079_/A (sg13g2_nand2_1)
     1    0.003115    0.044082    0.060669    0.408137 ^ _079_/Y (sg13g2_nand2_1)
                                                         _066_ (net)
                      0.044082    0.000000    0.408137 ^ _083_/B1 (sg13g2_o21ai_1)
     1    0.001355    0.039505    0.056970    0.465108 v _083_/Y (sg13g2_o21ai_1)
                                                         _005_ (net)
                      0.039505    0.000000    0.465108 v _171_/D (sg13g2_dfrbpq_1)
                                              0.465108   data arrival time

                      0.150000    0.000000    0.000000   clock clk_i (rise edge)
                                  0.000000    0.000000   clock network delay (ideal)
                                  0.250000    0.250000   clock uncertainty
                                  0.000000    0.250000   clock reconvergence pessimism
                                              0.250000 ^ _171_/CLK (sg13g2_dfrbpq_1)
                                 -0.019453    0.230547   library hold time
                                              0.230547   data required time
---------------------------------------------------------------------------------------------
                                              0.230547   data required time
                                             -0.465108   data arrival time
---------------------------------------------------------------------------------------------
                                              0.234561   slack (MET)


Startpoint: _173_ (rising edge-triggered flip-flop clocked by clk_i)
Endpoint: _173_ (rising edge-triggered flip-flop clocked by clk_i)
Path Group: clk_i
Path Type: min

Fanout         Cap        Slew       Delay        Time   Description
---------------------------------------------------------------------------------------------
                      0.150000    0.000000    0.000000   clock clk_i (rise edge)
                                  0.000000    0.000000   clock network delay (ideal)
                      0.150000    0.000000    0.000000 ^ _173_/CLK (sg13g2_dfrbpq_1)
     3    0.010715    0.069464    0.347468    0.347468 v _173_/Q (sg13g2_dfrbpq_1)
                                                         spm_inst.genblk1[13].csa.sc (net)
                      0.069464    0.000000    0.347468 v _085_/A (sg13g2_nand2_1)
     1    0.003115    0.044082    0.060669    0.408137 ^ _085_/Y (sg13g2_nand2_1)
                                                         _070_ (net)
                      0.044082    0.000000    0.408137 ^ _089_/B1 (sg13g2_o21ai_1)
     1    0.001355    0.039505    0.056970    0.465108 v _089_/Y (sg13g2_o21ai_1)
                                                         _004_ (net)
                      0.039505    0.000000    0.465108 v _173_/D (sg13g2_dfrbpq_1)
                                              0.465108   data arrival time

                      0.150000    0.000000    0.000000   clock clk_i (rise edge)
                                  0.000000    0.000000   clock network delay (ideal)
                                  0.250000    0.250000   clock uncertainty
                                  0.000000    0.250000   clock reconvergence pessimism
                                              0.250000 ^ _173_/CLK (sg13g2_dfrbpq_1)
                                 -0.019453    0.230547   library hold time
                                              0.230547   data required time
---------------------------------------------------------------------------------------------
                                              0.230547   data required time
                                             -0.465108   data arrival time
---------------------------------------------------------------------------------------------
                                              0.234561   slack (MET)


Startpoint: _175_ (rising edge-triggered flip-flop clocked by clk_i)
Endpoint: _175_ (rising edge-triggered flip-flop clocked by clk_i)
Path Group: clk_i
Path Type: min

Fanout         Cap        Slew       Delay        Time   Description
---------------------------------------------------------------------------------------------
                      0.150000    0.000000    0.000000   clock clk_i (rise edge)
                                  0.000000    0.000000   clock network delay (ideal)
                      0.150000    0.000000    0.000000 ^ _175_/CLK (sg13g2_dfrbpq_1)
     3    0.010715    0.069464    0.347468    0.347468 v _175_/Q (sg13g2_dfrbpq_1)
                                                         spm_inst.genblk1[12].csa.sc (net)
                      0.069464    0.000000    0.347468 v _091_/A (sg13g2_nand2_1)
     1    0.003115    0.044082    0.060669    0.408137 ^ _091_/Y (sg13g2_nand2_1)
                                                         _074_ (net)
                      0.044082    0.000000    0.408137 ^ _095_/B1 (sg13g2_o21ai_1)
     1    0.001355    0.039505    0.056970    0.465108 v _095_/Y (sg13g2_o21ai_1)
                                                         _003_ (net)
                      0.039505    0.000000    0.465108 v _175_/D (sg13g2_dfrbpq_1)
                                              0.465108   data arrival time

                      0.150000    0.000000    0.000000   clock clk_i (rise edge)
                                  0.000000    0.000000   clock network delay (ideal)
                                  0.250000    0.250000   clock uncertainty
                                  0.000000    0.250000   clock reconvergence pessimism
                                              0.250000 ^ _175_/CLK (sg13g2_dfrbpq_1)
                                 -0.019453    0.230547   library hold time
                                              0.230547   data required time
---------------------------------------------------------------------------------------------
                                              0.230547   data required time
                                             -0.465108   data arrival time
---------------------------------------------------------------------------------------------
                                              0.234561   slack (MET)


Startpoint: _177_ (rising edge-triggered flip-flop clocked by clk_i)
Endpoint: _177_ (rising edge-triggered flip-flop clocked by clk_i)
Path Group: clk_i
Path Type: min

Fanout         Cap        Slew       Delay        Time   Description
---------------------------------------------------------------------------------------------
                      0.150000    0.000000    0.000000   clock clk_i (rise edge)
                                  0.000000    0.000000   clock network delay (ideal)
                      0.150000    0.000000    0.000000 ^ _177_/CLK (sg13g2_dfrbpq_1)
     3    0.010715    0.069464    0.347468    0.347468 v _177_/Q (sg13g2_dfrbpq_1)
                                                         spm_inst.genblk1[11].csa.sc (net)
                      0.069464    0.000000    0.347468 v _097_/A (sg13g2_nand2_1)
     1    0.003115    0.044082    0.060669    0.408137 ^ _097_/Y (sg13g2_nand2_1)
                                                         _017_ (net)
                      0.044082    0.000000    0.408137 ^ _101_/B1 (sg13g2_o21ai_1)
     1    0.001355    0.039505    0.056970    0.465108 v _101_/Y (sg13g2_o21ai_1)
                                                         _002_ (net)
                      0.039505    0.000000    0.465108 v _177_/D (sg13g2_dfrbpq_1)
                                              0.465108   data arrival time

                      0.150000    0.000000    0.000000   clock clk_i (rise edge)
                                  0.000000    0.000000   clock network delay (ideal)
                                  0.250000    0.250000   clock uncertainty
                                  0.000000    0.250000   clock reconvergence pessimism
                                              0.250000 ^ _177_/CLK (sg13g2_dfrbpq_1)
                                 -0.019453    0.230547   library hold time
                                              0.230547   data required time
---------------------------------------------------------------------------------------------
                                              0.230547   data required time
                                             -0.465108   data arrival time
---------------------------------------------------------------------------------------------
                                              0.234561   slack (MET)


Startpoint: _179_ (rising edge-triggered flip-flop clocked by clk_i)
Endpoint: _179_ (rising edge-triggered flip-flop clocked by clk_i)
Path Group: clk_i
Path Type: min

Fanout         Cap        Slew       Delay        Time   Description
---------------------------------------------------------------------------------------------
                      0.150000    0.000000    0.000000   clock clk_i (rise edge)
                                  0.000000    0.000000   clock network delay (ideal)
                      0.150000    0.000000    0.000000 ^ _179_/CLK (sg13g2_dfrbpq_1)
     3    0.010715    0.069464    0.347468    0.347468 v _179_/Q (sg13g2_dfrbpq_1)
                                                         spm_inst.genblk1[10].csa.sc (net)
                      0.069464    0.000000    0.347468 v _103_/A (sg13g2_nand2_1)
     1    0.003115    0.044082    0.060669    0.408137 ^ _103_/Y (sg13g2_nand2_1)
                                                         _021_ (net)
                      0.044082    0.000000    0.408137 ^ _107_/B1 (sg13g2_o21ai_1)
     1    0.001355    0.039505    0.056970    0.465108 v _107_/Y (sg13g2_o21ai_1)
                                                         _001_ (net)
                      0.039505    0.000000    0.465108 v _179_/D (sg13g2_dfrbpq_1)
                                              0.465108   data arrival time

                      0.150000    0.000000    0.000000   clock clk_i (rise edge)
                                  0.000000    0.000000   clock network delay (ideal)
                                  0.250000    0.250000   clock uncertainty
                                  0.000000    0.250000   clock reconvergence pessimism
                                              0.250000 ^ _179_/CLK (sg13g2_dfrbpq_1)
                                 -0.019453    0.230547   library hold time
                                              0.230547   data required time
---------------------------------------------------------------------------------------------
                                              0.230547   data required time
                                             -0.465108   data arrival time
---------------------------------------------------------------------------------------------
                                              0.234561   slack (MET)


Startpoint: _181_ (rising edge-triggered flip-flop clocked by clk_i)
Endpoint: _181_ (rising edge-triggered flip-flop clocked by clk_i)
Path Group: clk_i
Path Type: min

Fanout         Cap        Slew       Delay        Time   Description
---------------------------------------------------------------------------------------------
                      0.150000    0.000000    0.000000   clock clk_i (rise edge)
                                  0.000000    0.000000   clock network delay (ideal)
                      0.150000    0.000000    0.000000 ^ _181_/CLK (sg13g2_dfrbpq_1)
     3    0.010715    0.069464    0.347468    0.347468 v _181_/Q (sg13g2_dfrbpq_1)
                                                         spm_inst.genblk1[9].csa.sc (net)
                      0.069464    0.000000    0.347468 v _109_/A (sg13g2_nand2_1)
     1    0.003115    0.044082    0.060669    0.408137 ^ _109_/Y (sg13g2_nand2_1)
                                                         _025_ (net)
                      0.044082    0.000000    0.408137 ^ _113_/B1 (sg13g2_o21ai_1)
     1    0.001355    0.039505    0.056970    0.465108 v _113_/Y (sg13g2_o21ai_1)
                                                         _014_ (net)
                      0.039505    0.000000    0.465108 v _181_/D (sg13g2_dfrbpq_1)
                                              0.465108   data arrival time

                      0.150000    0.000000    0.000000   clock clk_i (rise edge)
                                  0.000000    0.000000   clock network delay (ideal)
                                  0.250000    0.250000   clock uncertainty
                                  0.000000    0.250000   clock reconvergence pessimism
                                              0.250000 ^ _181_/CLK (sg13g2_dfrbpq_1)
                                 -0.019453    0.230547   library hold time
                                              0.230547   data required time
---------------------------------------------------------------------------------------------
                                              0.230547   data required time
                                             -0.465108   data arrival time
---------------------------------------------------------------------------------------------
                                              0.234561   slack (MET)


Startpoint: _183_ (rising edge-triggered flip-flop clocked by clk_i)
Endpoint: _183_ (rising edge-triggered flip-flop clocked by clk_i)
Path Group: clk_i
Path Type: min

Fanout         Cap        Slew       Delay        Time   Description
---------------------------------------------------------------------------------------------
                      0.150000    0.000000    0.000000   clock clk_i (rise edge)
                                  0.000000    0.000000   clock network delay (ideal)
                      0.150000    0.000000    0.000000 ^ _183_/CLK (sg13g2_dfrbpq_1)
     3    0.010715    0.069464    0.347468    0.347468 v _183_/Q (sg13g2_dfrbpq_1)
                                                         spm_inst.genblk1[8].csa.sc (net)
                      0.069464    0.000000    0.347468 v _115_/A (sg13g2_nand2_1)
     1    0.003115    0.044082    0.060669    0.408137 ^ _115_/Y (sg13g2_nand2_1)
                                                         _029_ (net)
                      0.044082    0.000000    0.408137 ^ _119_/B1 (sg13g2_o21ai_1)
     1    0.001355    0.039505    0.056970    0.465108 v _119_/Y (sg13g2_o21ai_1)
                                                         _013_ (net)
                      0.039505    0.000000    0.465108 v _183_/D (sg13g2_dfrbpq_1)
                                              0.465108   data arrival time

                      0.150000    0.000000    0.000000   clock clk_i (rise edge)
                                  0.000000    0.000000   clock network delay (ideal)
                                  0.250000    0.250000   clock uncertainty
                                  0.000000    0.250000   clock reconvergence pessimism
                                              0.250000 ^ _183_/CLK (sg13g2_dfrbpq_1)
                                 -0.019453    0.230547   library hold time
                                              0.230547   data required time
---------------------------------------------------------------------------------------------
                                              0.230547   data required time
                                             -0.465108   data arrival time
---------------------------------------------------------------------------------------------
                                              0.234561   slack (MET)


Startpoint: _185_ (rising edge-triggered flip-flop clocked by clk_i)
Endpoint: _185_ (rising edge-triggered flip-flop clocked by clk_i)
Path Group: clk_i
Path Type: min

Fanout         Cap        Slew       Delay        Time   Description
---------------------------------------------------------------------------------------------
                      0.150000    0.000000    0.000000   clock clk_i (rise edge)
                                  0.000000    0.000000   clock network delay (ideal)
                      0.150000    0.000000    0.000000 ^ _185_/CLK (sg13g2_dfrbpq_1)
     3    0.010715    0.069464    0.347468    0.347468 v _185_/Q (sg13g2_dfrbpq_1)
                                                         spm_inst.genblk1[7].csa.sc (net)
                      0.069464    0.000000    0.347468 v _121_/A (sg13g2_nand2_1)
     1    0.003115    0.044082    0.060669    0.408137 ^ _121_/Y (sg13g2_nand2_1)
                                                         _033_ (net)
                      0.044082    0.000000    0.408137 ^ _125_/B1 (sg13g2_o21ai_1)
     1    0.001355    0.039505    0.056970    0.465108 v _125_/Y (sg13g2_o21ai_1)
                                                         _012_ (net)
                      0.039505    0.000000    0.465108 v _185_/D (sg13g2_dfrbpq_1)
                                              0.465108   data arrival time

                      0.150000    0.000000    0.000000   clock clk_i (rise edge)
                                  0.000000    0.000000   clock network delay (ideal)
                                  0.250000    0.250000   clock uncertainty
                                  0.000000    0.250000   clock reconvergence pessimism
                                              0.250000 ^ _185_/CLK (sg13g2_dfrbpq_1)
                                 -0.019453    0.230547   library hold time
                                              0.230547   data required time
---------------------------------------------------------------------------------------------
                                              0.230547   data required time
                                             -0.465108   data arrival time
---------------------------------------------------------------------------------------------
                                              0.234561   slack (MET)


Startpoint: _187_ (rising edge-triggered flip-flop clocked by clk_i)
Endpoint: _187_ (rising edge-triggered flip-flop clocked by clk_i)
Path Group: clk_i
Path Type: min

Fanout         Cap        Slew       Delay        Time   Description
---------------------------------------------------------------------------------------------
                      0.150000    0.000000    0.000000   clock clk_i (rise edge)
                                  0.000000    0.000000   clock network delay (ideal)
                      0.150000    0.000000    0.000000 ^ _187_/CLK (sg13g2_dfrbpq_1)
     3    0.010715    0.069464    0.347468    0.347468 v _187_/Q (sg13g2_dfrbpq_1)
                                                         spm_inst.genblk1[6].csa.sc (net)
                      0.069464    0.000000    0.347468 v _127_/A (sg13g2_nand2_1)
     1    0.003115    0.044082    0.060669    0.408137 ^ _127_/Y (sg13g2_nand2_1)
                                                         _037_ (net)
                      0.044082    0.000000    0.408137 ^ _131_/B1 (sg13g2_o21ai_1)
     1    0.001355    0.039505    0.056970    0.465108 v _131_/Y (sg13g2_o21ai_1)
                                                         _011_ (net)
                      0.039505    0.000000    0.465108 v _187_/D (sg13g2_dfrbpq_1)
                                              0.465108   data arrival time

                      0.150000    0.000000    0.000000   clock clk_i (rise edge)
                                  0.000000    0.000000   clock network delay (ideal)
                                  0.250000    0.250000   clock uncertainty
                                  0.000000    0.250000   clock reconvergence pessimism
                                              0.250000 ^ _187_/CLK (sg13g2_dfrbpq_1)
                                 -0.019453    0.230547   library hold time
                                              0.230547   data required time
---------------------------------------------------------------------------------------------
                                              0.230547   data required time
                                             -0.465108   data arrival time
---------------------------------------------------------------------------------------------
                                              0.234561   slack (MET)


Startpoint: _189_ (rising edge-triggered flip-flop clocked by clk_i)
Endpoint: _189_ (rising edge-triggered flip-flop clocked by clk_i)
Path Group: clk_i
Path Type: min

Fanout         Cap        Slew       Delay        Time   Description
---------------------------------------------------------------------------------------------
                      0.150000    0.000000    0.000000   clock clk_i (rise edge)
                                  0.000000    0.000000   clock network delay (ideal)
                      0.150000    0.000000    0.000000 ^ _189_/CLK (sg13g2_dfrbpq_1)
     3    0.010715    0.069464    0.347468    0.347468 v _189_/Q (sg13g2_dfrbpq_1)
                                                         spm_inst.genblk1[5].csa.sc (net)
                      0.069464    0.000000    0.347468 v _133_/A (sg13g2_nand2_1)
     1    0.003115    0.044082    0.060669    0.408137 ^ _133_/Y (sg13g2_nand2_1)
                                                         _041_ (net)
                      0.044082    0.000000    0.408137 ^ _137_/B1 (sg13g2_o21ai_1)
     1    0.001355    0.039505    0.056970    0.465108 v _137_/Y (sg13g2_o21ai_1)
                                                         _010_ (net)
                      0.039505    0.000000    0.465108 v _189_/D (sg13g2_dfrbpq_1)
                                              0.465108   data arrival time

                      0.150000    0.000000    0.000000   clock clk_i (rise edge)
                                  0.000000    0.000000   clock network delay (ideal)
                                  0.250000    0.250000   clock uncertainty
                                  0.000000    0.250000   clock reconvergence pessimism
                                              0.250000 ^ _189_/CLK (sg13g2_dfrbpq_1)
                                 -0.019453    0.230547   library hold time
                                              0.230547   data required time
---------------------------------------------------------------------------------------------
                                              0.230547   data required time
                                             -0.465108   data arrival time
---------------------------------------------------------------------------------------------
                                              0.234561   slack (MET)


Startpoint: _191_ (rising edge-triggered flip-flop clocked by clk_i)
Endpoint: _191_ (rising edge-triggered flip-flop clocked by clk_i)
Path Group: clk_i
Path Type: min

Fanout         Cap        Slew       Delay        Time   Description
---------------------------------------------------------------------------------------------
                      0.150000    0.000000    0.000000   clock clk_i (rise edge)
                                  0.000000    0.000000   clock network delay (ideal)
                      0.150000    0.000000    0.000000 ^ _191_/CLK (sg13g2_dfrbpq_1)
     3    0.010715    0.069464    0.347468    0.347468 v _191_/Q (sg13g2_dfrbpq_1)
                                                         spm_inst.genblk1[4].csa.sc (net)
                      0.069464    0.000000    0.347468 v _139_/A (sg13g2_nand2_1)
     1    0.003115    0.044082    0.060669    0.408137 ^ _139_/Y (sg13g2_nand2_1)
                                                         _045_ (net)
                      0.044082    0.000000    0.408137 ^ _143_/B1 (sg13g2_o21ai_1)
     1    0.001355    0.039505    0.056970    0.465108 v _143_/Y (sg13g2_o21ai_1)
                                                         _009_ (net)
                      0.039505    0.000000    0.465108 v _191_/D (sg13g2_dfrbpq_1)
                                              0.465108   data arrival time

                      0.150000    0.000000    0.000000   clock clk_i (rise edge)
                                  0.000000    0.000000   clock network delay (ideal)
                                  0.250000    0.250000   clock uncertainty
                                  0.000000    0.250000   clock reconvergence pessimism
                                              0.250000 ^ _191_/CLK (sg13g2_dfrbpq_1)
                                 -0.019453    0.230547   library hold time
                                              0.230547   data required time
---------------------------------------------------------------------------------------------
                                              0.230547   data required time
                                             -0.465108   data arrival time
---------------------------------------------------------------------------------------------
                                              0.234561   slack (MET)


Startpoint: _193_ (rising edge-triggered flip-flop clocked by clk_i)
Endpoint: _193_ (rising edge-triggered flip-flop clocked by clk_i)
Path Group: clk_i
Path Type: min

Fanout         Cap        Slew       Delay        Time   Description
---------------------------------------------------------------------------------------------
                      0.150000    0.000000    0.000000   clock clk_i (rise edge)
                                  0.000000    0.000000   clock network delay (ideal)
                      0.150000    0.000000    0.000000 ^ _193_/CLK (sg13g2_dfrbpq_1)
     3    0.010715    0.069464    0.347468    0.347468 v _193_/Q (sg13g2_dfrbpq_1)
                                                         spm_inst.genblk1[3].csa.sc (net)
                      0.069464    0.000000    0.347468 v _145_/A (sg13g2_nand2_1)
     1    0.003115    0.044082    0.060669    0.408137 ^ _145_/Y (sg13g2_nand2_1)
                                                         _049_ (net)
                      0.044082    0.000000    0.408137 ^ _149_/B1 (sg13g2_o21ai_1)
     1    0.001355    0.039505    0.056970    0.465108 v _149_/Y (sg13g2_o21ai_1)
                                                         _008_ (net)
                      0.039505    0.000000    0.465108 v _193_/D (sg13g2_dfrbpq_1)
                                              0.465108   data arrival time

                      0.150000    0.000000    0.000000   clock clk_i (rise edge)
                                  0.000000    0.000000   clock network delay (ideal)
                                  0.250000    0.250000   clock uncertainty
                                  0.000000    0.250000   clock reconvergence pessimism
                                              0.250000 ^ _193_/CLK (sg13g2_dfrbpq_1)
                                 -0.019453    0.230547   library hold time
                                              0.230547   data required time
---------------------------------------------------------------------------------------------
                                              0.230547   data required time
                                             -0.465108   data arrival time
---------------------------------------------------------------------------------------------
                                              0.234561   slack (MET)


Startpoint: _195_ (rising edge-triggered flip-flop clocked by clk_i)
Endpoint: _195_ (rising edge-triggered flip-flop clocked by clk_i)
Path Group: clk_i
Path Type: min

Fanout         Cap        Slew       Delay        Time   Description
---------------------------------------------------------------------------------------------
                      0.150000    0.000000    0.000000   clock clk_i (rise edge)
                                  0.000000    0.000000   clock network delay (ideal)
                      0.150000    0.000000    0.000000 ^ _195_/CLK (sg13g2_dfrbpq_1)
     3    0.010715    0.069464    0.347468    0.347468 v _195_/Q (sg13g2_dfrbpq_1)
                                                         spm_inst.genblk1[2].csa.sc (net)
                      0.069464    0.000000    0.347468 v _151_/A (sg13g2_nand2_1)
     1    0.003115    0.044082    0.060669    0.408137 ^ _151_/Y (sg13g2_nand2_1)
                                                         _053_ (net)
                      0.044082    0.000000    0.408137 ^ _155_/B1 (sg13g2_o21ai_1)
     1    0.001355    0.039505    0.056970    0.465108 v _155_/Y (sg13g2_o21ai_1)
                                                         _007_ (net)
                      0.039505    0.000000    0.465108 v _195_/D (sg13g2_dfrbpq_1)
                                              0.465108   data arrival time

                      0.150000    0.000000    0.000000   clock clk_i (rise edge)
                                  0.000000    0.000000   clock network delay (ideal)
                                  0.250000    0.250000   clock uncertainty
                                  0.000000    0.250000   clock reconvergence pessimism
                                              0.250000 ^ _195_/CLK (sg13g2_dfrbpq_1)
                                 -0.019453    0.230547   library hold time
                                              0.230547   data required time
---------------------------------------------------------------------------------------------
                                              0.230547   data required time
                                             -0.465108   data arrival time
---------------------------------------------------------------------------------------------
                                              0.234561   slack (MET)


Startpoint: _197_ (rising edge-triggered flip-flop clocked by clk_i)
Endpoint: _197_ (rising edge-triggered flip-flop clocked by clk_i)
Path Group: clk_i
Path Type: min

Fanout         Cap        Slew       Delay        Time   Description
---------------------------------------------------------------------------------------------
                      0.150000    0.000000    0.000000   clock clk_i (rise edge)
                                  0.000000    0.000000   clock network delay (ideal)
                      0.150000    0.000000    0.000000 ^ _197_/CLK (sg13g2_dfrbpq_1)
     3    0.010715    0.069464    0.347468    0.347468 v _197_/Q (sg13g2_dfrbpq_1)
                                                         spm_inst.genblk1[1].csa.sc (net)
                      0.069464    0.000000    0.347468 v _157_/A (sg13g2_nand2_1)
     1    0.003115    0.044082    0.060669    0.408137 ^ _157_/Y (sg13g2_nand2_1)
                                                         _057_ (net)
                      0.044082    0.000000    0.408137 ^ _161_/B1 (sg13g2_o21ai_1)
     1    0.001355    0.039505    0.056970    0.465108 v _161_/Y (sg13g2_o21ai_1)
                                                         _006_ (net)
                      0.039505    0.000000    0.465108 v _197_/D (sg13g2_dfrbpq_1)
                                              0.465108   data arrival time

                      0.150000    0.000000    0.000000   clock clk_i (rise edge)
                                  0.000000    0.000000   clock network delay (ideal)
                                  0.250000    0.250000   clock uncertainty
                                  0.000000    0.250000   clock reconvergence pessimism
                                              0.250000 ^ _197_/CLK (sg13g2_dfrbpq_1)
                                 -0.019453    0.230547   library hold time
                                              0.230547   data required time
---------------------------------------------------------------------------------------------
                                              0.230547   data required time
                                             -0.465108   data arrival time
---------------------------------------------------------------------------------------------
                                              0.234561   slack (MET)


Startpoint: _201_ (rising edge-triggered flip-flop clocked by clk_i)
Endpoint: _201_ (rising edge-triggered flip-flop clocked by clk_i)
Path Group: clk_i
Path Type: min

Fanout         Cap        Slew       Delay        Time   Description
---------------------------------------------------------------------------------------------
                      0.150000    0.000000    0.000000   clock clk_i (rise edge)
                                  0.000000    0.000000   clock network delay (ideal)
                      0.150000    0.000000    0.000000 ^ _201_/CLK (sg13g2_dfrbpq_1)
     3    0.010715    0.069464    0.347468    0.347468 v _201_/Q (sg13g2_dfrbpq_1)
                                                         spm_inst.csa0.sc (net)
                      0.069464    0.000000    0.347468 v _166_/A (sg13g2_nand2_1)
     1    0.003115    0.044082    0.060669    0.408137 ^ _166_/Y (sg13g2_nand2_1)
                                                         _062_ (net)
                      0.044082    0.000000    0.408137 ^ _170_/B1 (sg13g2_o21ai_1)
     1    0.001355    0.039505    0.056970    0.465108 v _170_/Y (sg13g2_o21ai_1)
                                                         _000_ (net)
                      0.039505    0.000000    0.465108 v _201_/D (sg13g2_dfrbpq_1)
                                              0.465108   data arrival time

                      0.150000    0.000000    0.000000   clock clk_i (rise edge)
                                  0.000000    0.000000   clock network delay (ideal)
                                  0.250000    0.250000   clock uncertainty
                                  0.000000    0.250000   clock reconvergence pessimism
                                              0.250000 ^ _201_/CLK (sg13g2_dfrbpq_1)
                                 -0.019453    0.230547   library hold time
                                              0.230547   data required time
---------------------------------------------------------------------------------------------
                                              0.230547   data required time
                                             -0.465108   data arrival time
---------------------------------------------------------------------------------------------
                                              0.234561   slack (MET)


Startpoint: _199_ (rising edge-triggered flip-flop clocked by clk_i)
Endpoint: _172_ (rising edge-triggered flip-flop clocked by clk_i)
Path Group: clk_i
Path Type: min

Fanout         Cap        Slew       Delay        Time   Description
---------------------------------------------------------------------------------------------
                      0.150000    0.000000    0.000000   clock clk_i (rise edge)
                                  0.000000    0.000000   clock network delay (ideal)
                      0.150000    0.000000    0.000000 ^ _199_/CLK (sg13g2_dfrbpq_1)
     3    0.010133    0.066703    0.345128    0.345128 v _199_/Q (sg13g2_dfrbpq_1)
                                                         spm_inst.genblk1[14].csa.y (net)
                      0.066703    0.000000    0.345128 v _081_/B (sg13g2_xor2_1)
     1    0.004766    0.052593    0.107631    0.452759 v _081_/X (sg13g2_xor2_1)
                                                         _068_ (net)
                      0.052593    0.000000    0.452759 v _082_/B (sg13g2_xnor2_1)
     1    0.001355    0.040066    0.080150    0.532909 v _082_/Y (sg13g2_xnor2_1)
                                                         spm_inst.genblk1[14].csa.hsum2 (net)
                      0.040066    0.000000    0.532909 v _172_/D (sg13g2_dfrbpq_1)
                                              0.532909   data arrival time

                      0.150000    0.000000    0.000000   clock clk_i (rise edge)
                                  0.000000    0.000000   clock network delay (ideal)
                                  0.250000    0.250000   clock uncertainty
                                  0.000000    0.250000   clock reconvergence pessimism
                                              0.250000 ^ _172_/CLK (sg13g2_dfrbpq_1)
                                 -0.019679    0.230321   library hold time
                                              0.230321   data required time
---------------------------------------------------------------------------------------------
                                              0.230321   data required time
                                             -0.532909   data arrival time
---------------------------------------------------------------------------------------------
                                              0.302588   slack (MET)


Startpoint: _172_ (rising edge-triggered flip-flop clocked by clk_i)
Endpoint: _174_ (rising edge-triggered flip-flop clocked by clk_i)
Path Group: clk_i
Path Type: min

Fanout         Cap        Slew       Delay        Time   Description
---------------------------------------------------------------------------------------------
                      0.150000    0.000000    0.000000   clock clk_i (rise edge)
                                  0.000000    0.000000   clock network delay (ideal)
                      0.150000    0.000000    0.000000 ^ _172_/CLK (sg13g2_dfrbpq_1)
     3    0.010133    0.066703    0.345128    0.345128 v _172_/Q (sg13g2_dfrbpq_1)
                                                         spm_inst.genblk1[13].csa.y (net)
                      0.066703    0.000000    0.345128 v _087_/B (sg13g2_xor2_1)
     1    0.004766    0.052593    0.107631    0.452759 v _087_/X (sg13g2_xor2_1)
                                                         _072_ (net)
                      0.052593    0.000000    0.452759 v _088_/B (sg13g2_xnor2_1)
     1    0.001355    0.040066    0.080150    0.532909 v _088_/Y (sg13g2_xnor2_1)
                                                         spm_inst.genblk1[13].csa.hsum2 (net)
                      0.040066    0.000000    0.532909 v _174_/D (sg13g2_dfrbpq_1)
                                              0.532909   data arrival time

                      0.150000    0.000000    0.000000   clock clk_i (rise edge)
                                  0.000000    0.000000   clock network delay (ideal)
                                  0.250000    0.250000   clock uncertainty
                                  0.000000    0.250000   clock reconvergence pessimism
                                              0.250000 ^ _174_/CLK (sg13g2_dfrbpq_1)
                                 -0.019679    0.230321   library hold time
                                              0.230321   data required time
---------------------------------------------------------------------------------------------
                                              0.230321   data required time
                                             -0.532909   data arrival time
---------------------------------------------------------------------------------------------
                                              0.302588   slack (MET)


Startpoint: _174_ (rising edge-triggered flip-flop clocked by clk_i)
Endpoint: _176_ (rising edge-triggered flip-flop clocked by clk_i)
Path Group: clk_i
Path Type: min

Fanout         Cap        Slew       Delay        Time   Description
---------------------------------------------------------------------------------------------
                      0.150000    0.000000    0.000000   clock clk_i (rise edge)
                                  0.000000    0.000000   clock network delay (ideal)
                      0.150000    0.000000    0.000000 ^ _174_/CLK (sg13g2_dfrbpq_1)
     3    0.010133    0.066703    0.345128    0.345128 v _174_/Q (sg13g2_dfrbpq_1)
                                                         spm_inst.genblk1[12].csa.y (net)
                      0.066703    0.000000    0.345128 v _093_/B (sg13g2_xor2_1)
     1    0.004766    0.052593    0.107631    0.452759 v _093_/X (sg13g2_xor2_1)
                                                         _076_ (net)
                      0.052593    0.000000    0.452759 v _094_/B (sg13g2_xnor2_1)
     1    0.001355    0.040066    0.080150    0.532909 v _094_/Y (sg13g2_xnor2_1)
                                                         spm_inst.genblk1[12].csa.hsum2 (net)
                      0.040066    0.000000    0.532909 v _176_/D (sg13g2_dfrbpq_1)
                                              0.532909   data arrival time

                      0.150000    0.000000    0.000000   clock clk_i (rise edge)
                                  0.000000    0.000000   clock network delay (ideal)
                                  0.250000    0.250000   clock uncertainty
                                  0.000000    0.250000   clock reconvergence pessimism
                                              0.250000 ^ _176_/CLK (sg13g2_dfrbpq_1)
                                 -0.019679    0.230321   library hold time
                                              0.230321   data required time
---------------------------------------------------------------------------------------------
                                              0.230321   data required time
                                             -0.532909   data arrival time
---------------------------------------------------------------------------------------------
                                              0.302588   slack (MET)


Startpoint: _176_ (rising edge-triggered flip-flop clocked by clk_i)
Endpoint: _178_ (rising edge-triggered flip-flop clocked by clk_i)
Path Group: clk_i
Path Type: min

Fanout         Cap        Slew       Delay        Time   Description
---------------------------------------------------------------------------------------------
                      0.150000    0.000000    0.000000   clock clk_i (rise edge)
                                  0.000000    0.000000   clock network delay (ideal)
                      0.150000    0.000000    0.000000 ^ _176_/CLK (sg13g2_dfrbpq_1)
     3    0.010133    0.066703    0.345128    0.345128 v _176_/Q (sg13g2_dfrbpq_1)
                                                         spm_inst.genblk1[11].csa.y (net)
                      0.066703    0.000000    0.345128 v _099_/B (sg13g2_xor2_1)
     1    0.004766    0.052593    0.107631    0.452759 v _099_/X (sg13g2_xor2_1)
                                                         _019_ (net)
                      0.052593    0.000000    0.452759 v _100_/B (sg13g2_xnor2_1)
     1    0.001355    0.040066    0.080150    0.532909 v _100_/Y (sg13g2_xnor2_1)
                                                         spm_inst.genblk1[11].csa.hsum2 (net)
                      0.040066    0.000000    0.532909 v _178_/D (sg13g2_dfrbpq_1)
                                              0.532909   data arrival time

                      0.150000    0.000000    0.000000   clock clk_i (rise edge)
                                  0.000000    0.000000   clock network delay (ideal)
                                  0.250000    0.250000   clock uncertainty
                                  0.000000    0.250000   clock reconvergence pessimism
                                              0.250000 ^ _178_/CLK (sg13g2_dfrbpq_1)
                                 -0.019679    0.230321   library hold time
                                              0.230321   data required time
---------------------------------------------------------------------------------------------
                                              0.230321   data required time
                                             -0.532909   data arrival time
---------------------------------------------------------------------------------------------
                                              0.302588   slack (MET)


Startpoint: _178_ (rising edge-triggered flip-flop clocked by clk_i)
Endpoint: _180_ (rising edge-triggered flip-flop clocked by clk_i)
Path Group: clk_i
Path Type: min

Fanout         Cap        Slew       Delay        Time   Description
---------------------------------------------------------------------------------------------
                      0.150000    0.000000    0.000000   clock clk_i (rise edge)
                                  0.000000    0.000000   clock network delay (ideal)
                      0.150000    0.000000    0.000000 ^ _178_/CLK (sg13g2_dfrbpq_1)
     3    0.010133    0.066703    0.345128    0.345128 v _178_/Q (sg13g2_dfrbpq_1)
                                                         spm_inst.genblk1[10].csa.y (net)
                      0.066703    0.000000    0.345128 v _105_/B (sg13g2_xor2_1)
     1    0.004766    0.052593    0.107631    0.452759 v _105_/X (sg13g2_xor2_1)
                                                         _023_ (net)
                      0.052593    0.000000    0.452759 v _106_/B (sg13g2_xnor2_1)
     1    0.001355    0.040066    0.080150    0.532909 v _106_/Y (sg13g2_xnor2_1)
                                                         spm_inst.genblk1[10].csa.hsum2 (net)
                      0.040066    0.000000    0.532909 v _180_/D (sg13g2_dfrbpq_1)
                                              0.532909   data arrival time

                      0.150000    0.000000    0.000000   clock clk_i (rise edge)
                                  0.000000    0.000000   clock network delay (ideal)
                                  0.250000    0.250000   clock uncertainty
                                  0.000000    0.250000   clock reconvergence pessimism
                                              0.250000 ^ _180_/CLK (sg13g2_dfrbpq_1)
                                 -0.019679    0.230321   library hold time
                                              0.230321   data required time
---------------------------------------------------------------------------------------------
                                              0.230321   data required time
                                             -0.532909   data arrival time
---------------------------------------------------------------------------------------------
                                              0.302588   slack (MET)


Startpoint: _180_ (rising edge-triggered flip-flop clocked by clk_i)
Endpoint: _182_ (rising edge-triggered flip-flop clocked by clk_i)
Path Group: clk_i
Path Type: min

Fanout         Cap        Slew       Delay        Time   Description
---------------------------------------------------------------------------------------------
                      0.150000    0.000000    0.000000   clock clk_i (rise edge)
                                  0.000000    0.000000   clock network delay (ideal)
                      0.150000    0.000000    0.000000 ^ _180_/CLK (sg13g2_dfrbpq_1)
     3    0.010133    0.066703    0.345128    0.345128 v _180_/Q (sg13g2_dfrbpq_1)
                                                         spm_inst.genblk1[10].csa.sum (net)
                      0.066703    0.000000    0.345128 v _111_/B (sg13g2_xor2_1)
     1    0.004766    0.052593    0.107631    0.452759 v _111_/X (sg13g2_xor2_1)
                                                         _027_ (net)
                      0.052593    0.000000    0.452759 v _112_/B (sg13g2_xnor2_1)
     1    0.001355    0.040066    0.080150    0.532909 v _112_/Y (sg13g2_xnor2_1)
                                                         spm_inst.genblk1[9].csa.hsum2 (net)
                      0.040066    0.000000    0.532909 v _182_/D (sg13g2_dfrbpq_1)
                                              0.532909   data arrival time

                      0.150000    0.000000    0.000000   clock clk_i (rise edge)
                                  0.000000    0.000000   clock network delay (ideal)
                                  0.250000    0.250000   clock uncertainty
                                  0.000000    0.250000   clock reconvergence pessimism
                                              0.250000 ^ _182_/CLK (sg13g2_dfrbpq_1)
                                 -0.019679    0.230321   library hold time
                                              0.230321   data required time
---------------------------------------------------------------------------------------------
                                              0.230321   data required time
                                             -0.532909   data arrival time
---------------------------------------------------------------------------------------------
                                              0.302588   slack (MET)


Startpoint: _182_ (rising edge-triggered flip-flop clocked by clk_i)
Endpoint: _184_ (rising edge-triggered flip-flop clocked by clk_i)
Path Group: clk_i
Path Type: min

Fanout         Cap        Slew       Delay        Time   Description
---------------------------------------------------------------------------------------------
                      0.150000    0.000000    0.000000   clock clk_i (rise edge)
                                  0.000000    0.000000   clock network delay (ideal)
                      0.150000    0.000000    0.000000 ^ _182_/CLK (sg13g2_dfrbpq_1)
     3    0.010133    0.066703    0.345128    0.345128 v _182_/Q (sg13g2_dfrbpq_1)
                                                         spm_inst.genblk1[8].csa.y (net)
                      0.066703    0.000000    0.345128 v _117_/B (sg13g2_xor2_1)
     1    0.004766    0.052593    0.107631    0.452759 v _117_/X (sg13g2_xor2_1)
                                                         _031_ (net)
                      0.052593    0.000000    0.452759 v _118_/B (sg13g2_xnor2_1)
     1    0.001355    0.040066    0.080150    0.532909 v _118_/Y (sg13g2_xnor2_1)
                                                         spm_inst.genblk1[8].csa.hsum2 (net)
                      0.040066    0.000000    0.532909 v _184_/D (sg13g2_dfrbpq_1)
                                              0.532909   data arrival time

                      0.150000    0.000000    0.000000   clock clk_i (rise edge)
                                  0.000000    0.000000   clock network delay (ideal)
                                  0.250000    0.250000   clock uncertainty
                                  0.000000    0.250000   clock reconvergence pessimism
                                              0.250000 ^ _184_/CLK (sg13g2_dfrbpq_1)
                                 -0.019679    0.230321   library hold time
                                              0.230321   data required time
---------------------------------------------------------------------------------------------
                                              0.230321   data required time
                                             -0.532909   data arrival time
---------------------------------------------------------------------------------------------
                                              0.302588   slack (MET)


Startpoint: _184_ (rising edge-triggered flip-flop clocked by clk_i)
Endpoint: _186_ (rising edge-triggered flip-flop clocked by clk_i)
Path Group: clk_i
Path Type: min

Fanout         Cap        Slew       Delay        Time   Description
---------------------------------------------------------------------------------------------
                      0.150000    0.000000    0.000000   clock clk_i (rise edge)
                                  0.000000    0.000000   clock network delay (ideal)
                      0.150000    0.000000    0.000000 ^ _184_/CLK (sg13g2_dfrbpq_1)
     3    0.010133    0.066703    0.345128    0.345128 v _184_/Q (sg13g2_dfrbpq_1)
                                                         spm_inst.genblk1[7].csa.y (net)
                      0.066703    0.000000    0.345128 v _123_/B (sg13g2_xor2_1)
     1    0.004766    0.052593    0.107631    0.452759 v _123_/X (sg13g2_xor2_1)
                                                         _035_ (net)
                      0.052593    0.000000    0.452759 v _124_/B (sg13g2_xnor2_1)
     1    0.001355    0.040066    0.080150    0.532909 v _124_/Y (sg13g2_xnor2_1)
                                                         spm_inst.genblk1[7].csa.hsum2 (net)
                      0.040066    0.000000    0.532909 v _186_/D (sg13g2_dfrbpq_1)
                                              0.532909   data arrival time

                      0.150000    0.000000    0.000000   clock clk_i (rise edge)
                                  0.000000    0.000000   clock network delay (ideal)
                                  0.250000    0.250000   clock uncertainty
                                  0.000000    0.250000   clock reconvergence pessimism
                                              0.250000 ^ _186_/CLK (sg13g2_dfrbpq_1)
                                 -0.019679    0.230321   library hold time
                                              0.230321   data required time
---------------------------------------------------------------------------------------------
                                              0.230321   data required time
                                             -0.532909   data arrival time
---------------------------------------------------------------------------------------------
                                              0.302588   slack (MET)


Startpoint: _186_ (rising edge-triggered flip-flop clocked by clk_i)
Endpoint: _188_ (rising edge-triggered flip-flop clocked by clk_i)
Path Group: clk_i
Path Type: min

Fanout         Cap        Slew       Delay        Time   Description
---------------------------------------------------------------------------------------------
                      0.150000    0.000000    0.000000   clock clk_i (rise edge)
                                  0.000000    0.000000   clock network delay (ideal)
                      0.150000    0.000000    0.000000 ^ _186_/CLK (sg13g2_dfrbpq_1)
     3    0.010133    0.066703    0.345128    0.345128 v _186_/Q (sg13g2_dfrbpq_1)
                                                         spm_inst.genblk1[6].csa.y (net)
                      0.066703    0.000000    0.345128 v _129_/B (sg13g2_xor2_1)
     1    0.004766    0.052593    0.107631    0.452759 v _129_/X (sg13g2_xor2_1)
                                                         _039_ (net)
                      0.052593    0.000000    0.452759 v _130_/B (sg13g2_xnor2_1)
     1    0.001355    0.040066    0.080150    0.532909 v _130_/Y (sg13g2_xnor2_1)
                                                         spm_inst.genblk1[6].csa.hsum2 (net)
                      0.040066    0.000000    0.532909 v _188_/D (sg13g2_dfrbpq_1)
                                              0.532909   data arrival time

                      0.150000    0.000000    0.000000   clock clk_i (rise edge)
                                  0.000000    0.000000   clock network delay (ideal)
                                  0.250000    0.250000   clock uncertainty
                                  0.000000    0.250000   clock reconvergence pessimism
                                              0.250000 ^ _188_/CLK (sg13g2_dfrbpq_1)
                                 -0.019679    0.230321   library hold time
                                              0.230321   data required time
---------------------------------------------------------------------------------------------
                                              0.230321   data required time
                                             -0.532909   data arrival time
---------------------------------------------------------------------------------------------
                                              0.302588   slack (MET)


Startpoint: _188_ (rising edge-triggered flip-flop clocked by clk_i)
Endpoint: _190_ (rising edge-triggered flip-flop clocked by clk_i)
Path Group: clk_i
Path Type: min

Fanout         Cap        Slew       Delay        Time   Description
---------------------------------------------------------------------------------------------
                      0.150000    0.000000    0.000000   clock clk_i (rise edge)
                                  0.000000    0.000000   clock network delay (ideal)
                      0.150000    0.000000    0.000000 ^ _188_/CLK (sg13g2_dfrbpq_1)
     3    0.010133    0.066703    0.345128    0.345128 v _188_/Q (sg13g2_dfrbpq_1)
                                                         spm_inst.genblk1[5].csa.y (net)
                      0.066703    0.000000    0.345128 v _135_/B (sg13g2_xor2_1)
     1    0.004766    0.052593    0.107631    0.452759 v _135_/X (sg13g2_xor2_1)
                                                         _043_ (net)
                      0.052593    0.000000    0.452759 v _136_/B (sg13g2_xnor2_1)
     1    0.001355    0.040066    0.080150    0.532909 v _136_/Y (sg13g2_xnor2_1)
                                                         spm_inst.genblk1[5].csa.hsum2 (net)
                      0.040066    0.000000    0.532909 v _190_/D (sg13g2_dfrbpq_1)
                                              0.532909   data arrival time

                      0.150000    0.000000    0.000000   clock clk_i (rise edge)
                                  0.000000    0.000000   clock network delay (ideal)
                                  0.250000    0.250000   clock uncertainty
                                  0.000000    0.250000   clock reconvergence pessimism
                                              0.250000 ^ _190_/CLK (sg13g2_dfrbpq_1)
                                 -0.019679    0.230321   library hold time
                                              0.230321   data required time
---------------------------------------------------------------------------------------------
                                              0.230321   data required time
                                             -0.532909   data arrival time
---------------------------------------------------------------------------------------------
                                              0.302588   slack (MET)


Startpoint: _190_ (rising edge-triggered flip-flop clocked by clk_i)
Endpoint: _192_ (rising edge-triggered flip-flop clocked by clk_i)
Path Group: clk_i
Path Type: min

Fanout         Cap        Slew       Delay        Time   Description
---------------------------------------------------------------------------------------------
                      0.150000    0.000000    0.000000   clock clk_i (rise edge)
                                  0.000000    0.000000   clock network delay (ideal)
                      0.150000    0.000000    0.000000 ^ _190_/CLK (sg13g2_dfrbpq_1)
     3    0.010133    0.066703    0.345128    0.345128 v _190_/Q (sg13g2_dfrbpq_1)
                                                         spm_inst.genblk1[4].csa.y (net)
                      0.066703    0.000000    0.345128 v _141_/B (sg13g2_xor2_1)
     1    0.004766    0.052593    0.107631    0.452759 v _141_/X (sg13g2_xor2_1)
                                                         _047_ (net)
                      0.052593    0.000000    0.452759 v _142_/B (sg13g2_xnor2_1)
     1    0.001355    0.040066    0.080150    0.532909 v _142_/Y (sg13g2_xnor2_1)
                                                         spm_inst.genblk1[4].csa.hsum2 (net)
                      0.040066    0.000000    0.532909 v _192_/D (sg13g2_dfrbpq_1)
                                              0.532909   data arrival time

                      0.150000    0.000000    0.000000   clock clk_i (rise edge)
                                  0.000000    0.000000   clock network delay (ideal)
                                  0.250000    0.250000   clock uncertainty
                                  0.000000    0.250000   clock reconvergence pessimism
                                              0.250000 ^ _192_/CLK (sg13g2_dfrbpq_1)
                                 -0.019679    0.230321   library hold time
                                              0.230321   data required time
---------------------------------------------------------------------------------------------
                                              0.230321   data required time
                                             -0.532909   data arrival time
---------------------------------------------------------------------------------------------
                                              0.302588   slack (MET)


Startpoint: _192_ (rising edge-triggered flip-flop clocked by clk_i)
Endpoint: _194_ (rising edge-triggered flip-flop clocked by clk_i)
Path Group: clk_i
Path Type: min

Fanout         Cap        Slew       Delay        Time   Description
---------------------------------------------------------------------------------------------
                      0.150000    0.000000    0.000000   clock clk_i (rise edge)
                                  0.000000    0.000000   clock network delay (ideal)
                      0.150000    0.000000    0.000000 ^ _192_/CLK (sg13g2_dfrbpq_1)
     3    0.010133    0.066703    0.345128    0.345128 v _192_/Q (sg13g2_dfrbpq_1)
                                                         spm_inst.genblk1[3].csa.y (net)
                      0.066703    0.000000    0.345128 v _147_/B (sg13g2_xor2_1)
     1    0.004766    0.052593    0.107631    0.452759 v _147_/X (sg13g2_xor2_1)
                                                         _051_ (net)
                      0.052593    0.000000    0.452759 v _148_/B (sg13g2_xnor2_1)
     1    0.001355    0.040066    0.080150    0.532909 v _148_/Y (sg13g2_xnor2_1)
                                                         spm_inst.genblk1[3].csa.hsum2 (net)
                      0.040066    0.000000    0.532909 v _194_/D (sg13g2_dfrbpq_1)
                                              0.532909   data arrival time

                      0.150000    0.000000    0.000000   clock clk_i (rise edge)
                                  0.000000    0.000000   clock network delay (ideal)
                                  0.250000    0.250000   clock uncertainty
                                  0.000000    0.250000   clock reconvergence pessimism
                                              0.250000 ^ _194_/CLK (sg13g2_dfrbpq_1)
                                 -0.019679    0.230321   library hold time
                                              0.230321   data required time
---------------------------------------------------------------------------------------------
                                              0.230321   data required time
                                             -0.532909   data arrival time
---------------------------------------------------------------------------------------------
                                              0.302588   slack (MET)


Startpoint: _194_ (rising edge-triggered flip-flop clocked by clk_i)
Endpoint: _196_ (rising edge-triggered flip-flop clocked by clk_i)
Path Group: clk_i
Path Type: min

Fanout         Cap        Slew       Delay        Time   Description
---------------------------------------------------------------------------------------------
                      0.150000    0.000000    0.000000   clock clk_i (rise edge)
                                  0.000000    0.000000   clock network delay (ideal)
                      0.150000    0.000000    0.000000 ^ _194_/CLK (sg13g2_dfrbpq_1)
     3    0.010133    0.066703    0.345128    0.345128 v _194_/Q (sg13g2_dfrbpq_1)
                                                         spm_inst.genblk1[2].csa.y (net)
                      0.066703    0.000000    0.345128 v _153_/B (sg13g2_xor2_1)
     1    0.004766    0.052593    0.107631    0.452759 v _153_/X (sg13g2_xor2_1)
                                                         _055_ (net)
                      0.052593    0.000000    0.452759 v _154_/B (sg13g2_xnor2_1)
     1    0.001355    0.040066    0.080150    0.532909 v _154_/Y (sg13g2_xnor2_1)
                                                         spm_inst.genblk1[2].csa.hsum2 (net)
                      0.040066    0.000000    0.532909 v _196_/D (sg13g2_dfrbpq_1)
                                              0.532909   data arrival time

                      0.150000    0.000000    0.000000   clock clk_i (rise edge)
                                  0.000000    0.000000   clock network delay (ideal)
                                  0.250000    0.250000   clock uncertainty
                                  0.000000    0.250000   clock reconvergence pessimism
                                              0.250000 ^ _196_/CLK (sg13g2_dfrbpq_1)
                                 -0.019679    0.230321   library hold time
                                              0.230321   data required time
---------------------------------------------------------------------------------------------
                                              0.230321   data required time
                                             -0.532909   data arrival time
---------------------------------------------------------------------------------------------
                                              0.302588   slack (MET)


Startpoint: _196_ (rising edge-triggered flip-flop clocked by clk_i)
Endpoint: _198_ (rising edge-triggered flip-flop clocked by clk_i)
Path Group: clk_i
Path Type: min

Fanout         Cap        Slew       Delay        Time   Description
---------------------------------------------------------------------------------------------
                      0.150000    0.000000    0.000000   clock clk_i (rise edge)
                                  0.000000    0.000000   clock network delay (ideal)
                      0.150000    0.000000    0.000000 ^ _196_/CLK (sg13g2_dfrbpq_1)
     3    0.010133    0.066703    0.345128    0.345128 v _196_/Q (sg13g2_dfrbpq_1)
                                                         spm_inst.genblk1[1].csa.y (net)
                      0.066703    0.000000    0.345128 v _159_/B (sg13g2_xor2_1)
     1    0.004766    0.052593    0.107631    0.452759 v _159_/X (sg13g2_xor2_1)
                                                         _059_ (net)
                      0.052593    0.000000    0.452759 v _160_/B (sg13g2_xnor2_1)
     1    0.001355    0.040066    0.080150    0.532909 v _160_/Y (sg13g2_xnor2_1)
                                                         spm_inst.genblk1[1].csa.hsum2 (net)
                      0.040066    0.000000    0.532909 v _198_/D (sg13g2_dfrbpq_1)
                                              0.532909   data arrival time

                      0.150000    0.000000    0.000000   clock clk_i (rise edge)
                                  0.000000    0.000000   clock network delay (ideal)
                                  0.250000    0.250000   clock uncertainty
                                  0.000000    0.250000   clock reconvergence pessimism
                                              0.250000 ^ _198_/CLK (sg13g2_dfrbpq_1)
                                 -0.019679    0.230321   library hold time
                                              0.230321   data required time
---------------------------------------------------------------------------------------------
                                              0.230321   data required time
                                             -0.532909   data arrival time
---------------------------------------------------------------------------------------------
                                              0.302588   slack (MET)


Startpoint: _198_ (rising edge-triggered flip-flop clocked by clk_i)
Endpoint: _202_ (rising edge-triggered flip-flop clocked by clk_i)
Path Group: clk_i
Path Type: min

Fanout         Cap        Slew       Delay        Time   Description
---------------------------------------------------------------------------------------------
                      0.150000    0.000000    0.000000   clock clk_i (rise edge)
                                  0.000000    0.000000   clock network delay (ideal)
                      0.150000    0.000000    0.000000 ^ _198_/CLK (sg13g2_dfrbpq_1)
     3    0.010133    0.066703    0.345128    0.345128 v _198_/Q (sg13g2_dfrbpq_1)
                                                         spm_inst.csa0.y (net)
                      0.066703    0.000000    0.345128 v _168_/B (sg13g2_xor2_1)
     1    0.004766    0.052593    0.107631    0.452759 v _168_/X (sg13g2_xor2_1)
                                                         _064_ (net)
                      0.052593    0.000000    0.452759 v _169_/B (sg13g2_xnor2_1)
     1    0.001355    0.040066    0.080150    0.532909 v _169_/Y (sg13g2_xnor2_1)
                                                         spm_inst.csa0.hsum2 (net)
                      0.040066    0.000000    0.532909 v _202_/D (sg13g2_dfrbpq_1)
                                              0.532909   data arrival time

                      0.150000    0.000000    0.000000   clock clk_i (rise edge)
                                  0.000000    0.000000   clock network delay (ideal)
                                  0.250000    0.250000   clock uncertainty
                                  0.000000    0.250000   clock reconvergence pessimism
                                              0.250000 ^ _202_/CLK (sg13g2_dfrbpq_1)
                                 -0.019679    0.230321   library hold time
                                              0.230321   data required time
---------------------------------------------------------------------------------------------
                                              0.230321   data required time
                                             -0.532909   data arrival time
---------------------------------------------------------------------------------------------
                                              0.302588   slack (MET)


Startpoint: rst_ni (input port clocked by clk_i)
Endpoint: _171_ (removal check against rising-edge clock clk_i)
Path Group: asynchronous
Path Type: min

Fanout         Cap        Slew       Delay        Time   Description
---------------------------------------------------------------------------------------------
                      0.150000    0.000000    0.000000   clock clk_i (rise edge)
                                  0.000000    0.000000   clock network delay (ideal)
                                  2.000000    2.000000 ^ input external delay
    32    0.149020    0.250669    0.179743    2.179743 ^ rst_ni (in)
                                                         rst_ni (net)
                      0.250669    0.000000    2.179743 ^ _171_/RESET_B (sg13g2_dfrbpq_1)
                                              2.179743   data arrival time

                      0.150000    0.000000    0.000000   clock clk_i (rise edge)
                                  0.000000    0.000000   clock network delay (ideal)
                                  0.250000    0.250000   clock uncertainty
                                  0.000000    0.250000   clock reconvergence pessimism
                                              0.250000 ^ _171_/CLK (sg13g2_dfrbpq_1)
                                 -0.232801    0.017199   library removal time
                                              0.017199   data required time
---------------------------------------------------------------------------------------------
                                              0.017199   data required time
                                             -2.179743   data arrival time
---------------------------------------------------------------------------------------------
                                              2.162544   slack (MET)


Startpoint: rst_ni (input port clocked by clk_i)
Endpoint: _172_ (removal check against rising-edge clock clk_i)
Path Group: asynchronous
Path Type: min

Fanout         Cap        Slew       Delay        Time   Description
---------------------------------------------------------------------------------------------
                      0.150000    0.000000    0.000000   clock clk_i (rise edge)
                                  0.000000    0.000000   clock network delay (ideal)
                                  2.000000    2.000000 ^ input external delay
    32    0.149020    0.250669    0.179743    2.179743 ^ rst_ni (in)
                                                         rst_ni (net)
                      0.250669    0.000000    2.179743 ^ _172_/RESET_B (sg13g2_dfrbpq_1)
                                              2.179743   data arrival time

                      0.150000    0.000000    0.000000   clock clk_i (rise edge)
                                  0.000000    0.000000   clock network delay (ideal)
                                  0.250000    0.250000   clock uncertainty
                                  0.000000    0.250000   clock reconvergence pessimism
                                              0.250000 ^ _172_/CLK (sg13g2_dfrbpq_1)
                                 -0.232801    0.017199   library removal time
                                              0.017199   data required time
---------------------------------------------------------------------------------------------
                                              0.017199   data required time
                                             -2.179743   data arrival time
---------------------------------------------------------------------------------------------
                                              2.162544   slack (MET)


Startpoint: rst_ni (input port clocked by clk_i)
Endpoint: _173_ (removal check against rising-edge clock clk_i)
Path Group: asynchronous
Path Type: min

Fanout         Cap        Slew       Delay        Time   Description
---------------------------------------------------------------------------------------------
                      0.150000    0.000000    0.000000   clock clk_i (rise edge)
                                  0.000000    0.000000   clock network delay (ideal)
                                  2.000000    2.000000 ^ input external delay
    32    0.149020    0.250669    0.179743    2.179743 ^ rst_ni (in)
                                                         rst_ni (net)
                      0.250669    0.000000    2.179743 ^ _173_/RESET_B (sg13g2_dfrbpq_1)
                                              2.179743   data arrival time

                      0.150000    0.000000    0.000000   clock clk_i (rise edge)
                                  0.000000    0.000000   clock network delay (ideal)
                                  0.250000    0.250000   clock uncertainty
                                  0.000000    0.250000   clock reconvergence pessimism
                                              0.250000 ^ _173_/CLK (sg13g2_dfrbpq_1)
                                 -0.232801    0.017199   library removal time
                                              0.017199   data required time
---------------------------------------------------------------------------------------------
                                              0.017199   data required time
                                             -2.179743   data arrival time
---------------------------------------------------------------------------------------------
                                              2.162544   slack (MET)


Startpoint: rst_ni (input port clocked by clk_i)
Endpoint: _174_ (removal check against rising-edge clock clk_i)
Path Group: asynchronous
Path Type: min

Fanout         Cap        Slew       Delay        Time   Description
---------------------------------------------------------------------------------------------
                      0.150000    0.000000    0.000000   clock clk_i (rise edge)
                                  0.000000    0.000000   clock network delay (ideal)
                                  2.000000    2.000000 ^ input external delay
    32    0.149020    0.250669    0.179743    2.179743 ^ rst_ni (in)
                                                         rst_ni (net)
                      0.250669    0.000000    2.179743 ^ _174_/RESET_B (sg13g2_dfrbpq_1)
                                              2.179743   data arrival time

                      0.150000    0.000000    0.000000   clock clk_i (rise edge)
                                  0.000000    0.000000   clock network delay (ideal)
                                  0.250000    0.250000   clock uncertainty
                                  0.000000    0.250000   clock reconvergence pessimism
                                              0.250000 ^ _174_/CLK (sg13g2_dfrbpq_1)
                                 -0.232801    0.017199   library removal time
                                              0.017199   data required time
---------------------------------------------------------------------------------------------
                                              0.017199   data required time
                                             -2.179743   data arrival time
---------------------------------------------------------------------------------------------
                                              2.162544   slack (MET)


Startpoint: rst_ni (input port clocked by clk_i)
Endpoint: _175_ (removal check against rising-edge clock clk_i)
Path Group: asynchronous
Path Type: min

Fanout         Cap        Slew       Delay        Time   Description
---------------------------------------------------------------------------------------------
                      0.150000    0.000000    0.000000   clock clk_i (rise edge)
                                  0.000000    0.000000   clock network delay (ideal)
                                  2.000000    2.000000 ^ input external delay
    32    0.149020    0.250669    0.179743    2.179743 ^ rst_ni (in)
                                                         rst_ni (net)
                      0.250669    0.000000    2.179743 ^ _175_/RESET_B (sg13g2_dfrbpq_1)
                                              2.179743   data arrival time

                      0.150000    0.000000    0.000000   clock clk_i (rise edge)
                                  0.000000    0.000000   clock network delay (ideal)
                                  0.250000    0.250000   clock uncertainty
                                  0.000000    0.250000   clock reconvergence pessimism
                                              0.250000 ^ _175_/CLK (sg13g2_dfrbpq_1)
                                 -0.232801    0.017199   library removal time
                                              0.017199   data required time
---------------------------------------------------------------------------------------------
                                              0.017199   data required time
                                             -2.179743   data arrival time
---------------------------------------------------------------------------------------------
                                              2.162544   slack (MET)


Startpoint: rst_ni (input port clocked by clk_i)
Endpoint: _176_ (removal check against rising-edge clock clk_i)
Path Group: asynchronous
Path Type: min

Fanout         Cap        Slew       Delay        Time   Description
---------------------------------------------------------------------------------------------
                      0.150000    0.000000    0.000000   clock clk_i (rise edge)
                                  0.000000    0.000000   clock network delay (ideal)
                                  2.000000    2.000000 ^ input external delay
    32    0.149020    0.250669    0.179743    2.179743 ^ rst_ni (in)
                                                         rst_ni (net)
                      0.250669    0.000000    2.179743 ^ _176_/RESET_B (sg13g2_dfrbpq_1)
                                              2.179743   data arrival time

                      0.150000    0.000000    0.000000   clock clk_i (rise edge)
                                  0.000000    0.000000   clock network delay (ideal)
                                  0.250000    0.250000   clock uncertainty
                                  0.000000    0.250000   clock reconvergence pessimism
                                              0.250000 ^ _176_/CLK (sg13g2_dfrbpq_1)
                                 -0.232801    0.017199   library removal time
                                              0.017199   data required time
---------------------------------------------------------------------------------------------
                                              0.017199   data required time
                                             -2.179743   data arrival time
---------------------------------------------------------------------------------------------
                                              2.162544   slack (MET)


Startpoint: rst_ni (input port clocked by clk_i)
Endpoint: _177_ (removal check against rising-edge clock clk_i)
Path Group: asynchronous
Path Type: min

Fanout         Cap        Slew       Delay        Time   Description
---------------------------------------------------------------------------------------------
                      0.150000    0.000000    0.000000   clock clk_i (rise edge)
                                  0.000000    0.000000   clock network delay (ideal)
                                  2.000000    2.000000 ^ input external delay
    32    0.149020    0.250669    0.179743    2.179743 ^ rst_ni (in)
                                                         rst_ni (net)
                      0.250669    0.000000    2.179743 ^ _177_/RESET_B (sg13g2_dfrbpq_1)
                                              2.179743   data arrival time

                      0.150000    0.000000    0.000000   clock clk_i (rise edge)
                                  0.000000    0.000000   clock network delay (ideal)
                                  0.250000    0.250000   clock uncertainty
                                  0.000000    0.250000   clock reconvergence pessimism
                                              0.250000 ^ _177_/CLK (sg13g2_dfrbpq_1)
                                 -0.232801    0.017199   library removal time
                                              0.017199   data required time
---------------------------------------------------------------------------------------------
                                              0.017199   data required time
                                             -2.179743   data arrival time
---------------------------------------------------------------------------------------------
                                              2.162544   slack (MET)


Startpoint: rst_ni (input port clocked by clk_i)
Endpoint: _178_ (removal check against rising-edge clock clk_i)
Path Group: asynchronous
Path Type: min

Fanout         Cap        Slew       Delay        Time   Description
---------------------------------------------------------------------------------------------
                      0.150000    0.000000    0.000000   clock clk_i (rise edge)
                                  0.000000    0.000000   clock network delay (ideal)
                                  2.000000    2.000000 ^ input external delay
    32    0.149020    0.250669    0.179743    2.179743 ^ rst_ni (in)
                                                         rst_ni (net)
                      0.250669    0.000000    2.179743 ^ _178_/RESET_B (sg13g2_dfrbpq_1)
                                              2.179743   data arrival time

                      0.150000    0.000000    0.000000   clock clk_i (rise edge)
                                  0.000000    0.000000   clock network delay (ideal)
                                  0.250000    0.250000   clock uncertainty
                                  0.000000    0.250000   clock reconvergence pessimism
                                              0.250000 ^ _178_/CLK (sg13g2_dfrbpq_1)
                                 -0.232801    0.017199   library removal time
                                              0.017199   data required time
---------------------------------------------------------------------------------------------
                                              0.017199   data required time
                                             -2.179743   data arrival time
---------------------------------------------------------------------------------------------
                                              2.162544   slack (MET)


Startpoint: rst_ni (input port clocked by clk_i)
Endpoint: _179_ (removal check against rising-edge clock clk_i)
Path Group: asynchronous
Path Type: min

Fanout         Cap        Slew       Delay        Time   Description
---------------------------------------------------------------------------------------------
                      0.150000    0.000000    0.000000   clock clk_i (rise edge)
                                  0.000000    0.000000   clock network delay (ideal)
                                  2.000000    2.000000 ^ input external delay
    32    0.149020    0.250669    0.179743    2.179743 ^ rst_ni (in)
                                                         rst_ni (net)
                      0.250669    0.000000    2.179743 ^ _179_/RESET_B (sg13g2_dfrbpq_1)
                                              2.179743   data arrival time

                      0.150000    0.000000    0.000000   clock clk_i (rise edge)
                                  0.000000    0.000000   clock network delay (ideal)
                                  0.250000    0.250000   clock uncertainty
                                  0.000000    0.250000   clock reconvergence pessimism
                                              0.250000 ^ _179_/CLK (sg13g2_dfrbpq_1)
                                 -0.232801    0.017199   library removal time
                                              0.017199   data required time
---------------------------------------------------------------------------------------------
                                              0.017199   data required time
                                             -2.179743   data arrival time
---------------------------------------------------------------------------------------------
                                              2.162544   slack (MET)


Startpoint: rst_ni (input port clocked by clk_i)
Endpoint: _180_ (removal check against rising-edge clock clk_i)
Path Group: asynchronous
Path Type: min

Fanout         Cap        Slew       Delay        Time   Description
---------------------------------------------------------------------------------------------
                      0.150000    0.000000    0.000000   clock clk_i (rise edge)
                                  0.000000    0.000000   clock network delay (ideal)
                                  2.000000    2.000000 ^ input external delay
    32    0.149020    0.250669    0.179743    2.179743 ^ rst_ni (in)
                                                         rst_ni (net)
                      0.250669    0.000000    2.179743 ^ _180_/RESET_B (sg13g2_dfrbpq_1)
                                              2.179743   data arrival time

                      0.150000    0.000000    0.000000   clock clk_i (rise edge)
                                  0.000000    0.000000   clock network delay (ideal)
                                  0.250000    0.250000   clock uncertainty
                                  0.000000    0.250000   clock reconvergence pessimism
                                              0.250000 ^ _180_/CLK (sg13g2_dfrbpq_1)
                                 -0.232801    0.017199   library removal time
                                              0.017199   data required time
---------------------------------------------------------------------------------------------
                                              0.017199   data required time
                                             -2.179743   data arrival time
---------------------------------------------------------------------------------------------
                                              2.162544   slack (MET)


Startpoint: rst_ni (input port clocked by clk_i)
Endpoint: _181_ (removal check against rising-edge clock clk_i)
Path Group: asynchronous
Path Type: min

Fanout         Cap        Slew       Delay        Time   Description
---------------------------------------------------------------------------------------------
                      0.150000    0.000000    0.000000   clock clk_i (rise edge)
                                  0.000000    0.000000   clock network delay (ideal)
                                  2.000000    2.000000 ^ input external delay
    32    0.149020    0.250669    0.179743    2.179743 ^ rst_ni (in)
                                                         rst_ni (net)
                      0.250669    0.000000    2.179743 ^ _181_/RESET_B (sg13g2_dfrbpq_1)
                                              2.179743   data arrival time

                      0.150000    0.000000    0.000000   clock clk_i (rise edge)
                                  0.000000    0.000000   clock network delay (ideal)
                                  0.250000    0.250000   clock uncertainty
                                  0.000000    0.250000   clock reconvergence pessimism
                                              0.250000 ^ _181_/CLK (sg13g2_dfrbpq_1)
                                 -0.232801    0.017199   library removal time
                                              0.017199   data required time
---------------------------------------------------------------------------------------------
                                              0.017199   data required time
                                             -2.179743   data arrival time
---------------------------------------------------------------------------------------------
                                              2.162544   slack (MET)


Startpoint: rst_ni (input port clocked by clk_i)
Endpoint: _182_ (removal check against rising-edge clock clk_i)
Path Group: asynchronous
Path Type: min

Fanout         Cap        Slew       Delay        Time   Description
---------------------------------------------------------------------------------------------
                      0.150000    0.000000    0.000000   clock clk_i (rise edge)
                                  0.000000    0.000000   clock network delay (ideal)
                                  2.000000    2.000000 ^ input external delay
    32    0.149020    0.250669    0.179743    2.179743 ^ rst_ni (in)
                                                         rst_ni (net)
                      0.250669    0.000000    2.179743 ^ _182_/RESET_B (sg13g2_dfrbpq_1)
                                              2.179743   data arrival time

                      0.150000    0.000000    0.000000   clock clk_i (rise edge)
                                  0.000000    0.000000   clock network delay (ideal)
                                  0.250000    0.250000   clock uncertainty
                                  0.000000    0.250000   clock reconvergence pessimism
                                              0.250000 ^ _182_/CLK (sg13g2_dfrbpq_1)
                                 -0.232801    0.017199   library removal time
                                              0.017199   data required time
---------------------------------------------------------------------------------------------
                                              0.017199   data required time
                                             -2.179743   data arrival time
---------------------------------------------------------------------------------------------
                                              2.162544   slack (MET)


Startpoint: rst_ni (input port clocked by clk_i)
Endpoint: _183_ (removal check against rising-edge clock clk_i)
Path Group: asynchronous
Path Type: min

Fanout         Cap        Slew       Delay        Time   Description
---------------------------------------------------------------------------------------------
                      0.150000    0.000000    0.000000   clock clk_i (rise edge)
                                  0.000000    0.000000   clock network delay (ideal)
                                  2.000000    2.000000 ^ input external delay
    32    0.149020    0.250669    0.179743    2.179743 ^ rst_ni (in)
                                                         rst_ni (net)
                      0.250669    0.000000    2.179743 ^ _183_/RESET_B (sg13g2_dfrbpq_1)
                                              2.179743   data arrival time

                      0.150000    0.000000    0.000000   clock clk_i (rise edge)
                                  0.000000    0.000000   clock network delay (ideal)
                                  0.250000    0.250000   clock uncertainty
                                  0.000000    0.250000   clock reconvergence pessimism
                                              0.250000 ^ _183_/CLK (sg13g2_dfrbpq_1)
                                 -0.232801    0.017199   library removal time
                                              0.017199   data required time
---------------------------------------------------------------------------------------------
                                              0.017199   data required time
                                             -2.179743   data arrival time
---------------------------------------------------------------------------------------------
                                              2.162544   slack (MET)


Startpoint: rst_ni (input port clocked by clk_i)
Endpoint: _184_ (removal check against rising-edge clock clk_i)
Path Group: asynchronous
Path Type: min

Fanout         Cap        Slew       Delay        Time   Description
---------------------------------------------------------------------------------------------
                      0.150000    0.000000    0.000000   clock clk_i (rise edge)
                                  0.000000    0.000000   clock network delay (ideal)
                                  2.000000    2.000000 ^ input external delay
    32    0.149020    0.250669    0.179743    2.179743 ^ rst_ni (in)
                                                         rst_ni (net)
                      0.250669    0.000000    2.179743 ^ _184_/RESET_B (sg13g2_dfrbpq_1)
                                              2.179743   data arrival time

                      0.150000    0.000000    0.000000   clock clk_i (rise edge)
                                  0.000000    0.000000   clock network delay (ideal)
                                  0.250000    0.250000   clock uncertainty
                                  0.000000    0.250000   clock reconvergence pessimism
                                              0.250000 ^ _184_/CLK (sg13g2_dfrbpq_1)
                                 -0.232801    0.017199   library removal time
                                              0.017199   data required time
---------------------------------------------------------------------------------------------
                                              0.017199   data required time
                                             -2.179743   data arrival time
---------------------------------------------------------------------------------------------
                                              2.162544   slack (MET)


Startpoint: rst_ni (input port clocked by clk_i)
Endpoint: _185_ (removal check against rising-edge clock clk_i)
Path Group: asynchronous
Path Type: min

Fanout         Cap        Slew       Delay        Time   Description
---------------------------------------------------------------------------------------------
                      0.150000    0.000000    0.000000   clock clk_i (rise edge)
                                  0.000000    0.000000   clock network delay (ideal)
                                  2.000000    2.000000 ^ input external delay
    32    0.149020    0.250669    0.179743    2.179743 ^ rst_ni (in)
                                                         rst_ni (net)
                      0.250669    0.000000    2.179743 ^ _185_/RESET_B (sg13g2_dfrbpq_1)
                                              2.179743   data arrival time

                      0.150000    0.000000    0.000000   clock clk_i (rise edge)
                                  0.000000    0.000000   clock network delay (ideal)
                                  0.250000    0.250000   clock uncertainty
                                  0.000000    0.250000   clock reconvergence pessimism
                                              0.250000 ^ _185_/CLK (sg13g2_dfrbpq_1)
                                 -0.232801    0.017199   library removal time
                                              0.017199   data required time
---------------------------------------------------------------------------------------------
                                              0.017199   data required time
                                             -2.179743   data arrival time
---------------------------------------------------------------------------------------------
                                              2.162544   slack (MET)


Startpoint: rst_ni (input port clocked by clk_i)
Endpoint: _186_ (removal check against rising-edge clock clk_i)
Path Group: asynchronous
Path Type: min

Fanout         Cap        Slew       Delay        Time   Description
---------------------------------------------------------------------------------------------
                      0.150000    0.000000    0.000000   clock clk_i (rise edge)
                                  0.000000    0.000000   clock network delay (ideal)
                                  2.000000    2.000000 ^ input external delay
    32    0.149020    0.250669    0.179743    2.179743 ^ rst_ni (in)
                                                         rst_ni (net)
                      0.250669    0.000000    2.179743 ^ _186_/RESET_B (sg13g2_dfrbpq_1)
                                              2.179743   data arrival time

                      0.150000    0.000000    0.000000   clock clk_i (rise edge)
                                  0.000000    0.000000   clock network delay (ideal)
                                  0.250000    0.250000   clock uncertainty
                                  0.000000    0.250000   clock reconvergence pessimism
                                              0.250000 ^ _186_/CLK (sg13g2_dfrbpq_1)
                                 -0.232801    0.017199   library removal time
                                              0.017199   data required time
---------------------------------------------------------------------------------------------
                                              0.017199   data required time
                                             -2.179743   data arrival time
---------------------------------------------------------------------------------------------
                                              2.162544   slack (MET)


Startpoint: rst_ni (input port clocked by clk_i)
Endpoint: _187_ (removal check against rising-edge clock clk_i)
Path Group: asynchronous
Path Type: min

Fanout         Cap        Slew       Delay        Time   Description
---------------------------------------------------------------------------------------------
                      0.150000    0.000000    0.000000   clock clk_i (rise edge)
                                  0.000000    0.000000   clock network delay (ideal)
                                  2.000000    2.000000 ^ input external delay
    32    0.149020    0.250669    0.179743    2.179743 ^ rst_ni (in)
                                                         rst_ni (net)
                      0.250669    0.000000    2.179743 ^ _187_/RESET_B (sg13g2_dfrbpq_1)
                                              2.179743   data arrival time

                      0.150000    0.000000    0.000000   clock clk_i (rise edge)
                                  0.000000    0.000000   clock network delay (ideal)
                                  0.250000    0.250000   clock uncertainty
                                  0.000000    0.250000   clock reconvergence pessimism
                                              0.250000 ^ _187_/CLK (sg13g2_dfrbpq_1)
                                 -0.232801    0.017199   library removal time
                                              0.017199   data required time
---------------------------------------------------------------------------------------------
                                              0.017199   data required time
                                             -2.179743   data arrival time
---------------------------------------------------------------------------------------------
                                              2.162544   slack (MET)


Startpoint: rst_ni (input port clocked by clk_i)
Endpoint: _188_ (removal check against rising-edge clock clk_i)
Path Group: asynchronous
Path Type: min

Fanout         Cap        Slew       Delay        Time   Description
---------------------------------------------------------------------------------------------
                      0.150000    0.000000    0.000000   clock clk_i (rise edge)
                                  0.000000    0.000000   clock network delay (ideal)
                                  2.000000    2.000000 ^ input external delay
    32    0.149020    0.250669    0.179743    2.179743 ^ rst_ni (in)
                                                         rst_ni (net)
                      0.250669    0.000000    2.179743 ^ _188_/RESET_B (sg13g2_dfrbpq_1)
                                              2.179743   data arrival time

                      0.150000    0.000000    0.000000   clock clk_i (rise edge)
                                  0.000000    0.000000   clock network delay (ideal)
                                  0.250000    0.250000   clock uncertainty
                                  0.000000    0.250000   clock reconvergence pessimism
                                              0.250000 ^ _188_/CLK (sg13g2_dfrbpq_1)
                                 -0.232801    0.017199   library removal time
                                              0.017199   data required time
---------------------------------------------------------------------------------------------
                                              0.017199   data required time
                                             -2.179743   data arrival time
---------------------------------------------------------------------------------------------
                                              2.162544   slack (MET)


Startpoint: rst_ni (input port clocked by clk_i)
Endpoint: _189_ (removal check against rising-edge clock clk_i)
Path Group: asynchronous
Path Type: min

Fanout         Cap        Slew       Delay        Time   Description
---------------------------------------------------------------------------------------------
                      0.150000    0.000000    0.000000   clock clk_i (rise edge)
                                  0.000000    0.000000   clock network delay (ideal)
                                  2.000000    2.000000 ^ input external delay
    32    0.149020    0.250669    0.179743    2.179743 ^ rst_ni (in)
                                                         rst_ni (net)
                      0.250669    0.000000    2.179743 ^ _189_/RESET_B (sg13g2_dfrbpq_1)
                                              2.179743   data arrival time

                      0.150000    0.000000    0.000000   clock clk_i (rise edge)
                                  0.000000    0.000000   clock network delay (ideal)
                                  0.250000    0.250000   clock uncertainty
                                  0.000000    0.250000   clock reconvergence pessimism
                                              0.250000 ^ _189_/CLK (sg13g2_dfrbpq_1)
                                 -0.232801    0.017199   library removal time
                                              0.017199   data required time
---------------------------------------------------------------------------------------------
                                              0.017199   data required time
                                             -2.179743   data arrival time
---------------------------------------------------------------------------------------------
                                              2.162544   slack (MET)


Startpoint: rst_ni (input port clocked by clk_i)
Endpoint: _190_ (removal check against rising-edge clock clk_i)
Path Group: asynchronous
Path Type: min

Fanout         Cap        Slew       Delay        Time   Description
---------------------------------------------------------------------------------------------
                      0.150000    0.000000    0.000000   clock clk_i (rise edge)
                                  0.000000    0.000000   clock network delay (ideal)
                                  2.000000    2.000000 ^ input external delay
    32    0.149020    0.250669    0.179743    2.179743 ^ rst_ni (in)
                                                         rst_ni (net)
                      0.250669    0.000000    2.179743 ^ _190_/RESET_B (sg13g2_dfrbpq_1)
                                              2.179743   data arrival time

                      0.150000    0.000000    0.000000   clock clk_i (rise edge)
                                  0.000000    0.000000   clock network delay (ideal)
                                  0.250000    0.250000   clock uncertainty
                                  0.000000    0.250000   clock reconvergence pessimism
                                              0.250000 ^ _190_/CLK (sg13g2_dfrbpq_1)
                                 -0.232801    0.017199   library removal time
                                              0.017199   data required time
---------------------------------------------------------------------------------------------
                                              0.017199   data required time
                                             -2.179743   data arrival time
---------------------------------------------------------------------------------------------
                                              2.162544   slack (MET)


Startpoint: rst_ni (input port clocked by clk_i)
Endpoint: _191_ (removal check against rising-edge clock clk_i)
Path Group: asynchronous
Path Type: min

Fanout         Cap        Slew       Delay        Time   Description
---------------------------------------------------------------------------------------------
                      0.150000    0.000000    0.000000   clock clk_i (rise edge)
                                  0.000000    0.000000   clock network delay (ideal)
                                  2.000000    2.000000 ^ input external delay
    32    0.149020    0.250669    0.179743    2.179743 ^ rst_ni (in)
                                                         rst_ni (net)
                      0.250669    0.000000    2.179743 ^ _191_/RESET_B (sg13g2_dfrbpq_1)
                                              2.179743   data arrival time

                      0.150000    0.000000    0.000000   clock clk_i (rise edge)
                                  0.000000    0.000000   clock network delay (ideal)
                                  0.250000    0.250000   clock uncertainty
                                  0.000000    0.250000   clock reconvergence pessimism
                                              0.250000 ^ _191_/CLK (sg13g2_dfrbpq_1)
                                 -0.232801    0.017199   library removal time
                                              0.017199   data required time
---------------------------------------------------------------------------------------------
                                              0.017199   data required time
                                             -2.179743   data arrival time
---------------------------------------------------------------------------------------------
                                              2.162544   slack (MET)


Startpoint: rst_ni (input port clocked by clk_i)
Endpoint: _192_ (removal check against rising-edge clock clk_i)
Path Group: asynchronous
Path Type: min

Fanout         Cap        Slew       Delay        Time   Description
---------------------------------------------------------------------------------------------
                      0.150000    0.000000    0.000000   clock clk_i (rise edge)
                                  0.000000    0.000000   clock network delay (ideal)
                                  2.000000    2.000000 ^ input external delay
    32    0.149020    0.250669    0.179743    2.179743 ^ rst_ni (in)
                                                         rst_ni (net)
                      0.250669    0.000000    2.179743 ^ _192_/RESET_B (sg13g2_dfrbpq_1)
                                              2.179743   data arrival time

                      0.150000    0.000000    0.000000   clock clk_i (rise edge)
                                  0.000000    0.000000   clock network delay (ideal)
                                  0.250000    0.250000   clock uncertainty
                                  0.000000    0.250000   clock reconvergence pessimism
                                              0.250000 ^ _192_/CLK (sg13g2_dfrbpq_1)
                                 -0.232801    0.017199   library removal time
                                              0.017199   data required time
---------------------------------------------------------------------------------------------
                                              0.017199   data required time
                                             -2.179743   data arrival time
---------------------------------------------------------------------------------------------
                                              2.162544   slack (MET)


Startpoint: rst_ni (input port clocked by clk_i)
Endpoint: _193_ (removal check against rising-edge clock clk_i)
Path Group: asynchronous
Path Type: min

Fanout         Cap        Slew       Delay        Time   Description
---------------------------------------------------------------------------------------------
                      0.150000    0.000000    0.000000   clock clk_i (rise edge)
                                  0.000000    0.000000   clock network delay (ideal)
                                  2.000000    2.000000 ^ input external delay
    32    0.149020    0.250669    0.179743    2.179743 ^ rst_ni (in)
                                                         rst_ni (net)
                      0.250669    0.000000    2.179743 ^ _193_/RESET_B (sg13g2_dfrbpq_1)
                                              2.179743   data arrival time

                      0.150000    0.000000    0.000000   clock clk_i (rise edge)
                                  0.000000    0.000000   clock network delay (ideal)
                                  0.250000    0.250000   clock uncertainty
                                  0.000000    0.250000   clock reconvergence pessimism
                                              0.250000 ^ _193_/CLK (sg13g2_dfrbpq_1)
                                 -0.232801    0.017199   library removal time
                                              0.017199   data required time
---------------------------------------------------------------------------------------------
                                              0.017199   data required time
                                             -2.179743   data arrival time
---------------------------------------------------------------------------------------------
                                              2.162544   slack (MET)


Startpoint: rst_ni (input port clocked by clk_i)
Endpoint: _194_ (removal check against rising-edge clock clk_i)
Path Group: asynchronous
Path Type: min

Fanout         Cap        Slew       Delay        Time   Description
---------------------------------------------------------------------------------------------
                      0.150000    0.000000    0.000000   clock clk_i (rise edge)
                                  0.000000    0.000000   clock network delay (ideal)
                                  2.000000    2.000000 ^ input external delay
    32    0.149020    0.250669    0.179743    2.179743 ^ rst_ni (in)
                                                         rst_ni (net)
                      0.250669    0.000000    2.179743 ^ _194_/RESET_B (sg13g2_dfrbpq_1)
                                              2.179743   data arrival time

                      0.150000    0.000000    0.000000   clock clk_i (rise edge)
                                  0.000000    0.000000   clock network delay (ideal)
                                  0.250000    0.250000   clock uncertainty
                                  0.000000    0.250000   clock reconvergence pessimism
                                              0.250000 ^ _194_/CLK (sg13g2_dfrbpq_1)
                                 -0.232801    0.017199   library removal time
                                              0.017199   data required time
---------------------------------------------------------------------------------------------
                                              0.017199   data required time
                                             -2.179743   data arrival time
---------------------------------------------------------------------------------------------
                                              2.162544   slack (MET)


Startpoint: rst_ni (input port clocked by clk_i)
Endpoint: _195_ (removal check against rising-edge clock clk_i)
Path Group: asynchronous
Path Type: min

Fanout         Cap        Slew       Delay        Time   Description
---------------------------------------------------------------------------------------------
                      0.150000    0.000000    0.000000   clock clk_i (rise edge)
                                  0.000000    0.000000   clock network delay (ideal)
                                  2.000000    2.000000 ^ input external delay
    32    0.149020    0.250669    0.179743    2.179743 ^ rst_ni (in)
                                                         rst_ni (net)
                      0.250669    0.000000    2.179743 ^ _195_/RESET_B (sg13g2_dfrbpq_1)
                                              2.179743   data arrival time

                      0.150000    0.000000    0.000000   clock clk_i (rise edge)
                                  0.000000    0.000000   clock network delay (ideal)
                                  0.250000    0.250000   clock uncertainty
                                  0.000000    0.250000   clock reconvergence pessimism
                                              0.250000 ^ _195_/CLK (sg13g2_dfrbpq_1)
                                 -0.232801    0.017199   library removal time
                                              0.017199   data required time
---------------------------------------------------------------------------------------------
                                              0.017199   data required time
                                             -2.179743   data arrival time
---------------------------------------------------------------------------------------------
                                              2.162544   slack (MET)


Startpoint: rst_ni (input port clocked by clk_i)
Endpoint: _196_ (removal check against rising-edge clock clk_i)
Path Group: asynchronous
Path Type: min

Fanout         Cap        Slew       Delay        Time   Description
---------------------------------------------------------------------------------------------
                      0.150000    0.000000    0.000000   clock clk_i (rise edge)
                                  0.000000    0.000000   clock network delay (ideal)
                                  2.000000    2.000000 ^ input external delay
    32    0.149020    0.250669    0.179743    2.179743 ^ rst_ni (in)
                                                         rst_ni (net)
                      0.250669    0.000000    2.179743 ^ _196_/RESET_B (sg13g2_dfrbpq_1)
                                              2.179743   data arrival time

                      0.150000    0.000000    0.000000   clock clk_i (rise edge)
                                  0.000000    0.000000   clock network delay (ideal)
                                  0.250000    0.250000   clock uncertainty
                                  0.000000    0.250000   clock reconvergence pessimism
                                              0.250000 ^ _196_/CLK (sg13g2_dfrbpq_1)
                                 -0.232801    0.017199   library removal time
                                              0.017199   data required time
---------------------------------------------------------------------------------------------
                                              0.017199   data required time
                                             -2.179743   data arrival time
---------------------------------------------------------------------------------------------
                                              2.162544   slack (MET)


Startpoint: rst_ni (input port clocked by clk_i)
Endpoint: _197_ (removal check against rising-edge clock clk_i)
Path Group: asynchronous
Path Type: min

Fanout         Cap        Slew       Delay        Time   Description
---------------------------------------------------------------------------------------------
                      0.150000    0.000000    0.000000   clock clk_i (rise edge)
                                  0.000000    0.000000   clock network delay (ideal)
                                  2.000000    2.000000 ^ input external delay
    32    0.149020    0.250669    0.179743    2.179743 ^ rst_ni (in)
                                                         rst_ni (net)
                      0.250669    0.000000    2.179743 ^ _197_/RESET_B (sg13g2_dfrbpq_1)
                                              2.179743   data arrival time

                      0.150000    0.000000    0.000000   clock clk_i (rise edge)
                                  0.000000    0.000000   clock network delay (ideal)
                                  0.250000    0.250000   clock uncertainty
                                  0.000000    0.250000   clock reconvergence pessimism
                                              0.250000 ^ _197_/CLK (sg13g2_dfrbpq_1)
                                 -0.232801    0.017199   library removal time
                                              0.017199   data required time
---------------------------------------------------------------------------------------------
                                              0.017199   data required time
                                             -2.179743   data arrival time
---------------------------------------------------------------------------------------------
                                              2.162544   slack (MET)


Startpoint: rst_ni (input port clocked by clk_i)
Endpoint: _198_ (removal check against rising-edge clock clk_i)
Path Group: asynchronous
Path Type: min

Fanout         Cap        Slew       Delay        Time   Description
---------------------------------------------------------------------------------------------
                      0.150000    0.000000    0.000000   clock clk_i (rise edge)
                                  0.000000    0.000000   clock network delay (ideal)
                                  2.000000    2.000000 ^ input external delay
    32    0.149020    0.250669    0.179743    2.179743 ^ rst_ni (in)
                                                         rst_ni (net)
                      0.250669    0.000000    2.179743 ^ _198_/RESET_B (sg13g2_dfrbpq_1)
                                              2.179743   data arrival time

                      0.150000    0.000000    0.000000   clock clk_i (rise edge)
                                  0.000000    0.000000   clock network delay (ideal)
                                  0.250000    0.250000   clock uncertainty
                                  0.000000    0.250000   clock reconvergence pessimism
                                              0.250000 ^ _198_/CLK (sg13g2_dfrbpq_1)
                                 -0.232801    0.017199   library removal time
                                              0.017199   data required time
---------------------------------------------------------------------------------------------
                                              0.017199   data required time
                                             -2.179743   data arrival time
---------------------------------------------------------------------------------------------
                                              2.162544   slack (MET)


Startpoint: rst_ni (input port clocked by clk_i)
Endpoint: _199_ (removal check against rising-edge clock clk_i)
Path Group: asynchronous
Path Type: min

Fanout         Cap        Slew       Delay        Time   Description
---------------------------------------------------------------------------------------------
                      0.150000    0.000000    0.000000   clock clk_i (rise edge)
                                  0.000000    0.000000   clock network delay (ideal)
                                  2.000000    2.000000 ^ input external delay
    32    0.149020    0.250669    0.179743    2.179743 ^ rst_ni (in)
                                                         rst_ni (net)
                      0.250669    0.000000    2.179743 ^ _199_/RESET_B (sg13g2_dfrbpq_1)
                                              2.179743   data arrival time

                      0.150000    0.000000    0.000000   clock clk_i (rise edge)
                                  0.000000    0.000000   clock network delay (ideal)
                                  0.250000    0.250000   clock uncertainty
                                  0.000000    0.250000   clock reconvergence pessimism
                                              0.250000 ^ _199_/CLK (sg13g2_dfrbpq_1)
                                 -0.232801    0.017199   library removal time
                                              0.017199   data required time
---------------------------------------------------------------------------------------------
                                              0.017199   data required time
                                             -2.179743   data arrival time
---------------------------------------------------------------------------------------------
                                              2.162544   slack (MET)


Startpoint: rst_ni (input port clocked by clk_i)
Endpoint: _200_ (removal check against rising-edge clock clk_i)
Path Group: asynchronous
Path Type: min

Fanout         Cap        Slew       Delay        Time   Description
---------------------------------------------------------------------------------------------
                      0.150000    0.000000    0.000000   clock clk_i (rise edge)
                                  0.000000    0.000000   clock network delay (ideal)
                                  2.000000    2.000000 ^ input external delay
    32    0.149020    0.250669    0.179743    2.179743 ^ rst_ni (in)
                                                         rst_ni (net)
                      0.250669    0.000000    2.179743 ^ _200_/RESET_B (sg13g2_dfrbpq_1)
                                              2.179743   data arrival time

                      0.150000    0.000000    0.000000   clock clk_i (rise edge)
                                  0.000000    0.000000   clock network delay (ideal)
                                  0.250000    0.250000   clock uncertainty
                                  0.000000    0.250000   clock reconvergence pessimism
                                              0.250000 ^ _200_/CLK (sg13g2_dfrbpq_1)
                                 -0.232801    0.017199   library removal time
                                              0.017199   data required time
---------------------------------------------------------------------------------------------
                                              0.017199   data required time
                                             -2.179743   data arrival time
---------------------------------------------------------------------------------------------
                                              2.162544   slack (MET)


Startpoint: rst_ni (input port clocked by clk_i)
Endpoint: _201_ (removal check against rising-edge clock clk_i)
Path Group: asynchronous
Path Type: min

Fanout         Cap        Slew       Delay        Time   Description
---------------------------------------------------------------------------------------------
                      0.150000    0.000000    0.000000   clock clk_i (rise edge)
                                  0.000000    0.000000   clock network delay (ideal)
                                  2.000000    2.000000 ^ input external delay
    32    0.149020    0.250669    0.179743    2.179743 ^ rst_ni (in)
                                                         rst_ni (net)
                      0.250669    0.000000    2.179743 ^ _201_/RESET_B (sg13g2_dfrbpq_1)
                                              2.179743   data arrival time

                      0.150000    0.000000    0.000000   clock clk_i (rise edge)
                                  0.000000    0.000000   clock network delay (ideal)
                                  0.250000    0.250000   clock uncertainty
                                  0.000000    0.250000   clock reconvergence pessimism
                                              0.250000 ^ _201_/CLK (sg13g2_dfrbpq_1)
                                 -0.232801    0.017199   library removal time
                                              0.017199   data required time
---------------------------------------------------------------------------------------------
                                              0.017199   data required time
                                             -2.179743   data arrival time
---------------------------------------------------------------------------------------------
                                              2.162544   slack (MET)


Startpoint: rst_ni (input port clocked by clk_i)
Endpoint: _202_ (removal check against rising-edge clock clk_i)
Path Group: asynchronous
Path Type: min

Fanout         Cap        Slew       Delay        Time   Description
---------------------------------------------------------------------------------------------
                      0.150000    0.000000    0.000000   clock clk_i (rise edge)
                                  0.000000    0.000000   clock network delay (ideal)
                                  2.000000    2.000000 ^ input external delay
    32    0.149020    0.250669    0.179743    2.179743 ^ rst_ni (in)
                                                         rst_ni (net)
                      0.250669    0.000000    2.179743 ^ _202_/RESET_B (sg13g2_dfrbpq_1)
                                              2.179743   data arrival time

                      0.150000    0.000000    0.000000   clock clk_i (rise edge)
                                  0.000000    0.000000   clock network delay (ideal)
                                  0.250000    0.250000   clock uncertainty
                                  0.000000    0.250000   clock reconvergence pessimism
                                              0.250000 ^ _202_/CLK (sg13g2_dfrbpq_1)
                                 -0.232801    0.017199   library removal time
                                              0.017199   data required time
---------------------------------------------------------------------------------------------
                                              0.017199   data required time
                                             -2.179743   data arrival time
---------------------------------------------------------------------------------------------
                                              2.162544   slack (MET)


Startpoint: _202_ (rising edge-triggered flip-flop clocked by clk_i)
Endpoint: uo_CORE2PAD[0] (output port clocked by clk_i)
Path Group: clk_i
Path Type: min

Fanout         Cap        Slew       Delay        Time   Description
---------------------------------------------------------------------------------------------
                      0.150000    0.000000    0.000000   clock clk_i (rise edge)
                                  0.000000    0.000000   clock network delay (ideal)
                      0.150000    0.000000    0.000000 ^ _202_/CLK (sg13g2_dfrbpq_1)
     1    0.002081    0.028469    0.312723    0.312723 v _202_/Q (sg13g2_dfrbpq_1)
                                                         spm_inst.csa0.sum (net)
                      0.028469    0.000000    0.312723 v _219_/A (sg13g2_buf_1)
     1    0.006000    0.047130    0.103238    0.415962 v _219_/X (sg13g2_buf_1)
                                                         uo_CORE2PAD[0] (net)
                      0.047130    0.000000    0.415962 v uo_CORE2PAD[0] (out)
                                              0.415962   data arrival time

                      0.150000    0.000000    0.000000   clock clk_i (rise edge)
                                  0.000000    0.000000   clock network delay (ideal)
                                  0.250000    0.250000   clock uncertainty
                                  0.000000    0.250000   clock reconvergence pessimism
                                 -2.000000   -1.750000   output external delay
                                             -1.750000   data required time
---------------------------------------------------------------------------------------------
                                             -1.750000   data required time
                                             -0.415962   data arrival time
---------------------------------------------------------------------------------------------
                                              2.165962   slack (MET)



%OL_END_REPORT
%OL_CREATE_REPORT max.rpt

===========================================================================
report_checks -path_delay max (Setup)
============================================================================
======================= nom_slow_1p08V_125C Corner ===================================

Startpoint: ui_PAD2CORE[0] (input port clocked by clk_i)
Endpoint: _173_ (rising edge-triggered flip-flop clocked by clk_i)
Path Group: clk_i
Path Type: max

Fanout         Cap        Slew       Delay        Time   Description
---------------------------------------------------------------------------------------------
                      0.150000    0.000000    0.000000   clock clk_i (rise edge)
                                  0.000000    0.000000   clock network delay (ideal)
                                  2.000000    2.000000 ^ input external delay
    16    0.044502    0.093465    0.056519    2.056519 ^ ui_PAD2CORE[0] (in)
                                                         ui_PAD2CORE[0] (net)
                      0.093465    0.000000    2.056519 ^ _084_/B (sg13g2_nand2_1)
     2    0.008184    0.100086    0.134584    2.191103 v _084_/Y (sg13g2_nand2_1)
                                                         _069_ (net)
                      0.100086    0.000000    2.191103 v _089_/A1 (sg13g2_o21ai_1)
     1    0.001335    0.079197    0.135458    2.326561 ^ _089_/Y (sg13g2_o21ai_1)
                                                         _004_ (net)
                      0.079197    0.000000    2.326561 ^ _173_/D (sg13g2_dfrbpq_1)
                                              2.326561   data arrival time

                      0.150000   10.000000   10.000000   clock clk_i (rise edge)
                                  0.000000   10.000000   clock network delay (ideal)
                                 -0.250000    9.750000   clock uncertainty
                                  0.000000    9.750000   clock reconvergence pessimism
                                              9.750000 ^ _173_/CLK (sg13g2_dfrbpq_1)
                                 -0.188877    9.561123   library setup time
                                              9.561123   data required time
---------------------------------------------------------------------------------------------
                                              9.561123   data required time
                                             -2.326561   data arrival time
---------------------------------------------------------------------------------------------
                                              7.234562   slack (MET)


Startpoint: ui_PAD2CORE[0] (input port clocked by clk_i)
Endpoint: _171_ (rising edge-triggered flip-flop clocked by clk_i)
Path Group: clk_i
Path Type: max

Fanout         Cap        Slew       Delay        Time   Description
---------------------------------------------------------------------------------------------
                      0.150000    0.000000    0.000000   clock clk_i (rise edge)
                                  0.000000    0.000000   clock network delay (ideal)
                                  2.000000    2.000000 ^ input external delay
    16    0.044502    0.093465    0.056519    2.056519 ^ ui_PAD2CORE[0] (in)
                                                         ui_PAD2CORE[0] (net)
                      0.093465    0.000000    2.056519 ^ _078_/A (sg13g2_nand2_1)
     2    0.008184    0.104796    0.125894    2.182412 v _078_/Y (sg13g2_nand2_1)
                                                         _065_ (net)
                      0.104796    0.000000    2.182412 v _083_/A1 (sg13g2_o21ai_1)
     1    0.001335    0.079751    0.137052    2.319465 ^ _083_/Y (sg13g2_o21ai_1)
                                                         _005_ (net)
                      0.079751    0.000000    2.319465 ^ _171_/D (sg13g2_dfrbpq_1)
                                              2.319465   data arrival time

                      0.150000   10.000000   10.000000   clock clk_i (rise edge)
                                  0.000000   10.000000   clock network delay (ideal)
                                 -0.250000    9.750000   clock uncertainty
                                  0.000000    9.750000   clock reconvergence pessimism
                                              9.750000 ^ _171_/CLK (sg13g2_dfrbpq_1)
                                 -0.189103    9.560897   library setup time
                                              9.560897   data required time
---------------------------------------------------------------------------------------------
                                              9.560897   data required time
                                             -2.319465   data arrival time
---------------------------------------------------------------------------------------------
                                              7.241433   slack (MET)


Startpoint: ui_PAD2CORE[0] (input port clocked by clk_i)
Endpoint: _175_ (rising edge-triggered flip-flop clocked by clk_i)
Path Group: clk_i
Path Type: max

Fanout         Cap        Slew       Delay        Time   Description
---------------------------------------------------------------------------------------------
                      0.150000    0.000000    0.000000   clock clk_i (rise edge)
                                  0.000000    0.000000   clock network delay (ideal)
                                  2.000000    2.000000 ^ input external delay
    16    0.044502    0.093465    0.056519    2.056519 ^ ui_PAD2CORE[0] (in)
                                                         ui_PAD2CORE[0] (net)
                      0.093465    0.000000    2.056519 ^ _090_/A (sg13g2_nand2_1)
     2    0.008184    0.104796    0.125894    2.182412 v _090_/Y (sg13g2_nand2_1)
                                                         _073_ (net)
                      0.104796    0.000000    2.182412 v _095_/A1 (sg13g2_o21ai_1)
     1    0.001335    0.079751    0.137052    2.319465 ^ _095_/Y (sg13g2_o21ai_1)
                                                         _003_ (net)
                      0.079751    0.000000    2.319465 ^ _175_/D (sg13g2_dfrbpq_1)
                                              2.319465   data arrival time

                      0.150000   10.000000   10.000000   clock clk_i (rise edge)
                                  0.000000   10.000000   clock network delay (ideal)
                                 -0.250000    9.750000   clock uncertainty
                                  0.000000    9.750000   clock reconvergence pessimism
                                              9.750000 ^ _175_/CLK (sg13g2_dfrbpq_1)
                                 -0.189103    9.560897   library setup time
                                              9.560897   data required time
---------------------------------------------------------------------------------------------
                                              9.560897   data required time
                                             -2.319465   data arrival time
---------------------------------------------------------------------------------------------
                                              7.241433   slack (MET)


Startpoint: ui_PAD2CORE[0] (input port clocked by clk_i)
Endpoint: _177_ (rising edge-triggered flip-flop clocked by clk_i)
Path Group: clk_i
Path Type: max

Fanout         Cap        Slew       Delay        Time   Description
---------------------------------------------------------------------------------------------
                      0.150000    0.000000    0.000000   clock clk_i (rise edge)
                                  0.000000    0.000000   clock network delay (ideal)
                                  2.000000    2.000000 ^ input external delay
    16    0.044502    0.093465    0.056519    2.056519 ^ ui_PAD2CORE[0] (in)
                                                         ui_PAD2CORE[0] (net)
                      0.093465    0.000000    2.056519 ^ _096_/A (sg13g2_nand2_1)
     2    0.008184    0.104796    0.125894    2.182412 v _096_/Y (sg13g2_nand2_1)
                                                         _077_ (net)
                      0.104796    0.000000    2.182412 v _101_/A1 (sg13g2_o21ai_1)
     1    0.001335    0.079751    0.137052    2.319465 ^ _101_/Y (sg13g2_o21ai_1)
                                                         _002_ (net)
                      0.079751    0.000000    2.319465 ^ _177_/D (sg13g2_dfrbpq_1)
                                              2.319465   data arrival time

                      0.150000   10.000000   10.000000   clock clk_i (rise edge)
                                  0.000000   10.000000   clock network delay (ideal)
                                 -0.250000    9.750000   clock uncertainty
                                  0.000000    9.750000   clock reconvergence pessimism
                                              9.750000 ^ _177_/CLK (sg13g2_dfrbpq_1)
                                 -0.189103    9.560897   library setup time
                                              9.560897   data required time
---------------------------------------------------------------------------------------------
                                              9.560897   data required time
                                             -2.319465   data arrival time
---------------------------------------------------------------------------------------------
                                              7.241433   slack (MET)


Startpoint: ui_PAD2CORE[0] (input port clocked by clk_i)
Endpoint: _179_ (rising edge-triggered flip-flop clocked by clk_i)
Path Group: clk_i
Path Type: max

Fanout         Cap        Slew       Delay        Time   Description
---------------------------------------------------------------------------------------------
                      0.150000    0.000000    0.000000   clock clk_i (rise edge)
                                  0.000000    0.000000   clock network delay (ideal)
                                  2.000000    2.000000 ^ input external delay
    16    0.044502    0.093465    0.056519    2.056519 ^ ui_PAD2CORE[0] (in)
                                                         ui_PAD2CORE[0] (net)
                      0.093465    0.000000    2.056519 ^ _102_/A (sg13g2_nand2_1)
     2    0.008184    0.104796    0.125894    2.182412 v _102_/Y (sg13g2_nand2_1)
                                                         _020_ (net)
                      0.104796    0.000000    2.182412 v _107_/A1 (sg13g2_o21ai_1)
     1    0.001335    0.079751    0.137052    2.319465 ^ _107_/Y (sg13g2_o21ai_1)
                                                         _001_ (net)
                      0.079751    0.000000    2.319465 ^ _179_/D (sg13g2_dfrbpq_1)
                                              2.319465   data arrival time

                      0.150000   10.000000   10.000000   clock clk_i (rise edge)
                                  0.000000   10.000000   clock network delay (ideal)
                                 -0.250000    9.750000   clock uncertainty
                                  0.000000    9.750000   clock reconvergence pessimism
                                              9.750000 ^ _179_/CLK (sg13g2_dfrbpq_1)
                                 -0.189103    9.560897   library setup time
                                              9.560897   data required time
---------------------------------------------------------------------------------------------
                                              9.560897   data required time
                                             -2.319465   data arrival time
---------------------------------------------------------------------------------------------
                                              7.241433   slack (MET)


Startpoint: ui_PAD2CORE[0] (input port clocked by clk_i)
Endpoint: _181_ (rising edge-triggered flip-flop clocked by clk_i)
Path Group: clk_i
Path Type: max

Fanout         Cap        Slew       Delay        Time   Description
---------------------------------------------------------------------------------------------
                      0.150000    0.000000    0.000000   clock clk_i (rise edge)
                                  0.000000    0.000000   clock network delay (ideal)
                                  2.000000    2.000000 ^ input external delay
    16    0.044502    0.093465    0.056519    2.056519 ^ ui_PAD2CORE[0] (in)
                                                         ui_PAD2CORE[0] (net)
                      0.093465    0.000000    2.056519 ^ _108_/A (sg13g2_nand2_1)
     2    0.008184    0.104796    0.125894    2.182412 v _108_/Y (sg13g2_nand2_1)
                                                         _024_ (net)
                      0.104796    0.000000    2.182412 v _113_/A1 (sg13g2_o21ai_1)
     1    0.001335    0.079751    0.137052    2.319465 ^ _113_/Y (sg13g2_o21ai_1)
                                                         _014_ (net)
                      0.079751    0.000000    2.319465 ^ _181_/D (sg13g2_dfrbpq_1)
                                              2.319465   data arrival time

                      0.150000   10.000000   10.000000   clock clk_i (rise edge)
                                  0.000000   10.000000   clock network delay (ideal)
                                 -0.250000    9.750000   clock uncertainty
                                  0.000000    9.750000   clock reconvergence pessimism
                                              9.750000 ^ _181_/CLK (sg13g2_dfrbpq_1)
                                 -0.189103    9.560897   library setup time
                                              9.560897   data required time
---------------------------------------------------------------------------------------------
                                              9.560897   data required time
                                             -2.319465   data arrival time
---------------------------------------------------------------------------------------------
                                              7.241433   slack (MET)


Startpoint: ui_PAD2CORE[0] (input port clocked by clk_i)
Endpoint: _183_ (rising edge-triggered flip-flop clocked by clk_i)
Path Group: clk_i
Path Type: max

Fanout         Cap        Slew       Delay        Time   Description
---------------------------------------------------------------------------------------------
                      0.150000    0.000000    0.000000   clock clk_i (rise edge)
                                  0.000000    0.000000   clock network delay (ideal)
                                  2.000000    2.000000 ^ input external delay
    16    0.044502    0.093465    0.056519    2.056519 ^ ui_PAD2CORE[0] (in)
                                                         ui_PAD2CORE[0] (net)
                      0.093465    0.000000    2.056519 ^ _114_/A (sg13g2_nand2_1)
     2    0.008184    0.104796    0.125894    2.182412 v _114_/Y (sg13g2_nand2_1)
                                                         _028_ (net)
                      0.104796    0.000000    2.182412 v _119_/A1 (sg13g2_o21ai_1)
     1    0.001335    0.079751    0.137052    2.319465 ^ _119_/Y (sg13g2_o21ai_1)
                                                         _013_ (net)
                      0.079751    0.000000    2.319465 ^ _183_/D (sg13g2_dfrbpq_1)
                                              2.319465   data arrival time

                      0.150000   10.000000   10.000000   clock clk_i (rise edge)
                                  0.000000   10.000000   clock network delay (ideal)
                                 -0.250000    9.750000   clock uncertainty
                                  0.000000    9.750000   clock reconvergence pessimism
                                              9.750000 ^ _183_/CLK (sg13g2_dfrbpq_1)
                                 -0.189103    9.560897   library setup time
                                              9.560897   data required time
---------------------------------------------------------------------------------------------
                                              9.560897   data required time
                                             -2.319465   data arrival time
---------------------------------------------------------------------------------------------
                                              7.241433   slack (MET)


Startpoint: ui_PAD2CORE[0] (input port clocked by clk_i)
Endpoint: _185_ (rising edge-triggered flip-flop clocked by clk_i)
Path Group: clk_i
Path Type: max

Fanout         Cap        Slew       Delay        Time   Description
---------------------------------------------------------------------------------------------
                      0.150000    0.000000    0.000000   clock clk_i (rise edge)
                                  0.000000    0.000000   clock network delay (ideal)
                                  2.000000    2.000000 ^ input external delay
    16    0.044502    0.093465    0.056519    2.056519 ^ ui_PAD2CORE[0] (in)
                                                         ui_PAD2CORE[0] (net)
                      0.093465    0.000000    2.056519 ^ _120_/A (sg13g2_nand2_1)
     2    0.008184    0.104796    0.125894    2.182412 v _120_/Y (sg13g2_nand2_1)
                                                         _032_ (net)
                      0.104796    0.000000    2.182412 v _125_/A1 (sg13g2_o21ai_1)
     1    0.001335    0.079751    0.137052    2.319465 ^ _125_/Y (sg13g2_o21ai_1)
                                                         _012_ (net)
                      0.079751    0.000000    2.319465 ^ _185_/D (sg13g2_dfrbpq_1)
                                              2.319465   data arrival time

                      0.150000   10.000000   10.000000   clock clk_i (rise edge)
                                  0.000000   10.000000   clock network delay (ideal)
                                 -0.250000    9.750000   clock uncertainty
                                  0.000000    9.750000   clock reconvergence pessimism
                                              9.750000 ^ _185_/CLK (sg13g2_dfrbpq_1)
                                 -0.189103    9.560897   library setup time
                                              9.560897   data required time
---------------------------------------------------------------------------------------------
                                              9.560897   data required time
                                             -2.319465   data arrival time
---------------------------------------------------------------------------------------------
                                              7.241433   slack (MET)


Startpoint: ui_PAD2CORE[0] (input port clocked by clk_i)
Endpoint: _187_ (rising edge-triggered flip-flop clocked by clk_i)
Path Group: clk_i
Path Type: max

Fanout         Cap        Slew       Delay        Time   Description
---------------------------------------------------------------------------------------------
                      0.150000    0.000000    0.000000   clock clk_i (rise edge)
                                  0.000000    0.000000   clock network delay (ideal)
                                  2.000000    2.000000 ^ input external delay
    16    0.044502    0.093465    0.056519    2.056519 ^ ui_PAD2CORE[0] (in)
                                                         ui_PAD2CORE[0] (net)
                      0.093465    0.000000    2.056519 ^ _126_/A (sg13g2_nand2_1)
     2    0.008184    0.104796    0.125894    2.182412 v _126_/Y (sg13g2_nand2_1)
                                                         _036_ (net)
                      0.104796    0.000000    2.182412 v _131_/A1 (sg13g2_o21ai_1)
     1    0.001335    0.079751    0.137052    2.319465 ^ _131_/Y (sg13g2_o21ai_1)
                                                         _011_ (net)
                      0.079751    0.000000    2.319465 ^ _187_/D (sg13g2_dfrbpq_1)
                                              2.319465   data arrival time

                      0.150000   10.000000   10.000000   clock clk_i (rise edge)
                                  0.000000   10.000000   clock network delay (ideal)
                                 -0.250000    9.750000   clock uncertainty
                                  0.000000    9.750000   clock reconvergence pessimism
                                              9.750000 ^ _187_/CLK (sg13g2_dfrbpq_1)
                                 -0.189103    9.560897   library setup time
                                              9.560897   data required time
---------------------------------------------------------------------------------------------
                                              9.560897   data required time
                                             -2.319465   data arrival time
---------------------------------------------------------------------------------------------
                                              7.241433   slack (MET)


Startpoint: ui_PAD2CORE[0] (input port clocked by clk_i)
Endpoint: _189_ (rising edge-triggered flip-flop clocked by clk_i)
Path Group: clk_i
Path Type: max

Fanout         Cap        Slew       Delay        Time   Description
---------------------------------------------------------------------------------------------
                      0.150000    0.000000    0.000000   clock clk_i (rise edge)
                                  0.000000    0.000000   clock network delay (ideal)
                                  2.000000    2.000000 ^ input external delay
    16    0.044502    0.093465    0.056519    2.056519 ^ ui_PAD2CORE[0] (in)
                                                         ui_PAD2CORE[0] (net)
                      0.093465    0.000000    2.056519 ^ _132_/A (sg13g2_nand2_1)
     2    0.008184    0.104796    0.125894    2.182412 v _132_/Y (sg13g2_nand2_1)
                                                         _040_ (net)
                      0.104796    0.000000    2.182412 v _137_/A1 (sg13g2_o21ai_1)
     1    0.001335    0.079751    0.137052    2.319465 ^ _137_/Y (sg13g2_o21ai_1)
                                                         _010_ (net)
                      0.079751    0.000000    2.319465 ^ _189_/D (sg13g2_dfrbpq_1)
                                              2.319465   data arrival time

                      0.150000   10.000000   10.000000   clock clk_i (rise edge)
                                  0.000000   10.000000   clock network delay (ideal)
                                 -0.250000    9.750000   clock uncertainty
                                  0.000000    9.750000   clock reconvergence pessimism
                                              9.750000 ^ _189_/CLK (sg13g2_dfrbpq_1)
                                 -0.189103    9.560897   library setup time
                                              9.560897   data required time
---------------------------------------------------------------------------------------------
                                              9.560897   data required time
                                             -2.319465   data arrival time
---------------------------------------------------------------------------------------------
                                              7.241433   slack (MET)


Startpoint: ui_PAD2CORE[0] (input port clocked by clk_i)
Endpoint: _191_ (rising edge-triggered flip-flop clocked by clk_i)
Path Group: clk_i
Path Type: max

Fanout         Cap        Slew       Delay        Time   Description
---------------------------------------------------------------------------------------------
                      0.150000    0.000000    0.000000   clock clk_i (rise edge)
                                  0.000000    0.000000   clock network delay (ideal)
                                  2.000000    2.000000 ^ input external delay
    16    0.044502    0.093465    0.056519    2.056519 ^ ui_PAD2CORE[0] (in)
                                                         ui_PAD2CORE[0] (net)
                      0.093465    0.000000    2.056519 ^ _138_/A (sg13g2_nand2_1)
     2    0.008184    0.104796    0.125894    2.182412 v _138_/Y (sg13g2_nand2_1)
                                                         _044_ (net)
                      0.104796    0.000000    2.182412 v _143_/A1 (sg13g2_o21ai_1)
     1    0.001335    0.079751    0.137052    2.319465 ^ _143_/Y (sg13g2_o21ai_1)
                                                         _009_ (net)
                      0.079751    0.000000    2.319465 ^ _191_/D (sg13g2_dfrbpq_1)
                                              2.319465   data arrival time

                      0.150000   10.000000   10.000000   clock clk_i (rise edge)
                                  0.000000   10.000000   clock network delay (ideal)
                                 -0.250000    9.750000   clock uncertainty
                                  0.000000    9.750000   clock reconvergence pessimism
                                              9.750000 ^ _191_/CLK (sg13g2_dfrbpq_1)
                                 -0.189103    9.560897   library setup time
                                              9.560897   data required time
---------------------------------------------------------------------------------------------
                                              9.560897   data required time
                                             -2.319465   data arrival time
---------------------------------------------------------------------------------------------
                                              7.241433   slack (MET)


Startpoint: ui_PAD2CORE[0] (input port clocked by clk_i)
Endpoint: _193_ (rising edge-triggered flip-flop clocked by clk_i)
Path Group: clk_i
Path Type: max

Fanout         Cap        Slew       Delay        Time   Description
---------------------------------------------------------------------------------------------
                      0.150000    0.000000    0.000000   clock clk_i (rise edge)
                                  0.000000    0.000000   clock network delay (ideal)
                                  2.000000    2.000000 ^ input external delay
    16    0.044502    0.093465    0.056519    2.056519 ^ ui_PAD2CORE[0] (in)
                                                         ui_PAD2CORE[0] (net)
                      0.093465    0.000000    2.056519 ^ _144_/A (sg13g2_nand2_1)
     2    0.008184    0.104796    0.125894    2.182412 v _144_/Y (sg13g2_nand2_1)
                                                         _048_ (net)
                      0.104796    0.000000    2.182412 v _149_/A1 (sg13g2_o21ai_1)
     1    0.001335    0.079751    0.137052    2.319465 ^ _149_/Y (sg13g2_o21ai_1)
                                                         _008_ (net)
                      0.079751    0.000000    2.319465 ^ _193_/D (sg13g2_dfrbpq_1)
                                              2.319465   data arrival time

                      0.150000   10.000000   10.000000   clock clk_i (rise edge)
                                  0.000000   10.000000   clock network delay (ideal)
                                 -0.250000    9.750000   clock uncertainty
                                  0.000000    9.750000   clock reconvergence pessimism
                                              9.750000 ^ _193_/CLK (sg13g2_dfrbpq_1)
                                 -0.189103    9.560897   library setup time
                                              9.560897   data required time
---------------------------------------------------------------------------------------------
                                              9.560897   data required time
                                             -2.319465   data arrival time
---------------------------------------------------------------------------------------------
                                              7.241433   slack (MET)


Startpoint: ui_PAD2CORE[0] (input port clocked by clk_i)
Endpoint: _195_ (rising edge-triggered flip-flop clocked by clk_i)
Path Group: clk_i
Path Type: max

Fanout         Cap        Slew       Delay        Time   Description
---------------------------------------------------------------------------------------------
                      0.150000    0.000000    0.000000   clock clk_i (rise edge)
                                  0.000000    0.000000   clock network delay (ideal)
                                  2.000000    2.000000 ^ input external delay
    16    0.044502    0.093465    0.056519    2.056519 ^ ui_PAD2CORE[0] (in)
                                                         ui_PAD2CORE[0] (net)
                      0.093465    0.000000    2.056519 ^ _150_/A (sg13g2_nand2_1)
     2    0.008184    0.104796    0.125894    2.182412 v _150_/Y (sg13g2_nand2_1)
                                                         _052_ (net)
                      0.104796    0.000000    2.182412 v _155_/A1 (sg13g2_o21ai_1)
     1    0.001335    0.079751    0.137052    2.319465 ^ _155_/Y (sg13g2_o21ai_1)
                                                         _007_ (net)
                      0.079751    0.000000    2.319465 ^ _195_/D (sg13g2_dfrbpq_1)
                                              2.319465   data arrival time

                      0.150000   10.000000   10.000000   clock clk_i (rise edge)
                                  0.000000   10.000000   clock network delay (ideal)
                                 -0.250000    9.750000   clock uncertainty
                                  0.000000    9.750000   clock reconvergence pessimism
                                              9.750000 ^ _195_/CLK (sg13g2_dfrbpq_1)
                                 -0.189103    9.560897   library setup time
                                              9.560897   data required time
---------------------------------------------------------------------------------------------
                                              9.560897   data required time
                                             -2.319465   data arrival time
---------------------------------------------------------------------------------------------
                                              7.241433   slack (MET)


Startpoint: ui_PAD2CORE[0] (input port clocked by clk_i)
Endpoint: _197_ (rising edge-triggered flip-flop clocked by clk_i)
Path Group: clk_i
Path Type: max

Fanout         Cap        Slew       Delay        Time   Description
---------------------------------------------------------------------------------------------
                      0.150000    0.000000    0.000000   clock clk_i (rise edge)
                                  0.000000    0.000000   clock network delay (ideal)
                                  2.000000    2.000000 ^ input external delay
    16    0.044502    0.093465    0.056519    2.056519 ^ ui_PAD2CORE[0] (in)
                                                         ui_PAD2CORE[0] (net)
                      0.093465    0.000000    2.056519 ^ _156_/A (sg13g2_nand2_1)
     2    0.008184    0.104796    0.125894    2.182412 v _156_/Y (sg13g2_nand2_1)
                                                         _056_ (net)
                      0.104796    0.000000    2.182412 v _161_/A1 (sg13g2_o21ai_1)
     1    0.001335    0.079751    0.137052    2.319465 ^ _161_/Y (sg13g2_o21ai_1)
                                                         _006_ (net)
                      0.079751    0.000000    2.319465 ^ _197_/D (sg13g2_dfrbpq_1)
                                              2.319465   data arrival time

                      0.150000   10.000000   10.000000   clock clk_i (rise edge)
                                  0.000000   10.000000   clock network delay (ideal)
                                 -0.250000    9.750000   clock uncertainty
                                  0.000000    9.750000   clock reconvergence pessimism
                                              9.750000 ^ _197_/CLK (sg13g2_dfrbpq_1)
                                 -0.189103    9.560897   library setup time
                                              9.560897   data required time
---------------------------------------------------------------------------------------------
                                              9.560897   data required time
                                             -2.319465   data arrival time
---------------------------------------------------------------------------------------------
                                              7.241433   slack (MET)


Startpoint: ui_PAD2CORE[0] (input port clocked by clk_i)
Endpoint: _201_ (rising edge-triggered flip-flop clocked by clk_i)
Path Group: clk_i
Path Type: max

Fanout         Cap        Slew       Delay        Time   Description
---------------------------------------------------------------------------------------------
                      0.150000    0.000000    0.000000   clock clk_i (rise edge)
                                  0.000000    0.000000   clock network delay (ideal)
                                  2.000000    2.000000 ^ input external delay
    16    0.044502    0.093465    0.056519    2.056519 ^ ui_PAD2CORE[0] (in)
                                                         ui_PAD2CORE[0] (net)
                      0.093465    0.000000    2.056519 ^ _165_/A (sg13g2_nand2_1)
     2    0.008184    0.104796    0.125894    2.182412 v _165_/Y (sg13g2_nand2_1)
                                                         _061_ (net)
                      0.104796    0.000000    2.182412 v _170_/A1 (sg13g2_o21ai_1)
     1    0.001335    0.079751    0.137052    2.319465 ^ _170_/Y (sg13g2_o21ai_1)
                                                         _000_ (net)
                      0.079751    0.000000    2.319465 ^ _201_/D (sg13g2_dfrbpq_1)
                                              2.319465   data arrival time

                      0.150000   10.000000   10.000000   clock clk_i (rise edge)
                                  0.000000   10.000000   clock network delay (ideal)
                                 -0.250000    9.750000   clock uncertainty
                                  0.000000    9.750000   clock reconvergence pessimism
                                              9.750000 ^ _201_/CLK (sg13g2_dfrbpq_1)
                                 -0.189103    9.560897   library setup time
                                              9.560897   data required time
---------------------------------------------------------------------------------------------
                                              9.560897   data required time
                                             -2.319465   data arrival time
---------------------------------------------------------------------------------------------
                                              7.241433   slack (MET)


Startpoint: ui_PAD2CORE[0] (input port clocked by clk_i)
Endpoint: _174_ (rising edge-triggered flip-flop clocked by clk_i)
Path Group: clk_i
Path Type: max

Fanout         Cap        Slew       Delay        Time   Description
---------------------------------------------------------------------------------------------
                      0.150000    0.000000    0.000000   clock clk_i (rise edge)
                                  0.000000    0.000000   clock network delay (ideal)
                                  2.000000    2.000000 ^ input external delay
    16    0.044502    0.093465    0.056519    2.056519 ^ ui_PAD2CORE[0] (in)
                                                         ui_PAD2CORE[0] (net)
                      0.093465    0.000000    2.056519 ^ _084_/B (sg13g2_nand2_1)
     2    0.008184    0.100086    0.134584    2.191103 v _084_/Y (sg13g2_nand2_1)
                                                         _069_ (net)
                      0.100086    0.000000    2.191103 v _088_/A (sg13g2_xnor2_1)
     1    0.001335    0.074420    0.118787    2.309890 ^ _088_/Y (sg13g2_xnor2_1)
                                                         spm_inst.genblk1[13].csa.hsum2 (net)
                      0.074420    0.000000    2.309890 ^ _174_/D (sg13g2_dfrbpq_1)
                                              2.309890   data arrival time

                      0.150000   10.000000   10.000000   clock clk_i (rise edge)
                                  0.000000   10.000000   clock network delay (ideal)
                                 -0.250000    9.750000   clock uncertainty
                                  0.000000    9.750000   clock reconvergence pessimism
                                              9.750000 ^ _174_/CLK (sg13g2_dfrbpq_1)
                                 -0.186929    9.563071   library setup time
                                              9.563071   data required time
---------------------------------------------------------------------------------------------
                                              9.563071   data required time
                                             -2.309890   data arrival time
---------------------------------------------------------------------------------------------
                                              7.253182   slack (MET)


Startpoint: ui_PAD2CORE[0] (input port clocked by clk_i)
Endpoint: _172_ (rising edge-triggered flip-flop clocked by clk_i)
Path Group: clk_i
Path Type: max

Fanout         Cap        Slew       Delay        Time   Description
---------------------------------------------------------------------------------------------
                      0.150000    0.000000    0.000000   clock clk_i (rise edge)
                                  0.000000    0.000000   clock network delay (ideal)
                                  2.000000    2.000000 ^ input external delay
    16    0.044502    0.093465    0.056519    2.056519 ^ ui_PAD2CORE[0] (in)
                                                         ui_PAD2CORE[0] (net)
                      0.093465    0.000000    2.056519 ^ _078_/A (sg13g2_nand2_1)
     2    0.008184    0.104796    0.125894    2.182412 v _078_/Y (sg13g2_nand2_1)
                                                         _065_ (net)
                      0.104796    0.000000    2.182412 v _082_/A (sg13g2_xnor2_1)
     1    0.001335    0.074420    0.120361    2.302773 ^ _082_/Y (sg13g2_xnor2_1)
                                                         spm_inst.genblk1[14].csa.hsum2 (net)
                      0.074420    0.000000    2.302773 ^ _172_/D (sg13g2_dfrbpq_1)
                                              2.302773   data arrival time

                      0.150000   10.000000   10.000000   clock clk_i (rise edge)
                                  0.000000   10.000000   clock network delay (ideal)
                                 -0.250000    9.750000   clock uncertainty
                                  0.000000    9.750000   clock reconvergence pessimism
                                              9.750000 ^ _172_/CLK (sg13g2_dfrbpq_1)
                                 -0.186929    9.563071   library setup time
                                              9.563071   data required time
---------------------------------------------------------------------------------------------
                                              9.563071   data required time
                                             -2.302773   data arrival time
---------------------------------------------------------------------------------------------
                                              7.260298   slack (MET)


Startpoint: ui_PAD2CORE[0] (input port clocked by clk_i)
Endpoint: _176_ (rising edge-triggered flip-flop clocked by clk_i)
Path Group: clk_i
Path Type: max

Fanout         Cap        Slew       Delay        Time   Description
---------------------------------------------------------------------------------------------
                      0.150000    0.000000    0.000000   clock clk_i (rise edge)
                                  0.000000    0.000000   clock network delay (ideal)
                                  2.000000    2.000000 ^ input external delay
    16    0.044502    0.093465    0.056519    2.056519 ^ ui_PAD2CORE[0] (in)
                                                         ui_PAD2CORE[0] (net)
                      0.093465    0.000000    2.056519 ^ _090_/A (sg13g2_nand2_1)
     2    0.008184    0.104796    0.125894    2.182412 v _090_/Y (sg13g2_nand2_1)
                                                         _073_ (net)
                      0.104796    0.000000    2.182412 v _094_/A (sg13g2_xnor2_1)
     1    0.001335    0.074420    0.120361    2.302773 ^ _094_/Y (sg13g2_xnor2_1)
                                                         spm_inst.genblk1[12].csa.hsum2 (net)
                      0.074420    0.000000    2.302773 ^ _176_/D (sg13g2_dfrbpq_1)
                                              2.302773   data arrival time

                      0.150000   10.000000   10.000000   clock clk_i (rise edge)
                                  0.000000   10.000000   clock network delay (ideal)
                                 -0.250000    9.750000   clock uncertainty
                                  0.000000    9.750000   clock reconvergence pessimism
                                              9.750000 ^ _176_/CLK (sg13g2_dfrbpq_1)
                                 -0.186929    9.563071   library setup time
                                              9.563071   data required time
---------------------------------------------------------------------------------------------
                                              9.563071   data required time
                                             -2.302773   data arrival time
---------------------------------------------------------------------------------------------
                                              7.260298   slack (MET)


Startpoint: ui_PAD2CORE[0] (input port clocked by clk_i)
Endpoint: _178_ (rising edge-triggered flip-flop clocked by clk_i)
Path Group: clk_i
Path Type: max

Fanout         Cap        Slew       Delay        Time   Description
---------------------------------------------------------------------------------------------
                      0.150000    0.000000    0.000000   clock clk_i (rise edge)
                                  0.000000    0.000000   clock network delay (ideal)
                                  2.000000    2.000000 ^ input external delay
    16    0.044502    0.093465    0.056519    2.056519 ^ ui_PAD2CORE[0] (in)
                                                         ui_PAD2CORE[0] (net)
                      0.093465    0.000000    2.056519 ^ _096_/A (sg13g2_nand2_1)
     2    0.008184    0.104796    0.125894    2.182412 v _096_/Y (sg13g2_nand2_1)
                                                         _077_ (net)
                      0.104796    0.000000    2.182412 v _100_/A (sg13g2_xnor2_1)
     1    0.001335    0.074420    0.120361    2.302773 ^ _100_/Y (sg13g2_xnor2_1)
                                                         spm_inst.genblk1[11].csa.hsum2 (net)
                      0.074420    0.000000    2.302773 ^ _178_/D (sg13g2_dfrbpq_1)
                                              2.302773   data arrival time

                      0.150000   10.000000   10.000000   clock clk_i (rise edge)
                                  0.000000   10.000000   clock network delay (ideal)
                                 -0.250000    9.750000   clock uncertainty
                                  0.000000    9.750000   clock reconvergence pessimism
                                              9.750000 ^ _178_/CLK (sg13g2_dfrbpq_1)
                                 -0.186929    9.563071   library setup time
                                              9.563071   data required time
---------------------------------------------------------------------------------------------
                                              9.563071   data required time
                                             -2.302773   data arrival time
---------------------------------------------------------------------------------------------
                                              7.260298   slack (MET)


Startpoint: ui_PAD2CORE[0] (input port clocked by clk_i)
Endpoint: _180_ (rising edge-triggered flip-flop clocked by clk_i)
Path Group: clk_i
Path Type: max

Fanout         Cap        Slew       Delay        Time   Description
---------------------------------------------------------------------------------------------
                      0.150000    0.000000    0.000000   clock clk_i (rise edge)
                                  0.000000    0.000000   clock network delay (ideal)
                                  2.000000    2.000000 ^ input external delay
    16    0.044502    0.093465    0.056519    2.056519 ^ ui_PAD2CORE[0] (in)
                                                         ui_PAD2CORE[0] (net)
                      0.093465    0.000000    2.056519 ^ _102_/A (sg13g2_nand2_1)
     2    0.008184    0.104796    0.125894    2.182412 v _102_/Y (sg13g2_nand2_1)
                                                         _020_ (net)
                      0.104796    0.000000    2.182412 v _106_/A (sg13g2_xnor2_1)
     1    0.001335    0.074420    0.120361    2.302773 ^ _106_/Y (sg13g2_xnor2_1)
                                                         spm_inst.genblk1[10].csa.hsum2 (net)
                      0.074420    0.000000    2.302773 ^ _180_/D (sg13g2_dfrbpq_1)
                                              2.302773   data arrival time

                      0.150000   10.000000   10.000000   clock clk_i (rise edge)
                                  0.000000   10.000000   clock network delay (ideal)
                                 -0.250000    9.750000   clock uncertainty
                                  0.000000    9.750000   clock reconvergence pessimism
                                              9.750000 ^ _180_/CLK (sg13g2_dfrbpq_1)
                                 -0.186929    9.563071   library setup time
                                              9.563071   data required time
---------------------------------------------------------------------------------------------
                                              9.563071   data required time
                                             -2.302773   data arrival time
---------------------------------------------------------------------------------------------
                                              7.260298   slack (MET)


Startpoint: ui_PAD2CORE[0] (input port clocked by clk_i)
Endpoint: _182_ (rising edge-triggered flip-flop clocked by clk_i)
Path Group: clk_i
Path Type: max

Fanout         Cap        Slew       Delay        Time   Description
---------------------------------------------------------------------------------------------
                      0.150000    0.000000    0.000000   clock clk_i (rise edge)
                                  0.000000    0.000000   clock network delay (ideal)
                                  2.000000    2.000000 ^ input external delay
    16    0.044502    0.093465    0.056519    2.056519 ^ ui_PAD2CORE[0] (in)
                                                         ui_PAD2CORE[0] (net)
                      0.093465    0.000000    2.056519 ^ _108_/A (sg13g2_nand2_1)
     2    0.008184    0.104796    0.125894    2.182412 v _108_/Y (sg13g2_nand2_1)
                                                         _024_ (net)
                      0.104796    0.000000    2.182412 v _112_/A (sg13g2_xnor2_1)
     1    0.001335    0.074420    0.120361    2.302773 ^ _112_/Y (sg13g2_xnor2_1)
                                                         spm_inst.genblk1[9].csa.hsum2 (net)
                      0.074420    0.000000    2.302773 ^ _182_/D (sg13g2_dfrbpq_1)
                                              2.302773   data arrival time

                      0.150000   10.000000   10.000000   clock clk_i (rise edge)
                                  0.000000   10.000000   clock network delay (ideal)
                                 -0.250000    9.750000   clock uncertainty
                                  0.000000    9.750000   clock reconvergence pessimism
                                              9.750000 ^ _182_/CLK (sg13g2_dfrbpq_1)
                                 -0.186929    9.563071   library setup time
                                              9.563071   data required time
---------------------------------------------------------------------------------------------
                                              9.563071   data required time
                                             -2.302773   data arrival time
---------------------------------------------------------------------------------------------
                                              7.260298   slack (MET)


Startpoint: ui_PAD2CORE[0] (input port clocked by clk_i)
Endpoint: _184_ (rising edge-triggered flip-flop clocked by clk_i)
Path Group: clk_i
Path Type: max

Fanout         Cap        Slew       Delay        Time   Description
---------------------------------------------------------------------------------------------
                      0.150000    0.000000    0.000000   clock clk_i (rise edge)
                                  0.000000    0.000000   clock network delay (ideal)
                                  2.000000    2.000000 ^ input external delay
    16    0.044502    0.093465    0.056519    2.056519 ^ ui_PAD2CORE[0] (in)
                                                         ui_PAD2CORE[0] (net)
                      0.093465    0.000000    2.056519 ^ _114_/A (sg13g2_nand2_1)
     2    0.008184    0.104796    0.125894    2.182412 v _114_/Y (sg13g2_nand2_1)
                                                         _028_ (net)
                      0.104796    0.000000    2.182412 v _118_/A (sg13g2_xnor2_1)
     1    0.001335    0.074420    0.120361    2.302773 ^ _118_/Y (sg13g2_xnor2_1)
                                                         spm_inst.genblk1[8].csa.hsum2 (net)
                      0.074420    0.000000    2.302773 ^ _184_/D (sg13g2_dfrbpq_1)
                                              2.302773   data arrival time

                      0.150000   10.000000   10.000000   clock clk_i (rise edge)
                                  0.000000   10.000000   clock network delay (ideal)
                                 -0.250000    9.750000   clock uncertainty
                                  0.000000    9.750000   clock reconvergence pessimism
                                              9.750000 ^ _184_/CLK (sg13g2_dfrbpq_1)
                                 -0.186929    9.563071   library setup time
                                              9.563071   data required time
---------------------------------------------------------------------------------------------
                                              9.563071   data required time
                                             -2.302773   data arrival time
---------------------------------------------------------------------------------------------
                                              7.260298   slack (MET)


Startpoint: ui_PAD2CORE[0] (input port clocked by clk_i)
Endpoint: _186_ (rising edge-triggered flip-flop clocked by clk_i)
Path Group: clk_i
Path Type: max

Fanout         Cap        Slew       Delay        Time   Description
---------------------------------------------------------------------------------------------
                      0.150000    0.000000    0.000000   clock clk_i (rise edge)
                                  0.000000    0.000000   clock network delay (ideal)
                                  2.000000    2.000000 ^ input external delay
    16    0.044502    0.093465    0.056519    2.056519 ^ ui_PAD2CORE[0] (in)
                                                         ui_PAD2CORE[0] (net)
                      0.093465    0.000000    2.056519 ^ _120_/A (sg13g2_nand2_1)
     2    0.008184    0.104796    0.125894    2.182412 v _120_/Y (sg13g2_nand2_1)
                                                         _032_ (net)
                      0.104796    0.000000    2.182412 v _124_/A (sg13g2_xnor2_1)
     1    0.001335    0.074420    0.120361    2.302773 ^ _124_/Y (sg13g2_xnor2_1)
                                                         spm_inst.genblk1[7].csa.hsum2 (net)
                      0.074420    0.000000    2.302773 ^ _186_/D (sg13g2_dfrbpq_1)
                                              2.302773   data arrival time

                      0.150000   10.000000   10.000000   clock clk_i (rise edge)
                                  0.000000   10.000000   clock network delay (ideal)
                                 -0.250000    9.750000   clock uncertainty
                                  0.000000    9.750000   clock reconvergence pessimism
                                              9.750000 ^ _186_/CLK (sg13g2_dfrbpq_1)
                                 -0.186929    9.563071   library setup time
                                              9.563071   data required time
---------------------------------------------------------------------------------------------
                                              9.563071   data required time
                                             -2.302773   data arrival time
---------------------------------------------------------------------------------------------
                                              7.260298   slack (MET)


Startpoint: ui_PAD2CORE[0] (input port clocked by clk_i)
Endpoint: _188_ (rising edge-triggered flip-flop clocked by clk_i)
Path Group: clk_i
Path Type: max

Fanout         Cap        Slew       Delay        Time   Description
---------------------------------------------------------------------------------------------
                      0.150000    0.000000    0.000000   clock clk_i (rise edge)
                                  0.000000    0.000000   clock network delay (ideal)
                                  2.000000    2.000000 ^ input external delay
    16    0.044502    0.093465    0.056519    2.056519 ^ ui_PAD2CORE[0] (in)
                                                         ui_PAD2CORE[0] (net)
                      0.093465    0.000000    2.056519 ^ _126_/A (sg13g2_nand2_1)
     2    0.008184    0.104796    0.125894    2.182412 v _126_/Y (sg13g2_nand2_1)
                                                         _036_ (net)
                      0.104796    0.000000    2.182412 v _130_/A (sg13g2_xnor2_1)
     1    0.001335    0.074420    0.120361    2.302773 ^ _130_/Y (sg13g2_xnor2_1)
                                                         spm_inst.genblk1[6].csa.hsum2 (net)
                      0.074420    0.000000    2.302773 ^ _188_/D (sg13g2_dfrbpq_1)
                                              2.302773   data arrival time

                      0.150000   10.000000   10.000000   clock clk_i (rise edge)
                                  0.000000   10.000000   clock network delay (ideal)
                                 -0.250000    9.750000   clock uncertainty
                                  0.000000    9.750000   clock reconvergence pessimism
                                              9.750000 ^ _188_/CLK (sg13g2_dfrbpq_1)
                                 -0.186929    9.563071   library setup time
                                              9.563071   data required time
---------------------------------------------------------------------------------------------
                                              9.563071   data required time
                                             -2.302773   data arrival time
---------------------------------------------------------------------------------------------
                                              7.260298   slack (MET)


Startpoint: ui_PAD2CORE[0] (input port clocked by clk_i)
Endpoint: _190_ (rising edge-triggered flip-flop clocked by clk_i)
Path Group: clk_i
Path Type: max

Fanout         Cap        Slew       Delay        Time   Description
---------------------------------------------------------------------------------------------
                      0.150000    0.000000    0.000000   clock clk_i (rise edge)
                                  0.000000    0.000000   clock network delay (ideal)
                                  2.000000    2.000000 ^ input external delay
    16    0.044502    0.093465    0.056519    2.056519 ^ ui_PAD2CORE[0] (in)
                                                         ui_PAD2CORE[0] (net)
                      0.093465    0.000000    2.056519 ^ _132_/A (sg13g2_nand2_1)
     2    0.008184    0.104796    0.125894    2.182412 v _132_/Y (sg13g2_nand2_1)
                                                         _040_ (net)
                      0.104796    0.000000    2.182412 v _136_/A (sg13g2_xnor2_1)
     1    0.001335    0.074420    0.120361    2.302773 ^ _136_/Y (sg13g2_xnor2_1)
                                                         spm_inst.genblk1[5].csa.hsum2 (net)
                      0.074420    0.000000    2.302773 ^ _190_/D (sg13g2_dfrbpq_1)
                                              2.302773   data arrival time

                      0.150000   10.000000   10.000000   clock clk_i (rise edge)
                                  0.000000   10.000000   clock network delay (ideal)
                                 -0.250000    9.750000   clock uncertainty
                                  0.000000    9.750000   clock reconvergence pessimism
                                              9.750000 ^ _190_/CLK (sg13g2_dfrbpq_1)
                                 -0.186929    9.563071   library setup time
                                              9.563071   data required time
---------------------------------------------------------------------------------------------
                                              9.563071   data required time
                                             -2.302773   data arrival time
---------------------------------------------------------------------------------------------
                                              7.260298   slack (MET)


Startpoint: ui_PAD2CORE[0] (input port clocked by clk_i)
Endpoint: _192_ (rising edge-triggered flip-flop clocked by clk_i)
Path Group: clk_i
Path Type: max

Fanout         Cap        Slew       Delay        Time   Description
---------------------------------------------------------------------------------------------
                      0.150000    0.000000    0.000000   clock clk_i (rise edge)
                                  0.000000    0.000000   clock network delay (ideal)
                                  2.000000    2.000000 ^ input external delay
    16    0.044502    0.093465    0.056519    2.056519 ^ ui_PAD2CORE[0] (in)
                                                         ui_PAD2CORE[0] (net)
                      0.093465    0.000000    2.056519 ^ _138_/A (sg13g2_nand2_1)
     2    0.008184    0.104796    0.125894    2.182412 v _138_/Y (sg13g2_nand2_1)
                                                         _044_ (net)
                      0.104796    0.000000    2.182412 v _142_/A (sg13g2_xnor2_1)
     1    0.001335    0.074420    0.120361    2.302773 ^ _142_/Y (sg13g2_xnor2_1)
                                                         spm_inst.genblk1[4].csa.hsum2 (net)
                      0.074420    0.000000    2.302773 ^ _192_/D (sg13g2_dfrbpq_1)
                                              2.302773   data arrival time

                      0.150000   10.000000   10.000000   clock clk_i (rise edge)
                                  0.000000   10.000000   clock network delay (ideal)
                                 -0.250000    9.750000   clock uncertainty
                                  0.000000    9.750000   clock reconvergence pessimism
                                              9.750000 ^ _192_/CLK (sg13g2_dfrbpq_1)
                                 -0.186929    9.563071   library setup time
                                              9.563071   data required time
---------------------------------------------------------------------------------------------
                                              9.563071   data required time
                                             -2.302773   data arrival time
---------------------------------------------------------------------------------------------
                                              7.260298   slack (MET)


Startpoint: ui_PAD2CORE[0] (input port clocked by clk_i)
Endpoint: _194_ (rising edge-triggered flip-flop clocked by clk_i)
Path Group: clk_i
Path Type: max

Fanout         Cap        Slew       Delay        Time   Description
---------------------------------------------------------------------------------------------
                      0.150000    0.000000    0.000000   clock clk_i (rise edge)
                                  0.000000    0.000000   clock network delay (ideal)
                                  2.000000    2.000000 ^ input external delay
    16    0.044502    0.093465    0.056519    2.056519 ^ ui_PAD2CORE[0] (in)
                                                         ui_PAD2CORE[0] (net)
                      0.093465    0.000000    2.056519 ^ _144_/A (sg13g2_nand2_1)
     2    0.008184    0.104796    0.125894    2.182412 v _144_/Y (sg13g2_nand2_1)
                                                         _048_ (net)
                      0.104796    0.000000    2.182412 v _148_/A (sg13g2_xnor2_1)
     1    0.001335    0.074420    0.120361    2.302773 ^ _148_/Y (sg13g2_xnor2_1)
                                                         spm_inst.genblk1[3].csa.hsum2 (net)
                      0.074420    0.000000    2.302773 ^ _194_/D (sg13g2_dfrbpq_1)
                                              2.302773   data arrival time

                      0.150000   10.000000   10.000000   clock clk_i (rise edge)
                                  0.000000   10.000000   clock network delay (ideal)
                                 -0.250000    9.750000   clock uncertainty
                                  0.000000    9.750000   clock reconvergence pessimism
                                              9.750000 ^ _194_/CLK (sg13g2_dfrbpq_1)
                                 -0.186929    9.563071   library setup time
                                              9.563071   data required time
---------------------------------------------------------------------------------------------
                                              9.563071   data required time
                                             -2.302773   data arrival time
---------------------------------------------------------------------------------------------
                                              7.260298   slack (MET)


Startpoint: ui_PAD2CORE[0] (input port clocked by clk_i)
Endpoint: _196_ (rising edge-triggered flip-flop clocked by clk_i)
Path Group: clk_i
Path Type: max

Fanout         Cap        Slew       Delay        Time   Description
---------------------------------------------------------------------------------------------
                      0.150000    0.000000    0.000000   clock clk_i (rise edge)
                                  0.000000    0.000000   clock network delay (ideal)
                                  2.000000    2.000000 ^ input external delay
    16    0.044502    0.093465    0.056519    2.056519 ^ ui_PAD2CORE[0] (in)
                                                         ui_PAD2CORE[0] (net)
                      0.093465    0.000000    2.056519 ^ _150_/A (sg13g2_nand2_1)
     2    0.008184    0.104796    0.125894    2.182412 v _150_/Y (sg13g2_nand2_1)
                                                         _052_ (net)
                      0.104796    0.000000    2.182412 v _154_/A (sg13g2_xnor2_1)
     1    0.001335    0.074420    0.120361    2.302773 ^ _154_/Y (sg13g2_xnor2_1)
                                                         spm_inst.genblk1[2].csa.hsum2 (net)
                      0.074420    0.000000    2.302773 ^ _196_/D (sg13g2_dfrbpq_1)
                                              2.302773   data arrival time

                      0.150000   10.000000   10.000000   clock clk_i (rise edge)
                                  0.000000   10.000000   clock network delay (ideal)
                                 -0.250000    9.750000   clock uncertainty
                                  0.000000    9.750000   clock reconvergence pessimism
                                              9.750000 ^ _196_/CLK (sg13g2_dfrbpq_1)
                                 -0.186929    9.563071   library setup time
                                              9.563071   data required time
---------------------------------------------------------------------------------------------
                                              9.563071   data required time
                                             -2.302773   data arrival time
---------------------------------------------------------------------------------------------
                                              7.260298   slack (MET)


Startpoint: ui_PAD2CORE[0] (input port clocked by clk_i)
Endpoint: _198_ (rising edge-triggered flip-flop clocked by clk_i)
Path Group: clk_i
Path Type: max

Fanout         Cap        Slew       Delay        Time   Description
---------------------------------------------------------------------------------------------
                      0.150000    0.000000    0.000000   clock clk_i (rise edge)
                                  0.000000    0.000000   clock network delay (ideal)
                                  2.000000    2.000000 ^ input external delay
    16    0.044502    0.093465    0.056519    2.056519 ^ ui_PAD2CORE[0] (in)
                                                         ui_PAD2CORE[0] (net)
                      0.093465    0.000000    2.056519 ^ _156_/A (sg13g2_nand2_1)
     2    0.008184    0.104796    0.125894    2.182412 v _156_/Y (sg13g2_nand2_1)
                                                         _056_ (net)
                      0.104796    0.000000    2.182412 v _160_/A (sg13g2_xnor2_1)
     1    0.001335    0.074420    0.120361    2.302773 ^ _160_/Y (sg13g2_xnor2_1)
                                                         spm_inst.genblk1[1].csa.hsum2 (net)
                      0.074420    0.000000    2.302773 ^ _198_/D (sg13g2_dfrbpq_1)
                                              2.302773   data arrival time

                      0.150000   10.000000   10.000000   clock clk_i (rise edge)
                                  0.000000   10.000000   clock network delay (ideal)
                                 -0.250000    9.750000   clock uncertainty
                                  0.000000    9.750000   clock reconvergence pessimism
                                              9.750000 ^ _198_/CLK (sg13g2_dfrbpq_1)
                                 -0.186929    9.563071   library setup time
                                              9.563071   data required time
---------------------------------------------------------------------------------------------
                                              9.563071   data required time
                                             -2.302773   data arrival time
---------------------------------------------------------------------------------------------
                                              7.260298   slack (MET)


Startpoint: ui_PAD2CORE[0] (input port clocked by clk_i)
Endpoint: _202_ (rising edge-triggered flip-flop clocked by clk_i)
Path Group: clk_i
Path Type: max

Fanout         Cap        Slew       Delay        Time   Description
---------------------------------------------------------------------------------------------
                      0.150000    0.000000    0.000000   clock clk_i (rise edge)
                                  0.000000    0.000000   clock network delay (ideal)
                                  2.000000    2.000000 ^ input external delay
    16    0.044502    0.093465    0.056519    2.056519 ^ ui_PAD2CORE[0] (in)
                                                         ui_PAD2CORE[0] (net)
                      0.093465    0.000000    2.056519 ^ _165_/A (sg13g2_nand2_1)
     2    0.008184    0.104796    0.125894    2.182412 v _165_/Y (sg13g2_nand2_1)
                                                         _061_ (net)
                      0.104796    0.000000    2.182412 v _169_/A (sg13g2_xnor2_1)
     1    0.001335    0.074420    0.120361    2.302773 ^ _169_/Y (sg13g2_xnor2_1)
                                                         spm_inst.csa0.hsum2 (net)
                      0.074420    0.000000    2.302773 ^ _202_/D (sg13g2_dfrbpq_1)
                                              2.302773   data arrival time

                      0.150000   10.000000   10.000000   clock clk_i (rise edge)
                                  0.000000   10.000000   clock network delay (ideal)
                                 -0.250000    9.750000   clock uncertainty
                                  0.000000    9.750000   clock reconvergence pessimism
                                              9.750000 ^ _202_/CLK (sg13g2_dfrbpq_1)
                                 -0.186929    9.563071   library setup time
                                              9.563071   data required time
---------------------------------------------------------------------------------------------
                                              9.563071   data required time
                                             -2.302773   data arrival time
---------------------------------------------------------------------------------------------
                                              7.260298   slack (MET)


Startpoint: ui_PAD2CORE[0] (input port clocked by clk_i)
Endpoint: _199_ (rising edge-triggered flip-flop clocked by clk_i)
Path Group: clk_i
Path Type: max

Fanout         Cap        Slew       Delay        Time   Description
---------------------------------------------------------------------------------------------
                      0.150000    0.000000    0.000000   clock clk_i (rise edge)
                                  0.000000    0.000000   clock network delay (ideal)
                                  2.000000    2.000000 ^ input external delay
    16    0.044502    0.093465    0.056519    2.056519 ^ ui_PAD2CORE[0] (in)
                                                         ui_PAD2CORE[0] (net)
                      0.093465    0.000000    2.056519 ^ _162_/A (sg13g2_nand2_1)
     2    0.007506    0.099124    0.120838    2.177357 v _162_/Y (sg13g2_nand2_1)
                                                         _060_ (net)
                      0.099124    0.000000    2.177357 v _164_/B (sg13g2_xnor2_1)
     1    0.001355    0.050251    0.149388    2.326745 v _164_/Y (sg13g2_xnor2_1)
                                                         _015_ (net)
                      0.050251    0.000000    2.326745 v _199_/D (sg13g2_dfrbpq_1)
                                              2.326745   data arrival time

                      0.150000   10.000000   10.000000   clock clk_i (rise edge)
                                  0.000000   10.000000   clock network delay (ideal)
                                 -0.250000    9.750000   clock uncertainty
                                  0.000000    9.750000   clock reconvergence pessimism
                                              9.750000 ^ _199_/CLK (sg13g2_dfrbpq_1)
                                 -0.147780    9.602220   library setup time
                                              9.602220   data required time
---------------------------------------------------------------------------------------------
                                              9.602220   data required time
                                             -2.326745   data arrival time
---------------------------------------------------------------------------------------------
                                              7.275475   slack (MET)


Startpoint: rst_ni (input port clocked by clk_i)
Endpoint: _171_ (recovery check against rising-edge clock clk_i)
Path Group: asynchronous
Path Type: max

Fanout         Cap        Slew       Delay        Time   Description
---------------------------------------------------------------------------------------------
                      0.150000    0.000000    0.000000   clock clk_i (rise edge)
                                  0.000000    0.000000   clock network delay (ideal)
                                  2.000000    2.000000 ^ input external delay
    32    0.149020    0.250669    0.179743    2.179743 ^ rst_ni (in)
                                                         rst_ni (net)
                      0.250669    0.000000    2.179743 ^ _171_/RESET_B (sg13g2_dfrbpq_1)
                                              2.179743   data arrival time

                      0.150000   10.000000   10.000000   clock clk_i (rise edge)
                                  0.000000   10.000000   clock network delay (ideal)
                                 -0.250000    9.750000   clock uncertainty
                                  0.000000    9.750000   clock reconvergence pessimism
                                              9.750000 ^ _171_/CLK (sg13g2_dfrbpq_1)
                                 -0.267526    9.482473   library recovery time
                                              9.482473   data required time
---------------------------------------------------------------------------------------------
                                              9.482473   data required time
                                             -2.179743   data arrival time
---------------------------------------------------------------------------------------------
                                              7.302731   slack (MET)


Startpoint: rst_ni (input port clocked by clk_i)
Endpoint: _172_ (recovery check against rising-edge clock clk_i)
Path Group: asynchronous
Path Type: max

Fanout         Cap        Slew       Delay        Time   Description
---------------------------------------------------------------------------------------------
                      0.150000    0.000000    0.000000   clock clk_i (rise edge)
                                  0.000000    0.000000   clock network delay (ideal)
                                  2.000000    2.000000 ^ input external delay
    32    0.149020    0.250669    0.179743    2.179743 ^ rst_ni (in)
                                                         rst_ni (net)
                      0.250669    0.000000    2.179743 ^ _172_/RESET_B (sg13g2_dfrbpq_1)
                                              2.179743   data arrival time

                      0.150000   10.000000   10.000000   clock clk_i (rise edge)
                                  0.000000   10.000000   clock network delay (ideal)
                                 -0.250000    9.750000   clock uncertainty
                                  0.000000    9.750000   clock reconvergence pessimism
                                              9.750000 ^ _172_/CLK (sg13g2_dfrbpq_1)
                                 -0.267526    9.482473   library recovery time
                                              9.482473   data required time
---------------------------------------------------------------------------------------------
                                              9.482473   data required time
                                             -2.179743   data arrival time
---------------------------------------------------------------------------------------------
                                              7.302731   slack (MET)


Startpoint: rst_ni (input port clocked by clk_i)
Endpoint: _173_ (recovery check against rising-edge clock clk_i)
Path Group: asynchronous
Path Type: max

Fanout         Cap        Slew       Delay        Time   Description
---------------------------------------------------------------------------------------------
                      0.150000    0.000000    0.000000   clock clk_i (rise edge)
                                  0.000000    0.000000   clock network delay (ideal)
                                  2.000000    2.000000 ^ input external delay
    32    0.149020    0.250669    0.179743    2.179743 ^ rst_ni (in)
                                                         rst_ni (net)
                      0.250669    0.000000    2.179743 ^ _173_/RESET_B (sg13g2_dfrbpq_1)
                                              2.179743   data arrival time

                      0.150000   10.000000   10.000000   clock clk_i (rise edge)
                                  0.000000   10.000000   clock network delay (ideal)
                                 -0.250000    9.750000   clock uncertainty
                                  0.000000    9.750000   clock reconvergence pessimism
                                              9.750000 ^ _173_/CLK (sg13g2_dfrbpq_1)
                                 -0.267526    9.482473   library recovery time
                                              9.482473   data required time
---------------------------------------------------------------------------------------------
                                              9.482473   data required time
                                             -2.179743   data arrival time
---------------------------------------------------------------------------------------------
                                              7.302731   slack (MET)


Startpoint: rst_ni (input port clocked by clk_i)
Endpoint: _174_ (recovery check against rising-edge clock clk_i)
Path Group: asynchronous
Path Type: max

Fanout         Cap        Slew       Delay        Time   Description
---------------------------------------------------------------------------------------------
                      0.150000    0.000000    0.000000   clock clk_i (rise edge)
                                  0.000000    0.000000   clock network delay (ideal)
                                  2.000000    2.000000 ^ input external delay
    32    0.149020    0.250669    0.179743    2.179743 ^ rst_ni (in)
                                                         rst_ni (net)
                      0.250669    0.000000    2.179743 ^ _174_/RESET_B (sg13g2_dfrbpq_1)
                                              2.179743   data arrival time

                      0.150000   10.000000   10.000000   clock clk_i (rise edge)
                                  0.000000   10.000000   clock network delay (ideal)
                                 -0.250000    9.750000   clock uncertainty
                                  0.000000    9.750000   clock reconvergence pessimism
                                              9.750000 ^ _174_/CLK (sg13g2_dfrbpq_1)
                                 -0.267526    9.482473   library recovery time
                                              9.482473   data required time
---------------------------------------------------------------------------------------------
                                              9.482473   data required time
                                             -2.179743   data arrival time
---------------------------------------------------------------------------------------------
                                              7.302731   slack (MET)


Startpoint: rst_ni (input port clocked by clk_i)
Endpoint: _175_ (recovery check against rising-edge clock clk_i)
Path Group: asynchronous
Path Type: max

Fanout         Cap        Slew       Delay        Time   Description
---------------------------------------------------------------------------------------------
                      0.150000    0.000000    0.000000   clock clk_i (rise edge)
                                  0.000000    0.000000   clock network delay (ideal)
                                  2.000000    2.000000 ^ input external delay
    32    0.149020    0.250669    0.179743    2.179743 ^ rst_ni (in)
                                                         rst_ni (net)
                      0.250669    0.000000    2.179743 ^ _175_/RESET_B (sg13g2_dfrbpq_1)
                                              2.179743   data arrival time

                      0.150000   10.000000   10.000000   clock clk_i (rise edge)
                                  0.000000   10.000000   clock network delay (ideal)
                                 -0.250000    9.750000   clock uncertainty
                                  0.000000    9.750000   clock reconvergence pessimism
                                              9.750000 ^ _175_/CLK (sg13g2_dfrbpq_1)
                                 -0.267526    9.482473   library recovery time
                                              9.482473   data required time
---------------------------------------------------------------------------------------------
                                              9.482473   data required time
                                             -2.179743   data arrival time
---------------------------------------------------------------------------------------------
                                              7.302731   slack (MET)


Startpoint: rst_ni (input port clocked by clk_i)
Endpoint: _176_ (recovery check against rising-edge clock clk_i)
Path Group: asynchronous
Path Type: max

Fanout         Cap        Slew       Delay        Time   Description
---------------------------------------------------------------------------------------------
                      0.150000    0.000000    0.000000   clock clk_i (rise edge)
                                  0.000000    0.000000   clock network delay (ideal)
                                  2.000000    2.000000 ^ input external delay
    32    0.149020    0.250669    0.179743    2.179743 ^ rst_ni (in)
                                                         rst_ni (net)
                      0.250669    0.000000    2.179743 ^ _176_/RESET_B (sg13g2_dfrbpq_1)
                                              2.179743   data arrival time

                      0.150000   10.000000   10.000000   clock clk_i (rise edge)
                                  0.000000   10.000000   clock network delay (ideal)
                                 -0.250000    9.750000   clock uncertainty
                                  0.000000    9.750000   clock reconvergence pessimism
                                              9.750000 ^ _176_/CLK (sg13g2_dfrbpq_1)
                                 -0.267526    9.482473   library recovery time
                                              9.482473   data required time
---------------------------------------------------------------------------------------------
                                              9.482473   data required time
                                             -2.179743   data arrival time
---------------------------------------------------------------------------------------------
                                              7.302731   slack (MET)


Startpoint: rst_ni (input port clocked by clk_i)
Endpoint: _177_ (recovery check against rising-edge clock clk_i)
Path Group: asynchronous
Path Type: max

Fanout         Cap        Slew       Delay        Time   Description
---------------------------------------------------------------------------------------------
                      0.150000    0.000000    0.000000   clock clk_i (rise edge)
                                  0.000000    0.000000   clock network delay (ideal)
                                  2.000000    2.000000 ^ input external delay
    32    0.149020    0.250669    0.179743    2.179743 ^ rst_ni (in)
                                                         rst_ni (net)
                      0.250669    0.000000    2.179743 ^ _177_/RESET_B (sg13g2_dfrbpq_1)
                                              2.179743   data arrival time

                      0.150000   10.000000   10.000000   clock clk_i (rise edge)
                                  0.000000   10.000000   clock network delay (ideal)
                                 -0.250000    9.750000   clock uncertainty
                                  0.000000    9.750000   clock reconvergence pessimism
                                              9.750000 ^ _177_/CLK (sg13g2_dfrbpq_1)
                                 -0.267526    9.482473   library recovery time
                                              9.482473   data required time
---------------------------------------------------------------------------------------------
                                              9.482473   data required time
                                             -2.179743   data arrival time
---------------------------------------------------------------------------------------------
                                              7.302731   slack (MET)


Startpoint: rst_ni (input port clocked by clk_i)
Endpoint: _178_ (recovery check against rising-edge clock clk_i)
Path Group: asynchronous
Path Type: max

Fanout         Cap        Slew       Delay        Time   Description
---------------------------------------------------------------------------------------------
                      0.150000    0.000000    0.000000   clock clk_i (rise edge)
                                  0.000000    0.000000   clock network delay (ideal)
                                  2.000000    2.000000 ^ input external delay
    32    0.149020    0.250669    0.179743    2.179743 ^ rst_ni (in)
                                                         rst_ni (net)
                      0.250669    0.000000    2.179743 ^ _178_/RESET_B (sg13g2_dfrbpq_1)
                                              2.179743   data arrival time

                      0.150000   10.000000   10.000000   clock clk_i (rise edge)
                                  0.000000   10.000000   clock network delay (ideal)
                                 -0.250000    9.750000   clock uncertainty
                                  0.000000    9.750000   clock reconvergence pessimism
                                              9.750000 ^ _178_/CLK (sg13g2_dfrbpq_1)
                                 -0.267526    9.482473   library recovery time
                                              9.482473   data required time
---------------------------------------------------------------------------------------------
                                              9.482473   data required time
                                             -2.179743   data arrival time
---------------------------------------------------------------------------------------------
                                              7.302731   slack (MET)


Startpoint: rst_ni (input port clocked by clk_i)
Endpoint: _179_ (recovery check against rising-edge clock clk_i)
Path Group: asynchronous
Path Type: max

Fanout         Cap        Slew       Delay        Time   Description
---------------------------------------------------------------------------------------------
                      0.150000    0.000000    0.000000   clock clk_i (rise edge)
                                  0.000000    0.000000   clock network delay (ideal)
                                  2.000000    2.000000 ^ input external delay
    32    0.149020    0.250669    0.179743    2.179743 ^ rst_ni (in)
                                                         rst_ni (net)
                      0.250669    0.000000    2.179743 ^ _179_/RESET_B (sg13g2_dfrbpq_1)
                                              2.179743   data arrival time

                      0.150000   10.000000   10.000000   clock clk_i (rise edge)
                                  0.000000   10.000000   clock network delay (ideal)
                                 -0.250000    9.750000   clock uncertainty
                                  0.000000    9.750000   clock reconvergence pessimism
                                              9.750000 ^ _179_/CLK (sg13g2_dfrbpq_1)
                                 -0.267526    9.482473   library recovery time
                                              9.482473   data required time
---------------------------------------------------------------------------------------------
                                              9.482473   data required time
                                             -2.179743   data arrival time
---------------------------------------------------------------------------------------------
                                              7.302731   slack (MET)


Startpoint: rst_ni (input port clocked by clk_i)
Endpoint: _180_ (recovery check against rising-edge clock clk_i)
Path Group: asynchronous
Path Type: max

Fanout         Cap        Slew       Delay        Time   Description
---------------------------------------------------------------------------------------------
                      0.150000    0.000000    0.000000   clock clk_i (rise edge)
                                  0.000000    0.000000   clock network delay (ideal)
                                  2.000000    2.000000 ^ input external delay
    32    0.149020    0.250669    0.179743    2.179743 ^ rst_ni (in)
                                                         rst_ni (net)
                      0.250669    0.000000    2.179743 ^ _180_/RESET_B (sg13g2_dfrbpq_1)
                                              2.179743   data arrival time

                      0.150000   10.000000   10.000000   clock clk_i (rise edge)
                                  0.000000   10.000000   clock network delay (ideal)
                                 -0.250000    9.750000   clock uncertainty
                                  0.000000    9.750000   clock reconvergence pessimism
                                              9.750000 ^ _180_/CLK (sg13g2_dfrbpq_1)
                                 -0.267526    9.482473   library recovery time
                                              9.482473   data required time
---------------------------------------------------------------------------------------------
                                              9.482473   data required time
                                             -2.179743   data arrival time
---------------------------------------------------------------------------------------------
                                              7.302731   slack (MET)


Startpoint: rst_ni (input port clocked by clk_i)
Endpoint: _181_ (recovery check against rising-edge clock clk_i)
Path Group: asynchronous
Path Type: max

Fanout         Cap        Slew       Delay        Time   Description
---------------------------------------------------------------------------------------------
                      0.150000    0.000000    0.000000   clock clk_i (rise edge)
                                  0.000000    0.000000   clock network delay (ideal)
                                  2.000000    2.000000 ^ input external delay
    32    0.149020    0.250669    0.179743    2.179743 ^ rst_ni (in)
                                                         rst_ni (net)
                      0.250669    0.000000    2.179743 ^ _181_/RESET_B (sg13g2_dfrbpq_1)
                                              2.179743   data arrival time

                      0.150000   10.000000   10.000000   clock clk_i (rise edge)
                                  0.000000   10.000000   clock network delay (ideal)
                                 -0.250000    9.750000   clock uncertainty
                                  0.000000    9.750000   clock reconvergence pessimism
                                              9.750000 ^ _181_/CLK (sg13g2_dfrbpq_1)
                                 -0.267526    9.482473   library recovery time
                                              9.482473   data required time
---------------------------------------------------------------------------------------------
                                              9.482473   data required time
                                             -2.179743   data arrival time
---------------------------------------------------------------------------------------------
                                              7.302731   slack (MET)


Startpoint: rst_ni (input port clocked by clk_i)
Endpoint: _182_ (recovery check against rising-edge clock clk_i)
Path Group: asynchronous
Path Type: max

Fanout         Cap        Slew       Delay        Time   Description
---------------------------------------------------------------------------------------------
                      0.150000    0.000000    0.000000   clock clk_i (rise edge)
                                  0.000000    0.000000   clock network delay (ideal)
                                  2.000000    2.000000 ^ input external delay
    32    0.149020    0.250669    0.179743    2.179743 ^ rst_ni (in)
                                                         rst_ni (net)
                      0.250669    0.000000    2.179743 ^ _182_/RESET_B (sg13g2_dfrbpq_1)
                                              2.179743   data arrival time

                      0.150000   10.000000   10.000000   clock clk_i (rise edge)
                                  0.000000   10.000000   clock network delay (ideal)
                                 -0.250000    9.750000   clock uncertainty
                                  0.000000    9.750000   clock reconvergence pessimism
                                              9.750000 ^ _182_/CLK (sg13g2_dfrbpq_1)
                                 -0.267526    9.482473   library recovery time
                                              9.482473   data required time
---------------------------------------------------------------------------------------------
                                              9.482473   data required time
                                             -2.179743   data arrival time
---------------------------------------------------------------------------------------------
                                              7.302731   slack (MET)


Startpoint: rst_ni (input port clocked by clk_i)
Endpoint: _183_ (recovery check against rising-edge clock clk_i)
Path Group: asynchronous
Path Type: max

Fanout         Cap        Slew       Delay        Time   Description
---------------------------------------------------------------------------------------------
                      0.150000    0.000000    0.000000   clock clk_i (rise edge)
                                  0.000000    0.000000   clock network delay (ideal)
                                  2.000000    2.000000 ^ input external delay
    32    0.149020    0.250669    0.179743    2.179743 ^ rst_ni (in)
                                                         rst_ni (net)
                      0.250669    0.000000    2.179743 ^ _183_/RESET_B (sg13g2_dfrbpq_1)
                                              2.179743   data arrival time

                      0.150000   10.000000   10.000000   clock clk_i (rise edge)
                                  0.000000   10.000000   clock network delay (ideal)
                                 -0.250000    9.750000   clock uncertainty
                                  0.000000    9.750000   clock reconvergence pessimism
                                              9.750000 ^ _183_/CLK (sg13g2_dfrbpq_1)
                                 -0.267526    9.482473   library recovery time
                                              9.482473   data required time
---------------------------------------------------------------------------------------------
                                              9.482473   data required time
                                             -2.179743   data arrival time
---------------------------------------------------------------------------------------------
                                              7.302731   slack (MET)


Startpoint: rst_ni (input port clocked by clk_i)
Endpoint: _184_ (recovery check against rising-edge clock clk_i)
Path Group: asynchronous
Path Type: max

Fanout         Cap        Slew       Delay        Time   Description
---------------------------------------------------------------------------------------------
                      0.150000    0.000000    0.000000   clock clk_i (rise edge)
                                  0.000000    0.000000   clock network delay (ideal)
                                  2.000000    2.000000 ^ input external delay
    32    0.149020    0.250669    0.179743    2.179743 ^ rst_ni (in)
                                                         rst_ni (net)
                      0.250669    0.000000    2.179743 ^ _184_/RESET_B (sg13g2_dfrbpq_1)
                                              2.179743   data arrival time

                      0.150000   10.000000   10.000000   clock clk_i (rise edge)
                                  0.000000   10.000000   clock network delay (ideal)
                                 -0.250000    9.750000   clock uncertainty
                                  0.000000    9.750000   clock reconvergence pessimism
                                              9.750000 ^ _184_/CLK (sg13g2_dfrbpq_1)
                                 -0.267526    9.482473   library recovery time
                                              9.482473   data required time
---------------------------------------------------------------------------------------------
                                              9.482473   data required time
                                             -2.179743   data arrival time
---------------------------------------------------------------------------------------------
                                              7.302731   slack (MET)


Startpoint: rst_ni (input port clocked by clk_i)
Endpoint: _185_ (recovery check against rising-edge clock clk_i)
Path Group: asynchronous
Path Type: max

Fanout         Cap        Slew       Delay        Time   Description
---------------------------------------------------------------------------------------------
                      0.150000    0.000000    0.000000   clock clk_i (rise edge)
                                  0.000000    0.000000   clock network delay (ideal)
                                  2.000000    2.000000 ^ input external delay
    32    0.149020    0.250669    0.179743    2.179743 ^ rst_ni (in)
                                                         rst_ni (net)
                      0.250669    0.000000    2.179743 ^ _185_/RESET_B (sg13g2_dfrbpq_1)
                                              2.179743   data arrival time

                      0.150000   10.000000   10.000000   clock clk_i (rise edge)
                                  0.000000   10.000000   clock network delay (ideal)
                                 -0.250000    9.750000   clock uncertainty
                                  0.000000    9.750000   clock reconvergence pessimism
                                              9.750000 ^ _185_/CLK (sg13g2_dfrbpq_1)
                                 -0.267526    9.482473   library recovery time
                                              9.482473   data required time
---------------------------------------------------------------------------------------------
                                              9.482473   data required time
                                             -2.179743   data arrival time
---------------------------------------------------------------------------------------------
                                              7.302731   slack (MET)


Startpoint: rst_ni (input port clocked by clk_i)
Endpoint: _186_ (recovery check against rising-edge clock clk_i)
Path Group: asynchronous
Path Type: max

Fanout         Cap        Slew       Delay        Time   Description
---------------------------------------------------------------------------------------------
                      0.150000    0.000000    0.000000   clock clk_i (rise edge)
                                  0.000000    0.000000   clock network delay (ideal)
                                  2.000000    2.000000 ^ input external delay
    32    0.149020    0.250669    0.179743    2.179743 ^ rst_ni (in)
                                                         rst_ni (net)
                      0.250669    0.000000    2.179743 ^ _186_/RESET_B (sg13g2_dfrbpq_1)
                                              2.179743   data arrival time

                      0.150000   10.000000   10.000000   clock clk_i (rise edge)
                                  0.000000   10.000000   clock network delay (ideal)
                                 -0.250000    9.750000   clock uncertainty
                                  0.000000    9.750000   clock reconvergence pessimism
                                              9.750000 ^ _186_/CLK (sg13g2_dfrbpq_1)
                                 -0.267526    9.482473   library recovery time
                                              9.482473   data required time
---------------------------------------------------------------------------------------------
                                              9.482473   data required time
                                             -2.179743   data arrival time
---------------------------------------------------------------------------------------------
                                              7.302731   slack (MET)


Startpoint: rst_ni (input port clocked by clk_i)
Endpoint: _187_ (recovery check against rising-edge clock clk_i)
Path Group: asynchronous
Path Type: max

Fanout         Cap        Slew       Delay        Time   Description
---------------------------------------------------------------------------------------------
                      0.150000    0.000000    0.000000   clock clk_i (rise edge)
                                  0.000000    0.000000   clock network delay (ideal)
                                  2.000000    2.000000 ^ input external delay
    32    0.149020    0.250669    0.179743    2.179743 ^ rst_ni (in)
                                                         rst_ni (net)
                      0.250669    0.000000    2.179743 ^ _187_/RESET_B (sg13g2_dfrbpq_1)
                                              2.179743   data arrival time

                      0.150000   10.000000   10.000000   clock clk_i (rise edge)
                                  0.000000   10.000000   clock network delay (ideal)
                                 -0.250000    9.750000   clock uncertainty
                                  0.000000    9.750000   clock reconvergence pessimism
                                              9.750000 ^ _187_/CLK (sg13g2_dfrbpq_1)
                                 -0.267526    9.482473   library recovery time
                                              9.482473   data required time
---------------------------------------------------------------------------------------------
                                              9.482473   data required time
                                             -2.179743   data arrival time
---------------------------------------------------------------------------------------------
                                              7.302731   slack (MET)


Startpoint: rst_ni (input port clocked by clk_i)
Endpoint: _188_ (recovery check against rising-edge clock clk_i)
Path Group: asynchronous
Path Type: max

Fanout         Cap        Slew       Delay        Time   Description
---------------------------------------------------------------------------------------------
                      0.150000    0.000000    0.000000   clock clk_i (rise edge)
                                  0.000000    0.000000   clock network delay (ideal)
                                  2.000000    2.000000 ^ input external delay
    32    0.149020    0.250669    0.179743    2.179743 ^ rst_ni (in)
                                                         rst_ni (net)
                      0.250669    0.000000    2.179743 ^ _188_/RESET_B (sg13g2_dfrbpq_1)
                                              2.179743   data arrival time

                      0.150000   10.000000   10.000000   clock clk_i (rise edge)
                                  0.000000   10.000000   clock network delay (ideal)
                                 -0.250000    9.750000   clock uncertainty
                                  0.000000    9.750000   clock reconvergence pessimism
                                              9.750000 ^ _188_/CLK (sg13g2_dfrbpq_1)
                                 -0.267526    9.482473   library recovery time
                                              9.482473   data required time
---------------------------------------------------------------------------------------------
                                              9.482473   data required time
                                             -2.179743   data arrival time
---------------------------------------------------------------------------------------------
                                              7.302731   slack (MET)


Startpoint: rst_ni (input port clocked by clk_i)
Endpoint: _189_ (recovery check against rising-edge clock clk_i)
Path Group: asynchronous
Path Type: max

Fanout         Cap        Slew       Delay        Time   Description
---------------------------------------------------------------------------------------------
                      0.150000    0.000000    0.000000   clock clk_i (rise edge)
                                  0.000000    0.000000   clock network delay (ideal)
                                  2.000000    2.000000 ^ input external delay
    32    0.149020    0.250669    0.179743    2.179743 ^ rst_ni (in)
                                                         rst_ni (net)
                      0.250669    0.000000    2.179743 ^ _189_/RESET_B (sg13g2_dfrbpq_1)
                                              2.179743   data arrival time

                      0.150000   10.000000   10.000000   clock clk_i (rise edge)
                                  0.000000   10.000000   clock network delay (ideal)
                                 -0.250000    9.750000   clock uncertainty
                                  0.000000    9.750000   clock reconvergence pessimism
                                              9.750000 ^ _189_/CLK (sg13g2_dfrbpq_1)
                                 -0.267526    9.482473   library recovery time
                                              9.482473   data required time
---------------------------------------------------------------------------------------------
                                              9.482473   data required time
                                             -2.179743   data arrival time
---------------------------------------------------------------------------------------------
                                              7.302731   slack (MET)


Startpoint: rst_ni (input port clocked by clk_i)
Endpoint: _190_ (recovery check against rising-edge clock clk_i)
Path Group: asynchronous
Path Type: max

Fanout         Cap        Slew       Delay        Time   Description
---------------------------------------------------------------------------------------------
                      0.150000    0.000000    0.000000   clock clk_i (rise edge)
                                  0.000000    0.000000   clock network delay (ideal)
                                  2.000000    2.000000 ^ input external delay
    32    0.149020    0.250669    0.179743    2.179743 ^ rst_ni (in)
                                                         rst_ni (net)
                      0.250669    0.000000    2.179743 ^ _190_/RESET_B (sg13g2_dfrbpq_1)
                                              2.179743   data arrival time

                      0.150000   10.000000   10.000000   clock clk_i (rise edge)
                                  0.000000   10.000000   clock network delay (ideal)
                                 -0.250000    9.750000   clock uncertainty
                                  0.000000    9.750000   clock reconvergence pessimism
                                              9.750000 ^ _190_/CLK (sg13g2_dfrbpq_1)
                                 -0.267526    9.482473   library recovery time
                                              9.482473   data required time
---------------------------------------------------------------------------------------------
                                              9.482473   data required time
                                             -2.179743   data arrival time
---------------------------------------------------------------------------------------------
                                              7.302731   slack (MET)


Startpoint: rst_ni (input port clocked by clk_i)
Endpoint: _191_ (recovery check against rising-edge clock clk_i)
Path Group: asynchronous
Path Type: max

Fanout         Cap        Slew       Delay        Time   Description
---------------------------------------------------------------------------------------------
                      0.150000    0.000000    0.000000   clock clk_i (rise edge)
                                  0.000000    0.000000   clock network delay (ideal)
                                  2.000000    2.000000 ^ input external delay
    32    0.149020    0.250669    0.179743    2.179743 ^ rst_ni (in)
                                                         rst_ni (net)
                      0.250669    0.000000    2.179743 ^ _191_/RESET_B (sg13g2_dfrbpq_1)
                                              2.179743   data arrival time

                      0.150000   10.000000   10.000000   clock clk_i (rise edge)
                                  0.000000   10.000000   clock network delay (ideal)
                                 -0.250000    9.750000   clock uncertainty
                                  0.000000    9.750000   clock reconvergence pessimism
                                              9.750000 ^ _191_/CLK (sg13g2_dfrbpq_1)
                                 -0.267526    9.482473   library recovery time
                                              9.482473   data required time
---------------------------------------------------------------------------------------------
                                              9.482473   data required time
                                             -2.179743   data arrival time
---------------------------------------------------------------------------------------------
                                              7.302731   slack (MET)


Startpoint: rst_ni (input port clocked by clk_i)
Endpoint: _192_ (recovery check against rising-edge clock clk_i)
Path Group: asynchronous
Path Type: max

Fanout         Cap        Slew       Delay        Time   Description
---------------------------------------------------------------------------------------------
                      0.150000    0.000000    0.000000   clock clk_i (rise edge)
                                  0.000000    0.000000   clock network delay (ideal)
                                  2.000000    2.000000 ^ input external delay
    32    0.149020    0.250669    0.179743    2.179743 ^ rst_ni (in)
                                                         rst_ni (net)
                      0.250669    0.000000    2.179743 ^ _192_/RESET_B (sg13g2_dfrbpq_1)
                                              2.179743   data arrival time

                      0.150000   10.000000   10.000000   clock clk_i (rise edge)
                                  0.000000   10.000000   clock network delay (ideal)
                                 -0.250000    9.750000   clock uncertainty
                                  0.000000    9.750000   clock reconvergence pessimism
                                              9.750000 ^ _192_/CLK (sg13g2_dfrbpq_1)
                                 -0.267526    9.482473   library recovery time
                                              9.482473   data required time
---------------------------------------------------------------------------------------------
                                              9.482473   data required time
                                             -2.179743   data arrival time
---------------------------------------------------------------------------------------------
                                              7.302731   slack (MET)


Startpoint: rst_ni (input port clocked by clk_i)
Endpoint: _193_ (recovery check against rising-edge clock clk_i)
Path Group: asynchronous
Path Type: max

Fanout         Cap        Slew       Delay        Time   Description
---------------------------------------------------------------------------------------------
                      0.150000    0.000000    0.000000   clock clk_i (rise edge)
                                  0.000000    0.000000   clock network delay (ideal)
                                  2.000000    2.000000 ^ input external delay
    32    0.149020    0.250669    0.179743    2.179743 ^ rst_ni (in)
                                                         rst_ni (net)
                      0.250669    0.000000    2.179743 ^ _193_/RESET_B (sg13g2_dfrbpq_1)
                                              2.179743   data arrival time

                      0.150000   10.000000   10.000000   clock clk_i (rise edge)
                                  0.000000   10.000000   clock network delay (ideal)
                                 -0.250000    9.750000   clock uncertainty
                                  0.000000    9.750000   clock reconvergence pessimism
                                              9.750000 ^ _193_/CLK (sg13g2_dfrbpq_1)
                                 -0.267526    9.482473   library recovery time
                                              9.482473   data required time
---------------------------------------------------------------------------------------------
                                              9.482473   data required time
                                             -2.179743   data arrival time
---------------------------------------------------------------------------------------------
                                              7.302731   slack (MET)


Startpoint: rst_ni (input port clocked by clk_i)
Endpoint: _194_ (recovery check against rising-edge clock clk_i)
Path Group: asynchronous
Path Type: max

Fanout         Cap        Slew       Delay        Time   Description
---------------------------------------------------------------------------------------------
                      0.150000    0.000000    0.000000   clock clk_i (rise edge)
                                  0.000000    0.000000   clock network delay (ideal)
                                  2.000000    2.000000 ^ input external delay
    32    0.149020    0.250669    0.179743    2.179743 ^ rst_ni (in)
                                                         rst_ni (net)
                      0.250669    0.000000    2.179743 ^ _194_/RESET_B (sg13g2_dfrbpq_1)
                                              2.179743   data arrival time

                      0.150000   10.000000   10.000000   clock clk_i (rise edge)
                                  0.000000   10.000000   clock network delay (ideal)
                                 -0.250000    9.750000   clock uncertainty
                                  0.000000    9.750000   clock reconvergence pessimism
                                              9.750000 ^ _194_/CLK (sg13g2_dfrbpq_1)
                                 -0.267526    9.482473   library recovery time
                                              9.482473   data required time
---------------------------------------------------------------------------------------------
                                              9.482473   data required time
                                             -2.179743   data arrival time
---------------------------------------------------------------------------------------------
                                              7.302731   slack (MET)


Startpoint: rst_ni (input port clocked by clk_i)
Endpoint: _195_ (recovery check against rising-edge clock clk_i)
Path Group: asynchronous
Path Type: max

Fanout         Cap        Slew       Delay        Time   Description
---------------------------------------------------------------------------------------------
                      0.150000    0.000000    0.000000   clock clk_i (rise edge)
                                  0.000000    0.000000   clock network delay (ideal)
                                  2.000000    2.000000 ^ input external delay
    32    0.149020    0.250669    0.179743    2.179743 ^ rst_ni (in)
                                                         rst_ni (net)
                      0.250669    0.000000    2.179743 ^ _195_/RESET_B (sg13g2_dfrbpq_1)
                                              2.179743   data arrival time

                      0.150000   10.000000   10.000000   clock clk_i (rise edge)
                                  0.000000   10.000000   clock network delay (ideal)
                                 -0.250000    9.750000   clock uncertainty
                                  0.000000    9.750000   clock reconvergence pessimism
                                              9.750000 ^ _195_/CLK (sg13g2_dfrbpq_1)
                                 -0.267526    9.482473   library recovery time
                                              9.482473   data required time
---------------------------------------------------------------------------------------------
                                              9.482473   data required time
                                             -2.179743   data arrival time
---------------------------------------------------------------------------------------------
                                              7.302731   slack (MET)


Startpoint: rst_ni (input port clocked by clk_i)
Endpoint: _196_ (recovery check against rising-edge clock clk_i)
Path Group: asynchronous
Path Type: max

Fanout         Cap        Slew       Delay        Time   Description
---------------------------------------------------------------------------------------------
                      0.150000    0.000000    0.000000   clock clk_i (rise edge)
                                  0.000000    0.000000   clock network delay (ideal)
                                  2.000000    2.000000 ^ input external delay
    32    0.149020    0.250669    0.179743    2.179743 ^ rst_ni (in)
                                                         rst_ni (net)
                      0.250669    0.000000    2.179743 ^ _196_/RESET_B (sg13g2_dfrbpq_1)
                                              2.179743   data arrival time

                      0.150000   10.000000   10.000000   clock clk_i (rise edge)
                                  0.000000   10.000000   clock network delay (ideal)
                                 -0.250000    9.750000   clock uncertainty
                                  0.000000    9.750000   clock reconvergence pessimism
                                              9.750000 ^ _196_/CLK (sg13g2_dfrbpq_1)
                                 -0.267526    9.482473   library recovery time
                                              9.482473   data required time
---------------------------------------------------------------------------------------------
                                              9.482473   data required time
                                             -2.179743   data arrival time
---------------------------------------------------------------------------------------------
                                              7.302731   slack (MET)


Startpoint: rst_ni (input port clocked by clk_i)
Endpoint: _197_ (recovery check against rising-edge clock clk_i)
Path Group: asynchronous
Path Type: max

Fanout         Cap        Slew       Delay        Time   Description
---------------------------------------------------------------------------------------------
                      0.150000    0.000000    0.000000   clock clk_i (rise edge)
                                  0.000000    0.000000   clock network delay (ideal)
                                  2.000000    2.000000 ^ input external delay
    32    0.149020    0.250669    0.179743    2.179743 ^ rst_ni (in)
                                                         rst_ni (net)
                      0.250669    0.000000    2.179743 ^ _197_/RESET_B (sg13g2_dfrbpq_1)
                                              2.179743   data arrival time

                      0.150000   10.000000   10.000000   clock clk_i (rise edge)
                                  0.000000   10.000000   clock network delay (ideal)
                                 -0.250000    9.750000   clock uncertainty
                                  0.000000    9.750000   clock reconvergence pessimism
                                              9.750000 ^ _197_/CLK (sg13g2_dfrbpq_1)
                                 -0.267526    9.482473   library recovery time
                                              9.482473   data required time
---------------------------------------------------------------------------------------------
                                              9.482473   data required time
                                             -2.179743   data arrival time
---------------------------------------------------------------------------------------------
                                              7.302731   slack (MET)


Startpoint: rst_ni (input port clocked by clk_i)
Endpoint: _198_ (recovery check against rising-edge clock clk_i)
Path Group: asynchronous
Path Type: max

Fanout         Cap        Slew       Delay        Time   Description
---------------------------------------------------------------------------------------------
                      0.150000    0.000000    0.000000   clock clk_i (rise edge)
                                  0.000000    0.000000   clock network delay (ideal)
                                  2.000000    2.000000 ^ input external delay
    32    0.149020    0.250669    0.179743    2.179743 ^ rst_ni (in)
                                                         rst_ni (net)
                      0.250669    0.000000    2.179743 ^ _198_/RESET_B (sg13g2_dfrbpq_1)
                                              2.179743   data arrival time

                      0.150000   10.000000   10.000000   clock clk_i (rise edge)
                                  0.000000   10.000000   clock network delay (ideal)
                                 -0.250000    9.750000   clock uncertainty
                                  0.000000    9.750000   clock reconvergence pessimism
                                              9.750000 ^ _198_/CLK (sg13g2_dfrbpq_1)
                                 -0.267526    9.482473   library recovery time
                                              9.482473   data required time
---------------------------------------------------------------------------------------------
                                              9.482473   data required time
                                             -2.179743   data arrival time
---------------------------------------------------------------------------------------------
                                              7.302731   slack (MET)


Startpoint: rst_ni (input port clocked by clk_i)
Endpoint: _199_ (recovery check against rising-edge clock clk_i)
Path Group: asynchronous
Path Type: max

Fanout         Cap        Slew       Delay        Time   Description
---------------------------------------------------------------------------------------------
                      0.150000    0.000000    0.000000   clock clk_i (rise edge)
                                  0.000000    0.000000   clock network delay (ideal)
                                  2.000000    2.000000 ^ input external delay
    32    0.149020    0.250669    0.179743    2.179743 ^ rst_ni (in)
                                                         rst_ni (net)
                      0.250669    0.000000    2.179743 ^ _199_/RESET_B (sg13g2_dfrbpq_1)
                                              2.179743   data arrival time

                      0.150000   10.000000   10.000000   clock clk_i (rise edge)
                                  0.000000   10.000000   clock network delay (ideal)
                                 -0.250000    9.750000   clock uncertainty
                                  0.000000    9.750000   clock reconvergence pessimism
                                              9.750000 ^ _199_/CLK (sg13g2_dfrbpq_1)
                                 -0.267526    9.482473   library recovery time
                                              9.482473   data required time
---------------------------------------------------------------------------------------------
                                              9.482473   data required time
                                             -2.179743   data arrival time
---------------------------------------------------------------------------------------------
                                              7.302731   slack (MET)


Startpoint: rst_ni (input port clocked by clk_i)
Endpoint: _200_ (recovery check against rising-edge clock clk_i)
Path Group: asynchronous
Path Type: max

Fanout         Cap        Slew       Delay        Time   Description
---------------------------------------------------------------------------------------------
                      0.150000    0.000000    0.000000   clock clk_i (rise edge)
                                  0.000000    0.000000   clock network delay (ideal)
                                  2.000000    2.000000 ^ input external delay
    32    0.149020    0.250669    0.179743    2.179743 ^ rst_ni (in)
                                                         rst_ni (net)
                      0.250669    0.000000    2.179743 ^ _200_/RESET_B (sg13g2_dfrbpq_1)
                                              2.179743   data arrival time

                      0.150000   10.000000   10.000000   clock clk_i (rise edge)
                                  0.000000   10.000000   clock network delay (ideal)
                                 -0.250000    9.750000   clock uncertainty
                                  0.000000    9.750000   clock reconvergence pessimism
                                              9.750000 ^ _200_/CLK (sg13g2_dfrbpq_1)
                                 -0.267526    9.482473   library recovery time
                                              9.482473   data required time
---------------------------------------------------------------------------------------------
                                              9.482473   data required time
                                             -2.179743   data arrival time
---------------------------------------------------------------------------------------------
                                              7.302731   slack (MET)


Startpoint: rst_ni (input port clocked by clk_i)
Endpoint: _201_ (recovery check against rising-edge clock clk_i)
Path Group: asynchronous
Path Type: max

Fanout         Cap        Slew       Delay        Time   Description
---------------------------------------------------------------------------------------------
                      0.150000    0.000000    0.000000   clock clk_i (rise edge)
                                  0.000000    0.000000   clock network delay (ideal)
                                  2.000000    2.000000 ^ input external delay
    32    0.149020    0.250669    0.179743    2.179743 ^ rst_ni (in)
                                                         rst_ni (net)
                      0.250669    0.000000    2.179743 ^ _201_/RESET_B (sg13g2_dfrbpq_1)
                                              2.179743   data arrival time

                      0.150000   10.000000   10.000000   clock clk_i (rise edge)
                                  0.000000   10.000000   clock network delay (ideal)
                                 -0.250000    9.750000   clock uncertainty
                                  0.000000    9.750000   clock reconvergence pessimism
                                              9.750000 ^ _201_/CLK (sg13g2_dfrbpq_1)
                                 -0.267526    9.482473   library recovery time
                                              9.482473   data required time
---------------------------------------------------------------------------------------------
                                              9.482473   data required time
                                             -2.179743   data arrival time
---------------------------------------------------------------------------------------------
                                              7.302731   slack (MET)


Startpoint: rst_ni (input port clocked by clk_i)
Endpoint: _202_ (recovery check against rising-edge clock clk_i)
Path Group: asynchronous
Path Type: max

Fanout         Cap        Slew       Delay        Time   Description
---------------------------------------------------------------------------------------------
                      0.150000    0.000000    0.000000   clock clk_i (rise edge)
                                  0.000000    0.000000   clock network delay (ideal)
                                  2.000000    2.000000 ^ input external delay
    32    0.149020    0.250669    0.179743    2.179743 ^ rst_ni (in)
                                                         rst_ni (net)
                      0.250669    0.000000    2.179743 ^ _202_/RESET_B (sg13g2_dfrbpq_1)
                                              2.179743   data arrival time

                      0.150000   10.000000   10.000000   clock clk_i (rise edge)
                                  0.000000   10.000000   clock network delay (ideal)
                                 -0.250000    9.750000   clock uncertainty
                                  0.000000    9.750000   clock reconvergence pessimism
                                              9.750000 ^ _202_/CLK (sg13g2_dfrbpq_1)
                                 -0.267526    9.482473   library recovery time
                                              9.482473   data required time
---------------------------------------------------------------------------------------------
                                              9.482473   data required time
                                             -2.179743   data arrival time
---------------------------------------------------------------------------------------------
                                              7.302731   slack (MET)


Startpoint: ui_PAD2CORE[0] (input port clocked by clk_i)
Endpoint: _200_ (rising edge-triggered flip-flop clocked by clk_i)
Path Group: clk_i
Path Type: max

Fanout         Cap        Slew       Delay        Time   Description
---------------------------------------------------------------------------------------------
                      0.150000    0.000000    0.000000   clock clk_i (rise edge)
                                  0.000000    0.000000   clock network delay (ideal)
                                  2.000000    2.000000 ^ input external delay
    16    0.044502    0.093465    0.056519    2.056519 ^ ui_PAD2CORE[0] (in)
                                                         ui_PAD2CORE[0] (net)
                      0.093465    0.000000    2.056519 ^ _162_/A (sg13g2_nand2_1)
     2    0.007506    0.099124    0.120838    2.177357 v _162_/Y (sg13g2_nand2_1)
                                                         _060_ (net)
                      0.099124    0.000000    2.177357 v _163_/B (sg13g2_nand2b_1)
     1    0.001335    0.045196    0.072617    2.249974 ^ _163_/Y (sg13g2_nand2b_1)
                                                         _016_ (net)
                      0.045196    0.000000    2.249974 ^ _200_/D (sg13g2_dfrbpq_1)
                                              2.249974   data arrival time

                      0.150000   10.000000   10.000000   clock clk_i (rise edge)
                                  0.000000   10.000000   clock network delay (ideal)
                                 -0.250000    9.750000   clock uncertainty
                                  0.000000    9.750000   clock reconvergence pessimism
                                              9.750000 ^ _200_/CLK (sg13g2_dfrbpq_1)
                                 -0.175009    9.574992   library setup time
                                              9.574992   data required time
---------------------------------------------------------------------------------------------
                                              9.574992   data required time
                                             -2.249974   data arrival time
---------------------------------------------------------------------------------------------
                                              7.325018   slack (MET)


Startpoint: _202_ (rising edge-triggered flip-flop clocked by clk_i)
Endpoint: uo_CORE2PAD[0] (output port clocked by clk_i)
Path Group: clk_i
Path Type: max

Fanout         Cap        Slew       Delay        Time   Description
---------------------------------------------------------------------------------------------
                      0.150000    0.000000    0.000000   clock clk_i (rise edge)
                                  0.000000    0.000000   clock network delay (ideal)
                      0.150000    0.000000    0.000000 ^ _202_/CLK (sg13g2_dfrbpq_1)
     1    0.002150    0.033459    0.314409    0.314409 ^ _202_/Q (sg13g2_dfrbpq_1)
                                                         spm_inst.csa0.sum (net)
                      0.033459    0.000000    0.314409 ^ _219_/A (sg13g2_buf_1)
     1    0.006000    0.054244    0.105061    0.419470 ^ _219_/X (sg13g2_buf_1)
                                                         uo_CORE2PAD[0] (net)
                      0.054244    0.000000    0.419470 ^ uo_CORE2PAD[0] (out)
                                              0.419470   data arrival time

                      0.150000   10.000000   10.000000   clock clk_i (rise edge)
                                  0.000000   10.000000   clock network delay (ideal)
                                 -0.250000    9.750000   clock uncertainty
                                  0.000000    9.750000   clock reconvergence pessimism
                                 -2.000000    7.750000   output external delay
                                              7.750000   data required time
---------------------------------------------------------------------------------------------
                                              7.750000   data required time
                                             -0.419470   data arrival time
---------------------------------------------------------------------------------------------
                                              7.330530   slack (MET)



%OL_END_REPORT
%OL_CREATE_REPORT checks.rpt

===========================================================================
report_checks -unconstrained
===========================================================================
======================= nom_slow_1p08V_125C Corner ===================================

Startpoint: rst_ni (input port clocked by clk_i)
Endpoint: _171_ (recovery check against rising-edge clock clk_i)
Path Group: asynchronous
Path Type: max

Fanout         Cap        Slew       Delay        Time   Description
---------------------------------------------------------------------------------------------
                      0.150000    0.000000    0.000000   clock clk_i (rise edge)
                                  0.000000    0.000000   clock network delay (ideal)
                                  2.000000    2.000000 ^ input external delay
    32    0.149020    0.250669    0.179743    2.179743 ^ rst_ni (in)
                                                         rst_ni (net)
                      0.250669    0.000000    2.179743 ^ _171_/RESET_B (sg13g2_dfrbpq_1)
                                              2.179743   data arrival time

                      0.150000   10.000000   10.000000   clock clk_i (rise edge)
                                  0.000000   10.000000   clock network delay (ideal)
                                 -0.250000    9.750000   clock uncertainty
                                  0.000000    9.750000   clock reconvergence pessimism
                                              9.750000 ^ _171_/CLK (sg13g2_dfrbpq_1)
                                 -0.267526    9.482473   library recovery time
                                              9.482473   data required time
---------------------------------------------------------------------------------------------
                                              9.482473   data required time
                                             -2.179743   data arrival time
---------------------------------------------------------------------------------------------
                                              7.302731   slack (MET)


Startpoint: ui_PAD2CORE[0] (input port clocked by clk_i)
Endpoint: _173_ (rising edge-triggered flip-flop clocked by clk_i)
Path Group: clk_i
Path Type: max

Fanout         Cap        Slew       Delay        Time   Description
---------------------------------------------------------------------------------------------
                      0.150000    0.000000    0.000000   clock clk_i (rise edge)
                                  0.000000    0.000000   clock network delay (ideal)
                                  2.000000    2.000000 ^ input external delay
    16    0.044502    0.093465    0.056519    2.056519 ^ ui_PAD2CORE[0] (in)
                                                         ui_PAD2CORE[0] (net)
                      0.093465    0.000000    2.056519 ^ _084_/B (sg13g2_nand2_1)
     2    0.008184    0.100086    0.134584    2.191103 v _084_/Y (sg13g2_nand2_1)
                                                         _069_ (net)
                      0.100086    0.000000    2.191103 v _089_/A1 (sg13g2_o21ai_1)
     1    0.001335    0.079197    0.135458    2.326561 ^ _089_/Y (sg13g2_o21ai_1)
                                                         _004_ (net)
                      0.079197    0.000000    2.326561 ^ _173_/D (sg13g2_dfrbpq_1)
                                              2.326561   data arrival time

                      0.150000   10.000000   10.000000   clock clk_i (rise edge)
                                  0.000000   10.000000   clock network delay (ideal)
                                 -0.250000    9.750000   clock uncertainty
                                  0.000000    9.750000   clock reconvergence pessimism
                                              9.750000 ^ _173_/CLK (sg13g2_dfrbpq_1)
                                 -0.188877    9.561123   library setup time
                                              9.561123   data required time
---------------------------------------------------------------------------------------------
                                              9.561123   data required time
                                             -2.326561   data arrival time
---------------------------------------------------------------------------------------------
                                              7.234562   slack (MET)




===========================================================================
report_checks --slack_max -0.01
============================================================================
======================= nom_slow_1p08V_125C Corner ===================================

No paths found.


===========================================================================
 report_check_types -max_slew -max_cap -max_fanout -violators
============================================================================
======================= nom_slow_1p08V_125C Corner ===================================

max fanout

Pin                                   Limit Fanout  Slack
---------------------------------------------------------
rst_ni                                    8     32    -24 (VIOLATED)
ui_PAD2CORE[0]                            8     16     -8 (VIOLATED)



===========================================================================
report_parasitic_annotation -report_unannotated
============================================================================
Found 161 unannotated drivers.
 clk_i
 rst_ni
 ui_PAD2CORE[0]
 ui_PAD2CORE[10]
 ui_PAD2CORE[11]
 ui_PAD2CORE[12]
 ui_PAD2CORE[13]
 ui_PAD2CORE[14]
 ui_PAD2CORE[15]
 ui_PAD2CORE[16]
 ui_PAD2CORE[1]
 ui_PAD2CORE[2]
 ui_PAD2CORE[3]
 ui_PAD2CORE[4]
 ui_PAD2CORE[5]
 ui_PAD2CORE[6]
 ui_PAD2CORE[7]
 ui_PAD2CORE[8]
 ui_PAD2CORE[9]
 _078_/Y
 _079_/Y
 _080_/Y
 _081_/X
 _082_/Y
 _083_/Y
 _084_/Y
 _085_/Y
 _086_/Y
 _087_/X
 _088_/Y
 _089_/Y
 _090_/Y
 _091_/Y
 _092_/Y
 _093_/X
 _094_/Y
 _095_/Y
 _096_/Y
 _097_/Y
 _098_/Y
 _099_/X
 _100_/Y
 _101_/Y
 _102_/Y
 _103_/Y
 _104_/Y
 _105_/X
 _106_/Y
 _107_/Y
 _108_/Y
 _109_/Y
 _110_/Y
 _111_/X
 _112_/Y
 _113_/Y
 _114_/Y
 _115_/Y
 _116_/Y
 _117_/X
 _118_/Y
 _119_/Y
 _120_/Y
 _121_/Y
 _122_/Y
 _123_/X
 _124_/Y
 _125_/Y
 _126_/Y
 _127_/Y
 _128_/Y
 _129_/X
 _130_/Y
 _131_/Y
 _132_/Y
 _133_/Y
 _134_/Y
 _135_/X
 _136_/Y
 _137_/Y
 _138_/Y
 _139_/Y
 _140_/Y
 _141_/X
 _142_/Y
 _143_/Y
 _144_/Y
 _145_/Y
 _146_/Y
 _147_/X
 _148_/Y
 _149_/Y
 _150_/Y
 _151_/Y
 _152_/Y
 _153_/X
 _154_/Y
 _155_/Y
 _156_/Y
 _157_/Y
 _158_/Y
 _159_/X
 _160_/Y
 _161_/Y
 _162_/Y
 _163_/Y
 _164_/Y
 _165_/Y
 _166_/Y
 _167_/Y
 _168_/X
 _169_/Y
 _170_/Y
 _171_/Q
 _172_/Q
 _173_/Q
 _174_/Q
 _175_/Q
 _176_/Q
 _177_/Q
 _178_/Q
 _179_/Q
 _180_/Q
 _181_/Q
 _182_/Q
 _183_/Q
 _184_/Q
 _185_/Q
 _186_/Q
 _187_/Q
 _188_/Q
 _189_/Q
 _190_/Q
 _191_/Q
 _192_/Q
 _193_/Q
 _194_/Q
 _195_/Q
 _196_/Q
 _197_/Q
 _198_/Q
 _199_/Q
 _200_/Q
 _201_/Q
 _202_/Q
 _203_/L_HI
 _204_/L_LO
 _205_/L_LO
 _206_/L_LO
 _207_/L_LO
 _208_/L_LO
 _209_/L_LO
 _210_/L_LO
 _211_/L_LO
 _212_/L_LO
 _213_/L_LO
 _214_/L_LO
 _215_/L_LO
 _216_/L_LO
 _217_/L_LO
 _218_/L_LO
 _219_/X
Found 0 partially unannotated drivers.

===========================================================================
max slew violation count 0
%OL_METRIC_I design__max_slew_violation__count__corner:nom_slow_1p08V_125C 0
max fanout violation count 2
%OL_METRIC_I design__max_fanout_violation__count__corner:nom_slow_1p08V_125C 2
max cap violation count 0
%OL_METRIC_I design__max_cap_violation__count__corner:nom_slow_1p08V_125C 0
============================================================================

===========================================================================
check_setup -verbose -unconstrained_endpoints -multiple_clock -no_clock -no_input_delay -loops -generated_clocks
===========================================================================
%OL_END_REPORT
%OL_CREATE_REPORT power.rpt

===========================================================================
 report_power
============================================================================
======================= nom_slow_1p08V_125C Corner ===================================

Group                    Internal    Switching      Leakage        Total
                            Power        Power        Power        Power (Watts)
------------------------------------------------------------------------
Sequential           2.003054e-04 1.688133e-05 7.526205e-08 2.172620e-04  80.5%
Combinational        3.586458e-05 1.681564e-05 5.298129e-08 5.273320e-05  19.5%
Clock                0.000000e+00 0.000000e+00 0.000000e+00 0.000000e+00   0.0%
Macro                0.000000e+00 0.000000e+00 0.000000e+00 0.000000e+00   0.0%
Pad                  0.000000e+00 0.000000e+00 0.000000e+00 0.000000e+00   0.0%
------------------------------------------------------------------------
Total                2.361700e-04 3.369697e-05 1.282434e-07 2.699952e-04 100.0%
                            87.5%        12.5%         0.0%
%OL_METRIC_F power__internal__total 0.0002361699880566448
%OL_METRIC_F power__switching__total 3.369696787558496e-5
%OL_METRIC_F power__leakage__total 1.2824341411032947e-7
%OL_METRIC_F power__total 0.0002699951874092221

%OL_END_REPORT
%OL_CREATE_REPORT skew.min.rpt

===========================================================================
Clock Skew (Hold)
============================================================================
%OL_METRIC_F clock__skew__worst_hold__corner:nom_slow_1p08V_125C -0.25
======================= nom_slow_1p08V_125C Corner ===================================

Clock clk_i
0.113198 source latency _171_/CLK ^
-0.113198 target latency _171_/CLK ^
-0.250000 clock uncertainty
0.000000 CRPR
--------------
-0.250000 hold skew

%OL_END_REPORT
%OL_CREATE_REPORT skew.max.rpt

===========================================================================
Clock Skew (Setup)
============================================================================
%OL_METRIC_F clock__skew__worst_setup__corner:nom_slow_1p08V_125C 0.25
======================= nom_slow_1p08V_125C Corner ===================================

Clock clk_i
0.113198 source latency _171_/CLK ^
-0.113198 target latency _171_/CLK ^
0.250000 clock uncertainty
0.000000 CRPR
--------------
0.250000 setup skew

%OL_END_REPORT
%OL_CREATE_REPORT ws.min.rpt

===========================================================================
Worst Slack (Hold)
============================================================================
%OL_METRIC_F timing__hold__ws__corner:nom_slow_1p08V_125C 0.19485238973847474
nom_slow_1p08V_125C: 0.19485238973847474
%OL_END_REPORT
%OL_CREATE_REPORT ws.max.rpt

===========================================================================
Worst Slack (Setup)
============================================================================
%OL_METRIC_F timing__setup__ws__corner:nom_slow_1p08V_125C 7.23456204309464
nom_slow_1p08V_125C: 7.23456204309464
%OL_END_REPORT
%OL_CREATE_REPORT tns.min.rpt

===========================================================================
Total Negative Slack (Hold)
============================================================================
%OL_METRIC_F timing__hold__tns__corner:nom_slow_1p08V_125C 0.0
nom_slow_1p08V_125C: 0.0
%OL_END_REPORT
%OL_CREATE_REPORT tns.max.rpt

===========================================================================
Total Negative Slack (Setup)
============================================================================
%OL_METRIC_F timing__setup__tns__corner:nom_slow_1p08V_125C 0.0
nom_slow_1p08V_125C: 0.0
%OL_END_REPORT
%OL_CREATE_REPORT wns.min.rpt

===========================================================================
Worst Negative Slack (Hold)
============================================================================
%OL_METRIC_F timing__hold__wns__corner:nom_slow_1p08V_125C 0
nom_slow_1p08V_125C: 0
%OL_END_REPORT
%OL_CREATE_REPORT wns.max.rpt

===========================================================================
Worst Negative Slack (Setup)
============================================================================
%OL_METRIC_F timing__setup__wns__corner:nom_slow_1p08V_125C 0.0
nom_slow_1p08V_125C: 0.0
%OL_END_REPORT
%OL_CREATE_REPORT violator_list.rpt

===========================================================================
Violator List
============================================================================
%OL_METRIC_I timing__hold_vio__count__corner:nom_slow_1p08V_125C 0
%OL_METRIC_F timing__hold_r2r__ws__corner:nom_slow_1p08V_125C 0.194852
%OL_METRIC_I timing__hold_r2r_vio__count__corner:nom_slow_1p08V_125C 0
%OL_METRIC_I timing__setup_vio__count__corner:nom_slow_1p08V_125C 0
%OL_METRIC_F timing__setup_r2r__ws__corner:nom_slow_1p08V_125C inf
%OL_METRIC_I timing__setup_r2r_vio__count__corner:nom_slow_1p08V_125C 0
%OL_END_REPORT
%OL_CREATE_REPORT unpropagated.rpt
clk_i
%OL_END_REPORT
%OL_CREATE_REPORT clock.rpt
Clock: clk_i
Sources: clk_i 
Generated: no
Virtual: no
Propagated: no
Period: 10.000000

===========================================================================
report_clock_properties
============================================================================
Clock                   Period          Waveform
----------------------------------------------------
clk_i                10.000000    0.000000  5.000000

===========================================================================
report_clock_latency
============================================================================
Clock clk_i
rise -> rise
    min     max
0.000000 0.000000 source latency
0.113198         network latency _171_/CLK
        0.113198 network latency _171_/CLK
---------------
0.113198 0.113198 latency
        0.000000 skew

fall -> fall
    min     max
0.000000 0.000000 source latency
0.084092         network latency _171_/CLK
        0.084092 network latency _171_/CLK
---------------
0.084092 0.084092 latency
        0.000000 skew



===========================================================================
report_clock_min_period
============================================================================
clk_i period_min = 0.00 fmax = inf
%OL_END_REPORT
Writing SDF files for all corners…
