
===========================================================================
report_checks -path_delay min (Hold)
============================================================================
======================= nom_typ_1p20V_25C Corner ===================================

Startpoint: _200_ (rising edge-triggered flip-flop clocked by clk_i)
Endpoint: _199_ (rising edge-triggered flip-flop clocked by clk_i)
Path Group: clk_i
Path Type: min

Fanout         Cap        Slew       Delay        Time   Description
---------------------------------------------------------------------------------------------
                                  0.000000    0.000000   clock clk_i (rise edge)
                                  0.000000    0.000000   clock source latency
     1    0.024077    0.038967    0.020348    0.020348 ^ clk_i (in)
                                                         clk_i (net)
                      0.039068    0.000000    0.020348 ^ clkbuf_0_clk_i/A (sg13g2_buf_16)
     8    0.155975    0.051557    0.095633    0.115981 ^ clkbuf_0_clk_i/X (sg13g2_buf_16)
                                                         clknet_0_clk_i (net)
                      0.051794    0.002590    0.118571 ^ clkbuf_3_2__f_clk_i/A (sg13g2_buf_16)
     4    0.015639    0.019493    0.074893    0.193465 ^ clkbuf_3_2__f_clk_i/X (sg13g2_buf_16)
                                                         clknet_3_2__leaf_clk_i (net)
                      0.019493    0.000105    0.193570 ^ _200_/CLK (sg13g2_dfrbpq_1)
     2    0.009418    0.037586    0.175272    0.368842 v _200_/Q (sg13g2_dfrbpq_1)
                                                         spm_inst.tcmp.z (net)
                      0.037586    0.000104    0.368945 v _164_/A (sg13g2_xnor2_1)
     1    0.001854    0.027834    0.059140    0.428085 v _164_/Y (sg13g2_xnor2_1)
                                                         _015_ (net)
                      0.027834    0.000013    0.428098 v _199_/D (sg13g2_dfrbpq_1)
                                              0.428098   data arrival time

                                  0.000000    0.000000   clock clk_i (rise edge)
                                  0.000000    0.000000   clock source latency
     1    0.024077    0.038967    0.020348    0.020348 ^ clk_i (in)
                                                         clk_i (net)
                      0.039068    0.000000    0.020348 ^ clkbuf_0_clk_i/A (sg13g2_buf_16)
     8    0.155975    0.051557    0.095633    0.115981 ^ clkbuf_0_clk_i/X (sg13g2_buf_16)
                                                         clknet_0_clk_i (net)
                      0.051794    0.002590    0.118571 ^ clkbuf_3_2__f_clk_i/A (sg13g2_buf_16)
     4    0.015639    0.019493    0.074893    0.193465 ^ clkbuf_3_2__f_clk_i/X (sg13g2_buf_16)
                                                         clknet_3_2__leaf_clk_i (net)
                      0.019493    0.000132    0.193596 ^ _199_/CLK (sg13g2_dfrbpq_1)
                                  0.250000    0.443596   clock uncertainty
                                  0.000000    0.443596   clock reconvergence pessimism
                                 -0.036972    0.406624   library hold time
                                              0.406624   data required time
---------------------------------------------------------------------------------------------
                                              0.406624   data required time
                                             -0.428098   data arrival time
---------------------------------------------------------------------------------------------
                                              0.021474   slack (MET)


Startpoint: _200_ (rising edge-triggered flip-flop clocked by clk_i)
Endpoint: _200_ (rising edge-triggered flip-flop clocked by clk_i)
Path Group: clk_i
Path Type: min

Fanout         Cap        Slew       Delay        Time   Description
---------------------------------------------------------------------------------------------
                                  0.000000    0.000000   clock clk_i (rise edge)
                                  0.000000    0.000000   clock source latency
     1    0.024077    0.038967    0.020348    0.020348 ^ clk_i (in)
                                                         clk_i (net)
                      0.039068    0.000000    0.020348 ^ clkbuf_0_clk_i/A (sg13g2_buf_16)
     8    0.155975    0.051557    0.095633    0.115981 ^ clkbuf_0_clk_i/X (sg13g2_buf_16)
                                                         clknet_0_clk_i (net)
                      0.051794    0.002590    0.118571 ^ clkbuf_3_2__f_clk_i/A (sg13g2_buf_16)
     4    0.015639    0.019493    0.074893    0.193465 ^ clkbuf_3_2__f_clk_i/X (sg13g2_buf_16)
                                                         clknet_3_2__leaf_clk_i (net)
                      0.019493    0.000105    0.193570 ^ _200_/CLK (sg13g2_dfrbpq_1)
     2    0.009418    0.037586    0.175272    0.368842 v _200_/Q (sg13g2_dfrbpq_1)
                                                         spm_inst.tcmp.z (net)
                      0.037586    0.000048    0.368890 v _163_/A_N (sg13g2_nand2b_1)
     1    0.002571    0.030858    0.077227    0.446118 v _163_/Y (sg13g2_nand2b_1)
                                                         _016_ (net)
                      0.030858    0.000028    0.446146 v _200_/D (sg13g2_dfrbpq_1)
                                              0.446146   data arrival time

                                  0.000000    0.000000   clock clk_i (rise edge)
                                  0.000000    0.000000   clock source latency
     1    0.024077    0.038967    0.020348    0.020348 ^ clk_i (in)
                                                         clk_i (net)
                      0.039068    0.000000    0.020348 ^ clkbuf_0_clk_i/A (sg13g2_buf_16)
     8    0.155975    0.051557    0.095633    0.115981 ^ clkbuf_0_clk_i/X (sg13g2_buf_16)
                                                         clknet_0_clk_i (net)
                      0.051794    0.002590    0.118571 ^ clkbuf_3_2__f_clk_i/A (sg13g2_buf_16)
     4    0.015639    0.019493    0.074893    0.193465 ^ clkbuf_3_2__f_clk_i/X (sg13g2_buf_16)
                                                         clknet_3_2__leaf_clk_i (net)
                      0.019493    0.000105    0.193570 ^ _200_/CLK (sg13g2_dfrbpq_1)
                                  0.250000    0.443570   clock uncertainty
                                  0.000000    0.443570   clock reconvergence pessimism
                                 -0.037930    0.405640   library hold time
                                              0.405640   data required time
---------------------------------------------------------------------------------------------
                                              0.405640   data required time
                                             -0.446146   data arrival time
---------------------------------------------------------------------------------------------
                                              0.040506   slack (MET)


Startpoint: _171_ (rising edge-triggered flip-flop clocked by clk_i)
Endpoint: _171_ (rising edge-triggered flip-flop clocked by clk_i)
Path Group: clk_i
Path Type: min

Fanout         Cap        Slew       Delay        Time   Description
---------------------------------------------------------------------------------------------
                                  0.000000    0.000000   clock clk_i (rise edge)
                                  0.000000    0.000000   clock source latency
     1    0.024077    0.038967    0.020348    0.020348 ^ clk_i (in)
                                                         clk_i (net)
                      0.039068    0.000000    0.020348 ^ clkbuf_0_clk_i/A (sg13g2_buf_16)
     8    0.155975    0.051557    0.095633    0.115981 ^ clkbuf_0_clk_i/X (sg13g2_buf_16)
                                                         clknet_0_clk_i (net)
                      0.051794    0.002590    0.118571 ^ clkbuf_3_2__f_clk_i/A (sg13g2_buf_16)
     4    0.015639    0.019493    0.074893    0.193465 ^ clkbuf_3_2__f_clk_i/X (sg13g2_buf_16)
                                                         clknet_3_2__leaf_clk_i (net)
                      0.019493    0.000174    0.193639 ^ _171_/CLK (sg13g2_dfrbpq_1)
     3    0.013085    0.048369    0.184230    0.377869 v _171_/Q (sg13g2_dfrbpq_1)
                                                         spm_inst.genblk1[14].csa.sc (net)
                      0.048369    0.000097    0.377966 v _079_/A (sg13g2_nand2_1)
     1    0.003538    0.029945    0.038925    0.416891 ^ _079_/Y (sg13g2_nand2_1)
                                                         _066_ (net)
                      0.029945    0.000021    0.416911 ^ _083_/B1 (sg13g2_o21ai_1)
     1    0.002179    0.027519    0.038691    0.455602 v _083_/Y (sg13g2_o21ai_1)
                                                         _005_ (net)
                      0.027519    0.000019    0.455622 v _171_/D (sg13g2_dfrbpq_1)
                                              0.455622   data arrival time

                                  0.000000    0.000000   clock clk_i (rise edge)
                                  0.000000    0.000000   clock source latency
     1    0.024077    0.038967    0.020348    0.020348 ^ clk_i (in)
                                                         clk_i (net)
                      0.039068    0.000000    0.020348 ^ clkbuf_0_clk_i/A (sg13g2_buf_16)
     8    0.155975    0.051557    0.095633    0.115981 ^ clkbuf_0_clk_i/X (sg13g2_buf_16)
                                                         clknet_0_clk_i (net)
                      0.051794    0.002590    0.118571 ^ clkbuf_3_2__f_clk_i/A (sg13g2_buf_16)
     4    0.015639    0.019493    0.074893    0.193465 ^ clkbuf_3_2__f_clk_i/X (sg13g2_buf_16)
                                                         clknet_3_2__leaf_clk_i (net)
                      0.019493    0.000174    0.193639 ^ _171_/CLK (sg13g2_dfrbpq_1)
                                  0.250000    0.443639   clock uncertainty
                                  0.000000    0.443639   clock reconvergence pessimism
                                 -0.036872    0.406767   library hold time
                                              0.406767   data required time
---------------------------------------------------------------------------------------------
                                              0.406767   data required time
                                             -0.455622   data arrival time
---------------------------------------------------------------------------------------------
                                              0.048855   slack (MET)


Startpoint: _175_ (rising edge-triggered flip-flop clocked by clk_i)
Endpoint: _175_ (rising edge-triggered flip-flop clocked by clk_i)
Path Group: clk_i
Path Type: min

Fanout         Cap        Slew       Delay        Time   Description
---------------------------------------------------------------------------------------------
                                  0.000000    0.000000   clock clk_i (rise edge)
                                  0.000000    0.000000   clock source latency
     1    0.024077    0.038967    0.020348    0.020348 ^ clk_i (in)
                                                         clk_i (net)
                      0.039068    0.000000    0.020348 ^ clkbuf_0_clk_i/A (sg13g2_buf_16)
     8    0.155975    0.051557    0.095633    0.115981 ^ clkbuf_0_clk_i/X (sg13g2_buf_16)
                                                         clknet_0_clk_i (net)
                      0.051686    0.001798    0.117779 ^ clkbuf_3_0__f_clk_i/A (sg13g2_buf_16)
     4    0.014672    0.019279    0.074654    0.192433 ^ clkbuf_3_0__f_clk_i/X (sg13g2_buf_16)
                                                         clknet_3_0__leaf_clk_i (net)
                      0.019279    0.000098    0.192531 ^ _175_/CLK (sg13g2_dfrbpq_1)
     3    0.012924    0.047881    0.183762    0.376294 v _175_/Q (sg13g2_dfrbpq_1)
                                                         spm_inst.genblk1[12].csa.sc (net)
                      0.047881    0.000063    0.376357 v _091_/A (sg13g2_nand2_1)
     1    0.003492    0.029682    0.038631    0.414988 ^ _091_/Y (sg13g2_nand2_1)
                                                         _074_ (net)
                      0.029682    0.000019    0.415007 ^ _095_/B1 (sg13g2_o21ai_1)
     1    0.002486    0.029010    0.039951    0.454958 v _095_/Y (sg13g2_o21ai_1)
                                                         _003_ (net)
                      0.029010    0.000026    0.454984 v _175_/D (sg13g2_dfrbpq_1)
                                              0.454984   data arrival time

                                  0.000000    0.000000   clock clk_i (rise edge)
                                  0.000000    0.000000   clock source latency
     1    0.024077    0.038967    0.020348    0.020348 ^ clk_i (in)
                                                         clk_i (net)
                      0.039068    0.000000    0.020348 ^ clkbuf_0_clk_i/A (sg13g2_buf_16)
     8    0.155975    0.051557    0.095633    0.115981 ^ clkbuf_0_clk_i/X (sg13g2_buf_16)
                                                         clknet_0_clk_i (net)
                      0.051686    0.001798    0.117779 ^ clkbuf_3_0__f_clk_i/A (sg13g2_buf_16)
     4    0.014672    0.019279    0.074654    0.192433 ^ clkbuf_3_0__f_clk_i/X (sg13g2_buf_16)
                                                         clknet_3_0__leaf_clk_i (net)
                      0.019279    0.000098    0.192531 ^ _175_/CLK (sg13g2_dfrbpq_1)
                                  0.250000    0.442531   clock uncertainty
                                  0.000000    0.442531   clock reconvergence pessimism
                                 -0.037389    0.405142   library hold time
                                              0.405142   data required time
---------------------------------------------------------------------------------------------
                                              0.405142   data required time
                                             -0.454984   data arrival time
---------------------------------------------------------------------------------------------
                                              0.049842   slack (MET)


Startpoint: _191_ (rising edge-triggered flip-flop clocked by clk_i)
Endpoint: _191_ (rising edge-triggered flip-flop clocked by clk_i)
Path Group: clk_i
Path Type: min

Fanout         Cap        Slew       Delay        Time   Description
---------------------------------------------------------------------------------------------
                                  0.000000    0.000000   clock clk_i (rise edge)
                                  0.000000    0.000000   clock source latency
     1    0.024077    0.038967    0.020348    0.020348 ^ clk_i (in)
                                                         clk_i (net)
                      0.039068    0.000000    0.020348 ^ clkbuf_0_clk_i/A (sg13g2_buf_16)
     8    0.155975    0.051557    0.095633    0.115981 ^ clkbuf_0_clk_i/X (sg13g2_buf_16)
                                                         clknet_0_clk_i (net)
                      0.051667    0.001625    0.117607 ^ clkbuf_3_6__f_clk_i/A (sg13g2_buf_16)
     4    0.014941    0.019326    0.074698    0.192305 ^ clkbuf_3_6__f_clk_i/X (sg13g2_buf_16)
                                                         clknet_3_6__leaf_clk_i (net)
                      0.019327    0.000107    0.192411 ^ _191_/CLK (sg13g2_dfrbpq_1)
     3    0.012605    0.046950    0.182977    0.375388 v _191_/Q (sg13g2_dfrbpq_1)
                                                         spm_inst.genblk1[4].csa.sc (net)
                      0.046950    0.000091    0.375479 v _139_/A (sg13g2_nand2_1)
     1    0.003492    0.029486    0.038352    0.413831 ^ _139_/Y (sg13g2_nand2_1)
                                                         _045_ (net)
                      0.029486    0.000019    0.413850 ^ _143_/B1 (sg13g2_o21ai_1)
     1    0.002787    0.030484    0.041202    0.455052 v _143_/Y (sg13g2_o21ai_1)
                                                         _009_ (net)
                      0.030484    0.000033    0.455085 v _191_/D (sg13g2_dfrbpq_1)
                                              0.455085   data arrival time

                                  0.000000    0.000000   clock clk_i (rise edge)
                                  0.000000    0.000000   clock source latency
     1    0.024077    0.038967    0.020348    0.020348 ^ clk_i (in)
                                                         clk_i (net)
                      0.039068    0.000000    0.020348 ^ clkbuf_0_clk_i/A (sg13g2_buf_16)
     8    0.155975    0.051557    0.095633    0.115981 ^ clkbuf_0_clk_i/X (sg13g2_buf_16)
                                                         clknet_0_clk_i (net)
                      0.051667    0.001625    0.117607 ^ clkbuf_3_6__f_clk_i/A (sg13g2_buf_16)
     4    0.014941    0.019326    0.074698    0.192305 ^ clkbuf_3_6__f_clk_i/X (sg13g2_buf_16)
                                                         clknet_3_6__leaf_clk_i (net)
                      0.019327    0.000107    0.192411 ^ _191_/CLK (sg13g2_dfrbpq_1)
                                  0.250000    0.442411   clock uncertainty
                                  0.000000    0.442411   clock reconvergence pessimism
                                 -0.037846    0.404565   library hold time
                                              0.404565   data required time
---------------------------------------------------------------------------------------------
                                              0.404565   data required time
                                             -0.455085   data arrival time
---------------------------------------------------------------------------------------------
                                              0.050520   slack (MET)


Startpoint: _173_ (rising edge-triggered flip-flop clocked by clk_i)
Endpoint: _173_ (rising edge-triggered flip-flop clocked by clk_i)
Path Group: clk_i
Path Type: min

Fanout         Cap        Slew       Delay        Time   Description
---------------------------------------------------------------------------------------------
                                  0.000000    0.000000   clock clk_i (rise edge)
                                  0.000000    0.000000   clock source latency
     1    0.024077    0.038967    0.020348    0.020348 ^ clk_i (in)
                                                         clk_i (net)
                      0.039068    0.000000    0.020348 ^ clkbuf_0_clk_i/A (sg13g2_buf_16)
     8    0.155975    0.051557    0.095633    0.115981 ^ clkbuf_0_clk_i/X (sg13g2_buf_16)
                                                         clknet_0_clk_i (net)
                      0.051686    0.001798    0.117779 ^ clkbuf_3_0__f_clk_i/A (sg13g2_buf_16)
     4    0.014672    0.019279    0.074654    0.192433 ^ clkbuf_3_0__f_clk_i/X (sg13g2_buf_16)
                                                         clknet_3_0__leaf_clk_i (net)
                      0.019279    0.000076    0.192509 ^ _173_/CLK (sg13g2_dfrbpq_1)
     3    0.013692    0.050191    0.185564    0.378073 v _173_/Q (sg13g2_dfrbpq_1)
                                                         spm_inst.genblk1[13].csa.sc (net)
                      0.050191    0.000141    0.378214 v _085_/A (sg13g2_nand2_1)
     1    0.003492    0.030169    0.039325    0.417539 ^ _085_/Y (sg13g2_nand2_1)
                                                         _070_ (net)
                      0.030169    0.000019    0.417558 ^ _089_/B1 (sg13g2_o21ai_1)
     1    0.002179    0.027560    0.038753    0.456311 v _089_/Y (sg13g2_o21ai_1)
                                                         _004_ (net)
                      0.027560    0.000019    0.456330 v _173_/D (sg13g2_dfrbpq_1)
                                              0.456330   data arrival time

                                  0.000000    0.000000   clock clk_i (rise edge)
                                  0.000000    0.000000   clock source latency
     1    0.024077    0.038967    0.020348    0.020348 ^ clk_i (in)
                                                         clk_i (net)
                      0.039068    0.000000    0.020348 ^ clkbuf_0_clk_i/A (sg13g2_buf_16)
     8    0.155975    0.051557    0.095633    0.115981 ^ clkbuf_0_clk_i/X (sg13g2_buf_16)
                                                         clknet_0_clk_i (net)
                      0.051686    0.001798    0.117779 ^ clkbuf_3_0__f_clk_i/A (sg13g2_buf_16)
     4    0.014672    0.019279    0.074654    0.192433 ^ clkbuf_3_0__f_clk_i/X (sg13g2_buf_16)
                                                         clknet_3_0__leaf_clk_i (net)
                      0.019279    0.000076    0.192509 ^ _173_/CLK (sg13g2_dfrbpq_1)
                                  0.250000    0.442509   clock uncertainty
                                  0.000000    0.442509   clock reconvergence pessimism
                                 -0.036930    0.405579   library hold time
                                              0.405579   data required time
---------------------------------------------------------------------------------------------
                                              0.405579   data required time
                                             -0.456330   data arrival time
---------------------------------------------------------------------------------------------
                                              0.050751   slack (MET)


Startpoint: _195_ (rising edge-triggered flip-flop clocked by clk_i)
Endpoint: _195_ (rising edge-triggered flip-flop clocked by clk_i)
Path Group: clk_i
Path Type: min

Fanout         Cap        Slew       Delay        Time   Description
---------------------------------------------------------------------------------------------
                                  0.000000    0.000000   clock clk_i (rise edge)
                                  0.000000    0.000000   clock source latency
     1    0.024077    0.038967    0.020348    0.020348 ^ clk_i (in)
                                                         clk_i (net)
                      0.039068    0.000000    0.020348 ^ clkbuf_0_clk_i/A (sg13g2_buf_16)
     8    0.155975    0.051557    0.095633    0.115981 ^ clkbuf_0_clk_i/X (sg13g2_buf_16)
                                                         clknet_0_clk_i (net)
                      0.051723    0.002107    0.118088 ^ clkbuf_3_7__f_clk_i/A (sg13g2_buf_16)
     4    0.014887    0.019315    0.074711    0.192799 ^ clkbuf_3_7__f_clk_i/X (sg13g2_buf_16)
                                                         clknet_3_7__leaf_clk_i (net)
                      0.019315    0.000140    0.192939 ^ _195_/CLK (sg13g2_dfrbpq_1)
     3    0.012456    0.046505    0.182613    0.375553 v _195_/Q (sg13g2_dfrbpq_1)
                                                         spm_inst.genblk1[2].csa.sc (net)
                      0.046505    0.000084    0.375637 v _151_/A (sg13g2_nand2_1)
     1    0.003664    0.029997    0.038768    0.414405 ^ _151_/Y (sg13g2_nand2_1)
                                                         _053_ (net)
                      0.029997    0.000025    0.414429 ^ _155_/B1 (sg13g2_o21ai_1)
     1    0.002824    0.030763    0.041510    0.455940 v _155_/Y (sg13g2_o21ai_1)
                                                         _007_ (net)
                      0.030763    0.000034    0.455974 v _195_/D (sg13g2_dfrbpq_1)
                                              0.455974   data arrival time

                                  0.000000    0.000000   clock clk_i (rise edge)
                                  0.000000    0.000000   clock source latency
     1    0.024077    0.038967    0.020348    0.020348 ^ clk_i (in)
                                                         clk_i (net)
                      0.039068    0.000000    0.020348 ^ clkbuf_0_clk_i/A (sg13g2_buf_16)
     8    0.155975    0.051557    0.095633    0.115981 ^ clkbuf_0_clk_i/X (sg13g2_buf_16)
                                                         clknet_0_clk_i (net)
                      0.051723    0.002107    0.118088 ^ clkbuf_3_7__f_clk_i/A (sg13g2_buf_16)
     4    0.014887    0.019315    0.074711    0.192799 ^ clkbuf_3_7__f_clk_i/X (sg13g2_buf_16)
                                                         clknet_3_7__leaf_clk_i (net)
                      0.019315    0.000140    0.192939 ^ _195_/CLK (sg13g2_dfrbpq_1)
                                  0.250000    0.442939   clock uncertainty
                                  0.000000    0.442939   clock reconvergence pessimism
                                 -0.037937    0.405002   library hold time
                                              0.405002   data required time
---------------------------------------------------------------------------------------------
                                              0.405002   data required time
                                             -0.455974   data arrival time
---------------------------------------------------------------------------------------------
                                              0.050971   slack (MET)


Startpoint: _185_ (rising edge-triggered flip-flop clocked by clk_i)
Endpoint: _185_ (rising edge-triggered flip-flop clocked by clk_i)
Path Group: clk_i
Path Type: min

Fanout         Cap        Slew       Delay        Time   Description
---------------------------------------------------------------------------------------------
                                  0.000000    0.000000   clock clk_i (rise edge)
                                  0.000000    0.000000   clock source latency
     1    0.024077    0.038967    0.020348    0.020348 ^ clk_i (in)
                                                         clk_i (net)
                      0.039068    0.000000    0.020348 ^ clkbuf_0_clk_i/A (sg13g2_buf_16)
     8    0.155975    0.051557    0.095633    0.115981 ^ clkbuf_0_clk_i/X (sg13g2_buf_16)
                                                         clknet_0_clk_i (net)
                      0.051635    0.001259    0.117240 ^ clkbuf_3_1__f_clk_i/A (sg13g2_buf_16)
     4    0.016133    0.019597    0.074907    0.192147 ^ clkbuf_3_1__f_clk_i/X (sg13g2_buf_16)
                                                         clknet_3_1__leaf_clk_i (net)
                      0.019598    0.000232    0.192379 ^ _185_/CLK (sg13g2_dfrbpq_1)
     3    0.013086    0.048373    0.184283    0.376662 v _185_/Q (sg13g2_dfrbpq_1)
                                                         spm_inst.genblk1[7].csa.sc (net)
                      0.048373    0.000101    0.376763 v _121_/A (sg13g2_nand2_1)
     1    0.004558    0.033523    0.042212    0.418975 ^ _121_/Y (sg13g2_nand2_1)
                                                         _033_ (net)
                      0.033523    0.000061    0.419035 ^ _125_/B1 (sg13g2_o21ai_1)
     1    0.001959    0.027076    0.038721    0.457757 v _125_/Y (sg13g2_o21ai_1)
                                                         _012_ (net)
                      0.027076    0.000015    0.457772 v _185_/D (sg13g2_dfrbpq_1)
                                              0.457772   data arrival time

                                  0.000000    0.000000   clock clk_i (rise edge)
                                  0.000000    0.000000   clock source latency
     1    0.024077    0.038967    0.020348    0.020348 ^ clk_i (in)
                                                         clk_i (net)
                      0.039068    0.000000    0.020348 ^ clkbuf_0_clk_i/A (sg13g2_buf_16)
     8    0.155975    0.051557    0.095633    0.115981 ^ clkbuf_0_clk_i/X (sg13g2_buf_16)
                                                         clknet_0_clk_i (net)
                      0.051635    0.001259    0.117240 ^ clkbuf_3_1__f_clk_i/A (sg13g2_buf_16)
     4    0.016133    0.019597    0.074907    0.192147 ^ clkbuf_3_1__f_clk_i/X (sg13g2_buf_16)
                                                         clknet_3_1__leaf_clk_i (net)
                      0.019598    0.000232    0.192379 ^ _185_/CLK (sg13g2_dfrbpq_1)
                                  0.250000    0.442379   clock uncertainty
                                  0.000000    0.442379   clock reconvergence pessimism
                                 -0.036710    0.405669   library hold time
                                              0.405669   data required time
---------------------------------------------------------------------------------------------
                                              0.405669   data required time
                                             -0.457772   data arrival time
---------------------------------------------------------------------------------------------
                                              0.052103   slack (MET)


Startpoint: _187_ (rising edge-triggered flip-flop clocked by clk_i)
Endpoint: _187_ (rising edge-triggered flip-flop clocked by clk_i)
Path Group: clk_i
Path Type: min

Fanout         Cap        Slew       Delay        Time   Description
---------------------------------------------------------------------------------------------
                                  0.000000    0.000000   clock clk_i (rise edge)
                                  0.000000    0.000000   clock source latency
     1    0.024077    0.038967    0.020348    0.020348 ^ clk_i (in)
                                                         clk_i (net)
                      0.039068    0.000000    0.020348 ^ clkbuf_0_clk_i/A (sg13g2_buf_16)
     8    0.155975    0.051557    0.095633    0.115981 ^ clkbuf_0_clk_i/X (sg13g2_buf_16)
                                                         clknet_0_clk_i (net)
                      0.051690    0.001839    0.117820 ^ clkbuf_3_3__f_clk_i/A (sg13g2_buf_16)
     4    0.016313    0.019642    0.074970    0.192790 ^ clkbuf_3_3__f_clk_i/X (sg13g2_buf_16)
                                                         clknet_3_3__leaf_clk_i (net)
                      0.019642    0.000207    0.192997 ^ _187_/CLK (sg13g2_dfrbpq_1)
     3    0.012970    0.048042    0.183996    0.376993 v _187_/Q (sg13g2_dfrbpq_1)
                                                         spm_inst.genblk1[6].csa.sc (net)
                      0.048042    0.000127    0.377120 v _127_/A (sg13g2_nand2_1)
     1    0.004506    0.033270    0.041939    0.419059 ^ _127_/Y (sg13g2_nand2_1)
                                                         _037_ (net)
                      0.033270    0.000058    0.419117 ^ _131_/B1 (sg13g2_o21ai_1)
     1    0.002142    0.027947    0.039456    0.458573 v _131_/Y (sg13g2_o21ai_1)
                                                         _011_ (net)
                      0.027947    0.000019    0.458592 v _187_/D (sg13g2_dfrbpq_1)
                                              0.458592   data arrival time

                                  0.000000    0.000000   clock clk_i (rise edge)
                                  0.000000    0.000000   clock source latency
     1    0.024077    0.038967    0.020348    0.020348 ^ clk_i (in)
                                                         clk_i (net)
                      0.039068    0.000000    0.020348 ^ clkbuf_0_clk_i/A (sg13g2_buf_16)
     8    0.155975    0.051557    0.095633    0.115981 ^ clkbuf_0_clk_i/X (sg13g2_buf_16)
                                                         clknet_0_clk_i (net)
                      0.051690    0.001839    0.117820 ^ clkbuf_3_3__f_clk_i/A (sg13g2_buf_16)
     4    0.016313    0.019642    0.074970    0.192790 ^ clkbuf_3_3__f_clk_i/X (sg13g2_buf_16)
                                                         clknet_3_3__leaf_clk_i (net)
                      0.019642    0.000207    0.192997 ^ _187_/CLK (sg13g2_dfrbpq_1)
                                  0.250000    0.442997   clock uncertainty
                                  0.000000    0.442997   clock reconvergence pessimism
                                 -0.036977    0.406020   library hold time
                                              0.406020   data required time
---------------------------------------------------------------------------------------------
                                              0.406020   data required time
                                             -0.458592   data arrival time
---------------------------------------------------------------------------------------------
                                              0.052572   slack (MET)


Startpoint: _189_ (rising edge-triggered flip-flop clocked by clk_i)
Endpoint: _189_ (rising edge-triggered flip-flop clocked by clk_i)
Path Group: clk_i
Path Type: min

Fanout         Cap        Slew       Delay        Time   Description
---------------------------------------------------------------------------------------------
                                  0.000000    0.000000   clock clk_i (rise edge)
                                  0.000000    0.000000   clock source latency
     1    0.024077    0.038967    0.020348    0.020348 ^ clk_i (in)
                                                         clk_i (net)
                      0.039068    0.000000    0.020348 ^ clkbuf_0_clk_i/A (sg13g2_buf_16)
     8    0.155975    0.051557    0.095633    0.115981 ^ clkbuf_0_clk_i/X (sg13g2_buf_16)
                                                         clknet_0_clk_i (net)
                      0.051794    0.002590    0.118571 ^ clkbuf_3_2__f_clk_i/A (sg13g2_buf_16)
     4    0.015639    0.019493    0.074893    0.193465 ^ clkbuf_3_2__f_clk_i/X (sg13g2_buf_16)
                                                         clknet_3_2__leaf_clk_i (net)
                      0.019493    0.000135    0.193600 ^ _189_/CLK (sg13g2_dfrbpq_1)
     3    0.013568    0.049817    0.185379    0.378979 v _189_/Q (sg13g2_dfrbpq_1)
                                                         spm_inst.genblk1[5].csa.sc (net)
                      0.049817    0.000128    0.379107 v _133_/A (sg13g2_nand2_1)
     1    0.004411    0.033301    0.042188    0.421295 ^ _133_/Y (sg13g2_nand2_1)
                                                         _041_ (net)
                      0.033301    0.000053    0.421348 ^ _137_/B1 (sg13g2_o21ai_1)
     1    0.001959    0.027035    0.038660    0.460008 v _137_/Y (sg13g2_o21ai_1)
                                                         _010_ (net)
                      0.027035    0.000015    0.460023 v _189_/D (sg13g2_dfrbpq_1)
                                              0.460023   data arrival time

                                  0.000000    0.000000   clock clk_i (rise edge)
                                  0.000000    0.000000   clock source latency
     1    0.024077    0.038967    0.020348    0.020348 ^ clk_i (in)
                                                         clk_i (net)
                      0.039068    0.000000    0.020348 ^ clkbuf_0_clk_i/A (sg13g2_buf_16)
     8    0.155975    0.051557    0.095633    0.115981 ^ clkbuf_0_clk_i/X (sg13g2_buf_16)
                                                         clknet_0_clk_i (net)
                      0.051794    0.002590    0.118571 ^ clkbuf_3_2__f_clk_i/A (sg13g2_buf_16)
     4    0.015639    0.019493    0.074893    0.193465 ^ clkbuf_3_2__f_clk_i/X (sg13g2_buf_16)
                                                         clknet_3_2__leaf_clk_i (net)
                      0.019493    0.000135    0.193600 ^ _189_/CLK (sg13g2_dfrbpq_1)
                                  0.250000    0.443600   clock uncertainty
                                  0.000000    0.443600   clock reconvergence pessimism
                                 -0.036719    0.406881   library hold time
                                              0.406881   data required time
---------------------------------------------------------------------------------------------
                                              0.406881   data required time
                                             -0.460023   data arrival time
---------------------------------------------------------------------------------------------
                                              0.053142   slack (MET)


Startpoint: _179_ (rising edge-triggered flip-flop clocked by clk_i)
Endpoint: _179_ (rising edge-triggered flip-flop clocked by clk_i)
Path Group: clk_i
Path Type: min

Fanout         Cap        Slew       Delay        Time   Description
---------------------------------------------------------------------------------------------
                                  0.000000    0.000000   clock clk_i (rise edge)
                                  0.000000    0.000000   clock source latency
     1    0.024077    0.038967    0.020348    0.020348 ^ clk_i (in)
                                                         clk_i (net)
                      0.039068    0.000000    0.020348 ^ clkbuf_0_clk_i/A (sg13g2_buf_16)
     8    0.155975    0.051557    0.095633    0.115981 ^ clkbuf_0_clk_i/X (sg13g2_buf_16)
                                                         clknet_0_clk_i (net)
                      0.051633    0.001232    0.117213 ^ clkbuf_3_4__f_clk_i/A (sg13g2_buf_16)
     4    0.014672    0.019278    0.074626    0.191839 ^ clkbuf_3_4__f_clk_i/X (sg13g2_buf_16)
                                                         clknet_3_4__leaf_clk_i (net)
                      0.019279    0.000168    0.192007 ^ _179_/CLK (sg13g2_dfrbpq_1)
     3    0.013587    0.049879    0.185310    0.377318 v _179_/Q (sg13g2_dfrbpq_1)
                                                         spm_inst.genblk1[10].csa.sc (net)
                      0.049879    0.000185    0.377503 v _103_/A (sg13g2_nand2_1)
     1    0.004506    0.033645    0.042513    0.420016 ^ _103_/Y (sg13g2_nand2_1)
                                                         _021_ (net)
                      0.033645    0.000058    0.420074 ^ _107_/B1 (sg13g2_o21ai_1)
     1    0.001927    0.026940    0.038616    0.458691 v _107_/Y (sg13g2_o21ai_1)
                                                         _001_ (net)
                      0.026940    0.000015    0.458705 v _179_/D (sg13g2_dfrbpq_1)
                                              0.458705   data arrival time

                                  0.000000    0.000000   clock clk_i (rise edge)
                                  0.000000    0.000000   clock source latency
     1    0.024077    0.038967    0.020348    0.020348 ^ clk_i (in)
                                                         clk_i (net)
                      0.039068    0.000000    0.020348 ^ clkbuf_0_clk_i/A (sg13g2_buf_16)
     8    0.155975    0.051557    0.095633    0.115981 ^ clkbuf_0_clk_i/X (sg13g2_buf_16)
                                                         clknet_0_clk_i (net)
                      0.051633    0.001232    0.117213 ^ clkbuf_3_4__f_clk_i/A (sg13g2_buf_16)
     4    0.014672    0.019278    0.074626    0.191839 ^ clkbuf_3_4__f_clk_i/X (sg13g2_buf_16)
                                                         clknet_3_4__leaf_clk_i (net)
                      0.019279    0.000168    0.192007 ^ _179_/CLK (sg13g2_dfrbpq_1)
                                  0.250000    0.442007   clock uncertainty
                                  0.000000    0.442007   clock reconvergence pessimism
                                 -0.036734    0.405274   library hold time
                                              0.405274   data required time
---------------------------------------------------------------------------------------------
                                              0.405274   data required time
                                             -0.458705   data arrival time
---------------------------------------------------------------------------------------------
                                              0.053432   slack (MET)


Startpoint: _201_ (rising edge-triggered flip-flop clocked by clk_i)
Endpoint: _201_ (rising edge-triggered flip-flop clocked by clk_i)
Path Group: clk_i
Path Type: min

Fanout         Cap        Slew       Delay        Time   Description
---------------------------------------------------------------------------------------------
                                  0.000000    0.000000   clock clk_i (rise edge)
                                  0.000000    0.000000   clock source latency
     1    0.024077    0.038967    0.020348    0.020348 ^ clk_i (in)
                                                         clk_i (net)
                      0.039068    0.000000    0.020348 ^ clkbuf_0_clk_i/A (sg13g2_buf_16)
     8    0.155975    0.051557    0.095633    0.115981 ^ clkbuf_0_clk_i/X (sg13g2_buf_16)
                                                         clknet_0_clk_i (net)
                      0.051670    0.001651    0.117632 ^ clkbuf_3_5__f_clk_i/A (sg13g2_buf_16)
     4    0.014812    0.019314    0.074670    0.192301 ^ clkbuf_3_5__f_clk_i/X (sg13g2_buf_16)
                                                         clknet_3_5__leaf_clk_i (net)
                      0.019315    0.000139    0.192440 ^ _201_/CLK (sg13g2_dfrbpq_1)
     3    0.013040    0.048228    0.184051    0.376491 v _201_/Q (sg13g2_dfrbpq_1)
                                                         spm_inst.csa0.sc (net)
                      0.048228    0.000058    0.376549 v _166_/A (sg13g2_nand2_1)
     1    0.003978    0.031459    0.040300    0.416848 ^ _166_/Y (sg13g2_nand2_1)
                                                         _062_ (net)
                      0.031459    0.000037    0.416885 ^ _170_/B1 (sg13g2_o21ai_1)
     1    0.002751    0.030660    0.041608    0.458494 v _170_/Y (sg13g2_o21ai_1)
                                                         _000_ (net)
                      0.030660    0.000031    0.458525 v _201_/D (sg13g2_dfrbpq_1)
                                              0.458525   data arrival time

                                  0.000000    0.000000   clock clk_i (rise edge)
                                  0.000000    0.000000   clock source latency
     1    0.024077    0.038967    0.020348    0.020348 ^ clk_i (in)
                                                         clk_i (net)
                      0.039068    0.000000    0.020348 ^ clkbuf_0_clk_i/A (sg13g2_buf_16)
     8    0.155975    0.051557    0.095633    0.115981 ^ clkbuf_0_clk_i/X (sg13g2_buf_16)
                                                         clknet_0_clk_i (net)
                      0.051670    0.001651    0.117632 ^ clkbuf_3_5__f_clk_i/A (sg13g2_buf_16)
     4    0.014812    0.019314    0.074670    0.192301 ^ clkbuf_3_5__f_clk_i/X (sg13g2_buf_16)
                                                         clknet_3_5__leaf_clk_i (net)
                      0.019315    0.000139    0.192440 ^ _201_/CLK (sg13g2_dfrbpq_1)
                                  0.250000    0.442440   clock uncertainty
                                  0.000000    0.442440   clock reconvergence pessimism
                                 -0.037904    0.404536   library hold time
                                              0.404536   data required time
---------------------------------------------------------------------------------------------
                                              0.404536   data required time
                                             -0.458525   data arrival time
---------------------------------------------------------------------------------------------
                                              0.053990   slack (MET)


Startpoint: _183_ (rising edge-triggered flip-flop clocked by clk_i)
Endpoint: _183_ (rising edge-triggered flip-flop clocked by clk_i)
Path Group: clk_i
Path Type: min

Fanout         Cap        Slew       Delay        Time   Description
---------------------------------------------------------------------------------------------
                                  0.000000    0.000000   clock clk_i (rise edge)
                                  0.000000    0.000000   clock source latency
     1    0.024077    0.038967    0.020348    0.020348 ^ clk_i (in)
                                                         clk_i (net)
                      0.039068    0.000000    0.020348 ^ clkbuf_0_clk_i/A (sg13g2_buf_16)
     8    0.155975    0.051557    0.095633    0.115981 ^ clkbuf_0_clk_i/X (sg13g2_buf_16)
                                                         clknet_0_clk_i (net)
                      0.051667    0.001625    0.117607 ^ clkbuf_3_6__f_clk_i/A (sg13g2_buf_16)
     4    0.014941    0.019326    0.074698    0.192305 ^ clkbuf_3_6__f_clk_i/X (sg13g2_buf_16)
                                                         clknet_3_6__leaf_clk_i (net)
                      0.019326    0.000065    0.192370 ^ _183_/CLK (sg13g2_dfrbpq_1)
     3    0.013880    0.050723    0.186105    0.378475 v _183_/Q (sg13g2_dfrbpq_1)
                                                         spm_inst.genblk1[8].csa.sc (net)
                      0.050723    0.000065    0.378540 v _115_/A (sg13g2_nand2_1)
     1    0.004613    0.034190    0.043125    0.421666 ^ _115_/Y (sg13g2_nand2_1)
                                                         _029_ (net)
                      0.034190    0.000059    0.421725 ^ _119_/B1 (sg13g2_o21ai_1)
     1    0.001873    0.026770    0.038528    0.460253 v _119_/Y (sg13g2_o21ai_1)
                                                         _013_ (net)
                      0.026770    0.000013    0.460266 v _183_/D (sg13g2_dfrbpq_1)
                                              0.460266   data arrival time

                                  0.000000    0.000000   clock clk_i (rise edge)
                                  0.000000    0.000000   clock source latency
     1    0.024077    0.038967    0.020348    0.020348 ^ clk_i (in)
                                                         clk_i (net)
                      0.039068    0.000000    0.020348 ^ clkbuf_0_clk_i/A (sg13g2_buf_16)
     8    0.155975    0.051557    0.095633    0.115981 ^ clkbuf_0_clk_i/X (sg13g2_buf_16)
                                                         clknet_0_clk_i (net)
                      0.051667    0.001625    0.117607 ^ clkbuf_3_6__f_clk_i/A (sg13g2_buf_16)
     4    0.014941    0.019326    0.074698    0.192305 ^ clkbuf_3_6__f_clk_i/X (sg13g2_buf_16)
                                                         clknet_3_6__leaf_clk_i (net)
                      0.019326    0.000065    0.192370 ^ _183_/CLK (sg13g2_dfrbpq_1)
                                  0.250000    0.442370   clock uncertainty
                                  0.000000    0.442370   clock reconvergence pessimism
                                 -0.036670    0.405700   library hold time
                                              0.405700   data required time
---------------------------------------------------------------------------------------------
                                              0.405700   data required time
                                             -0.460266   data arrival time
---------------------------------------------------------------------------------------------
                                              0.054566   slack (MET)


Startpoint: _193_ (rising edge-triggered flip-flop clocked by clk_i)
Endpoint: _193_ (rising edge-triggered flip-flop clocked by clk_i)
Path Group: clk_i
Path Type: min

Fanout         Cap        Slew       Delay        Time   Description
---------------------------------------------------------------------------------------------
                                  0.000000    0.000000   clock clk_i (rise edge)
                                  0.000000    0.000000   clock source latency
     1    0.024077    0.038967    0.020348    0.020348 ^ clk_i (in)
                                                         clk_i (net)
                      0.039068    0.000000    0.020348 ^ clkbuf_0_clk_i/A (sg13g2_buf_16)
     8    0.155975    0.051557    0.095633    0.115981 ^ clkbuf_0_clk_i/X (sg13g2_buf_16)
                                                         clknet_0_clk_i (net)
                      0.051723    0.002107    0.118088 ^ clkbuf_3_7__f_clk_i/A (sg13g2_buf_16)
     4    0.014887    0.019315    0.074711    0.192799 ^ clkbuf_3_7__f_clk_i/X (sg13g2_buf_16)
                                                         clknet_3_7__leaf_clk_i (net)
                      0.019315    0.000099    0.192898 ^ _193_/CLK (sg13g2_dfrbpq_1)
     3    0.013399    0.049309    0.184893    0.377791 v _193_/Q (sg13g2_dfrbpq_1)
                                                         spm_inst.genblk1[3].csa.sc (net)
                      0.049309    0.000153    0.377944 v _145_/A (sg13g2_nand2_1)
     1    0.004365    0.033035    0.041880    0.419824 ^ _145_/Y (sg13g2_nand2_1)
                                                         _049_ (net)
                      0.033035    0.000051    0.419875 ^ _149_/B1 (sg13g2_o21ai_1)
     1    0.002475    0.029565    0.040848    0.460723 v _149_/Y (sg13g2_o21ai_1)
                                                         _008_ (net)
                      0.029565    0.000026    0.460749 v _193_/D (sg13g2_dfrbpq_1)
                                              0.460749   data arrival time

                                  0.000000    0.000000   clock clk_i (rise edge)
                                  0.000000    0.000000   clock source latency
     1    0.024077    0.038967    0.020348    0.020348 ^ clk_i (in)
                                                         clk_i (net)
                      0.039068    0.000000    0.020348 ^ clkbuf_0_clk_i/A (sg13g2_buf_16)
     8    0.155975    0.051557    0.095633    0.115981 ^ clkbuf_0_clk_i/X (sg13g2_buf_16)
                                                         clknet_0_clk_i (net)
                      0.051723    0.002107    0.118088 ^ clkbuf_3_7__f_clk_i/A (sg13g2_buf_16)
     4    0.014887    0.019315    0.074711    0.192799 ^ clkbuf_3_7__f_clk_i/X (sg13g2_buf_16)
                                                         clknet_3_7__leaf_clk_i (net)
                      0.019315    0.000099    0.192898 ^ _193_/CLK (sg13g2_dfrbpq_1)
                                  0.250000    0.442898   clock uncertainty
                                  0.000000    0.442898   clock reconvergence pessimism
                                 -0.037558    0.405341   library hold time
                                              0.405341   data required time
---------------------------------------------------------------------------------------------
                                              0.405341   data required time
                                             -0.460749   data arrival time
---------------------------------------------------------------------------------------------
                                              0.055408   slack (MET)


Startpoint: _181_ (rising edge-triggered flip-flop clocked by clk_i)
Endpoint: _181_ (rising edge-triggered flip-flop clocked by clk_i)
Path Group: clk_i
Path Type: min

Fanout         Cap        Slew       Delay        Time   Description
---------------------------------------------------------------------------------------------
                                  0.000000    0.000000   clock clk_i (rise edge)
                                  0.000000    0.000000   clock source latency
     1    0.024077    0.038967    0.020348    0.020348 ^ clk_i (in)
                                                         clk_i (net)
                      0.039068    0.000000    0.020348 ^ clkbuf_0_clk_i/A (sg13g2_buf_16)
     8    0.155975    0.051557    0.095633    0.115981 ^ clkbuf_0_clk_i/X (sg13g2_buf_16)
                                                         clknet_0_clk_i (net)
                      0.051633    0.001232    0.117213 ^ clkbuf_3_4__f_clk_i/A (sg13g2_buf_16)
     4    0.014672    0.019278    0.074626    0.191839 ^ clkbuf_3_4__f_clk_i/X (sg13g2_buf_16)
                                                         clknet_3_4__leaf_clk_i (net)
                      0.019278    0.000097    0.191936 ^ _181_/CLK (sg13g2_dfrbpq_1)
     3    0.013678    0.050121    0.185594    0.377530 v _181_/Q (sg13g2_dfrbpq_1)
                                                         spm_inst.genblk1[9].csa.sc (net)
                      0.050121    0.000062    0.377592 v _109_/A (sg13g2_nand2_1)
     1    0.005396    0.036810    0.045472    0.423064 ^ _109_/Y (sg13g2_nand2_1)
                                                         _025_ (net)
                      0.036810    0.000095    0.423159 ^ _113_/B1 (sg13g2_o21ai_1)
     1    0.001575    0.025770    0.037934    0.461093 v _113_/Y (sg13g2_o21ai_1)
                                                         _014_ (net)
                      0.025770    0.000008    0.461101 v _181_/D (sg13g2_dfrbpq_1)
                                              0.461101   data arrival time

                                  0.000000    0.000000   clock clk_i (rise edge)
                                  0.000000    0.000000   clock source latency
     1    0.024077    0.038967    0.020348    0.020348 ^ clk_i (in)
                                                         clk_i (net)
                      0.039068    0.000000    0.020348 ^ clkbuf_0_clk_i/A (sg13g2_buf_16)
     8    0.155975    0.051557    0.095633    0.115981 ^ clkbuf_0_clk_i/X (sg13g2_buf_16)
                                                         clknet_0_clk_i (net)
                      0.051633    0.001232    0.117213 ^ clkbuf_3_4__f_clk_i/A (sg13g2_buf_16)
     4    0.014672    0.019278    0.074626    0.191839 ^ clkbuf_3_4__f_clk_i/X (sg13g2_buf_16)
                                                         clknet_3_4__leaf_clk_i (net)
                      0.019278    0.000097    0.191936 ^ _181_/CLK (sg13g2_dfrbpq_1)
                                  0.250000    0.441936   clock uncertainty
                                  0.000000    0.441936   clock reconvergence pessimism
                                 -0.036363    0.405573   library hold time
                                              0.405573   data required time
---------------------------------------------------------------------------------------------
                                              0.405573   data required time
                                             -0.461101   data arrival time
---------------------------------------------------------------------------------------------
                                              0.055528   slack (MET)


Startpoint: _197_ (rising edge-triggered flip-flop clocked by clk_i)
Endpoint: _197_ (rising edge-triggered flip-flop clocked by clk_i)
Path Group: clk_i
Path Type: min

Fanout         Cap        Slew       Delay        Time   Description
---------------------------------------------------------------------------------------------
                                  0.000000    0.000000   clock clk_i (rise edge)
                                  0.000000    0.000000   clock source latency
     1    0.024077    0.038967    0.020348    0.020348 ^ clk_i (in)
                                                         clk_i (net)
                      0.039068    0.000000    0.020348 ^ clkbuf_0_clk_i/A (sg13g2_buf_16)
     8    0.155975    0.051557    0.095633    0.115981 ^ clkbuf_0_clk_i/X (sg13g2_buf_16)
                                                         clknet_0_clk_i (net)
                      0.051670    0.001651    0.117632 ^ clkbuf_3_5__f_clk_i/A (sg13g2_buf_16)
     4    0.014812    0.019314    0.074670    0.192301 ^ clkbuf_3_5__f_clk_i/X (sg13g2_buf_16)
                                                         clknet_3_5__leaf_clk_i (net)
                      0.019315    0.000125    0.192427 ^ _197_/CLK (sg13g2_dfrbpq_1)
     3    0.013673    0.050105    0.185600    0.378027 v _197_/Q (sg13g2_dfrbpq_1)
                                                         spm_inst.genblk1[1].csa.sc (net)
                      0.050105    0.000065    0.378092 v _157_/A (sg13g2_nand2_1)
     1    0.003938    0.031709    0.040745    0.418838 ^ _157_/Y (sg13g2_nand2_1)
                                                         _057_ (net)
                      0.031709    0.000036    0.418873 ^ _161_/B1 (sg13g2_o21ai_1)
     1    0.002751    0.030705    0.041680    0.460553 v _161_/Y (sg13g2_o21ai_1)
                                                         _006_ (net)
                      0.030705    0.000031    0.460584 v _197_/D (sg13g2_dfrbpq_1)
                                              0.460584   data arrival time

                                  0.000000    0.000000   clock clk_i (rise edge)
                                  0.000000    0.000000   clock source latency
     1    0.024077    0.038967    0.020348    0.020348 ^ clk_i (in)
                                                         clk_i (net)
                      0.039068    0.000000    0.020348 ^ clkbuf_0_clk_i/A (sg13g2_buf_16)
     8    0.155975    0.051557    0.095633    0.115981 ^ clkbuf_0_clk_i/X (sg13g2_buf_16)
                                                         clknet_0_clk_i (net)
                      0.051670    0.001651    0.117632 ^ clkbuf_3_5__f_clk_i/A (sg13g2_buf_16)
     4    0.014812    0.019314    0.074670    0.192301 ^ clkbuf_3_5__f_clk_i/X (sg13g2_buf_16)
                                                         clknet_3_5__leaf_clk_i (net)
                      0.019315    0.000125    0.192427 ^ _197_/CLK (sg13g2_dfrbpq_1)
                                  0.250000    0.442427   clock uncertainty
                                  0.000000    0.442427   clock reconvergence pessimism
                                 -0.037919    0.404508   library hold time
                                              0.404508   data required time
---------------------------------------------------------------------------------------------
                                              0.404508   data required time
                                             -0.460584   data arrival time
---------------------------------------------------------------------------------------------
                                              0.056076   slack (MET)


Startpoint: _177_ (rising edge-triggered flip-flop clocked by clk_i)
Endpoint: _177_ (rising edge-triggered flip-flop clocked by clk_i)
Path Group: clk_i
Path Type: min

Fanout         Cap        Slew       Delay        Time   Description
---------------------------------------------------------------------------------------------
                                  0.000000    0.000000   clock clk_i (rise edge)
                                  0.000000    0.000000   clock source latency
     1    0.024077    0.038967    0.020348    0.020348 ^ clk_i (in)
                                                         clk_i (net)
                      0.039068    0.000000    0.020348 ^ clkbuf_0_clk_i/A (sg13g2_buf_16)
     8    0.155975    0.051557    0.095633    0.115981 ^ clkbuf_0_clk_i/X (sg13g2_buf_16)
                                                         clknet_0_clk_i (net)
                      0.051635    0.001259    0.117240 ^ clkbuf_3_1__f_clk_i/A (sg13g2_buf_16)
     4    0.016133    0.019597    0.074907    0.192147 ^ clkbuf_3_1__f_clk_i/X (sg13g2_buf_16)
                                                         clknet_3_1__leaf_clk_i (net)
                      0.019598    0.000202    0.192349 ^ _177_/CLK (sg13g2_dfrbpq_1)
     3    0.014049    0.051259    0.186578    0.378927 v _177_/Q (sg13g2_dfrbpq_1)
                                                         spm_inst.genblk1[11].csa.sc (net)
                      0.051259    0.000165    0.379092 v _097_/A (sg13g2_nand2_1)
     1    0.003881    0.031750    0.040913    0.420005 ^ _097_/Y (sg13g2_nand2_1)
                                                         _017_ (net)
                      0.031750    0.000032    0.420037 ^ _101_/B1 (sg13g2_o21ai_1)
     1    0.002651    0.030213    0.041255    0.461292 v _101_/Y (sg13g2_o21ai_1)
                                                         _002_ (net)
                      0.030213    0.000031    0.461323 v _177_/D (sg13g2_dfrbpq_1)
                                              0.461323   data arrival time

                                  0.000000    0.000000   clock clk_i (rise edge)
                                  0.000000    0.000000   clock source latency
     1    0.024077    0.038967    0.020348    0.020348 ^ clk_i (in)
                                                         clk_i (net)
                      0.039068    0.000000    0.020348 ^ clkbuf_0_clk_i/A (sg13g2_buf_16)
     8    0.155975    0.051557    0.095633    0.115981 ^ clkbuf_0_clk_i/X (sg13g2_buf_16)
                                                         clknet_0_clk_i (net)
                      0.051635    0.001259    0.117240 ^ clkbuf_3_1__f_clk_i/A (sg13g2_buf_16)
     4    0.016133    0.019597    0.074907    0.192147 ^ clkbuf_3_1__f_clk_i/X (sg13g2_buf_16)
                                                         clknet_3_1__leaf_clk_i (net)
                      0.019598    0.000202    0.192349 ^ _177_/CLK (sg13g2_dfrbpq_1)
                                  0.250000    0.442349   clock uncertainty
                                  0.000000    0.442349   clock reconvergence pessimism
                                 -0.037704    0.404645   library hold time
                                              0.404645   data required time
---------------------------------------------------------------------------------------------
                                              0.404645   data required time
                                             -0.461323   data arrival time
---------------------------------------------------------------------------------------------
                                              0.056678   slack (MET)


Startpoint: _192_ (rising edge-triggered flip-flop clocked by clk_i)
Endpoint: _194_ (rising edge-triggered flip-flop clocked by clk_i)
Path Group: clk_i
Path Type: min

Fanout         Cap        Slew       Delay        Time   Description
---------------------------------------------------------------------------------------------
                                  0.000000    0.000000   clock clk_i (rise edge)
                                  0.000000    0.000000   clock source latency
     1    0.024077    0.038967    0.020348    0.020348 ^ clk_i (in)
                                                         clk_i (net)
                      0.039068    0.000000    0.020348 ^ clkbuf_0_clk_i/A (sg13g2_buf_16)
     8    0.155975    0.051557    0.095633    0.115981 ^ clkbuf_0_clk_i/X (sg13g2_buf_16)
                                                         clknet_0_clk_i (net)
                      0.051667    0.001625    0.117607 ^ clkbuf_3_6__f_clk_i/A (sg13g2_buf_16)
     4    0.014941    0.019326    0.074698    0.192305 ^ clkbuf_3_6__f_clk_i/X (sg13g2_buf_16)
                                                         clknet_3_6__leaf_clk_i (net)
                      0.019327    0.000121    0.192426 ^ _192_/CLK (sg13g2_dfrbpq_1)
     3    0.012048    0.045288    0.181647    0.374073 v _192_/Q (sg13g2_dfrbpq_1)
                                                         spm_inst.genblk1[3].csa.y (net)
                      0.045288    0.000048    0.374121 v _147_/B (sg13g2_xor2_1)
     1    0.005547    0.034195    0.069256    0.443377 v _147_/X (sg13g2_xor2_1)
                                                         _051_ (net)
                      0.034195    0.000045    0.443422 v _148_/B (sg13g2_xnor2_1)
     1    0.001854    0.026740    0.050594    0.494016 v _148_/Y (sg13g2_xnor2_1)
                                                         spm_inst.genblk1[3].csa.hsum2 (net)
                      0.026740    0.000013    0.494029 v _194_/D (sg13g2_dfrbpq_1)
                                              0.494029   data arrival time

                                  0.000000    0.000000   clock clk_i (rise edge)
                                  0.000000    0.000000   clock source latency
     1    0.024077    0.038967    0.020348    0.020348 ^ clk_i (in)
                                                         clk_i (net)
                      0.039068    0.000000    0.020348 ^ clkbuf_0_clk_i/A (sg13g2_buf_16)
     8    0.155975    0.051557    0.095633    0.115981 ^ clkbuf_0_clk_i/X (sg13g2_buf_16)
                                                         clknet_0_clk_i (net)
                      0.051723    0.002107    0.118088 ^ clkbuf_3_7__f_clk_i/A (sg13g2_buf_16)
     4    0.014887    0.019315    0.074711    0.192799 ^ clkbuf_3_7__f_clk_i/X (sg13g2_buf_16)
                                                         clknet_3_7__leaf_clk_i (net)
                      0.019315    0.000106    0.192905 ^ _194_/CLK (sg13g2_dfrbpq_1)
                                  0.250000    0.442905   clock uncertainty
                                  0.000000    0.442905   clock reconvergence pessimism
                                 -0.036663    0.406243   library hold time
                                              0.406243   data required time
---------------------------------------------------------------------------------------------
                                              0.406243   data required time
                                             -0.494029   data arrival time
---------------------------------------------------------------------------------------------
                                              0.087787   slack (MET)


Startpoint: _190_ (rising edge-triggered flip-flop clocked by clk_i)
Endpoint: _192_ (rising edge-triggered flip-flop clocked by clk_i)
Path Group: clk_i
Path Type: min

Fanout         Cap        Slew       Delay        Time   Description
---------------------------------------------------------------------------------------------
                                  0.000000    0.000000   clock clk_i (rise edge)
                                  0.000000    0.000000   clock source latency
     1    0.024077    0.038967    0.020348    0.020348 ^ clk_i (in)
                                                         clk_i (net)
                      0.039068    0.000000    0.020348 ^ clkbuf_0_clk_i/A (sg13g2_buf_16)
     8    0.155975    0.051557    0.095633    0.115981 ^ clkbuf_0_clk_i/X (sg13g2_buf_16)
                                                         clknet_0_clk_i (net)
                      0.051690    0.001839    0.117820 ^ clkbuf_3_3__f_clk_i/A (sg13g2_buf_16)
     4    0.016313    0.019642    0.074970    0.192790 ^ clkbuf_3_3__f_clk_i/X (sg13g2_buf_16)
                                                         clknet_3_3__leaf_clk_i (net)
                      0.019642    0.000183    0.192973 ^ _190_/CLK (sg13g2_dfrbpq_1)
     3    0.011780    0.044509    0.181119    0.374091 v _190_/Q (sg13g2_dfrbpq_1)
                                                         spm_inst.genblk1[4].csa.y (net)
                      0.044509    0.000084    0.374176 v _141_/B (sg13g2_xor2_1)
     1    0.005557    0.034194    0.068982    0.443158 v _141_/X (sg13g2_xor2_1)
                                                         _047_ (net)
                      0.034194    0.000045    0.443203 v _142_/B (sg13g2_xnor2_1)
     1    0.001888    0.026910    0.050740    0.493943 v _142_/Y (sg13g2_xnor2_1)
                                                         spm_inst.genblk1[4].csa.hsum2 (net)
                      0.026910    0.000014    0.493956 v _192_/D (sg13g2_dfrbpq_1)
                                              0.493956   data arrival time

                                  0.000000    0.000000   clock clk_i (rise edge)
                                  0.000000    0.000000   clock source latency
     1    0.024077    0.038967    0.020348    0.020348 ^ clk_i (in)
                                                         clk_i (net)
                      0.039068    0.000000    0.020348 ^ clkbuf_0_clk_i/A (sg13g2_buf_16)
     8    0.155975    0.051557    0.095633    0.115981 ^ clkbuf_0_clk_i/X (sg13g2_buf_16)
                                                         clknet_0_clk_i (net)
                      0.051667    0.001625    0.117607 ^ clkbuf_3_6__f_clk_i/A (sg13g2_buf_16)
     4    0.014941    0.019326    0.074698    0.192305 ^ clkbuf_3_6__f_clk_i/X (sg13g2_buf_16)
                                                         clknet_3_6__leaf_clk_i (net)
                      0.019327    0.000121    0.192426 ^ _192_/CLK (sg13g2_dfrbpq_1)
                                  0.250000    0.442426   clock uncertainty
                                  0.000000    0.442426   clock reconvergence pessimism
                                 -0.036714    0.405712   library hold time
                                              0.405712   data required time
---------------------------------------------------------------------------------------------
                                              0.405712   data required time
                                             -0.493956   data arrival time
---------------------------------------------------------------------------------------------
                                              0.088244   slack (MET)


Startpoint: _194_ (rising edge-triggered flip-flop clocked by clk_i)
Endpoint: _196_ (rising edge-triggered flip-flop clocked by clk_i)
Path Group: clk_i
Path Type: min

Fanout         Cap        Slew       Delay        Time   Description
---------------------------------------------------------------------------------------------
                                  0.000000    0.000000   clock clk_i (rise edge)
                                  0.000000    0.000000   clock source latency
     1    0.024077    0.038967    0.020348    0.020348 ^ clk_i (in)
                                                         clk_i (net)
                      0.039068    0.000000    0.020348 ^ clkbuf_0_clk_i/A (sg13g2_buf_16)
     8    0.155975    0.051557    0.095633    0.115981 ^ clkbuf_0_clk_i/X (sg13g2_buf_16)
                                                         clknet_0_clk_i (net)
                      0.051723    0.002107    0.118088 ^ clkbuf_3_7__f_clk_i/A (sg13g2_buf_16)
     4    0.014887    0.019315    0.074711    0.192799 ^ clkbuf_3_7__f_clk_i/X (sg13g2_buf_16)
                                                         clknet_3_7__leaf_clk_i (net)
                      0.019315    0.000106    0.192905 ^ _194_/CLK (sg13g2_dfrbpq_1)
     3    0.012308    0.046081    0.182220    0.375125 v _194_/Q (sg13g2_dfrbpq_1)
                                                         spm_inst.genblk1[2].csa.y (net)
                      0.046081    0.000144    0.375270 v _153_/B (sg13g2_xor2_1)
     1    0.005299    0.033521    0.068486    0.443755 v _153_/X (sg13g2_xor2_1)
                                                         _055_ (net)
                      0.033521    0.000031    0.443786 v _154_/B (sg13g2_xnor2_1)
     1    0.002143    0.028140    0.051620    0.495407 v _154_/Y (sg13g2_xnor2_1)
                                                         spm_inst.genblk1[2].csa.hsum2 (net)
                      0.028140    0.000019    0.495425 v _196_/D (sg13g2_dfrbpq_1)
                                              0.495425   data arrival time

                                  0.000000    0.000000   clock clk_i (rise edge)
                                  0.000000    0.000000   clock source latency
     1    0.024077    0.038967    0.020348    0.020348 ^ clk_i (in)
                                                         clk_i (net)
                      0.039068    0.000000    0.020348 ^ clkbuf_0_clk_i/A (sg13g2_buf_16)
     8    0.155975    0.051557    0.095633    0.115981 ^ clkbuf_0_clk_i/X (sg13g2_buf_16)
                                                         clknet_0_clk_i (net)
                      0.051723    0.002107    0.118088 ^ clkbuf_3_7__f_clk_i/A (sg13g2_buf_16)
     4    0.014887    0.019315    0.074711    0.192799 ^ clkbuf_3_7__f_clk_i/X (sg13g2_buf_16)
                                                         clknet_3_7__leaf_clk_i (net)
                      0.019315    0.000167    0.192966 ^ _196_/CLK (sg13g2_dfrbpq_1)
                                  0.250000    0.442966   clock uncertainty
                                  0.000000    0.442966   clock reconvergence pessimism
                                 -0.037106    0.405860   library hold time
                                              0.405860   data required time
---------------------------------------------------------------------------------------------
                                              0.405860   data required time
                                             -0.495425   data arrival time
---------------------------------------------------------------------------------------------
                                              0.089565   slack (MET)


Startpoint: _174_ (rising edge-triggered flip-flop clocked by clk_i)
Endpoint: _176_ (rising edge-triggered flip-flop clocked by clk_i)
Path Group: clk_i
Path Type: min

Fanout         Cap        Slew       Delay        Time   Description
---------------------------------------------------------------------------------------------
                                  0.000000    0.000000   clock clk_i (rise edge)
                                  0.000000    0.000000   clock source latency
     1    0.024077    0.038967    0.020348    0.020348 ^ clk_i (in)
                                                         clk_i (net)
                      0.039068    0.000000    0.020348 ^ clkbuf_0_clk_i/A (sg13g2_buf_16)
     8    0.155975    0.051557    0.095633    0.115981 ^ clkbuf_0_clk_i/X (sg13g2_buf_16)
                                                         clknet_0_clk_i (net)
                      0.051686    0.001798    0.117779 ^ clkbuf_3_0__f_clk_i/A (sg13g2_buf_16)
     4    0.014672    0.019279    0.074654    0.192433 ^ clkbuf_3_0__f_clk_i/X (sg13g2_buf_16)
                                                         clknet_3_0__leaf_clk_i (net)
                      0.019279    0.000067    0.192500 ^ _174_/CLK (sg13g2_dfrbpq_1)
     3    0.012909    0.047856    0.183683    0.376183 v _174_/Q (sg13g2_dfrbpq_1)
                                                         spm_inst.genblk1[12].csa.y (net)
                      0.047856    0.000122    0.376305 v _093_/B (sg13g2_xor2_1)
     1    0.005294    0.033524    0.069187    0.445492 v _093_/X (sg13g2_xor2_1)
                                                         _076_ (net)
                      0.033524    0.000031    0.445523 v _094_/B (sg13g2_xnor2_1)
     1    0.002072    0.027785    0.051316    0.496839 v _094_/Y (sg13g2_xnor2_1)
                                                         spm_inst.genblk1[12].csa.hsum2 (net)
                      0.027785    0.000016    0.496855 v _176_/D (sg13g2_dfrbpq_1)
                                              0.496855   data arrival time

                                  0.000000    0.000000   clock clk_i (rise edge)
                                  0.000000    0.000000   clock source latency
     1    0.024077    0.038967    0.020348    0.020348 ^ clk_i (in)
                                                         clk_i (net)
                      0.039068    0.000000    0.020348 ^ clkbuf_0_clk_i/A (sg13g2_buf_16)
     8    0.155975    0.051557    0.095633    0.115981 ^ clkbuf_0_clk_i/X (sg13g2_buf_16)
                                                         clknet_0_clk_i (net)
                      0.051635    0.001259    0.117240 ^ clkbuf_3_1__f_clk_i/A (sg13g2_buf_16)
     4    0.016133    0.019597    0.074907    0.192147 ^ clkbuf_3_1__f_clk_i/X (sg13g2_buf_16)
                                                         clknet_3_1__leaf_clk_i (net)
                      0.019598    0.000185    0.192332 ^ _176_/CLK (sg13g2_dfrbpq_1)
                                  0.250000    0.442332   clock uncertainty
                                  0.000000    0.442332   clock reconvergence pessimism
                                 -0.036935    0.405397   library hold time
                                              0.405397   data required time
---------------------------------------------------------------------------------------------
                                              0.405397   data required time
                                             -0.496855   data arrival time
---------------------------------------------------------------------------------------------
                                              0.091458   slack (MET)


Startpoint: _180_ (rising edge-triggered flip-flop clocked by clk_i)
Endpoint: _182_ (rising edge-triggered flip-flop clocked by clk_i)
Path Group: clk_i
Path Type: min

Fanout         Cap        Slew       Delay        Time   Description
---------------------------------------------------------------------------------------------
                                  0.000000    0.000000   clock clk_i (rise edge)
                                  0.000000    0.000000   clock source latency
     1    0.024077    0.038967    0.020348    0.020348 ^ clk_i (in)
                                                         clk_i (net)
                      0.039068    0.000000    0.020348 ^ clkbuf_0_clk_i/A (sg13g2_buf_16)
     8    0.155975    0.051557    0.095633    0.115981 ^ clkbuf_0_clk_i/X (sg13g2_buf_16)
                                                         clknet_0_clk_i (net)
                      0.051633    0.001232    0.117213 ^ clkbuf_3_4__f_clk_i/A (sg13g2_buf_16)
     4    0.014672    0.019278    0.074626    0.191839 ^ clkbuf_3_4__f_clk_i/X (sg13g2_buf_16)
                                                         clknet_3_4__leaf_clk_i (net)
                      0.019279    0.000122    0.191961 ^ _180_/CLK (sg13g2_dfrbpq_1)
     3    0.013022    0.048194    0.183948    0.375909 v _180_/Q (sg13g2_dfrbpq_1)
                                                         spm_inst.genblk1[10].csa.sum (net)
                      0.048194    0.000173    0.376081 v _111_/B (sg13g2_xor2_1)
     1    0.005294    0.033550    0.069325    0.445407 v _111_/X (sg13g2_xor2_1)
                                                         _027_ (net)
                      0.033550    0.000031    0.445437 v _112_/B (sg13g2_xnor2_1)
     1    0.002017    0.027508    0.051084    0.496521 v _112_/Y (sg13g2_xnor2_1)
                                                         spm_inst.genblk1[9].csa.hsum2 (net)
                      0.027508    0.000016    0.496537 v _182_/D (sg13g2_dfrbpq_1)
                                              0.496537   data arrival time

                                  0.000000    0.000000   clock clk_i (rise edge)
                                  0.000000    0.000000   clock source latency
     1    0.024077    0.038967    0.020348    0.020348 ^ clk_i (in)
                                                         clk_i (net)
                      0.039068    0.000000    0.020348 ^ clkbuf_0_clk_i/A (sg13g2_buf_16)
     8    0.155975    0.051557    0.095633    0.115981 ^ clkbuf_0_clk_i/X (sg13g2_buf_16)
                                                         clknet_0_clk_i (net)
                      0.051633    0.001232    0.117213 ^ clkbuf_3_4__f_clk_i/A (sg13g2_buf_16)
     4    0.014672    0.019278    0.074626    0.191839 ^ clkbuf_3_4__f_clk_i/X (sg13g2_buf_16)
                                                         clknet_3_4__leaf_clk_i (net)
                      0.019278    0.000052    0.191891 ^ _182_/CLK (sg13g2_dfrbpq_1)
                                  0.250000    0.441891   clock uncertainty
                                  0.000000    0.441891   clock reconvergence pessimism
                                 -0.036913    0.404978   library hold time
                                              0.404978   data required time
---------------------------------------------------------------------------------------------
                                              0.404978   data required time
                                             -0.496537   data arrival time
---------------------------------------------------------------------------------------------
                                              0.091559   slack (MET)


Startpoint: _199_ (rising edge-triggered flip-flop clocked by clk_i)
Endpoint: _172_ (rising edge-triggered flip-flop clocked by clk_i)
Path Group: clk_i
Path Type: min

Fanout         Cap        Slew       Delay        Time   Description
---------------------------------------------------------------------------------------------
                                  0.000000    0.000000   clock clk_i (rise edge)
                                  0.000000    0.000000   clock source latency
     1    0.024077    0.038967    0.020348    0.020348 ^ clk_i (in)
                                                         clk_i (net)
                      0.039068    0.000000    0.020348 ^ clkbuf_0_clk_i/A (sg13g2_buf_16)
     8    0.155975    0.051557    0.095633    0.115981 ^ clkbuf_0_clk_i/X (sg13g2_buf_16)
                                                         clknet_0_clk_i (net)
                      0.051794    0.002590    0.118571 ^ clkbuf_3_2__f_clk_i/A (sg13g2_buf_16)
     4    0.015639    0.019493    0.074893    0.193465 ^ clkbuf_3_2__f_clk_i/X (sg13g2_buf_16)
                                                         clknet_3_2__leaf_clk_i (net)
                      0.019493    0.000132    0.193596 ^ _199_/CLK (sg13g2_dfrbpq_1)
     3    0.013052    0.048305    0.184083    0.377679 v _199_/Q (sg13g2_dfrbpq_1)
                                                         spm_inst.genblk1[14].csa.y (net)
                      0.048305    0.000235    0.377914 v _081_/B (sg13g2_xor2_1)
     1    0.005299    0.033542    0.069392    0.447306 v _081_/X (sg13g2_xor2_1)
                                                         _068_ (net)
                      0.033542    0.000031    0.447337 v _082_/B (sg13g2_xnor2_1)
     1    0.001811    0.026470    0.050188    0.497525 v _082_/Y (sg13g2_xnor2_1)
                                                         spm_inst.genblk1[14].csa.hsum2 (net)
                      0.026470    0.000012    0.497537 v _172_/D (sg13g2_dfrbpq_1)
                                              0.497537   data arrival time

                                  0.000000    0.000000   clock clk_i (rise edge)
                                  0.000000    0.000000   clock source latency
     1    0.024077    0.038967    0.020348    0.020348 ^ clk_i (in)
                                                         clk_i (net)
                      0.039068    0.000000    0.020348 ^ clkbuf_0_clk_i/A (sg13g2_buf_16)
     8    0.155975    0.051557    0.095633    0.115981 ^ clkbuf_0_clk_i/X (sg13g2_buf_16)
                                                         clknet_0_clk_i (net)
                      0.051686    0.001798    0.117779 ^ clkbuf_3_0__f_clk_i/A (sg13g2_buf_16)
     4    0.014672    0.019279    0.074654    0.192433 ^ clkbuf_3_0__f_clk_i/X (sg13g2_buf_16)
                                                         clknet_3_0__leaf_clk_i (net)
                      0.019279    0.000103    0.192536 ^ _172_/CLK (sg13g2_dfrbpq_1)
                                  0.250000    0.442536   clock uncertainty
                                  0.000000    0.442536   clock reconvergence pessimism
                                 -0.036584    0.405951   library hold time
                                              0.405951   data required time
---------------------------------------------------------------------------------------------
                                              0.405951   data required time
                                             -0.497537   data arrival time
---------------------------------------------------------------------------------------------
                                              0.091586   slack (MET)


Startpoint: _172_ (rising edge-triggered flip-flop clocked by clk_i)
Endpoint: _174_ (rising edge-triggered flip-flop clocked by clk_i)
Path Group: clk_i
Path Type: min

Fanout         Cap        Slew       Delay        Time   Description
---------------------------------------------------------------------------------------------
                                  0.000000    0.000000   clock clk_i (rise edge)
                                  0.000000    0.000000   clock source latency
     1    0.024077    0.038967    0.020348    0.020348 ^ clk_i (in)
                                                         clk_i (net)
                      0.039068    0.000000    0.020348 ^ clkbuf_0_clk_i/A (sg13g2_buf_16)
     8    0.155975    0.051557    0.095633    0.115981 ^ clkbuf_0_clk_i/X (sg13g2_buf_16)
                                                         clknet_0_clk_i (net)
                      0.051686    0.001798    0.117779 ^ clkbuf_3_0__f_clk_i/A (sg13g2_buf_16)
     4    0.014672    0.019279    0.074654    0.192433 ^ clkbuf_3_0__f_clk_i/X (sg13g2_buf_16)
                                                         clknet_3_0__leaf_clk_i (net)
                      0.019279    0.000103    0.192536 ^ _172_/CLK (sg13g2_dfrbpq_1)
     3    0.013080    0.048378    0.184069    0.376605 v _172_/Q (sg13g2_dfrbpq_1)
                                                         spm_inst.genblk1[13].csa.y (net)
                      0.048378    0.000212    0.376817 v _087_/B (sg13g2_xor2_1)
     1    0.005294    0.033551    0.069400    0.446217 v _087_/X (sg13g2_xor2_1)
                                                         _072_ (net)
                      0.033551    0.000031    0.446248 v _088_/B (sg13g2_xnor2_1)
     1    0.002017    0.027507    0.051083    0.497331 v _088_/Y (sg13g2_xnor2_1)
                                                         spm_inst.genblk1[13].csa.hsum2 (net)
                      0.027507    0.000016    0.497347 v _174_/D (sg13g2_dfrbpq_1)
                                              0.497347   data arrival time

                                  0.000000    0.000000   clock clk_i (rise edge)
                                  0.000000    0.000000   clock source latency
     1    0.024077    0.038967    0.020348    0.020348 ^ clk_i (in)
                                                         clk_i (net)
                      0.039068    0.000000    0.020348 ^ clkbuf_0_clk_i/A (sg13g2_buf_16)
     8    0.155975    0.051557    0.095633    0.115981 ^ clkbuf_0_clk_i/X (sg13g2_buf_16)
                                                         clknet_0_clk_i (net)
                      0.051686    0.001798    0.117779 ^ clkbuf_3_0__f_clk_i/A (sg13g2_buf_16)
     4    0.014672    0.019279    0.074654    0.192433 ^ clkbuf_3_0__f_clk_i/X (sg13g2_buf_16)
                                                         clknet_3_0__leaf_clk_i (net)
                      0.019279    0.000067    0.192500 ^ _174_/CLK (sg13g2_dfrbpq_1)
                                  0.250000    0.442500   clock uncertainty
                                  0.000000    0.442500   clock reconvergence pessimism
                                 -0.036913    0.405587   library hold time
                                              0.405587   data required time
---------------------------------------------------------------------------------------------
                                              0.405587   data required time
                                             -0.497347   data arrival time
---------------------------------------------------------------------------------------------
                                              0.091760   slack (MET)


Startpoint: _182_ (rising edge-triggered flip-flop clocked by clk_i)
Endpoint: _184_ (rising edge-triggered flip-flop clocked by clk_i)
Path Group: clk_i
Path Type: min

Fanout         Cap        Slew       Delay        Time   Description
---------------------------------------------------------------------------------------------
                                  0.000000    0.000000   clock clk_i (rise edge)
                                  0.000000    0.000000   clock source latency
     1    0.024077    0.038967    0.020348    0.020348 ^ clk_i (in)
                                                         clk_i (net)
                      0.039068    0.000000    0.020348 ^ clkbuf_0_clk_i/A (sg13g2_buf_16)
     8    0.155975    0.051557    0.095633    0.115981 ^ clkbuf_0_clk_i/X (sg13g2_buf_16)
                                                         clknet_0_clk_i (net)
                      0.051633    0.001232    0.117213 ^ clkbuf_3_4__f_clk_i/A (sg13g2_buf_16)
     4    0.014672    0.019278    0.074626    0.191839 ^ clkbuf_3_4__f_clk_i/X (sg13g2_buf_16)
                                                         clknet_3_4__leaf_clk_i (net)
                      0.019278    0.000052    0.191891 ^ _182_/CLK (sg13g2_dfrbpq_1)
     3    0.013563    0.049808    0.185248    0.377140 v _182_/Q (sg13g2_dfrbpq_1)
                                                         spm_inst.genblk1[8].csa.y (net)
                      0.049808    0.000119    0.377259 v _117_/B (sg13g2_xor2_1)
     1    0.005294    0.033557    0.069983    0.447242 v _117_/X (sg13g2_xor2_1)
                                                         _031_ (net)
                      0.033557    0.000031    0.447272 v _118_/B (sg13g2_xnor2_1)
     1    0.001854    0.026689    0.050380    0.497652 v _118_/Y (sg13g2_xnor2_1)
                                                         spm_inst.genblk1[8].csa.hsum2 (net)
                      0.026689    0.000013    0.497665 v _184_/D (sg13g2_dfrbpq_1)
                                              0.497665   data arrival time

                                  0.000000    0.000000   clock clk_i (rise edge)
                                  0.000000    0.000000   clock source latency
     1    0.024077    0.038967    0.020348    0.020348 ^ clk_i (in)
                                                         clk_i (net)
                      0.039068    0.000000    0.020348 ^ clkbuf_0_clk_i/A (sg13g2_buf_16)
     8    0.155975    0.051557    0.095633    0.115981 ^ clkbuf_0_clk_i/X (sg13g2_buf_16)
                                                         clknet_0_clk_i (net)
                      0.051667    0.001625    0.117607 ^ clkbuf_3_6__f_clk_i/A (sg13g2_buf_16)
     4    0.014941    0.019326    0.074698    0.192305 ^ clkbuf_3_6__f_clk_i/X (sg13g2_buf_16)
                                                         clknet_3_6__leaf_clk_i (net)
                      0.019326    0.000080    0.192384 ^ _184_/CLK (sg13g2_dfrbpq_1)
                                  0.250000    0.442384   clock uncertainty
                                  0.000000    0.442384   clock reconvergence pessimism
                                 -0.036644    0.405740   library hold time
                                              0.405740   data required time
---------------------------------------------------------------------------------------------
                                              0.405740   data required time
                                             -0.497665   data arrival time
---------------------------------------------------------------------------------------------
                                              0.091925   slack (MET)


Startpoint: _176_ (rising edge-triggered flip-flop clocked by clk_i)
Endpoint: _178_ (rising edge-triggered flip-flop clocked by clk_i)
Path Group: clk_i
Path Type: min

Fanout         Cap        Slew       Delay        Time   Description
---------------------------------------------------------------------------------------------
                                  0.000000    0.000000   clock clk_i (rise edge)
                                  0.000000    0.000000   clock source latency
     1    0.024077    0.038967    0.020348    0.020348 ^ clk_i (in)
                                                         clk_i (net)
                      0.039068    0.000000    0.020348 ^ clkbuf_0_clk_i/A (sg13g2_buf_16)
     8    0.155975    0.051557    0.095633    0.115981 ^ clkbuf_0_clk_i/X (sg13g2_buf_16)
                                                         clknet_0_clk_i (net)
                      0.051635    0.001259    0.117240 ^ clkbuf_3_1__f_clk_i/A (sg13g2_buf_16)
     4    0.016133    0.019597    0.074907    0.192147 ^ clkbuf_3_1__f_clk_i/X (sg13g2_buf_16)
                                                         clknet_3_1__leaf_clk_i (net)
                      0.019598    0.000185    0.192332 ^ _176_/CLK (sg13g2_dfrbpq_1)
     3    0.013239    0.048858    0.184591    0.376923 v _176_/Q (sg13g2_dfrbpq_1)
                                                         spm_inst.genblk1[11].csa.y (net)
                      0.048858    0.000202    0.377125 v _099_/B (sg13g2_xor2_1)
     1    0.005772    0.034801    0.071718    0.448843 v _099_/X (sg13g2_xor2_1)
                                                         _019_ (net)
                      0.034801    0.000056    0.448899 v _100_/B (sg13g2_xnor2_1)
     1    0.001557    0.025285    0.049503    0.498402 v _100_/Y (sg13g2_xnor2_1)
                                                         spm_inst.genblk1[11].csa.hsum2 (net)
                      0.025285    0.000008    0.498410 v _178_/D (sg13g2_dfrbpq_1)
                                              0.498410   data arrival time

                                  0.000000    0.000000   clock clk_i (rise edge)
                                  0.000000    0.000000   clock source latency
     1    0.024077    0.038967    0.020348    0.020348 ^ clk_i (in)
                                                         clk_i (net)
                      0.039068    0.000000    0.020348 ^ clkbuf_0_clk_i/A (sg13g2_buf_16)
     8    0.155975    0.051557    0.095633    0.115981 ^ clkbuf_0_clk_i/X (sg13g2_buf_16)
                                                         clknet_0_clk_i (net)
                      0.051635    0.001259    0.117240 ^ clkbuf_3_1__f_clk_i/A (sg13g2_buf_16)
     4    0.016133    0.019597    0.074907    0.192147 ^ clkbuf_3_1__f_clk_i/X (sg13g2_buf_16)
                                                         clknet_3_1__leaf_clk_i (net)
                      0.019598    0.000227    0.192374 ^ _178_/CLK (sg13g2_dfrbpq_1)
                                  0.250000    0.442374   clock uncertainty
                                  0.000000    0.442374   clock reconvergence pessimism
                                 -0.036143    0.406231   library hold time
                                              0.406231   data required time
---------------------------------------------------------------------------------------------
                                              0.406231   data required time
                                             -0.498410   data arrival time
---------------------------------------------------------------------------------------------
                                              0.092179   slack (MET)


Startpoint: _188_ (rising edge-triggered flip-flop clocked by clk_i)
Endpoint: _190_ (rising edge-triggered flip-flop clocked by clk_i)
Path Group: clk_i
Path Type: min

Fanout         Cap        Slew       Delay        Time   Description
---------------------------------------------------------------------------------------------
                                  0.000000    0.000000   clock clk_i (rise edge)
                                  0.000000    0.000000   clock source latency
     1    0.024077    0.038967    0.020348    0.020348 ^ clk_i (in)
                                                         clk_i (net)
                      0.039068    0.000000    0.020348 ^ clkbuf_0_clk_i/A (sg13g2_buf_16)
     8    0.155975    0.051557    0.095633    0.115981 ^ clkbuf_0_clk_i/X (sg13g2_buf_16)
                                                         clknet_0_clk_i (net)
                      0.051690    0.001839    0.117820 ^ clkbuf_3_3__f_clk_i/A (sg13g2_buf_16)
     4    0.016313    0.019642    0.074970    0.192790 ^ clkbuf_3_3__f_clk_i/X (sg13g2_buf_16)
                                                         clknet_3_3__leaf_clk_i (net)
                      0.019642    0.000196    0.192986 ^ _188_/CLK (sg13g2_dfrbpq_1)
     3    0.013144    0.048571    0.184392    0.377377 v _188_/Q (sg13g2_dfrbpq_1)
                                                         spm_inst.genblk1[5].csa.y (net)
                      0.048571    0.000188    0.377566 v _135_/B (sg13g2_xor2_1)
     1    0.005547    0.034201    0.070601    0.448167 v _135_/X (sg13g2_xor2_1)
                                                         _043_ (net)
                      0.034201    0.000045    0.448212 v _136_/B (sg13g2_xnor2_1)
     1    0.001919    0.027065    0.050876    0.499087 v _136_/Y (sg13g2_xnor2_1)
                                                         spm_inst.genblk1[5].csa.hsum2 (net)
                      0.027065    0.000014    0.499102 v _190_/D (sg13g2_dfrbpq_1)
                                              0.499102   data arrival time

                                  0.000000    0.000000   clock clk_i (rise edge)
                                  0.000000    0.000000   clock source latency
     1    0.024077    0.038967    0.020348    0.020348 ^ clk_i (in)
                                                         clk_i (net)
                      0.039068    0.000000    0.020348 ^ clkbuf_0_clk_i/A (sg13g2_buf_16)
     8    0.155975    0.051557    0.095633    0.115981 ^ clkbuf_0_clk_i/X (sg13g2_buf_16)
                                                         clknet_0_clk_i (net)
                      0.051690    0.001839    0.117820 ^ clkbuf_3_3__f_clk_i/A (sg13g2_buf_16)
     4    0.016313    0.019642    0.074970    0.192790 ^ clkbuf_3_3__f_clk_i/X (sg13g2_buf_16)
                                                         clknet_3_3__leaf_clk_i (net)
                      0.019642    0.000183    0.192973 ^ _190_/CLK (sg13g2_dfrbpq_1)
                                  0.250000    0.442973   clock uncertainty
                                  0.000000    0.442973   clock reconvergence pessimism
                                 -0.036697    0.406275   library hold time
                                              0.406275   data required time
---------------------------------------------------------------------------------------------
                                              0.406275   data required time
                                             -0.499102   data arrival time
---------------------------------------------------------------------------------------------
                                              0.092826   slack (MET)


Startpoint: _186_ (rising edge-triggered flip-flop clocked by clk_i)
Endpoint: _188_ (rising edge-triggered flip-flop clocked by clk_i)
Path Group: clk_i
Path Type: min

Fanout         Cap        Slew       Delay        Time   Description
---------------------------------------------------------------------------------------------
                                  0.000000    0.000000   clock clk_i (rise edge)
                                  0.000000    0.000000   clock source latency
     1    0.024077    0.038967    0.020348    0.020348 ^ clk_i (in)
                                                         clk_i (net)
                      0.039068    0.000000    0.020348 ^ clkbuf_0_clk_i/A (sg13g2_buf_16)
     8    0.155975    0.051557    0.095633    0.115981 ^ clkbuf_0_clk_i/X (sg13g2_buf_16)
                                                         clknet_0_clk_i (net)
                      0.051690    0.001839    0.117820 ^ clkbuf_3_3__f_clk_i/A (sg13g2_buf_16)
     4    0.016313    0.019642    0.074970    0.192790 ^ clkbuf_3_3__f_clk_i/X (sg13g2_buf_16)
                                                         clknet_3_3__leaf_clk_i (net)
                      0.019643    0.000236    0.193026 ^ _186_/CLK (sg13g2_dfrbpq_1)
     3    0.012041    0.045290    0.181730    0.374756 v _186_/Q (sg13g2_dfrbpq_1)
                                                         spm_inst.genblk1[6].csa.y (net)
                      0.045290    0.000136    0.374892 v _129_/B (sg13g2_xor2_1)
     1    0.005949    0.035222    0.071033    0.445925 v _129_/X (sg13g2_xor2_1)
                                                         _039_ (net)
                      0.035222    0.000065    0.445990 v _130_/B (sg13g2_xnor2_1)
     1    0.002311    0.029125    0.052927    0.498917 v _130_/Y (sg13g2_xnor2_1)
                                                         spm_inst.genblk1[6].csa.hsum2 (net)
                      0.029125    0.000023    0.498940 v _188_/D (sg13g2_dfrbpq_1)
                                              0.498940   data arrival time

                                  0.000000    0.000000   clock clk_i (rise edge)
                                  0.000000    0.000000   clock source latency
     1    0.024077    0.038967    0.020348    0.020348 ^ clk_i (in)
                                                         clk_i (net)
                      0.039068    0.000000    0.020348 ^ clkbuf_0_clk_i/A (sg13g2_buf_16)
     8    0.155975    0.051557    0.095633    0.115981 ^ clkbuf_0_clk_i/X (sg13g2_buf_16)
                                                         clknet_0_clk_i (net)
                      0.051690    0.001839    0.117820 ^ clkbuf_3_3__f_clk_i/A (sg13g2_buf_16)
     4    0.016313    0.019642    0.074970    0.192790 ^ clkbuf_3_3__f_clk_i/X (sg13g2_buf_16)
                                                         clknet_3_3__leaf_clk_i (net)
                      0.019642    0.000196    0.192986 ^ _188_/CLK (sg13g2_dfrbpq_1)
                                  0.250000    0.442986   clock uncertainty
                                  0.000000    0.442986   clock reconvergence pessimism
                                 -0.037350    0.405636   library hold time
                                              0.405636   data required time
---------------------------------------------------------------------------------------------
                                              0.405636   data required time
                                             -0.498940   data arrival time
---------------------------------------------------------------------------------------------
                                              0.093304   slack (MET)


Startpoint: _198_ (rising edge-triggered flip-flop clocked by clk_i)
Endpoint: _202_ (rising edge-triggered flip-flop clocked by clk_i)
Path Group: clk_i
Path Type: min

Fanout         Cap        Slew       Delay        Time   Description
---------------------------------------------------------------------------------------------
                                  0.000000    0.000000   clock clk_i (rise edge)
                                  0.000000    0.000000   clock source latency
     1    0.024077    0.038967    0.020348    0.020348 ^ clk_i (in)
                                                         clk_i (net)
                      0.039068    0.000000    0.020348 ^ clkbuf_0_clk_i/A (sg13g2_buf_16)
     8    0.155975    0.051557    0.095633    0.115981 ^ clkbuf_0_clk_i/X (sg13g2_buf_16)
                                                         clknet_0_clk_i (net)
                      0.051670    0.001651    0.117632 ^ clkbuf_3_5__f_clk_i/A (sg13g2_buf_16)
     4    0.014812    0.019314    0.074670    0.192301 ^ clkbuf_3_5__f_clk_i/X (sg13g2_buf_16)
                                                         clknet_3_5__leaf_clk_i (net)
                      0.019315    0.000107    0.192409 ^ _198_/CLK (sg13g2_dfrbpq_1)
     3    0.013263    0.048917    0.184542    0.376951 v _198_/Q (sg13g2_dfrbpq_1)
                                                         spm_inst.csa0.y (net)
                      0.048917    0.000159    0.377110 v _168_/B (sg13g2_xor2_1)
     1    0.005299    0.033541    0.069642    0.446752 v _168_/X (sg13g2_xor2_1)
                                                         _064_ (net)
                      0.033541    0.000031    0.446783 v _169_/B (sg13g2_xnor2_1)
     1    0.002326    0.029065    0.052422    0.499204 v _169_/Y (sg13g2_xnor2_1)
                                                         spm_inst.csa0.hsum2 (net)
                      0.029065    0.000023    0.499228 v _202_/D (sg13g2_dfrbpq_1)
                                              0.499228   data arrival time

                                  0.000000    0.000000   clock clk_i (rise edge)
                                  0.000000    0.000000   clock source latency
     1    0.024077    0.038967    0.020348    0.020348 ^ clk_i (in)
                                                         clk_i (net)
                      0.039068    0.000000    0.020348 ^ clkbuf_0_clk_i/A (sg13g2_buf_16)
     8    0.155975    0.051557    0.095633    0.115981 ^ clkbuf_0_clk_i/X (sg13g2_buf_16)
                                                         clknet_0_clk_i (net)
                      0.051670    0.001651    0.117632 ^ clkbuf_3_5__f_clk_i/A (sg13g2_buf_16)
     4    0.014812    0.019314    0.074670    0.192301 ^ clkbuf_3_5__f_clk_i/X (sg13g2_buf_16)
                                                         clknet_3_5__leaf_clk_i (net)
                      0.019315    0.000158    0.192460 ^ _202_/CLK (sg13g2_dfrbpq_1)
                                  0.250000    0.442460   clock uncertainty
                                  0.000000    0.442460   clock reconvergence pessimism
                                 -0.037399    0.405061   library hold time
                                              0.405061   data required time
---------------------------------------------------------------------------------------------
                                              0.405061   data required time
                                             -0.499228   data arrival time
---------------------------------------------------------------------------------------------
                                              0.094167   slack (MET)


Startpoint: _184_ (rising edge-triggered flip-flop clocked by clk_i)
Endpoint: _186_ (rising edge-triggered flip-flop clocked by clk_i)
Path Group: clk_i
Path Type: min

Fanout         Cap        Slew       Delay        Time   Description
---------------------------------------------------------------------------------------------
                                  0.000000    0.000000   clock clk_i (rise edge)
                                  0.000000    0.000000   clock source latency
     1    0.024077    0.038967    0.020348    0.020348 ^ clk_i (in)
                                                         clk_i (net)
                      0.039068    0.000000    0.020348 ^ clkbuf_0_clk_i/A (sg13g2_buf_16)
     8    0.155975    0.051557    0.095633    0.115981 ^ clkbuf_0_clk_i/X (sg13g2_buf_16)
                                                         clknet_0_clk_i (net)
                      0.051667    0.001625    0.117607 ^ clkbuf_3_6__f_clk_i/A (sg13g2_buf_16)
     4    0.014941    0.019326    0.074698    0.192305 ^ clkbuf_3_6__f_clk_i/X (sg13g2_buf_16)
                                                         clknet_3_6__leaf_clk_i (net)
                      0.019326    0.000080    0.192384 ^ _184_/CLK (sg13g2_dfrbpq_1)
     3    0.013134    0.048547    0.184201    0.376585 v _184_/Q (sg13g2_dfrbpq_1)
                                                         spm_inst.genblk1[7].csa.y (net)
                      0.048547    0.000237    0.376822 v _123_/B (sg13g2_xor2_1)
     1    0.006072    0.035546    0.072924    0.449746 v _123_/X (sg13g2_xor2_1)
                                                         _035_ (net)
                      0.035546    0.000074    0.449820 v _124_/B (sg13g2_xnor2_1)
     1    0.001811    0.026635    0.050862    0.500681 v _124_/Y (sg13g2_xnor2_1)
                                                         spm_inst.genblk1[7].csa.hsum2 (net)
                      0.026635    0.000012    0.500694 v _186_/D (sg13g2_dfrbpq_1)
                                              0.500694   data arrival time

                                  0.000000    0.000000   clock clk_i (rise edge)
                                  0.000000    0.000000   clock source latency
     1    0.024077    0.038967    0.020348    0.020348 ^ clk_i (in)
                                                         clk_i (net)
                      0.039068    0.000000    0.020348 ^ clkbuf_0_clk_i/A (sg13g2_buf_16)
     8    0.155975    0.051557    0.095633    0.115981 ^ clkbuf_0_clk_i/X (sg13g2_buf_16)
                                                         clknet_0_clk_i (net)
                      0.051690    0.001839    0.117820 ^ clkbuf_3_3__f_clk_i/A (sg13g2_buf_16)
     4    0.016313    0.019642    0.074970    0.192790 ^ clkbuf_3_3__f_clk_i/X (sg13g2_buf_16)
                                                         clknet_3_3__leaf_clk_i (net)
                      0.019643    0.000236    0.193026 ^ _186_/CLK (sg13g2_dfrbpq_1)
                                  0.250000    0.443026   clock uncertainty
                                  0.000000    0.443026   clock reconvergence pessimism
                                 -0.036561    0.406465   library hold time
                                              0.406465   data required time
---------------------------------------------------------------------------------------------
                                              0.406465   data required time
                                             -0.500694   data arrival time
---------------------------------------------------------------------------------------------
                                              0.094228   slack (MET)


Startpoint: _196_ (rising edge-triggered flip-flop clocked by clk_i)
Endpoint: _198_ (rising edge-triggered flip-flop clocked by clk_i)
Path Group: clk_i
Path Type: min

Fanout         Cap        Slew       Delay        Time   Description
---------------------------------------------------------------------------------------------
                                  0.000000    0.000000   clock clk_i (rise edge)
                                  0.000000    0.000000   clock source latency
     1    0.024077    0.038967    0.020348    0.020348 ^ clk_i (in)
                                                         clk_i (net)
                      0.039068    0.000000    0.020348 ^ clkbuf_0_clk_i/A (sg13g2_buf_16)
     8    0.155975    0.051557    0.095633    0.115981 ^ clkbuf_0_clk_i/X (sg13g2_buf_16)
                                                         clknet_0_clk_i (net)
                      0.051723    0.002107    0.118088 ^ clkbuf_3_7__f_clk_i/A (sg13g2_buf_16)
     4    0.014887    0.019315    0.074711    0.192799 ^ clkbuf_3_7__f_clk_i/X (sg13g2_buf_16)
                                                         clknet_3_7__leaf_clk_i (net)
                      0.019315    0.000167    0.192966 ^ _196_/CLK (sg13g2_dfrbpq_1)
     3    0.013729    0.050309    0.185656    0.378622 v _196_/Q (sg13g2_dfrbpq_1)
                                                         spm_inst.genblk1[1].csa.y (net)
                      0.050309    0.000161    0.378783 v _159_/B (sg13g2_xor2_1)
     1    0.005299    0.033563    0.070209    0.448993 v _159_/X (sg13g2_xor2_1)
                                                         _059_ (net)
                      0.033563    0.000031    0.449023 v _160_/B (sg13g2_xnor2_1)
     1    0.002884    0.031879    0.054854    0.503877 v _160_/Y (sg13g2_xnor2_1)
                                                         spm_inst.genblk1[1].csa.hsum2 (net)
                      0.031879    0.000037    0.503914 v _198_/D (sg13g2_dfrbpq_1)
                                              0.503914   data arrival time

                                  0.000000    0.000000   clock clk_i (rise edge)
                                  0.000000    0.000000   clock source latency
     1    0.024077    0.038967    0.020348    0.020348 ^ clk_i (in)
                                                         clk_i (net)
                      0.039068    0.000000    0.020348 ^ clkbuf_0_clk_i/A (sg13g2_buf_16)
     8    0.155975    0.051557    0.095633    0.115981 ^ clkbuf_0_clk_i/X (sg13g2_buf_16)
                                                         clknet_0_clk_i (net)
                      0.051670    0.001651    0.117632 ^ clkbuf_3_5__f_clk_i/A (sg13g2_buf_16)
     4    0.014812    0.019314    0.074670    0.192301 ^ clkbuf_3_5__f_clk_i/X (sg13g2_buf_16)
                                                         clknet_3_5__leaf_clk_i (net)
                      0.019315    0.000107    0.192409 ^ _198_/CLK (sg13g2_dfrbpq_1)
                                  0.250000    0.442409   clock uncertainty
                                  0.000000    0.442409   clock reconvergence pessimism
                                 -0.038291    0.404118   library hold time
                                              0.404118   data required time
---------------------------------------------------------------------------------------------
                                              0.404118   data required time
                                             -0.503914   data arrival time
---------------------------------------------------------------------------------------------
                                              0.099796   slack (MET)


Startpoint: _178_ (rising edge-triggered flip-flop clocked by clk_i)
Endpoint: _180_ (rising edge-triggered flip-flop clocked by clk_i)
Path Group: clk_i
Path Type: min

Fanout         Cap        Slew       Delay        Time   Description
---------------------------------------------------------------------------------------------
                                  0.000000    0.000000   clock clk_i (rise edge)
                                  0.000000    0.000000   clock source latency
     1    0.024077    0.038967    0.020348    0.020348 ^ clk_i (in)
                                                         clk_i (net)
                      0.039068    0.000000    0.020348 ^ clkbuf_0_clk_i/A (sg13g2_buf_16)
     8    0.155975    0.051557    0.095633    0.115981 ^ clkbuf_0_clk_i/X (sg13g2_buf_16)
                                                         clknet_0_clk_i (net)
                      0.051635    0.001259    0.117240 ^ clkbuf_3_1__f_clk_i/A (sg13g2_buf_16)
     4    0.016133    0.019597    0.074907    0.192147 ^ clkbuf_3_1__f_clk_i/X (sg13g2_buf_16)
                                                         clknet_3_1__leaf_clk_i (net)
                      0.019598    0.000227    0.192374 ^ _178_/CLK (sg13g2_dfrbpq_1)
     3    0.012403    0.046351    0.182616    0.374990 v _178_/Q (sg13g2_dfrbpq_1)
                                                         spm_inst.genblk1[10].csa.y (net)
                      0.046351    0.000103    0.375093 v _105_/B (sg13g2_xor2_1)
     1    0.005968    0.035293    0.071555    0.446647 v _105_/X (sg13g2_xor2_1)
                                                         _023_ (net)
                      0.035293    0.000069    0.446716 v _106_/B (sg13g2_xnor2_1)
     1    0.003258    0.033892    0.057068    0.503784 v _106_/Y (sg13g2_xnor2_1)
                                                         spm_inst.genblk1[10].csa.hsum2 (net)
                      0.033892    0.000050    0.503834 v _180_/D (sg13g2_dfrbpq_1)
                                              0.503834   data arrival time

                                  0.000000    0.000000   clock clk_i (rise edge)
                                  0.000000    0.000000   clock source latency
     1    0.024077    0.038967    0.020348    0.020348 ^ clk_i (in)
                                                         clk_i (net)
                      0.039068    0.000000    0.020348 ^ clkbuf_0_clk_i/A (sg13g2_buf_16)
     8    0.155975    0.051557    0.095633    0.115981 ^ clkbuf_0_clk_i/X (sg13g2_buf_16)
                                                         clknet_0_clk_i (net)
                      0.051633    0.001232    0.117213 ^ clkbuf_3_4__f_clk_i/A (sg13g2_buf_16)
     4    0.014672    0.019278    0.074626    0.191839 ^ clkbuf_3_4__f_clk_i/X (sg13g2_buf_16)
                                                         clknet_3_4__leaf_clk_i (net)
                      0.019279    0.000122    0.191961 ^ _180_/CLK (sg13g2_dfrbpq_1)
                                  0.250000    0.441961   clock uncertainty
                                  0.000000    0.441961   clock reconvergence pessimism
                                 -0.038936    0.403025   library hold time
                                              0.403025   data required time
---------------------------------------------------------------------------------------------
                                              0.403025   data required time
                                             -0.503834   data arrival time
---------------------------------------------------------------------------------------------
                                              0.100809   slack (MET)


Startpoint: rst_ni (input port clocked by clk_i)
Endpoint: _190_ (removal check against rising-edge clock clk_i)
Path Group: asynchronous
Path Type: min

Fanout         Cap        Slew       Delay        Time   Description
---------------------------------------------------------------------------------------------
                                  0.000000    0.000000   clock clk_i (rise edge)
                                  0.000000    0.000000   clock network delay (propagated)
                                  2.000000    2.000000 ^ input external delay
     1    0.003773    0.020945    0.003110    2.003110 ^ rst_ni (in)
                                                         rst_ni (net)
                      0.020945    0.000000    2.003110 ^ input1/A (sg13g2_buf_1)
     1    0.003069    0.022554    0.056755    2.059866 ^ input1/X (sg13g2_buf_1)
                                                         net1 (net)
                      0.022554    0.000029    2.059895 ^ fanout26/A (sg13g2_buf_1)
     4    0.019203    0.085576    0.104485    2.164380 ^ fanout26/X (sg13g2_buf_1)
                                                         net26 (net)
                      0.085577    0.000383    2.164763 ^ _190_/RESET_B (sg13g2_dfrbpq_1)
                                              2.164763   data arrival time

                                  0.000000    0.000000   clock clk_i (rise edge)
                                  0.000000    0.000000   clock source latency
     1    0.024077    0.038967    0.020348    0.020348 ^ clk_i (in)
                                                         clk_i (net)
                      0.039068    0.000000    0.020348 ^ clkbuf_0_clk_i/A (sg13g2_buf_16)
     8    0.155975    0.051557    0.095633    0.115981 ^ clkbuf_0_clk_i/X (sg13g2_buf_16)
                                                         clknet_0_clk_i (net)
                      0.051690    0.001839    0.117820 ^ clkbuf_3_3__f_clk_i/A (sg13g2_buf_16)
     4    0.016313    0.019642    0.074970    0.192790 ^ clkbuf_3_3__f_clk_i/X (sg13g2_buf_16)
                                                         clknet_3_3__leaf_clk_i (net)
                      0.019642    0.000183    0.192973 ^ _190_/CLK (sg13g2_dfrbpq_1)
                                  0.250000    0.442973   clock uncertainty
                                  0.000000    0.442973   clock reconvergence pessimism
                                 -0.120180    0.322793   library removal time
                                              0.322793   data required time
---------------------------------------------------------------------------------------------
                                              0.322793   data required time
                                             -2.164763   data arrival time
---------------------------------------------------------------------------------------------
                                              1.841971   slack (MET)


Startpoint: rst_ni (input port clocked by clk_i)
Endpoint: _173_ (removal check against rising-edge clock clk_i)
Path Group: asynchronous
Path Type: min

Fanout         Cap        Slew       Delay        Time   Description
---------------------------------------------------------------------------------------------
                                  0.000000    0.000000   clock clk_i (rise edge)
                                  0.000000    0.000000   clock network delay (propagated)
                                  2.000000    2.000000 ^ input external delay
     1    0.003773    0.020945    0.003110    2.003110 ^ rst_ni (in)
                                                         rst_ni (net)
                      0.020945    0.000000    2.003110 ^ input1/A (sg13g2_buf_1)
     1    0.003069    0.022554    0.056755    2.059866 ^ input1/X (sg13g2_buf_1)
                                                         net1 (net)
                      0.022554    0.000029    2.059895 ^ fanout26/A (sg13g2_buf_1)
     4    0.019203    0.085576    0.104485    2.164380 ^ fanout26/X (sg13g2_buf_1)
                                                         net26 (net)
                      0.085576    0.000127    2.164508 ^ fanout23/A (sg13g2_buf_1)
     8    0.048229    0.201221    0.212393    2.376900 ^ fanout23/X (sg13g2_buf_1)
                                                         net23 (net)
                      0.201245    0.001815    2.378716 ^ _173_/RESET_B (sg13g2_dfrbpq_1)
                                              2.378716   data arrival time

                                  0.000000    0.000000   clock clk_i (rise edge)
                                  0.000000    0.000000   clock source latency
     1    0.024077    0.038967    0.020348    0.020348 ^ clk_i (in)
                                                         clk_i (net)
                      0.039068    0.000000    0.020348 ^ clkbuf_0_clk_i/A (sg13g2_buf_16)
     8    0.155975    0.051557    0.095633    0.115981 ^ clkbuf_0_clk_i/X (sg13g2_buf_16)
                                                         clknet_0_clk_i (net)
                      0.051686    0.001798    0.117779 ^ clkbuf_3_0__f_clk_i/A (sg13g2_buf_16)
     4    0.014672    0.019279    0.074654    0.192433 ^ clkbuf_3_0__f_clk_i/X (sg13g2_buf_16)
                                                         clknet_3_0__leaf_clk_i (net)
                      0.019279    0.000076    0.192509 ^ _173_/CLK (sg13g2_dfrbpq_1)
                                  0.250000    0.442509   clock uncertainty
                                  0.000000    0.442509   clock reconvergence pessimism
                                 -0.154867    0.287642   library removal time
                                              0.287642   data required time
---------------------------------------------------------------------------------------------
                                              0.287642   data required time
                                             -2.378716   data arrival time
---------------------------------------------------------------------------------------------
                                              2.091074   slack (MET)


Startpoint: rst_ni (input port clocked by clk_i)
Endpoint: _185_ (removal check against rising-edge clock clk_i)
Path Group: asynchronous
Path Type: min

Fanout         Cap        Slew       Delay        Time   Description
---------------------------------------------------------------------------------------------
                                  0.000000    0.000000   clock clk_i (rise edge)
                                  0.000000    0.000000   clock network delay (propagated)
                                  2.000000    2.000000 ^ input external delay
     1    0.003773    0.020945    0.003110    2.003110 ^ rst_ni (in)
                                                         rst_ni (net)
                      0.020945    0.000000    2.003110 ^ input1/A (sg13g2_buf_1)
     1    0.003069    0.022554    0.056755    2.059866 ^ input1/X (sg13g2_buf_1)
                                                         net1 (net)
                      0.022554    0.000029    2.059895 ^ fanout26/A (sg13g2_buf_1)
     4    0.019203    0.085576    0.104485    2.164380 ^ fanout26/X (sg13g2_buf_1)
                                                         net26 (net)
                      0.085576    0.000127    2.164508 ^ fanout23/A (sg13g2_buf_1)
     8    0.048229    0.201221    0.212393    2.376900 ^ fanout23/X (sg13g2_buf_1)
                                                         net23 (net)
                      0.201243    0.001759    2.378659 ^ _185_/RESET_B (sg13g2_dfrbpq_1)
                                              2.378659   data arrival time

                                  0.000000    0.000000   clock clk_i (rise edge)
                                  0.000000    0.000000   clock source latency
     1    0.024077    0.038967    0.020348    0.020348 ^ clk_i (in)
                                                         clk_i (net)
                      0.039068    0.000000    0.020348 ^ clkbuf_0_clk_i/A (sg13g2_buf_16)
     8    0.155975    0.051557    0.095633    0.115981 ^ clkbuf_0_clk_i/X (sg13g2_buf_16)
                                                         clknet_0_clk_i (net)
                      0.051635    0.001259    0.117240 ^ clkbuf_3_1__f_clk_i/A (sg13g2_buf_16)
     4    0.016133    0.019597    0.074907    0.192147 ^ clkbuf_3_1__f_clk_i/X (sg13g2_buf_16)
                                                         clknet_3_1__leaf_clk_i (net)
                      0.019598    0.000232    0.192379 ^ _185_/CLK (sg13g2_dfrbpq_1)
                                  0.250000    0.442379   clock uncertainty
                                  0.000000    0.442379   clock reconvergence pessimism
                                 -0.154824    0.287554   library removal time
                                              0.287554   data required time
---------------------------------------------------------------------------------------------
                                              0.287554   data required time
                                             -2.378659   data arrival time
---------------------------------------------------------------------------------------------
                                              2.091105   slack (MET)


Startpoint: rst_ni (input port clocked by clk_i)
Endpoint: _174_ (removal check against rising-edge clock clk_i)
Path Group: asynchronous
Path Type: min

Fanout         Cap        Slew       Delay        Time   Description
---------------------------------------------------------------------------------------------
                                  0.000000    0.000000   clock clk_i (rise edge)
                                  0.000000    0.000000   clock network delay (propagated)
                                  2.000000    2.000000 ^ input external delay
     1    0.003773    0.020945    0.003110    2.003110 ^ rst_ni (in)
                                                         rst_ni (net)
                      0.020945    0.000000    2.003110 ^ input1/A (sg13g2_buf_1)
     1    0.003069    0.022554    0.056755    2.059866 ^ input1/X (sg13g2_buf_1)
                                                         net1 (net)
                      0.022554    0.000029    2.059895 ^ fanout26/A (sg13g2_buf_1)
     4    0.019203    0.085576    0.104485    2.164380 ^ fanout26/X (sg13g2_buf_1)
                                                         net26 (net)
                      0.085576    0.000127    2.164508 ^ fanout23/A (sg13g2_buf_1)
     8    0.048229    0.201221    0.212393    2.376900 ^ fanout23/X (sg13g2_buf_1)
                                                         net23 (net)
                      0.201252    0.002071    2.378971 ^ _174_/RESET_B (sg13g2_dfrbpq_1)
                                              2.378971   data arrival time

                                  0.000000    0.000000   clock clk_i (rise edge)
                                  0.000000    0.000000   clock source latency
     1    0.024077    0.038967    0.020348    0.020348 ^ clk_i (in)
                                                         clk_i (net)
                      0.039068    0.000000    0.020348 ^ clkbuf_0_clk_i/A (sg13g2_buf_16)
     8    0.155975    0.051557    0.095633    0.115981 ^ clkbuf_0_clk_i/X (sg13g2_buf_16)
                                                         clknet_0_clk_i (net)
                      0.051686    0.001798    0.117779 ^ clkbuf_3_0__f_clk_i/A (sg13g2_buf_16)
     4    0.014672    0.019279    0.074654    0.192433 ^ clkbuf_3_0__f_clk_i/X (sg13g2_buf_16)
                                                         clknet_3_0__leaf_clk_i (net)
                      0.019279    0.000067    0.192500 ^ _174_/CLK (sg13g2_dfrbpq_1)
                                  0.250000    0.442500   clock uncertainty
                                  0.000000    0.442500   clock reconvergence pessimism
                                 -0.154869    0.287631   library removal time
                                              0.287631   data required time
---------------------------------------------------------------------------------------------
                                              0.287631   data required time
                                             -2.378971   data arrival time
---------------------------------------------------------------------------------------------
                                              2.091341   slack (MET)


Startpoint: rst_ni (input port clocked by clk_i)
Endpoint: _175_ (removal check against rising-edge clock clk_i)
Path Group: asynchronous
Path Type: min

Fanout         Cap        Slew       Delay        Time   Description
---------------------------------------------------------------------------------------------
                                  0.000000    0.000000   clock clk_i (rise edge)
                                  0.000000    0.000000   clock network delay (propagated)
                                  2.000000    2.000000 ^ input external delay
     1    0.003773    0.020945    0.003110    2.003110 ^ rst_ni (in)
                                                         rst_ni (net)
                      0.020945    0.000000    2.003110 ^ input1/A (sg13g2_buf_1)
     1    0.003069    0.022554    0.056755    2.059866 ^ input1/X (sg13g2_buf_1)
                                                         net1 (net)
                      0.022554    0.000029    2.059895 ^ fanout26/A (sg13g2_buf_1)
     4    0.019203    0.085576    0.104485    2.164380 ^ fanout26/X (sg13g2_buf_1)
                                                         net26 (net)
                      0.085576    0.000127    2.164508 ^ fanout23/A (sg13g2_buf_1)
     8    0.048229    0.201221    0.212393    2.376900 ^ fanout23/X (sg13g2_buf_1)
                                                         net23 (net)
                      0.201256    0.002198    2.379099 ^ _175_/RESET_B (sg13g2_dfrbpq_1)
                                              2.379099   data arrival time

                                  0.000000    0.000000   clock clk_i (rise edge)
                                  0.000000    0.000000   clock source latency
     1    0.024077    0.038967    0.020348    0.020348 ^ clk_i (in)
                                                         clk_i (net)
                      0.039068    0.000000    0.020348 ^ clkbuf_0_clk_i/A (sg13g2_buf_16)
     8    0.155975    0.051557    0.095633    0.115981 ^ clkbuf_0_clk_i/X (sg13g2_buf_16)
                                                         clknet_0_clk_i (net)
                      0.051686    0.001798    0.117779 ^ clkbuf_3_0__f_clk_i/A (sg13g2_buf_16)
     4    0.014672    0.019279    0.074654    0.192433 ^ clkbuf_3_0__f_clk_i/X (sg13g2_buf_16)
                                                         clknet_3_0__leaf_clk_i (net)
                      0.019279    0.000098    0.192531 ^ _175_/CLK (sg13g2_dfrbpq_1)
                                  0.250000    0.442531   clock uncertainty
                                  0.000000    0.442531   clock reconvergence pessimism
                                 -0.154870    0.287661   library removal time
                                              0.287661   data required time
---------------------------------------------------------------------------------------------
                                              0.287661   data required time
                                             -2.379099   data arrival time
---------------------------------------------------------------------------------------------
                                              2.091438   slack (MET)


Startpoint: rst_ni (input port clocked by clk_i)
Endpoint: _176_ (removal check against rising-edge clock clk_i)
Path Group: asynchronous
Path Type: min

Fanout         Cap        Slew       Delay        Time   Description
---------------------------------------------------------------------------------------------
                                  0.000000    0.000000   clock clk_i (rise edge)
                                  0.000000    0.000000   clock network delay (propagated)
                                  2.000000    2.000000 ^ input external delay
     1    0.003773    0.020945    0.003110    2.003110 ^ rst_ni (in)
                                                         rst_ni (net)
                      0.020945    0.000000    2.003110 ^ input1/A (sg13g2_buf_1)
     1    0.003069    0.022554    0.056755    2.059866 ^ input1/X (sg13g2_buf_1)
                                                         net1 (net)
                      0.022554    0.000029    2.059895 ^ fanout26/A (sg13g2_buf_1)
     4    0.019203    0.085576    0.104485    2.164380 ^ fanout26/X (sg13g2_buf_1)
                                                         net26 (net)
                      0.085576    0.000127    2.164508 ^ fanout23/A (sg13g2_buf_1)
     8    0.048229    0.201221    0.212393    2.376900 ^ fanout23/X (sg13g2_buf_1)
                                                         net23 (net)
                      0.201260    0.002327    2.379227 ^ _176_/RESET_B (sg13g2_dfrbpq_1)
                                              2.379227   data arrival time

                                  0.000000    0.000000   clock clk_i (rise edge)
                                  0.000000    0.000000   clock source latency
     1    0.024077    0.038967    0.020348    0.020348 ^ clk_i (in)
                                                         clk_i (net)
                      0.039068    0.000000    0.020348 ^ clkbuf_0_clk_i/A (sg13g2_buf_16)
     8    0.155975    0.051557    0.095633    0.115981 ^ clkbuf_0_clk_i/X (sg13g2_buf_16)
                                                         clknet_0_clk_i (net)
                      0.051635    0.001259    0.117240 ^ clkbuf_3_1__f_clk_i/A (sg13g2_buf_16)
     4    0.016133    0.019597    0.074907    0.192147 ^ clkbuf_3_1__f_clk_i/X (sg13g2_buf_16)
                                                         clknet_3_1__leaf_clk_i (net)
                      0.019598    0.000185    0.192332 ^ _176_/CLK (sg13g2_dfrbpq_1)
                                  0.250000    0.442332   clock uncertainty
                                  0.000000    0.442332   clock reconvergence pessimism
                                 -0.154830    0.287503   library removal time
                                              0.287503   data required time
---------------------------------------------------------------------------------------------
                                              0.287503   data required time
                                             -2.379227   data arrival time
---------------------------------------------------------------------------------------------
                                              2.091725   slack (MET)


Startpoint: rst_ni (input port clocked by clk_i)
Endpoint: _177_ (removal check against rising-edge clock clk_i)
Path Group: asynchronous
Path Type: min

Fanout         Cap        Slew       Delay        Time   Description
---------------------------------------------------------------------------------------------
                                  0.000000    0.000000   clock clk_i (rise edge)
                                  0.000000    0.000000   clock network delay (propagated)
                                  2.000000    2.000000 ^ input external delay
     1    0.003773    0.020945    0.003110    2.003110 ^ rst_ni (in)
                                                         rst_ni (net)
                      0.020945    0.000000    2.003110 ^ input1/A (sg13g2_buf_1)
     1    0.003069    0.022554    0.056755    2.059866 ^ input1/X (sg13g2_buf_1)
                                                         net1 (net)
                      0.022554    0.000029    2.059895 ^ fanout26/A (sg13g2_buf_1)
     4    0.019203    0.085576    0.104485    2.164380 ^ fanout26/X (sg13g2_buf_1)
                                                         net26 (net)
                      0.085576    0.000127    2.164508 ^ fanout23/A (sg13g2_buf_1)
     8    0.048229    0.201221    0.212393    2.376900 ^ fanout23/X (sg13g2_buf_1)
                                                         net23 (net)
                      0.201263    0.002396    2.379297 ^ _177_/RESET_B (sg13g2_dfrbpq_1)
                                              2.379297   data arrival time

                                  0.000000    0.000000   clock clk_i (rise edge)
                                  0.000000    0.000000   clock source latency
     1    0.024077    0.038967    0.020348    0.020348 ^ clk_i (in)
                                                         clk_i (net)
                      0.039068    0.000000    0.020348 ^ clkbuf_0_clk_i/A (sg13g2_buf_16)
     8    0.155975    0.051557    0.095633    0.115981 ^ clkbuf_0_clk_i/X (sg13g2_buf_16)
                                                         clknet_0_clk_i (net)
                      0.051635    0.001259    0.117240 ^ clkbuf_3_1__f_clk_i/A (sg13g2_buf_16)
     4    0.016133    0.019597    0.074907    0.192147 ^ clkbuf_3_1__f_clk_i/X (sg13g2_buf_16)
                                                         clknet_3_1__leaf_clk_i (net)
                      0.019598    0.000202    0.192349 ^ _177_/CLK (sg13g2_dfrbpq_1)
                                  0.250000    0.442349   clock uncertainty
                                  0.000000    0.442349   clock reconvergence pessimism
                                 -0.154830    0.287519   library removal time
                                              0.287519   data required time
---------------------------------------------------------------------------------------------
                                              0.287519   data required time
                                             -2.379297   data arrival time
---------------------------------------------------------------------------------------------
                                              2.091778   slack (MET)


Startpoint: rst_ni (input port clocked by clk_i)
Endpoint: _178_ (removal check against rising-edge clock clk_i)
Path Group: asynchronous
Path Type: min

Fanout         Cap        Slew       Delay        Time   Description
---------------------------------------------------------------------------------------------
                                  0.000000    0.000000   clock clk_i (rise edge)
                                  0.000000    0.000000   clock network delay (propagated)
                                  2.000000    2.000000 ^ input external delay
     1    0.003773    0.020945    0.003110    2.003110 ^ rst_ni (in)
                                                         rst_ni (net)
                      0.020945    0.000000    2.003110 ^ input1/A (sg13g2_buf_1)
     1    0.003069    0.022554    0.056755    2.059866 ^ input1/X (sg13g2_buf_1)
                                                         net1 (net)
                      0.022554    0.000029    2.059895 ^ fanout26/A (sg13g2_buf_1)
     4    0.019203    0.085576    0.104485    2.164380 ^ fanout26/X (sg13g2_buf_1)
                                                         net26 (net)
                      0.085576    0.000127    2.164508 ^ fanout23/A (sg13g2_buf_1)
     8    0.048229    0.201221    0.212393    2.376900 ^ fanout23/X (sg13g2_buf_1)
                                                         net23 (net)
                      0.201264    0.002436    2.379336 ^ _178_/RESET_B (sg13g2_dfrbpq_1)
                                              2.379336   data arrival time

                                  0.000000    0.000000   clock clk_i (rise edge)
                                  0.000000    0.000000   clock source latency
     1    0.024077    0.038967    0.020348    0.020348 ^ clk_i (in)
                                                         clk_i (net)
                      0.039068    0.000000    0.020348 ^ clkbuf_0_clk_i/A (sg13g2_buf_16)
     8    0.155975    0.051557    0.095633    0.115981 ^ clkbuf_0_clk_i/X (sg13g2_buf_16)
                                                         clknet_0_clk_i (net)
                      0.051635    0.001259    0.117240 ^ clkbuf_3_1__f_clk_i/A (sg13g2_buf_16)
     4    0.016133    0.019597    0.074907    0.192147 ^ clkbuf_3_1__f_clk_i/X (sg13g2_buf_16)
                                                         clknet_3_1__leaf_clk_i (net)
                      0.019598    0.000227    0.192374 ^ _178_/CLK (sg13g2_dfrbpq_1)
                                  0.250000    0.442374   clock uncertainty
                                  0.000000    0.442374   clock reconvergence pessimism
                                 -0.154831    0.287543   library removal time
                                              0.287543   data required time
---------------------------------------------------------------------------------------------
                                              0.287543   data required time
                                             -2.379336   data arrival time
---------------------------------------------------------------------------------------------
                                              2.091793   slack (MET)


Startpoint: rst_ni (input port clocked by clk_i)
Endpoint: _182_ (removal check against rising-edge clock clk_i)
Path Group: asynchronous
Path Type: min

Fanout         Cap        Slew       Delay        Time   Description
---------------------------------------------------------------------------------------------
                                  0.000000    0.000000   clock clk_i (rise edge)
                                  0.000000    0.000000   clock network delay (propagated)
                                  2.000000    2.000000 ^ input external delay
     1    0.003773    0.020945    0.003110    2.003110 ^ rst_ni (in)
                                                         rst_ni (net)
                      0.020945    0.000000    2.003110 ^ input1/A (sg13g2_buf_1)
     1    0.003069    0.022554    0.056755    2.059866 ^ input1/X (sg13g2_buf_1)
                                                         net1 (net)
                      0.022554    0.000029    2.059895 ^ fanout26/A (sg13g2_buf_1)
     4    0.019203    0.085576    0.104485    2.164380 ^ fanout26/X (sg13g2_buf_1)
                                                         net26 (net)
                      0.085607    0.000513    2.164894 ^ fanout24/A (sg13g2_buf_1)
     8    0.048402    0.201889    0.213562    2.378455 ^ fanout24/X (sg13g2_buf_1)
                                                         net24 (net)
                      0.201891    0.000499    2.378955 ^ _182_/RESET_B (sg13g2_dfrbpq_1)
                                              2.378955   data arrival time

                                  0.000000    0.000000   clock clk_i (rise edge)
                                  0.000000    0.000000   clock source latency
     1    0.024077    0.038967    0.020348    0.020348 ^ clk_i (in)
                                                         clk_i (net)
                      0.039068    0.000000    0.020348 ^ clkbuf_0_clk_i/A (sg13g2_buf_16)
     8    0.155975    0.051557    0.095633    0.115981 ^ clkbuf_0_clk_i/X (sg13g2_buf_16)
                                                         clknet_0_clk_i (net)
                      0.051633    0.001232    0.117213 ^ clkbuf_3_4__f_clk_i/A (sg13g2_buf_16)
     4    0.014672    0.019278    0.074626    0.191839 ^ clkbuf_3_4__f_clk_i/X (sg13g2_buf_16)
                                                         clknet_3_4__leaf_clk_i (net)
                      0.019278    0.000052    0.191891 ^ _182_/CLK (sg13g2_dfrbpq_1)
                                  0.250000    0.441891   clock uncertainty
                                  0.000000    0.441891   clock reconvergence pessimism
                                 -0.155060    0.286831   library removal time
                                              0.286831   data required time
---------------------------------------------------------------------------------------------
                                              0.286831   data required time
                                             -2.378955   data arrival time
---------------------------------------------------------------------------------------------
                                              2.092124   slack (MET)


Startpoint: rst_ni (input port clocked by clk_i)
Endpoint: _198_ (removal check against rising-edge clock clk_i)
Path Group: asynchronous
Path Type: min

Fanout         Cap        Slew       Delay        Time   Description
---------------------------------------------------------------------------------------------
                                  0.000000    0.000000   clock clk_i (rise edge)
                                  0.000000    0.000000   clock network delay (propagated)
                                  2.000000    2.000000 ^ input external delay
     1    0.003773    0.020945    0.003110    2.003110 ^ rst_ni (in)
                                                         rst_ni (net)
                      0.020945    0.000000    2.003110 ^ input1/A (sg13g2_buf_1)
     1    0.003069    0.022554    0.056755    2.059866 ^ input1/X (sg13g2_buf_1)
                                                         net1 (net)
                      0.022554    0.000029    2.059895 ^ fanout26/A (sg13g2_buf_1)
     4    0.019203    0.085576    0.104485    2.164380 ^ fanout26/X (sg13g2_buf_1)
                                                         net26 (net)
                      0.085607    0.000513    2.164894 ^ fanout24/A (sg13g2_buf_1)
     8    0.048402    0.201889    0.213562    2.378455 ^ fanout24/X (sg13g2_buf_1)
                                                         net24 (net)
                      0.201898    0.001112    2.379567 ^ _198_/RESET_B (sg13g2_dfrbpq_1)
                                              2.379567   data arrival time

                                  0.000000    0.000000   clock clk_i (rise edge)
                                  0.000000    0.000000   clock source latency
     1    0.024077    0.038967    0.020348    0.020348 ^ clk_i (in)
                                                         clk_i (net)
                      0.039068    0.000000    0.020348 ^ clkbuf_0_clk_i/A (sg13g2_buf_16)
     8    0.155975    0.051557    0.095633    0.115981 ^ clkbuf_0_clk_i/X (sg13g2_buf_16)
                                                         clknet_0_clk_i (net)
                      0.051670    0.001651    0.117632 ^ clkbuf_3_5__f_clk_i/A (sg13g2_buf_16)
     4    0.014812    0.019314    0.074670    0.192301 ^ clkbuf_3_5__f_clk_i/X (sg13g2_buf_16)
                                                         clknet_3_5__leaf_clk_i (net)
                      0.019315    0.000107    0.192409 ^ _198_/CLK (sg13g2_dfrbpq_1)
                                  0.250000    0.442409   clock uncertainty
                                  0.000000    0.442409   clock reconvergence pessimism
                                 -0.155058    0.287351   library removal time
                                              0.287351   data required time
---------------------------------------------------------------------------------------------
                                              0.287351   data required time
                                             -2.379567   data arrival time
---------------------------------------------------------------------------------------------
                                              2.092216   slack (MET)


Startpoint: rst_ni (input port clocked by clk_i)
Endpoint: _197_ (removal check against rising-edge clock clk_i)
Path Group: asynchronous
Path Type: min

Fanout         Cap        Slew       Delay        Time   Description
---------------------------------------------------------------------------------------------
                                  0.000000    0.000000   clock clk_i (rise edge)
                                  0.000000    0.000000   clock network delay (propagated)
                                  2.000000    2.000000 ^ input external delay
     1    0.003773    0.020945    0.003110    2.003110 ^ rst_ni (in)
                                                         rst_ni (net)
                      0.020945    0.000000    2.003110 ^ input1/A (sg13g2_buf_1)
     1    0.003069    0.022554    0.056755    2.059866 ^ input1/X (sg13g2_buf_1)
                                                         net1 (net)
                      0.022554    0.000029    2.059895 ^ fanout26/A (sg13g2_buf_1)
     4    0.019203    0.085576    0.104485    2.164380 ^ fanout26/X (sg13g2_buf_1)
                                                         net26 (net)
                      0.085607    0.000513    2.164894 ^ fanout24/A (sg13g2_buf_1)
     8    0.048402    0.201889    0.213562    2.378455 ^ fanout24/X (sg13g2_buf_1)
                                                         net24 (net)
                      0.201898    0.001140    2.379596 ^ _197_/RESET_B (sg13g2_dfrbpq_1)
                                              2.379596   data arrival time

                                  0.000000    0.000000   clock clk_i (rise edge)
                                  0.000000    0.000000   clock source latency
     1    0.024077    0.038967    0.020348    0.020348 ^ clk_i (in)
                                                         clk_i (net)
                      0.039068    0.000000    0.020348 ^ clkbuf_0_clk_i/A (sg13g2_buf_16)
     8    0.155975    0.051557    0.095633    0.115981 ^ clkbuf_0_clk_i/X (sg13g2_buf_16)
                                                         clknet_0_clk_i (net)
                      0.051670    0.001651    0.117632 ^ clkbuf_3_5__f_clk_i/A (sg13g2_buf_16)
     4    0.014812    0.019314    0.074670    0.192301 ^ clkbuf_3_5__f_clk_i/X (sg13g2_buf_16)
                                                         clknet_3_5__leaf_clk_i (net)
                      0.019315    0.000125    0.192427 ^ _197_/CLK (sg13g2_dfrbpq_1)
                                  0.250000    0.442427   clock uncertainty
                                  0.000000    0.442427   clock reconvergence pessimism
                                 -0.155058    0.287369   library removal time
                                              0.287369   data required time
---------------------------------------------------------------------------------------------
                                              0.287369   data required time
                                             -2.379596   data arrival time
---------------------------------------------------------------------------------------------
                                              2.092227   slack (MET)


Startpoint: rst_ni (input port clocked by clk_i)
Endpoint: _201_ (removal check against rising-edge clock clk_i)
Path Group: asynchronous
Path Type: min

Fanout         Cap        Slew       Delay        Time   Description
---------------------------------------------------------------------------------------------
                                  0.000000    0.000000   clock clk_i (rise edge)
                                  0.000000    0.000000   clock network delay (propagated)
                                  2.000000    2.000000 ^ input external delay
     1    0.003773    0.020945    0.003110    2.003110 ^ rst_ni (in)
                                                         rst_ni (net)
                      0.020945    0.000000    2.003110 ^ input1/A (sg13g2_buf_1)
     1    0.003069    0.022554    0.056755    2.059866 ^ input1/X (sg13g2_buf_1)
                                                         net1 (net)
                      0.022554    0.000029    2.059895 ^ fanout26/A (sg13g2_buf_1)
     4    0.019203    0.085576    0.104485    2.164380 ^ fanout26/X (sg13g2_buf_1)
                                                         net26 (net)
                      0.085607    0.000513    2.164894 ^ fanout24/A (sg13g2_buf_1)
     8    0.048402    0.201889    0.213562    2.378455 ^ fanout24/X (sg13g2_buf_1)
                                                         net24 (net)
                      0.201900    0.001247    2.379703 ^ _201_/RESET_B (sg13g2_dfrbpq_1)
                                              2.379703   data arrival time

                                  0.000000    0.000000   clock clk_i (rise edge)
                                  0.000000    0.000000   clock source latency
     1    0.024077    0.038967    0.020348    0.020348 ^ clk_i (in)
                                                         clk_i (net)
                      0.039068    0.000000    0.020348 ^ clkbuf_0_clk_i/A (sg13g2_buf_16)
     8    0.155975    0.051557    0.095633    0.115981 ^ clkbuf_0_clk_i/X (sg13g2_buf_16)
                                                         clknet_0_clk_i (net)
                      0.051670    0.001651    0.117632 ^ clkbuf_3_5__f_clk_i/A (sg13g2_buf_16)
     4    0.014812    0.019314    0.074670    0.192301 ^ clkbuf_3_5__f_clk_i/X (sg13g2_buf_16)
                                                         clknet_3_5__leaf_clk_i (net)
                      0.019315    0.000139    0.192440 ^ _201_/CLK (sg13g2_dfrbpq_1)
                                  0.250000    0.442440   clock uncertainty
                                  0.000000    0.442440   clock reconvergence pessimism
                                 -0.155058    0.287382   library removal time
                                              0.287382   data required time
---------------------------------------------------------------------------------------------
                                              0.287382   data required time
                                             -2.379703   data arrival time
---------------------------------------------------------------------------------------------
                                              2.092321   slack (MET)


Startpoint: rst_ni (input port clocked by clk_i)
Endpoint: _202_ (removal check against rising-edge clock clk_i)
Path Group: asynchronous
Path Type: min

Fanout         Cap        Slew       Delay        Time   Description
---------------------------------------------------------------------------------------------
                                  0.000000    0.000000   clock clk_i (rise edge)
                                  0.000000    0.000000   clock network delay (propagated)
                                  2.000000    2.000000 ^ input external delay
     1    0.003773    0.020945    0.003110    2.003110 ^ rst_ni (in)
                                                         rst_ni (net)
                      0.020945    0.000000    2.003110 ^ input1/A (sg13g2_buf_1)
     1    0.003069    0.022554    0.056755    2.059866 ^ input1/X (sg13g2_buf_1)
                                                         net1 (net)
                      0.022554    0.000029    2.059895 ^ fanout26/A (sg13g2_buf_1)
     4    0.019203    0.085576    0.104485    2.164380 ^ fanout26/X (sg13g2_buf_1)
                                                         net26 (net)
                      0.085607    0.000513    2.164894 ^ fanout24/A (sg13g2_buf_1)
     8    0.048402    0.201889    0.213562    2.378455 ^ fanout24/X (sg13g2_buf_1)
                                                         net24 (net)
                      0.201900    0.001279    2.379734 ^ _202_/RESET_B (sg13g2_dfrbpq_1)
                                              2.379734   data arrival time

                                  0.000000    0.000000   clock clk_i (rise edge)
                                  0.000000    0.000000   clock source latency
     1    0.024077    0.038967    0.020348    0.020348 ^ clk_i (in)
                                                         clk_i (net)
                      0.039068    0.000000    0.020348 ^ clkbuf_0_clk_i/A (sg13g2_buf_16)
     8    0.155975    0.051557    0.095633    0.115981 ^ clkbuf_0_clk_i/X (sg13g2_buf_16)
                                                         clknet_0_clk_i (net)
                      0.051670    0.001651    0.117632 ^ clkbuf_3_5__f_clk_i/A (sg13g2_buf_16)
     4    0.014812    0.019314    0.074670    0.192301 ^ clkbuf_3_5__f_clk_i/X (sg13g2_buf_16)
                                                         clknet_3_5__leaf_clk_i (net)
                      0.019315    0.000158    0.192460 ^ _202_/CLK (sg13g2_dfrbpq_1)
                                  0.250000    0.442460   clock uncertainty
                                  0.000000    0.442460   clock reconvergence pessimism
                                 -0.155059    0.287401   library removal time
                                              0.287401   data required time
---------------------------------------------------------------------------------------------
                                              0.287401   data required time
                                             -2.379734   data arrival time
---------------------------------------------------------------------------------------------
                                              2.092333   slack (MET)


Startpoint: rst_ni (input port clocked by clk_i)
Endpoint: _181_ (removal check against rising-edge clock clk_i)
Path Group: asynchronous
Path Type: min

Fanout         Cap        Slew       Delay        Time   Description
---------------------------------------------------------------------------------------------
                                  0.000000    0.000000   clock clk_i (rise edge)
                                  0.000000    0.000000   clock network delay (propagated)
                                  2.000000    2.000000 ^ input external delay
     1    0.003773    0.020945    0.003110    2.003110 ^ rst_ni (in)
                                                         rst_ni (net)
                      0.020945    0.000000    2.003110 ^ input1/A (sg13g2_buf_1)
     1    0.003069    0.022554    0.056755    2.059866 ^ input1/X (sg13g2_buf_1)
                                                         net1 (net)
                      0.022554    0.000029    2.059895 ^ fanout26/A (sg13g2_buf_1)
     4    0.019203    0.085576    0.104485    2.164380 ^ fanout26/X (sg13g2_buf_1)
                                                         net26 (net)
                      0.085607    0.000513    2.164894 ^ fanout24/A (sg13g2_buf_1)
     8    0.048402    0.201889    0.213562    2.378455 ^ fanout24/X (sg13g2_buf_1)
                                                         net24 (net)
                      0.201894    0.000850    2.379305 ^ _181_/RESET_B (sg13g2_dfrbpq_1)
                                              2.379305   data arrival time

                                  0.000000    0.000000   clock clk_i (rise edge)
                                  0.000000    0.000000   clock source latency
     1    0.024077    0.038967    0.020348    0.020348 ^ clk_i (in)
                                                         clk_i (net)
                      0.039068    0.000000    0.020348 ^ clkbuf_0_clk_i/A (sg13g2_buf_16)
     8    0.155975    0.051557    0.095633    0.115981 ^ clkbuf_0_clk_i/X (sg13g2_buf_16)
                                                         clknet_0_clk_i (net)
                      0.051633    0.001232    0.117213 ^ clkbuf_3_4__f_clk_i/A (sg13g2_buf_16)
     4    0.014672    0.019278    0.074626    0.191839 ^ clkbuf_3_4__f_clk_i/X (sg13g2_buf_16)
                                                         clknet_3_4__leaf_clk_i (net)
                      0.019278    0.000097    0.191936 ^ _181_/CLK (sg13g2_dfrbpq_1)
                                  0.250000    0.441936   clock uncertainty
                                  0.000000    0.441936   clock reconvergence pessimism
                                 -0.155061    0.286875   library removal time
                                              0.286875   data required time
---------------------------------------------------------------------------------------------
                                              0.286875   data required time
                                             -2.379305   data arrival time
---------------------------------------------------------------------------------------------
                                              2.092430   slack (MET)


Startpoint: rst_ni (input port clocked by clk_i)
Endpoint: _180_ (removal check against rising-edge clock clk_i)
Path Group: asynchronous
Path Type: min

Fanout         Cap        Slew       Delay        Time   Description
---------------------------------------------------------------------------------------------
                                  0.000000    0.000000   clock clk_i (rise edge)
                                  0.000000    0.000000   clock network delay (propagated)
                                  2.000000    2.000000 ^ input external delay
     1    0.003773    0.020945    0.003110    2.003110 ^ rst_ni (in)
                                                         rst_ni (net)
                      0.020945    0.000000    2.003110 ^ input1/A (sg13g2_buf_1)
     1    0.003069    0.022554    0.056755    2.059866 ^ input1/X (sg13g2_buf_1)
                                                         net1 (net)
                      0.022554    0.000029    2.059895 ^ fanout26/A (sg13g2_buf_1)
     4    0.019203    0.085576    0.104485    2.164380 ^ fanout26/X (sg13g2_buf_1)
                                                         net26 (net)
                      0.085607    0.000513    2.164894 ^ fanout24/A (sg13g2_buf_1)
     8    0.048402    0.201889    0.213562    2.378455 ^ fanout24/X (sg13g2_buf_1)
                                                         net24 (net)
                      0.201894    0.000889    2.379344 ^ _180_/RESET_B (sg13g2_dfrbpq_1)
                                              2.379344   data arrival time

                                  0.000000    0.000000   clock clk_i (rise edge)
                                  0.000000    0.000000   clock source latency
     1    0.024077    0.038967    0.020348    0.020348 ^ clk_i (in)
                                                         clk_i (net)
                      0.039068    0.000000    0.020348 ^ clkbuf_0_clk_i/A (sg13g2_buf_16)
     8    0.155975    0.051557    0.095633    0.115981 ^ clkbuf_0_clk_i/X (sg13g2_buf_16)
                                                         clknet_0_clk_i (net)
                      0.051633    0.001232    0.117213 ^ clkbuf_3_4__f_clk_i/A (sg13g2_buf_16)
     4    0.014672    0.019278    0.074626    0.191839 ^ clkbuf_3_4__f_clk_i/X (sg13g2_buf_16)
                                                         clknet_3_4__leaf_clk_i (net)
                      0.019279    0.000122    0.191961 ^ _180_/CLK (sg13g2_dfrbpq_1)
                                  0.250000    0.441961   clock uncertainty
                                  0.000000    0.441961   clock reconvergence pessimism
                                 -0.155062    0.286899   library removal time
                                              0.286899   data required time
---------------------------------------------------------------------------------------------
                                              0.286899   data required time
                                             -2.379344   data arrival time
---------------------------------------------------------------------------------------------
                                              2.092445   slack (MET)


Startpoint: rst_ni (input port clocked by clk_i)
Endpoint: _179_ (removal check against rising-edge clock clk_i)
Path Group: asynchronous
Path Type: min

Fanout         Cap        Slew       Delay        Time   Description
---------------------------------------------------------------------------------------------
                                  0.000000    0.000000   clock clk_i (rise edge)
                                  0.000000    0.000000   clock network delay (propagated)
                                  2.000000    2.000000 ^ input external delay
     1    0.003773    0.020945    0.003110    2.003110 ^ rst_ni (in)
                                                         rst_ni (net)
                      0.020945    0.000000    2.003110 ^ input1/A (sg13g2_buf_1)
     1    0.003069    0.022554    0.056755    2.059866 ^ input1/X (sg13g2_buf_1)
                                                         net1 (net)
                      0.022554    0.000029    2.059895 ^ fanout26/A (sg13g2_buf_1)
     4    0.019203    0.085576    0.104485    2.164380 ^ fanout26/X (sg13g2_buf_1)
                                                         net26 (net)
                      0.085607    0.000513    2.164894 ^ fanout24/A (sg13g2_buf_1)
     8    0.048402    0.201889    0.213562    2.378455 ^ fanout24/X (sg13g2_buf_1)
                                                         net24 (net)
                      0.201895    0.000962    2.379417 ^ _179_/RESET_B (sg13g2_dfrbpq_1)
                                              2.379417   data arrival time

                                  0.000000    0.000000   clock clk_i (rise edge)
                                  0.000000    0.000000   clock source latency
     1    0.024077    0.038967    0.020348    0.020348 ^ clk_i (in)
                                                         clk_i (net)
                      0.039068    0.000000    0.020348 ^ clkbuf_0_clk_i/A (sg13g2_buf_16)
     8    0.155975    0.051557    0.095633    0.115981 ^ clkbuf_0_clk_i/X (sg13g2_buf_16)
                                                         clknet_0_clk_i (net)
                      0.051633    0.001232    0.117213 ^ clkbuf_3_4__f_clk_i/A (sg13g2_buf_16)
     4    0.014672    0.019278    0.074626    0.191839 ^ clkbuf_3_4__f_clk_i/X (sg13g2_buf_16)
                                                         clknet_3_4__leaf_clk_i (net)
                      0.019279    0.000168    0.192007 ^ _179_/CLK (sg13g2_dfrbpq_1)
                                  0.250000    0.442007   clock uncertainty
                                  0.000000    0.442007   clock reconvergence pessimism
                                 -0.155062    0.286945   library removal time
                                              0.286945   data required time
---------------------------------------------------------------------------------------------
                                              0.286945   data required time
                                             -2.379417   data arrival time
---------------------------------------------------------------------------------------------
                                              2.092472   slack (MET)


Startpoint: rst_ni (input port clocked by clk_i)
Endpoint: _193_ (removal check against rising-edge clock clk_i)
Path Group: asynchronous
Path Type: min

Fanout         Cap        Slew       Delay        Time   Description
---------------------------------------------------------------------------------------------
                                  0.000000    0.000000   clock clk_i (rise edge)
                                  0.000000    0.000000   clock network delay (propagated)
                                  2.000000    2.000000 ^ input external delay
     1    0.003773    0.020945    0.003110    2.003110 ^ rst_ni (in)
                                                         rst_ni (net)
                      0.020945    0.000000    2.003110 ^ input1/A (sg13g2_buf_1)
     1    0.003069    0.022554    0.056755    2.059866 ^ input1/X (sg13g2_buf_1)
                                                         net1 (net)
                      0.022554    0.000029    2.059895 ^ fanout26/A (sg13g2_buf_1)
     4    0.019203    0.085576    0.104485    2.164380 ^ fanout26/X (sg13g2_buf_1)
                                                         net26 (net)
                      0.085605    0.000427    2.164807 ^ fanout25/A (sg13g2_buf_1)
     8    0.048740    0.203232    0.214536    2.379343 ^ fanout25/X (sg13g2_buf_1)
                                                         net25 (net)
                      0.203238    0.000907    2.380251 ^ _193_/RESET_B (sg13g2_dfrbpq_1)
                                              2.380251   data arrival time

                                  0.000000    0.000000   clock clk_i (rise edge)
                                  0.000000    0.000000   clock source latency
     1    0.024077    0.038967    0.020348    0.020348 ^ clk_i (in)
                                                         clk_i (net)
                      0.039068    0.000000    0.020348 ^ clkbuf_0_clk_i/A (sg13g2_buf_16)
     8    0.155975    0.051557    0.095633    0.115981 ^ clkbuf_0_clk_i/X (sg13g2_buf_16)
                                                         clknet_0_clk_i (net)
                      0.051723    0.002107    0.118088 ^ clkbuf_3_7__f_clk_i/A (sg13g2_buf_16)
     4    0.014887    0.019315    0.074711    0.192799 ^ clkbuf_3_7__f_clk_i/X (sg13g2_buf_16)
                                                         clknet_3_7__leaf_clk_i (net)
                      0.019315    0.000099    0.192898 ^ _193_/CLK (sg13g2_dfrbpq_1)
                                  0.250000    0.442898   clock uncertainty
                                  0.000000    0.442898   clock reconvergence pessimism
                                 -0.155459    0.287439   library removal time
                                              0.287439   data required time
---------------------------------------------------------------------------------------------
                                              0.287439   data required time
                                             -2.380251   data arrival time
---------------------------------------------------------------------------------------------
                                              2.092811   slack (MET)


Startpoint: rst_ni (input port clocked by clk_i)
Endpoint: _194_ (removal check against rising-edge clock clk_i)
Path Group: asynchronous
Path Type: min

Fanout         Cap        Slew       Delay        Time   Description
---------------------------------------------------------------------------------------------
                                  0.000000    0.000000   clock clk_i (rise edge)
                                  0.000000    0.000000   clock network delay (propagated)
                                  2.000000    2.000000 ^ input external delay
     1    0.003773    0.020945    0.003110    2.003110 ^ rst_ni (in)
                                                         rst_ni (net)
                      0.020945    0.000000    2.003110 ^ input1/A (sg13g2_buf_1)
     1    0.003069    0.022554    0.056755    2.059866 ^ input1/X (sg13g2_buf_1)
                                                         net1 (net)
                      0.022554    0.000029    2.059895 ^ fanout26/A (sg13g2_buf_1)
     4    0.019203    0.085576    0.104485    2.164380 ^ fanout26/X (sg13g2_buf_1)
                                                         net26 (net)
                      0.085605    0.000427    2.164807 ^ fanout25/A (sg13g2_buf_1)
     8    0.048740    0.203232    0.214536    2.379343 ^ fanout25/X (sg13g2_buf_1)
                                                         net25 (net)
                      0.203240    0.001049    2.380392 ^ _194_/RESET_B (sg13g2_dfrbpq_1)
                                              2.380392   data arrival time

                                  0.000000    0.000000   clock clk_i (rise edge)
                                  0.000000    0.000000   clock source latency
     1    0.024077    0.038967    0.020348    0.020348 ^ clk_i (in)
                                                         clk_i (net)
                      0.039068    0.000000    0.020348 ^ clkbuf_0_clk_i/A (sg13g2_buf_16)
     8    0.155975    0.051557    0.095633    0.115981 ^ clkbuf_0_clk_i/X (sg13g2_buf_16)
                                                         clknet_0_clk_i (net)
                      0.051723    0.002107    0.118088 ^ clkbuf_3_7__f_clk_i/A (sg13g2_buf_16)
     4    0.014887    0.019315    0.074711    0.192799 ^ clkbuf_3_7__f_clk_i/X (sg13g2_buf_16)
                                                         clknet_3_7__leaf_clk_i (net)
                      0.019315    0.000106    0.192905 ^ _194_/CLK (sg13g2_dfrbpq_1)
                                  0.250000    0.442905   clock uncertainty
                                  0.000000    0.442905   clock reconvergence pessimism
                                 -0.155460    0.287446   library removal time
                                              0.287446   data required time
---------------------------------------------------------------------------------------------
                                              0.287446   data required time
                                             -2.380392   data arrival time
---------------------------------------------------------------------------------------------
                                              2.092947   slack (MET)


Startpoint: rst_ni (input port clocked by clk_i)
Endpoint: _195_ (removal check against rising-edge clock clk_i)
Path Group: asynchronous
Path Type: min

Fanout         Cap        Slew       Delay        Time   Description
---------------------------------------------------------------------------------------------
                                  0.000000    0.000000   clock clk_i (rise edge)
                                  0.000000    0.000000   clock network delay (propagated)
                                  2.000000    2.000000 ^ input external delay
     1    0.003773    0.020945    0.003110    2.003110 ^ rst_ni (in)
                                                         rst_ni (net)
                      0.020945    0.000000    2.003110 ^ input1/A (sg13g2_buf_1)
     1    0.003069    0.022554    0.056755    2.059866 ^ input1/X (sg13g2_buf_1)
                                                         net1 (net)
                      0.022554    0.000029    2.059895 ^ fanout26/A (sg13g2_buf_1)
     4    0.019203    0.085576    0.104485    2.164380 ^ fanout26/X (sg13g2_buf_1)
                                                         net26 (net)
                      0.085605    0.000427    2.164807 ^ fanout25/A (sg13g2_buf_1)
     8    0.048740    0.203232    0.214536    2.379343 ^ fanout25/X (sg13g2_buf_1)
                                                         net25 (net)
                      0.203241    0.001102    2.380445 ^ _195_/RESET_B (sg13g2_dfrbpq_1)
                                              2.380445   data arrival time

                                  0.000000    0.000000   clock clk_i (rise edge)
                                  0.000000    0.000000   clock source latency
     1    0.024077    0.038967    0.020348    0.020348 ^ clk_i (in)
                                                         clk_i (net)
                      0.039068    0.000000    0.020348 ^ clkbuf_0_clk_i/A (sg13g2_buf_16)
     8    0.155975    0.051557    0.095633    0.115981 ^ clkbuf_0_clk_i/X (sg13g2_buf_16)
                                                         clknet_0_clk_i (net)
                      0.051723    0.002107    0.118088 ^ clkbuf_3_7__f_clk_i/A (sg13g2_buf_16)
     4    0.014887    0.019315    0.074711    0.192799 ^ clkbuf_3_7__f_clk_i/X (sg13g2_buf_16)
                                                         clknet_3_7__leaf_clk_i (net)
                      0.019315    0.000140    0.192939 ^ _195_/CLK (sg13g2_dfrbpq_1)
                                  0.250000    0.442939   clock uncertainty
                                  0.000000    0.442939   clock reconvergence pessimism
                                 -0.155460    0.287479   library removal time
                                              0.287479   data required time
---------------------------------------------------------------------------------------------
                                              0.287479   data required time
                                             -2.380445   data arrival time
---------------------------------------------------------------------------------------------
                                              2.092966   slack (MET)


Startpoint: rst_ni (input port clocked by clk_i)
Endpoint: _196_ (removal check against rising-edge clock clk_i)
Path Group: asynchronous
Path Type: min

Fanout         Cap        Slew       Delay        Time   Description
---------------------------------------------------------------------------------------------
                                  0.000000    0.000000   clock clk_i (rise edge)
                                  0.000000    0.000000   clock network delay (propagated)
                                  2.000000    2.000000 ^ input external delay
     1    0.003773    0.020945    0.003110    2.003110 ^ rst_ni (in)
                                                         rst_ni (net)
                      0.020945    0.000000    2.003110 ^ input1/A (sg13g2_buf_1)
     1    0.003069    0.022554    0.056755    2.059866 ^ input1/X (sg13g2_buf_1)
                                                         net1 (net)
                      0.022554    0.000029    2.059895 ^ fanout26/A (sg13g2_buf_1)
     4    0.019203    0.085576    0.104485    2.164380 ^ fanout26/X (sg13g2_buf_1)
                                                         net26 (net)
                      0.085605    0.000427    2.164807 ^ fanout25/A (sg13g2_buf_1)
     8    0.048740    0.203232    0.214536    2.379343 ^ fanout25/X (sg13g2_buf_1)
                                                         net25 (net)
                      0.203241    0.001146    2.380489 ^ _196_/RESET_B (sg13g2_dfrbpq_1)
                                              2.380489   data arrival time

                                  0.000000    0.000000   clock clk_i (rise edge)
                                  0.000000    0.000000   clock source latency
     1    0.024077    0.038967    0.020348    0.020348 ^ clk_i (in)
                                                         clk_i (net)
                      0.039068    0.000000    0.020348 ^ clkbuf_0_clk_i/A (sg13g2_buf_16)
     8    0.155975    0.051557    0.095633    0.115981 ^ clkbuf_0_clk_i/X (sg13g2_buf_16)
                                                         clknet_0_clk_i (net)
                      0.051723    0.002107    0.118088 ^ clkbuf_3_7__f_clk_i/A (sg13g2_buf_16)
     4    0.014887    0.019315    0.074711    0.192799 ^ clkbuf_3_7__f_clk_i/X (sg13g2_buf_16)
                                                         clknet_3_7__leaf_clk_i (net)
                      0.019315    0.000167    0.192966 ^ _196_/CLK (sg13g2_dfrbpq_1)
                                  0.250000    0.442966   clock uncertainty
                                  0.000000    0.442966   clock reconvergence pessimism
                                 -0.155460    0.287506   library removal time
                                              0.287506   data required time
---------------------------------------------------------------------------------------------
                                              0.287506   data required time
                                             -2.380489   data arrival time
---------------------------------------------------------------------------------------------
                                              2.092983   slack (MET)


Startpoint: rst_ni (input port clocked by clk_i)
Endpoint: _192_ (removal check against rising-edge clock clk_i)
Path Group: asynchronous
Path Type: min

Fanout         Cap        Slew       Delay        Time   Description
---------------------------------------------------------------------------------------------
                                  0.000000    0.000000   clock clk_i (rise edge)
                                  0.000000    0.000000   clock network delay (propagated)
                                  2.000000    2.000000 ^ input external delay
     1    0.003773    0.020945    0.003110    2.003110 ^ rst_ni (in)
                                                         rst_ni (net)
                      0.020945    0.000000    2.003110 ^ input1/A (sg13g2_buf_1)
     1    0.003069    0.022554    0.056755    2.059866 ^ input1/X (sg13g2_buf_1)
                                                         net1 (net)
                      0.022554    0.000029    2.059895 ^ fanout26/A (sg13g2_buf_1)
     4    0.019203    0.085576    0.104485    2.164380 ^ fanout26/X (sg13g2_buf_1)
                                                         net26 (net)
                      0.085605    0.000427    2.164807 ^ fanout25/A (sg13g2_buf_1)
     8    0.048740    0.203232    0.214536    2.379343 ^ fanout25/X (sg13g2_buf_1)
                                                         net25 (net)
                      0.203236    0.000720    2.380063 ^ _192_/RESET_B (sg13g2_dfrbpq_1)
                                              2.380063   data arrival time

                                  0.000000    0.000000   clock clk_i (rise edge)
                                  0.000000    0.000000   clock source latency
     1    0.024077    0.038967    0.020348    0.020348 ^ clk_i (in)
                                                         clk_i (net)
                      0.039068    0.000000    0.020348 ^ clkbuf_0_clk_i/A (sg13g2_buf_16)
     8    0.155975    0.051557    0.095633    0.115981 ^ clkbuf_0_clk_i/X (sg13g2_buf_16)
                                                         clknet_0_clk_i (net)
                      0.051667    0.001625    0.117607 ^ clkbuf_3_6__f_clk_i/A (sg13g2_buf_16)
     4    0.014941    0.019326    0.074698    0.192305 ^ clkbuf_3_6__f_clk_i/X (sg13g2_buf_16)
                                                         clknet_3_6__leaf_clk_i (net)
                      0.019327    0.000121    0.192426 ^ _192_/CLK (sg13g2_dfrbpq_1)
                                  0.250000    0.442426   clock uncertainty
                                  0.000000    0.442426   clock reconvergence pessimism
                                 -0.155457    0.286969   library removal time
                                              0.286969   data required time
---------------------------------------------------------------------------------------------
                                              0.286969   data required time
                                             -2.380063   data arrival time
---------------------------------------------------------------------------------------------
                                              2.093094   slack (MET)


Startpoint: rst_ni (input port clocked by clk_i)
Endpoint: _191_ (removal check against rising-edge clock clk_i)
Path Group: asynchronous
Path Type: min

Fanout         Cap        Slew       Delay        Time   Description
---------------------------------------------------------------------------------------------
                                  0.000000    0.000000   clock clk_i (rise edge)
                                  0.000000    0.000000   clock network delay (propagated)
                                  2.000000    2.000000 ^ input external delay
     1    0.003773    0.020945    0.003110    2.003110 ^ rst_ni (in)
                                                         rst_ni (net)
                      0.020945    0.000000    2.003110 ^ input1/A (sg13g2_buf_1)
     1    0.003069    0.022554    0.056755    2.059866 ^ input1/X (sg13g2_buf_1)
                                                         net1 (net)
                      0.022554    0.000029    2.059895 ^ fanout26/A (sg13g2_buf_1)
     4    0.019203    0.085576    0.104485    2.164380 ^ fanout26/X (sg13g2_buf_1)
                                                         net26 (net)
                      0.085605    0.000427    2.164807 ^ fanout25/A (sg13g2_buf_1)
     8    0.048740    0.203232    0.214536    2.379343 ^ fanout25/X (sg13g2_buf_1)
                                                         net25 (net)
                      0.203237    0.000785    2.380128 ^ _191_/RESET_B (sg13g2_dfrbpq_1)
                                              2.380128   data arrival time

                                  0.000000    0.000000   clock clk_i (rise edge)
                                  0.000000    0.000000   clock source latency
     1    0.024077    0.038967    0.020348    0.020348 ^ clk_i (in)
                                                         clk_i (net)
                      0.039068    0.000000    0.020348 ^ clkbuf_0_clk_i/A (sg13g2_buf_16)
     8    0.155975    0.051557    0.095633    0.115981 ^ clkbuf_0_clk_i/X (sg13g2_buf_16)
                                                         clknet_0_clk_i (net)
                      0.051667    0.001625    0.117607 ^ clkbuf_3_6__f_clk_i/A (sg13g2_buf_16)
     4    0.014941    0.019326    0.074698    0.192305 ^ clkbuf_3_6__f_clk_i/X (sg13g2_buf_16)
                                                         clknet_3_6__leaf_clk_i (net)
                      0.019327    0.000107    0.192411 ^ _191_/CLK (sg13g2_dfrbpq_1)
                                  0.250000    0.442411   clock uncertainty
                                  0.000000    0.442411   clock reconvergence pessimism
                                 -0.155457    0.286954   library removal time
                                              0.286954   data required time
---------------------------------------------------------------------------------------------
                                              0.286954   data required time
                                             -2.380128   data arrival time
---------------------------------------------------------------------------------------------
                                              2.093174   slack (MET)


Startpoint: rst_ni (input port clocked by clk_i)
Endpoint: _183_ (removal check against rising-edge clock clk_i)
Path Group: asynchronous
Path Type: min

Fanout         Cap        Slew       Delay        Time   Description
---------------------------------------------------------------------------------------------
                                  0.000000    0.000000   clock clk_i (rise edge)
                                  0.000000    0.000000   clock network delay (propagated)
                                  2.000000    2.000000 ^ input external delay
     1    0.003773    0.020945    0.003110    2.003110 ^ rst_ni (in)
                                                         rst_ni (net)
                      0.020945    0.000000    2.003110 ^ input1/A (sg13g2_buf_1)
     1    0.003069    0.022554    0.056755    2.059866 ^ input1/X (sg13g2_buf_1)
                                                         net1 (net)
                      0.022554    0.000029    2.059895 ^ fanout26/A (sg13g2_buf_1)
     4    0.019203    0.085576    0.104485    2.164380 ^ fanout26/X (sg13g2_buf_1)
                                                         net26 (net)
                      0.085605    0.000427    2.164807 ^ fanout25/A (sg13g2_buf_1)
     8    0.048740    0.203232    0.214536    2.379343 ^ fanout25/X (sg13g2_buf_1)
                                                         net25 (net)
                      0.203238    0.000944    2.380287 ^ _183_/RESET_B (sg13g2_dfrbpq_1)
                                              2.380287   data arrival time

                                  0.000000    0.000000   clock clk_i (rise edge)
                                  0.000000    0.000000   clock source latency
     1    0.024077    0.038967    0.020348    0.020348 ^ clk_i (in)
                                                         clk_i (net)
                      0.039068    0.000000    0.020348 ^ clkbuf_0_clk_i/A (sg13g2_buf_16)
     8    0.155975    0.051557    0.095633    0.115981 ^ clkbuf_0_clk_i/X (sg13g2_buf_16)
                                                         clknet_0_clk_i (net)
                      0.051667    0.001625    0.117607 ^ clkbuf_3_6__f_clk_i/A (sg13g2_buf_16)
     4    0.014941    0.019326    0.074698    0.192305 ^ clkbuf_3_6__f_clk_i/X (sg13g2_buf_16)
                                                         clknet_3_6__leaf_clk_i (net)
                      0.019326    0.000065    0.192370 ^ _183_/CLK (sg13g2_dfrbpq_1)
                                  0.250000    0.442370   clock uncertainty
                                  0.000000    0.442370   clock reconvergence pessimism
                                 -0.155458    0.286912   library removal time
                                              0.286912   data required time
---------------------------------------------------------------------------------------------
                                              0.286912   data required time
                                             -2.380287   data arrival time
---------------------------------------------------------------------------------------------
                                              2.093375   slack (MET)


Startpoint: rst_ni (input port clocked by clk_i)
Endpoint: _184_ (removal check against rising-edge clock clk_i)
Path Group: asynchronous
Path Type: min

Fanout         Cap        Slew       Delay        Time   Description
---------------------------------------------------------------------------------------------
                                  0.000000    0.000000   clock clk_i (rise edge)
                                  0.000000    0.000000   clock network delay (propagated)
                                  2.000000    2.000000 ^ input external delay
     1    0.003773    0.020945    0.003110    2.003110 ^ rst_ni (in)
                                                         rst_ni (net)
                      0.020945    0.000000    2.003110 ^ input1/A (sg13g2_buf_1)
     1    0.003069    0.022554    0.056755    2.059866 ^ input1/X (sg13g2_buf_1)
                                                         net1 (net)
                      0.022554    0.000029    2.059895 ^ fanout26/A (sg13g2_buf_1)
     4    0.019203    0.085576    0.104485    2.164380 ^ fanout26/X (sg13g2_buf_1)
                                                         net26 (net)
                      0.085605    0.000427    2.164807 ^ fanout25/A (sg13g2_buf_1)
     8    0.048740    0.203232    0.214536    2.379343 ^ fanout25/X (sg13g2_buf_1)
                                                         net25 (net)
                      0.203239    0.000965    2.380308 ^ _184_/RESET_B (sg13g2_dfrbpq_1)
                                              2.380308   data arrival time

                                  0.000000    0.000000   clock clk_i (rise edge)
                                  0.000000    0.000000   clock source latency
     1    0.024077    0.038967    0.020348    0.020348 ^ clk_i (in)
                                                         clk_i (net)
                      0.039068    0.000000    0.020348 ^ clkbuf_0_clk_i/A (sg13g2_buf_16)
     8    0.155975    0.051557    0.095633    0.115981 ^ clkbuf_0_clk_i/X (sg13g2_buf_16)
                                                         clknet_0_clk_i (net)
                      0.051667    0.001625    0.117607 ^ clkbuf_3_6__f_clk_i/A (sg13g2_buf_16)
     4    0.014941    0.019326    0.074698    0.192305 ^ clkbuf_3_6__f_clk_i/X (sg13g2_buf_16)
                                                         clknet_3_6__leaf_clk_i (net)
                      0.019326    0.000080    0.192384 ^ _184_/CLK (sg13g2_dfrbpq_1)
                                  0.250000    0.442384   clock uncertainty
                                  0.000000    0.442384   clock reconvergence pessimism
                                 -0.155458    0.286926   library removal time
                                              0.286926   data required time
---------------------------------------------------------------------------------------------
                                              0.286926   data required time
                                             -2.380308   data arrival time
---------------------------------------------------------------------------------------------
                                              2.093382   slack (MET)


Startpoint: _202_ (rising edge-triggered flip-flop clocked by clk_i)
Endpoint: uo_CORE2PAD[0] (output port clocked by clk_i)
Path Group: clk_i
Path Type: min

Fanout         Cap        Slew       Delay        Time   Description
---------------------------------------------------------------------------------------------
                                  0.000000    0.000000   clock clk_i (rise edge)
                                  0.000000    0.000000   clock source latency
     1    0.024077    0.038967    0.020348    0.020348 ^ clk_i (in)
                                                         clk_i (net)
                      0.039068    0.000000    0.020348 ^ clkbuf_0_clk_i/A (sg13g2_buf_16)
     8    0.155975    0.051557    0.095633    0.115981 ^ clkbuf_0_clk_i/X (sg13g2_buf_16)
                                                         clknet_0_clk_i (net)
                      0.051670    0.001651    0.117632 ^ clkbuf_3_5__f_clk_i/A (sg13g2_buf_16)
     4    0.014812    0.019314    0.074670    0.192301 ^ clkbuf_3_5__f_clk_i/X (sg13g2_buf_16)
                                                         clknet_3_5__leaf_clk_i (net)
                      0.019315    0.000158    0.192460 ^ _202_/CLK (sg13g2_dfrbpq_1)
     1    0.002975    0.019730    0.159456    0.351915 v _202_/Q (sg13g2_dfrbpq_1)
                                                         spm_inst.csa0.sum (net)
                      0.019730    0.000028    0.351943 v _219_/A (sg13g2_buf_1)
     1    0.003856    0.021999    0.060196    0.412139 v _219_/X (sg13g2_buf_1)
                                                         net19 (net)
                      0.021999    0.000058    0.412197 v output19/A (sg13g2_buf_1)
     1    0.006000    0.028997    0.066461    0.478658 v output19/X (sg13g2_buf_1)
                                                         uo_CORE2PAD[0] (net)
                      0.028997    0.000000    0.478658 v uo_CORE2PAD[0] (out)
                                              0.478658   data arrival time

                                  0.000000    0.000000   clock clk_i (rise edge)
                                  0.000000    0.000000   clock network delay (propagated)
                                  0.250000    0.250000   clock uncertainty
                                  0.000000    0.250000   clock reconvergence pessimism
                                 -2.000000   -1.750000   output external delay
                                             -1.750000   data required time
---------------------------------------------------------------------------------------------
                                             -1.750000   data required time
                                             -0.478658   data arrival time
---------------------------------------------------------------------------------------------
                                              2.228657   slack (MET)


Startpoint: rst_ni (input port clocked by clk_i)
Endpoint: _199_ (removal check against rising-edge clock clk_i)
Path Group: asynchronous
Path Type: min

Fanout         Cap        Slew       Delay        Time   Description
---------------------------------------------------------------------------------------------
                                  0.000000    0.000000   clock clk_i (rise edge)
                                  0.000000    0.000000   clock network delay (propagated)
                                  2.000000    2.000000 ^ input external delay
     1    0.003773    0.020945    0.003110    2.003110 ^ rst_ni (in)
                                                         rst_ni (net)
                      0.020945    0.000000    2.003110 ^ input1/A (sg13g2_buf_1)
     1    0.003069    0.022554    0.056755    2.059866 ^ input1/X (sg13g2_buf_1)
                                                         net1 (net)
                      0.022554    0.000029    2.059895 ^ fanout26/A (sg13g2_buf_1)
     4    0.019203    0.085576    0.104485    2.164380 ^ fanout26/X (sg13g2_buf_1)
                                                         net26 (net)
                      0.085576    0.000127    2.164508 ^ fanout23/A (sg13g2_buf_1)
     8    0.048229    0.201221    0.212393    2.376900 ^ fanout23/X (sg13g2_buf_1)
                                                         net23 (net)
                      0.201221    0.000135    2.377036 ^ fanout22/A (sg13g2_buf_1)
     8    0.047831    0.199942    0.244051    2.621086 ^ fanout22/X (sg13g2_buf_1)
                                                         net22 (net)
                      0.199942    0.000461    2.621547 ^ _199_/RESET_B (sg13g2_dfrbpq_1)
                                              2.621547   data arrival time

                                  0.000000    0.000000   clock clk_i (rise edge)
                                  0.000000    0.000000   clock source latency
     1    0.024077    0.038967    0.020348    0.020348 ^ clk_i (in)
                                                         clk_i (net)
                      0.039068    0.000000    0.020348 ^ clkbuf_0_clk_i/A (sg13g2_buf_16)
     8    0.155975    0.051557    0.095633    0.115981 ^ clkbuf_0_clk_i/X (sg13g2_buf_16)
                                                         clknet_0_clk_i (net)
                      0.051794    0.002590    0.118571 ^ clkbuf_3_2__f_clk_i/A (sg13g2_buf_16)
     4    0.015639    0.019493    0.074893    0.193465 ^ clkbuf_3_2__f_clk_i/X (sg13g2_buf_16)
                                                         clknet_3_2__leaf_clk_i (net)
                      0.019493    0.000132    0.193596 ^ _199_/CLK (sg13g2_dfrbpq_1)
                                  0.250000    0.443596   clock uncertainty
                                  0.000000    0.443596   clock reconvergence pessimism
                                 -0.154449    0.289148   library removal time
                                              0.289148   data required time
---------------------------------------------------------------------------------------------
                                              0.289148   data required time
                                             -2.621547   data arrival time
---------------------------------------------------------------------------------------------
                                              2.332400   slack (MET)


Startpoint: rst_ni (input port clocked by clk_i)
Endpoint: _200_ (removal check against rising-edge clock clk_i)
Path Group: asynchronous
Path Type: min

Fanout         Cap        Slew       Delay        Time   Description
---------------------------------------------------------------------------------------------
                                  0.000000    0.000000   clock clk_i (rise edge)
                                  0.000000    0.000000   clock network delay (propagated)
                                  2.000000    2.000000 ^ input external delay
     1    0.003773    0.020945    0.003110    2.003110 ^ rst_ni (in)
                                                         rst_ni (net)
                      0.020945    0.000000    2.003110 ^ input1/A (sg13g2_buf_1)
     1    0.003069    0.022554    0.056755    2.059866 ^ input1/X (sg13g2_buf_1)
                                                         net1 (net)
                      0.022554    0.000029    2.059895 ^ fanout26/A (sg13g2_buf_1)
     4    0.019203    0.085576    0.104485    2.164380 ^ fanout26/X (sg13g2_buf_1)
                                                         net26 (net)
                      0.085576    0.000127    2.164508 ^ fanout23/A (sg13g2_buf_1)
     8    0.048229    0.201221    0.212393    2.376900 ^ fanout23/X (sg13g2_buf_1)
                                                         net23 (net)
                      0.201221    0.000135    2.377036 ^ fanout22/A (sg13g2_buf_1)
     8    0.047831    0.199942    0.244051    2.621086 ^ fanout22/X (sg13g2_buf_1)
                                                         net22 (net)
                      0.199942    0.000507    2.621594 ^ _200_/RESET_B (sg13g2_dfrbpq_1)
                                              2.621594   data arrival time

                                  0.000000    0.000000   clock clk_i (rise edge)
                                  0.000000    0.000000   clock source latency
     1    0.024077    0.038967    0.020348    0.020348 ^ clk_i (in)
                                                         clk_i (net)
                      0.039068    0.000000    0.020348 ^ clkbuf_0_clk_i/A (sg13g2_buf_16)
     8    0.155975    0.051557    0.095633    0.115981 ^ clkbuf_0_clk_i/X (sg13g2_buf_16)
                                                         clknet_0_clk_i (net)
                      0.051794    0.002590    0.118571 ^ clkbuf_3_2__f_clk_i/A (sg13g2_buf_16)
     4    0.015639    0.019493    0.074893    0.193465 ^ clkbuf_3_2__f_clk_i/X (sg13g2_buf_16)
                                                         clknet_3_2__leaf_clk_i (net)
                      0.019493    0.000105    0.193570 ^ _200_/CLK (sg13g2_dfrbpq_1)
                                  0.250000    0.443570   clock uncertainty
                                  0.000000    0.443570   clock reconvergence pessimism
                                 -0.154449    0.289121   library removal time
                                              0.289121   data required time
---------------------------------------------------------------------------------------------
                                              0.289121   data required time
                                             -2.621594   data arrival time
---------------------------------------------------------------------------------------------
                                              2.332473   slack (MET)


Startpoint: rst_ni (input port clocked by clk_i)
Endpoint: _171_ (removal check against rising-edge clock clk_i)
Path Group: asynchronous
Path Type: min

Fanout         Cap        Slew       Delay        Time   Description
---------------------------------------------------------------------------------------------
                                  0.000000    0.000000   clock clk_i (rise edge)
                                  0.000000    0.000000   clock network delay (propagated)
                                  2.000000    2.000000 ^ input external delay
     1    0.003773    0.020945    0.003110    2.003110 ^ rst_ni (in)
                                                         rst_ni (net)
                      0.020945    0.000000    2.003110 ^ input1/A (sg13g2_buf_1)
     1    0.003069    0.022554    0.056755    2.059866 ^ input1/X (sg13g2_buf_1)
                                                         net1 (net)
                      0.022554    0.000029    2.059895 ^ fanout26/A (sg13g2_buf_1)
     4    0.019203    0.085576    0.104485    2.164380 ^ fanout26/X (sg13g2_buf_1)
                                                         net26 (net)
                      0.085576    0.000127    2.164508 ^ fanout23/A (sg13g2_buf_1)
     8    0.048229    0.201221    0.212393    2.376900 ^ fanout23/X (sg13g2_buf_1)
                                                         net23 (net)
                      0.201221    0.000135    2.377036 ^ fanout22/A (sg13g2_buf_1)
     8    0.047831    0.199942    0.244051    2.621086 ^ fanout22/X (sg13g2_buf_1)
                                                         net22 (net)
                      0.199942    0.000601    2.621688 ^ _171_/RESET_B (sg13g2_dfrbpq_1)
                                              2.621688   data arrival time

                                  0.000000    0.000000   clock clk_i (rise edge)
                                  0.000000    0.000000   clock source latency
     1    0.024077    0.038967    0.020348    0.020348 ^ clk_i (in)
                                                         clk_i (net)
                      0.039068    0.000000    0.020348 ^ clkbuf_0_clk_i/A (sg13g2_buf_16)
     8    0.155975    0.051557    0.095633    0.115981 ^ clkbuf_0_clk_i/X (sg13g2_buf_16)
                                                         clknet_0_clk_i (net)
                      0.051794    0.002590    0.118571 ^ clkbuf_3_2__f_clk_i/A (sg13g2_buf_16)
     4    0.015639    0.019493    0.074893    0.193465 ^ clkbuf_3_2__f_clk_i/X (sg13g2_buf_16)
                                                         clknet_3_2__leaf_clk_i (net)
                      0.019493    0.000174    0.193639 ^ _171_/CLK (sg13g2_dfrbpq_1)
                                  0.250000    0.443639   clock uncertainty
                                  0.000000    0.443639   clock reconvergence pessimism
                                 -0.154449    0.289191   library removal time
                                              0.289191   data required time
---------------------------------------------------------------------------------------------
                                              0.289191   data required time
                                             -2.621688   data arrival time
---------------------------------------------------------------------------------------------
                                              2.332497   slack (MET)


Startpoint: rst_ni (input port clocked by clk_i)
Endpoint: _189_ (removal check against rising-edge clock clk_i)
Path Group: asynchronous
Path Type: min

Fanout         Cap        Slew       Delay        Time   Description
---------------------------------------------------------------------------------------------
                                  0.000000    0.000000   clock clk_i (rise edge)
                                  0.000000    0.000000   clock network delay (propagated)
                                  2.000000    2.000000 ^ input external delay
     1    0.003773    0.020945    0.003110    2.003110 ^ rst_ni (in)
                                                         rst_ni (net)
                      0.020945    0.000000    2.003110 ^ input1/A (sg13g2_buf_1)
     1    0.003069    0.022554    0.056755    2.059866 ^ input1/X (sg13g2_buf_1)
                                                         net1 (net)
                      0.022554    0.000029    2.059895 ^ fanout26/A (sg13g2_buf_1)
     4    0.019203    0.085576    0.104485    2.164380 ^ fanout26/X (sg13g2_buf_1)
                                                         net26 (net)
                      0.085576    0.000127    2.164508 ^ fanout23/A (sg13g2_buf_1)
     8    0.048229    0.201221    0.212393    2.376900 ^ fanout23/X (sg13g2_buf_1)
                                                         net23 (net)
                      0.201221    0.000135    2.377036 ^ fanout22/A (sg13g2_buf_1)
     8    0.047831    0.199942    0.244051    2.621086 ^ fanout22/X (sg13g2_buf_1)
                                                         net22 (net)
                      0.199942    0.000675    2.621761 ^ _189_/RESET_B (sg13g2_dfrbpq_1)
                                              2.621761   data arrival time

                                  0.000000    0.000000   clock clk_i (rise edge)
                                  0.000000    0.000000   clock source latency
     1    0.024077    0.038967    0.020348    0.020348 ^ clk_i (in)
                                                         clk_i (net)
                      0.039068    0.000000    0.020348 ^ clkbuf_0_clk_i/A (sg13g2_buf_16)
     8    0.155975    0.051557    0.095633    0.115981 ^ clkbuf_0_clk_i/X (sg13g2_buf_16)
                                                         clknet_0_clk_i (net)
                      0.051794    0.002590    0.118571 ^ clkbuf_3_2__f_clk_i/A (sg13g2_buf_16)
     4    0.015639    0.019493    0.074893    0.193465 ^ clkbuf_3_2__f_clk_i/X (sg13g2_buf_16)
                                                         clknet_3_2__leaf_clk_i (net)
                      0.019493    0.000135    0.193600 ^ _189_/CLK (sg13g2_dfrbpq_1)
                                  0.250000    0.443600   clock uncertainty
                                  0.000000    0.443600   clock reconvergence pessimism
                                 -0.154449    0.289151   library removal time
                                              0.289151   data required time
---------------------------------------------------------------------------------------------
                                              0.289151   data required time
                                             -2.621761   data arrival time
---------------------------------------------------------------------------------------------
                                              2.332610   slack (MET)


Startpoint: rst_ni (input port clocked by clk_i)
Endpoint: _188_ (removal check against rising-edge clock clk_i)
Path Group: asynchronous
Path Type: min

Fanout         Cap        Slew       Delay        Time   Description
---------------------------------------------------------------------------------------------
                                  0.000000    0.000000   clock clk_i (rise edge)
                                  0.000000    0.000000   clock network delay (propagated)
                                  2.000000    2.000000 ^ input external delay
     1    0.003773    0.020945    0.003110    2.003110 ^ rst_ni (in)
                                                         rst_ni (net)
                      0.020945    0.000000    2.003110 ^ input1/A (sg13g2_buf_1)
     1    0.003069    0.022554    0.056755    2.059866 ^ input1/X (sg13g2_buf_1)
                                                         net1 (net)
                      0.022554    0.000029    2.059895 ^ fanout26/A (sg13g2_buf_1)
     4    0.019203    0.085576    0.104485    2.164380 ^ fanout26/X (sg13g2_buf_1)
                                                         net26 (net)
                      0.085576    0.000127    2.164508 ^ fanout23/A (sg13g2_buf_1)
     8    0.048229    0.201221    0.212393    2.376900 ^ fanout23/X (sg13g2_buf_1)
                                                         net23 (net)
                      0.201221    0.000135    2.377036 ^ fanout22/A (sg13g2_buf_1)
     8    0.047831    0.199942    0.244051    2.621086 ^ fanout22/X (sg13g2_buf_1)
                                                         net22 (net)
                      0.199942    0.000756    2.621843 ^ _188_/RESET_B (sg13g2_dfrbpq_1)
                                              2.621843   data arrival time

                                  0.000000    0.000000   clock clk_i (rise edge)
                                  0.000000    0.000000   clock source latency
     1    0.024077    0.038967    0.020348    0.020348 ^ clk_i (in)
                                                         clk_i (net)
                      0.039068    0.000000    0.020348 ^ clkbuf_0_clk_i/A (sg13g2_buf_16)
     8    0.155975    0.051557    0.095633    0.115981 ^ clkbuf_0_clk_i/X (sg13g2_buf_16)
                                                         clknet_0_clk_i (net)
                      0.051690    0.001839    0.117820 ^ clkbuf_3_3__f_clk_i/A (sg13g2_buf_16)
     4    0.016313    0.019642    0.074970    0.192790 ^ clkbuf_3_3__f_clk_i/X (sg13g2_buf_16)
                                                         clknet_3_3__leaf_clk_i (net)
                      0.019642    0.000196    0.192986 ^ _188_/CLK (sg13g2_dfrbpq_1)
                                  0.250000    0.442986   clock uncertainty
                                  0.000000    0.442986   clock reconvergence pessimism
                                 -0.154429    0.288557   library removal time
                                              0.288557   data required time
---------------------------------------------------------------------------------------------
                                              0.288557   data required time
                                             -2.621843   data arrival time
---------------------------------------------------------------------------------------------
                                              2.333286   slack (MET)


Startpoint: rst_ni (input port clocked by clk_i)
Endpoint: _187_ (removal check against rising-edge clock clk_i)
Path Group: asynchronous
Path Type: min

Fanout         Cap        Slew       Delay        Time   Description
---------------------------------------------------------------------------------------------
                                  0.000000    0.000000   clock clk_i (rise edge)
                                  0.000000    0.000000   clock network delay (propagated)
                                  2.000000    2.000000 ^ input external delay
     1    0.003773    0.020945    0.003110    2.003110 ^ rst_ni (in)
                                                         rst_ni (net)
                      0.020945    0.000000    2.003110 ^ input1/A (sg13g2_buf_1)
     1    0.003069    0.022554    0.056755    2.059866 ^ input1/X (sg13g2_buf_1)
                                                         net1 (net)
                      0.022554    0.000029    2.059895 ^ fanout26/A (sg13g2_buf_1)
     4    0.019203    0.085576    0.104485    2.164380 ^ fanout26/X (sg13g2_buf_1)
                                                         net26 (net)
                      0.085576    0.000127    2.164508 ^ fanout23/A (sg13g2_buf_1)
     8    0.048229    0.201221    0.212393    2.376900 ^ fanout23/X (sg13g2_buf_1)
                                                         net23 (net)
                      0.201221    0.000135    2.377036 ^ fanout22/A (sg13g2_buf_1)
     8    0.047831    0.199942    0.244051    2.621086 ^ fanout22/X (sg13g2_buf_1)
                                                         net22 (net)
                      0.199943    0.000869    2.621956 ^ _187_/RESET_B (sg13g2_dfrbpq_1)
                                              2.621956   data arrival time

                                  0.000000    0.000000   clock clk_i (rise edge)
                                  0.000000    0.000000   clock source latency
     1    0.024077    0.038967    0.020348    0.020348 ^ clk_i (in)
                                                         clk_i (net)
                      0.039068    0.000000    0.020348 ^ clkbuf_0_clk_i/A (sg13g2_buf_16)
     8    0.155975    0.051557    0.095633    0.115981 ^ clkbuf_0_clk_i/X (sg13g2_buf_16)
                                                         clknet_0_clk_i (net)
                      0.051690    0.001839    0.117820 ^ clkbuf_3_3__f_clk_i/A (sg13g2_buf_16)
     4    0.016313    0.019642    0.074970    0.192790 ^ clkbuf_3_3__f_clk_i/X (sg13g2_buf_16)
                                                         clknet_3_3__leaf_clk_i (net)
                      0.019642    0.000207    0.192997 ^ _187_/CLK (sg13g2_dfrbpq_1)
                                  0.250000    0.442997   clock uncertainty
                                  0.000000    0.442997   clock reconvergence pessimism
                                 -0.154429    0.288567   library removal time
                                              0.288567   data required time
---------------------------------------------------------------------------------------------
                                              0.288567   data required time
                                             -2.621956   data arrival time
---------------------------------------------------------------------------------------------
                                              2.333388   slack (MET)


Startpoint: rst_ni (input port clocked by clk_i)
Endpoint: _186_ (removal check against rising-edge clock clk_i)
Path Group: asynchronous
Path Type: min

Fanout         Cap        Slew       Delay        Time   Description
---------------------------------------------------------------------------------------------
                                  0.000000    0.000000   clock clk_i (rise edge)
                                  0.000000    0.000000   clock network delay (propagated)
                                  2.000000    2.000000 ^ input external delay
     1    0.003773    0.020945    0.003110    2.003110 ^ rst_ni (in)
                                                         rst_ni (net)
                      0.020945    0.000000    2.003110 ^ input1/A (sg13g2_buf_1)
     1    0.003069    0.022554    0.056755    2.059866 ^ input1/X (sg13g2_buf_1)
                                                         net1 (net)
                      0.022554    0.000029    2.059895 ^ fanout26/A (sg13g2_buf_1)
     4    0.019203    0.085576    0.104485    2.164380 ^ fanout26/X (sg13g2_buf_1)
                                                         net26 (net)
                      0.085576    0.000127    2.164508 ^ fanout23/A (sg13g2_buf_1)
     8    0.048229    0.201221    0.212393    2.376900 ^ fanout23/X (sg13g2_buf_1)
                                                         net23 (net)
                      0.201221    0.000135    2.377036 ^ fanout22/A (sg13g2_buf_1)
     8    0.047831    0.199942    0.244051    2.621086 ^ fanout22/X (sg13g2_buf_1)
                                                         net22 (net)
                      0.199944    0.000909    2.621996 ^ _186_/RESET_B (sg13g2_dfrbpq_1)
                                              2.621996   data arrival time

                                  0.000000    0.000000   clock clk_i (rise edge)
                                  0.000000    0.000000   clock source latency
     1    0.024077    0.038967    0.020348    0.020348 ^ clk_i (in)
                                                         clk_i (net)
                      0.039068    0.000000    0.020348 ^ clkbuf_0_clk_i/A (sg13g2_buf_16)
     8    0.155975    0.051557    0.095633    0.115981 ^ clkbuf_0_clk_i/X (sg13g2_buf_16)
                                                         clknet_0_clk_i (net)
                      0.051690    0.001839    0.117820 ^ clkbuf_3_3__f_clk_i/A (sg13g2_buf_16)
     4    0.016313    0.019642    0.074970    0.192790 ^ clkbuf_3_3__f_clk_i/X (sg13g2_buf_16)
                                                         clknet_3_3__leaf_clk_i (net)
                      0.019643    0.000236    0.193026 ^ _186_/CLK (sg13g2_dfrbpq_1)
                                  0.250000    0.443026   clock uncertainty
                                  0.000000    0.443026   clock reconvergence pessimism
                                 -0.154429    0.288597   library removal time
                                              0.288597   data required time
---------------------------------------------------------------------------------------------
                                              0.288597   data required time
                                             -2.621996   data arrival time
---------------------------------------------------------------------------------------------
                                              2.333399   slack (MET)


Startpoint: rst_ni (input port clocked by clk_i)
Endpoint: _172_ (removal check against rising-edge clock clk_i)
Path Group: asynchronous
Path Type: min

Fanout         Cap        Slew       Delay        Time   Description
---------------------------------------------------------------------------------------------
                                  0.000000    0.000000   clock clk_i (rise edge)
                                  0.000000    0.000000   clock network delay (propagated)
                                  2.000000    2.000000 ^ input external delay
     1    0.003773    0.020945    0.003110    2.003110 ^ rst_ni (in)
                                                         rst_ni (net)
                      0.020945    0.000000    2.003110 ^ input1/A (sg13g2_buf_1)
     1    0.003069    0.022554    0.056755    2.059866 ^ input1/X (sg13g2_buf_1)
                                                         net1 (net)
                      0.022554    0.000029    2.059895 ^ fanout26/A (sg13g2_buf_1)
     4    0.019203    0.085576    0.104485    2.164380 ^ fanout26/X (sg13g2_buf_1)
                                                         net26 (net)
                      0.085576    0.000127    2.164508 ^ fanout23/A (sg13g2_buf_1)
     8    0.048229    0.201221    0.212393    2.376900 ^ fanout23/X (sg13g2_buf_1)
                                                         net23 (net)
                      0.201221    0.000135    2.377036 ^ fanout22/A (sg13g2_buf_1)
     8    0.047831    0.199942    0.244051    2.621086 ^ fanout22/X (sg13g2_buf_1)
                                                         net22 (net)
                      0.199942    0.000645    2.621732 ^ _172_/RESET_B (sg13g2_dfrbpq_1)
                                              2.621732   data arrival time

                                  0.000000    0.000000   clock clk_i (rise edge)
                                  0.000000    0.000000   clock source latency
     1    0.024077    0.038967    0.020348    0.020348 ^ clk_i (in)
                                                         clk_i (net)
                      0.039068    0.000000    0.020348 ^ clkbuf_0_clk_i/A (sg13g2_buf_16)
     8    0.155975    0.051557    0.095633    0.115981 ^ clkbuf_0_clk_i/X (sg13g2_buf_16)
                                                         clknet_0_clk_i (net)
                      0.051686    0.001798    0.117779 ^ clkbuf_3_0__f_clk_i/A (sg13g2_buf_16)
     4    0.014672    0.019279    0.074654    0.192433 ^ clkbuf_3_0__f_clk_i/X (sg13g2_buf_16)
                                                         clknet_3_0__leaf_clk_i (net)
                      0.019279    0.000103    0.192536 ^ _172_/CLK (sg13g2_dfrbpq_1)
                                  0.250000    0.442536   clock uncertainty
                                  0.000000    0.442536   clock reconvergence pessimism
                                 -0.154477    0.288059   library removal time
                                              0.288059   data required time
---------------------------------------------------------------------------------------------
                                              0.288059   data required time
                                             -2.621732   data arrival time
---------------------------------------------------------------------------------------------
                                              2.333673   slack (MET)



