Reading timing models for corner nom_typ_1p20V_25C…
Reading timing library for the 'nom_typ_1p20V_25C' corner at '/home/designer/projects/CNN4IC/IHP-Open-PDK/ihp-sg13g2/libs.ref/sg13g2_stdcell/lib/sg13g2_stdcell_typ_1p20V_25C.lib'…
Reading timing library for the 'nom_typ_1p20V_25C' corner at '/home/designer/projects/CNN4IC/IHP-Open-PDK/ihp-sg13g2/libs.ref/sg13g2_io/lib/sg13g2_io_typ_1p2V_3p3V_25C.lib'…
Reading OpenROAD database at '/home/designer/projects/CNN4IC/unic_cass_wrapper_user_project/user_project_example/runs/user_project_run/35-openroad-cts/user_project_example.odb'…
Reading design constraints file at '/nix/store/w99sjyq5j8hvscxr5zh2x597anf2hadx-python3-3.13.9-env/lib/python3.13/site-packages/librelane/scripts/base.sdc'…
[INFO] Using clock clk_i…
[INFO] Setting output delay to: 2
[INFO] Setting input delay to: 2
[INFO] Setting load to: 0.006
[INFO] Setting clock uncertainty to: 0.25
[INFO] Setting clock transition to: 0.15
[INFO] Setting timing derate to: 5%
%OL_CREATE_REPORT min.rpt

===========================================================================
report_checks -path_delay min (Hold)
============================================================================
======================= nom_typ_1p20V_25C Corner ===================================

Startpoint: _200_ (rising edge-triggered flip-flop clocked by clk_i)
Endpoint: _199_ (rising edge-triggered flip-flop clocked by clk_i)
Path Group: clk_i
Path Type: min

Fanout         Cap        Slew       Delay        Time   Description
---------------------------------------------------------------------------------------------
                                  0.000000    0.000000   clock clk_i (rise edge)
                                  0.000000    0.000000   clock source latency
     1    0.024077    0.038967    0.020348    0.020348 ^ clk_i (in)
                                                         clk_i (net)
                      0.039068    0.000000    0.020348 ^ clkbuf_0_clk_i/A (sg13g2_buf_16)
     8    0.155975    0.051557    0.095633    0.115981 ^ clkbuf_0_clk_i/X (sg13g2_buf_16)
                                                         clknet_0_clk_i (net)
                      0.051794    0.002590    0.118571 ^ clkbuf_3_2__f_clk_i/A (sg13g2_buf_16)
     4    0.015639    0.019493    0.074893    0.193465 ^ clkbuf_3_2__f_clk_i/X (sg13g2_buf_16)
                                                         clknet_3_2__leaf_clk_i (net)
                      0.019493    0.000105    0.193570 ^ _200_/CLK (sg13g2_dfrbpq_1)
     2    0.009418    0.037586    0.175272    0.368842 v _200_/Q (sg13g2_dfrbpq_1)
                                                         spm_inst.tcmp.z (net)
                      0.037586    0.000104    0.368945 v _164_/A (sg13g2_xnor2_1)
     1    0.001854    0.027834    0.059140    0.428085 v _164_/Y (sg13g2_xnor2_1)
                                                         _015_ (net)
                      0.027834    0.000013    0.428098 v _199_/D (sg13g2_dfrbpq_1)
                                              0.428098   data arrival time

                                  0.000000    0.000000   clock clk_i (rise edge)
                                  0.000000    0.000000   clock source latency
     1    0.024077    0.038967    0.020348    0.020348 ^ clk_i (in)
                                                         clk_i (net)
                      0.039068    0.000000    0.020348 ^ clkbuf_0_clk_i/A (sg13g2_buf_16)
     8    0.155975    0.051557    0.095633    0.115981 ^ clkbuf_0_clk_i/X (sg13g2_buf_16)
                                                         clknet_0_clk_i (net)
                      0.051794    0.002590    0.118571 ^ clkbuf_3_2__f_clk_i/A (sg13g2_buf_16)
     4    0.015639    0.019493    0.074893    0.193465 ^ clkbuf_3_2__f_clk_i/X (sg13g2_buf_16)
                                                         clknet_3_2__leaf_clk_i (net)
                      0.019493    0.000132    0.193596 ^ _199_/CLK (sg13g2_dfrbpq_1)
                                  0.250000    0.443596   clock uncertainty
                                  0.000000    0.443596   clock reconvergence pessimism
                                 -0.036972    0.406624   library hold time
                                              0.406624   data required time
---------------------------------------------------------------------------------------------
                                              0.406624   data required time
                                             -0.428098   data arrival time
---------------------------------------------------------------------------------------------
                                              0.021474   slack (MET)


Startpoint: _200_ (rising edge-triggered flip-flop clocked by clk_i)
Endpoint: _200_ (rising edge-triggered flip-flop clocked by clk_i)
Path Group: clk_i
Path Type: min

Fanout         Cap        Slew       Delay        Time   Description
---------------------------------------------------------------------------------------------
                                  0.000000    0.000000   clock clk_i (rise edge)
                                  0.000000    0.000000   clock source latency
     1    0.024077    0.038967    0.020348    0.020348 ^ clk_i (in)
                                                         clk_i (net)
                      0.039068    0.000000    0.020348 ^ clkbuf_0_clk_i/A (sg13g2_buf_16)
     8    0.155975    0.051557    0.095633    0.115981 ^ clkbuf_0_clk_i/X (sg13g2_buf_16)
                                                         clknet_0_clk_i (net)
                      0.051794    0.002590    0.118571 ^ clkbuf_3_2__f_clk_i/A (sg13g2_buf_16)
     4    0.015639    0.019493    0.074893    0.193465 ^ clkbuf_3_2__f_clk_i/X (sg13g2_buf_16)
                                                         clknet_3_2__leaf_clk_i (net)
                      0.019493    0.000105    0.193570 ^ _200_/CLK (sg13g2_dfrbpq_1)
     2    0.009418    0.037586    0.175272    0.368842 v _200_/Q (sg13g2_dfrbpq_1)
                                                         spm_inst.tcmp.z (net)
                      0.037586    0.000048    0.368890 v _163_/A_N (sg13g2_nand2b_1)
     1    0.002571    0.030858    0.077227    0.446118 v _163_/Y (sg13g2_nand2b_1)
                                                         _016_ (net)
                      0.030858    0.000028    0.446146 v _200_/D (sg13g2_dfrbpq_1)
                                              0.446146   data arrival time

                                  0.000000    0.000000   clock clk_i (rise edge)
                                  0.000000    0.000000   clock source latency
     1    0.024077    0.038967    0.020348    0.020348 ^ clk_i (in)
                                                         clk_i (net)
                      0.039068    0.000000    0.020348 ^ clkbuf_0_clk_i/A (sg13g2_buf_16)
     8    0.155975    0.051557    0.095633    0.115981 ^ clkbuf_0_clk_i/X (sg13g2_buf_16)
                                                         clknet_0_clk_i (net)
                      0.051794    0.002590    0.118571 ^ clkbuf_3_2__f_clk_i/A (sg13g2_buf_16)
     4    0.015639    0.019493    0.074893    0.193465 ^ clkbuf_3_2__f_clk_i/X (sg13g2_buf_16)
                                                         clknet_3_2__leaf_clk_i (net)
                      0.019493    0.000105    0.193570 ^ _200_/CLK (sg13g2_dfrbpq_1)
                                  0.250000    0.443570   clock uncertainty
                                  0.000000    0.443570   clock reconvergence pessimism
                                 -0.037930    0.405640   library hold time
                                              0.405640   data required time
---------------------------------------------------------------------------------------------
                                              0.405640   data required time
                                             -0.446146   data arrival time
---------------------------------------------------------------------------------------------
                                              0.040506   slack (MET)


Startpoint: _171_ (rising edge-triggered flip-flop clocked by clk_i)
Endpoint: _171_ (rising edge-triggered flip-flop clocked by clk_i)
Path Group: clk_i
Path Type: min

Fanout         Cap        Slew       Delay        Time   Description
---------------------------------------------------------------------------------------------
                                  0.000000    0.000000   clock clk_i (rise edge)
                                  0.000000    0.000000   clock source latency
     1    0.024077    0.038967    0.020348    0.020348 ^ clk_i (in)
                                                         clk_i (net)
                      0.039068    0.000000    0.020348 ^ clkbuf_0_clk_i/A (sg13g2_buf_16)
     8    0.155975    0.051557    0.095633    0.115981 ^ clkbuf_0_clk_i/X (sg13g2_buf_16)
                                                         clknet_0_clk_i (net)
                      0.051794    0.002590    0.118571 ^ clkbuf_3_2__f_clk_i/A (sg13g2_buf_16)
     4    0.015639    0.019493    0.074893    0.193465 ^ clkbuf_3_2__f_clk_i/X (sg13g2_buf_16)
                                                         clknet_3_2__leaf_clk_i (net)
                      0.019493    0.000174    0.193639 ^ _171_/CLK (sg13g2_dfrbpq_1)
     3    0.013085    0.048369    0.184230    0.377869 v _171_/Q (sg13g2_dfrbpq_1)
                                                         spm_inst.genblk1[14].csa.sc (net)
                      0.048369    0.000097    0.377966 v _079_/A (sg13g2_nand2_1)
     1    0.003538    0.029945    0.038925    0.416891 ^ _079_/Y (sg13g2_nand2_1)
                                                         _066_ (net)
                      0.029945    0.000021    0.416911 ^ _083_/B1 (sg13g2_o21ai_1)
     1    0.002179    0.027519    0.038691    0.455602 v _083_/Y (sg13g2_o21ai_1)
                                                         _005_ (net)
                      0.027519    0.000019    0.455622 v _171_/D (sg13g2_dfrbpq_1)
                                              0.455622   data arrival time

                                  0.000000    0.000000   clock clk_i (rise edge)
                                  0.000000    0.000000   clock source latency
     1    0.024077    0.038967    0.020348    0.020348 ^ clk_i (in)
                                                         clk_i (net)
                      0.039068    0.000000    0.020348 ^ clkbuf_0_clk_i/A (sg13g2_buf_16)
     8    0.155975    0.051557    0.095633    0.115981 ^ clkbuf_0_clk_i/X (sg13g2_buf_16)
                                                         clknet_0_clk_i (net)
                      0.051794    0.002590    0.118571 ^ clkbuf_3_2__f_clk_i/A (sg13g2_buf_16)
     4    0.015639    0.019493    0.074893    0.193465 ^ clkbuf_3_2__f_clk_i/X (sg13g2_buf_16)
                                                         clknet_3_2__leaf_clk_i (net)
                      0.019493    0.000174    0.193639 ^ _171_/CLK (sg13g2_dfrbpq_1)
                                  0.250000    0.443639   clock uncertainty
                                  0.000000    0.443639   clock reconvergence pessimism
                                 -0.036872    0.406767   library hold time
                                              0.406767   data required time
---------------------------------------------------------------------------------------------
                                              0.406767   data required time
                                             -0.455622   data arrival time
---------------------------------------------------------------------------------------------
                                              0.048855   slack (MET)


Startpoint: _175_ (rising edge-triggered flip-flop clocked by clk_i)
Endpoint: _175_ (rising edge-triggered flip-flop clocked by clk_i)
Path Group: clk_i
Path Type: min

Fanout         Cap        Slew       Delay        Time   Description
---------------------------------------------------------------------------------------------
                                  0.000000    0.000000   clock clk_i (rise edge)
                                  0.000000    0.000000   clock source latency
     1    0.024077    0.038967    0.020348    0.020348 ^ clk_i (in)
                                                         clk_i (net)
                      0.039068    0.000000    0.020348 ^ clkbuf_0_clk_i/A (sg13g2_buf_16)
     8    0.155975    0.051557    0.095633    0.115981 ^ clkbuf_0_clk_i/X (sg13g2_buf_16)
                                                         clknet_0_clk_i (net)
                      0.051686    0.001798    0.117779 ^ clkbuf_3_0__f_clk_i/A (sg13g2_buf_16)
     4    0.014672    0.019279    0.074654    0.192433 ^ clkbuf_3_0__f_clk_i/X (sg13g2_buf_16)
                                                         clknet_3_0__leaf_clk_i (net)
                      0.019279    0.000098    0.192531 ^ _175_/CLK (sg13g2_dfrbpq_1)
     3    0.012924    0.047881    0.183762    0.376294 v _175_/Q (sg13g2_dfrbpq_1)
                                                         spm_inst.genblk1[12].csa.sc (net)
                      0.047881    0.000063    0.376357 v _091_/A (sg13g2_nand2_1)
     1    0.003492    0.029682    0.038631    0.414988 ^ _091_/Y (sg13g2_nand2_1)
                                                         _074_ (net)
                      0.029682    0.000019    0.415007 ^ _095_/B1 (sg13g2_o21ai_1)
     1    0.002486    0.029010    0.039951    0.454958 v _095_/Y (sg13g2_o21ai_1)
                                                         _003_ (net)
                      0.029010    0.000026    0.454984 v _175_/D (sg13g2_dfrbpq_1)
                                              0.454984   data arrival time

                                  0.000000    0.000000   clock clk_i (rise edge)
                                  0.000000    0.000000   clock source latency
     1    0.024077    0.038967    0.020348    0.020348 ^ clk_i (in)
                                                         clk_i (net)
                      0.039068    0.000000    0.020348 ^ clkbuf_0_clk_i/A (sg13g2_buf_16)
     8    0.155975    0.051557    0.095633    0.115981 ^ clkbuf_0_clk_i/X (sg13g2_buf_16)
                                                         clknet_0_clk_i (net)
                      0.051686    0.001798    0.117779 ^ clkbuf_3_0__f_clk_i/A (sg13g2_buf_16)
     4    0.014672    0.019279    0.074654    0.192433 ^ clkbuf_3_0__f_clk_i/X (sg13g2_buf_16)
                                                         clknet_3_0__leaf_clk_i (net)
                      0.019279    0.000098    0.192531 ^ _175_/CLK (sg13g2_dfrbpq_1)
                                  0.250000    0.442531   clock uncertainty
                                  0.000000    0.442531   clock reconvergence pessimism
                                 -0.037389    0.405142   library hold time
                                              0.405142   data required time
---------------------------------------------------------------------------------------------
                                              0.405142   data required time
                                             -0.454984   data arrival time
---------------------------------------------------------------------------------------------
                                              0.049842   slack (MET)


Startpoint: _191_ (rising edge-triggered flip-flop clocked by clk_i)
Endpoint: _191_ (rising edge-triggered flip-flop clocked by clk_i)
Path Group: clk_i
Path Type: min

Fanout         Cap        Slew       Delay        Time   Description
---------------------------------------------------------------------------------------------
                                  0.000000    0.000000   clock clk_i (rise edge)
                                  0.000000    0.000000   clock source latency
     1    0.024077    0.038967    0.020348    0.020348 ^ clk_i (in)
                                                         clk_i (net)
                      0.039068    0.000000    0.020348 ^ clkbuf_0_clk_i/A (sg13g2_buf_16)
     8    0.155975    0.051557    0.095633    0.115981 ^ clkbuf_0_clk_i/X (sg13g2_buf_16)
                                                         clknet_0_clk_i (net)
                      0.051667    0.001625    0.117607 ^ clkbuf_3_6__f_clk_i/A (sg13g2_buf_16)
     4    0.014941    0.019326    0.074698    0.192305 ^ clkbuf_3_6__f_clk_i/X (sg13g2_buf_16)
                                                         clknet_3_6__leaf_clk_i (net)
                      0.019327    0.000107    0.192411 ^ _191_/CLK (sg13g2_dfrbpq_1)
     3    0.012605    0.046950    0.182977    0.375388 v _191_/Q (sg13g2_dfrbpq_1)
                                                         spm_inst.genblk1[4].csa.sc (net)
                      0.046950    0.000091    0.375479 v _139_/A (sg13g2_nand2_1)
     1    0.003492    0.029486    0.038352    0.413831 ^ _139_/Y (sg13g2_nand2_1)
                                                         _045_ (net)
                      0.029486    0.000019    0.413850 ^ _143_/B1 (sg13g2_o21ai_1)
     1    0.002787    0.030484    0.041202    0.455052 v _143_/Y (sg13g2_o21ai_1)
                                                         _009_ (net)
                      0.030484    0.000033    0.455085 v _191_/D (sg13g2_dfrbpq_1)
                                              0.455085   data arrival time

                                  0.000000    0.000000   clock clk_i (rise edge)
                                  0.000000    0.000000   clock source latency
     1    0.024077    0.038967    0.020348    0.020348 ^ clk_i (in)
                                                         clk_i (net)
                      0.039068    0.000000    0.020348 ^ clkbuf_0_clk_i/A (sg13g2_buf_16)
     8    0.155975    0.051557    0.095633    0.115981 ^ clkbuf_0_clk_i/X (sg13g2_buf_16)
                                                         clknet_0_clk_i (net)
                      0.051667    0.001625    0.117607 ^ clkbuf_3_6__f_clk_i/A (sg13g2_buf_16)
     4    0.014941    0.019326    0.074698    0.192305 ^ clkbuf_3_6__f_clk_i/X (sg13g2_buf_16)
                                                         clknet_3_6__leaf_clk_i (net)
                      0.019327    0.000107    0.192411 ^ _191_/CLK (sg13g2_dfrbpq_1)
                                  0.250000    0.442411   clock uncertainty
                                  0.000000    0.442411   clock reconvergence pessimism
                                 -0.037846    0.404565   library hold time
                                              0.404565   data required time
---------------------------------------------------------------------------------------------
                                              0.404565   data required time
                                             -0.455085   data arrival time
---------------------------------------------------------------------------------------------
                                              0.050520   slack (MET)


Startpoint: _173_ (rising edge-triggered flip-flop clocked by clk_i)
Endpoint: _173_ (rising edge-triggered flip-flop clocked by clk_i)
Path Group: clk_i
Path Type: min

Fanout         Cap        Slew       Delay        Time   Description
---------------------------------------------------------------------------------------------
                                  0.000000    0.000000   clock clk_i (rise edge)
                                  0.000000    0.000000   clock source latency
     1    0.024077    0.038967    0.020348    0.020348 ^ clk_i (in)
                                                         clk_i (net)
                      0.039068    0.000000    0.020348 ^ clkbuf_0_clk_i/A (sg13g2_buf_16)
     8    0.155975    0.051557    0.095633    0.115981 ^ clkbuf_0_clk_i/X (sg13g2_buf_16)
                                                         clknet_0_clk_i (net)
                      0.051686    0.001798    0.117779 ^ clkbuf_3_0__f_clk_i/A (sg13g2_buf_16)
     4    0.014672    0.019279    0.074654    0.192433 ^ clkbuf_3_0__f_clk_i/X (sg13g2_buf_16)
                                                         clknet_3_0__leaf_clk_i (net)
                      0.019279    0.000076    0.192509 ^ _173_/CLK (sg13g2_dfrbpq_1)
     3    0.013692    0.050191    0.185564    0.378073 v _173_/Q (sg13g2_dfrbpq_1)
                                                         spm_inst.genblk1[13].csa.sc (net)
                      0.050191    0.000141    0.378214 v _085_/A (sg13g2_nand2_1)
     1    0.003492    0.030169    0.039325    0.417539 ^ _085_/Y (sg13g2_nand2_1)
                                                         _070_ (net)
                      0.030169    0.000019    0.417558 ^ _089_/B1 (sg13g2_o21ai_1)
     1    0.002179    0.027560    0.038753    0.456311 v _089_/Y (sg13g2_o21ai_1)
                                                         _004_ (net)
                      0.027560    0.000019    0.456330 v _173_/D (sg13g2_dfrbpq_1)
                                              0.456330   data arrival time

                                  0.000000    0.000000   clock clk_i (rise edge)
                                  0.000000    0.000000   clock source latency
     1    0.024077    0.038967    0.020348    0.020348 ^ clk_i (in)
                                                         clk_i (net)
                      0.039068    0.000000    0.020348 ^ clkbuf_0_clk_i/A (sg13g2_buf_16)
     8    0.155975    0.051557    0.095633    0.115981 ^ clkbuf_0_clk_i/X (sg13g2_buf_16)
                                                         clknet_0_clk_i (net)
                      0.051686    0.001798    0.117779 ^ clkbuf_3_0__f_clk_i/A (sg13g2_buf_16)
     4    0.014672    0.019279    0.074654    0.192433 ^ clkbuf_3_0__f_clk_i/X (sg13g2_buf_16)
                                                         clknet_3_0__leaf_clk_i (net)
                      0.019279    0.000076    0.192509 ^ _173_/CLK (sg13g2_dfrbpq_1)
                                  0.250000    0.442509   clock uncertainty
                                  0.000000    0.442509   clock reconvergence pessimism
                                 -0.036930    0.405579   library hold time
                                              0.405579   data required time
---------------------------------------------------------------------------------------------
                                              0.405579   data required time
                                             -0.456330   data arrival time
---------------------------------------------------------------------------------------------
                                              0.050751   slack (MET)


Startpoint: _195_ (rising edge-triggered flip-flop clocked by clk_i)
Endpoint: _195_ (rising edge-triggered flip-flop clocked by clk_i)
Path Group: clk_i
Path Type: min

Fanout         Cap        Slew       Delay        Time   Description
---------------------------------------------------------------------------------------------
                                  0.000000    0.000000   clock clk_i (rise edge)
                                  0.000000    0.000000   clock source latency
     1    0.024077    0.038967    0.020348    0.020348 ^ clk_i (in)
                                                         clk_i (net)
                      0.039068    0.000000    0.020348 ^ clkbuf_0_clk_i/A (sg13g2_buf_16)
     8    0.155975    0.051557    0.095633    0.115981 ^ clkbuf_0_clk_i/X (sg13g2_buf_16)
                                                         clknet_0_clk_i (net)
                      0.051723    0.002107    0.118088 ^ clkbuf_3_7__f_clk_i/A (sg13g2_buf_16)
     4    0.014887    0.019315    0.074711    0.192799 ^ clkbuf_3_7__f_clk_i/X (sg13g2_buf_16)
                                                         clknet_3_7__leaf_clk_i (net)
                      0.019315    0.000140    0.192939 ^ _195_/CLK (sg13g2_dfrbpq_1)
     3    0.012456    0.046505    0.182613    0.375553 v _195_/Q (sg13g2_dfrbpq_1)
                                                         spm_inst.genblk1[2].csa.sc (net)
                      0.046505    0.000084    0.375637 v _151_/A (sg13g2_nand2_1)
     1    0.003664    0.029997    0.038768    0.414405 ^ _151_/Y (sg13g2_nand2_1)
                                                         _053_ (net)
                      0.029997    0.000025    0.414429 ^ _155_/B1 (sg13g2_o21ai_1)
     1    0.002824    0.030763    0.041510    0.455940 v _155_/Y (sg13g2_o21ai_1)
                                                         _007_ (net)
                      0.030763    0.000034    0.455974 v _195_/D (sg13g2_dfrbpq_1)
                                              0.455974   data arrival time

                                  0.000000    0.000000   clock clk_i (rise edge)
                                  0.000000    0.000000   clock source latency
     1    0.024077    0.038967    0.020348    0.020348 ^ clk_i (in)
                                                         clk_i (net)
                      0.039068    0.000000    0.020348 ^ clkbuf_0_clk_i/A (sg13g2_buf_16)
     8    0.155975    0.051557    0.095633    0.115981 ^ clkbuf_0_clk_i/X (sg13g2_buf_16)
                                                         clknet_0_clk_i (net)
                      0.051723    0.002107    0.118088 ^ clkbuf_3_7__f_clk_i/A (sg13g2_buf_16)
     4    0.014887    0.019315    0.074711    0.192799 ^ clkbuf_3_7__f_clk_i/X (sg13g2_buf_16)
                                                         clknet_3_7__leaf_clk_i (net)
                      0.019315    0.000140    0.192939 ^ _195_/CLK (sg13g2_dfrbpq_1)
                                  0.250000    0.442939   clock uncertainty
                                  0.000000    0.442939   clock reconvergence pessimism
                                 -0.037937    0.405002   library hold time
                                              0.405002   data required time
---------------------------------------------------------------------------------------------
                                              0.405002   data required time
                                             -0.455974   data arrival time
---------------------------------------------------------------------------------------------
                                              0.050971   slack (MET)


Startpoint: _185_ (rising edge-triggered flip-flop clocked by clk_i)
Endpoint: _185_ (rising edge-triggered flip-flop clocked by clk_i)
Path Group: clk_i
Path Type: min

Fanout         Cap        Slew       Delay        Time   Description
---------------------------------------------------------------------------------------------
                                  0.000000    0.000000   clock clk_i (rise edge)
                                  0.000000    0.000000   clock source latency
     1    0.024077    0.038967    0.020348    0.020348 ^ clk_i (in)
                                                         clk_i (net)
                      0.039068    0.000000    0.020348 ^ clkbuf_0_clk_i/A (sg13g2_buf_16)
     8    0.155975    0.051557    0.095633    0.115981 ^ clkbuf_0_clk_i/X (sg13g2_buf_16)
                                                         clknet_0_clk_i (net)
                      0.051635    0.001259    0.117240 ^ clkbuf_3_1__f_clk_i/A (sg13g2_buf_16)
     4    0.016133    0.019597    0.074907    0.192147 ^ clkbuf_3_1__f_clk_i/X (sg13g2_buf_16)
                                                         clknet_3_1__leaf_clk_i (net)
                      0.019598    0.000232    0.192379 ^ _185_/CLK (sg13g2_dfrbpq_1)
     3    0.013086    0.048373    0.184283    0.376662 v _185_/Q (sg13g2_dfrbpq_1)
                                                         spm_inst.genblk1[7].csa.sc (net)
                      0.048373    0.000101    0.376763 v _121_/A (sg13g2_nand2_1)
     1    0.004558    0.033523    0.042212    0.418975 ^ _121_/Y (sg13g2_nand2_1)
                                                         _033_ (net)
                      0.033523    0.000061    0.419035 ^ _125_/B1 (sg13g2_o21ai_1)
     1    0.001959    0.027076    0.038721    0.457757 v _125_/Y (sg13g2_o21ai_1)
                                                         _012_ (net)
                      0.027076    0.000015    0.457772 v _185_/D (sg13g2_dfrbpq_1)
                                              0.457772   data arrival time

                                  0.000000    0.000000   clock clk_i (rise edge)
                                  0.000000    0.000000   clock source latency
     1    0.024077    0.038967    0.020348    0.020348 ^ clk_i (in)
                                                         clk_i (net)
                      0.039068    0.000000    0.020348 ^ clkbuf_0_clk_i/A (sg13g2_buf_16)
     8    0.155975    0.051557    0.095633    0.115981 ^ clkbuf_0_clk_i/X (sg13g2_buf_16)
                                                         clknet_0_clk_i (net)
                      0.051635    0.001259    0.117240 ^ clkbuf_3_1__f_clk_i/A (sg13g2_buf_16)
     4    0.016133    0.019597    0.074907    0.192147 ^ clkbuf_3_1__f_clk_i/X (sg13g2_buf_16)
                                                         clknet_3_1__leaf_clk_i (net)
                      0.019598    0.000232    0.192379 ^ _185_/CLK (sg13g2_dfrbpq_1)
                                  0.250000    0.442379   clock uncertainty
                                  0.000000    0.442379   clock reconvergence pessimism
                                 -0.036710    0.405669   library hold time
                                              0.405669   data required time
---------------------------------------------------------------------------------------------
                                              0.405669   data required time
                                             -0.457772   data arrival time
---------------------------------------------------------------------------------------------
                                              0.052103   slack (MET)


Startpoint: _187_ (rising edge-triggered flip-flop clocked by clk_i)
Endpoint: _187_ (rising edge-triggered flip-flop clocked by clk_i)
Path Group: clk_i
Path Type: min

Fanout         Cap        Slew       Delay        Time   Description
---------------------------------------------------------------------------------------------
                                  0.000000    0.000000   clock clk_i (rise edge)
                                  0.000000    0.000000   clock source latency
     1    0.024077    0.038967    0.020348    0.020348 ^ clk_i (in)
                                                         clk_i (net)
                      0.039068    0.000000    0.020348 ^ clkbuf_0_clk_i/A (sg13g2_buf_16)
     8    0.155975    0.051557    0.095633    0.115981 ^ clkbuf_0_clk_i/X (sg13g2_buf_16)
                                                         clknet_0_clk_i (net)
                      0.051690    0.001839    0.117820 ^ clkbuf_3_3__f_clk_i/A (sg13g2_buf_16)
     4    0.016313    0.019642    0.074970    0.192790 ^ clkbuf_3_3__f_clk_i/X (sg13g2_buf_16)
                                                         clknet_3_3__leaf_clk_i (net)
                      0.019642    0.000207    0.192997 ^ _187_/CLK (sg13g2_dfrbpq_1)
     3    0.012970    0.048042    0.183996    0.376993 v _187_/Q (sg13g2_dfrbpq_1)
                                                         spm_inst.genblk1[6].csa.sc (net)
                      0.048042    0.000127    0.377120 v _127_/A (sg13g2_nand2_1)
     1    0.004506    0.033270    0.041939    0.419059 ^ _127_/Y (sg13g2_nand2_1)
                                                         _037_ (net)
                      0.033270    0.000058    0.419117 ^ _131_/B1 (sg13g2_o21ai_1)
     1    0.002142    0.027947    0.039456    0.458573 v _131_/Y (sg13g2_o21ai_1)
                                                         _011_ (net)
                      0.027947    0.000019    0.458592 v _187_/D (sg13g2_dfrbpq_1)
                                              0.458592   data arrival time

                                  0.000000    0.000000   clock clk_i (rise edge)
                                  0.000000    0.000000   clock source latency
     1    0.024077    0.038967    0.020348    0.020348 ^ clk_i (in)
                                                         clk_i (net)
                      0.039068    0.000000    0.020348 ^ clkbuf_0_clk_i/A (sg13g2_buf_16)
     8    0.155975    0.051557    0.095633    0.115981 ^ clkbuf_0_clk_i/X (sg13g2_buf_16)
                                                         clknet_0_clk_i (net)
                      0.051690    0.001839    0.117820 ^ clkbuf_3_3__f_clk_i/A (sg13g2_buf_16)
     4    0.016313    0.019642    0.074970    0.192790 ^ clkbuf_3_3__f_clk_i/X (sg13g2_buf_16)
                                                         clknet_3_3__leaf_clk_i (net)
                      0.019642    0.000207    0.192997 ^ _187_/CLK (sg13g2_dfrbpq_1)
                                  0.250000    0.442997   clock uncertainty
                                  0.000000    0.442997   clock reconvergence pessimism
                                 -0.036977    0.406020   library hold time
                                              0.406020   data required time
---------------------------------------------------------------------------------------------
                                              0.406020   data required time
                                             -0.458592   data arrival time
---------------------------------------------------------------------------------------------
                                              0.052572   slack (MET)


Startpoint: _189_ (rising edge-triggered flip-flop clocked by clk_i)
Endpoint: _189_ (rising edge-triggered flip-flop clocked by clk_i)
Path Group: clk_i
Path Type: min

Fanout         Cap        Slew       Delay        Time   Description
---------------------------------------------------------------------------------------------
                                  0.000000    0.000000   clock clk_i (rise edge)
                                  0.000000    0.000000   clock source latency
     1    0.024077    0.038967    0.020348    0.020348 ^ clk_i (in)
                                                         clk_i (net)
                      0.039068    0.000000    0.020348 ^ clkbuf_0_clk_i/A (sg13g2_buf_16)
     8    0.155975    0.051557    0.095633    0.115981 ^ clkbuf_0_clk_i/X (sg13g2_buf_16)
                                                         clknet_0_clk_i (net)
                      0.051794    0.002590    0.118571 ^ clkbuf_3_2__f_clk_i/A (sg13g2_buf_16)
     4    0.015639    0.019493    0.074893    0.193465 ^ clkbuf_3_2__f_clk_i/X (sg13g2_buf_16)
                                                         clknet_3_2__leaf_clk_i (net)
                      0.019493    0.000135    0.193600 ^ _189_/CLK (sg13g2_dfrbpq_1)
     3    0.013568    0.049817    0.185379    0.378979 v _189_/Q (sg13g2_dfrbpq_1)
                                                         spm_inst.genblk1[5].csa.sc (net)
                      0.049817    0.000128    0.379107 v _133_/A (sg13g2_nand2_1)
     1    0.004411    0.033301    0.042188    0.421295 ^ _133_/Y (sg13g2_nand2_1)
                                                         _041_ (net)
                      0.033301    0.000053    0.421348 ^ _137_/B1 (sg13g2_o21ai_1)
     1    0.001959    0.027035    0.038660    0.460008 v _137_/Y (sg13g2_o21ai_1)
                                                         _010_ (net)
                      0.027035    0.000015    0.460023 v _189_/D (sg13g2_dfrbpq_1)
                                              0.460023   data arrival time

                                  0.000000    0.000000   clock clk_i (rise edge)
                                  0.000000    0.000000   clock source latency
     1    0.024077    0.038967    0.020348    0.020348 ^ clk_i (in)
                                                         clk_i (net)
                      0.039068    0.000000    0.020348 ^ clkbuf_0_clk_i/A (sg13g2_buf_16)
     8    0.155975    0.051557    0.095633    0.115981 ^ clkbuf_0_clk_i/X (sg13g2_buf_16)
                                                         clknet_0_clk_i (net)
                      0.051794    0.002590    0.118571 ^ clkbuf_3_2__f_clk_i/A (sg13g2_buf_16)
     4    0.015639    0.019493    0.074893    0.193465 ^ clkbuf_3_2__f_clk_i/X (sg13g2_buf_16)
                                                         clknet_3_2__leaf_clk_i (net)
                      0.019493    0.000135    0.193600 ^ _189_/CLK (sg13g2_dfrbpq_1)
                                  0.250000    0.443600   clock uncertainty
                                  0.000000    0.443600   clock reconvergence pessimism
                                 -0.036719    0.406881   library hold time
                                              0.406881   data required time
---------------------------------------------------------------------------------------------
                                              0.406881   data required time
                                             -0.460023   data arrival time
---------------------------------------------------------------------------------------------
                                              0.053142   slack (MET)


Startpoint: _179_ (rising edge-triggered flip-flop clocked by clk_i)
Endpoint: _179_ (rising edge-triggered flip-flop clocked by clk_i)
Path Group: clk_i
Path Type: min

Fanout         Cap        Slew       Delay        Time   Description
---------------------------------------------------------------------------------------------
                                  0.000000    0.000000   clock clk_i (rise edge)
                                  0.000000    0.000000   clock source latency
     1    0.024077    0.038967    0.020348    0.020348 ^ clk_i (in)
                                                         clk_i (net)
                      0.039068    0.000000    0.020348 ^ clkbuf_0_clk_i/A (sg13g2_buf_16)
     8    0.155975    0.051557    0.095633    0.115981 ^ clkbuf_0_clk_i/X (sg13g2_buf_16)
                                                         clknet_0_clk_i (net)
                      0.051633    0.001232    0.117213 ^ clkbuf_3_4__f_clk_i/A (sg13g2_buf_16)
     4    0.014672    0.019278    0.074626    0.191839 ^ clkbuf_3_4__f_clk_i/X (sg13g2_buf_16)
                                                         clknet_3_4__leaf_clk_i (net)
                      0.019279    0.000168    0.192007 ^ _179_/CLK (sg13g2_dfrbpq_1)
     3    0.013587    0.049879    0.185310    0.377318 v _179_/Q (sg13g2_dfrbpq_1)
                                                         spm_inst.genblk1[10].csa.sc (net)
                      0.049879    0.000185    0.377503 v _103_/A (sg13g2_nand2_1)
     1    0.004506    0.033645    0.042513    0.420016 ^ _103_/Y (sg13g2_nand2_1)
                                                         _021_ (net)
                      0.033645    0.000058    0.420074 ^ _107_/B1 (sg13g2_o21ai_1)
     1    0.001927    0.026940    0.038616    0.458691 v _107_/Y (sg13g2_o21ai_1)
                                                         _001_ (net)
                      0.026940    0.000015    0.458705 v _179_/D (sg13g2_dfrbpq_1)
                                              0.458705   data arrival time

                                  0.000000    0.000000   clock clk_i (rise edge)
                                  0.000000    0.000000   clock source latency
     1    0.024077    0.038967    0.020348    0.020348 ^ clk_i (in)
                                                         clk_i (net)
                      0.039068    0.000000    0.020348 ^ clkbuf_0_clk_i/A (sg13g2_buf_16)
     8    0.155975    0.051557    0.095633    0.115981 ^ clkbuf_0_clk_i/X (sg13g2_buf_16)
                                                         clknet_0_clk_i (net)
                      0.051633    0.001232    0.117213 ^ clkbuf_3_4__f_clk_i/A (sg13g2_buf_16)
     4    0.014672    0.019278    0.074626    0.191839 ^ clkbuf_3_4__f_clk_i/X (sg13g2_buf_16)
                                                         clknet_3_4__leaf_clk_i (net)
                      0.019279    0.000168    0.192007 ^ _179_/CLK (sg13g2_dfrbpq_1)
                                  0.250000    0.442007   clock uncertainty
                                  0.000000    0.442007   clock reconvergence pessimism
                                 -0.036734    0.405274   library hold time
                                              0.405274   data required time
---------------------------------------------------------------------------------------------
                                              0.405274   data required time
                                             -0.458705   data arrival time
---------------------------------------------------------------------------------------------
                                              0.053432   slack (MET)


Startpoint: _201_ (rising edge-triggered flip-flop clocked by clk_i)
Endpoint: _201_ (rising edge-triggered flip-flop clocked by clk_i)
Path Group: clk_i
Path Type: min

Fanout         Cap        Slew       Delay        Time   Description
---------------------------------------------------------------------------------------------
                                  0.000000    0.000000   clock clk_i (rise edge)
                                  0.000000    0.000000   clock source latency
     1    0.024077    0.038967    0.020348    0.020348 ^ clk_i (in)
                                                         clk_i (net)
                      0.039068    0.000000    0.020348 ^ clkbuf_0_clk_i/A (sg13g2_buf_16)
     8    0.155975    0.051557    0.095633    0.115981 ^ clkbuf_0_clk_i/X (sg13g2_buf_16)
                                                         clknet_0_clk_i (net)
                      0.051670    0.001651    0.117632 ^ clkbuf_3_5__f_clk_i/A (sg13g2_buf_16)
     4    0.014812    0.019314    0.074670    0.192301 ^ clkbuf_3_5__f_clk_i/X (sg13g2_buf_16)
                                                         clknet_3_5__leaf_clk_i (net)
                      0.019315    0.000139    0.192440 ^ _201_/CLK (sg13g2_dfrbpq_1)
     3    0.013040    0.048228    0.184051    0.376491 v _201_/Q (sg13g2_dfrbpq_1)
                                                         spm_inst.csa0.sc (net)
                      0.048228    0.000058    0.376549 v _166_/A (sg13g2_nand2_1)
     1    0.003978    0.031459    0.040300    0.416848 ^ _166_/Y (sg13g2_nand2_1)
                                                         _062_ (net)
                      0.031459    0.000037    0.416885 ^ _170_/B1 (sg13g2_o21ai_1)
     1    0.002751    0.030660    0.041608    0.458494 v _170_/Y (sg13g2_o21ai_1)
                                                         _000_ (net)
                      0.030660    0.000031    0.458525 v _201_/D (sg13g2_dfrbpq_1)
                                              0.458525   data arrival time

                                  0.000000    0.000000   clock clk_i (rise edge)
                                  0.000000    0.000000   clock source latency
     1    0.024077    0.038967    0.020348    0.020348 ^ clk_i (in)
                                                         clk_i (net)
                      0.039068    0.000000    0.020348 ^ clkbuf_0_clk_i/A (sg13g2_buf_16)
     8    0.155975    0.051557    0.095633    0.115981 ^ clkbuf_0_clk_i/X (sg13g2_buf_16)
                                                         clknet_0_clk_i (net)
                      0.051670    0.001651    0.117632 ^ clkbuf_3_5__f_clk_i/A (sg13g2_buf_16)
     4    0.014812    0.019314    0.074670    0.192301 ^ clkbuf_3_5__f_clk_i/X (sg13g2_buf_16)
                                                         clknet_3_5__leaf_clk_i (net)
                      0.019315    0.000139    0.192440 ^ _201_/CLK (sg13g2_dfrbpq_1)
                                  0.250000    0.442440   clock uncertainty
                                  0.000000    0.442440   clock reconvergence pessimism
                                 -0.037904    0.404536   library hold time
                                              0.404536   data required time
---------------------------------------------------------------------------------------------
                                              0.404536   data required time
                                             -0.458525   data arrival time
---------------------------------------------------------------------------------------------
                                              0.053990   slack (MET)


Startpoint: _183_ (rising edge-triggered flip-flop clocked by clk_i)
Endpoint: _183_ (rising edge-triggered flip-flop clocked by clk_i)
Path Group: clk_i
Path Type: min

Fanout         Cap        Slew       Delay        Time   Description
---------------------------------------------------------------------------------------------
                                  0.000000    0.000000   clock clk_i (rise edge)
                                  0.000000    0.000000   clock source latency
     1    0.024077    0.038967    0.020348    0.020348 ^ clk_i (in)
                                                         clk_i (net)
                      0.039068    0.000000    0.020348 ^ clkbuf_0_clk_i/A (sg13g2_buf_16)
     8    0.155975    0.051557    0.095633    0.115981 ^ clkbuf_0_clk_i/X (sg13g2_buf_16)
                                                         clknet_0_clk_i (net)
                      0.051667    0.001625    0.117607 ^ clkbuf_3_6__f_clk_i/A (sg13g2_buf_16)
     4    0.014941    0.019326    0.074698    0.192305 ^ clkbuf_3_6__f_clk_i/X (sg13g2_buf_16)
                                                         clknet_3_6__leaf_clk_i (net)
                      0.019326    0.000065    0.192370 ^ _183_/CLK (sg13g2_dfrbpq_1)
     3    0.013880    0.050723    0.186105    0.378475 v _183_/Q (sg13g2_dfrbpq_1)
                                                         spm_inst.genblk1[8].csa.sc (net)
                      0.050723    0.000065    0.378540 v _115_/A (sg13g2_nand2_1)
     1    0.004613    0.034190    0.043125    0.421666 ^ _115_/Y (sg13g2_nand2_1)
                                                         _029_ (net)
                      0.034190    0.000059    0.421725 ^ _119_/B1 (sg13g2_o21ai_1)
     1    0.001873    0.026770    0.038528    0.460253 v _119_/Y (sg13g2_o21ai_1)
                                                         _013_ (net)
                      0.026770    0.000013    0.460266 v _183_/D (sg13g2_dfrbpq_1)
                                              0.460266   data arrival time

                                  0.000000    0.000000   clock clk_i (rise edge)
                                  0.000000    0.000000   clock source latency
     1    0.024077    0.038967    0.020348    0.020348 ^ clk_i (in)
                                                         clk_i (net)
                      0.039068    0.000000    0.020348 ^ clkbuf_0_clk_i/A (sg13g2_buf_16)
     8    0.155975    0.051557    0.095633    0.115981 ^ clkbuf_0_clk_i/X (sg13g2_buf_16)
                                                         clknet_0_clk_i (net)
                      0.051667    0.001625    0.117607 ^ clkbuf_3_6__f_clk_i/A (sg13g2_buf_16)
     4    0.014941    0.019326    0.074698    0.192305 ^ clkbuf_3_6__f_clk_i/X (sg13g2_buf_16)
                                                         clknet_3_6__leaf_clk_i (net)
                      0.019326    0.000065    0.192370 ^ _183_/CLK (sg13g2_dfrbpq_1)
                                  0.250000    0.442370   clock uncertainty
                                  0.000000    0.442370   clock reconvergence pessimism
                                 -0.036670    0.405700   library hold time
                                              0.405700   data required time
---------------------------------------------------------------------------------------------
                                              0.405700   data required time
                                             -0.460266   data arrival time
---------------------------------------------------------------------------------------------
                                              0.054566   slack (MET)


Startpoint: _193_ (rising edge-triggered flip-flop clocked by clk_i)
Endpoint: _193_ (rising edge-triggered flip-flop clocked by clk_i)
Path Group: clk_i
Path Type: min

Fanout         Cap        Slew       Delay        Time   Description
---------------------------------------------------------------------------------------------
                                  0.000000    0.000000   clock clk_i (rise edge)
                                  0.000000    0.000000   clock source latency
     1    0.024077    0.038967    0.020348    0.020348 ^ clk_i (in)
                                                         clk_i (net)
                      0.039068    0.000000    0.020348 ^ clkbuf_0_clk_i/A (sg13g2_buf_16)
     8    0.155975    0.051557    0.095633    0.115981 ^ clkbuf_0_clk_i/X (sg13g2_buf_16)
                                                         clknet_0_clk_i (net)
                      0.051723    0.002107    0.118088 ^ clkbuf_3_7__f_clk_i/A (sg13g2_buf_16)
     4    0.014887    0.019315    0.074711    0.192799 ^ clkbuf_3_7__f_clk_i/X (sg13g2_buf_16)
                                                         clknet_3_7__leaf_clk_i (net)
                      0.019315    0.000099    0.192898 ^ _193_/CLK (sg13g2_dfrbpq_1)
     3    0.013399    0.049309    0.184893    0.377791 v _193_/Q (sg13g2_dfrbpq_1)
                                                         spm_inst.genblk1[3].csa.sc (net)
                      0.049309    0.000153    0.377944 v _145_/A (sg13g2_nand2_1)
     1    0.004365    0.033035    0.041880    0.419824 ^ _145_/Y (sg13g2_nand2_1)
                                                         _049_ (net)
                      0.033035    0.000051    0.419875 ^ _149_/B1 (sg13g2_o21ai_1)
     1    0.002475    0.029565    0.040848    0.460723 v _149_/Y (sg13g2_o21ai_1)
                                                         _008_ (net)
                      0.029565    0.000026    0.460749 v _193_/D (sg13g2_dfrbpq_1)
                                              0.460749   data arrival time

                                  0.000000    0.000000   clock clk_i (rise edge)
                                  0.000000    0.000000   clock source latency
     1    0.024077    0.038967    0.020348    0.020348 ^ clk_i (in)
                                                         clk_i (net)
                      0.039068    0.000000    0.020348 ^ clkbuf_0_clk_i/A (sg13g2_buf_16)
     8    0.155975    0.051557    0.095633    0.115981 ^ clkbuf_0_clk_i/X (sg13g2_buf_16)
                                                         clknet_0_clk_i (net)
                      0.051723    0.002107    0.118088 ^ clkbuf_3_7__f_clk_i/A (sg13g2_buf_16)
     4    0.014887    0.019315    0.074711    0.192799 ^ clkbuf_3_7__f_clk_i/X (sg13g2_buf_16)
                                                         clknet_3_7__leaf_clk_i (net)
                      0.019315    0.000099    0.192898 ^ _193_/CLK (sg13g2_dfrbpq_1)
                                  0.250000    0.442898   clock uncertainty
                                  0.000000    0.442898   clock reconvergence pessimism
                                 -0.037558    0.405341   library hold time
                                              0.405341   data required time
---------------------------------------------------------------------------------------------
                                              0.405341   data required time
                                             -0.460749   data arrival time
---------------------------------------------------------------------------------------------
                                              0.055408   slack (MET)


Startpoint: _181_ (rising edge-triggered flip-flop clocked by clk_i)
Endpoint: _181_ (rising edge-triggered flip-flop clocked by clk_i)
Path Group: clk_i
Path Type: min

Fanout         Cap        Slew       Delay        Time   Description
---------------------------------------------------------------------------------------------
                                  0.000000    0.000000   clock clk_i (rise edge)
                                  0.000000    0.000000   clock source latency
     1    0.024077    0.038967    0.020348    0.020348 ^ clk_i (in)
                                                         clk_i (net)
                      0.039068    0.000000    0.020348 ^ clkbuf_0_clk_i/A (sg13g2_buf_16)
     8    0.155975    0.051557    0.095633    0.115981 ^ clkbuf_0_clk_i/X (sg13g2_buf_16)
                                                         clknet_0_clk_i (net)
                      0.051633    0.001232    0.117213 ^ clkbuf_3_4__f_clk_i/A (sg13g2_buf_16)
     4    0.014672    0.019278    0.074626    0.191839 ^ clkbuf_3_4__f_clk_i/X (sg13g2_buf_16)
                                                         clknet_3_4__leaf_clk_i (net)
                      0.019278    0.000097    0.191936 ^ _181_/CLK (sg13g2_dfrbpq_1)
     3    0.013678    0.050121    0.185594    0.377530 v _181_/Q (sg13g2_dfrbpq_1)
                                                         spm_inst.genblk1[9].csa.sc (net)
                      0.050121    0.000062    0.377592 v _109_/A (sg13g2_nand2_1)
     1    0.005396    0.036810    0.045472    0.423064 ^ _109_/Y (sg13g2_nand2_1)
                                                         _025_ (net)
                      0.036810    0.000095    0.423159 ^ _113_/B1 (sg13g2_o21ai_1)
     1    0.001575    0.025770    0.037934    0.461093 v _113_/Y (sg13g2_o21ai_1)
                                                         _014_ (net)
                      0.025770    0.000008    0.461101 v _181_/D (sg13g2_dfrbpq_1)
                                              0.461101   data arrival time

                                  0.000000    0.000000   clock clk_i (rise edge)
                                  0.000000    0.000000   clock source latency
     1    0.024077    0.038967    0.020348    0.020348 ^ clk_i (in)
                                                         clk_i (net)
                      0.039068    0.000000    0.020348 ^ clkbuf_0_clk_i/A (sg13g2_buf_16)
     8    0.155975    0.051557    0.095633    0.115981 ^ clkbuf_0_clk_i/X (sg13g2_buf_16)
                                                         clknet_0_clk_i (net)
                      0.051633    0.001232    0.117213 ^ clkbuf_3_4__f_clk_i/A (sg13g2_buf_16)
     4    0.014672    0.019278    0.074626    0.191839 ^ clkbuf_3_4__f_clk_i/X (sg13g2_buf_16)
                                                         clknet_3_4__leaf_clk_i (net)
                      0.019278    0.000097    0.191936 ^ _181_/CLK (sg13g2_dfrbpq_1)
                                  0.250000    0.441936   clock uncertainty
                                  0.000000    0.441936   clock reconvergence pessimism
                                 -0.036363    0.405573   library hold time
                                              0.405573   data required time
---------------------------------------------------------------------------------------------
                                              0.405573   data required time
                                             -0.461101   data arrival time
---------------------------------------------------------------------------------------------
                                              0.055528   slack (MET)


Startpoint: _197_ (rising edge-triggered flip-flop clocked by clk_i)
Endpoint: _197_ (rising edge-triggered flip-flop clocked by clk_i)
Path Group: clk_i
Path Type: min

Fanout         Cap        Slew       Delay        Time   Description
---------------------------------------------------------------------------------------------
                                  0.000000    0.000000   clock clk_i (rise edge)
                                  0.000000    0.000000   clock source latency
     1    0.024077    0.038967    0.020348    0.020348 ^ clk_i (in)
                                                         clk_i (net)
                      0.039068    0.000000    0.020348 ^ clkbuf_0_clk_i/A (sg13g2_buf_16)
     8    0.155975    0.051557    0.095633    0.115981 ^ clkbuf_0_clk_i/X (sg13g2_buf_16)
                                                         clknet_0_clk_i (net)
                      0.051670    0.001651    0.117632 ^ clkbuf_3_5__f_clk_i/A (sg13g2_buf_16)
     4    0.014812    0.019314    0.074670    0.192301 ^ clkbuf_3_5__f_clk_i/X (sg13g2_buf_16)
                                                         clknet_3_5__leaf_clk_i (net)
                      0.019315    0.000125    0.192427 ^ _197_/CLK (sg13g2_dfrbpq_1)
     3    0.013673    0.050105    0.185600    0.378027 v _197_/Q (sg13g2_dfrbpq_1)
                                                         spm_inst.genblk1[1].csa.sc (net)
                      0.050105    0.000065    0.378092 v _157_/A (sg13g2_nand2_1)
     1    0.003938    0.031709    0.040745    0.418838 ^ _157_/Y (sg13g2_nand2_1)
                                                         _057_ (net)
                      0.031709    0.000036    0.418873 ^ _161_/B1 (sg13g2_o21ai_1)
     1    0.002751    0.030705    0.041680    0.460553 v _161_/Y (sg13g2_o21ai_1)
                                                         _006_ (net)
                      0.030705    0.000031    0.460584 v _197_/D (sg13g2_dfrbpq_1)
                                              0.460584   data arrival time

                                  0.000000    0.000000   clock clk_i (rise edge)
                                  0.000000    0.000000   clock source latency
     1    0.024077    0.038967    0.020348    0.020348 ^ clk_i (in)
                                                         clk_i (net)
                      0.039068    0.000000    0.020348 ^ clkbuf_0_clk_i/A (sg13g2_buf_16)
     8    0.155975    0.051557    0.095633    0.115981 ^ clkbuf_0_clk_i/X (sg13g2_buf_16)
                                                         clknet_0_clk_i (net)
                      0.051670    0.001651    0.117632 ^ clkbuf_3_5__f_clk_i/A (sg13g2_buf_16)
     4    0.014812    0.019314    0.074670    0.192301 ^ clkbuf_3_5__f_clk_i/X (sg13g2_buf_16)
                                                         clknet_3_5__leaf_clk_i (net)
                      0.019315    0.000125    0.192427 ^ _197_/CLK (sg13g2_dfrbpq_1)
                                  0.250000    0.442427   clock uncertainty
                                  0.000000    0.442427   clock reconvergence pessimism
                                 -0.037919    0.404508   library hold time
                                              0.404508   data required time
---------------------------------------------------------------------------------------------
                                              0.404508   data required time
                                             -0.460584   data arrival time
---------------------------------------------------------------------------------------------
                                              0.056076   slack (MET)


Startpoint: _177_ (rising edge-triggered flip-flop clocked by clk_i)
Endpoint: _177_ (rising edge-triggered flip-flop clocked by clk_i)
Path Group: clk_i
Path Type: min

Fanout         Cap        Slew       Delay        Time   Description
---------------------------------------------------------------------------------------------
                                  0.000000    0.000000   clock clk_i (rise edge)
                                  0.000000    0.000000   clock source latency
     1    0.024077    0.038967    0.020348    0.020348 ^ clk_i (in)
                                                         clk_i (net)
                      0.039068    0.000000    0.020348 ^ clkbuf_0_clk_i/A (sg13g2_buf_16)
     8    0.155975    0.051557    0.095633    0.115981 ^ clkbuf_0_clk_i/X (sg13g2_buf_16)
                                                         clknet_0_clk_i (net)
                      0.051635    0.001259    0.117240 ^ clkbuf_3_1__f_clk_i/A (sg13g2_buf_16)
     4    0.016133    0.019597    0.074907    0.192147 ^ clkbuf_3_1__f_clk_i/X (sg13g2_buf_16)
                                                         clknet_3_1__leaf_clk_i (net)
                      0.019598    0.000202    0.192349 ^ _177_/CLK (sg13g2_dfrbpq_1)
     3    0.014049    0.051259    0.186578    0.378927 v _177_/Q (sg13g2_dfrbpq_1)
                                                         spm_inst.genblk1[11].csa.sc (net)
                      0.051259    0.000165    0.379092 v _097_/A (sg13g2_nand2_1)
     1    0.003881    0.031750    0.040913    0.420005 ^ _097_/Y (sg13g2_nand2_1)
                                                         _017_ (net)
                      0.031750    0.000032    0.420037 ^ _101_/B1 (sg13g2_o21ai_1)
     1    0.002651    0.030213    0.041255    0.461292 v _101_/Y (sg13g2_o21ai_1)
                                                         _002_ (net)
                      0.030213    0.000031    0.461323 v _177_/D (sg13g2_dfrbpq_1)
                                              0.461323   data arrival time

                                  0.000000    0.000000   clock clk_i (rise edge)
                                  0.000000    0.000000   clock source latency
     1    0.024077    0.038967    0.020348    0.020348 ^ clk_i (in)
                                                         clk_i (net)
                      0.039068    0.000000    0.020348 ^ clkbuf_0_clk_i/A (sg13g2_buf_16)
     8    0.155975    0.051557    0.095633    0.115981 ^ clkbuf_0_clk_i/X (sg13g2_buf_16)
                                                         clknet_0_clk_i (net)
                      0.051635    0.001259    0.117240 ^ clkbuf_3_1__f_clk_i/A (sg13g2_buf_16)
     4    0.016133    0.019597    0.074907    0.192147 ^ clkbuf_3_1__f_clk_i/X (sg13g2_buf_16)
                                                         clknet_3_1__leaf_clk_i (net)
                      0.019598    0.000202    0.192349 ^ _177_/CLK (sg13g2_dfrbpq_1)
                                  0.250000    0.442349   clock uncertainty
                                  0.000000    0.442349   clock reconvergence pessimism
                                 -0.037704    0.404645   library hold time
                                              0.404645   data required time
---------------------------------------------------------------------------------------------
                                              0.404645   data required time
                                             -0.461323   data arrival time
---------------------------------------------------------------------------------------------
                                              0.056678   slack (MET)


Startpoint: _192_ (rising edge-triggered flip-flop clocked by clk_i)
Endpoint: _194_ (rising edge-triggered flip-flop clocked by clk_i)
Path Group: clk_i
Path Type: min

Fanout         Cap        Slew       Delay        Time   Description
---------------------------------------------------------------------------------------------
                                  0.000000    0.000000   clock clk_i (rise edge)
                                  0.000000    0.000000   clock source latency
     1    0.024077    0.038967    0.020348    0.020348 ^ clk_i (in)
                                                         clk_i (net)
                      0.039068    0.000000    0.020348 ^ clkbuf_0_clk_i/A (sg13g2_buf_16)
     8    0.155975    0.051557    0.095633    0.115981 ^ clkbuf_0_clk_i/X (sg13g2_buf_16)
                                                         clknet_0_clk_i (net)
                      0.051667    0.001625    0.117607 ^ clkbuf_3_6__f_clk_i/A (sg13g2_buf_16)
     4    0.014941    0.019326    0.074698    0.192305 ^ clkbuf_3_6__f_clk_i/X (sg13g2_buf_16)
                                                         clknet_3_6__leaf_clk_i (net)
                      0.019327    0.000121    0.192426 ^ _192_/CLK (sg13g2_dfrbpq_1)
     3    0.012048    0.045288    0.181647    0.374073 v _192_/Q (sg13g2_dfrbpq_1)
                                                         spm_inst.genblk1[3].csa.y (net)
                      0.045288    0.000048    0.374121 v _147_/B (sg13g2_xor2_1)
     1    0.005547    0.034195    0.069256    0.443377 v _147_/X (sg13g2_xor2_1)
                                                         _051_ (net)
                      0.034195    0.000045    0.443422 v _148_/B (sg13g2_xnor2_1)
     1    0.001854    0.026740    0.050594    0.494016 v _148_/Y (sg13g2_xnor2_1)
                                                         spm_inst.genblk1[3].csa.hsum2 (net)
                      0.026740    0.000013    0.494029 v _194_/D (sg13g2_dfrbpq_1)
                                              0.494029   data arrival time

                                  0.000000    0.000000   clock clk_i (rise edge)
                                  0.000000    0.000000   clock source latency
     1    0.024077    0.038967    0.020348    0.020348 ^ clk_i (in)
                                                         clk_i (net)
                      0.039068    0.000000    0.020348 ^ clkbuf_0_clk_i/A (sg13g2_buf_16)
     8    0.155975    0.051557    0.095633    0.115981 ^ clkbuf_0_clk_i/X (sg13g2_buf_16)
                                                         clknet_0_clk_i (net)
                      0.051723    0.002107    0.118088 ^ clkbuf_3_7__f_clk_i/A (sg13g2_buf_16)
     4    0.014887    0.019315    0.074711    0.192799 ^ clkbuf_3_7__f_clk_i/X (sg13g2_buf_16)
                                                         clknet_3_7__leaf_clk_i (net)
                      0.019315    0.000106    0.192905 ^ _194_/CLK (sg13g2_dfrbpq_1)
                                  0.250000    0.442905   clock uncertainty
                                  0.000000    0.442905   clock reconvergence pessimism
                                 -0.036663    0.406243   library hold time
                                              0.406243   data required time
---------------------------------------------------------------------------------------------
                                              0.406243   data required time
                                             -0.494029   data arrival time
---------------------------------------------------------------------------------------------
                                              0.087787   slack (MET)


Startpoint: _190_ (rising edge-triggered flip-flop clocked by clk_i)
Endpoint: _192_ (rising edge-triggered flip-flop clocked by clk_i)
Path Group: clk_i
Path Type: min

Fanout         Cap        Slew       Delay        Time   Description
---------------------------------------------------------------------------------------------
                                  0.000000    0.000000   clock clk_i (rise edge)
                                  0.000000    0.000000   clock source latency
     1    0.024077    0.038967    0.020348    0.020348 ^ clk_i (in)
                                                         clk_i (net)
                      0.039068    0.000000    0.020348 ^ clkbuf_0_clk_i/A (sg13g2_buf_16)
     8    0.155975    0.051557    0.095633    0.115981 ^ clkbuf_0_clk_i/X (sg13g2_buf_16)
                                                         clknet_0_clk_i (net)
                      0.051690    0.001839    0.117820 ^ clkbuf_3_3__f_clk_i/A (sg13g2_buf_16)
     4    0.016313    0.019642    0.074970    0.192790 ^ clkbuf_3_3__f_clk_i/X (sg13g2_buf_16)
                                                         clknet_3_3__leaf_clk_i (net)
                      0.019642    0.000183    0.192973 ^ _190_/CLK (sg13g2_dfrbpq_1)
     3    0.011780    0.044509    0.181119    0.374091 v _190_/Q (sg13g2_dfrbpq_1)
                                                         spm_inst.genblk1[4].csa.y (net)
                      0.044509    0.000084    0.374176 v _141_/B (sg13g2_xor2_1)
     1    0.005557    0.034194    0.068982    0.443158 v _141_/X (sg13g2_xor2_1)
                                                         _047_ (net)
                      0.034194    0.000045    0.443203 v _142_/B (sg13g2_xnor2_1)
     1    0.001888    0.026910    0.050740    0.493943 v _142_/Y (sg13g2_xnor2_1)
                                                         spm_inst.genblk1[4].csa.hsum2 (net)
                      0.026910    0.000014    0.493956 v _192_/D (sg13g2_dfrbpq_1)
                                              0.493956   data arrival time

                                  0.000000    0.000000   clock clk_i (rise edge)
                                  0.000000    0.000000   clock source latency
     1    0.024077    0.038967    0.020348    0.020348 ^ clk_i (in)
                                                         clk_i (net)
                      0.039068    0.000000    0.020348 ^ clkbuf_0_clk_i/A (sg13g2_buf_16)
     8    0.155975    0.051557    0.095633    0.115981 ^ clkbuf_0_clk_i/X (sg13g2_buf_16)
                                                         clknet_0_clk_i (net)
                      0.051667    0.001625    0.117607 ^ clkbuf_3_6__f_clk_i/A (sg13g2_buf_16)
     4    0.014941    0.019326    0.074698    0.192305 ^ clkbuf_3_6__f_clk_i/X (sg13g2_buf_16)
                                                         clknet_3_6__leaf_clk_i (net)
                      0.019327    0.000121    0.192426 ^ _192_/CLK (sg13g2_dfrbpq_1)
                                  0.250000    0.442426   clock uncertainty
                                  0.000000    0.442426   clock reconvergence pessimism
                                 -0.036714    0.405712   library hold time
                                              0.405712   data required time
---------------------------------------------------------------------------------------------
                                              0.405712   data required time
                                             -0.493956   data arrival time
---------------------------------------------------------------------------------------------
                                              0.088244   slack (MET)


Startpoint: _194_ (rising edge-triggered flip-flop clocked by clk_i)
Endpoint: _196_ (rising edge-triggered flip-flop clocked by clk_i)
Path Group: clk_i
Path Type: min

Fanout         Cap        Slew       Delay        Time   Description
---------------------------------------------------------------------------------------------
                                  0.000000    0.000000   clock clk_i (rise edge)
                                  0.000000    0.000000   clock source latency
     1    0.024077    0.038967    0.020348    0.020348 ^ clk_i (in)
                                                         clk_i (net)
                      0.039068    0.000000    0.020348 ^ clkbuf_0_clk_i/A (sg13g2_buf_16)
     8    0.155975    0.051557    0.095633    0.115981 ^ clkbuf_0_clk_i/X (sg13g2_buf_16)
                                                         clknet_0_clk_i (net)
                      0.051723    0.002107    0.118088 ^ clkbuf_3_7__f_clk_i/A (sg13g2_buf_16)
     4    0.014887    0.019315    0.074711    0.192799 ^ clkbuf_3_7__f_clk_i/X (sg13g2_buf_16)
                                                         clknet_3_7__leaf_clk_i (net)
                      0.019315    0.000106    0.192905 ^ _194_/CLK (sg13g2_dfrbpq_1)
     3    0.012308    0.046081    0.182220    0.375125 v _194_/Q (sg13g2_dfrbpq_1)
                                                         spm_inst.genblk1[2].csa.y (net)
                      0.046081    0.000144    0.375270 v _153_/B (sg13g2_xor2_1)
     1    0.005299    0.033521    0.068486    0.443755 v _153_/X (sg13g2_xor2_1)
                                                         _055_ (net)
                      0.033521    0.000031    0.443786 v _154_/B (sg13g2_xnor2_1)
     1    0.002143    0.028140    0.051620    0.495407 v _154_/Y (sg13g2_xnor2_1)
                                                         spm_inst.genblk1[2].csa.hsum2 (net)
                      0.028140    0.000019    0.495425 v _196_/D (sg13g2_dfrbpq_1)
                                              0.495425   data arrival time

                                  0.000000    0.000000   clock clk_i (rise edge)
                                  0.000000    0.000000   clock source latency
     1    0.024077    0.038967    0.020348    0.020348 ^ clk_i (in)
                                                         clk_i (net)
                      0.039068    0.000000    0.020348 ^ clkbuf_0_clk_i/A (sg13g2_buf_16)
     8    0.155975    0.051557    0.095633    0.115981 ^ clkbuf_0_clk_i/X (sg13g2_buf_16)
                                                         clknet_0_clk_i (net)
                      0.051723    0.002107    0.118088 ^ clkbuf_3_7__f_clk_i/A (sg13g2_buf_16)
     4    0.014887    0.019315    0.074711    0.192799 ^ clkbuf_3_7__f_clk_i/X (sg13g2_buf_16)
                                                         clknet_3_7__leaf_clk_i (net)
                      0.019315    0.000167    0.192966 ^ _196_/CLK (sg13g2_dfrbpq_1)
                                  0.250000    0.442966   clock uncertainty
                                  0.000000    0.442966   clock reconvergence pessimism
                                 -0.037106    0.405860   library hold time
                                              0.405860   data required time
---------------------------------------------------------------------------------------------
                                              0.405860   data required time
                                             -0.495425   data arrival time
---------------------------------------------------------------------------------------------
                                              0.089565   slack (MET)


Startpoint: _174_ (rising edge-triggered flip-flop clocked by clk_i)
Endpoint: _176_ (rising edge-triggered flip-flop clocked by clk_i)
Path Group: clk_i
Path Type: min

Fanout         Cap        Slew       Delay        Time   Description
---------------------------------------------------------------------------------------------
                                  0.000000    0.000000   clock clk_i (rise edge)
                                  0.000000    0.000000   clock source latency
     1    0.024077    0.038967    0.020348    0.020348 ^ clk_i (in)
                                                         clk_i (net)
                      0.039068    0.000000    0.020348 ^ clkbuf_0_clk_i/A (sg13g2_buf_16)
     8    0.155975    0.051557    0.095633    0.115981 ^ clkbuf_0_clk_i/X (sg13g2_buf_16)
                                                         clknet_0_clk_i (net)
                      0.051686    0.001798    0.117779 ^ clkbuf_3_0__f_clk_i/A (sg13g2_buf_16)
     4    0.014672    0.019279    0.074654    0.192433 ^ clkbuf_3_0__f_clk_i/X (sg13g2_buf_16)
                                                         clknet_3_0__leaf_clk_i (net)
                      0.019279    0.000067    0.192500 ^ _174_/CLK (sg13g2_dfrbpq_1)
     3    0.012909    0.047856    0.183683    0.376183 v _174_/Q (sg13g2_dfrbpq_1)
                                                         spm_inst.genblk1[12].csa.y (net)
                      0.047856    0.000122    0.376305 v _093_/B (sg13g2_xor2_1)
     1    0.005294    0.033524    0.069187    0.445492 v _093_/X (sg13g2_xor2_1)
                                                         _076_ (net)
                      0.033524    0.000031    0.445523 v _094_/B (sg13g2_xnor2_1)
     1    0.002072    0.027785    0.051316    0.496839 v _094_/Y (sg13g2_xnor2_1)
                                                         spm_inst.genblk1[12].csa.hsum2 (net)
                      0.027785    0.000016    0.496855 v _176_/D (sg13g2_dfrbpq_1)
                                              0.496855   data arrival time

                                  0.000000    0.000000   clock clk_i (rise edge)
                                  0.000000    0.000000   clock source latency
     1    0.024077    0.038967    0.020348    0.020348 ^ clk_i (in)
                                                         clk_i (net)
                      0.039068    0.000000    0.020348 ^ clkbuf_0_clk_i/A (sg13g2_buf_16)
     8    0.155975    0.051557    0.095633    0.115981 ^ clkbuf_0_clk_i/X (sg13g2_buf_16)
                                                         clknet_0_clk_i (net)
                      0.051635    0.001259    0.117240 ^ clkbuf_3_1__f_clk_i/A (sg13g2_buf_16)
     4    0.016133    0.019597    0.074907    0.192147 ^ clkbuf_3_1__f_clk_i/X (sg13g2_buf_16)
                                                         clknet_3_1__leaf_clk_i (net)
                      0.019598    0.000185    0.192332 ^ _176_/CLK (sg13g2_dfrbpq_1)
                                  0.250000    0.442332   clock uncertainty
                                  0.000000    0.442332   clock reconvergence pessimism
                                 -0.036935    0.405397   library hold time
                                              0.405397   data required time
---------------------------------------------------------------------------------------------
                                              0.405397   data required time
                                             -0.496855   data arrival time
---------------------------------------------------------------------------------------------
                                              0.091458   slack (MET)


Startpoint: _180_ (rising edge-triggered flip-flop clocked by clk_i)
Endpoint: _182_ (rising edge-triggered flip-flop clocked by clk_i)
Path Group: clk_i
Path Type: min

Fanout         Cap        Slew       Delay        Time   Description
---------------------------------------------------------------------------------------------
                                  0.000000    0.000000   clock clk_i (rise edge)
                                  0.000000    0.000000   clock source latency
     1    0.024077    0.038967    0.020348    0.020348 ^ clk_i (in)
                                                         clk_i (net)
                      0.039068    0.000000    0.020348 ^ clkbuf_0_clk_i/A (sg13g2_buf_16)
     8    0.155975    0.051557    0.095633    0.115981 ^ clkbuf_0_clk_i/X (sg13g2_buf_16)
                                                         clknet_0_clk_i (net)
                      0.051633    0.001232    0.117213 ^ clkbuf_3_4__f_clk_i/A (sg13g2_buf_16)
     4    0.014672    0.019278    0.074626    0.191839 ^ clkbuf_3_4__f_clk_i/X (sg13g2_buf_16)
                                                         clknet_3_4__leaf_clk_i (net)
                      0.019279    0.000122    0.191961 ^ _180_/CLK (sg13g2_dfrbpq_1)
     3    0.013022    0.048194    0.183948    0.375909 v _180_/Q (sg13g2_dfrbpq_1)
                                                         spm_inst.genblk1[10].csa.sum (net)
                      0.048194    0.000173    0.376081 v _111_/B (sg13g2_xor2_1)
     1    0.005294    0.033550    0.069325    0.445407 v _111_/X (sg13g2_xor2_1)
                                                         _027_ (net)
                      0.033550    0.000031    0.445437 v _112_/B (sg13g2_xnor2_1)
     1    0.002017    0.027508    0.051084    0.496521 v _112_/Y (sg13g2_xnor2_1)
                                                         spm_inst.genblk1[9].csa.hsum2 (net)
                      0.027508    0.000016    0.496537 v _182_/D (sg13g2_dfrbpq_1)
                                              0.496537   data arrival time

                                  0.000000    0.000000   clock clk_i (rise edge)
                                  0.000000    0.000000   clock source latency
     1    0.024077    0.038967    0.020348    0.020348 ^ clk_i (in)
                                                         clk_i (net)
                      0.039068    0.000000    0.020348 ^ clkbuf_0_clk_i/A (sg13g2_buf_16)
     8    0.155975    0.051557    0.095633    0.115981 ^ clkbuf_0_clk_i/X (sg13g2_buf_16)
                                                         clknet_0_clk_i (net)
                      0.051633    0.001232    0.117213 ^ clkbuf_3_4__f_clk_i/A (sg13g2_buf_16)
     4    0.014672    0.019278    0.074626    0.191839 ^ clkbuf_3_4__f_clk_i/X (sg13g2_buf_16)
                                                         clknet_3_4__leaf_clk_i (net)
                      0.019278    0.000052    0.191891 ^ _182_/CLK (sg13g2_dfrbpq_1)
                                  0.250000    0.441891   clock uncertainty
                                  0.000000    0.441891   clock reconvergence pessimism
                                 -0.036913    0.404978   library hold time
                                              0.404978   data required time
---------------------------------------------------------------------------------------------
                                              0.404978   data required time
                                             -0.496537   data arrival time
---------------------------------------------------------------------------------------------
                                              0.091559   slack (MET)


Startpoint: _199_ (rising edge-triggered flip-flop clocked by clk_i)
Endpoint: _172_ (rising edge-triggered flip-flop clocked by clk_i)
Path Group: clk_i
Path Type: min

Fanout         Cap        Slew       Delay        Time   Description
---------------------------------------------------------------------------------------------
                                  0.000000    0.000000   clock clk_i (rise edge)
                                  0.000000    0.000000   clock source latency
     1    0.024077    0.038967    0.020348    0.020348 ^ clk_i (in)
                                                         clk_i (net)
                      0.039068    0.000000    0.020348 ^ clkbuf_0_clk_i/A (sg13g2_buf_16)
     8    0.155975    0.051557    0.095633    0.115981 ^ clkbuf_0_clk_i/X (sg13g2_buf_16)
                                                         clknet_0_clk_i (net)
                      0.051794    0.002590    0.118571 ^ clkbuf_3_2__f_clk_i/A (sg13g2_buf_16)
     4    0.015639    0.019493    0.074893    0.193465 ^ clkbuf_3_2__f_clk_i/X (sg13g2_buf_16)
                                                         clknet_3_2__leaf_clk_i (net)
                      0.019493    0.000132    0.193596 ^ _199_/CLK (sg13g2_dfrbpq_1)
     3    0.013052    0.048305    0.184083    0.377679 v _199_/Q (sg13g2_dfrbpq_1)
                                                         spm_inst.genblk1[14].csa.y (net)
                      0.048305    0.000235    0.377914 v _081_/B (sg13g2_xor2_1)
     1    0.005299    0.033542    0.069392    0.447306 v _081_/X (sg13g2_xor2_1)
                                                         _068_ (net)
                      0.033542    0.000031    0.447337 v _082_/B (sg13g2_xnor2_1)
     1    0.001811    0.026470    0.050188    0.497525 v _082_/Y (sg13g2_xnor2_1)
                                                         spm_inst.genblk1[14].csa.hsum2 (net)
                      0.026470    0.000012    0.497537 v _172_/D (sg13g2_dfrbpq_1)
                                              0.497537   data arrival time

                                  0.000000    0.000000   clock clk_i (rise edge)
                                  0.000000    0.000000   clock source latency
     1    0.024077    0.038967    0.020348    0.020348 ^ clk_i (in)
                                                         clk_i (net)
                      0.039068    0.000000    0.020348 ^ clkbuf_0_clk_i/A (sg13g2_buf_16)
     8    0.155975    0.051557    0.095633    0.115981 ^ clkbuf_0_clk_i/X (sg13g2_buf_16)
                                                         clknet_0_clk_i (net)
                      0.051686    0.001798    0.117779 ^ clkbuf_3_0__f_clk_i/A (sg13g2_buf_16)
     4    0.014672    0.019279    0.074654    0.192433 ^ clkbuf_3_0__f_clk_i/X (sg13g2_buf_16)
                                                         clknet_3_0__leaf_clk_i (net)
                      0.019279    0.000103    0.192536 ^ _172_/CLK (sg13g2_dfrbpq_1)
                                  0.250000    0.442536   clock uncertainty
                                  0.000000    0.442536   clock reconvergence pessimism
                                 -0.036584    0.405951   library hold time
                                              0.405951   data required time
---------------------------------------------------------------------------------------------
                                              0.405951   data required time
                                             -0.497537   data arrival time
---------------------------------------------------------------------------------------------
                                              0.091586   slack (MET)


Startpoint: _172_ (rising edge-triggered flip-flop clocked by clk_i)
Endpoint: _174_ (rising edge-triggered flip-flop clocked by clk_i)
Path Group: clk_i
Path Type: min

Fanout         Cap        Slew       Delay        Time   Description
---------------------------------------------------------------------------------------------
                                  0.000000    0.000000   clock clk_i (rise edge)
                                  0.000000    0.000000   clock source latency
     1    0.024077    0.038967    0.020348    0.020348 ^ clk_i (in)
                                                         clk_i (net)
                      0.039068    0.000000    0.020348 ^ clkbuf_0_clk_i/A (sg13g2_buf_16)
     8    0.155975    0.051557    0.095633    0.115981 ^ clkbuf_0_clk_i/X (sg13g2_buf_16)
                                                         clknet_0_clk_i (net)
                      0.051686    0.001798    0.117779 ^ clkbuf_3_0__f_clk_i/A (sg13g2_buf_16)
     4    0.014672    0.019279    0.074654    0.192433 ^ clkbuf_3_0__f_clk_i/X (sg13g2_buf_16)
                                                         clknet_3_0__leaf_clk_i (net)
                      0.019279    0.000103    0.192536 ^ _172_/CLK (sg13g2_dfrbpq_1)
     3    0.013080    0.048378    0.184069    0.376605 v _172_/Q (sg13g2_dfrbpq_1)
                                                         spm_inst.genblk1[13].csa.y (net)
                      0.048378    0.000212    0.376817 v _087_/B (sg13g2_xor2_1)
     1    0.005294    0.033551    0.069400    0.446217 v _087_/X (sg13g2_xor2_1)
                                                         _072_ (net)
                      0.033551    0.000031    0.446248 v _088_/B (sg13g2_xnor2_1)
     1    0.002017    0.027507    0.051083    0.497331 v _088_/Y (sg13g2_xnor2_1)
                                                         spm_inst.genblk1[13].csa.hsum2 (net)
                      0.027507    0.000016    0.497347 v _174_/D (sg13g2_dfrbpq_1)
                                              0.497347   data arrival time

                                  0.000000    0.000000   clock clk_i (rise edge)
                                  0.000000    0.000000   clock source latency
     1    0.024077    0.038967    0.020348    0.020348 ^ clk_i (in)
                                                         clk_i (net)
                      0.039068    0.000000    0.020348 ^ clkbuf_0_clk_i/A (sg13g2_buf_16)
     8    0.155975    0.051557    0.095633    0.115981 ^ clkbuf_0_clk_i/X (sg13g2_buf_16)
                                                         clknet_0_clk_i (net)
                      0.051686    0.001798    0.117779 ^ clkbuf_3_0__f_clk_i/A (sg13g2_buf_16)
     4    0.014672    0.019279    0.074654    0.192433 ^ clkbuf_3_0__f_clk_i/X (sg13g2_buf_16)
                                                         clknet_3_0__leaf_clk_i (net)
                      0.019279    0.000067    0.192500 ^ _174_/CLK (sg13g2_dfrbpq_1)
                                  0.250000    0.442500   clock uncertainty
                                  0.000000    0.442500   clock reconvergence pessimism
                                 -0.036913    0.405587   library hold time
                                              0.405587   data required time
---------------------------------------------------------------------------------------------
                                              0.405587   data required time
                                             -0.497347   data arrival time
---------------------------------------------------------------------------------------------
                                              0.091760   slack (MET)


Startpoint: _182_ (rising edge-triggered flip-flop clocked by clk_i)
Endpoint: _184_ (rising edge-triggered flip-flop clocked by clk_i)
Path Group: clk_i
Path Type: min

Fanout         Cap        Slew       Delay        Time   Description
---------------------------------------------------------------------------------------------
                                  0.000000    0.000000   clock clk_i (rise edge)
                                  0.000000    0.000000   clock source latency
     1    0.024077    0.038967    0.020348    0.020348 ^ clk_i (in)
                                                         clk_i (net)
                      0.039068    0.000000    0.020348 ^ clkbuf_0_clk_i/A (sg13g2_buf_16)
     8    0.155975    0.051557    0.095633    0.115981 ^ clkbuf_0_clk_i/X (sg13g2_buf_16)
                                                         clknet_0_clk_i (net)
                      0.051633    0.001232    0.117213 ^ clkbuf_3_4__f_clk_i/A (sg13g2_buf_16)
     4    0.014672    0.019278    0.074626    0.191839 ^ clkbuf_3_4__f_clk_i/X (sg13g2_buf_16)
                                                         clknet_3_4__leaf_clk_i (net)
                      0.019278    0.000052    0.191891 ^ _182_/CLK (sg13g2_dfrbpq_1)
     3    0.013563    0.049808    0.185248    0.377140 v _182_/Q (sg13g2_dfrbpq_1)
                                                         spm_inst.genblk1[8].csa.y (net)
                      0.049808    0.000119    0.377259 v _117_/B (sg13g2_xor2_1)
     1    0.005294    0.033557    0.069983    0.447242 v _117_/X (sg13g2_xor2_1)
                                                         _031_ (net)
                      0.033557    0.000031    0.447272 v _118_/B (sg13g2_xnor2_1)
     1    0.001854    0.026689    0.050380    0.497652 v _118_/Y (sg13g2_xnor2_1)
                                                         spm_inst.genblk1[8].csa.hsum2 (net)
                      0.026689    0.000013    0.497665 v _184_/D (sg13g2_dfrbpq_1)
                                              0.497665   data arrival time

                                  0.000000    0.000000   clock clk_i (rise edge)
                                  0.000000    0.000000   clock source latency
     1    0.024077    0.038967    0.020348    0.020348 ^ clk_i (in)
                                                         clk_i (net)
                      0.039068    0.000000    0.020348 ^ clkbuf_0_clk_i/A (sg13g2_buf_16)
     8    0.155975    0.051557    0.095633    0.115981 ^ clkbuf_0_clk_i/X (sg13g2_buf_16)
                                                         clknet_0_clk_i (net)
                      0.051667    0.001625    0.117607 ^ clkbuf_3_6__f_clk_i/A (sg13g2_buf_16)
     4    0.014941    0.019326    0.074698    0.192305 ^ clkbuf_3_6__f_clk_i/X (sg13g2_buf_16)
                                                         clknet_3_6__leaf_clk_i (net)
                      0.019326    0.000080    0.192384 ^ _184_/CLK (sg13g2_dfrbpq_1)
                                  0.250000    0.442384   clock uncertainty
                                  0.000000    0.442384   clock reconvergence pessimism
                                 -0.036644    0.405740   library hold time
                                              0.405740   data required time
---------------------------------------------------------------------------------------------
                                              0.405740   data required time
                                             -0.497665   data arrival time
---------------------------------------------------------------------------------------------
                                              0.091925   slack (MET)


Startpoint: _176_ (rising edge-triggered flip-flop clocked by clk_i)
Endpoint: _178_ (rising edge-triggered flip-flop clocked by clk_i)
Path Group: clk_i
Path Type: min

Fanout         Cap        Slew       Delay        Time   Description
---------------------------------------------------------------------------------------------
                                  0.000000    0.000000   clock clk_i (rise edge)
                                  0.000000    0.000000   clock source latency
     1    0.024077    0.038967    0.020348    0.020348 ^ clk_i (in)
                                                         clk_i (net)
                      0.039068    0.000000    0.020348 ^ clkbuf_0_clk_i/A (sg13g2_buf_16)
     8    0.155975    0.051557    0.095633    0.115981 ^ clkbuf_0_clk_i/X (sg13g2_buf_16)
                                                         clknet_0_clk_i (net)
                      0.051635    0.001259    0.117240 ^ clkbuf_3_1__f_clk_i/A (sg13g2_buf_16)
     4    0.016133    0.019597    0.074907    0.192147 ^ clkbuf_3_1__f_clk_i/X (sg13g2_buf_16)
                                                         clknet_3_1__leaf_clk_i (net)
                      0.019598    0.000185    0.192332 ^ _176_/CLK (sg13g2_dfrbpq_1)
     3    0.013239    0.048858    0.184591    0.376923 v _176_/Q (sg13g2_dfrbpq_1)
                                                         spm_inst.genblk1[11].csa.y (net)
                      0.048858    0.000202    0.377125 v _099_/B (sg13g2_xor2_1)
     1    0.005772    0.034801    0.071718    0.448843 v _099_/X (sg13g2_xor2_1)
                                                         _019_ (net)
                      0.034801    0.000056    0.448899 v _100_/B (sg13g2_xnor2_1)
     1    0.001557    0.025285    0.049503    0.498402 v _100_/Y (sg13g2_xnor2_1)
                                                         spm_inst.genblk1[11].csa.hsum2 (net)
                      0.025285    0.000008    0.498410 v _178_/D (sg13g2_dfrbpq_1)
                                              0.498410   data arrival time

                                  0.000000    0.000000   clock clk_i (rise edge)
                                  0.000000    0.000000   clock source latency
     1    0.024077    0.038967    0.020348    0.020348 ^ clk_i (in)
                                                         clk_i (net)
                      0.039068    0.000000    0.020348 ^ clkbuf_0_clk_i/A (sg13g2_buf_16)
     8    0.155975    0.051557    0.095633    0.115981 ^ clkbuf_0_clk_i/X (sg13g2_buf_16)
                                                         clknet_0_clk_i (net)
                      0.051635    0.001259    0.117240 ^ clkbuf_3_1__f_clk_i/A (sg13g2_buf_16)
     4    0.016133    0.019597    0.074907    0.192147 ^ clkbuf_3_1__f_clk_i/X (sg13g2_buf_16)
                                                         clknet_3_1__leaf_clk_i (net)
                      0.019598    0.000227    0.192374 ^ _178_/CLK (sg13g2_dfrbpq_1)
                                  0.250000    0.442374   clock uncertainty
                                  0.000000    0.442374   clock reconvergence pessimism
                                 -0.036143    0.406231   library hold time
                                              0.406231   data required time
---------------------------------------------------------------------------------------------
                                              0.406231   data required time
                                             -0.498410   data arrival time
---------------------------------------------------------------------------------------------
                                              0.092179   slack (MET)


Startpoint: _188_ (rising edge-triggered flip-flop clocked by clk_i)
Endpoint: _190_ (rising edge-triggered flip-flop clocked by clk_i)
Path Group: clk_i
Path Type: min

Fanout         Cap        Slew       Delay        Time   Description
---------------------------------------------------------------------------------------------
                                  0.000000    0.000000   clock clk_i (rise edge)
                                  0.000000    0.000000   clock source latency
     1    0.024077    0.038967    0.020348    0.020348 ^ clk_i (in)
                                                         clk_i (net)
                      0.039068    0.000000    0.020348 ^ clkbuf_0_clk_i/A (sg13g2_buf_16)
     8    0.155975    0.051557    0.095633    0.115981 ^ clkbuf_0_clk_i/X (sg13g2_buf_16)
                                                         clknet_0_clk_i (net)
                      0.051690    0.001839    0.117820 ^ clkbuf_3_3__f_clk_i/A (sg13g2_buf_16)
     4    0.016313    0.019642    0.074970    0.192790 ^ clkbuf_3_3__f_clk_i/X (sg13g2_buf_16)
                                                         clknet_3_3__leaf_clk_i (net)
                      0.019642    0.000196    0.192986 ^ _188_/CLK (sg13g2_dfrbpq_1)
     3    0.013144    0.048571    0.184392    0.377377 v _188_/Q (sg13g2_dfrbpq_1)
                                                         spm_inst.genblk1[5].csa.y (net)
                      0.048571    0.000188    0.377566 v _135_/B (sg13g2_xor2_1)
     1    0.005547    0.034201    0.070601    0.448167 v _135_/X (sg13g2_xor2_1)
                                                         _043_ (net)
                      0.034201    0.000045    0.448212 v _136_/B (sg13g2_xnor2_1)
     1    0.001919    0.027065    0.050876    0.499087 v _136_/Y (sg13g2_xnor2_1)
                                                         spm_inst.genblk1[5].csa.hsum2 (net)
                      0.027065    0.000014    0.499102 v _190_/D (sg13g2_dfrbpq_1)
                                              0.499102   data arrival time

                                  0.000000    0.000000   clock clk_i (rise edge)
                                  0.000000    0.000000   clock source latency
     1    0.024077    0.038967    0.020348    0.020348 ^ clk_i (in)
                                                         clk_i (net)
                      0.039068    0.000000    0.020348 ^ clkbuf_0_clk_i/A (sg13g2_buf_16)
     8    0.155975    0.051557    0.095633    0.115981 ^ clkbuf_0_clk_i/X (sg13g2_buf_16)
                                                         clknet_0_clk_i (net)
                      0.051690    0.001839    0.117820 ^ clkbuf_3_3__f_clk_i/A (sg13g2_buf_16)
     4    0.016313    0.019642    0.074970    0.192790 ^ clkbuf_3_3__f_clk_i/X (sg13g2_buf_16)
                                                         clknet_3_3__leaf_clk_i (net)
                      0.019642    0.000183    0.192973 ^ _190_/CLK (sg13g2_dfrbpq_1)
                                  0.250000    0.442973   clock uncertainty
                                  0.000000    0.442973   clock reconvergence pessimism
                                 -0.036697    0.406275   library hold time
                                              0.406275   data required time
---------------------------------------------------------------------------------------------
                                              0.406275   data required time
                                             -0.499102   data arrival time
---------------------------------------------------------------------------------------------
                                              0.092826   slack (MET)


Startpoint: _186_ (rising edge-triggered flip-flop clocked by clk_i)
Endpoint: _188_ (rising edge-triggered flip-flop clocked by clk_i)
Path Group: clk_i
Path Type: min

Fanout         Cap        Slew       Delay        Time   Description
---------------------------------------------------------------------------------------------
                                  0.000000    0.000000   clock clk_i (rise edge)
                                  0.000000    0.000000   clock source latency
     1    0.024077    0.038967    0.020348    0.020348 ^ clk_i (in)
                                                         clk_i (net)
                      0.039068    0.000000    0.020348 ^ clkbuf_0_clk_i/A (sg13g2_buf_16)
     8    0.155975    0.051557    0.095633    0.115981 ^ clkbuf_0_clk_i/X (sg13g2_buf_16)
                                                         clknet_0_clk_i (net)
                      0.051690    0.001839    0.117820 ^ clkbuf_3_3__f_clk_i/A (sg13g2_buf_16)
     4    0.016313    0.019642    0.074970    0.192790 ^ clkbuf_3_3__f_clk_i/X (sg13g2_buf_16)
                                                         clknet_3_3__leaf_clk_i (net)
                      0.019643    0.000236    0.193026 ^ _186_/CLK (sg13g2_dfrbpq_1)
     3    0.012041    0.045290    0.181730    0.374756 v _186_/Q (sg13g2_dfrbpq_1)
                                                         spm_inst.genblk1[6].csa.y (net)
                      0.045290    0.000136    0.374892 v _129_/B (sg13g2_xor2_1)
     1    0.005949    0.035222    0.071033    0.445925 v _129_/X (sg13g2_xor2_1)
                                                         _039_ (net)
                      0.035222    0.000065    0.445990 v _130_/B (sg13g2_xnor2_1)
     1    0.002311    0.029125    0.052927    0.498917 v _130_/Y (sg13g2_xnor2_1)
                                                         spm_inst.genblk1[6].csa.hsum2 (net)
                      0.029125    0.000023    0.498940 v _188_/D (sg13g2_dfrbpq_1)
                                              0.498940   data arrival time

                                  0.000000    0.000000   clock clk_i (rise edge)
                                  0.000000    0.000000   clock source latency
     1    0.024077    0.038967    0.020348    0.020348 ^ clk_i (in)
                                                         clk_i (net)
                      0.039068    0.000000    0.020348 ^ clkbuf_0_clk_i/A (sg13g2_buf_16)
     8    0.155975    0.051557    0.095633    0.115981 ^ clkbuf_0_clk_i/X (sg13g2_buf_16)
                                                         clknet_0_clk_i (net)
                      0.051690    0.001839    0.117820 ^ clkbuf_3_3__f_clk_i/A (sg13g2_buf_16)
     4    0.016313    0.019642    0.074970    0.192790 ^ clkbuf_3_3__f_clk_i/X (sg13g2_buf_16)
                                                         clknet_3_3__leaf_clk_i (net)
                      0.019642    0.000196    0.192986 ^ _188_/CLK (sg13g2_dfrbpq_1)
                                  0.250000    0.442986   clock uncertainty
                                  0.000000    0.442986   clock reconvergence pessimism
                                 -0.037350    0.405636   library hold time
                                              0.405636   data required time
---------------------------------------------------------------------------------------------
                                              0.405636   data required time
                                             -0.498940   data arrival time
---------------------------------------------------------------------------------------------
                                              0.093304   slack (MET)


Startpoint: _198_ (rising edge-triggered flip-flop clocked by clk_i)
Endpoint: _202_ (rising edge-triggered flip-flop clocked by clk_i)
Path Group: clk_i
Path Type: min

Fanout         Cap        Slew       Delay        Time   Description
---------------------------------------------------------------------------------------------
                                  0.000000    0.000000   clock clk_i (rise edge)
                                  0.000000    0.000000   clock source latency
     1    0.024077    0.038967    0.020348    0.020348 ^ clk_i (in)
                                                         clk_i (net)
                      0.039068    0.000000    0.020348 ^ clkbuf_0_clk_i/A (sg13g2_buf_16)
     8    0.155975    0.051557    0.095633    0.115981 ^ clkbuf_0_clk_i/X (sg13g2_buf_16)
                                                         clknet_0_clk_i (net)
                      0.051670    0.001651    0.117632 ^ clkbuf_3_5__f_clk_i/A (sg13g2_buf_16)
     4    0.014812    0.019314    0.074670    0.192301 ^ clkbuf_3_5__f_clk_i/X (sg13g2_buf_16)
                                                         clknet_3_5__leaf_clk_i (net)
                      0.019315    0.000107    0.192409 ^ _198_/CLK (sg13g2_dfrbpq_1)
     3    0.013263    0.048917    0.184542    0.376951 v _198_/Q (sg13g2_dfrbpq_1)
                                                         spm_inst.csa0.y (net)
                      0.048917    0.000159    0.377110 v _168_/B (sg13g2_xor2_1)
     1    0.005299    0.033541    0.069642    0.446752 v _168_/X (sg13g2_xor2_1)
                                                         _064_ (net)
                      0.033541    0.000031    0.446783 v _169_/B (sg13g2_xnor2_1)
     1    0.002326    0.029065    0.052422    0.499204 v _169_/Y (sg13g2_xnor2_1)
                                                         spm_inst.csa0.hsum2 (net)
                      0.029065    0.000023    0.499228 v _202_/D (sg13g2_dfrbpq_1)
                                              0.499228   data arrival time

                                  0.000000    0.000000   clock clk_i (rise edge)
                                  0.000000    0.000000   clock source latency
     1    0.024077    0.038967    0.020348    0.020348 ^ clk_i (in)
                                                         clk_i (net)
                      0.039068    0.000000    0.020348 ^ clkbuf_0_clk_i/A (sg13g2_buf_16)
     8    0.155975    0.051557    0.095633    0.115981 ^ clkbuf_0_clk_i/X (sg13g2_buf_16)
                                                         clknet_0_clk_i (net)
                      0.051670    0.001651    0.117632 ^ clkbuf_3_5__f_clk_i/A (sg13g2_buf_16)
     4    0.014812    0.019314    0.074670    0.192301 ^ clkbuf_3_5__f_clk_i/X (sg13g2_buf_16)
                                                         clknet_3_5__leaf_clk_i (net)
                      0.019315    0.000158    0.192460 ^ _202_/CLK (sg13g2_dfrbpq_1)
                                  0.250000    0.442460   clock uncertainty
                                  0.000000    0.442460   clock reconvergence pessimism
                                 -0.037399    0.405061   library hold time
                                              0.405061   data required time
---------------------------------------------------------------------------------------------
                                              0.405061   data required time
                                             -0.499228   data arrival time
---------------------------------------------------------------------------------------------
                                              0.094167   slack (MET)


Startpoint: _184_ (rising edge-triggered flip-flop clocked by clk_i)
Endpoint: _186_ (rising edge-triggered flip-flop clocked by clk_i)
Path Group: clk_i
Path Type: min

Fanout         Cap        Slew       Delay        Time   Description
---------------------------------------------------------------------------------------------
                                  0.000000    0.000000   clock clk_i (rise edge)
                                  0.000000    0.000000   clock source latency
     1    0.024077    0.038967    0.020348    0.020348 ^ clk_i (in)
                                                         clk_i (net)
                      0.039068    0.000000    0.020348 ^ clkbuf_0_clk_i/A (sg13g2_buf_16)
     8    0.155975    0.051557    0.095633    0.115981 ^ clkbuf_0_clk_i/X (sg13g2_buf_16)
                                                         clknet_0_clk_i (net)
                      0.051667    0.001625    0.117607 ^ clkbuf_3_6__f_clk_i/A (sg13g2_buf_16)
     4    0.014941    0.019326    0.074698    0.192305 ^ clkbuf_3_6__f_clk_i/X (sg13g2_buf_16)
                                                         clknet_3_6__leaf_clk_i (net)
                      0.019326    0.000080    0.192384 ^ _184_/CLK (sg13g2_dfrbpq_1)
     3    0.013134    0.048547    0.184201    0.376585 v _184_/Q (sg13g2_dfrbpq_1)
                                                         spm_inst.genblk1[7].csa.y (net)
                      0.048547    0.000237    0.376822 v _123_/B (sg13g2_xor2_1)
     1    0.006072    0.035546    0.072924    0.449746 v _123_/X (sg13g2_xor2_1)
                                                         _035_ (net)
                      0.035546    0.000074    0.449820 v _124_/B (sg13g2_xnor2_1)
     1    0.001811    0.026635    0.050862    0.500681 v _124_/Y (sg13g2_xnor2_1)
                                                         spm_inst.genblk1[7].csa.hsum2 (net)
                      0.026635    0.000012    0.500694 v _186_/D (sg13g2_dfrbpq_1)
                                              0.500694   data arrival time

                                  0.000000    0.000000   clock clk_i (rise edge)
                                  0.000000    0.000000   clock source latency
     1    0.024077    0.038967    0.020348    0.020348 ^ clk_i (in)
                                                         clk_i (net)
                      0.039068    0.000000    0.020348 ^ clkbuf_0_clk_i/A (sg13g2_buf_16)
     8    0.155975    0.051557    0.095633    0.115981 ^ clkbuf_0_clk_i/X (sg13g2_buf_16)
                                                         clknet_0_clk_i (net)
                      0.051690    0.001839    0.117820 ^ clkbuf_3_3__f_clk_i/A (sg13g2_buf_16)
     4    0.016313    0.019642    0.074970    0.192790 ^ clkbuf_3_3__f_clk_i/X (sg13g2_buf_16)
                                                         clknet_3_3__leaf_clk_i (net)
                      0.019643    0.000236    0.193026 ^ _186_/CLK (sg13g2_dfrbpq_1)
                                  0.250000    0.443026   clock uncertainty
                                  0.000000    0.443026   clock reconvergence pessimism
                                 -0.036561    0.406465   library hold time
                                              0.406465   data required time
---------------------------------------------------------------------------------------------
                                              0.406465   data required time
                                             -0.500694   data arrival time
---------------------------------------------------------------------------------------------
                                              0.094228   slack (MET)


Startpoint: _196_ (rising edge-triggered flip-flop clocked by clk_i)
Endpoint: _198_ (rising edge-triggered flip-flop clocked by clk_i)
Path Group: clk_i
Path Type: min

Fanout         Cap        Slew       Delay        Time   Description
---------------------------------------------------------------------------------------------
                                  0.000000    0.000000   clock clk_i (rise edge)
                                  0.000000    0.000000   clock source latency
     1    0.024077    0.038967    0.020348    0.020348 ^ clk_i (in)
                                                         clk_i (net)
                      0.039068    0.000000    0.020348 ^ clkbuf_0_clk_i/A (sg13g2_buf_16)
     8    0.155975    0.051557    0.095633    0.115981 ^ clkbuf_0_clk_i/X (sg13g2_buf_16)
                                                         clknet_0_clk_i (net)
                      0.051723    0.002107    0.118088 ^ clkbuf_3_7__f_clk_i/A (sg13g2_buf_16)
     4    0.014887    0.019315    0.074711    0.192799 ^ clkbuf_3_7__f_clk_i/X (sg13g2_buf_16)
                                                         clknet_3_7__leaf_clk_i (net)
                      0.019315    0.000167    0.192966 ^ _196_/CLK (sg13g2_dfrbpq_1)
     3    0.013729    0.050309    0.185656    0.378622 v _196_/Q (sg13g2_dfrbpq_1)
                                                         spm_inst.genblk1[1].csa.y (net)
                      0.050309    0.000161    0.378783 v _159_/B (sg13g2_xor2_1)
     1    0.005299    0.033563    0.070209    0.448993 v _159_/X (sg13g2_xor2_1)
                                                         _059_ (net)
                      0.033563    0.000031    0.449023 v _160_/B (sg13g2_xnor2_1)
     1    0.002884    0.031879    0.054854    0.503877 v _160_/Y (sg13g2_xnor2_1)
                                                         spm_inst.genblk1[1].csa.hsum2 (net)
                      0.031879    0.000037    0.503914 v _198_/D (sg13g2_dfrbpq_1)
                                              0.503914   data arrival time

                                  0.000000    0.000000   clock clk_i (rise edge)
                                  0.000000    0.000000   clock source latency
     1    0.024077    0.038967    0.020348    0.020348 ^ clk_i (in)
                                                         clk_i (net)
                      0.039068    0.000000    0.020348 ^ clkbuf_0_clk_i/A (sg13g2_buf_16)
     8    0.155975    0.051557    0.095633    0.115981 ^ clkbuf_0_clk_i/X (sg13g2_buf_16)
                                                         clknet_0_clk_i (net)
                      0.051670    0.001651    0.117632 ^ clkbuf_3_5__f_clk_i/A (sg13g2_buf_16)
     4    0.014812    0.019314    0.074670    0.192301 ^ clkbuf_3_5__f_clk_i/X (sg13g2_buf_16)
                                                         clknet_3_5__leaf_clk_i (net)
                      0.019315    0.000107    0.192409 ^ _198_/CLK (sg13g2_dfrbpq_1)
                                  0.250000    0.442409   clock uncertainty
                                  0.000000    0.442409   clock reconvergence pessimism
                                 -0.038291    0.404118   library hold time
                                              0.404118   data required time
---------------------------------------------------------------------------------------------
                                              0.404118   data required time
                                             -0.503914   data arrival time
---------------------------------------------------------------------------------------------
                                              0.099796   slack (MET)


Startpoint: _178_ (rising edge-triggered flip-flop clocked by clk_i)
Endpoint: _180_ (rising edge-triggered flip-flop clocked by clk_i)
Path Group: clk_i
Path Type: min

Fanout         Cap        Slew       Delay        Time   Description
---------------------------------------------------------------------------------------------
                                  0.000000    0.000000   clock clk_i (rise edge)
                                  0.000000    0.000000   clock source latency
     1    0.024077    0.038967    0.020348    0.020348 ^ clk_i (in)
                                                         clk_i (net)
                      0.039068    0.000000    0.020348 ^ clkbuf_0_clk_i/A (sg13g2_buf_16)
     8    0.155975    0.051557    0.095633    0.115981 ^ clkbuf_0_clk_i/X (sg13g2_buf_16)
                                                         clknet_0_clk_i (net)
                      0.051635    0.001259    0.117240 ^ clkbuf_3_1__f_clk_i/A (sg13g2_buf_16)
     4    0.016133    0.019597    0.074907    0.192147 ^ clkbuf_3_1__f_clk_i/X (sg13g2_buf_16)
                                                         clknet_3_1__leaf_clk_i (net)
                      0.019598    0.000227    0.192374 ^ _178_/CLK (sg13g2_dfrbpq_1)
     3    0.012403    0.046351    0.182616    0.374990 v _178_/Q (sg13g2_dfrbpq_1)
                                                         spm_inst.genblk1[10].csa.y (net)
                      0.046351    0.000103    0.375093 v _105_/B (sg13g2_xor2_1)
     1    0.005968    0.035293    0.071555    0.446647 v _105_/X (sg13g2_xor2_1)
                                                         _023_ (net)
                      0.035293    0.000069    0.446716 v _106_/B (sg13g2_xnor2_1)
     1    0.003258    0.033892    0.057068    0.503784 v _106_/Y (sg13g2_xnor2_1)
                                                         spm_inst.genblk1[10].csa.hsum2 (net)
                      0.033892    0.000050    0.503834 v _180_/D (sg13g2_dfrbpq_1)
                                              0.503834   data arrival time

                                  0.000000    0.000000   clock clk_i (rise edge)
                                  0.000000    0.000000   clock source latency
     1    0.024077    0.038967    0.020348    0.020348 ^ clk_i (in)
                                                         clk_i (net)
                      0.039068    0.000000    0.020348 ^ clkbuf_0_clk_i/A (sg13g2_buf_16)
     8    0.155975    0.051557    0.095633    0.115981 ^ clkbuf_0_clk_i/X (sg13g2_buf_16)
                                                         clknet_0_clk_i (net)
                      0.051633    0.001232    0.117213 ^ clkbuf_3_4__f_clk_i/A (sg13g2_buf_16)
     4    0.014672    0.019278    0.074626    0.191839 ^ clkbuf_3_4__f_clk_i/X (sg13g2_buf_16)
                                                         clknet_3_4__leaf_clk_i (net)
                      0.019279    0.000122    0.191961 ^ _180_/CLK (sg13g2_dfrbpq_1)
                                  0.250000    0.441961   clock uncertainty
                                  0.000000    0.441961   clock reconvergence pessimism
                                 -0.038936    0.403025   library hold time
                                              0.403025   data required time
---------------------------------------------------------------------------------------------
                                              0.403025   data required time
                                             -0.503834   data arrival time
---------------------------------------------------------------------------------------------
                                              0.100809   slack (MET)


Startpoint: rst_ni (input port clocked by clk_i)
Endpoint: _190_ (removal check against rising-edge clock clk_i)
Path Group: asynchronous
Path Type: min

Fanout         Cap        Slew       Delay        Time   Description
---------------------------------------------------------------------------------------------
                                  0.000000    0.000000   clock clk_i (rise edge)
                                  0.000000    0.000000   clock network delay (propagated)
                                  2.000000    2.000000 ^ input external delay
     1    0.003773    0.020945    0.003110    2.003110 ^ rst_ni (in)
                                                         rst_ni (net)
                      0.020945    0.000000    2.003110 ^ input1/A (sg13g2_buf_1)
     1    0.003069    0.022554    0.056755    2.059866 ^ input1/X (sg13g2_buf_1)
                                                         net1 (net)
                      0.022554    0.000029    2.059895 ^ fanout26/A (sg13g2_buf_1)
     4    0.019203    0.085576    0.104485    2.164380 ^ fanout26/X (sg13g2_buf_1)
                                                         net26 (net)
                      0.085577    0.000383    2.164763 ^ _190_/RESET_B (sg13g2_dfrbpq_1)
                                              2.164763   data arrival time

                                  0.000000    0.000000   clock clk_i (rise edge)
                                  0.000000    0.000000   clock source latency
     1    0.024077    0.038967    0.020348    0.020348 ^ clk_i (in)
                                                         clk_i (net)
                      0.039068    0.000000    0.020348 ^ clkbuf_0_clk_i/A (sg13g2_buf_16)
     8    0.155975    0.051557    0.095633    0.115981 ^ clkbuf_0_clk_i/X (sg13g2_buf_16)
                                                         clknet_0_clk_i (net)
                      0.051690    0.001839    0.117820 ^ clkbuf_3_3__f_clk_i/A (sg13g2_buf_16)
     4    0.016313    0.019642    0.074970    0.192790 ^ clkbuf_3_3__f_clk_i/X (sg13g2_buf_16)
                                                         clknet_3_3__leaf_clk_i (net)
                      0.019642    0.000183    0.192973 ^ _190_/CLK (sg13g2_dfrbpq_1)
                                  0.250000    0.442973   clock uncertainty
                                  0.000000    0.442973   clock reconvergence pessimism
                                 -0.120180    0.322793   library removal time
                                              0.322793   data required time
---------------------------------------------------------------------------------------------
                                              0.322793   data required time
                                             -2.164763   data arrival time
---------------------------------------------------------------------------------------------
                                              1.841971   slack (MET)


Startpoint: rst_ni (input port clocked by clk_i)
Endpoint: _173_ (removal check against rising-edge clock clk_i)
Path Group: asynchronous
Path Type: min

Fanout         Cap        Slew       Delay        Time   Description
---------------------------------------------------------------------------------------------
                                  0.000000    0.000000   clock clk_i (rise edge)
                                  0.000000    0.000000   clock network delay (propagated)
                                  2.000000    2.000000 ^ input external delay
     1    0.003773    0.020945    0.003110    2.003110 ^ rst_ni (in)
                                                         rst_ni (net)
                      0.020945    0.000000    2.003110 ^ input1/A (sg13g2_buf_1)
     1    0.003069    0.022554    0.056755    2.059866 ^ input1/X (sg13g2_buf_1)
                                                         net1 (net)
                      0.022554    0.000029    2.059895 ^ fanout26/A (sg13g2_buf_1)
     4    0.019203    0.085576    0.104485    2.164380 ^ fanout26/X (sg13g2_buf_1)
                                                         net26 (net)
                      0.085576    0.000127    2.164508 ^ fanout23/A (sg13g2_buf_1)
     8    0.048229    0.201221    0.212393    2.376900 ^ fanout23/X (sg13g2_buf_1)
                                                         net23 (net)
                      0.201245    0.001815    2.378716 ^ _173_/RESET_B (sg13g2_dfrbpq_1)
                                              2.378716   data arrival time

                                  0.000000    0.000000   clock clk_i (rise edge)
                                  0.000000    0.000000   clock source latency
     1    0.024077    0.038967    0.020348    0.020348 ^ clk_i (in)
                                                         clk_i (net)
                      0.039068    0.000000    0.020348 ^ clkbuf_0_clk_i/A (sg13g2_buf_16)
     8    0.155975    0.051557    0.095633    0.115981 ^ clkbuf_0_clk_i/X (sg13g2_buf_16)
                                                         clknet_0_clk_i (net)
                      0.051686    0.001798    0.117779 ^ clkbuf_3_0__f_clk_i/A (sg13g2_buf_16)
     4    0.014672    0.019279    0.074654    0.192433 ^ clkbuf_3_0__f_clk_i/X (sg13g2_buf_16)
                                                         clknet_3_0__leaf_clk_i (net)
                      0.019279    0.000076    0.192509 ^ _173_/CLK (sg13g2_dfrbpq_1)
                                  0.250000    0.442509   clock uncertainty
                                  0.000000    0.442509   clock reconvergence pessimism
                                 -0.154867    0.287642   library removal time
                                              0.287642   data required time
---------------------------------------------------------------------------------------------
                                              0.287642   data required time
                                             -2.378716   data arrival time
---------------------------------------------------------------------------------------------
                                              2.091074   slack (MET)


Startpoint: rst_ni (input port clocked by clk_i)
Endpoint: _185_ (removal check against rising-edge clock clk_i)
Path Group: asynchronous
Path Type: min

Fanout         Cap        Slew       Delay        Time   Description
---------------------------------------------------------------------------------------------
                                  0.000000    0.000000   clock clk_i (rise edge)
                                  0.000000    0.000000   clock network delay (propagated)
                                  2.000000    2.000000 ^ input external delay
     1    0.003773    0.020945    0.003110    2.003110 ^ rst_ni (in)
                                                         rst_ni (net)
                      0.020945    0.000000    2.003110 ^ input1/A (sg13g2_buf_1)
     1    0.003069    0.022554    0.056755    2.059866 ^ input1/X (sg13g2_buf_1)
                                                         net1 (net)
                      0.022554    0.000029    2.059895 ^ fanout26/A (sg13g2_buf_1)
     4    0.019203    0.085576    0.104485    2.164380 ^ fanout26/X (sg13g2_buf_1)
                                                         net26 (net)
                      0.085576    0.000127    2.164508 ^ fanout23/A (sg13g2_buf_1)
     8    0.048229    0.201221    0.212393    2.376900 ^ fanout23/X (sg13g2_buf_1)
                                                         net23 (net)
                      0.201243    0.001759    2.378659 ^ _185_/RESET_B (sg13g2_dfrbpq_1)
                                              2.378659   data arrival time

                                  0.000000    0.000000   clock clk_i (rise edge)
                                  0.000000    0.000000   clock source latency
     1    0.024077    0.038967    0.020348    0.020348 ^ clk_i (in)
                                                         clk_i (net)
                      0.039068    0.000000    0.020348 ^ clkbuf_0_clk_i/A (sg13g2_buf_16)
     8    0.155975    0.051557    0.095633    0.115981 ^ clkbuf_0_clk_i/X (sg13g2_buf_16)
                                                         clknet_0_clk_i (net)
                      0.051635    0.001259    0.117240 ^ clkbuf_3_1__f_clk_i/A (sg13g2_buf_16)
     4    0.016133    0.019597    0.074907    0.192147 ^ clkbuf_3_1__f_clk_i/X (sg13g2_buf_16)
                                                         clknet_3_1__leaf_clk_i (net)
                      0.019598    0.000232    0.192379 ^ _185_/CLK (sg13g2_dfrbpq_1)
                                  0.250000    0.442379   clock uncertainty
                                  0.000000    0.442379   clock reconvergence pessimism
                                 -0.154824    0.287554   library removal time
                                              0.287554   data required time
---------------------------------------------------------------------------------------------
                                              0.287554   data required time
                                             -2.378659   data arrival time
---------------------------------------------------------------------------------------------
                                              2.091105   slack (MET)


Startpoint: rst_ni (input port clocked by clk_i)
Endpoint: _174_ (removal check against rising-edge clock clk_i)
Path Group: asynchronous
Path Type: min

Fanout         Cap        Slew       Delay        Time   Description
---------------------------------------------------------------------------------------------
                                  0.000000    0.000000   clock clk_i (rise edge)
                                  0.000000    0.000000   clock network delay (propagated)
                                  2.000000    2.000000 ^ input external delay
     1    0.003773    0.020945    0.003110    2.003110 ^ rst_ni (in)
                                                         rst_ni (net)
                      0.020945    0.000000    2.003110 ^ input1/A (sg13g2_buf_1)
     1    0.003069    0.022554    0.056755    2.059866 ^ input1/X (sg13g2_buf_1)
                                                         net1 (net)
                      0.022554    0.000029    2.059895 ^ fanout26/A (sg13g2_buf_1)
     4    0.019203    0.085576    0.104485    2.164380 ^ fanout26/X (sg13g2_buf_1)
                                                         net26 (net)
                      0.085576    0.000127    2.164508 ^ fanout23/A (sg13g2_buf_1)
     8    0.048229    0.201221    0.212393    2.376900 ^ fanout23/X (sg13g2_buf_1)
                                                         net23 (net)
                      0.201252    0.002071    2.378971 ^ _174_/RESET_B (sg13g2_dfrbpq_1)
                                              2.378971   data arrival time

                                  0.000000    0.000000   clock clk_i (rise edge)
                                  0.000000    0.000000   clock source latency
     1    0.024077    0.038967    0.020348    0.020348 ^ clk_i (in)
                                                         clk_i (net)
                      0.039068    0.000000    0.020348 ^ clkbuf_0_clk_i/A (sg13g2_buf_16)
     8    0.155975    0.051557    0.095633    0.115981 ^ clkbuf_0_clk_i/X (sg13g2_buf_16)
                                                         clknet_0_clk_i (net)
                      0.051686    0.001798    0.117779 ^ clkbuf_3_0__f_clk_i/A (sg13g2_buf_16)
     4    0.014672    0.019279    0.074654    0.192433 ^ clkbuf_3_0__f_clk_i/X (sg13g2_buf_16)
                                                         clknet_3_0__leaf_clk_i (net)
                      0.019279    0.000067    0.192500 ^ _174_/CLK (sg13g2_dfrbpq_1)
                                  0.250000    0.442500   clock uncertainty
                                  0.000000    0.442500   clock reconvergence pessimism
                                 -0.154869    0.287631   library removal time
                                              0.287631   data required time
---------------------------------------------------------------------------------------------
                                              0.287631   data required time
                                             -2.378971   data arrival time
---------------------------------------------------------------------------------------------
                                              2.091341   slack (MET)


Startpoint: rst_ni (input port clocked by clk_i)
Endpoint: _175_ (removal check against rising-edge clock clk_i)
Path Group: asynchronous
Path Type: min

Fanout         Cap        Slew       Delay        Time   Description
---------------------------------------------------------------------------------------------
                                  0.000000    0.000000   clock clk_i (rise edge)
                                  0.000000    0.000000   clock network delay (propagated)
                                  2.000000    2.000000 ^ input external delay
     1    0.003773    0.020945    0.003110    2.003110 ^ rst_ni (in)
                                                         rst_ni (net)
                      0.020945    0.000000    2.003110 ^ input1/A (sg13g2_buf_1)
     1    0.003069    0.022554    0.056755    2.059866 ^ input1/X (sg13g2_buf_1)
                                                         net1 (net)
                      0.022554    0.000029    2.059895 ^ fanout26/A (sg13g2_buf_1)
     4    0.019203    0.085576    0.104485    2.164380 ^ fanout26/X (sg13g2_buf_1)
                                                         net26 (net)
                      0.085576    0.000127    2.164508 ^ fanout23/A (sg13g2_buf_1)
     8    0.048229    0.201221    0.212393    2.376900 ^ fanout23/X (sg13g2_buf_1)
                                                         net23 (net)
                      0.201256    0.002198    2.379099 ^ _175_/RESET_B (sg13g2_dfrbpq_1)
                                              2.379099   data arrival time

                                  0.000000    0.000000   clock clk_i (rise edge)
                                  0.000000    0.000000   clock source latency
     1    0.024077    0.038967    0.020348    0.020348 ^ clk_i (in)
                                                         clk_i (net)
                      0.039068    0.000000    0.020348 ^ clkbuf_0_clk_i/A (sg13g2_buf_16)
     8    0.155975    0.051557    0.095633    0.115981 ^ clkbuf_0_clk_i/X (sg13g2_buf_16)
                                                         clknet_0_clk_i (net)
                      0.051686    0.001798    0.117779 ^ clkbuf_3_0__f_clk_i/A (sg13g2_buf_16)
     4    0.014672    0.019279    0.074654    0.192433 ^ clkbuf_3_0__f_clk_i/X (sg13g2_buf_16)
                                                         clknet_3_0__leaf_clk_i (net)
                      0.019279    0.000098    0.192531 ^ _175_/CLK (sg13g2_dfrbpq_1)
                                  0.250000    0.442531   clock uncertainty
                                  0.000000    0.442531   clock reconvergence pessimism
                                 -0.154870    0.287661   library removal time
                                              0.287661   data required time
---------------------------------------------------------------------------------------------
                                              0.287661   data required time
                                             -2.379099   data arrival time
---------------------------------------------------------------------------------------------
                                              2.091438   slack (MET)


Startpoint: rst_ni (input port clocked by clk_i)
Endpoint: _176_ (removal check against rising-edge clock clk_i)
Path Group: asynchronous
Path Type: min

Fanout         Cap        Slew       Delay        Time   Description
---------------------------------------------------------------------------------------------
                                  0.000000    0.000000   clock clk_i (rise edge)
                                  0.000000    0.000000   clock network delay (propagated)
                                  2.000000    2.000000 ^ input external delay
     1    0.003773    0.020945    0.003110    2.003110 ^ rst_ni (in)
                                                         rst_ni (net)
                      0.020945    0.000000    2.003110 ^ input1/A (sg13g2_buf_1)
     1    0.003069    0.022554    0.056755    2.059866 ^ input1/X (sg13g2_buf_1)
                                                         net1 (net)
                      0.022554    0.000029    2.059895 ^ fanout26/A (sg13g2_buf_1)
     4    0.019203    0.085576    0.104485    2.164380 ^ fanout26/X (sg13g2_buf_1)
                                                         net26 (net)
                      0.085576    0.000127    2.164508 ^ fanout23/A (sg13g2_buf_1)
     8    0.048229    0.201221    0.212393    2.376900 ^ fanout23/X (sg13g2_buf_1)
                                                         net23 (net)
                      0.201260    0.002327    2.379227 ^ _176_/RESET_B (sg13g2_dfrbpq_1)
                                              2.379227   data arrival time

                                  0.000000    0.000000   clock clk_i (rise edge)
                                  0.000000    0.000000   clock source latency
     1    0.024077    0.038967    0.020348    0.020348 ^ clk_i (in)
                                                         clk_i (net)
                      0.039068    0.000000    0.020348 ^ clkbuf_0_clk_i/A (sg13g2_buf_16)
     8    0.155975    0.051557    0.095633    0.115981 ^ clkbuf_0_clk_i/X (sg13g2_buf_16)
                                                         clknet_0_clk_i (net)
                      0.051635    0.001259    0.117240 ^ clkbuf_3_1__f_clk_i/A (sg13g2_buf_16)
     4    0.016133    0.019597    0.074907    0.192147 ^ clkbuf_3_1__f_clk_i/X (sg13g2_buf_16)
                                                         clknet_3_1__leaf_clk_i (net)
                      0.019598    0.000185    0.192332 ^ _176_/CLK (sg13g2_dfrbpq_1)
                                  0.250000    0.442332   clock uncertainty
                                  0.000000    0.442332   clock reconvergence pessimism
                                 -0.154830    0.287503   library removal time
                                              0.287503   data required time
---------------------------------------------------------------------------------------------
                                              0.287503   data required time
                                             -2.379227   data arrival time
---------------------------------------------------------------------------------------------
                                              2.091725   slack (MET)


Startpoint: rst_ni (input port clocked by clk_i)
Endpoint: _177_ (removal check against rising-edge clock clk_i)
Path Group: asynchronous
Path Type: min

Fanout         Cap        Slew       Delay        Time   Description
---------------------------------------------------------------------------------------------
                                  0.000000    0.000000   clock clk_i (rise edge)
                                  0.000000    0.000000   clock network delay (propagated)
                                  2.000000    2.000000 ^ input external delay
     1    0.003773    0.020945    0.003110    2.003110 ^ rst_ni (in)
                                                         rst_ni (net)
                      0.020945    0.000000    2.003110 ^ input1/A (sg13g2_buf_1)
     1    0.003069    0.022554    0.056755    2.059866 ^ input1/X (sg13g2_buf_1)
                                                         net1 (net)
                      0.022554    0.000029    2.059895 ^ fanout26/A (sg13g2_buf_1)
     4    0.019203    0.085576    0.104485    2.164380 ^ fanout26/X (sg13g2_buf_1)
                                                         net26 (net)
                      0.085576    0.000127    2.164508 ^ fanout23/A (sg13g2_buf_1)
     8    0.048229    0.201221    0.212393    2.376900 ^ fanout23/X (sg13g2_buf_1)
                                                         net23 (net)
                      0.201263    0.002396    2.379297 ^ _177_/RESET_B (sg13g2_dfrbpq_1)
                                              2.379297   data arrival time

                                  0.000000    0.000000   clock clk_i (rise edge)
                                  0.000000    0.000000   clock source latency
     1    0.024077    0.038967    0.020348    0.020348 ^ clk_i (in)
                                                         clk_i (net)
                      0.039068    0.000000    0.020348 ^ clkbuf_0_clk_i/A (sg13g2_buf_16)
     8    0.155975    0.051557    0.095633    0.115981 ^ clkbuf_0_clk_i/X (sg13g2_buf_16)
                                                         clknet_0_clk_i (net)
                      0.051635    0.001259    0.117240 ^ clkbuf_3_1__f_clk_i/A (sg13g2_buf_16)
     4    0.016133    0.019597    0.074907    0.192147 ^ clkbuf_3_1__f_clk_i/X (sg13g2_buf_16)
                                                         clknet_3_1__leaf_clk_i (net)
                      0.019598    0.000202    0.192349 ^ _177_/CLK (sg13g2_dfrbpq_1)
                                  0.250000    0.442349   clock uncertainty
                                  0.000000    0.442349   clock reconvergence pessimism
                                 -0.154830    0.287519   library removal time
                                              0.287519   data required time
---------------------------------------------------------------------------------------------
                                              0.287519   data required time
                                             -2.379297   data arrival time
---------------------------------------------------------------------------------------------
                                              2.091778   slack (MET)


Startpoint: rst_ni (input port clocked by clk_i)
Endpoint: _178_ (removal check against rising-edge clock clk_i)
Path Group: asynchronous
Path Type: min

Fanout         Cap        Slew       Delay        Time   Description
---------------------------------------------------------------------------------------------
                                  0.000000    0.000000   clock clk_i (rise edge)
                                  0.000000    0.000000   clock network delay (propagated)
                                  2.000000    2.000000 ^ input external delay
     1    0.003773    0.020945    0.003110    2.003110 ^ rst_ni (in)
                                                         rst_ni (net)
                      0.020945    0.000000    2.003110 ^ input1/A (sg13g2_buf_1)
     1    0.003069    0.022554    0.056755    2.059866 ^ input1/X (sg13g2_buf_1)
                                                         net1 (net)
                      0.022554    0.000029    2.059895 ^ fanout26/A (sg13g2_buf_1)
     4    0.019203    0.085576    0.104485    2.164380 ^ fanout26/X (sg13g2_buf_1)
                                                         net26 (net)
                      0.085576    0.000127    2.164508 ^ fanout23/A (sg13g2_buf_1)
     8    0.048229    0.201221    0.212393    2.376900 ^ fanout23/X (sg13g2_buf_1)
                                                         net23 (net)
                      0.201264    0.002436    2.379336 ^ _178_/RESET_B (sg13g2_dfrbpq_1)
                                              2.379336   data arrival time

                                  0.000000    0.000000   clock clk_i (rise edge)
                                  0.000000    0.000000   clock source latency
     1    0.024077    0.038967    0.020348    0.020348 ^ clk_i (in)
                                                         clk_i (net)
                      0.039068    0.000000    0.020348 ^ clkbuf_0_clk_i/A (sg13g2_buf_16)
     8    0.155975    0.051557    0.095633    0.115981 ^ clkbuf_0_clk_i/X (sg13g2_buf_16)
                                                         clknet_0_clk_i (net)
                      0.051635    0.001259    0.117240 ^ clkbuf_3_1__f_clk_i/A (sg13g2_buf_16)
     4    0.016133    0.019597    0.074907    0.192147 ^ clkbuf_3_1__f_clk_i/X (sg13g2_buf_16)
                                                         clknet_3_1__leaf_clk_i (net)
                      0.019598    0.000227    0.192374 ^ _178_/CLK (sg13g2_dfrbpq_1)
                                  0.250000    0.442374   clock uncertainty
                                  0.000000    0.442374   clock reconvergence pessimism
                                 -0.154831    0.287543   library removal time
                                              0.287543   data required time
---------------------------------------------------------------------------------------------
                                              0.287543   data required time
                                             -2.379336   data arrival time
---------------------------------------------------------------------------------------------
                                              2.091793   slack (MET)


Startpoint: rst_ni (input port clocked by clk_i)
Endpoint: _182_ (removal check against rising-edge clock clk_i)
Path Group: asynchronous
Path Type: min

Fanout         Cap        Slew       Delay        Time   Description
---------------------------------------------------------------------------------------------
                                  0.000000    0.000000   clock clk_i (rise edge)
                                  0.000000    0.000000   clock network delay (propagated)
                                  2.000000    2.000000 ^ input external delay
     1    0.003773    0.020945    0.003110    2.003110 ^ rst_ni (in)
                                                         rst_ni (net)
                      0.020945    0.000000    2.003110 ^ input1/A (sg13g2_buf_1)
     1    0.003069    0.022554    0.056755    2.059866 ^ input1/X (sg13g2_buf_1)
                                                         net1 (net)
                      0.022554    0.000029    2.059895 ^ fanout26/A (sg13g2_buf_1)
     4    0.019203    0.085576    0.104485    2.164380 ^ fanout26/X (sg13g2_buf_1)
                                                         net26 (net)
                      0.085607    0.000513    2.164894 ^ fanout24/A (sg13g2_buf_1)
     8    0.048402    0.201889    0.213562    2.378455 ^ fanout24/X (sg13g2_buf_1)
                                                         net24 (net)
                      0.201891    0.000499    2.378955 ^ _182_/RESET_B (sg13g2_dfrbpq_1)
                                              2.378955   data arrival time

                                  0.000000    0.000000   clock clk_i (rise edge)
                                  0.000000    0.000000   clock source latency
     1    0.024077    0.038967    0.020348    0.020348 ^ clk_i (in)
                                                         clk_i (net)
                      0.039068    0.000000    0.020348 ^ clkbuf_0_clk_i/A (sg13g2_buf_16)
     8    0.155975    0.051557    0.095633    0.115981 ^ clkbuf_0_clk_i/X (sg13g2_buf_16)
                                                         clknet_0_clk_i (net)
                      0.051633    0.001232    0.117213 ^ clkbuf_3_4__f_clk_i/A (sg13g2_buf_16)
     4    0.014672    0.019278    0.074626    0.191839 ^ clkbuf_3_4__f_clk_i/X (sg13g2_buf_16)
                                                         clknet_3_4__leaf_clk_i (net)
                      0.019278    0.000052    0.191891 ^ _182_/CLK (sg13g2_dfrbpq_1)
                                  0.250000    0.441891   clock uncertainty
                                  0.000000    0.441891   clock reconvergence pessimism
                                 -0.155060    0.286831   library removal time
                                              0.286831   data required time
---------------------------------------------------------------------------------------------
                                              0.286831   data required time
                                             -2.378955   data arrival time
---------------------------------------------------------------------------------------------
                                              2.092124   slack (MET)


Startpoint: rst_ni (input port clocked by clk_i)
Endpoint: _198_ (removal check against rising-edge clock clk_i)
Path Group: asynchronous
Path Type: min

Fanout         Cap        Slew       Delay        Time   Description
---------------------------------------------------------------------------------------------
                                  0.000000    0.000000   clock clk_i (rise edge)
                                  0.000000    0.000000   clock network delay (propagated)
                                  2.000000    2.000000 ^ input external delay
     1    0.003773    0.020945    0.003110    2.003110 ^ rst_ni (in)
                                                         rst_ni (net)
                      0.020945    0.000000    2.003110 ^ input1/A (sg13g2_buf_1)
     1    0.003069    0.022554    0.056755    2.059866 ^ input1/X (sg13g2_buf_1)
                                                         net1 (net)
                      0.022554    0.000029    2.059895 ^ fanout26/A (sg13g2_buf_1)
     4    0.019203    0.085576    0.104485    2.164380 ^ fanout26/X (sg13g2_buf_1)
                                                         net26 (net)
                      0.085607    0.000513    2.164894 ^ fanout24/A (sg13g2_buf_1)
     8    0.048402    0.201889    0.213562    2.378455 ^ fanout24/X (sg13g2_buf_1)
                                                         net24 (net)
                      0.201898    0.001112    2.379567 ^ _198_/RESET_B (sg13g2_dfrbpq_1)
                                              2.379567   data arrival time

                                  0.000000    0.000000   clock clk_i (rise edge)
                                  0.000000    0.000000   clock source latency
     1    0.024077    0.038967    0.020348    0.020348 ^ clk_i (in)
                                                         clk_i (net)
                      0.039068    0.000000    0.020348 ^ clkbuf_0_clk_i/A (sg13g2_buf_16)
     8    0.155975    0.051557    0.095633    0.115981 ^ clkbuf_0_clk_i/X (sg13g2_buf_16)
                                                         clknet_0_clk_i (net)
                      0.051670    0.001651    0.117632 ^ clkbuf_3_5__f_clk_i/A (sg13g2_buf_16)
     4    0.014812    0.019314    0.074670    0.192301 ^ clkbuf_3_5__f_clk_i/X (sg13g2_buf_16)
                                                         clknet_3_5__leaf_clk_i (net)
                      0.019315    0.000107    0.192409 ^ _198_/CLK (sg13g2_dfrbpq_1)
                                  0.250000    0.442409   clock uncertainty
                                  0.000000    0.442409   clock reconvergence pessimism
                                 -0.155058    0.287351   library removal time
                                              0.287351   data required time
---------------------------------------------------------------------------------------------
                                              0.287351   data required time
                                             -2.379567   data arrival time
---------------------------------------------------------------------------------------------
                                              2.092216   slack (MET)


Startpoint: rst_ni (input port clocked by clk_i)
Endpoint: _197_ (removal check against rising-edge clock clk_i)
Path Group: asynchronous
Path Type: min

Fanout         Cap        Slew       Delay        Time   Description
---------------------------------------------------------------------------------------------
                                  0.000000    0.000000   clock clk_i (rise edge)
                                  0.000000    0.000000   clock network delay (propagated)
                                  2.000000    2.000000 ^ input external delay
     1    0.003773    0.020945    0.003110    2.003110 ^ rst_ni (in)
                                                         rst_ni (net)
                      0.020945    0.000000    2.003110 ^ input1/A (sg13g2_buf_1)
     1    0.003069    0.022554    0.056755    2.059866 ^ input1/X (sg13g2_buf_1)
                                                         net1 (net)
                      0.022554    0.000029    2.059895 ^ fanout26/A (sg13g2_buf_1)
     4    0.019203    0.085576    0.104485    2.164380 ^ fanout26/X (sg13g2_buf_1)
                                                         net26 (net)
                      0.085607    0.000513    2.164894 ^ fanout24/A (sg13g2_buf_1)
     8    0.048402    0.201889    0.213562    2.378455 ^ fanout24/X (sg13g2_buf_1)
                                                         net24 (net)
                      0.201898    0.001140    2.379596 ^ _197_/RESET_B (sg13g2_dfrbpq_1)
                                              2.379596   data arrival time

                                  0.000000    0.000000   clock clk_i (rise edge)
                                  0.000000    0.000000   clock source latency
     1    0.024077    0.038967    0.020348    0.020348 ^ clk_i (in)
                                                         clk_i (net)
                      0.039068    0.000000    0.020348 ^ clkbuf_0_clk_i/A (sg13g2_buf_16)
     8    0.155975    0.051557    0.095633    0.115981 ^ clkbuf_0_clk_i/X (sg13g2_buf_16)
                                                         clknet_0_clk_i (net)
                      0.051670    0.001651    0.117632 ^ clkbuf_3_5__f_clk_i/A (sg13g2_buf_16)
     4    0.014812    0.019314    0.074670    0.192301 ^ clkbuf_3_5__f_clk_i/X (sg13g2_buf_16)
                                                         clknet_3_5__leaf_clk_i (net)
                      0.019315    0.000125    0.192427 ^ _197_/CLK (sg13g2_dfrbpq_1)
                                  0.250000    0.442427   clock uncertainty
                                  0.000000    0.442427   clock reconvergence pessimism
                                 -0.155058    0.287369   library removal time
                                              0.287369   data required time
---------------------------------------------------------------------------------------------
                                              0.287369   data required time
                                             -2.379596   data arrival time
---------------------------------------------------------------------------------------------
                                              2.092227   slack (MET)


Startpoint: rst_ni (input port clocked by clk_i)
Endpoint: _201_ (removal check against rising-edge clock clk_i)
Path Group: asynchronous
Path Type: min

Fanout         Cap        Slew       Delay        Time   Description
---------------------------------------------------------------------------------------------
                                  0.000000    0.000000   clock clk_i (rise edge)
                                  0.000000    0.000000   clock network delay (propagated)
                                  2.000000    2.000000 ^ input external delay
     1    0.003773    0.020945    0.003110    2.003110 ^ rst_ni (in)
                                                         rst_ni (net)
                      0.020945    0.000000    2.003110 ^ input1/A (sg13g2_buf_1)
     1    0.003069    0.022554    0.056755    2.059866 ^ input1/X (sg13g2_buf_1)
                                                         net1 (net)
                      0.022554    0.000029    2.059895 ^ fanout26/A (sg13g2_buf_1)
     4    0.019203    0.085576    0.104485    2.164380 ^ fanout26/X (sg13g2_buf_1)
                                                         net26 (net)
                      0.085607    0.000513    2.164894 ^ fanout24/A (sg13g2_buf_1)
     8    0.048402    0.201889    0.213562    2.378455 ^ fanout24/X (sg13g2_buf_1)
                                                         net24 (net)
                      0.201900    0.001247    2.379703 ^ _201_/RESET_B (sg13g2_dfrbpq_1)
                                              2.379703   data arrival time

                                  0.000000    0.000000   clock clk_i (rise edge)
                                  0.000000    0.000000   clock source latency
     1    0.024077    0.038967    0.020348    0.020348 ^ clk_i (in)
                                                         clk_i (net)
                      0.039068    0.000000    0.020348 ^ clkbuf_0_clk_i/A (sg13g2_buf_16)
     8    0.155975    0.051557    0.095633    0.115981 ^ clkbuf_0_clk_i/X (sg13g2_buf_16)
                                                         clknet_0_clk_i (net)
                      0.051670    0.001651    0.117632 ^ clkbuf_3_5__f_clk_i/A (sg13g2_buf_16)
     4    0.014812    0.019314    0.074670    0.192301 ^ clkbuf_3_5__f_clk_i/X (sg13g2_buf_16)
                                                         clknet_3_5__leaf_clk_i (net)
                      0.019315    0.000139    0.192440 ^ _201_/CLK (sg13g2_dfrbpq_1)
                                  0.250000    0.442440   clock uncertainty
                                  0.000000    0.442440   clock reconvergence pessimism
                                 -0.155058    0.287382   library removal time
                                              0.287382   data required time
---------------------------------------------------------------------------------------------
                                              0.287382   data required time
                                             -2.379703   data arrival time
---------------------------------------------------------------------------------------------
                                              2.092321   slack (MET)


Startpoint: rst_ni (input port clocked by clk_i)
Endpoint: _202_ (removal check against rising-edge clock clk_i)
Path Group: asynchronous
Path Type: min

Fanout         Cap        Slew       Delay        Time   Description
---------------------------------------------------------------------------------------------
                                  0.000000    0.000000   clock clk_i (rise edge)
                                  0.000000    0.000000   clock network delay (propagated)
                                  2.000000    2.000000 ^ input external delay
     1    0.003773    0.020945    0.003110    2.003110 ^ rst_ni (in)
                                                         rst_ni (net)
                      0.020945    0.000000    2.003110 ^ input1/A (sg13g2_buf_1)
     1    0.003069    0.022554    0.056755    2.059866 ^ input1/X (sg13g2_buf_1)
                                                         net1 (net)
                      0.022554    0.000029    2.059895 ^ fanout26/A (sg13g2_buf_1)
     4    0.019203    0.085576    0.104485    2.164380 ^ fanout26/X (sg13g2_buf_1)
                                                         net26 (net)
                      0.085607    0.000513    2.164894 ^ fanout24/A (sg13g2_buf_1)
     8    0.048402    0.201889    0.213562    2.378455 ^ fanout24/X (sg13g2_buf_1)
                                                         net24 (net)
                      0.201900    0.001279    2.379734 ^ _202_/RESET_B (sg13g2_dfrbpq_1)
                                              2.379734   data arrival time

                                  0.000000    0.000000   clock clk_i (rise edge)
                                  0.000000    0.000000   clock source latency
     1    0.024077    0.038967    0.020348    0.020348 ^ clk_i (in)
                                                         clk_i (net)
                      0.039068    0.000000    0.020348 ^ clkbuf_0_clk_i/A (sg13g2_buf_16)
     8    0.155975    0.051557    0.095633    0.115981 ^ clkbuf_0_clk_i/X (sg13g2_buf_16)
                                                         clknet_0_clk_i (net)
                      0.051670    0.001651    0.117632 ^ clkbuf_3_5__f_clk_i/A (sg13g2_buf_16)
     4    0.014812    0.019314    0.074670    0.192301 ^ clkbuf_3_5__f_clk_i/X (sg13g2_buf_16)
                                                         clknet_3_5__leaf_clk_i (net)
                      0.019315    0.000158    0.192460 ^ _202_/CLK (sg13g2_dfrbpq_1)
                                  0.250000    0.442460   clock uncertainty
                                  0.000000    0.442460   clock reconvergence pessimism
                                 -0.155059    0.287401   library removal time
                                              0.287401   data required time
---------------------------------------------------------------------------------------------
                                              0.287401   data required time
                                             -2.379734   data arrival time
---------------------------------------------------------------------------------------------
                                              2.092333   slack (MET)


Startpoint: rst_ni (input port clocked by clk_i)
Endpoint: _181_ (removal check against rising-edge clock clk_i)
Path Group: asynchronous
Path Type: min

Fanout         Cap        Slew       Delay        Time   Description
---------------------------------------------------------------------------------------------
                                  0.000000    0.000000   clock clk_i (rise edge)
                                  0.000000    0.000000   clock network delay (propagated)
                                  2.000000    2.000000 ^ input external delay
     1    0.003773    0.020945    0.003110    2.003110 ^ rst_ni (in)
                                                         rst_ni (net)
                      0.020945    0.000000    2.003110 ^ input1/A (sg13g2_buf_1)
     1    0.003069    0.022554    0.056755    2.059866 ^ input1/X (sg13g2_buf_1)
                                                         net1 (net)
                      0.022554    0.000029    2.059895 ^ fanout26/A (sg13g2_buf_1)
     4    0.019203    0.085576    0.104485    2.164380 ^ fanout26/X (sg13g2_buf_1)
                                                         net26 (net)
                      0.085607    0.000513    2.164894 ^ fanout24/A (sg13g2_buf_1)
     8    0.048402    0.201889    0.213562    2.378455 ^ fanout24/X (sg13g2_buf_1)
                                                         net24 (net)
                      0.201894    0.000850    2.379305 ^ _181_/RESET_B (sg13g2_dfrbpq_1)
                                              2.379305   data arrival time

                                  0.000000    0.000000   clock clk_i (rise edge)
                                  0.000000    0.000000   clock source latency
     1    0.024077    0.038967    0.020348    0.020348 ^ clk_i (in)
                                                         clk_i (net)
                      0.039068    0.000000    0.020348 ^ clkbuf_0_clk_i/A (sg13g2_buf_16)
     8    0.155975    0.051557    0.095633    0.115981 ^ clkbuf_0_clk_i/X (sg13g2_buf_16)
                                                         clknet_0_clk_i (net)
                      0.051633    0.001232    0.117213 ^ clkbuf_3_4__f_clk_i/A (sg13g2_buf_16)
     4    0.014672    0.019278    0.074626    0.191839 ^ clkbuf_3_4__f_clk_i/X (sg13g2_buf_16)
                                                         clknet_3_4__leaf_clk_i (net)
                      0.019278    0.000097    0.191936 ^ _181_/CLK (sg13g2_dfrbpq_1)
                                  0.250000    0.441936   clock uncertainty
                                  0.000000    0.441936   clock reconvergence pessimism
                                 -0.155061    0.286875   library removal time
                                              0.286875   data required time
---------------------------------------------------------------------------------------------
                                              0.286875   data required time
                                             -2.379305   data arrival time
---------------------------------------------------------------------------------------------
                                              2.092430   slack (MET)


Startpoint: rst_ni (input port clocked by clk_i)
Endpoint: _180_ (removal check against rising-edge clock clk_i)
Path Group: asynchronous
Path Type: min

Fanout         Cap        Slew       Delay        Time   Description
---------------------------------------------------------------------------------------------
                                  0.000000    0.000000   clock clk_i (rise edge)
                                  0.000000    0.000000   clock network delay (propagated)
                                  2.000000    2.000000 ^ input external delay
     1    0.003773    0.020945    0.003110    2.003110 ^ rst_ni (in)
                                                         rst_ni (net)
                      0.020945    0.000000    2.003110 ^ input1/A (sg13g2_buf_1)
     1    0.003069    0.022554    0.056755    2.059866 ^ input1/X (sg13g2_buf_1)
                                                         net1 (net)
                      0.022554    0.000029    2.059895 ^ fanout26/A (sg13g2_buf_1)
     4    0.019203    0.085576    0.104485    2.164380 ^ fanout26/X (sg13g2_buf_1)
                                                         net26 (net)
                      0.085607    0.000513    2.164894 ^ fanout24/A (sg13g2_buf_1)
     8    0.048402    0.201889    0.213562    2.378455 ^ fanout24/X (sg13g2_buf_1)
                                                         net24 (net)
                      0.201894    0.000889    2.379344 ^ _180_/RESET_B (sg13g2_dfrbpq_1)
                                              2.379344   data arrival time

                                  0.000000    0.000000   clock clk_i (rise edge)
                                  0.000000    0.000000   clock source latency
     1    0.024077    0.038967    0.020348    0.020348 ^ clk_i (in)
                                                         clk_i (net)
                      0.039068    0.000000    0.020348 ^ clkbuf_0_clk_i/A (sg13g2_buf_16)
     8    0.155975    0.051557    0.095633    0.115981 ^ clkbuf_0_clk_i/X (sg13g2_buf_16)
                                                         clknet_0_clk_i (net)
                      0.051633    0.001232    0.117213 ^ clkbuf_3_4__f_clk_i/A (sg13g2_buf_16)
     4    0.014672    0.019278    0.074626    0.191839 ^ clkbuf_3_4__f_clk_i/X (sg13g2_buf_16)
                                                         clknet_3_4__leaf_clk_i (net)
                      0.019279    0.000122    0.191961 ^ _180_/CLK (sg13g2_dfrbpq_1)
                                  0.250000    0.441961   clock uncertainty
                                  0.000000    0.441961   clock reconvergence pessimism
                                 -0.155062    0.286899   library removal time
                                              0.286899   data required time
---------------------------------------------------------------------------------------------
                                              0.286899   data required time
                                             -2.379344   data arrival time
---------------------------------------------------------------------------------------------
                                              2.092445   slack (MET)


Startpoint: rst_ni (input port clocked by clk_i)
Endpoint: _179_ (removal check against rising-edge clock clk_i)
Path Group: asynchronous
Path Type: min

Fanout         Cap        Slew       Delay        Time   Description
---------------------------------------------------------------------------------------------
                                  0.000000    0.000000   clock clk_i (rise edge)
                                  0.000000    0.000000   clock network delay (propagated)
                                  2.000000    2.000000 ^ input external delay
     1    0.003773    0.020945    0.003110    2.003110 ^ rst_ni (in)
                                                         rst_ni (net)
                      0.020945    0.000000    2.003110 ^ input1/A (sg13g2_buf_1)
     1    0.003069    0.022554    0.056755    2.059866 ^ input1/X (sg13g2_buf_1)
                                                         net1 (net)
                      0.022554    0.000029    2.059895 ^ fanout26/A (sg13g2_buf_1)
     4    0.019203    0.085576    0.104485    2.164380 ^ fanout26/X (sg13g2_buf_1)
                                                         net26 (net)
                      0.085607    0.000513    2.164894 ^ fanout24/A (sg13g2_buf_1)
     8    0.048402    0.201889    0.213562    2.378455 ^ fanout24/X (sg13g2_buf_1)
                                                         net24 (net)
                      0.201895    0.000962    2.379417 ^ _179_/RESET_B (sg13g2_dfrbpq_1)
                                              2.379417   data arrival time

                                  0.000000    0.000000   clock clk_i (rise edge)
                                  0.000000    0.000000   clock source latency
     1    0.024077    0.038967    0.020348    0.020348 ^ clk_i (in)
                                                         clk_i (net)
                      0.039068    0.000000    0.020348 ^ clkbuf_0_clk_i/A (sg13g2_buf_16)
     8    0.155975    0.051557    0.095633    0.115981 ^ clkbuf_0_clk_i/X (sg13g2_buf_16)
                                                         clknet_0_clk_i (net)
                      0.051633    0.001232    0.117213 ^ clkbuf_3_4__f_clk_i/A (sg13g2_buf_16)
     4    0.014672    0.019278    0.074626    0.191839 ^ clkbuf_3_4__f_clk_i/X (sg13g2_buf_16)
                                                         clknet_3_4__leaf_clk_i (net)
                      0.019279    0.000168    0.192007 ^ _179_/CLK (sg13g2_dfrbpq_1)
                                  0.250000    0.442007   clock uncertainty
                                  0.000000    0.442007   clock reconvergence pessimism
                                 -0.155062    0.286945   library removal time
                                              0.286945   data required time
---------------------------------------------------------------------------------------------
                                              0.286945   data required time
                                             -2.379417   data arrival time
---------------------------------------------------------------------------------------------
                                              2.092472   slack (MET)


Startpoint: rst_ni (input port clocked by clk_i)
Endpoint: _193_ (removal check against rising-edge clock clk_i)
Path Group: asynchronous
Path Type: min

Fanout         Cap        Slew       Delay        Time   Description
---------------------------------------------------------------------------------------------
                                  0.000000    0.000000   clock clk_i (rise edge)
                                  0.000000    0.000000   clock network delay (propagated)
                                  2.000000    2.000000 ^ input external delay
     1    0.003773    0.020945    0.003110    2.003110 ^ rst_ni (in)
                                                         rst_ni (net)
                      0.020945    0.000000    2.003110 ^ input1/A (sg13g2_buf_1)
     1    0.003069    0.022554    0.056755    2.059866 ^ input1/X (sg13g2_buf_1)
                                                         net1 (net)
                      0.022554    0.000029    2.059895 ^ fanout26/A (sg13g2_buf_1)
     4    0.019203    0.085576    0.104485    2.164380 ^ fanout26/X (sg13g2_buf_1)
                                                         net26 (net)
                      0.085605    0.000427    2.164807 ^ fanout25/A (sg13g2_buf_1)
     8    0.048740    0.203232    0.214536    2.379343 ^ fanout25/X (sg13g2_buf_1)
                                                         net25 (net)
                      0.203238    0.000907    2.380251 ^ _193_/RESET_B (sg13g2_dfrbpq_1)
                                              2.380251   data arrival time

                                  0.000000    0.000000   clock clk_i (rise edge)
                                  0.000000    0.000000   clock source latency
     1    0.024077    0.038967    0.020348    0.020348 ^ clk_i (in)
                                                         clk_i (net)
                      0.039068    0.000000    0.020348 ^ clkbuf_0_clk_i/A (sg13g2_buf_16)
     8    0.155975    0.051557    0.095633    0.115981 ^ clkbuf_0_clk_i/X (sg13g2_buf_16)
                                                         clknet_0_clk_i (net)
                      0.051723    0.002107    0.118088 ^ clkbuf_3_7__f_clk_i/A (sg13g2_buf_16)
     4    0.014887    0.019315    0.074711    0.192799 ^ clkbuf_3_7__f_clk_i/X (sg13g2_buf_16)
                                                         clknet_3_7__leaf_clk_i (net)
                      0.019315    0.000099    0.192898 ^ _193_/CLK (sg13g2_dfrbpq_1)
                                  0.250000    0.442898   clock uncertainty
                                  0.000000    0.442898   clock reconvergence pessimism
                                 -0.155459    0.287439   library removal time
                                              0.287439   data required time
---------------------------------------------------------------------------------------------
                                              0.287439   data required time
                                             -2.380251   data arrival time
---------------------------------------------------------------------------------------------
                                              2.092811   slack (MET)


Startpoint: rst_ni (input port clocked by clk_i)
Endpoint: _194_ (removal check against rising-edge clock clk_i)
Path Group: asynchronous
Path Type: min

Fanout         Cap        Slew       Delay        Time   Description
---------------------------------------------------------------------------------------------
                                  0.000000    0.000000   clock clk_i (rise edge)
                                  0.000000    0.000000   clock network delay (propagated)
                                  2.000000    2.000000 ^ input external delay
     1    0.003773    0.020945    0.003110    2.003110 ^ rst_ni (in)
                                                         rst_ni (net)
                      0.020945    0.000000    2.003110 ^ input1/A (sg13g2_buf_1)
     1    0.003069    0.022554    0.056755    2.059866 ^ input1/X (sg13g2_buf_1)
                                                         net1 (net)
                      0.022554    0.000029    2.059895 ^ fanout26/A (sg13g2_buf_1)
     4    0.019203    0.085576    0.104485    2.164380 ^ fanout26/X (sg13g2_buf_1)
                                                         net26 (net)
                      0.085605    0.000427    2.164807 ^ fanout25/A (sg13g2_buf_1)
     8    0.048740    0.203232    0.214536    2.379343 ^ fanout25/X (sg13g2_buf_1)
                                                         net25 (net)
                      0.203240    0.001049    2.380392 ^ _194_/RESET_B (sg13g2_dfrbpq_1)
                                              2.380392   data arrival time

                                  0.000000    0.000000   clock clk_i (rise edge)
                                  0.000000    0.000000   clock source latency
     1    0.024077    0.038967    0.020348    0.020348 ^ clk_i (in)
                                                         clk_i (net)
                      0.039068    0.000000    0.020348 ^ clkbuf_0_clk_i/A (sg13g2_buf_16)
     8    0.155975    0.051557    0.095633    0.115981 ^ clkbuf_0_clk_i/X (sg13g2_buf_16)
                                                         clknet_0_clk_i (net)
                      0.051723    0.002107    0.118088 ^ clkbuf_3_7__f_clk_i/A (sg13g2_buf_16)
     4    0.014887    0.019315    0.074711    0.192799 ^ clkbuf_3_7__f_clk_i/X (sg13g2_buf_16)
                                                         clknet_3_7__leaf_clk_i (net)
                      0.019315    0.000106    0.192905 ^ _194_/CLK (sg13g2_dfrbpq_1)
                                  0.250000    0.442905   clock uncertainty
                                  0.000000    0.442905   clock reconvergence pessimism
                                 -0.155460    0.287446   library removal time
                                              0.287446   data required time
---------------------------------------------------------------------------------------------
                                              0.287446   data required time
                                             -2.380392   data arrival time
---------------------------------------------------------------------------------------------
                                              2.092947   slack (MET)


Startpoint: rst_ni (input port clocked by clk_i)
Endpoint: _195_ (removal check against rising-edge clock clk_i)
Path Group: asynchronous
Path Type: min

Fanout         Cap        Slew       Delay        Time   Description
---------------------------------------------------------------------------------------------
                                  0.000000    0.000000   clock clk_i (rise edge)
                                  0.000000    0.000000   clock network delay (propagated)
                                  2.000000    2.000000 ^ input external delay
     1    0.003773    0.020945    0.003110    2.003110 ^ rst_ni (in)
                                                         rst_ni (net)
                      0.020945    0.000000    2.003110 ^ input1/A (sg13g2_buf_1)
     1    0.003069    0.022554    0.056755    2.059866 ^ input1/X (sg13g2_buf_1)
                                                         net1 (net)
                      0.022554    0.000029    2.059895 ^ fanout26/A (sg13g2_buf_1)
     4    0.019203    0.085576    0.104485    2.164380 ^ fanout26/X (sg13g2_buf_1)
                                                         net26 (net)
                      0.085605    0.000427    2.164807 ^ fanout25/A (sg13g2_buf_1)
     8    0.048740    0.203232    0.214536    2.379343 ^ fanout25/X (sg13g2_buf_1)
                                                         net25 (net)
                      0.203241    0.001102    2.380445 ^ _195_/RESET_B (sg13g2_dfrbpq_1)
                                              2.380445   data arrival time

                                  0.000000    0.000000   clock clk_i (rise edge)
                                  0.000000    0.000000   clock source latency
     1    0.024077    0.038967    0.020348    0.020348 ^ clk_i (in)
                                                         clk_i (net)
                      0.039068    0.000000    0.020348 ^ clkbuf_0_clk_i/A (sg13g2_buf_16)
     8    0.155975    0.051557    0.095633    0.115981 ^ clkbuf_0_clk_i/X (sg13g2_buf_16)
                                                         clknet_0_clk_i (net)
                      0.051723    0.002107    0.118088 ^ clkbuf_3_7__f_clk_i/A (sg13g2_buf_16)
     4    0.014887    0.019315    0.074711    0.192799 ^ clkbuf_3_7__f_clk_i/X (sg13g2_buf_16)
                                                         clknet_3_7__leaf_clk_i (net)
                      0.019315    0.000140    0.192939 ^ _195_/CLK (sg13g2_dfrbpq_1)
                                  0.250000    0.442939   clock uncertainty
                                  0.000000    0.442939   clock reconvergence pessimism
                                 -0.155460    0.287479   library removal time
                                              0.287479   data required time
---------------------------------------------------------------------------------------------
                                              0.287479   data required time
                                             -2.380445   data arrival time
---------------------------------------------------------------------------------------------
                                              2.092966   slack (MET)


Startpoint: rst_ni (input port clocked by clk_i)
Endpoint: _196_ (removal check against rising-edge clock clk_i)
Path Group: asynchronous
Path Type: min

Fanout         Cap        Slew       Delay        Time   Description
---------------------------------------------------------------------------------------------
                                  0.000000    0.000000   clock clk_i (rise edge)
                                  0.000000    0.000000   clock network delay (propagated)
                                  2.000000    2.000000 ^ input external delay
     1    0.003773    0.020945    0.003110    2.003110 ^ rst_ni (in)
                                                         rst_ni (net)
                      0.020945    0.000000    2.003110 ^ input1/A (sg13g2_buf_1)
     1    0.003069    0.022554    0.056755    2.059866 ^ input1/X (sg13g2_buf_1)
                                                         net1 (net)
                      0.022554    0.000029    2.059895 ^ fanout26/A (sg13g2_buf_1)
     4    0.019203    0.085576    0.104485    2.164380 ^ fanout26/X (sg13g2_buf_1)
                                                         net26 (net)
                      0.085605    0.000427    2.164807 ^ fanout25/A (sg13g2_buf_1)
     8    0.048740    0.203232    0.214536    2.379343 ^ fanout25/X (sg13g2_buf_1)
                                                         net25 (net)
                      0.203241    0.001146    2.380489 ^ _196_/RESET_B (sg13g2_dfrbpq_1)
                                              2.380489   data arrival time

                                  0.000000    0.000000   clock clk_i (rise edge)
                                  0.000000    0.000000   clock source latency
     1    0.024077    0.038967    0.020348    0.020348 ^ clk_i (in)
                                                         clk_i (net)
                      0.039068    0.000000    0.020348 ^ clkbuf_0_clk_i/A (sg13g2_buf_16)
     8    0.155975    0.051557    0.095633    0.115981 ^ clkbuf_0_clk_i/X (sg13g2_buf_16)
                                                         clknet_0_clk_i (net)
                      0.051723    0.002107    0.118088 ^ clkbuf_3_7__f_clk_i/A (sg13g2_buf_16)
     4    0.014887    0.019315    0.074711    0.192799 ^ clkbuf_3_7__f_clk_i/X (sg13g2_buf_16)
                                                         clknet_3_7__leaf_clk_i (net)
                      0.019315    0.000167    0.192966 ^ _196_/CLK (sg13g2_dfrbpq_1)
                                  0.250000    0.442966   clock uncertainty
                                  0.000000    0.442966   clock reconvergence pessimism
                                 -0.155460    0.287506   library removal time
                                              0.287506   data required time
---------------------------------------------------------------------------------------------
                                              0.287506   data required time
                                             -2.380489   data arrival time
---------------------------------------------------------------------------------------------
                                              2.092983   slack (MET)


Startpoint: rst_ni (input port clocked by clk_i)
Endpoint: _192_ (removal check against rising-edge clock clk_i)
Path Group: asynchronous
Path Type: min

Fanout         Cap        Slew       Delay        Time   Description
---------------------------------------------------------------------------------------------
                                  0.000000    0.000000   clock clk_i (rise edge)
                                  0.000000    0.000000   clock network delay (propagated)
                                  2.000000    2.000000 ^ input external delay
     1    0.003773    0.020945    0.003110    2.003110 ^ rst_ni (in)
                                                         rst_ni (net)
                      0.020945    0.000000    2.003110 ^ input1/A (sg13g2_buf_1)
     1    0.003069    0.022554    0.056755    2.059866 ^ input1/X (sg13g2_buf_1)
                                                         net1 (net)
                      0.022554    0.000029    2.059895 ^ fanout26/A (sg13g2_buf_1)
     4    0.019203    0.085576    0.104485    2.164380 ^ fanout26/X (sg13g2_buf_1)
                                                         net26 (net)
                      0.085605    0.000427    2.164807 ^ fanout25/A (sg13g2_buf_1)
     8    0.048740    0.203232    0.214536    2.379343 ^ fanout25/X (sg13g2_buf_1)
                                                         net25 (net)
                      0.203236    0.000720    2.380063 ^ _192_/RESET_B (sg13g2_dfrbpq_1)
                                              2.380063   data arrival time

                                  0.000000    0.000000   clock clk_i (rise edge)
                                  0.000000    0.000000   clock source latency
     1    0.024077    0.038967    0.020348    0.020348 ^ clk_i (in)
                                                         clk_i (net)
                      0.039068    0.000000    0.020348 ^ clkbuf_0_clk_i/A (sg13g2_buf_16)
     8    0.155975    0.051557    0.095633    0.115981 ^ clkbuf_0_clk_i/X (sg13g2_buf_16)
                                                         clknet_0_clk_i (net)
                      0.051667    0.001625    0.117607 ^ clkbuf_3_6__f_clk_i/A (sg13g2_buf_16)
     4    0.014941    0.019326    0.074698    0.192305 ^ clkbuf_3_6__f_clk_i/X (sg13g2_buf_16)
                                                         clknet_3_6__leaf_clk_i (net)
                      0.019327    0.000121    0.192426 ^ _192_/CLK (sg13g2_dfrbpq_1)
                                  0.250000    0.442426   clock uncertainty
                                  0.000000    0.442426   clock reconvergence pessimism
                                 -0.155457    0.286969   library removal time
                                              0.286969   data required time
---------------------------------------------------------------------------------------------
                                              0.286969   data required time
                                             -2.380063   data arrival time
---------------------------------------------------------------------------------------------
                                              2.093094   slack (MET)


Startpoint: rst_ni (input port clocked by clk_i)
Endpoint: _191_ (removal check against rising-edge clock clk_i)
Path Group: asynchronous
Path Type: min

Fanout         Cap        Slew       Delay        Time   Description
---------------------------------------------------------------------------------------------
                                  0.000000    0.000000   clock clk_i (rise edge)
                                  0.000000    0.000000   clock network delay (propagated)
                                  2.000000    2.000000 ^ input external delay
     1    0.003773    0.020945    0.003110    2.003110 ^ rst_ni (in)
                                                         rst_ni (net)
                      0.020945    0.000000    2.003110 ^ input1/A (sg13g2_buf_1)
     1    0.003069    0.022554    0.056755    2.059866 ^ input1/X (sg13g2_buf_1)
                                                         net1 (net)
                      0.022554    0.000029    2.059895 ^ fanout26/A (sg13g2_buf_1)
     4    0.019203    0.085576    0.104485    2.164380 ^ fanout26/X (sg13g2_buf_1)
                                                         net26 (net)
                      0.085605    0.000427    2.164807 ^ fanout25/A (sg13g2_buf_1)
     8    0.048740    0.203232    0.214536    2.379343 ^ fanout25/X (sg13g2_buf_1)
                                                         net25 (net)
                      0.203237    0.000785    2.380128 ^ _191_/RESET_B (sg13g2_dfrbpq_1)
                                              2.380128   data arrival time

                                  0.000000    0.000000   clock clk_i (rise edge)
                                  0.000000    0.000000   clock source latency
     1    0.024077    0.038967    0.020348    0.020348 ^ clk_i (in)
                                                         clk_i (net)
                      0.039068    0.000000    0.020348 ^ clkbuf_0_clk_i/A (sg13g2_buf_16)
     8    0.155975    0.051557    0.095633    0.115981 ^ clkbuf_0_clk_i/X (sg13g2_buf_16)
                                                         clknet_0_clk_i (net)
                      0.051667    0.001625    0.117607 ^ clkbuf_3_6__f_clk_i/A (sg13g2_buf_16)
     4    0.014941    0.019326    0.074698    0.192305 ^ clkbuf_3_6__f_clk_i/X (sg13g2_buf_16)
                                                         clknet_3_6__leaf_clk_i (net)
                      0.019327    0.000107    0.192411 ^ _191_/CLK (sg13g2_dfrbpq_1)
                                  0.250000    0.442411   clock uncertainty
                                  0.000000    0.442411   clock reconvergence pessimism
                                 -0.155457    0.286954   library removal time
                                              0.286954   data required time
---------------------------------------------------------------------------------------------
                                              0.286954   data required time
                                             -2.380128   data arrival time
---------------------------------------------------------------------------------------------
                                              2.093174   slack (MET)


Startpoint: rst_ni (input port clocked by clk_i)
Endpoint: _183_ (removal check against rising-edge clock clk_i)
Path Group: asynchronous
Path Type: min

Fanout         Cap        Slew       Delay        Time   Description
---------------------------------------------------------------------------------------------
                                  0.000000    0.000000   clock clk_i (rise edge)
                                  0.000000    0.000000   clock network delay (propagated)
                                  2.000000    2.000000 ^ input external delay
     1    0.003773    0.020945    0.003110    2.003110 ^ rst_ni (in)
                                                         rst_ni (net)
                      0.020945    0.000000    2.003110 ^ input1/A (sg13g2_buf_1)
     1    0.003069    0.022554    0.056755    2.059866 ^ input1/X (sg13g2_buf_1)
                                                         net1 (net)
                      0.022554    0.000029    2.059895 ^ fanout26/A (sg13g2_buf_1)
     4    0.019203    0.085576    0.104485    2.164380 ^ fanout26/X (sg13g2_buf_1)
                                                         net26 (net)
                      0.085605    0.000427    2.164807 ^ fanout25/A (sg13g2_buf_1)
     8    0.048740    0.203232    0.214536    2.379343 ^ fanout25/X (sg13g2_buf_1)
                                                         net25 (net)
                      0.203238    0.000944    2.380287 ^ _183_/RESET_B (sg13g2_dfrbpq_1)
                                              2.380287   data arrival time

                                  0.000000    0.000000   clock clk_i (rise edge)
                                  0.000000    0.000000   clock source latency
     1    0.024077    0.038967    0.020348    0.020348 ^ clk_i (in)
                                                         clk_i (net)
                      0.039068    0.000000    0.020348 ^ clkbuf_0_clk_i/A (sg13g2_buf_16)
     8    0.155975    0.051557    0.095633    0.115981 ^ clkbuf_0_clk_i/X (sg13g2_buf_16)
                                                         clknet_0_clk_i (net)
                      0.051667    0.001625    0.117607 ^ clkbuf_3_6__f_clk_i/A (sg13g2_buf_16)
     4    0.014941    0.019326    0.074698    0.192305 ^ clkbuf_3_6__f_clk_i/X (sg13g2_buf_16)
                                                         clknet_3_6__leaf_clk_i (net)
                      0.019326    0.000065    0.192370 ^ _183_/CLK (sg13g2_dfrbpq_1)
                                  0.250000    0.442370   clock uncertainty
                                  0.000000    0.442370   clock reconvergence pessimism
                                 -0.155458    0.286912   library removal time
                                              0.286912   data required time
---------------------------------------------------------------------------------------------
                                              0.286912   data required time
                                             -2.380287   data arrival time
---------------------------------------------------------------------------------------------
                                              2.093375   slack (MET)


Startpoint: rst_ni (input port clocked by clk_i)
Endpoint: _184_ (removal check against rising-edge clock clk_i)
Path Group: asynchronous
Path Type: min

Fanout         Cap        Slew       Delay        Time   Description
---------------------------------------------------------------------------------------------
                                  0.000000    0.000000   clock clk_i (rise edge)
                                  0.000000    0.000000   clock network delay (propagated)
                                  2.000000    2.000000 ^ input external delay
     1    0.003773    0.020945    0.003110    2.003110 ^ rst_ni (in)
                                                         rst_ni (net)
                      0.020945    0.000000    2.003110 ^ input1/A (sg13g2_buf_1)
     1    0.003069    0.022554    0.056755    2.059866 ^ input1/X (sg13g2_buf_1)
                                                         net1 (net)
                      0.022554    0.000029    2.059895 ^ fanout26/A (sg13g2_buf_1)
     4    0.019203    0.085576    0.104485    2.164380 ^ fanout26/X (sg13g2_buf_1)
                                                         net26 (net)
                      0.085605    0.000427    2.164807 ^ fanout25/A (sg13g2_buf_1)
     8    0.048740    0.203232    0.214536    2.379343 ^ fanout25/X (sg13g2_buf_1)
                                                         net25 (net)
                      0.203239    0.000965    2.380308 ^ _184_/RESET_B (sg13g2_dfrbpq_1)
                                              2.380308   data arrival time

                                  0.000000    0.000000   clock clk_i (rise edge)
                                  0.000000    0.000000   clock source latency
     1    0.024077    0.038967    0.020348    0.020348 ^ clk_i (in)
                                                         clk_i (net)
                      0.039068    0.000000    0.020348 ^ clkbuf_0_clk_i/A (sg13g2_buf_16)
     8    0.155975    0.051557    0.095633    0.115981 ^ clkbuf_0_clk_i/X (sg13g2_buf_16)
                                                         clknet_0_clk_i (net)
                      0.051667    0.001625    0.117607 ^ clkbuf_3_6__f_clk_i/A (sg13g2_buf_16)
     4    0.014941    0.019326    0.074698    0.192305 ^ clkbuf_3_6__f_clk_i/X (sg13g2_buf_16)
                                                         clknet_3_6__leaf_clk_i (net)
                      0.019326    0.000080    0.192384 ^ _184_/CLK (sg13g2_dfrbpq_1)
                                  0.250000    0.442384   clock uncertainty
                                  0.000000    0.442384   clock reconvergence pessimism
                                 -0.155458    0.286926   library removal time
                                              0.286926   data required time
---------------------------------------------------------------------------------------------
                                              0.286926   data required time
                                             -2.380308   data arrival time
---------------------------------------------------------------------------------------------
                                              2.093382   slack (MET)


Startpoint: _202_ (rising edge-triggered flip-flop clocked by clk_i)
Endpoint: uo_CORE2PAD[0] (output port clocked by clk_i)
Path Group: clk_i
Path Type: min

Fanout         Cap        Slew       Delay        Time   Description
---------------------------------------------------------------------------------------------
                                  0.000000    0.000000   clock clk_i (rise edge)
                                  0.000000    0.000000   clock source latency
     1    0.024077    0.038967    0.020348    0.020348 ^ clk_i (in)
                                                         clk_i (net)
                      0.039068    0.000000    0.020348 ^ clkbuf_0_clk_i/A (sg13g2_buf_16)
     8    0.155975    0.051557    0.095633    0.115981 ^ clkbuf_0_clk_i/X (sg13g2_buf_16)
                                                         clknet_0_clk_i (net)
                      0.051670    0.001651    0.117632 ^ clkbuf_3_5__f_clk_i/A (sg13g2_buf_16)
     4    0.014812    0.019314    0.074670    0.192301 ^ clkbuf_3_5__f_clk_i/X (sg13g2_buf_16)
                                                         clknet_3_5__leaf_clk_i (net)
                      0.019315    0.000158    0.192460 ^ _202_/CLK (sg13g2_dfrbpq_1)
     1    0.002975    0.019730    0.159456    0.351915 v _202_/Q (sg13g2_dfrbpq_1)
                                                         spm_inst.csa0.sum (net)
                      0.019730    0.000028    0.351943 v _219_/A (sg13g2_buf_1)
     1    0.003856    0.021999    0.060196    0.412139 v _219_/X (sg13g2_buf_1)
                                                         net19 (net)
                      0.021999    0.000058    0.412197 v output19/A (sg13g2_buf_1)
     1    0.006000    0.028997    0.066461    0.478658 v output19/X (sg13g2_buf_1)
                                                         uo_CORE2PAD[0] (net)
                      0.028997    0.000000    0.478658 v uo_CORE2PAD[0] (out)
                                              0.478658   data arrival time

                                  0.000000    0.000000   clock clk_i (rise edge)
                                  0.000000    0.000000   clock network delay (propagated)
                                  0.250000    0.250000   clock uncertainty
                                  0.000000    0.250000   clock reconvergence pessimism
                                 -2.000000   -1.750000   output external delay
                                             -1.750000   data required time
---------------------------------------------------------------------------------------------
                                             -1.750000   data required time
                                             -0.478658   data arrival time
---------------------------------------------------------------------------------------------
                                              2.228657   slack (MET)


Startpoint: rst_ni (input port clocked by clk_i)
Endpoint: _199_ (removal check against rising-edge clock clk_i)
Path Group: asynchronous
Path Type: min

Fanout         Cap        Slew       Delay        Time   Description
---------------------------------------------------------------------------------------------
                                  0.000000    0.000000   clock clk_i (rise edge)
                                  0.000000    0.000000   clock network delay (propagated)
                                  2.000000    2.000000 ^ input external delay
     1    0.003773    0.020945    0.003110    2.003110 ^ rst_ni (in)
                                                         rst_ni (net)
                      0.020945    0.000000    2.003110 ^ input1/A (sg13g2_buf_1)
     1    0.003069    0.022554    0.056755    2.059866 ^ input1/X (sg13g2_buf_1)
                                                         net1 (net)
                      0.022554    0.000029    2.059895 ^ fanout26/A (sg13g2_buf_1)
     4    0.019203    0.085576    0.104485    2.164380 ^ fanout26/X (sg13g2_buf_1)
                                                         net26 (net)
                      0.085576    0.000127    2.164508 ^ fanout23/A (sg13g2_buf_1)
     8    0.048229    0.201221    0.212393    2.376900 ^ fanout23/X (sg13g2_buf_1)
                                                         net23 (net)
                      0.201221    0.000135    2.377036 ^ fanout22/A (sg13g2_buf_1)
     8    0.047831    0.199942    0.244051    2.621086 ^ fanout22/X (sg13g2_buf_1)
                                                         net22 (net)
                      0.199942    0.000461    2.621547 ^ _199_/RESET_B (sg13g2_dfrbpq_1)
                                              2.621547   data arrival time

                                  0.000000    0.000000   clock clk_i (rise edge)
                                  0.000000    0.000000   clock source latency
     1    0.024077    0.038967    0.020348    0.020348 ^ clk_i (in)
                                                         clk_i (net)
                      0.039068    0.000000    0.020348 ^ clkbuf_0_clk_i/A (sg13g2_buf_16)
     8    0.155975    0.051557    0.095633    0.115981 ^ clkbuf_0_clk_i/X (sg13g2_buf_16)
                                                         clknet_0_clk_i (net)
                      0.051794    0.002590    0.118571 ^ clkbuf_3_2__f_clk_i/A (sg13g2_buf_16)
     4    0.015639    0.019493    0.074893    0.193465 ^ clkbuf_3_2__f_clk_i/X (sg13g2_buf_16)
                                                         clknet_3_2__leaf_clk_i (net)
                      0.019493    0.000132    0.193596 ^ _199_/CLK (sg13g2_dfrbpq_1)
                                  0.250000    0.443596   clock uncertainty
                                  0.000000    0.443596   clock reconvergence pessimism
                                 -0.154449    0.289148   library removal time
                                              0.289148   data required time
---------------------------------------------------------------------------------------------
                                              0.289148   data required time
                                             -2.621547   data arrival time
---------------------------------------------------------------------------------------------
                                              2.332400   slack (MET)


Startpoint: rst_ni (input port clocked by clk_i)
Endpoint: _200_ (removal check against rising-edge clock clk_i)
Path Group: asynchronous
Path Type: min

Fanout         Cap        Slew       Delay        Time   Description
---------------------------------------------------------------------------------------------
                                  0.000000    0.000000   clock clk_i (rise edge)
                                  0.000000    0.000000   clock network delay (propagated)
                                  2.000000    2.000000 ^ input external delay
     1    0.003773    0.020945    0.003110    2.003110 ^ rst_ni (in)
                                                         rst_ni (net)
                      0.020945    0.000000    2.003110 ^ input1/A (sg13g2_buf_1)
     1    0.003069    0.022554    0.056755    2.059866 ^ input1/X (sg13g2_buf_1)
                                                         net1 (net)
                      0.022554    0.000029    2.059895 ^ fanout26/A (sg13g2_buf_1)
     4    0.019203    0.085576    0.104485    2.164380 ^ fanout26/X (sg13g2_buf_1)
                                                         net26 (net)
                      0.085576    0.000127    2.164508 ^ fanout23/A (sg13g2_buf_1)
     8    0.048229    0.201221    0.212393    2.376900 ^ fanout23/X (sg13g2_buf_1)
                                                         net23 (net)
                      0.201221    0.000135    2.377036 ^ fanout22/A (sg13g2_buf_1)
     8    0.047831    0.199942    0.244051    2.621086 ^ fanout22/X (sg13g2_buf_1)
                                                         net22 (net)
                      0.199942    0.000507    2.621594 ^ _200_/RESET_B (sg13g2_dfrbpq_1)
                                              2.621594   data arrival time

                                  0.000000    0.000000   clock clk_i (rise edge)
                                  0.000000    0.000000   clock source latency
     1    0.024077    0.038967    0.020348    0.020348 ^ clk_i (in)
                                                         clk_i (net)
                      0.039068    0.000000    0.020348 ^ clkbuf_0_clk_i/A (sg13g2_buf_16)
     8    0.155975    0.051557    0.095633    0.115981 ^ clkbuf_0_clk_i/X (sg13g2_buf_16)
                                                         clknet_0_clk_i (net)
                      0.051794    0.002590    0.118571 ^ clkbuf_3_2__f_clk_i/A (sg13g2_buf_16)
     4    0.015639    0.019493    0.074893    0.193465 ^ clkbuf_3_2__f_clk_i/X (sg13g2_buf_16)
                                                         clknet_3_2__leaf_clk_i (net)
                      0.019493    0.000105    0.193570 ^ _200_/CLK (sg13g2_dfrbpq_1)
                                  0.250000    0.443570   clock uncertainty
                                  0.000000    0.443570   clock reconvergence pessimism
                                 -0.154449    0.289121   library removal time
                                              0.289121   data required time
---------------------------------------------------------------------------------------------
                                              0.289121   data required time
                                             -2.621594   data arrival time
---------------------------------------------------------------------------------------------
                                              2.332473   slack (MET)


Startpoint: rst_ni (input port clocked by clk_i)
Endpoint: _171_ (removal check against rising-edge clock clk_i)
Path Group: asynchronous
Path Type: min

Fanout         Cap        Slew       Delay        Time   Description
---------------------------------------------------------------------------------------------
                                  0.000000    0.000000   clock clk_i (rise edge)
                                  0.000000    0.000000   clock network delay (propagated)
                                  2.000000    2.000000 ^ input external delay
     1    0.003773    0.020945    0.003110    2.003110 ^ rst_ni (in)
                                                         rst_ni (net)
                      0.020945    0.000000    2.003110 ^ input1/A (sg13g2_buf_1)
     1    0.003069    0.022554    0.056755    2.059866 ^ input1/X (sg13g2_buf_1)
                                                         net1 (net)
                      0.022554    0.000029    2.059895 ^ fanout26/A (sg13g2_buf_1)
     4    0.019203    0.085576    0.104485    2.164380 ^ fanout26/X (sg13g2_buf_1)
                                                         net26 (net)
                      0.085576    0.000127    2.164508 ^ fanout23/A (sg13g2_buf_1)
     8    0.048229    0.201221    0.212393    2.376900 ^ fanout23/X (sg13g2_buf_1)
                                                         net23 (net)
                      0.201221    0.000135    2.377036 ^ fanout22/A (sg13g2_buf_1)
     8    0.047831    0.199942    0.244051    2.621086 ^ fanout22/X (sg13g2_buf_1)
                                                         net22 (net)
                      0.199942    0.000601    2.621688 ^ _171_/RESET_B (sg13g2_dfrbpq_1)
                                              2.621688   data arrival time

                                  0.000000    0.000000   clock clk_i (rise edge)
                                  0.000000    0.000000   clock source latency
     1    0.024077    0.038967    0.020348    0.020348 ^ clk_i (in)
                                                         clk_i (net)
                      0.039068    0.000000    0.020348 ^ clkbuf_0_clk_i/A (sg13g2_buf_16)
     8    0.155975    0.051557    0.095633    0.115981 ^ clkbuf_0_clk_i/X (sg13g2_buf_16)
                                                         clknet_0_clk_i (net)
                      0.051794    0.002590    0.118571 ^ clkbuf_3_2__f_clk_i/A (sg13g2_buf_16)
     4    0.015639    0.019493    0.074893    0.193465 ^ clkbuf_3_2__f_clk_i/X (sg13g2_buf_16)
                                                         clknet_3_2__leaf_clk_i (net)
                      0.019493    0.000174    0.193639 ^ _171_/CLK (sg13g2_dfrbpq_1)
                                  0.250000    0.443639   clock uncertainty
                                  0.000000    0.443639   clock reconvergence pessimism
                                 -0.154449    0.289191   library removal time
                                              0.289191   data required time
---------------------------------------------------------------------------------------------
                                              0.289191   data required time
                                             -2.621688   data arrival time
---------------------------------------------------------------------------------------------
                                              2.332497   slack (MET)


Startpoint: rst_ni (input port clocked by clk_i)
Endpoint: _189_ (removal check against rising-edge clock clk_i)
Path Group: asynchronous
Path Type: min

Fanout         Cap        Slew       Delay        Time   Description
---------------------------------------------------------------------------------------------
                                  0.000000    0.000000   clock clk_i (rise edge)
                                  0.000000    0.000000   clock network delay (propagated)
                                  2.000000    2.000000 ^ input external delay
     1    0.003773    0.020945    0.003110    2.003110 ^ rst_ni (in)
                                                         rst_ni (net)
                      0.020945    0.000000    2.003110 ^ input1/A (sg13g2_buf_1)
     1    0.003069    0.022554    0.056755    2.059866 ^ input1/X (sg13g2_buf_1)
                                                         net1 (net)
                      0.022554    0.000029    2.059895 ^ fanout26/A (sg13g2_buf_1)
     4    0.019203    0.085576    0.104485    2.164380 ^ fanout26/X (sg13g2_buf_1)
                                                         net26 (net)
                      0.085576    0.000127    2.164508 ^ fanout23/A (sg13g2_buf_1)
     8    0.048229    0.201221    0.212393    2.376900 ^ fanout23/X (sg13g2_buf_1)
                                                         net23 (net)
                      0.201221    0.000135    2.377036 ^ fanout22/A (sg13g2_buf_1)
     8    0.047831    0.199942    0.244051    2.621086 ^ fanout22/X (sg13g2_buf_1)
                                                         net22 (net)
                      0.199942    0.000675    2.621761 ^ _189_/RESET_B (sg13g2_dfrbpq_1)
                                              2.621761   data arrival time

                                  0.000000    0.000000   clock clk_i (rise edge)
                                  0.000000    0.000000   clock source latency
     1    0.024077    0.038967    0.020348    0.020348 ^ clk_i (in)
                                                         clk_i (net)
                      0.039068    0.000000    0.020348 ^ clkbuf_0_clk_i/A (sg13g2_buf_16)
     8    0.155975    0.051557    0.095633    0.115981 ^ clkbuf_0_clk_i/X (sg13g2_buf_16)
                                                         clknet_0_clk_i (net)
                      0.051794    0.002590    0.118571 ^ clkbuf_3_2__f_clk_i/A (sg13g2_buf_16)
     4    0.015639    0.019493    0.074893    0.193465 ^ clkbuf_3_2__f_clk_i/X (sg13g2_buf_16)
                                                         clknet_3_2__leaf_clk_i (net)
                      0.019493    0.000135    0.193600 ^ _189_/CLK (sg13g2_dfrbpq_1)
                                  0.250000    0.443600   clock uncertainty
                                  0.000000    0.443600   clock reconvergence pessimism
                                 -0.154449    0.289151   library removal time
                                              0.289151   data required time
---------------------------------------------------------------------------------------------
                                              0.289151   data required time
                                             -2.621761   data arrival time
---------------------------------------------------------------------------------------------
                                              2.332610   slack (MET)


Startpoint: rst_ni (input port clocked by clk_i)
Endpoint: _188_ (removal check against rising-edge clock clk_i)
Path Group: asynchronous
Path Type: min

Fanout         Cap        Slew       Delay        Time   Description
---------------------------------------------------------------------------------------------
                                  0.000000    0.000000   clock clk_i (rise edge)
                                  0.000000    0.000000   clock network delay (propagated)
                                  2.000000    2.000000 ^ input external delay
     1    0.003773    0.020945    0.003110    2.003110 ^ rst_ni (in)
                                                         rst_ni (net)
                      0.020945    0.000000    2.003110 ^ input1/A (sg13g2_buf_1)
     1    0.003069    0.022554    0.056755    2.059866 ^ input1/X (sg13g2_buf_1)
                                                         net1 (net)
                      0.022554    0.000029    2.059895 ^ fanout26/A (sg13g2_buf_1)
     4    0.019203    0.085576    0.104485    2.164380 ^ fanout26/X (sg13g2_buf_1)
                                                         net26 (net)
                      0.085576    0.000127    2.164508 ^ fanout23/A (sg13g2_buf_1)
     8    0.048229    0.201221    0.212393    2.376900 ^ fanout23/X (sg13g2_buf_1)
                                                         net23 (net)
                      0.201221    0.000135    2.377036 ^ fanout22/A (sg13g2_buf_1)
     8    0.047831    0.199942    0.244051    2.621086 ^ fanout22/X (sg13g2_buf_1)
                                                         net22 (net)
                      0.199942    0.000756    2.621843 ^ _188_/RESET_B (sg13g2_dfrbpq_1)
                                              2.621843   data arrival time

                                  0.000000    0.000000   clock clk_i (rise edge)
                                  0.000000    0.000000   clock source latency
     1    0.024077    0.038967    0.020348    0.020348 ^ clk_i (in)
                                                         clk_i (net)
                      0.039068    0.000000    0.020348 ^ clkbuf_0_clk_i/A (sg13g2_buf_16)
     8    0.155975    0.051557    0.095633    0.115981 ^ clkbuf_0_clk_i/X (sg13g2_buf_16)
                                                         clknet_0_clk_i (net)
                      0.051690    0.001839    0.117820 ^ clkbuf_3_3__f_clk_i/A (sg13g2_buf_16)
     4    0.016313    0.019642    0.074970    0.192790 ^ clkbuf_3_3__f_clk_i/X (sg13g2_buf_16)
                                                         clknet_3_3__leaf_clk_i (net)
                      0.019642    0.000196    0.192986 ^ _188_/CLK (sg13g2_dfrbpq_1)
                                  0.250000    0.442986   clock uncertainty
                                  0.000000    0.442986   clock reconvergence pessimism
                                 -0.154429    0.288557   library removal time
                                              0.288557   data required time
---------------------------------------------------------------------------------------------
                                              0.288557   data required time
                                             -2.621843   data arrival time
---------------------------------------------------------------------------------------------
                                              2.333286   slack (MET)


Startpoint: rst_ni (input port clocked by clk_i)
Endpoint: _187_ (removal check against rising-edge clock clk_i)
Path Group: asynchronous
Path Type: min

Fanout         Cap        Slew       Delay        Time   Description
---------------------------------------------------------------------------------------------
                                  0.000000    0.000000   clock clk_i (rise edge)
                                  0.000000    0.000000   clock network delay (propagated)
                                  2.000000    2.000000 ^ input external delay
     1    0.003773    0.020945    0.003110    2.003110 ^ rst_ni (in)
                                                         rst_ni (net)
                      0.020945    0.000000    2.003110 ^ input1/A (sg13g2_buf_1)
     1    0.003069    0.022554    0.056755    2.059866 ^ input1/X (sg13g2_buf_1)
                                                         net1 (net)
                      0.022554    0.000029    2.059895 ^ fanout26/A (sg13g2_buf_1)
     4    0.019203    0.085576    0.104485    2.164380 ^ fanout26/X (sg13g2_buf_1)
                                                         net26 (net)
                      0.085576    0.000127    2.164508 ^ fanout23/A (sg13g2_buf_1)
     8    0.048229    0.201221    0.212393    2.376900 ^ fanout23/X (sg13g2_buf_1)
                                                         net23 (net)
                      0.201221    0.000135    2.377036 ^ fanout22/A (sg13g2_buf_1)
     8    0.047831    0.199942    0.244051    2.621086 ^ fanout22/X (sg13g2_buf_1)
                                                         net22 (net)
                      0.199943    0.000869    2.621956 ^ _187_/RESET_B (sg13g2_dfrbpq_1)
                                              2.621956   data arrival time

                                  0.000000    0.000000   clock clk_i (rise edge)
                                  0.000000    0.000000   clock source latency
     1    0.024077    0.038967    0.020348    0.020348 ^ clk_i (in)
                                                         clk_i (net)
                      0.039068    0.000000    0.020348 ^ clkbuf_0_clk_i/A (sg13g2_buf_16)
     8    0.155975    0.051557    0.095633    0.115981 ^ clkbuf_0_clk_i/X (sg13g2_buf_16)
                                                         clknet_0_clk_i (net)
                      0.051690    0.001839    0.117820 ^ clkbuf_3_3__f_clk_i/A (sg13g2_buf_16)
     4    0.016313    0.019642    0.074970    0.192790 ^ clkbuf_3_3__f_clk_i/X (sg13g2_buf_16)
                                                         clknet_3_3__leaf_clk_i (net)
                      0.019642    0.000207    0.192997 ^ _187_/CLK (sg13g2_dfrbpq_1)
                                  0.250000    0.442997   clock uncertainty
                                  0.000000    0.442997   clock reconvergence pessimism
                                 -0.154429    0.288567   library removal time
                                              0.288567   data required time
---------------------------------------------------------------------------------------------
                                              0.288567   data required time
                                             -2.621956   data arrival time
---------------------------------------------------------------------------------------------
                                              2.333388   slack (MET)


Startpoint: rst_ni (input port clocked by clk_i)
Endpoint: _186_ (removal check against rising-edge clock clk_i)
Path Group: asynchronous
Path Type: min

Fanout         Cap        Slew       Delay        Time   Description
---------------------------------------------------------------------------------------------
                                  0.000000    0.000000   clock clk_i (rise edge)
                                  0.000000    0.000000   clock network delay (propagated)
                                  2.000000    2.000000 ^ input external delay
     1    0.003773    0.020945    0.003110    2.003110 ^ rst_ni (in)
                                                         rst_ni (net)
                      0.020945    0.000000    2.003110 ^ input1/A (sg13g2_buf_1)
     1    0.003069    0.022554    0.056755    2.059866 ^ input1/X (sg13g2_buf_1)
                                                         net1 (net)
                      0.022554    0.000029    2.059895 ^ fanout26/A (sg13g2_buf_1)
     4    0.019203    0.085576    0.104485    2.164380 ^ fanout26/X (sg13g2_buf_1)
                                                         net26 (net)
                      0.085576    0.000127    2.164508 ^ fanout23/A (sg13g2_buf_1)
     8    0.048229    0.201221    0.212393    2.376900 ^ fanout23/X (sg13g2_buf_1)
                                                         net23 (net)
                      0.201221    0.000135    2.377036 ^ fanout22/A (sg13g2_buf_1)
     8    0.047831    0.199942    0.244051    2.621086 ^ fanout22/X (sg13g2_buf_1)
                                                         net22 (net)
                      0.199944    0.000909    2.621996 ^ _186_/RESET_B (sg13g2_dfrbpq_1)
                                              2.621996   data arrival time

                                  0.000000    0.000000   clock clk_i (rise edge)
                                  0.000000    0.000000   clock source latency
     1    0.024077    0.038967    0.020348    0.020348 ^ clk_i (in)
                                                         clk_i (net)
                      0.039068    0.000000    0.020348 ^ clkbuf_0_clk_i/A (sg13g2_buf_16)
     8    0.155975    0.051557    0.095633    0.115981 ^ clkbuf_0_clk_i/X (sg13g2_buf_16)
                                                         clknet_0_clk_i (net)
                      0.051690    0.001839    0.117820 ^ clkbuf_3_3__f_clk_i/A (sg13g2_buf_16)
     4    0.016313    0.019642    0.074970    0.192790 ^ clkbuf_3_3__f_clk_i/X (sg13g2_buf_16)
                                                         clknet_3_3__leaf_clk_i (net)
                      0.019643    0.000236    0.193026 ^ _186_/CLK (sg13g2_dfrbpq_1)
                                  0.250000    0.443026   clock uncertainty
                                  0.000000    0.443026   clock reconvergence pessimism
                                 -0.154429    0.288597   library removal time
                                              0.288597   data required time
---------------------------------------------------------------------------------------------
                                              0.288597   data required time
                                             -2.621996   data arrival time
---------------------------------------------------------------------------------------------
                                              2.333399   slack (MET)


Startpoint: rst_ni (input port clocked by clk_i)
Endpoint: _172_ (removal check against rising-edge clock clk_i)
Path Group: asynchronous
Path Type: min

Fanout         Cap        Slew       Delay        Time   Description
---------------------------------------------------------------------------------------------
                                  0.000000    0.000000   clock clk_i (rise edge)
                                  0.000000    0.000000   clock network delay (propagated)
                                  2.000000    2.000000 ^ input external delay
     1    0.003773    0.020945    0.003110    2.003110 ^ rst_ni (in)
                                                         rst_ni (net)
                      0.020945    0.000000    2.003110 ^ input1/A (sg13g2_buf_1)
     1    0.003069    0.022554    0.056755    2.059866 ^ input1/X (sg13g2_buf_1)
                                                         net1 (net)
                      0.022554    0.000029    2.059895 ^ fanout26/A (sg13g2_buf_1)
     4    0.019203    0.085576    0.104485    2.164380 ^ fanout26/X (sg13g2_buf_1)
                                                         net26 (net)
                      0.085576    0.000127    2.164508 ^ fanout23/A (sg13g2_buf_1)
     8    0.048229    0.201221    0.212393    2.376900 ^ fanout23/X (sg13g2_buf_1)
                                                         net23 (net)
                      0.201221    0.000135    2.377036 ^ fanout22/A (sg13g2_buf_1)
     8    0.047831    0.199942    0.244051    2.621086 ^ fanout22/X (sg13g2_buf_1)
                                                         net22 (net)
                      0.199942    0.000645    2.621732 ^ _172_/RESET_B (sg13g2_dfrbpq_1)
                                              2.621732   data arrival time

                                  0.000000    0.000000   clock clk_i (rise edge)
                                  0.000000    0.000000   clock source latency
     1    0.024077    0.038967    0.020348    0.020348 ^ clk_i (in)
                                                         clk_i (net)
                      0.039068    0.000000    0.020348 ^ clkbuf_0_clk_i/A (sg13g2_buf_16)
     8    0.155975    0.051557    0.095633    0.115981 ^ clkbuf_0_clk_i/X (sg13g2_buf_16)
                                                         clknet_0_clk_i (net)
                      0.051686    0.001798    0.117779 ^ clkbuf_3_0__f_clk_i/A (sg13g2_buf_16)
     4    0.014672    0.019279    0.074654    0.192433 ^ clkbuf_3_0__f_clk_i/X (sg13g2_buf_16)
                                                         clknet_3_0__leaf_clk_i (net)
                      0.019279    0.000103    0.192536 ^ _172_/CLK (sg13g2_dfrbpq_1)
                                  0.250000    0.442536   clock uncertainty
                                  0.000000    0.442536   clock reconvergence pessimism
                                 -0.154477    0.288059   library removal time
                                              0.288059   data required time
---------------------------------------------------------------------------------------------
                                              0.288059   data required time
                                             -2.621732   data arrival time
---------------------------------------------------------------------------------------------
                                              2.333673   slack (MET)



%OL_END_REPORT
%OL_CREATE_REPORT max.rpt

===========================================================================
report_checks -path_delay max (Setup)
============================================================================
======================= nom_typ_1p20V_25C Corner ===================================

Startpoint: rst_ni (input port clocked by clk_i)
Endpoint: _172_ (recovery check against rising-edge clock clk_i)
Path Group: asynchronous
Path Type: max

Fanout         Cap        Slew       Delay        Time   Description
---------------------------------------------------------------------------------------------
                                  0.000000    0.000000   clock clk_i (rise edge)
                                  0.000000    0.000000   clock network delay (propagated)
                                  2.000000    2.000000 ^ input external delay
     1    0.003773    0.020945    0.003110    2.003110 ^ rst_ni (in)
                                                         rst_ni (net)
                      0.020945    0.000000    2.003110 ^ input1/A (sg13g2_buf_1)
     1    0.003069    0.022554    0.056755    2.059866 ^ input1/X (sg13g2_buf_1)
                                                         net1 (net)
                      0.022554    0.000029    2.059895 ^ fanout26/A (sg13g2_buf_1)
     4    0.019203    0.085576    0.104485    2.164380 ^ fanout26/X (sg13g2_buf_1)
                                                         net26 (net)
                      0.085576    0.000127    2.164508 ^ fanout23/A (sg13g2_buf_1)
     8    0.048229    0.201221    0.212393    2.376900 ^ fanout23/X (sg13g2_buf_1)
                                                         net23 (net)
                      0.201221    0.000135    2.377036 ^ fanout22/A (sg13g2_buf_1)
     8    0.047831    0.199942    0.244051    2.621086 ^ fanout22/X (sg13g2_buf_1)
                                                         net22 (net)
                      0.199942    0.000645    2.621732 ^ _172_/RESET_B (sg13g2_dfrbpq_1)
                                              2.621732   data arrival time

                                 10.000000   10.000000   clock clk_i (rise edge)
                                  0.000000   10.000000   clock source latency
     1    0.024077    0.038967    0.020348   10.020349 ^ clk_i (in)
                                                         clk_i (net)
                      0.039068    0.000000   10.020349 ^ clkbuf_0_clk_i/A (sg13g2_buf_16)
     8    0.155975    0.051557    0.095633   10.115981 ^ clkbuf_0_clk_i/X (sg13g2_buf_16)
                                                         clknet_0_clk_i (net)
                      0.051686    0.001798   10.117779 ^ clkbuf_3_0__f_clk_i/A (sg13g2_buf_16)
     4    0.014672    0.019279    0.074654   10.192433 ^ clkbuf_3_0__f_clk_i/X (sg13g2_buf_16)
                                                         clknet_3_0__leaf_clk_i (net)
                      0.019279    0.000103   10.192536 ^ _172_/CLK (sg13g2_dfrbpq_1)
                                 -0.250000    9.942536   clock uncertainty
                                  0.000000    9.942536   clock reconvergence pessimism
                                 -0.175084    9.767452   library recovery time
                                              9.767452   data required time
---------------------------------------------------------------------------------------------
                                              9.767452   data required time
                                             -2.621732   data arrival time
---------------------------------------------------------------------------------------------
                                              7.145720   slack (MET)


Startpoint: rst_ni (input port clocked by clk_i)
Endpoint: _186_ (recovery check against rising-edge clock clk_i)
Path Group: asynchronous
Path Type: max

Fanout         Cap        Slew       Delay        Time   Description
---------------------------------------------------------------------------------------------
                                  0.000000    0.000000   clock clk_i (rise edge)
                                  0.000000    0.000000   clock network delay (propagated)
                                  2.000000    2.000000 ^ input external delay
     1    0.003773    0.020945    0.003110    2.003110 ^ rst_ni (in)
                                                         rst_ni (net)
                      0.020945    0.000000    2.003110 ^ input1/A (sg13g2_buf_1)
     1    0.003069    0.022554    0.056755    2.059866 ^ input1/X (sg13g2_buf_1)
                                                         net1 (net)
                      0.022554    0.000029    2.059895 ^ fanout26/A (sg13g2_buf_1)
     4    0.019203    0.085576    0.104485    2.164380 ^ fanout26/X (sg13g2_buf_1)
                                                         net26 (net)
                      0.085576    0.000127    2.164508 ^ fanout23/A (sg13g2_buf_1)
     8    0.048229    0.201221    0.212393    2.376900 ^ fanout23/X (sg13g2_buf_1)
                                                         net23 (net)
                      0.201221    0.000135    2.377036 ^ fanout22/A (sg13g2_buf_1)
     8    0.047831    0.199942    0.244051    2.621086 ^ fanout22/X (sg13g2_buf_1)
                                                         net22 (net)
                      0.199944    0.000909    2.621996 ^ _186_/RESET_B (sg13g2_dfrbpq_1)
                                              2.621996   data arrival time

                                 10.000000   10.000000   clock clk_i (rise edge)
                                  0.000000   10.000000   clock source latency
     1    0.024077    0.038967    0.020348   10.020349 ^ clk_i (in)
                                                         clk_i (net)
                      0.039068    0.000000   10.020349 ^ clkbuf_0_clk_i/A (sg13g2_buf_16)
     8    0.155975    0.051557    0.095633   10.115981 ^ clkbuf_0_clk_i/X (sg13g2_buf_16)
                                                         clknet_0_clk_i (net)
                      0.051690    0.001839   10.117821 ^ clkbuf_3_3__f_clk_i/A (sg13g2_buf_16)
     4    0.016313    0.019642    0.074969   10.192790 ^ clkbuf_3_3__f_clk_i/X (sg13g2_buf_16)
                                                         clknet_3_3__leaf_clk_i (net)
                      0.019643    0.000236   10.193027 ^ _186_/CLK (sg13g2_dfrbpq_1)
                                 -0.250000    9.943027   clock uncertainty
                                  0.000000    9.943027   clock reconvergence pessimism
                                 -0.175030    9.767996   library recovery time
                                              9.767996   data required time
---------------------------------------------------------------------------------------------
                                              9.767996   data required time
                                             -2.621996   data arrival time
---------------------------------------------------------------------------------------------
                                              7.145999   slack (MET)


Startpoint: rst_ni (input port clocked by clk_i)
Endpoint: _187_ (recovery check against rising-edge clock clk_i)
Path Group: asynchronous
Path Type: max

Fanout         Cap        Slew       Delay        Time   Description
---------------------------------------------------------------------------------------------
                                  0.000000    0.000000   clock clk_i (rise edge)
                                  0.000000    0.000000   clock network delay (propagated)
                                  2.000000    2.000000 ^ input external delay
     1    0.003773    0.020945    0.003110    2.003110 ^ rst_ni (in)
                                                         rst_ni (net)
                      0.020945    0.000000    2.003110 ^ input1/A (sg13g2_buf_1)
     1    0.003069    0.022554    0.056755    2.059866 ^ input1/X (sg13g2_buf_1)
                                                         net1 (net)
                      0.022554    0.000029    2.059895 ^ fanout26/A (sg13g2_buf_1)
     4    0.019203    0.085576    0.104485    2.164380 ^ fanout26/X (sg13g2_buf_1)
                                                         net26 (net)
                      0.085576    0.000127    2.164508 ^ fanout23/A (sg13g2_buf_1)
     8    0.048229    0.201221    0.212393    2.376900 ^ fanout23/X (sg13g2_buf_1)
                                                         net23 (net)
                      0.201221    0.000135    2.377036 ^ fanout22/A (sg13g2_buf_1)
     8    0.047831    0.199942    0.244051    2.621086 ^ fanout22/X (sg13g2_buf_1)
                                                         net22 (net)
                      0.199943    0.000869    2.621956 ^ _187_/RESET_B (sg13g2_dfrbpq_1)
                                              2.621956   data arrival time

                                 10.000000   10.000000   clock clk_i (rise edge)
                                  0.000000   10.000000   clock source latency
     1    0.024077    0.038967    0.020348   10.020349 ^ clk_i (in)
                                                         clk_i (net)
                      0.039068    0.000000   10.020349 ^ clkbuf_0_clk_i/A (sg13g2_buf_16)
     8    0.155975    0.051557    0.095633   10.115981 ^ clkbuf_0_clk_i/X (sg13g2_buf_16)
                                                         clknet_0_clk_i (net)
                      0.051690    0.001839   10.117821 ^ clkbuf_3_3__f_clk_i/A (sg13g2_buf_16)
     4    0.016313    0.019642    0.074969   10.192790 ^ clkbuf_3_3__f_clk_i/X (sg13g2_buf_16)
                                                         clknet_3_3__leaf_clk_i (net)
                      0.019642    0.000207   10.192997 ^ _187_/CLK (sg13g2_dfrbpq_1)
                                 -0.250000    9.942997   clock uncertainty
                                  0.000000    9.942997   clock reconvergence pessimism
                                 -0.175030    9.767966   library recovery time
                                              9.767966   data required time
---------------------------------------------------------------------------------------------
                                              9.767966   data required time
                                             -2.621956   data arrival time
---------------------------------------------------------------------------------------------
                                              7.146011   slack (MET)


Startpoint: rst_ni (input port clocked by clk_i)
Endpoint: _188_ (recovery check against rising-edge clock clk_i)
Path Group: asynchronous
Path Type: max

Fanout         Cap        Slew       Delay        Time   Description
---------------------------------------------------------------------------------------------
                                  0.000000    0.000000   clock clk_i (rise edge)
                                  0.000000    0.000000   clock network delay (propagated)
                                  2.000000    2.000000 ^ input external delay
     1    0.003773    0.020945    0.003110    2.003110 ^ rst_ni (in)
                                                         rst_ni (net)
                      0.020945    0.000000    2.003110 ^ input1/A (sg13g2_buf_1)
     1    0.003069    0.022554    0.056755    2.059866 ^ input1/X (sg13g2_buf_1)
                                                         net1 (net)
                      0.022554    0.000029    2.059895 ^ fanout26/A (sg13g2_buf_1)
     4    0.019203    0.085576    0.104485    2.164380 ^ fanout26/X (sg13g2_buf_1)
                                                         net26 (net)
                      0.085576    0.000127    2.164508 ^ fanout23/A (sg13g2_buf_1)
     8    0.048229    0.201221    0.212393    2.376900 ^ fanout23/X (sg13g2_buf_1)
                                                         net23 (net)
                      0.201221    0.000135    2.377036 ^ fanout22/A (sg13g2_buf_1)
     8    0.047831    0.199942    0.244051    2.621086 ^ fanout22/X (sg13g2_buf_1)
                                                         net22 (net)
                      0.199942    0.000756    2.621843 ^ _188_/RESET_B (sg13g2_dfrbpq_1)
                                              2.621843   data arrival time

                                 10.000000   10.000000   clock clk_i (rise edge)
                                  0.000000   10.000000   clock source latency
     1    0.024077    0.038967    0.020348   10.020349 ^ clk_i (in)
                                                         clk_i (net)
                      0.039068    0.000000   10.020349 ^ clkbuf_0_clk_i/A (sg13g2_buf_16)
     8    0.155975    0.051557    0.095633   10.115981 ^ clkbuf_0_clk_i/X (sg13g2_buf_16)
                                                         clknet_0_clk_i (net)
                      0.051690    0.001839   10.117821 ^ clkbuf_3_3__f_clk_i/A (sg13g2_buf_16)
     4    0.016313    0.019642    0.074969   10.192790 ^ clkbuf_3_3__f_clk_i/X (sg13g2_buf_16)
                                                         clknet_3_3__leaf_clk_i (net)
                      0.019642    0.000196   10.192986 ^ _188_/CLK (sg13g2_dfrbpq_1)
                                 -0.250000    9.942986   clock uncertainty
                                  0.000000    9.942986   clock reconvergence pessimism
                                 -0.175030    9.767957   library recovery time
                                              9.767957   data required time
---------------------------------------------------------------------------------------------
                                              9.767957   data required time
                                             -2.621843   data arrival time
---------------------------------------------------------------------------------------------
                                              7.146114   slack (MET)


Startpoint: rst_ni (input port clocked by clk_i)
Endpoint: _189_ (recovery check against rising-edge clock clk_i)
Path Group: asynchronous
Path Type: max

Fanout         Cap        Slew       Delay        Time   Description
---------------------------------------------------------------------------------------------
                                  0.000000    0.000000   clock clk_i (rise edge)
                                  0.000000    0.000000   clock network delay (propagated)
                                  2.000000    2.000000 ^ input external delay
     1    0.003773    0.020945    0.003110    2.003110 ^ rst_ni (in)
                                                         rst_ni (net)
                      0.020945    0.000000    2.003110 ^ input1/A (sg13g2_buf_1)
     1    0.003069    0.022554    0.056755    2.059866 ^ input1/X (sg13g2_buf_1)
                                                         net1 (net)
                      0.022554    0.000029    2.059895 ^ fanout26/A (sg13g2_buf_1)
     4    0.019203    0.085576    0.104485    2.164380 ^ fanout26/X (sg13g2_buf_1)
                                                         net26 (net)
                      0.085576    0.000127    2.164508 ^ fanout23/A (sg13g2_buf_1)
     8    0.048229    0.201221    0.212393    2.376900 ^ fanout23/X (sg13g2_buf_1)
                                                         net23 (net)
                      0.201221    0.000135    2.377036 ^ fanout22/A (sg13g2_buf_1)
     8    0.047831    0.199942    0.244051    2.621086 ^ fanout22/X (sg13g2_buf_1)
                                                         net22 (net)
                      0.199942    0.000675    2.621761 ^ _189_/RESET_B (sg13g2_dfrbpq_1)
                                              2.621761   data arrival time

                                 10.000000   10.000000   clock clk_i (rise edge)
                                  0.000000   10.000000   clock source latency
     1    0.024077    0.038967    0.020348   10.020349 ^ clk_i (in)
                                                         clk_i (net)
                      0.039068    0.000000   10.020349 ^ clkbuf_0_clk_i/A (sg13g2_buf_16)
     8    0.155975    0.051557    0.095633   10.115981 ^ clkbuf_0_clk_i/X (sg13g2_buf_16)
                                                         clknet_0_clk_i (net)
                      0.051794    0.002590   10.118571 ^ clkbuf_3_2__f_clk_i/A (sg13g2_buf_16)
     4    0.015639    0.019493    0.074894   10.193465 ^ clkbuf_3_2__f_clk_i/X (sg13g2_buf_16)
                                                         clknet_3_2__leaf_clk_i (net)
                      0.019493    0.000135   10.193600 ^ _189_/CLK (sg13g2_dfrbpq_1)
                                 -0.250000    9.943600   clock uncertainty
                                  0.000000    9.943600   clock reconvergence pessimism
                                 -0.175052    9.768548   library recovery time
                                              9.768548   data required time
---------------------------------------------------------------------------------------------
                                              9.768548   data required time
                                             -2.621761   data arrival time
---------------------------------------------------------------------------------------------
                                              7.146787   slack (MET)


Startpoint: rst_ni (input port clocked by clk_i)
Endpoint: _171_ (recovery check against rising-edge clock clk_i)
Path Group: asynchronous
Path Type: max

Fanout         Cap        Slew       Delay        Time   Description
---------------------------------------------------------------------------------------------
                                  0.000000    0.000000   clock clk_i (rise edge)
                                  0.000000    0.000000   clock network delay (propagated)
                                  2.000000    2.000000 ^ input external delay
     1    0.003773    0.020945    0.003110    2.003110 ^ rst_ni (in)
                                                         rst_ni (net)
                      0.020945    0.000000    2.003110 ^ input1/A (sg13g2_buf_1)
     1    0.003069    0.022554    0.056755    2.059866 ^ input1/X (sg13g2_buf_1)
                                                         net1 (net)
                      0.022554    0.000029    2.059895 ^ fanout26/A (sg13g2_buf_1)
     4    0.019203    0.085576    0.104485    2.164380 ^ fanout26/X (sg13g2_buf_1)
                                                         net26 (net)
                      0.085576    0.000127    2.164508 ^ fanout23/A (sg13g2_buf_1)
     8    0.048229    0.201221    0.212393    2.376900 ^ fanout23/X (sg13g2_buf_1)
                                                         net23 (net)
                      0.201221    0.000135    2.377036 ^ fanout22/A (sg13g2_buf_1)
     8    0.047831    0.199942    0.244051    2.621086 ^ fanout22/X (sg13g2_buf_1)
                                                         net22 (net)
                      0.199942    0.000601    2.621688 ^ _171_/RESET_B (sg13g2_dfrbpq_1)
                                              2.621688   data arrival time

                                 10.000000   10.000000   clock clk_i (rise edge)
                                  0.000000   10.000000   clock source latency
     1    0.024077    0.038967    0.020348   10.020349 ^ clk_i (in)
                                                         clk_i (net)
                      0.039068    0.000000   10.020349 ^ clkbuf_0_clk_i/A (sg13g2_buf_16)
     8    0.155975    0.051557    0.095633   10.115981 ^ clkbuf_0_clk_i/X (sg13g2_buf_16)
                                                         clknet_0_clk_i (net)
                      0.051794    0.002590   10.118571 ^ clkbuf_3_2__f_clk_i/A (sg13g2_buf_16)
     4    0.015639    0.019493    0.074894   10.193465 ^ clkbuf_3_2__f_clk_i/X (sg13g2_buf_16)
                                                         clknet_3_2__leaf_clk_i (net)
                      0.019493    0.000174   10.193639 ^ _171_/CLK (sg13g2_dfrbpq_1)
                                 -0.250000    9.943639   clock uncertainty
                                  0.000000    9.943639   clock reconvergence pessimism
                                 -0.175052    9.768587   library recovery time
                                              9.768587   data required time
---------------------------------------------------------------------------------------------
                                              9.768587   data required time
                                             -2.621688   data arrival time
---------------------------------------------------------------------------------------------
                                              7.146899   slack (MET)


Startpoint: rst_ni (input port clocked by clk_i)
Endpoint: _200_ (recovery check against rising-edge clock clk_i)
Path Group: asynchronous
Path Type: max

Fanout         Cap        Slew       Delay        Time   Description
---------------------------------------------------------------------------------------------
                                  0.000000    0.000000   clock clk_i (rise edge)
                                  0.000000    0.000000   clock network delay (propagated)
                                  2.000000    2.000000 ^ input external delay
     1    0.003773    0.020945    0.003110    2.003110 ^ rst_ni (in)
                                                         rst_ni (net)
                      0.020945    0.000000    2.003110 ^ input1/A (sg13g2_buf_1)
     1    0.003069    0.022554    0.056755    2.059866 ^ input1/X (sg13g2_buf_1)
                                                         net1 (net)
                      0.022554    0.000029    2.059895 ^ fanout26/A (sg13g2_buf_1)
     4    0.019203    0.085576    0.104485    2.164380 ^ fanout26/X (sg13g2_buf_1)
                                                         net26 (net)
                      0.085576    0.000127    2.164508 ^ fanout23/A (sg13g2_buf_1)
     8    0.048229    0.201221    0.212393    2.376900 ^ fanout23/X (sg13g2_buf_1)
                                                         net23 (net)
                      0.201221    0.000135    2.377036 ^ fanout22/A (sg13g2_buf_1)
     8    0.047831    0.199942    0.244051    2.621086 ^ fanout22/X (sg13g2_buf_1)
                                                         net22 (net)
                      0.199942    0.000507    2.621594 ^ _200_/RESET_B (sg13g2_dfrbpq_1)
                                              2.621594   data arrival time

                                 10.000000   10.000000   clock clk_i (rise edge)
                                  0.000000   10.000000   clock source latency
     1    0.024077    0.038967    0.020348   10.020349 ^ clk_i (in)
                                                         clk_i (net)
                      0.039068    0.000000   10.020349 ^ clkbuf_0_clk_i/A (sg13g2_buf_16)
     8    0.155975    0.051557    0.095633   10.115981 ^ clkbuf_0_clk_i/X (sg13g2_buf_16)
                                                         clknet_0_clk_i (net)
                      0.051794    0.002590   10.118571 ^ clkbuf_3_2__f_clk_i/A (sg13g2_buf_16)
     4    0.015639    0.019493    0.074894   10.193465 ^ clkbuf_3_2__f_clk_i/X (sg13g2_buf_16)
                                                         clknet_3_2__leaf_clk_i (net)
                      0.019493    0.000105   10.193570 ^ _200_/CLK (sg13g2_dfrbpq_1)
                                 -0.250000    9.943570   clock uncertainty
                                  0.000000    9.943570   clock reconvergence pessimism
                                 -0.175052    9.768517   library recovery time
                                              9.768517   data required time
---------------------------------------------------------------------------------------------
                                              9.768517   data required time
                                             -2.621594   data arrival time
---------------------------------------------------------------------------------------------
                                              7.146924   slack (MET)


Startpoint: rst_ni (input port clocked by clk_i)
Endpoint: _199_ (recovery check against rising-edge clock clk_i)
Path Group: asynchronous
Path Type: max

Fanout         Cap        Slew       Delay        Time   Description
---------------------------------------------------------------------------------------------
                                  0.000000    0.000000   clock clk_i (rise edge)
                                  0.000000    0.000000   clock network delay (propagated)
                                  2.000000    2.000000 ^ input external delay
     1    0.003773    0.020945    0.003110    2.003110 ^ rst_ni (in)
                                                         rst_ni (net)
                      0.020945    0.000000    2.003110 ^ input1/A (sg13g2_buf_1)
     1    0.003069    0.022554    0.056755    2.059866 ^ input1/X (sg13g2_buf_1)
                                                         net1 (net)
                      0.022554    0.000029    2.059895 ^ fanout26/A (sg13g2_buf_1)
     4    0.019203    0.085576    0.104485    2.164380 ^ fanout26/X (sg13g2_buf_1)
                                                         net26 (net)
                      0.085576    0.000127    2.164508 ^ fanout23/A (sg13g2_buf_1)
     8    0.048229    0.201221    0.212393    2.376900 ^ fanout23/X (sg13g2_buf_1)
                                                         net23 (net)
                      0.201221    0.000135    2.377036 ^ fanout22/A (sg13g2_buf_1)
     8    0.047831    0.199942    0.244051    2.621086 ^ fanout22/X (sg13g2_buf_1)
                                                         net22 (net)
                      0.199942    0.000461    2.621547 ^ _199_/RESET_B (sg13g2_dfrbpq_1)
                                              2.621547   data arrival time

                                 10.000000   10.000000   clock clk_i (rise edge)
                                  0.000000   10.000000   clock source latency
     1    0.024077    0.038967    0.020348   10.020349 ^ clk_i (in)
                                                         clk_i (net)
                      0.039068    0.000000   10.020349 ^ clkbuf_0_clk_i/A (sg13g2_buf_16)
     8    0.155975    0.051557    0.095633   10.115981 ^ clkbuf_0_clk_i/X (sg13g2_buf_16)
                                                         clknet_0_clk_i (net)
                      0.051794    0.002590   10.118571 ^ clkbuf_3_2__f_clk_i/A (sg13g2_buf_16)
     4    0.015639    0.019493    0.074894   10.193465 ^ clkbuf_3_2__f_clk_i/X (sg13g2_buf_16)
                                                         clknet_3_2__leaf_clk_i (net)
                      0.019493    0.000131   10.193597 ^ _199_/CLK (sg13g2_dfrbpq_1)
                                 -0.250000    9.943597   clock uncertainty
                                  0.000000    9.943597   clock reconvergence pessimism
                                 -0.175052    9.768544   library recovery time
                                              9.768544   data required time
---------------------------------------------------------------------------------------------
                                              9.768544   data required time
                                             -2.621547   data arrival time
---------------------------------------------------------------------------------------------
                                              7.146997   slack (MET)


Startpoint: _202_ (rising edge-triggered flip-flop clocked by clk_i)
Endpoint: uo_CORE2PAD[0] (output port clocked by clk_i)
Path Group: clk_i
Path Type: max

Fanout         Cap        Slew       Delay        Time   Description
---------------------------------------------------------------------------------------------
                                  0.000000    0.000000   clock clk_i (rise edge)
                                  0.000000    0.000000   clock source latency
     1    0.024077    0.038967    0.020348    0.020348 ^ clk_i (in)
                                                         clk_i (net)
                      0.039068    0.000000    0.020348 ^ clkbuf_0_clk_i/A (sg13g2_buf_16)
     8    0.155975    0.051557    0.095633    0.115981 ^ clkbuf_0_clk_i/X (sg13g2_buf_16)
                                                         clknet_0_clk_i (net)
                      0.051670    0.001651    0.117632 ^ clkbuf_3_5__f_clk_i/A (sg13g2_buf_16)
     4    0.014812    0.019314    0.074670    0.192301 ^ clkbuf_3_5__f_clk_i/X (sg13g2_buf_16)
                                                         clknet_3_5__leaf_clk_i (net)
                      0.019315    0.000158    0.192460 ^ _202_/CLK (sg13g2_dfrbpq_1)
     1    0.003033    0.024434    0.162572    0.355031 ^ _202_/Q (sg13g2_dfrbpq_1)
                                                         spm_inst.csa0.sum (net)
                      0.024434    0.000028    0.355060 ^ _219_/A (sg13g2_buf_1)
     1    0.003915    0.025807    0.060716    0.415775 ^ _219_/X (sg13g2_buf_1)
                                                         net19 (net)
                      0.025807    0.000059    0.415834 ^ output19/A (sg13g2_buf_1)
     1    0.006000    0.034912    0.067435    0.483268 ^ output19/X (sg13g2_buf_1)
                                                         uo_CORE2PAD[0] (net)
                      0.034912    0.000000    0.483268 ^ uo_CORE2PAD[0] (out)
                                              0.483268   data arrival time

                                 10.000000   10.000000   clock clk_i (rise edge)
                                  0.000000   10.000000   clock network delay (propagated)
                                 -0.250000    9.750000   clock uncertainty
                                  0.000000    9.750000   clock reconvergence pessimism
                                 -2.000000    7.750000   output external delay
                                              7.750000   data required time
---------------------------------------------------------------------------------------------
                                              7.750000   data required time
                                             -0.483268   data arrival time
---------------------------------------------------------------------------------------------
                                              7.266731   slack (MET)


Startpoint: ui_PAD2CORE[0] (input port clocked by clk_i)
Endpoint: _195_ (rising edge-triggered flip-flop clocked by clk_i)
Path Group: clk_i
Path Type: max

Fanout         Cap        Slew       Delay        Time   Description
---------------------------------------------------------------------------------------------
                                  0.000000    0.000000   clock clk_i (rise edge)
                                  0.000000    0.000000   clock network delay (propagated)
                                  2.000000    2.000000 ^ input external delay
     1    0.003664    0.020844    0.003018    2.003018 ^ ui_PAD2CORE[0] (in)
                                                         ui_PAD2CORE[0] (net)
                      0.020844    0.000000    2.003018 ^ input2/A (sg13g2_buf_1)
     2    0.008097    0.041612    0.071401    2.074419 ^ input2/X (sg13g2_buf_1)
                                                         net2 (net)
                      0.041612    0.000149    2.074567 ^ fanout21/A (sg13g2_buf_1)
     8    0.037633    0.158748    0.164333    2.238900 ^ fanout21/X (sg13g2_buf_1)
                                                         net21 (net)
                      0.158763    0.001307    2.240207 ^ _150_/A (sg13g2_nand2_1)
     2    0.010231    0.090411    0.117128    2.357334 v _150_/Y (sg13g2_nand2_1)
                                                         _052_ (net)
                      0.090411    0.000105    2.357440 v _155_/A1 (sg13g2_o21ai_1)
     1    0.002804    0.069108    0.105995    2.463435 ^ _155_/Y (sg13g2_o21ai_1)
                                                         _007_ (net)
                      0.069108    0.000034    2.463468 ^ _195_/D (sg13g2_dfrbpq_1)
                                              2.463468   data arrival time

                                 10.000000   10.000000   clock clk_i (rise edge)
                                  0.000000   10.000000   clock source latency
     1    0.024077    0.038967    0.020348   10.020349 ^ clk_i (in)
                                                         clk_i (net)
                      0.039068    0.000000   10.020349 ^ clkbuf_0_clk_i/A (sg13g2_buf_16)
     8    0.155975    0.051557    0.095633   10.115981 ^ clkbuf_0_clk_i/X (sg13g2_buf_16)
                                                         clknet_0_clk_i (net)
                      0.051723    0.002108   10.118089 ^ clkbuf_3_7__f_clk_i/A (sg13g2_buf_16)
     4    0.014887    0.019315    0.074711   10.192800 ^ clkbuf_3_7__f_clk_i/X (sg13g2_buf_16)
                                                         clknet_3_7__leaf_clk_i (net)
                      0.019315    0.000139   10.192939 ^ _195_/CLK (sg13g2_dfrbpq_1)
                                 -0.250000    9.942939   clock uncertainty
                                  0.000000    9.942939   clock reconvergence pessimism
                                 -0.128792    9.814147   library setup time
                                              9.814147   data required time
---------------------------------------------------------------------------------------------
                                              9.814147   data required time
                                             -2.463468   data arrival time
---------------------------------------------------------------------------------------------
                                              7.350678   slack (MET)


Startpoint: ui_PAD2CORE[0] (input port clocked by clk_i)
Endpoint: _180_ (rising edge-triggered flip-flop clocked by clk_i)
Path Group: clk_i
Path Type: max

Fanout         Cap        Slew       Delay        Time   Description
---------------------------------------------------------------------------------------------
                                  0.000000    0.000000   clock clk_i (rise edge)
                                  0.000000    0.000000   clock network delay (propagated)
                                  2.000000    2.000000 ^ input external delay
     1    0.003664    0.020844    0.003018    2.003018 ^ ui_PAD2CORE[0] (in)
                                                         ui_PAD2CORE[0] (net)
                      0.020844    0.000000    2.003018 ^ input2/A (sg13g2_buf_1)
     2    0.008097    0.041612    0.071401    2.074419 ^ input2/X (sg13g2_buf_1)
                                                         net2 (net)
                      0.041612    0.000149    2.074567 ^ fanout21/A (sg13g2_buf_1)
     8    0.037633    0.158748    0.164333    2.238900 ^ fanout21/X (sg13g2_buf_1)
                                                         net21 (net)
                      0.158769    0.001521    2.240422 ^ _102_/A (sg13g2_nand2_1)
     2    0.009993    0.089031    0.115785    2.356207 v _102_/Y (sg13g2_nand2_1)
                                                         _020_ (net)
                      0.089031    0.000047    2.356254 v _106_/A (sg13g2_xnor2_1)
     1    0.003258    0.044985    0.113043    2.469297 v _106_/Y (sg13g2_xnor2_1)
                                                         spm_inst.genblk1[10].csa.hsum2 (net)
                      0.044985    0.000050    2.469346 v _180_/D (sg13g2_dfrbpq_1)
                                              2.469346   data arrival time

                                 10.000000   10.000000   clock clk_i (rise edge)
                                  0.000000   10.000000   clock source latency
     1    0.024077    0.038967    0.020348   10.020349 ^ clk_i (in)
                                                         clk_i (net)
                      0.039068    0.000000   10.020349 ^ clkbuf_0_clk_i/A (sg13g2_buf_16)
     8    0.155975    0.051557    0.095633   10.115981 ^ clkbuf_0_clk_i/X (sg13g2_buf_16)
                                                         clknet_0_clk_i (net)
                      0.051633    0.001232   10.117213 ^ clkbuf_3_4__f_clk_i/A (sg13g2_buf_16)
     4    0.014672    0.019278    0.074627   10.191839 ^ clkbuf_3_4__f_clk_i/X (sg13g2_buf_16)
                                                         clknet_3_4__leaf_clk_i (net)
                      0.019279    0.000122   10.191961 ^ _180_/CLK (sg13g2_dfrbpq_1)
                                 -0.250000    9.941961   clock uncertainty
                                  0.000000    9.941961   clock reconvergence pessimism
                                 -0.121809    9.820152   library setup time
                                              9.820152   data required time
---------------------------------------------------------------------------------------------
                                              9.820152   data required time
                                             -2.469346   data arrival time
---------------------------------------------------------------------------------------------
                                              7.350806   slack (MET)


Startpoint: ui_PAD2CORE[0] (input port clocked by clk_i)
Endpoint: _184_ (rising edge-triggered flip-flop clocked by clk_i)
Path Group: clk_i
Path Type: max

Fanout         Cap        Slew       Delay        Time   Description
---------------------------------------------------------------------------------------------
                                  0.000000    0.000000   clock clk_i (rise edge)
                                  0.000000    0.000000   clock network delay (propagated)
                                  2.000000    2.000000 ^ input external delay
     1    0.003664    0.020844    0.003018    2.003018 ^ ui_PAD2CORE[0] (in)
                                                         ui_PAD2CORE[0] (net)
                      0.020844    0.000000    2.003018 ^ input2/A (sg13g2_buf_1)
     2    0.008097    0.041612    0.071401    2.074419 ^ input2/X (sg13g2_buf_1)
                                                         net2 (net)
                      0.041612    0.000149    2.074567 ^ fanout21/A (sg13g2_buf_1)
     8    0.037633    0.158748    0.164333    2.238900 ^ fanout21/X (sg13g2_buf_1)
                                                         net21 (net)
                      0.158757    0.001005    2.239905 ^ _114_/A (sg13g2_nand2_1)
     2    0.011100    0.095373    0.122220    2.362124 v _114_/Y (sg13g2_nand2_1)
                                                         _028_ (net)
                      0.095373    0.000105    2.362229 v _118_/A (sg13g2_xnor2_1)
     1    0.001854    0.038489    0.109871    2.472100 v _118_/Y (sg13g2_xnor2_1)
                                                         spm_inst.genblk1[8].csa.hsum2 (net)
                      0.038489    0.000013    2.472113 v _184_/D (sg13g2_dfrbpq_1)
                                              2.472113   data arrival time

                                 10.000000   10.000000   clock clk_i (rise edge)
                                  0.000000   10.000000   clock source latency
     1    0.024077    0.038967    0.020348   10.020349 ^ clk_i (in)
                                                         clk_i (net)
                      0.039068    0.000000   10.020349 ^ clkbuf_0_clk_i/A (sg13g2_buf_16)
     8    0.155975    0.051557    0.095633   10.115981 ^ clkbuf_0_clk_i/X (sg13g2_buf_16)
                                                         clknet_0_clk_i (net)
                      0.051667    0.001625   10.117606 ^ clkbuf_3_6__f_clk_i/A (sg13g2_buf_16)
     4    0.014941    0.019326    0.074698   10.192305 ^ clkbuf_3_6__f_clk_i/X (sg13g2_buf_16)
                                                         clknet_3_6__leaf_clk_i (net)
                      0.019326    0.000079   10.192384 ^ _184_/CLK (sg13g2_dfrbpq_1)
                                 -0.250000    9.942384   clock uncertainty
                                  0.000000    9.942384   clock reconvergence pessimism
                                 -0.119457    9.822927   library setup time
                                              9.822927   data required time
---------------------------------------------------------------------------------------------
                                              9.822927   data required time
                                             -2.472113   data arrival time
---------------------------------------------------------------------------------------------
                                              7.350814   slack (MET)


Startpoint: ui_PAD2CORE[0] (input port clocked by clk_i)
Endpoint: _201_ (rising edge-triggered flip-flop clocked by clk_i)
Path Group: clk_i
Path Type: max

Fanout         Cap        Slew       Delay        Time   Description
---------------------------------------------------------------------------------------------
                                  0.000000    0.000000   clock clk_i (rise edge)
                                  0.000000    0.000000   clock network delay (propagated)
                                  2.000000    2.000000 ^ input external delay
     1    0.003664    0.020844    0.003018    2.003018 ^ ui_PAD2CORE[0] (in)
                                                         ui_PAD2CORE[0] (net)
                      0.020844    0.000000    2.003018 ^ input2/A (sg13g2_buf_1)
     2    0.008097    0.041612    0.071401    2.074419 ^ input2/X (sg13g2_buf_1)
                                                         net2 (net)
                      0.041612    0.000149    2.074567 ^ fanout21/A (sg13g2_buf_1)
     8    0.037633    0.158748    0.164333    2.238900 ^ fanout21/X (sg13g2_buf_1)
                                                         net21 (net)
                      0.158766    0.001422    2.240322 ^ _165_/A (sg13g2_nand2_1)
     2    0.010174    0.090064    0.116825    2.357147 v _165_/Y (sg13g2_nand2_1)
                                                         _061_ (net)
                      0.090064    0.000051    2.357198 v _170_/A1 (sg13g2_o21ai_1)
     1    0.002731    0.068444    0.105343    2.462541 ^ _170_/Y (sg13g2_o21ai_1)
                                                         _000_ (net)
                      0.068444    0.000031    2.462572 ^ _201_/D (sg13g2_dfrbpq_1)
                                              2.462572   data arrival time

                                 10.000000   10.000000   clock clk_i (rise edge)
                                  0.000000   10.000000   clock source latency
     1    0.024077    0.038967    0.020348   10.020349 ^ clk_i (in)
                                                         clk_i (net)
                      0.039068    0.000000   10.020349 ^ clkbuf_0_clk_i/A (sg13g2_buf_16)
     8    0.155975    0.051557    0.095633   10.115981 ^ clkbuf_0_clk_i/X (sg13g2_buf_16)
                                                         clknet_0_clk_i (net)
                      0.051670    0.001651   10.117632 ^ clkbuf_3_5__f_clk_i/A (sg13g2_buf_16)
     4    0.014812    0.019314    0.074669   10.192302 ^ clkbuf_3_5__f_clk_i/X (sg13g2_buf_16)
                                                         clknet_3_5__leaf_clk_i (net)
                      0.019315    0.000139   10.192440 ^ _201_/CLK (sg13g2_dfrbpq_1)
                                 -0.250000    9.942440   clock uncertainty
                                  0.000000    9.942440   clock reconvergence pessimism
                                 -0.128576    9.813864   library setup time
                                              9.813864   data required time
---------------------------------------------------------------------------------------------
                                              9.813864   data required time
                                             -2.462572   data arrival time
---------------------------------------------------------------------------------------------
                                              7.351291   slack (MET)


Startpoint: ui_PAD2CORE[0] (input port clocked by clk_i)
Endpoint: _183_ (rising edge-triggered flip-flop clocked by clk_i)
Path Group: clk_i
Path Type: max

Fanout         Cap        Slew       Delay        Time   Description
---------------------------------------------------------------------------------------------
                                  0.000000    0.000000   clock clk_i (rise edge)
                                  0.000000    0.000000   clock network delay (propagated)
                                  2.000000    2.000000 ^ input external delay
     1    0.003664    0.020844    0.003018    2.003018 ^ ui_PAD2CORE[0] (in)
                                                         ui_PAD2CORE[0] (net)
                      0.020844    0.000000    2.003018 ^ input2/A (sg13g2_buf_1)
     2    0.008097    0.041612    0.071401    2.074419 ^ input2/X (sg13g2_buf_1)
                                                         net2 (net)
                      0.041612    0.000149    2.074567 ^ fanout21/A (sg13g2_buf_1)
     8    0.037633    0.158748    0.164333    2.238900 ^ fanout21/X (sg13g2_buf_1)
                                                         net21 (net)
                      0.158757    0.001005    2.239905 ^ _114_/A (sg13g2_nand2_1)
     2    0.011100    0.095373    0.122220    2.362124 v _114_/Y (sg13g2_nand2_1)
                                                         _028_ (net)
                      0.095373    0.000087    2.362211 v _119_/A1 (sg13g2_o21ai_1)
     1    0.001853    0.061164    0.101013    2.463225 ^ _119_/Y (sg13g2_o21ai_1)
                                                         _013_ (net)
                      0.061164    0.000013    2.463238 ^ _183_/D (sg13g2_dfrbpq_1)
                                              2.463238   data arrival time

                                 10.000000   10.000000   clock clk_i (rise edge)
                                  0.000000   10.000000   clock source latency
     1    0.024077    0.038967    0.020348   10.020349 ^ clk_i (in)
                                                         clk_i (net)
                      0.039068    0.000000   10.020349 ^ clkbuf_0_clk_i/A (sg13g2_buf_16)
     8    0.155975    0.051557    0.095633   10.115981 ^ clkbuf_0_clk_i/X (sg13g2_buf_16)
                                                         clknet_0_clk_i (net)
                      0.051667    0.001625   10.117606 ^ clkbuf_3_6__f_clk_i/A (sg13g2_buf_16)
     4    0.014941    0.019326    0.074698   10.192305 ^ clkbuf_3_6__f_clk_i/X (sg13g2_buf_16)
                                                         clknet_3_6__leaf_clk_i (net)
                      0.019326    0.000065   10.192369 ^ _183_/CLK (sg13g2_dfrbpq_1)
                                 -0.250000    9.942369   clock uncertainty
                                  0.000000    9.942369   clock reconvergence pessimism
                                 -0.126208    9.816161   library setup time
                                              9.816161   data required time
---------------------------------------------------------------------------------------------
                                              9.816161   data required time
                                             -2.463238   data arrival time
---------------------------------------------------------------------------------------------
                                              7.352923   slack (MET)


Startpoint: ui_PAD2CORE[0] (input port clocked by clk_i)
Endpoint: _191_ (rising edge-triggered flip-flop clocked by clk_i)
Path Group: clk_i
Path Type: max

Fanout         Cap        Slew       Delay        Time   Description
---------------------------------------------------------------------------------------------
                                  0.000000    0.000000   clock clk_i (rise edge)
                                  0.000000    0.000000   clock network delay (propagated)
                                  2.000000    2.000000 ^ input external delay
     1    0.003664    0.020844    0.003018    2.003018 ^ ui_PAD2CORE[0] (in)
                                                         ui_PAD2CORE[0] (net)
                      0.020844    0.000000    2.003018 ^ input2/A (sg13g2_buf_1)
     2    0.008097    0.041612    0.071401    2.074419 ^ input2/X (sg13g2_buf_1)
                                                         net2 (net)
                      0.041612    0.000149    2.074567 ^ fanout21/A (sg13g2_buf_1)
     8    0.037633    0.158748    0.164333    2.238900 ^ fanout21/X (sg13g2_buf_1)
                                                         net21 (net)
                      0.158748    0.000088    2.238988 ^ _138_/A (sg13g2_nand2_1)
     2    0.010001    0.089089    0.115803    2.354791 v _138_/Y (sg13g2_nand2_1)
                                                         _044_ (net)
                      0.089089    0.000089    2.354881 v _143_/A1 (sg13g2_o21ai_1)
     1    0.002767    0.068685    0.105241    2.460121 ^ _143_/Y (sg13g2_o21ai_1)
                                                         _009_ (net)
                      0.068685    0.000033    2.460154 ^ _191_/D (sg13g2_dfrbpq_1)
                                              2.460154   data arrival time

                                 10.000000   10.000000   clock clk_i (rise edge)
                                  0.000000   10.000000   clock source latency
     1    0.024077    0.038967    0.020348   10.020349 ^ clk_i (in)
                                                         clk_i (net)
                      0.039068    0.000000   10.020349 ^ clkbuf_0_clk_i/A (sg13g2_buf_16)
     8    0.155975    0.051557    0.095633   10.115981 ^ clkbuf_0_clk_i/X (sg13g2_buf_16)
                                                         clknet_0_clk_i (net)
                      0.051667    0.001625   10.117606 ^ clkbuf_3_6__f_clk_i/A (sg13g2_buf_16)
     4    0.014941    0.019326    0.074698   10.192305 ^ clkbuf_3_6__f_clk_i/X (sg13g2_buf_16)
                                                         clknet_3_6__leaf_clk_i (net)
                      0.019327    0.000107   10.192411 ^ _191_/CLK (sg13g2_dfrbpq_1)
                                 -0.250000    9.942411   clock uncertainty
                                  0.000000    9.942411   clock reconvergence pessimism
                                 -0.128653    9.813759   library setup time
                                              9.813759   data required time
---------------------------------------------------------------------------------------------
                                              9.813759   data required time
                                             -2.460154   data arrival time
---------------------------------------------------------------------------------------------
                                              7.353605   slack (MET)


Startpoint: ui_PAD2CORE[0] (input port clocked by clk_i)
Endpoint: _197_ (rising edge-triggered flip-flop clocked by clk_i)
Path Group: clk_i
Path Type: max

Fanout         Cap        Slew       Delay        Time   Description
---------------------------------------------------------------------------------------------
                                  0.000000    0.000000   clock clk_i (rise edge)
                                  0.000000    0.000000   clock network delay (propagated)
                                  2.000000    2.000000 ^ input external delay
     1    0.003664    0.020844    0.003018    2.003018 ^ ui_PAD2CORE[0] (in)
                                                         ui_PAD2CORE[0] (net)
                      0.020844    0.000000    2.003018 ^ input2/A (sg13g2_buf_1)
     2    0.008097    0.041612    0.071401    2.074419 ^ input2/X (sg13g2_buf_1)
                                                         net2 (net)
                      0.041612    0.000149    2.074567 ^ fanout21/A (sg13g2_buf_1)
     8    0.037633    0.158748    0.164333    2.238900 ^ fanout21/X (sg13g2_buf_1)
                                                         net21 (net)
                      0.158765    0.001361    2.240261 ^ _156_/A (sg13g2_nand2_1)
     2    0.009847    0.088207    0.114931    2.355192 v _156_/Y (sg13g2_nand2_1)
                                                         _056_ (net)
                      0.088207    0.000038    2.355230 v _161_/A1 (sg13g2_o21ai_1)
     1    0.002731    0.068304    0.104657    2.459888 ^ _161_/Y (sg13g2_o21ai_1)
                                                         _006_ (net)
                      0.068304    0.000031    2.459919 ^ _197_/D (sg13g2_dfrbpq_1)
                                              2.459919   data arrival time

                                 10.000000   10.000000   clock clk_i (rise edge)
                                  0.000000   10.000000   clock source latency
     1    0.024077    0.038967    0.020348   10.020349 ^ clk_i (in)
                                                         clk_i (net)
                      0.039068    0.000000   10.020349 ^ clkbuf_0_clk_i/A (sg13g2_buf_16)
     8    0.155975    0.051557    0.095633   10.115981 ^ clkbuf_0_clk_i/X (sg13g2_buf_16)
                                                         clknet_0_clk_i (net)
                      0.051670    0.001651   10.117632 ^ clkbuf_3_5__f_clk_i/A (sg13g2_buf_16)
     4    0.014812    0.019314    0.074669   10.192302 ^ clkbuf_3_5__f_clk_i/X (sg13g2_buf_16)
                                                         clknet_3_5__leaf_clk_i (net)
                      0.019315    0.000125   10.192427 ^ _197_/CLK (sg13g2_dfrbpq_1)
                                 -0.250000    9.942427   clock uncertainty
                                  0.000000    9.942427   clock reconvergence pessimism
                                 -0.128531    9.813896   library setup time
                                              9.813896   data required time
---------------------------------------------------------------------------------------------
                                              9.813896   data required time
                                             -2.459919   data arrival time
---------------------------------------------------------------------------------------------
                                              7.353977   slack (MET)


Startpoint: ui_PAD2CORE[0] (input port clocked by clk_i)
Endpoint: _198_ (rising edge-triggered flip-flop clocked by clk_i)
Path Group: clk_i
Path Type: max

Fanout         Cap        Slew       Delay        Time   Description
---------------------------------------------------------------------------------------------
                                  0.000000    0.000000   clock clk_i (rise edge)
                                  0.000000    0.000000   clock network delay (propagated)
                                  2.000000    2.000000 ^ input external delay
     1    0.003664    0.020844    0.003018    2.003018 ^ ui_PAD2CORE[0] (in)
                                                         ui_PAD2CORE[0] (net)
                      0.020844    0.000000    2.003018 ^ input2/A (sg13g2_buf_1)
     2    0.008097    0.041612    0.071401    2.074419 ^ input2/X (sg13g2_buf_1)
                                                         net2 (net)
                      0.041612    0.000149    2.074567 ^ fanout21/A (sg13g2_buf_1)
     8    0.037633    0.158748    0.164333    2.238900 ^ fanout21/X (sg13g2_buf_1)
                                                         net21 (net)
                      0.158765    0.001361    2.240261 ^ _156_/A (sg13g2_nand2_1)
     2    0.009847    0.088207    0.114931    2.355192 v _156_/Y (sg13g2_nand2_1)
                                                         _056_ (net)
                      0.088207    0.000061    2.355253 v _160_/A (sg13g2_xnor2_1)
     1    0.002884    0.043066    0.111056    2.466310 v _160_/Y (sg13g2_xnor2_1)
                                                         spm_inst.genblk1[1].csa.hsum2 (net)
                      0.043066    0.000037    2.466346 v _198_/D (sg13g2_dfrbpq_1)
                                              2.466346   data arrival time

                                 10.000000   10.000000   clock clk_i (rise edge)
                                  0.000000   10.000000   clock source latency
     1    0.024077    0.038967    0.020348   10.020349 ^ clk_i (in)
                                                         clk_i (net)
                      0.039068    0.000000   10.020349 ^ clkbuf_0_clk_i/A (sg13g2_buf_16)
     8    0.155975    0.051557    0.095633   10.115981 ^ clkbuf_0_clk_i/X (sg13g2_buf_16)
                                                         clknet_0_clk_i (net)
                      0.051670    0.001651   10.117632 ^ clkbuf_3_5__f_clk_i/A (sg13g2_buf_16)
     4    0.014812    0.019314    0.074669   10.192302 ^ clkbuf_3_5__f_clk_i/X (sg13g2_buf_16)
                                                         clknet_3_5__leaf_clk_i (net)
                      0.019315    0.000107   10.192409 ^ _198_/CLK (sg13g2_dfrbpq_1)
                                 -0.250000    9.942409   clock uncertainty
                                  0.000000    9.942409   clock reconvergence pessimism
                                 -0.121109    9.821300   library setup time
                                              9.821300   data required time
---------------------------------------------------------------------------------------------
                                              9.821300   data required time
                                             -2.466346   data arrival time
---------------------------------------------------------------------------------------------
                                              7.354953   slack (MET)


Startpoint: ui_PAD2CORE[0] (input port clocked by clk_i)
Endpoint: _202_ (rising edge-triggered flip-flop clocked by clk_i)
Path Group: clk_i
Path Type: max

Fanout         Cap        Slew       Delay        Time   Description
---------------------------------------------------------------------------------------------
                                  0.000000    0.000000   clock clk_i (rise edge)
                                  0.000000    0.000000   clock network delay (propagated)
                                  2.000000    2.000000 ^ input external delay
     1    0.003664    0.020844    0.003018    2.003018 ^ ui_PAD2CORE[0] (in)
                                                         ui_PAD2CORE[0] (net)
                      0.020844    0.000000    2.003018 ^ input2/A (sg13g2_buf_1)
     2    0.008097    0.041612    0.071401    2.074419 ^ input2/X (sg13g2_buf_1)
                                                         net2 (net)
                      0.041612    0.000149    2.074567 ^ fanout21/A (sg13g2_buf_1)
     8    0.037633    0.158748    0.164333    2.238900 ^ fanout21/X (sg13g2_buf_1)
                                                         net21 (net)
                      0.158766    0.001422    2.240322 ^ _165_/A (sg13g2_nand2_1)
     2    0.010174    0.090064    0.116825    2.357147 v _165_/Y (sg13g2_nand2_1)
                                                         _061_ (net)
                      0.090064    0.000085    2.357231 v _169_/A (sg13g2_xnor2_1)
     1    0.002326    0.040427    0.109489    2.466720 v _169_/Y (sg13g2_xnor2_1)
                                                         spm_inst.csa0.hsum2 (net)
                      0.040427    0.000023    2.466743 v _202_/D (sg13g2_dfrbpq_1)
                                              2.466743   data arrival time

                                 10.000000   10.000000   clock clk_i (rise edge)
                                  0.000000   10.000000   clock source latency
     1    0.024077    0.038967    0.020348   10.020349 ^ clk_i (in)
                                                         clk_i (net)
                      0.039068    0.000000   10.020349 ^ clkbuf_0_clk_i/A (sg13g2_buf_16)
     8    0.155975    0.051557    0.095633   10.115981 ^ clkbuf_0_clk_i/X (sg13g2_buf_16)
                                                         clknet_0_clk_i (net)
                      0.051670    0.001651   10.117632 ^ clkbuf_3_5__f_clk_i/A (sg13g2_buf_16)
     4    0.014812    0.019314    0.074669   10.192302 ^ clkbuf_3_5__f_clk_i/X (sg13g2_buf_16)
                                                         clknet_3_5__leaf_clk_i (net)
                      0.019315    0.000158   10.192460 ^ _202_/CLK (sg13g2_dfrbpq_1)
                                 -0.250000    9.942459   clock uncertainty
                                  0.000000    9.942459   clock reconvergence pessimism
                                 -0.120158    9.822302   library setup time
                                              9.822302   data required time
---------------------------------------------------------------------------------------------
                                              9.822302   data required time
                                             -2.466743   data arrival time
---------------------------------------------------------------------------------------------
                                              7.355558   slack (MET)


Startpoint: ui_PAD2CORE[0] (input port clocked by clk_i)
Endpoint: _182_ (rising edge-triggered flip-flop clocked by clk_i)
Path Group: clk_i
Path Type: max

Fanout         Cap        Slew       Delay        Time   Description
---------------------------------------------------------------------------------------------
                                  0.000000    0.000000   clock clk_i (rise edge)
                                  0.000000    0.000000   clock network delay (propagated)
                                  2.000000    2.000000 ^ input external delay
     1    0.003664    0.020844    0.003018    2.003018 ^ ui_PAD2CORE[0] (in)
                                                         ui_PAD2CORE[0] (net)
                      0.020844    0.000000    2.003018 ^ input2/A (sg13g2_buf_1)
     2    0.008097    0.041612    0.071401    2.074419 ^ input2/X (sg13g2_buf_1)
                                                         net2 (net)
                      0.041612    0.000149    2.074567 ^ fanout21/A (sg13g2_buf_1)
     8    0.037633    0.158748    0.164333    2.238900 ^ fanout21/X (sg13g2_buf_1)
                                                         net21 (net)
                      0.158768    0.001486    2.240386 ^ _108_/A (sg13g2_nand2_1)
     2    0.010274    0.090658    0.117371    2.357757 v _108_/Y (sg13g2_nand2_1)
                                                         _024_ (net)
                      0.090658    0.000143    2.357899 v _112_/A (sg13g2_xnor2_1)
     1    0.002017    0.038924    0.108424    2.466323 v _112_/Y (sg13g2_xnor2_1)
                                                         spm_inst.genblk1[9].csa.hsum2 (net)
                      0.038924    0.000016    2.466339 v _182_/D (sg13g2_dfrbpq_1)
                                              2.466339   data arrival time

                                 10.000000   10.000000   clock clk_i (rise edge)
                                  0.000000   10.000000   clock source latency
     1    0.024077    0.038967    0.020348   10.020349 ^ clk_i (in)
                                                         clk_i (net)
                      0.039068    0.000000   10.020349 ^ clkbuf_0_clk_i/A (sg13g2_buf_16)
     8    0.155975    0.051557    0.095633   10.115981 ^ clkbuf_0_clk_i/X (sg13g2_buf_16)
                                                         clknet_0_clk_i (net)
                      0.051633    0.001232   10.117213 ^ clkbuf_3_4__f_clk_i/A (sg13g2_buf_16)
     4    0.014672    0.019278    0.074627   10.191839 ^ clkbuf_3_4__f_clk_i/X (sg13g2_buf_16)
                                                         clknet_3_4__leaf_clk_i (net)
                      0.019278    0.000052   10.191891 ^ _182_/CLK (sg13g2_dfrbpq_1)
                                 -0.250000    9.941891   clock uncertainty
                                  0.000000    9.941891   clock reconvergence pessimism
                                 -0.119626    9.822265   library setup time
                                              9.822265   data required time
---------------------------------------------------------------------------------------------
                                              9.822265   data required time
                                             -2.466339   data arrival time
---------------------------------------------------------------------------------------------
                                              7.355926   slack (MET)


Startpoint: ui_PAD2CORE[0] (input port clocked by clk_i)
Endpoint: _193_ (rising edge-triggered flip-flop clocked by clk_i)
Path Group: clk_i
Path Type: max

Fanout         Cap        Slew       Delay        Time   Description
---------------------------------------------------------------------------------------------
                                  0.000000    0.000000   clock clk_i (rise edge)
                                  0.000000    0.000000   clock network delay (propagated)
                                  2.000000    2.000000 ^ input external delay
     1    0.003664    0.020844    0.003018    2.003018 ^ ui_PAD2CORE[0] (in)
                                                         ui_PAD2CORE[0] (net)
                      0.020844    0.000000    2.003018 ^ input2/A (sg13g2_buf_1)
     2    0.008097    0.041612    0.071401    2.074419 ^ input2/X (sg13g2_buf_1)
                                                         net2 (net)
                      0.041612    0.000149    2.074567 ^ fanout21/A (sg13g2_buf_1)
     8    0.037633    0.158748    0.164333    2.238900 ^ fanout21/X (sg13g2_buf_1)
                                                         net21 (net)
                      0.158751    0.000596    2.239496 ^ _144_/A (sg13g2_nand2_1)
     2    0.010073    0.089494    0.116221    2.355716 v _144_/Y (sg13g2_nand2_1)
                                                         _048_ (net)
                      0.089494    0.000052    2.355769 v _149_/A1 (sg13g2_o21ai_1)
     1    0.002454    0.065991    0.103157    2.458926 ^ _149_/Y (sg13g2_o21ai_1)
                                                         _008_ (net)
                      0.065991    0.000025    2.458951 ^ _193_/D (sg13g2_dfrbpq_1)
                                              2.458951   data arrival time

                                 10.000000   10.000000   clock clk_i (rise edge)
                                  0.000000   10.000000   clock source latency
     1    0.024077    0.038967    0.020348   10.020349 ^ clk_i (in)
                                                         clk_i (net)
                      0.039068    0.000000   10.020349 ^ clkbuf_0_clk_i/A (sg13g2_buf_16)
     8    0.155975    0.051557    0.095633   10.115981 ^ clkbuf_0_clk_i/X (sg13g2_buf_16)
                                                         clknet_0_clk_i (net)
                      0.051723    0.002108   10.118089 ^ clkbuf_3_7__f_clk_i/A (sg13g2_buf_16)
     4    0.014887    0.019315    0.074711   10.192800 ^ clkbuf_3_7__f_clk_i/X (sg13g2_buf_16)
                                                         clknet_3_7__leaf_clk_i (net)
                      0.019315    0.000099   10.192899 ^ _193_/CLK (sg13g2_dfrbpq_1)
                                 -0.250000    9.942899   clock uncertainty
                                  0.000000    9.942899   clock reconvergence pessimism
                                 -0.127779    9.815120   library setup time
                                              9.815120   data required time
---------------------------------------------------------------------------------------------
                                              9.815120   data required time
                                             -2.458951   data arrival time
---------------------------------------------------------------------------------------------
                                              7.356168   slack (MET)


Startpoint: ui_PAD2CORE[0] (input port clocked by clk_i)
Endpoint: _196_ (rising edge-triggered flip-flop clocked by clk_i)
Path Group: clk_i
Path Type: max

Fanout         Cap        Slew       Delay        Time   Description
---------------------------------------------------------------------------------------------
                                  0.000000    0.000000   clock clk_i (rise edge)
                                  0.000000    0.000000   clock network delay (propagated)
                                  2.000000    2.000000 ^ input external delay
     1    0.003664    0.020844    0.003018    2.003018 ^ ui_PAD2CORE[0] (in)
                                                         ui_PAD2CORE[0] (net)
                      0.020844    0.000000    2.003018 ^ input2/A (sg13g2_buf_1)
     2    0.008097    0.041612    0.071401    2.074419 ^ input2/X (sg13g2_buf_1)
                                                         net2 (net)
                      0.041612    0.000149    2.074567 ^ fanout21/A (sg13g2_buf_1)
     8    0.037633    0.158748    0.164333    2.238900 ^ fanout21/X (sg13g2_buf_1)
                                                         net21 (net)
                      0.158763    0.001307    2.240207 ^ _150_/A (sg13g2_nand2_1)
     2    0.010231    0.090411    0.117128    2.357334 v _150_/Y (sg13g2_nand2_1)
                                                         _052_ (net)
                      0.090411    0.000128    2.357463 v _154_/A (sg13g2_xnor2_1)
     1    0.002143    0.039538    0.108856    2.466319 v _154_/Y (sg13g2_xnor2_1)
                                                         spm_inst.genblk1[2].csa.hsum2 (net)
                      0.039538    0.000019    2.466337 v _196_/D (sg13g2_dfrbpq_1)
                                              2.466337   data arrival time

                                 10.000000   10.000000   clock clk_i (rise edge)
                                  0.000000   10.000000   clock source latency
     1    0.024077    0.038967    0.020348   10.020349 ^ clk_i (in)
                                                         clk_i (net)
                      0.039068    0.000000   10.020349 ^ clkbuf_0_clk_i/A (sg13g2_buf_16)
     8    0.155975    0.051557    0.095633   10.115981 ^ clkbuf_0_clk_i/X (sg13g2_buf_16)
                                                         clknet_0_clk_i (net)
                      0.051723    0.002108   10.118089 ^ clkbuf_3_7__f_clk_i/A (sg13g2_buf_16)
     4    0.014887    0.019315    0.074711   10.192800 ^ clkbuf_3_7__f_clk_i/X (sg13g2_buf_16)
                                                         clknet_3_7__leaf_clk_i (net)
                      0.019315    0.000167   10.192966 ^ _196_/CLK (sg13g2_dfrbpq_1)
                                 -0.250000    9.942966   clock uncertainty
                                  0.000000    9.942966   clock reconvergence pessimism
                                 -0.119838    9.823130   library setup time
                                              9.823130   data required time
---------------------------------------------------------------------------------------------
                                              9.823130   data required time
                                             -2.466337   data arrival time
---------------------------------------------------------------------------------------------
                                              7.356792   slack (MET)


Startpoint: ui_PAD2CORE[0] (input port clocked by clk_i)
Endpoint: _179_ (rising edge-triggered flip-flop clocked by clk_i)
Path Group: clk_i
Path Type: max

Fanout         Cap        Slew       Delay        Time   Description
---------------------------------------------------------------------------------------------
                                  0.000000    0.000000   clock clk_i (rise edge)
                                  0.000000    0.000000   clock network delay (propagated)
                                  2.000000    2.000000 ^ input external delay
     1    0.003664    0.020844    0.003018    2.003018 ^ ui_PAD2CORE[0] (in)
                                                         ui_PAD2CORE[0] (net)
                      0.020844    0.000000    2.003018 ^ input2/A (sg13g2_buf_1)
     2    0.008097    0.041612    0.071401    2.074419 ^ input2/X (sg13g2_buf_1)
                                                         net2 (net)
                      0.041612    0.000149    2.074567 ^ fanout21/A (sg13g2_buf_1)
     8    0.037633    0.158748    0.164333    2.238900 ^ fanout21/X (sg13g2_buf_1)
                                                         net21 (net)
                      0.158769    0.001521    2.240422 ^ _102_/A (sg13g2_nand2_1)
     2    0.009993    0.089031    0.115785    2.356207 v _102_/Y (sg13g2_nand2_1)
                                                         _020_ (net)
                      0.089031    0.000056    2.356263 v _107_/A1 (sg13g2_o21ai_1)
     1    0.001907    0.061150    0.099073    2.455335 ^ _107_/Y (sg13g2_o21ai_1)
                                                         _001_ (net)
                      0.061150    0.000014    2.455350 ^ _179_/D (sg13g2_dfrbpq_1)
                                              2.455350   data arrival time

                                 10.000000   10.000000   clock clk_i (rise edge)
                                  0.000000   10.000000   clock source latency
     1    0.024077    0.038967    0.020348   10.020349 ^ clk_i (in)
                                                         clk_i (net)
                      0.039068    0.000000   10.020349 ^ clkbuf_0_clk_i/A (sg13g2_buf_16)
     8    0.155975    0.051557    0.095633   10.115981 ^ clkbuf_0_clk_i/X (sg13g2_buf_16)
                                                         clknet_0_clk_i (net)
                      0.051633    0.001232   10.117213 ^ clkbuf_3_4__f_clk_i/A (sg13g2_buf_16)
     4    0.014672    0.019278    0.074627   10.191839 ^ clkbuf_3_4__f_clk_i/X (sg13g2_buf_16)
                                                         clknet_3_4__leaf_clk_i (net)
                      0.019279    0.000168   10.192007 ^ _179_/CLK (sg13g2_dfrbpq_1)
                                 -0.250000    9.942007   clock uncertainty
                                  0.000000    9.942007   clock reconvergence pessimism
                                 -0.126211    9.815797   library setup time
                                              9.815797   data required time
---------------------------------------------------------------------------------------------
                                              9.815797   data required time
                                             -2.455350   data arrival time
---------------------------------------------------------------------------------------------
                                              7.360446   slack (MET)


Startpoint: ui_PAD2CORE[0] (input port clocked by clk_i)
Endpoint: _194_ (rising edge-triggered flip-flop clocked by clk_i)
Path Group: clk_i
Path Type: max

Fanout         Cap        Slew       Delay        Time   Description
---------------------------------------------------------------------------------------------
                                  0.000000    0.000000   clock clk_i (rise edge)
                                  0.000000    0.000000   clock network delay (propagated)
                                  2.000000    2.000000 ^ input external delay
     1    0.003664    0.020844    0.003018    2.003018 ^ ui_PAD2CORE[0] (in)
                                                         ui_PAD2CORE[0] (net)
                      0.020844    0.000000    2.003018 ^ input2/A (sg13g2_buf_1)
     2    0.008097    0.041612    0.071401    2.074419 ^ input2/X (sg13g2_buf_1)
                                                         net2 (net)
                      0.041612    0.000149    2.074567 ^ fanout21/A (sg13g2_buf_1)
     8    0.037633    0.158748    0.164333    2.238900 ^ fanout21/X (sg13g2_buf_1)
                                                         net21 (net)
                      0.158751    0.000596    2.239496 ^ _144_/A (sg13g2_nand2_1)
     2    0.010073    0.089494    0.116221    2.355716 v _144_/Y (sg13g2_nand2_1)
                                                         _048_ (net)
                      0.089494    0.000105    2.355822 v _148_/A (sg13g2_xnor2_1)
     1    0.001854    0.038008    0.107190    2.463012 v _148_/Y (sg13g2_xnor2_1)
                                                         spm_inst.genblk1[3].csa.hsum2 (net)
                      0.038008    0.000013    2.463025 v _194_/D (sg13g2_dfrbpq_1)
                                              2.463025   data arrival time

                                 10.000000   10.000000   clock clk_i (rise edge)
                                  0.000000   10.000000   clock source latency
     1    0.024077    0.038967    0.020348   10.020349 ^ clk_i (in)
                                                         clk_i (net)
                      0.039068    0.000000   10.020349 ^ clkbuf_0_clk_i/A (sg13g2_buf_16)
     8    0.155975    0.051557    0.095633   10.115981 ^ clkbuf_0_clk_i/X (sg13g2_buf_16)
                                                         clknet_0_clk_i (net)
                      0.051723    0.002108   10.118089 ^ clkbuf_3_7__f_clk_i/A (sg13g2_buf_16)
     4    0.014887    0.019315    0.074711   10.192800 ^ clkbuf_3_7__f_clk_i/X (sg13g2_buf_16)
                                                         clknet_3_7__leaf_clk_i (net)
                      0.019315    0.000106   10.192905 ^ _194_/CLK (sg13g2_dfrbpq_1)
                                 -0.250000    9.942905   clock uncertainty
                                  0.000000    9.942905   clock reconvergence pessimism
                                 -0.119287    9.823619   library setup time
                                              9.823619   data required time
---------------------------------------------------------------------------------------------
                                              9.823619   data required time
                                             -2.463025   data arrival time
---------------------------------------------------------------------------------------------
                                              7.360593   slack (MET)


Startpoint: ui_PAD2CORE[0] (input port clocked by clk_i)
Endpoint: _192_ (rising edge-triggered flip-flop clocked by clk_i)
Path Group: clk_i
Path Type: max

Fanout         Cap        Slew       Delay        Time   Description
---------------------------------------------------------------------------------------------
                                  0.000000    0.000000   clock clk_i (rise edge)
                                  0.000000    0.000000   clock network delay (propagated)
                                  2.000000    2.000000 ^ input external delay
     1    0.003664    0.020844    0.003018    2.003018 ^ ui_PAD2CORE[0] (in)
                                                         ui_PAD2CORE[0] (net)
                      0.020844    0.000000    2.003018 ^ input2/A (sg13g2_buf_1)
     2    0.008097    0.041612    0.071401    2.074419 ^ input2/X (sg13g2_buf_1)
                                                         net2 (net)
                      0.041612    0.000149    2.074567 ^ fanout21/A (sg13g2_buf_1)
     8    0.037633    0.158748    0.164333    2.238900 ^ fanout21/X (sg13g2_buf_1)
                                                         net21 (net)
                      0.158748    0.000088    2.238988 ^ _138_/A (sg13g2_nand2_1)
     2    0.010001    0.089089    0.115803    2.354791 v _138_/Y (sg13g2_nand2_1)
                                                         _044_ (net)
                      0.089089    0.000082    2.354873 v _142_/A (sg13g2_xnor2_1)
     1    0.001888    0.038145    0.107151    2.462024 v _142_/Y (sg13g2_xnor2_1)
                                                         spm_inst.genblk1[4].csa.hsum2 (net)
                      0.038145    0.000014    2.462038 v _192_/D (sg13g2_dfrbpq_1)
                                              2.462038   data arrival time

                                 10.000000   10.000000   clock clk_i (rise edge)
                                  0.000000   10.000000   clock source latency
     1    0.024077    0.038967    0.020348   10.020349 ^ clk_i (in)
                                                         clk_i (net)
                      0.039068    0.000000   10.020349 ^ clkbuf_0_clk_i/A (sg13g2_buf_16)
     8    0.155975    0.051557    0.095633   10.115981 ^ clkbuf_0_clk_i/X (sg13g2_buf_16)
                                                         clknet_0_clk_i (net)
                      0.051667    0.001625   10.117606 ^ clkbuf_3_6__f_clk_i/A (sg13g2_buf_16)
     4    0.014941    0.019326    0.074698   10.192305 ^ clkbuf_3_6__f_clk_i/X (sg13g2_buf_16)
                                                         clknet_3_6__leaf_clk_i (net)
                      0.019327    0.000121   10.192426 ^ _192_/CLK (sg13g2_dfrbpq_1)
                                 -0.250000    9.942426   clock uncertainty
                                  0.000000    9.942426   clock reconvergence pessimism
                                 -0.119333    9.823092   library setup time
                                              9.823092   data required time
---------------------------------------------------------------------------------------------
                                              9.823092   data required time
                                             -2.462038   data arrival time
---------------------------------------------------------------------------------------------
                                              7.361055   slack (MET)


Startpoint: ui_PAD2CORE[0] (input port clocked by clk_i)
Endpoint: _181_ (rising edge-triggered flip-flop clocked by clk_i)
Path Group: clk_i
Path Type: max

Fanout         Cap        Slew       Delay        Time   Description
---------------------------------------------------------------------------------------------
                                  0.000000    0.000000   clock clk_i (rise edge)
                                  0.000000    0.000000   clock network delay (propagated)
                                  2.000000    2.000000 ^ input external delay
     1    0.003664    0.020844    0.003018    2.003018 ^ ui_PAD2CORE[0] (in)
                                                         ui_PAD2CORE[0] (net)
                      0.020844    0.000000    2.003018 ^ input2/A (sg13g2_buf_1)
     2    0.008097    0.041612    0.071401    2.074419 ^ input2/X (sg13g2_buf_1)
                                                         net2 (net)
                      0.041612    0.000149    2.074567 ^ fanout21/A (sg13g2_buf_1)
     8    0.037633    0.158748    0.164333    2.238900 ^ fanout21/X (sg13g2_buf_1)
                                                         net21 (net)
                      0.158768    0.001486    2.240386 ^ _108_/A (sg13g2_nand2_1)
     2    0.010274    0.090658    0.117371    2.357757 v _108_/Y (sg13g2_nand2_1)
                                                         _024_ (net)
                      0.090658    0.000110    2.357867 v _113_/A1 (sg13g2_o21ai_1)
     1    0.001555    0.058157    0.097152    2.455019 ^ _113_/Y (sg13g2_o21ai_1)
                                                         _014_ (net)
                      0.058157    0.000008    2.455026 ^ _181_/D (sg13g2_dfrbpq_1)
                                              2.455026   data arrival time

                                 10.000000   10.000000   clock clk_i (rise edge)
                                  0.000000   10.000000   clock source latency
     1    0.024077    0.038967    0.020348   10.020349 ^ clk_i (in)
                                                         clk_i (net)
                      0.039068    0.000000   10.020349 ^ clkbuf_0_clk_i/A (sg13g2_buf_16)
     8    0.155975    0.051557    0.095633   10.115981 ^ clkbuf_0_clk_i/X (sg13g2_buf_16)
                                                         clknet_0_clk_i (net)
                      0.051633    0.001232   10.117213 ^ clkbuf_3_4__f_clk_i/A (sg13g2_buf_16)
     4    0.014672    0.019278    0.074627   10.191839 ^ clkbuf_3_4__f_clk_i/X (sg13g2_buf_16)
                                                         clknet_3_4__leaf_clk_i (net)
                      0.019278    0.000097   10.191936 ^ _181_/CLK (sg13g2_dfrbpq_1)
                                 -0.250000    9.941936   clock uncertainty
                                  0.000000    9.941936   clock reconvergence pessimism
                                 -0.125238    9.816698   library setup time
                                              9.816698   data required time
---------------------------------------------------------------------------------------------
                                              9.816698   data required time
                                             -2.455026   data arrival time
---------------------------------------------------------------------------------------------
                                              7.361671   slack (MET)


Startpoint: ui_PAD2CORE[0] (input port clocked by clk_i)
Endpoint: _186_ (rising edge-triggered flip-flop clocked by clk_i)
Path Group: clk_i
Path Type: max

Fanout         Cap        Slew       Delay        Time   Description
---------------------------------------------------------------------------------------------
                                  0.000000    0.000000   clock clk_i (rise edge)
                                  0.000000    0.000000   clock network delay (propagated)
                                  2.000000    2.000000 ^ input external delay
     1    0.003664    0.020844    0.003018    2.003018 ^ ui_PAD2CORE[0] (in)
                                                         ui_PAD2CORE[0] (net)
                      0.020844    0.000000    2.003018 ^ input2/A (sg13g2_buf_1)
     2    0.008097    0.041612    0.071401    2.074419 ^ input2/X (sg13g2_buf_1)
                                                         net2 (net)
                      0.041612    0.000054    2.074472 ^ fanout20/A (sg13g2_buf_1)
     8    0.033923    0.143833    0.154167    2.228639 ^ fanout20/X (sg13g2_buf_1)
                                                         net20 (net)
                      0.143842    0.000915    2.229555 ^ _120_/A (sg13g2_nand2_1)
     2    0.011622    0.095579    0.120641    2.350196 v _120_/Y (sg13g2_nand2_1)
                                                         _032_ (net)
                      0.095579    0.000196    2.350392 v _124_/A (sg13g2_xnor2_1)
     1    0.001811    0.038289    0.109779    2.460171 v _124_/Y (sg13g2_xnor2_1)
                                                         spm_inst.genblk1[7].csa.hsum2 (net)
                      0.038289    0.000012    2.460183 v _186_/D (sg13g2_dfrbpq_1)
                                              2.460183   data arrival time

                                 10.000000   10.000000   clock clk_i (rise edge)
                                  0.000000   10.000000   clock source latency
     1    0.024077    0.038967    0.020348   10.020349 ^ clk_i (in)
                                                         clk_i (net)
                      0.039068    0.000000   10.020349 ^ clkbuf_0_clk_i/A (sg13g2_buf_16)
     8    0.155975    0.051557    0.095633   10.115981 ^ clkbuf_0_clk_i/X (sg13g2_buf_16)
                                                         clknet_0_clk_i (net)
                      0.051690    0.001839   10.117821 ^ clkbuf_3_3__f_clk_i/A (sg13g2_buf_16)
     4    0.016313    0.019642    0.074969   10.192790 ^ clkbuf_3_3__f_clk_i/X (sg13g2_buf_16)
                                                         clknet_3_3__leaf_clk_i (net)
                      0.019643    0.000236   10.193027 ^ _186_/CLK (sg13g2_dfrbpq_1)
                                 -0.250000    9.943027   clock uncertainty
                                  0.000000    9.943027   clock reconvergence pessimism
                                 -0.119304    9.823722   library setup time
                                              9.823722   data required time
---------------------------------------------------------------------------------------------
                                              9.823722   data required time
                                             -2.460183   data arrival time
---------------------------------------------------------------------------------------------
                                              7.363538   slack (MET)


Startpoint: ui_PAD2CORE[0] (input port clocked by clk_i)
Endpoint: _185_ (rising edge-triggered flip-flop clocked by clk_i)
Path Group: clk_i
Path Type: max

Fanout         Cap        Slew       Delay        Time   Description
---------------------------------------------------------------------------------------------
                                  0.000000    0.000000   clock clk_i (rise edge)
                                  0.000000    0.000000   clock network delay (propagated)
                                  2.000000    2.000000 ^ input external delay
     1    0.003664    0.020844    0.003018    2.003018 ^ ui_PAD2CORE[0] (in)
                                                         ui_PAD2CORE[0] (net)
                      0.020844    0.000000    2.003018 ^ input2/A (sg13g2_buf_1)
     2    0.008097    0.041612    0.071401    2.074419 ^ input2/X (sg13g2_buf_1)
                                                         net2 (net)
                      0.041612    0.000054    2.074472 ^ fanout20/A (sg13g2_buf_1)
     8    0.033923    0.143833    0.154167    2.228639 ^ fanout20/X (sg13g2_buf_1)
                                                         net20 (net)
                      0.143842    0.000915    2.229555 ^ _120_/A (sg13g2_nand2_1)
     2    0.011622    0.095579    0.120641    2.350196 v _120_/Y (sg13g2_nand2_1)
                                                         _032_ (net)
                      0.095579    0.000224    2.350420 v _125_/A1 (sg13g2_o21ai_1)
     1    0.001939    0.061937    0.101705    2.452126 ^ _125_/Y (sg13g2_o21ai_1)
                                                         _012_ (net)
                      0.061937    0.000015    2.452140 ^ _185_/D (sg13g2_dfrbpq_1)
                                              2.452140   data arrival time

                                 10.000000   10.000000   clock clk_i (rise edge)
                                  0.000000   10.000000   clock source latency
     1    0.024077    0.038967    0.020348   10.020349 ^ clk_i (in)
                                                         clk_i (net)
                      0.039068    0.000000   10.020349 ^ clkbuf_0_clk_i/A (sg13g2_buf_16)
     8    0.155975    0.051557    0.095633   10.115981 ^ clkbuf_0_clk_i/X (sg13g2_buf_16)
                                                         clknet_0_clk_i (net)
                      0.051635    0.001259   10.117241 ^ clkbuf_3_1__f_clk_i/A (sg13g2_buf_16)
     4    0.016133    0.019597    0.074906   10.192147 ^ clkbuf_3_1__f_clk_i/X (sg13g2_buf_16)
                                                         clknet_3_1__leaf_clk_i (net)
                      0.019598    0.000232   10.192379 ^ _185_/CLK (sg13g2_dfrbpq_1)
                                 -0.250000    9.942379   clock uncertainty
                                  0.000000    9.942379   clock reconvergence pessimism
                                 -0.126420    9.815959   library setup time
                                              9.815959   data required time
---------------------------------------------------------------------------------------------
                                              9.815959   data required time
                                             -2.452140   data arrival time
---------------------------------------------------------------------------------------------
                                              7.363819   slack (MET)


Startpoint: ui_PAD2CORE[0] (input port clocked by clk_i)
Endpoint: _188_ (rising edge-triggered flip-flop clocked by clk_i)
Path Group: clk_i
Path Type: max

Fanout         Cap        Slew       Delay        Time   Description
---------------------------------------------------------------------------------------------
                                  0.000000    0.000000   clock clk_i (rise edge)
                                  0.000000    0.000000   clock network delay (propagated)
                                  2.000000    2.000000 ^ input external delay
     1    0.003664    0.020844    0.003018    2.003018 ^ ui_PAD2CORE[0] (in)
                                                         ui_PAD2CORE[0] (net)
                      0.020844    0.000000    2.003018 ^ input2/A (sg13g2_buf_1)
     2    0.008097    0.041612    0.071401    2.074419 ^ input2/X (sg13g2_buf_1)
                                                         net2 (net)
                      0.041612    0.000054    2.074472 ^ fanout20/A (sg13g2_buf_1)
     8    0.033923    0.143833    0.154167    2.228639 ^ fanout20/X (sg13g2_buf_1)
                                                         net20 (net)
                      0.143837    0.000646    2.229285 ^ _126_/A (sg13g2_nand2_1)
     2    0.010969    0.091843    0.116988    2.346273 v _126_/Y (sg13g2_nand2_1)
                                                         _036_ (net)
                      0.091843    0.000145    2.346418 v _130_/A (sg13g2_xnor2_1)
     1    0.002311    0.040496    0.110235    2.456653 v _130_/Y (sg13g2_xnor2_1)
                                                         spm_inst.genblk1[6].csa.hsum2 (net)
                      0.040496    0.000023    2.456676 v _188_/D (sg13g2_dfrbpq_1)
                                              2.456676   data arrival time

                                 10.000000   10.000000   clock clk_i (rise edge)
                                  0.000000   10.000000   clock source latency
     1    0.024077    0.038967    0.020348   10.020349 ^ clk_i (in)
                                                         clk_i (net)
                      0.039068    0.000000   10.020349 ^ clkbuf_0_clk_i/A (sg13g2_buf_16)
     8    0.155975    0.051557    0.095633   10.115981 ^ clkbuf_0_clk_i/X (sg13g2_buf_16)
                                                         clknet_0_clk_i (net)
                      0.051690    0.001839   10.117821 ^ clkbuf_3_3__f_clk_i/A (sg13g2_buf_16)
     4    0.016313    0.019642    0.074969   10.192790 ^ clkbuf_3_3__f_clk_i/X (sg13g2_buf_16)
                                                         clknet_3_3__leaf_clk_i (net)
                      0.019642    0.000196   10.192986 ^ _188_/CLK (sg13g2_dfrbpq_1)
                                 -0.250000    9.942986   clock uncertainty
                                  0.000000    9.942986   clock reconvergence pessimism
                                 -0.120100    9.822886   library setup time
                                              9.822886   data required time
---------------------------------------------------------------------------------------------
                                              9.822886   data required time
                                             -2.456676   data arrival time
---------------------------------------------------------------------------------------------
                                              7.366211   slack (MET)


Startpoint: ui_PAD2CORE[0] (input port clocked by clk_i)
Endpoint: _187_ (rising edge-triggered flip-flop clocked by clk_i)
Path Group: clk_i
Path Type: max

Fanout         Cap        Slew       Delay        Time   Description
---------------------------------------------------------------------------------------------
                                  0.000000    0.000000   clock clk_i (rise edge)
                                  0.000000    0.000000   clock network delay (propagated)
                                  2.000000    2.000000 ^ input external delay
     1    0.003664    0.020844    0.003018    2.003018 ^ ui_PAD2CORE[0] (in)
                                                         ui_PAD2CORE[0] (net)
                      0.020844    0.000000    2.003018 ^ input2/A (sg13g2_buf_1)
     2    0.008097    0.041612    0.071401    2.074419 ^ input2/X (sg13g2_buf_1)
                                                         net2 (net)
                      0.041612    0.000054    2.074472 ^ fanout20/A (sg13g2_buf_1)
     8    0.033923    0.143833    0.154167    2.228639 ^ fanout20/X (sg13g2_buf_1)
                                                         net20 (net)
                      0.143837    0.000646    2.229285 ^ _126_/A (sg13g2_nand2_1)
     2    0.010969    0.091843    0.116988    2.346273 v _126_/Y (sg13g2_nand2_1)
                                                         _036_ (net)
                      0.091843    0.000167    2.346439 v _131_/A1 (sg13g2_o21ai_1)
     1    0.002122    0.063259    0.101644    2.448084 ^ _131_/Y (sg13g2_o21ai_1)
                                                         _011_ (net)
                      0.063259    0.000018    2.448102 ^ _187_/D (sg13g2_dfrbpq_1)
                                              2.448102   data arrival time

                                 10.000000   10.000000   clock clk_i (rise edge)
                                  0.000000   10.000000   clock source latency
     1    0.024077    0.038967    0.020348   10.020349 ^ clk_i (in)
                                                         clk_i (net)
                      0.039068    0.000000   10.020349 ^ clkbuf_0_clk_i/A (sg13g2_buf_16)
     8    0.155975    0.051557    0.095633   10.115981 ^ clkbuf_0_clk_i/X (sg13g2_buf_16)
                                                         clknet_0_clk_i (net)
                      0.051690    0.001839   10.117821 ^ clkbuf_3_3__f_clk_i/A (sg13g2_buf_16)
     4    0.016313    0.019642    0.074969   10.192790 ^ clkbuf_3_3__f_clk_i/X (sg13g2_buf_16)
                                                         clknet_3_3__leaf_clk_i (net)
                      0.019642    0.000207   10.192997 ^ _187_/CLK (sg13g2_dfrbpq_1)
                                 -0.250000    9.942997   clock uncertainty
                                  0.000000    9.942997   clock reconvergence pessimism
                                 -0.126843    9.816154   library setup time
                                              9.816154   data required time
---------------------------------------------------------------------------------------------
                                              9.816154   data required time
                                             -2.448102   data arrival time
---------------------------------------------------------------------------------------------
                                              7.368052   slack (MET)


Startpoint: ui_PAD2CORE[0] (input port clocked by clk_i)
Endpoint: _173_ (rising edge-triggered flip-flop clocked by clk_i)
Path Group: clk_i
Path Type: max

Fanout         Cap        Slew       Delay        Time   Description
---------------------------------------------------------------------------------------------
                                  0.000000    0.000000   clock clk_i (rise edge)
                                  0.000000    0.000000   clock network delay (propagated)
                                  2.000000    2.000000 ^ input external delay
     1    0.003664    0.020844    0.003018    2.003018 ^ ui_PAD2CORE[0] (in)
                                                         ui_PAD2CORE[0] (net)
                      0.020844    0.000000    2.003018 ^ input2/A (sg13g2_buf_1)
     2    0.008097    0.041612    0.071401    2.074419 ^ input2/X (sg13g2_buf_1)
                                                         net2 (net)
                      0.041612    0.000054    2.074472 ^ fanout20/A (sg13g2_buf_1)
     8    0.033923    0.143833    0.154167    2.228639 ^ fanout20/X (sg13g2_buf_1)
                                                         net20 (net)
                      0.143846    0.001129    2.229768 ^ _084_/B (sg13g2_nand2_1)
     2    0.010573    0.082505    0.117820    2.347588 v _084_/Y (sg13g2_nand2_1)
                                                         _069_ (net)
                      0.082505    0.000105    2.347692 v _089_/A1 (sg13g2_o21ai_1)
     1    0.002159    0.062866    0.098473    2.446166 ^ _089_/Y (sg13g2_o21ai_1)
                                                         _004_ (net)
                      0.062866    0.000019    2.446185 ^ _173_/D (sg13g2_dfrbpq_1)
                                              2.446185   data arrival time

                                 10.000000   10.000000   clock clk_i (rise edge)
                                  0.000000   10.000000   clock source latency
     1    0.024077    0.038967    0.020348   10.020349 ^ clk_i (in)
                                                         clk_i (net)
                      0.039068    0.000000   10.020349 ^ clkbuf_0_clk_i/A (sg13g2_buf_16)
     8    0.155975    0.051557    0.095633   10.115981 ^ clkbuf_0_clk_i/X (sg13g2_buf_16)
                                                         clknet_0_clk_i (net)
                      0.051686    0.001798   10.117779 ^ clkbuf_3_0__f_clk_i/A (sg13g2_buf_16)
     4    0.014672    0.019279    0.074654   10.192433 ^ clkbuf_3_0__f_clk_i/X (sg13g2_buf_16)
                                                         clknet_3_0__leaf_clk_i (net)
                      0.019279    0.000075   10.192509 ^ _173_/CLK (sg13g2_dfrbpq_1)
                                 -0.250000    9.942509   clock uncertainty
                                  0.000000    9.942509   clock reconvergence pessimism
                                 -0.126769    9.815740   library setup time
                                              9.815740   data required time
---------------------------------------------------------------------------------------------
                                              9.815740   data required time
                                             -2.446185   data arrival time
---------------------------------------------------------------------------------------------
                                              7.369555   slack (MET)


Startpoint: ui_PAD2CORE[0] (input port clocked by clk_i)
Endpoint: _174_ (rising edge-triggered flip-flop clocked by clk_i)
Path Group: clk_i
Path Type: max

Fanout         Cap        Slew       Delay        Time   Description
---------------------------------------------------------------------------------------------
                                  0.000000    0.000000   clock clk_i (rise edge)
                                  0.000000    0.000000   clock network delay (propagated)
                                  2.000000    2.000000 ^ input external delay
     1    0.003664    0.020844    0.003018    2.003018 ^ ui_PAD2CORE[0] (in)
                                                         ui_PAD2CORE[0] (net)
                      0.020844    0.000000    2.003018 ^ input2/A (sg13g2_buf_1)
     2    0.008097    0.041612    0.071401    2.074419 ^ input2/X (sg13g2_buf_1)
                                                         net2 (net)
                      0.041612    0.000054    2.074472 ^ fanout20/A (sg13g2_buf_1)
     8    0.033923    0.143833    0.154167    2.228639 ^ fanout20/X (sg13g2_buf_1)
                                                         net20 (net)
                      0.143846    0.001129    2.229768 ^ _084_/B (sg13g2_nand2_1)
     2    0.010573    0.082505    0.117820    2.347588 v _084_/Y (sg13g2_nand2_1)
                                                         _069_ (net)
                      0.082505    0.000073    2.347661 v _088_/A (sg13g2_xnor2_1)
     1    0.002017    0.038260    0.104708    2.452368 v _088_/Y (sg13g2_xnor2_1)
                                                         spm_inst.genblk1[13].csa.hsum2 (net)
                      0.038260    0.000016    2.452384 v _174_/D (sg13g2_dfrbpq_1)
                                              2.452384   data arrival time

                                 10.000000   10.000000   clock clk_i (rise edge)
                                  0.000000   10.000000   clock source latency
     1    0.024077    0.038967    0.020348   10.020349 ^ clk_i (in)
                                                         clk_i (net)
                      0.039068    0.000000   10.020349 ^ clkbuf_0_clk_i/A (sg13g2_buf_16)
     8    0.155975    0.051557    0.095633   10.115981 ^ clkbuf_0_clk_i/X (sg13g2_buf_16)
                                                         clknet_0_clk_i (net)
                      0.051686    0.001798   10.117779 ^ clkbuf_3_0__f_clk_i/A (sg13g2_buf_16)
     4    0.014672    0.019279    0.074654   10.192433 ^ clkbuf_3_0__f_clk_i/X (sg13g2_buf_16)
                                                         clknet_3_0__leaf_clk_i (net)
                      0.019279    0.000068   10.192500 ^ _174_/CLK (sg13g2_dfrbpq_1)
                                 -0.250000    9.942500   clock uncertainty
                                  0.000000    9.942500   clock reconvergence pessimism
                                 -0.119387    9.823113   library setup time
                                              9.823113   data required time
---------------------------------------------------------------------------------------------
                                              9.823113   data required time
                                             -2.452384   data arrival time
---------------------------------------------------------------------------------------------
                                              7.370728   slack (MET)


Startpoint: ui_PAD2CORE[0] (input port clocked by clk_i)
Endpoint: _175_ (rising edge-triggered flip-flop clocked by clk_i)
Path Group: clk_i
Path Type: max

Fanout         Cap        Slew       Delay        Time   Description
---------------------------------------------------------------------------------------------
                                  0.000000    0.000000   clock clk_i (rise edge)
                                  0.000000    0.000000   clock network delay (propagated)
                                  2.000000    2.000000 ^ input external delay
     1    0.003664    0.020844    0.003018    2.003018 ^ ui_PAD2CORE[0] (in)
                                                         ui_PAD2CORE[0] (net)
                      0.020844    0.000000    2.003018 ^ input2/A (sg13g2_buf_1)
     2    0.008097    0.041612    0.071401    2.074419 ^ input2/X (sg13g2_buf_1)
                                                         net2 (net)
                      0.041612    0.000054    2.074472 ^ fanout20/A (sg13g2_buf_1)
     8    0.033923    0.143833    0.154167    2.228639 ^ fanout20/X (sg13g2_buf_1)
                                                         net20 (net)
                      0.143847    0.001183    2.229822 ^ _090_/A (sg13g2_nand2_1)
     2    0.009990    0.086305    0.111521    2.341342 v _090_/Y (sg13g2_nand2_1)
                                                         _073_ (net)
                      0.086305    0.000077    2.341419 v _095_/A1 (sg13g2_o21ai_1)
     1    0.002466    0.065848    0.102063    2.443483 ^ _095_/Y (sg13g2_o21ai_1)
                                                         _003_ (net)
                      0.065848    0.000026    2.443508 ^ _175_/D (sg13g2_dfrbpq_1)
                                              2.443508   data arrival time

                                 10.000000   10.000000   clock clk_i (rise edge)
                                  0.000000   10.000000   clock source latency
     1    0.024077    0.038967    0.020348   10.020349 ^ clk_i (in)
                                                         clk_i (net)
                      0.039068    0.000000   10.020349 ^ clkbuf_0_clk_i/A (sg13g2_buf_16)
     8    0.155975    0.051557    0.095633   10.115981 ^ clkbuf_0_clk_i/X (sg13g2_buf_16)
                                                         clknet_0_clk_i (net)
                      0.051686    0.001798   10.117779 ^ clkbuf_3_0__f_clk_i/A (sg13g2_buf_16)
     4    0.014672    0.019279    0.074654   10.192433 ^ clkbuf_3_0__f_clk_i/X (sg13g2_buf_16)
                                                         clknet_3_0__leaf_clk_i (net)
                      0.019279    0.000099   10.192532 ^ _175_/CLK (sg13g2_dfrbpq_1)
                                 -0.250000    9.942532   clock uncertainty
                                  0.000000    9.942532   clock reconvergence pessimism
                                 -0.127738    9.814794   library setup time
                                              9.814794   data required time
---------------------------------------------------------------------------------------------
                                              9.814794   data required time
                                             -2.443508   data arrival time
---------------------------------------------------------------------------------------------
                                              7.371285   slack (MET)


Startpoint: ui_PAD2CORE[0] (input port clocked by clk_i)
Endpoint: _177_ (rising edge-triggered flip-flop clocked by clk_i)
Path Group: clk_i
Path Type: max

Fanout         Cap        Slew       Delay        Time   Description
---------------------------------------------------------------------------------------------
                                  0.000000    0.000000   clock clk_i (rise edge)
                                  0.000000    0.000000   clock network delay (propagated)
                                  2.000000    2.000000 ^ input external delay
     1    0.003664    0.020844    0.003018    2.003018 ^ ui_PAD2CORE[0] (in)
                                                         ui_PAD2CORE[0] (net)
                      0.020844    0.000000    2.003018 ^ input2/A (sg13g2_buf_1)
     2    0.008097    0.041612    0.071401    2.074419 ^ input2/X (sg13g2_buf_1)
                                                         net2 (net)
                      0.041612    0.000054    2.074472 ^ fanout20/A (sg13g2_buf_1)
     8    0.033923    0.143833    0.154167    2.228639 ^ fanout20/X (sg13g2_buf_1)
                                                         net20 (net)
                      0.143850    0.001277    2.229917 ^ _096_/A (sg13g2_nand2_1)
     2    0.009398    0.083014    0.108188    2.338105 v _096_/Y (sg13g2_nand2_1)
                                                         _077_ (net)
                      0.083014    0.000034    2.338138 v _101_/A1 (sg13g2_o21ai_1)
     1    0.002631    0.067042    0.102027    2.440166 ^ _101_/Y (sg13g2_o21ai_1)
                                                         _002_ (net)
                      0.067042    0.000031    2.440196 ^ _177_/D (sg13g2_dfrbpq_1)
                                              2.440196   data arrival time

                                 10.000000   10.000000   clock clk_i (rise edge)
                                  0.000000   10.000000   clock source latency
     1    0.024077    0.038967    0.020348   10.020349 ^ clk_i (in)
                                                         clk_i (net)
                      0.039068    0.000000   10.020349 ^ clkbuf_0_clk_i/A (sg13g2_buf_16)
     8    0.155975    0.051557    0.095633   10.115981 ^ clkbuf_0_clk_i/X (sg13g2_buf_16)
                                                         clknet_0_clk_i (net)
                      0.051635    0.001259   10.117241 ^ clkbuf_3_1__f_clk_i/A (sg13g2_buf_16)
     4    0.016133    0.019597    0.074906   10.192147 ^ clkbuf_3_1__f_clk_i/X (sg13g2_buf_16)
                                                         clknet_3_1__leaf_clk_i (net)
                      0.019598    0.000203   10.192349 ^ _177_/CLK (sg13g2_dfrbpq_1)
                                 -0.250000    9.942349   clock uncertainty
                                  0.000000    9.942349   clock reconvergence pessimism
                                 -0.128079    9.814271   library setup time
                                              9.814271   data required time
---------------------------------------------------------------------------------------------
                                              9.814271   data required time
                                             -2.440196   data arrival time
---------------------------------------------------------------------------------------------
                                              7.374074   slack (MET)


Startpoint: ui_PAD2CORE[0] (input port clocked by clk_i)
Endpoint: _176_ (rising edge-triggered flip-flop clocked by clk_i)
Path Group: clk_i
Path Type: max

Fanout         Cap        Slew       Delay        Time   Description
---------------------------------------------------------------------------------------------
                                  0.000000    0.000000   clock clk_i (rise edge)
                                  0.000000    0.000000   clock network delay (propagated)
                                  2.000000    2.000000 ^ input external delay
     1    0.003664    0.020844    0.003018    2.003018 ^ ui_PAD2CORE[0] (in)
                                                         ui_PAD2CORE[0] (net)
                      0.020844    0.000000    2.003018 ^ input2/A (sg13g2_buf_1)
     2    0.008097    0.041612    0.071401    2.074419 ^ input2/X (sg13g2_buf_1)
                                                         net2 (net)
                      0.041612    0.000054    2.074472 ^ fanout20/A (sg13g2_buf_1)
     8    0.033923    0.143833    0.154167    2.228639 ^ fanout20/X (sg13g2_buf_1)
                                                         net20 (net)
                      0.143847    0.001183    2.229822 ^ _090_/A (sg13g2_nand2_1)
     2    0.009990    0.086305    0.111521    2.341342 v _090_/Y (sg13g2_nand2_1)
                                                         _073_ (net)
                      0.086305    0.000056    2.341398 v _094_/A (sg13g2_xnor2_1)
     1    0.002072    0.038850    0.106680    2.448078 v _094_/Y (sg13g2_xnor2_1)
                                                         spm_inst.genblk1[12].csa.hsum2 (net)
                      0.038850    0.000016    2.448095 v _176_/D (sg13g2_dfrbpq_1)
                                              2.448095   data arrival time

                                 10.000000   10.000000   clock clk_i (rise edge)
                                  0.000000   10.000000   clock source latency
     1    0.024077    0.038967    0.020348   10.020349 ^ clk_i (in)
                                                         clk_i (net)
                      0.039068    0.000000   10.020349 ^ clkbuf_0_clk_i/A (sg13g2_buf_16)
     8    0.155975    0.051557    0.095633   10.115981 ^ clkbuf_0_clk_i/X (sg13g2_buf_16)
                                                         clknet_0_clk_i (net)
                      0.051635    0.001259   10.117241 ^ clkbuf_3_1__f_clk_i/A (sg13g2_buf_16)
     4    0.016133    0.019597    0.074906   10.192147 ^ clkbuf_3_1__f_clk_i/X (sg13g2_buf_16)
                                                         clknet_3_1__leaf_clk_i (net)
                      0.019598    0.000186   10.192332 ^ _176_/CLK (sg13g2_dfrbpq_1)
                                 -0.250000    9.942332   clock uncertainty
                                  0.000000    9.942332   clock reconvergence pessimism
                                 -0.119518    9.822815   library setup time
                                              9.822815   data required time
---------------------------------------------------------------------------------------------
                                              9.822815   data required time
                                             -2.448095   data arrival time
---------------------------------------------------------------------------------------------
                                              7.374720   slack (MET)


Startpoint: ui_PAD2CORE[0] (input port clocked by clk_i)
Endpoint: _171_ (rising edge-triggered flip-flop clocked by clk_i)
Path Group: clk_i
Path Type: max

Fanout         Cap        Slew       Delay        Time   Description
---------------------------------------------------------------------------------------------
                                  0.000000    0.000000   clock clk_i (rise edge)
                                  0.000000    0.000000   clock network delay (propagated)
                                  2.000000    2.000000 ^ input external delay
     1    0.003664    0.020844    0.003018    2.003018 ^ ui_PAD2CORE[0] (in)
                                                         ui_PAD2CORE[0] (net)
                      0.020844    0.000000    2.003018 ^ input2/A (sg13g2_buf_1)
     2    0.008097    0.041612    0.071401    2.074419 ^ input2/X (sg13g2_buf_1)
                                                         net2 (net)
                      0.041612    0.000054    2.074472 ^ fanout20/A (sg13g2_buf_1)
     8    0.033923    0.143833    0.154167    2.228639 ^ fanout20/X (sg13g2_buf_1)
                                                         net20 (net)
                      0.143841    0.000855    2.229494 ^ _078_/A (sg13g2_nand2_1)
     2    0.010108    0.086962    0.112182    2.341677 v _078_/Y (sg13g2_nand2_1)
                                                         _065_ (net)
                      0.086962    0.000083    2.341760 v _083_/A1 (sg13g2_o21ai_1)
     1    0.002159    0.063209    0.100114    2.441874 ^ _083_/Y (sg13g2_o21ai_1)
                                                         _005_ (net)
                      0.063209    0.000019    2.441893 ^ _171_/D (sg13g2_dfrbpq_1)
                                              2.441893   data arrival time

                                 10.000000   10.000000   clock clk_i (rise edge)
                                  0.000000   10.000000   clock source latency
     1    0.024077    0.038967    0.020348   10.020349 ^ clk_i (in)
                                                         clk_i (net)
                      0.039068    0.000000   10.020349 ^ clkbuf_0_clk_i/A (sg13g2_buf_16)
     8    0.155975    0.051557    0.095633   10.115981 ^ clkbuf_0_clk_i/X (sg13g2_buf_16)
                                                         clknet_0_clk_i (net)
                      0.051794    0.002590   10.118571 ^ clkbuf_3_2__f_clk_i/A (sg13g2_buf_16)
     4    0.015639    0.019493    0.074894   10.193465 ^ clkbuf_3_2__f_clk_i/X (sg13g2_buf_16)
                                                         clknet_3_2__leaf_clk_i (net)
                      0.019493    0.000174   10.193639 ^ _171_/CLK (sg13g2_dfrbpq_1)
                                 -0.250000    9.943639   clock uncertainty
                                  0.000000    9.943639   clock reconvergence pessimism
                                 -0.126849    9.816791   library setup time
                                              9.816791   data required time
---------------------------------------------------------------------------------------------
                                              9.816791   data required time
                                             -2.441893   data arrival time
---------------------------------------------------------------------------------------------
                                              7.374897   slack (MET)


Startpoint: ui_PAD2CORE[0] (input port clocked by clk_i)
Endpoint: _172_ (rising edge-triggered flip-flop clocked by clk_i)
Path Group: clk_i
Path Type: max

Fanout         Cap        Slew       Delay        Time   Description
---------------------------------------------------------------------------------------------
                                  0.000000    0.000000   clock clk_i (rise edge)
                                  0.000000    0.000000   clock network delay (propagated)
                                  2.000000    2.000000 ^ input external delay
     1    0.003664    0.020844    0.003018    2.003018 ^ ui_PAD2CORE[0] (in)
                                                         ui_PAD2CORE[0] (net)
                      0.020844    0.000000    2.003018 ^ input2/A (sg13g2_buf_1)
     2    0.008097    0.041612    0.071401    2.074419 ^ input2/X (sg13g2_buf_1)
                                                         net2 (net)
                      0.041612    0.000054    2.074472 ^ fanout20/A (sg13g2_buf_1)
     8    0.033923    0.143833    0.154167    2.228639 ^ fanout20/X (sg13g2_buf_1)
                                                         net20 (net)
                      0.143841    0.000855    2.229494 ^ _078_/A (sg13g2_nand2_1)
     2    0.010108    0.086962    0.112182    2.341677 v _078_/Y (sg13g2_nand2_1)
                                                         _065_ (net)
                      0.086962    0.000054    2.341731 v _082_/A (sg13g2_xnor2_1)
     1    0.001811    0.037583    0.105851    2.447582 v _082_/Y (sg13g2_xnor2_1)
                                                         spm_inst.genblk1[14].csa.hsum2 (net)
                      0.037583    0.000012    2.447594 v _172_/D (sg13g2_dfrbpq_1)
                                              2.447594   data arrival time

                                 10.000000   10.000000   clock clk_i (rise edge)
                                  0.000000   10.000000   clock source latency
     1    0.024077    0.038967    0.020348   10.020349 ^ clk_i (in)
                                                         clk_i (net)
                      0.039068    0.000000   10.020349 ^ clkbuf_0_clk_i/A (sg13g2_buf_16)
     8    0.155975    0.051557    0.095633   10.115981 ^ clkbuf_0_clk_i/X (sg13g2_buf_16)
                                                         clknet_0_clk_i (net)
                      0.051686    0.001798   10.117779 ^ clkbuf_3_0__f_clk_i/A (sg13g2_buf_16)
     4    0.014672    0.019279    0.074654   10.192433 ^ clkbuf_3_0__f_clk_i/X (sg13g2_buf_16)
                                                         clknet_3_0__leaf_clk_i (net)
                      0.019279    0.000103   10.192536 ^ _172_/CLK (sg13g2_dfrbpq_1)
                                 -0.250000    9.942536   clock uncertainty
                                  0.000000    9.942536   clock reconvergence pessimism
                                 -0.119143    9.823393   library setup time
                                              9.823393   data required time
---------------------------------------------------------------------------------------------
                                              9.823393   data required time
                                             -2.447594   data arrival time
---------------------------------------------------------------------------------------------
                                              7.375799   slack (MET)


Startpoint: ui_PAD2CORE[0] (input port clocked by clk_i)
Endpoint: _190_ (rising edge-triggered flip-flop clocked by clk_i)
Path Group: clk_i
Path Type: max

Fanout         Cap        Slew       Delay        Time   Description
---------------------------------------------------------------------------------------------
                                  0.000000    0.000000   clock clk_i (rise edge)
                                  0.000000    0.000000   clock network delay (propagated)
                                  2.000000    2.000000 ^ input external delay
     1    0.003664    0.020844    0.003018    2.003018 ^ ui_PAD2CORE[0] (in)
                                                         ui_PAD2CORE[0] (net)
                      0.020844    0.000000    2.003018 ^ input2/A (sg13g2_buf_1)
     2    0.008097    0.041612    0.071401    2.074419 ^ input2/X (sg13g2_buf_1)
                                                         net2 (net)
                      0.041612    0.000054    2.074472 ^ fanout20/A (sg13g2_buf_1)
     8    0.033923    0.143833    0.154167    2.228639 ^ fanout20/X (sg13g2_buf_1)
                                                         net20 (net)
                      0.143833    0.000114    2.228753 ^ _132_/A (sg13g2_nand2_1)
     2    0.009659    0.084457    0.109662    2.338415 v _132_/Y (sg13g2_nand2_1)
                                                         _040_ (net)
                      0.084457    0.000047    2.338462 v _136_/A (sg13g2_xnor2_1)
     1    0.001919    0.037923    0.105173    2.443635 v _136_/Y (sg13g2_xnor2_1)
                                                         spm_inst.genblk1[5].csa.hsum2 (net)
                      0.037923    0.000014    2.443649 v _190_/D (sg13g2_dfrbpq_1)
                                              2.443649   data arrival time

                                 10.000000   10.000000   clock clk_i (rise edge)
                                  0.000000   10.000000   clock source latency
     1    0.024077    0.038967    0.020348   10.020349 ^ clk_i (in)
                                                         clk_i (net)
                      0.039068    0.000000   10.020349 ^ clkbuf_0_clk_i/A (sg13g2_buf_16)
     8    0.155975    0.051557    0.095633   10.115981 ^ clkbuf_0_clk_i/X (sg13g2_buf_16)
                                                         clknet_0_clk_i (net)
                      0.051690    0.001839   10.117821 ^ clkbuf_3_3__f_clk_i/A (sg13g2_buf_16)
     4    0.016313    0.019642    0.074969   10.192790 ^ clkbuf_3_3__f_clk_i/X (sg13g2_buf_16)
                                                         clknet_3_3__leaf_clk_i (net)
                      0.019642    0.000183   10.192973 ^ _190_/CLK (sg13g2_dfrbpq_1)
                                 -0.250000    9.942973   clock uncertainty
                                  0.000000    9.942973   clock reconvergence pessimism
                                 -0.119173    9.823801   library setup time
                                              9.823801   data required time
---------------------------------------------------------------------------------------------
                                              9.823801   data required time
                                             -2.443649   data arrival time
---------------------------------------------------------------------------------------------
                                              7.380151   slack (MET)


Startpoint: ui_PAD2CORE[0] (input port clocked by clk_i)
Endpoint: _189_ (rising edge-triggered flip-flop clocked by clk_i)
Path Group: clk_i
Path Type: max

Fanout         Cap        Slew       Delay        Time   Description
---------------------------------------------------------------------------------------------
                                  0.000000    0.000000   clock clk_i (rise edge)
                                  0.000000    0.000000   clock network delay (propagated)
                                  2.000000    2.000000 ^ input external delay
     1    0.003664    0.020844    0.003018    2.003018 ^ ui_PAD2CORE[0] (in)
                                                         ui_PAD2CORE[0] (net)
                      0.020844    0.000000    2.003018 ^ input2/A (sg13g2_buf_1)
     2    0.008097    0.041612    0.071401    2.074419 ^ input2/X (sg13g2_buf_1)
                                                         net2 (net)
                      0.041612    0.000054    2.074472 ^ fanout20/A (sg13g2_buf_1)
     8    0.033923    0.143833    0.154167    2.228639 ^ fanout20/X (sg13g2_buf_1)
                                                         net20 (net)
                      0.143833    0.000114    2.228753 ^ _132_/A (sg13g2_nand2_1)
     2    0.009659    0.084457    0.109662    2.338415 v _132_/Y (sg13g2_nand2_1)
                                                         _040_ (net)
                      0.084457    0.000045    2.338460 v _137_/A1 (sg13g2_o21ai_1)
     1    0.001939    0.061074    0.097617    2.436077 ^ _137_/Y (sg13g2_o21ai_1)
                                                         _010_ (net)
                      0.061074    0.000015    2.436092 ^ _189_/D (sg13g2_dfrbpq_1)
                                              2.436092   data arrival time

                                 10.000000   10.000000   clock clk_i (rise edge)
                                  0.000000   10.000000   clock source latency
     1    0.024077    0.038967    0.020348   10.020349 ^ clk_i (in)
                                                         clk_i (net)
                      0.039068    0.000000   10.020349 ^ clkbuf_0_clk_i/A (sg13g2_buf_16)
     8    0.155975    0.051557    0.095633   10.115981 ^ clkbuf_0_clk_i/X (sg13g2_buf_16)
                                                         clknet_0_clk_i (net)
                      0.051794    0.002590   10.118571 ^ clkbuf_3_2__f_clk_i/A (sg13g2_buf_16)
     4    0.015639    0.019493    0.074894   10.193465 ^ clkbuf_3_2__f_clk_i/X (sg13g2_buf_16)
                                                         clknet_3_2__leaf_clk_i (net)
                      0.019493    0.000135   10.193600 ^ _189_/CLK (sg13g2_dfrbpq_1)
                                 -0.250000    9.943600   clock uncertainty
                                  0.000000    9.943600   clock reconvergence pessimism
                                 -0.126154    9.817446   library setup time
                                              9.817446   data required time
---------------------------------------------------------------------------------------------
                                              9.817446   data required time
                                             -2.436092   data arrival time
---------------------------------------------------------------------------------------------
                                              7.381354   slack (MET)


Startpoint: ui_PAD2CORE[0] (input port clocked by clk_i)
Endpoint: _178_ (rising edge-triggered flip-flop clocked by clk_i)
Path Group: clk_i
Path Type: max

Fanout         Cap        Slew       Delay        Time   Description
---------------------------------------------------------------------------------------------
                                  0.000000    0.000000   clock clk_i (rise edge)
                                  0.000000    0.000000   clock network delay (propagated)
                                  2.000000    2.000000 ^ input external delay
     1    0.003664    0.020844    0.003018    2.003018 ^ ui_PAD2CORE[0] (in)
                                                         ui_PAD2CORE[0] (net)
                      0.020844    0.000000    2.003018 ^ input2/A (sg13g2_buf_1)
     2    0.008097    0.041612    0.071401    2.074419 ^ input2/X (sg13g2_buf_1)
                                                         net2 (net)
                      0.041612    0.000054    2.074472 ^ fanout20/A (sg13g2_buf_1)
     8    0.033923    0.143833    0.154167    2.228639 ^ fanout20/X (sg13g2_buf_1)
                                                         net20 (net)
                      0.143850    0.001277    2.229917 ^ _096_/A (sg13g2_nand2_1)
     2    0.009398    0.083014    0.108188    2.338105 v _096_/Y (sg13g2_nand2_1)
                                                         _077_ (net)
                      0.083014    0.000054    2.338159 v _100_/A (sg13g2_xnor2_1)
     1    0.001557    0.035963    0.102951    2.441109 v _100_/Y (sg13g2_xnor2_1)
                                                         spm_inst.genblk1[11].csa.hsum2 (net)
                      0.035963    0.000008    2.441117 v _178_/D (sg13g2_dfrbpq_1)
                                              2.441117   data arrival time

                                 10.000000   10.000000   clock clk_i (rise edge)
                                  0.000000   10.000000   clock source latency
     1    0.024077    0.038967    0.020348   10.020349 ^ clk_i (in)
                                                         clk_i (net)
                      0.039068    0.000000   10.020349 ^ clkbuf_0_clk_i/A (sg13g2_buf_16)
     8    0.155975    0.051557    0.095633   10.115981 ^ clkbuf_0_clk_i/X (sg13g2_buf_16)
                                                         clknet_0_clk_i (net)
                      0.051635    0.001259   10.117241 ^ clkbuf_3_1__f_clk_i/A (sg13g2_buf_16)
     4    0.016133    0.019597    0.074906   10.192147 ^ clkbuf_3_1__f_clk_i/X (sg13g2_buf_16)
                                                         clknet_3_1__leaf_clk_i (net)
                      0.019598    0.000226   10.192373 ^ _178_/CLK (sg13g2_dfrbpq_1)
                                 -0.250000    9.942373   clock uncertainty
                                  0.000000    9.942373   clock reconvergence pessimism
                                 -0.118478    9.823895   library setup time
                                              9.823895   data required time
---------------------------------------------------------------------------------------------
                                              9.823895   data required time
                                             -2.441117   data arrival time
---------------------------------------------------------------------------------------------
                                              7.382779   slack (MET)


Startpoint: ui_PAD2CORE[0] (input port clocked by clk_i)
Endpoint: _199_ (rising edge-triggered flip-flop clocked by clk_i)
Path Group: clk_i
Path Type: max

Fanout         Cap        Slew       Delay        Time   Description
---------------------------------------------------------------------------------------------
                                  0.000000    0.000000   clock clk_i (rise edge)
                                  0.000000    0.000000   clock network delay (propagated)
                                  2.000000    2.000000 ^ input external delay
     1    0.003664    0.020844    0.003018    2.003018 ^ ui_PAD2CORE[0] (in)
                                                         ui_PAD2CORE[0] (net)
                      0.020844    0.000000    2.003018 ^ input2/A (sg13g2_buf_1)
     2    0.008097    0.041612    0.071401    2.074419 ^ input2/X (sg13g2_buf_1)
                                                         net2 (net)
                      0.041612    0.000054    2.074472 ^ fanout20/A (sg13g2_buf_1)
     8    0.033923    0.143833    0.154167    2.228639 ^ fanout20/X (sg13g2_buf_1)
                                                         net20 (net)
                      0.143835    0.000457    2.229096 ^ _162_/A (sg13g2_nand2_1)
     2    0.009494    0.083549    0.108717    2.337813 v _162_/Y (sg13g2_nand2_1)
                                                         _060_ (net)
                      0.083549    0.000065    2.337878 v _164_/B (sg13g2_xnor2_1)
     1    0.001854    0.034644    0.102156    2.440034 v _164_/Y (sg13g2_xnor2_1)
                                                         _015_ (net)
                      0.034644    0.000013    2.440047 v _199_/D (sg13g2_dfrbpq_1)
                                              2.440047   data arrival time

                                 10.000000   10.000000   clock clk_i (rise edge)
                                  0.000000   10.000000   clock source latency
     1    0.024077    0.038967    0.020348   10.020349 ^ clk_i (in)
                                                         clk_i (net)
                      0.039068    0.000000   10.020349 ^ clkbuf_0_clk_i/A (sg13g2_buf_16)
     8    0.155975    0.051557    0.095633   10.115981 ^ clkbuf_0_clk_i/X (sg13g2_buf_16)
                                                         clknet_0_clk_i (net)
                      0.051794    0.002590   10.118571 ^ clkbuf_3_2__f_clk_i/A (sg13g2_buf_16)
     4    0.015639    0.019493    0.074894   10.193465 ^ clkbuf_3_2__f_clk_i/X (sg13g2_buf_16)
                                                         clknet_3_2__leaf_clk_i (net)
                      0.019493    0.000131   10.193597 ^ _199_/CLK (sg13g2_dfrbpq_1)
                                 -0.250000    9.943597   clock uncertainty
                                  0.000000    9.943597   clock reconvergence pessimism
                                 -0.118030    9.825566   library setup time
                                              9.825566   data required time
---------------------------------------------------------------------------------------------
                                              9.825566   data required time
                                             -2.440047   data arrival time
---------------------------------------------------------------------------------------------
                                              7.385520   slack (MET)


Startpoint: rst_ni (input port clocked by clk_i)
Endpoint: _183_ (recovery check against rising-edge clock clk_i)
Path Group: asynchronous
Path Type: max

Fanout         Cap        Slew       Delay        Time   Description
---------------------------------------------------------------------------------------------
                                  0.000000    0.000000   clock clk_i (rise edge)
                                  0.000000    0.000000   clock network delay (propagated)
                                  2.000000    2.000000 ^ input external delay
     1    0.003773    0.020945    0.003110    2.003110 ^ rst_ni (in)
                                                         rst_ni (net)
                      0.020945    0.000000    2.003110 ^ input1/A (sg13g2_buf_1)
     1    0.003069    0.022554    0.056755    2.059866 ^ input1/X (sg13g2_buf_1)
                                                         net1 (net)
                      0.022554    0.000029    2.059895 ^ fanout26/A (sg13g2_buf_1)
     4    0.019203    0.085576    0.104485    2.164380 ^ fanout26/X (sg13g2_buf_1)
                                                         net26 (net)
                      0.085605    0.000427    2.164807 ^ fanout25/A (sg13g2_buf_1)
     8    0.048740    0.203232    0.214536    2.379343 ^ fanout25/X (sg13g2_buf_1)
                                                         net25 (net)
                      0.203238    0.000944    2.380287 ^ _183_/RESET_B (sg13g2_dfrbpq_1)
                                              2.380287   data arrival time

                                 10.000000   10.000000   clock clk_i (rise edge)
                                  0.000000   10.000000   clock source latency
     1    0.024077    0.038967    0.020348   10.020349 ^ clk_i (in)
                                                         clk_i (net)
                      0.039068    0.000000   10.020349 ^ clkbuf_0_clk_i/A (sg13g2_buf_16)
     8    0.155975    0.051557    0.095633   10.115981 ^ clkbuf_0_clk_i/X (sg13g2_buf_16)
                                                         clknet_0_clk_i (net)
                      0.051667    0.001625   10.117606 ^ clkbuf_3_6__f_clk_i/A (sg13g2_buf_16)
     4    0.014941    0.019326    0.074698   10.192305 ^ clkbuf_3_6__f_clk_i/X (sg13g2_buf_16)
                                                         clknet_3_6__leaf_clk_i (net)
                      0.019326    0.000065   10.192369 ^ _183_/CLK (sg13g2_dfrbpq_1)
                                 -0.250000    9.942369   clock uncertainty
                                  0.000000    9.942369   clock reconvergence pessimism
                                 -0.176083    9.766287   library recovery time
                                              9.766287   data required time
---------------------------------------------------------------------------------------------
                                              9.766287   data required time
                                             -2.380287   data arrival time
---------------------------------------------------------------------------------------------
                                              7.386000   slack (MET)


Startpoint: rst_ni (input port clocked by clk_i)
Endpoint: _184_ (recovery check against rising-edge clock clk_i)
Path Group: asynchronous
Path Type: max

Fanout         Cap        Slew       Delay        Time   Description
---------------------------------------------------------------------------------------------
                                  0.000000    0.000000   clock clk_i (rise edge)
                                  0.000000    0.000000   clock network delay (propagated)
                                  2.000000    2.000000 ^ input external delay
     1    0.003773    0.020945    0.003110    2.003110 ^ rst_ni (in)
                                                         rst_ni (net)
                      0.020945    0.000000    2.003110 ^ input1/A (sg13g2_buf_1)
     1    0.003069    0.022554    0.056755    2.059866 ^ input1/X (sg13g2_buf_1)
                                                         net1 (net)
                      0.022554    0.000029    2.059895 ^ fanout26/A (sg13g2_buf_1)
     4    0.019203    0.085576    0.104485    2.164380 ^ fanout26/X (sg13g2_buf_1)
                                                         net26 (net)
                      0.085605    0.000427    2.164807 ^ fanout25/A (sg13g2_buf_1)
     8    0.048740    0.203232    0.214536    2.379343 ^ fanout25/X (sg13g2_buf_1)
                                                         net25 (net)
                      0.203239    0.000965    2.380308 ^ _184_/RESET_B (sg13g2_dfrbpq_1)
                                              2.380308   data arrival time

                                 10.000000   10.000000   clock clk_i (rise edge)
                                  0.000000   10.000000   clock source latency
     1    0.024077    0.038967    0.020348   10.020349 ^ clk_i (in)
                                                         clk_i (net)
                      0.039068    0.000000   10.020349 ^ clkbuf_0_clk_i/A (sg13g2_buf_16)
     8    0.155975    0.051557    0.095633   10.115981 ^ clkbuf_0_clk_i/X (sg13g2_buf_16)
                                                         clknet_0_clk_i (net)
                      0.051667    0.001625   10.117606 ^ clkbuf_3_6__f_clk_i/A (sg13g2_buf_16)
     4    0.014941    0.019326    0.074698   10.192305 ^ clkbuf_3_6__f_clk_i/X (sg13g2_buf_16)
                                                         clknet_3_6__leaf_clk_i (net)
                      0.019326    0.000079   10.192384 ^ _184_/CLK (sg13g2_dfrbpq_1)
                                 -0.250000    9.942384   clock uncertainty
                                  0.000000    9.942384   clock reconvergence pessimism
                                 -0.176083    9.766301   library recovery time
                                              9.766301   data required time
---------------------------------------------------------------------------------------------
                                              9.766301   data required time
                                             -2.380308   data arrival time
---------------------------------------------------------------------------------------------
                                              7.385993   slack (MET)


Startpoint: rst_ni (input port clocked by clk_i)
Endpoint: _191_ (recovery check against rising-edge clock clk_i)
Path Group: asynchronous
Path Type: max

Fanout         Cap        Slew       Delay        Time   Description
---------------------------------------------------------------------------------------------
                                  0.000000    0.000000   clock clk_i (rise edge)
                                  0.000000    0.000000   clock network delay (propagated)
                                  2.000000    2.000000 ^ input external delay
     1    0.003773    0.020945    0.003110    2.003110 ^ rst_ni (in)
                                                         rst_ni (net)
                      0.020945    0.000000    2.003110 ^ input1/A (sg13g2_buf_1)
     1    0.003069    0.022554    0.056755    2.059866 ^ input1/X (sg13g2_buf_1)
                                                         net1 (net)
                      0.022554    0.000029    2.059895 ^ fanout26/A (sg13g2_buf_1)
     4    0.019203    0.085576    0.104485    2.164380 ^ fanout26/X (sg13g2_buf_1)
                                                         net26 (net)
                      0.085605    0.000427    2.164807 ^ fanout25/A (sg13g2_buf_1)
     8    0.048740    0.203232    0.214536    2.379343 ^ fanout25/X (sg13g2_buf_1)
                                                         net25 (net)
                      0.203237    0.000785    2.380128 ^ _191_/RESET_B (sg13g2_dfrbpq_1)
                                              2.380128   data arrival time

                                 10.000000   10.000000   clock clk_i (rise edge)
                                  0.000000   10.000000   clock source latency
     1    0.024077    0.038967    0.020348   10.020349 ^ clk_i (in)
                                                         clk_i (net)
                      0.039068    0.000000   10.020349 ^ clkbuf_0_clk_i/A (sg13g2_buf_16)
     8    0.155975    0.051557    0.095633   10.115981 ^ clkbuf_0_clk_i/X (sg13g2_buf_16)
                                                         clknet_0_clk_i (net)
                      0.051667    0.001625   10.117606 ^ clkbuf_3_6__f_clk_i/A (sg13g2_buf_16)
     4    0.014941    0.019326    0.074698   10.192305 ^ clkbuf_3_6__f_clk_i/X (sg13g2_buf_16)
                                                         clknet_3_6__leaf_clk_i (net)
                      0.019327    0.000107   10.192411 ^ _191_/CLK (sg13g2_dfrbpq_1)
                                 -0.250000    9.942411   clock uncertainty
                                  0.000000    9.942411   clock reconvergence pessimism
                                 -0.176082    9.766330   library recovery time
                                              9.766330   data required time
---------------------------------------------------------------------------------------------
                                              9.766330   data required time
                                             -2.380128   data arrival time
---------------------------------------------------------------------------------------------
                                              7.386201   slack (MET)


Startpoint: rst_ni (input port clocked by clk_i)
Endpoint: _192_ (recovery check against rising-edge clock clk_i)
Path Group: asynchronous
Path Type: max

Fanout         Cap        Slew       Delay        Time   Description
---------------------------------------------------------------------------------------------
                                  0.000000    0.000000   clock clk_i (rise edge)
                                  0.000000    0.000000   clock network delay (propagated)
                                  2.000000    2.000000 ^ input external delay
     1    0.003773    0.020945    0.003110    2.003110 ^ rst_ni (in)
                                                         rst_ni (net)
                      0.020945    0.000000    2.003110 ^ input1/A (sg13g2_buf_1)
     1    0.003069    0.022554    0.056755    2.059866 ^ input1/X (sg13g2_buf_1)
                                                         net1 (net)
                      0.022554    0.000029    2.059895 ^ fanout26/A (sg13g2_buf_1)
     4    0.019203    0.085576    0.104485    2.164380 ^ fanout26/X (sg13g2_buf_1)
                                                         net26 (net)
                      0.085605    0.000427    2.164807 ^ fanout25/A (sg13g2_buf_1)
     8    0.048740    0.203232    0.214536    2.379343 ^ fanout25/X (sg13g2_buf_1)
                                                         net25 (net)
                      0.203236    0.000720    2.380063 ^ _192_/RESET_B (sg13g2_dfrbpq_1)
                                              2.380063   data arrival time

                                 10.000000   10.000000   clock clk_i (rise edge)
                                  0.000000   10.000000   clock source latency
     1    0.024077    0.038967    0.020348   10.020349 ^ clk_i (in)
                                                         clk_i (net)
                      0.039068    0.000000   10.020349 ^ clkbuf_0_clk_i/A (sg13g2_buf_16)
     8    0.155975    0.051557    0.095633   10.115981 ^ clkbuf_0_clk_i/X (sg13g2_buf_16)
                                                         clknet_0_clk_i (net)
                      0.051667    0.001625   10.117606 ^ clkbuf_3_6__f_clk_i/A (sg13g2_buf_16)
     4    0.014941    0.019326    0.074698   10.192305 ^ clkbuf_3_6__f_clk_i/X (sg13g2_buf_16)
                                                         clknet_3_6__leaf_clk_i (net)
                      0.019327    0.000121   10.192426 ^ _192_/CLK (sg13g2_dfrbpq_1)
                                 -0.250000    9.942426   clock uncertainty
                                  0.000000    9.942426   clock reconvergence pessimism
                                 -0.176082    9.766343   library recovery time
                                              9.766343   data required time
---------------------------------------------------------------------------------------------
                                              9.766343   data required time
                                             -2.380063   data arrival time
---------------------------------------------------------------------------------------------
                                              7.386280   slack (MET)


Startpoint: rst_ni (input port clocked by clk_i)
Endpoint: _196_ (recovery check against rising-edge clock clk_i)
Path Group: asynchronous
Path Type: max

Fanout         Cap        Slew       Delay        Time   Description
---------------------------------------------------------------------------------------------
                                  0.000000    0.000000   clock clk_i (rise edge)
                                  0.000000    0.000000   clock network delay (propagated)
                                  2.000000    2.000000 ^ input external delay
     1    0.003773    0.020945    0.003110    2.003110 ^ rst_ni (in)
                                                         rst_ni (net)
                      0.020945    0.000000    2.003110 ^ input1/A (sg13g2_buf_1)
     1    0.003069    0.022554    0.056755    2.059866 ^ input1/X (sg13g2_buf_1)
                                                         net1 (net)
                      0.022554    0.000029    2.059895 ^ fanout26/A (sg13g2_buf_1)
     4    0.019203    0.085576    0.104485    2.164380 ^ fanout26/X (sg13g2_buf_1)
                                                         net26 (net)
                      0.085605    0.000427    2.164807 ^ fanout25/A (sg13g2_buf_1)
     8    0.048740    0.203232    0.214536    2.379343 ^ fanout25/X (sg13g2_buf_1)
                                                         net25 (net)
                      0.203241    0.001146    2.380489 ^ _196_/RESET_B (sg13g2_dfrbpq_1)
                                              2.380489   data arrival time

                                 10.000000   10.000000   clock clk_i (rise edge)
                                  0.000000   10.000000   clock source latency
     1    0.024077    0.038967    0.020348   10.020349 ^ clk_i (in)
                                                         clk_i (net)
                      0.039068    0.000000   10.020349 ^ clkbuf_0_clk_i/A (sg13g2_buf_16)
     8    0.155975    0.051557    0.095633   10.115981 ^ clkbuf_0_clk_i/X (sg13g2_buf_16)
                                                         clknet_0_clk_i (net)
                      0.051723    0.002108   10.118089 ^ clkbuf_3_7__f_clk_i/A (sg13g2_buf_16)
     4    0.014887    0.019315    0.074711   10.192800 ^ clkbuf_3_7__f_clk_i/X (sg13g2_buf_16)
                                                         clknet_3_7__leaf_clk_i (net)
                      0.019315    0.000167   10.192966 ^ _196_/CLK (sg13g2_dfrbpq_1)
                                 -0.250000    9.942966   clock uncertainty
                                  0.000000    9.942966   clock reconvergence pessimism
                                 -0.176086    9.766881   library recovery time
                                              9.766881   data required time
---------------------------------------------------------------------------------------------
                                              9.766881   data required time
                                             -2.380489   data arrival time
---------------------------------------------------------------------------------------------
                                              7.386392   slack (MET)


Startpoint: rst_ni (input port clocked by clk_i)
Endpoint: _195_ (recovery check against rising-edge clock clk_i)
Path Group: asynchronous
Path Type: max

Fanout         Cap        Slew       Delay        Time   Description
---------------------------------------------------------------------------------------------
                                  0.000000    0.000000   clock clk_i (rise edge)
                                  0.000000    0.000000   clock network delay (propagated)
                                  2.000000    2.000000 ^ input external delay
     1    0.003773    0.020945    0.003110    2.003110 ^ rst_ni (in)
                                                         rst_ni (net)
                      0.020945    0.000000    2.003110 ^ input1/A (sg13g2_buf_1)
     1    0.003069    0.022554    0.056755    2.059866 ^ input1/X (sg13g2_buf_1)
                                                         net1 (net)
                      0.022554    0.000029    2.059895 ^ fanout26/A (sg13g2_buf_1)
     4    0.019203    0.085576    0.104485    2.164380 ^ fanout26/X (sg13g2_buf_1)
                                                         net26 (net)
                      0.085605    0.000427    2.164807 ^ fanout25/A (sg13g2_buf_1)
     8    0.048740    0.203232    0.214536    2.379343 ^ fanout25/X (sg13g2_buf_1)
                                                         net25 (net)
                      0.203241    0.001102    2.380445 ^ _195_/RESET_B (sg13g2_dfrbpq_1)
                                              2.380445   data arrival time

                                 10.000000   10.000000   clock clk_i (rise edge)
                                  0.000000   10.000000   clock source latency
     1    0.024077    0.038967    0.020348   10.020349 ^ clk_i (in)
                                                         clk_i (net)
                      0.039068    0.000000   10.020349 ^ clkbuf_0_clk_i/A (sg13g2_buf_16)
     8    0.155975    0.051557    0.095633   10.115981 ^ clkbuf_0_clk_i/X (sg13g2_buf_16)
                                                         clknet_0_clk_i (net)
                      0.051723    0.002108   10.118089 ^ clkbuf_3_7__f_clk_i/A (sg13g2_buf_16)
     4    0.014887    0.019315    0.074711   10.192800 ^ clkbuf_3_7__f_clk_i/X (sg13g2_buf_16)
                                                         clknet_3_7__leaf_clk_i (net)
                      0.019315    0.000139   10.192939 ^ _195_/CLK (sg13g2_dfrbpq_1)
                                 -0.250000    9.942939   clock uncertainty
                                  0.000000    9.942939   clock reconvergence pessimism
                                 -0.176085    9.766853   library recovery time
                                              9.766853   data required time
---------------------------------------------------------------------------------------------
                                              9.766853   data required time
                                             -2.380445   data arrival time
---------------------------------------------------------------------------------------------
                                              7.386408   slack (MET)


Startpoint: rst_ni (input port clocked by clk_i)
Endpoint: _194_ (recovery check against rising-edge clock clk_i)
Path Group: asynchronous
Path Type: max

Fanout         Cap        Slew       Delay        Time   Description
---------------------------------------------------------------------------------------------
                                  0.000000    0.000000   clock clk_i (rise edge)
                                  0.000000    0.000000   clock network delay (propagated)
                                  2.000000    2.000000 ^ input external delay
     1    0.003773    0.020945    0.003110    2.003110 ^ rst_ni (in)
                                                         rst_ni (net)
                      0.020945    0.000000    2.003110 ^ input1/A (sg13g2_buf_1)
     1    0.003069    0.022554    0.056755    2.059866 ^ input1/X (sg13g2_buf_1)
                                                         net1 (net)
                      0.022554    0.000029    2.059895 ^ fanout26/A (sg13g2_buf_1)
     4    0.019203    0.085576    0.104485    2.164380 ^ fanout26/X (sg13g2_buf_1)
                                                         net26 (net)
                      0.085605    0.000427    2.164807 ^ fanout25/A (sg13g2_buf_1)
     8    0.048740    0.203232    0.214536    2.379343 ^ fanout25/X (sg13g2_buf_1)
                                                         net25 (net)
                      0.203240    0.001049    2.380392 ^ _194_/RESET_B (sg13g2_dfrbpq_1)
                                              2.380392   data arrival time

                                 10.000000   10.000000   clock clk_i (rise edge)
                                  0.000000   10.000000   clock source latency
     1    0.024077    0.038967    0.020348   10.020349 ^ clk_i (in)
                                                         clk_i (net)
                      0.039068    0.000000   10.020349 ^ clkbuf_0_clk_i/A (sg13g2_buf_16)
     8    0.155975    0.051557    0.095633   10.115981 ^ clkbuf_0_clk_i/X (sg13g2_buf_16)
                                                         clknet_0_clk_i (net)
                      0.051723    0.002108   10.118089 ^ clkbuf_3_7__f_clk_i/A (sg13g2_buf_16)
     4    0.014887    0.019315    0.074711   10.192800 ^ clkbuf_3_7__f_clk_i/X (sg13g2_buf_16)
                                                         clknet_3_7__leaf_clk_i (net)
                      0.019315    0.000106   10.192905 ^ _194_/CLK (sg13g2_dfrbpq_1)
                                 -0.250000    9.942905   clock uncertainty
                                  0.000000    9.942905   clock reconvergence pessimism
                                 -0.176085    9.766821   library recovery time
                                              9.766821   data required time
---------------------------------------------------------------------------------------------
                                              9.766821   data required time
                                             -2.380392   data arrival time
---------------------------------------------------------------------------------------------
                                              7.386428   slack (MET)


Startpoint: rst_ni (input port clocked by clk_i)
Endpoint: _193_ (recovery check against rising-edge clock clk_i)
Path Group: asynchronous
Path Type: max

Fanout         Cap        Slew       Delay        Time   Description
---------------------------------------------------------------------------------------------
                                  0.000000    0.000000   clock clk_i (rise edge)
                                  0.000000    0.000000   clock network delay (propagated)
                                  2.000000    2.000000 ^ input external delay
     1    0.003773    0.020945    0.003110    2.003110 ^ rst_ni (in)
                                                         rst_ni (net)
                      0.020945    0.000000    2.003110 ^ input1/A (sg13g2_buf_1)
     1    0.003069    0.022554    0.056755    2.059866 ^ input1/X (sg13g2_buf_1)
                                                         net1 (net)
                      0.022554    0.000029    2.059895 ^ fanout26/A (sg13g2_buf_1)
     4    0.019203    0.085576    0.104485    2.164380 ^ fanout26/X (sg13g2_buf_1)
                                                         net26 (net)
                      0.085605    0.000427    2.164807 ^ fanout25/A (sg13g2_buf_1)
     8    0.048740    0.203232    0.214536    2.379343 ^ fanout25/X (sg13g2_buf_1)
                                                         net25 (net)
                      0.203238    0.000907    2.380251 ^ _193_/RESET_B (sg13g2_dfrbpq_1)
                                              2.380251   data arrival time

                                 10.000000   10.000000   clock clk_i (rise edge)
                                  0.000000   10.000000   clock source latency
     1    0.024077    0.038967    0.020348   10.020349 ^ clk_i (in)
                                                         clk_i (net)
                      0.039068    0.000000   10.020349 ^ clkbuf_0_clk_i/A (sg13g2_buf_16)
     8    0.155975    0.051557    0.095633   10.115981 ^ clkbuf_0_clk_i/X (sg13g2_buf_16)
                                                         clknet_0_clk_i (net)
                      0.051723    0.002108   10.118089 ^ clkbuf_3_7__f_clk_i/A (sg13g2_buf_16)
     4    0.014887    0.019315    0.074711   10.192800 ^ clkbuf_3_7__f_clk_i/X (sg13g2_buf_16)
                                                         clknet_3_7__leaf_clk_i (net)
                      0.019315    0.000099   10.192899 ^ _193_/CLK (sg13g2_dfrbpq_1)
                                 -0.250000    9.942899   clock uncertainty
                                  0.000000    9.942899   clock reconvergence pessimism
                                 -0.176085    9.766813   library recovery time
                                              9.766813   data required time
---------------------------------------------------------------------------------------------
                                              9.766813   data required time
                                             -2.380251   data arrival time
---------------------------------------------------------------------------------------------
                                              7.386563   slack (MET)


Startpoint: rst_ni (input port clocked by clk_i)
Endpoint: _179_ (recovery check against rising-edge clock clk_i)
Path Group: asynchronous
Path Type: max

Fanout         Cap        Slew       Delay        Time   Description
---------------------------------------------------------------------------------------------
                                  0.000000    0.000000   clock clk_i (rise edge)
                                  0.000000    0.000000   clock network delay (propagated)
                                  2.000000    2.000000 ^ input external delay
     1    0.003773    0.020945    0.003110    2.003110 ^ rst_ni (in)
                                                         rst_ni (net)
                      0.020945    0.000000    2.003110 ^ input1/A (sg13g2_buf_1)
     1    0.003069    0.022554    0.056755    2.059866 ^ input1/X (sg13g2_buf_1)
                                                         net1 (net)
                      0.022554    0.000029    2.059895 ^ fanout26/A (sg13g2_buf_1)
     4    0.019203    0.085576    0.104485    2.164380 ^ fanout26/X (sg13g2_buf_1)
                                                         net26 (net)
                      0.085607    0.000513    2.164894 ^ fanout24/A (sg13g2_buf_1)
     8    0.048402    0.201889    0.213562    2.378455 ^ fanout24/X (sg13g2_buf_1)
                                                         net24 (net)
                      0.201895    0.000962    2.379417 ^ _179_/RESET_B (sg13g2_dfrbpq_1)
                                              2.379417   data arrival time

                                 10.000000   10.000000   clock clk_i (rise edge)
                                  0.000000   10.000000   clock source latency
     1    0.024077    0.038967    0.020348   10.020349 ^ clk_i (in)
                                                         clk_i (net)
                      0.039068    0.000000   10.020349 ^ clkbuf_0_clk_i/A (sg13g2_buf_16)
     8    0.155975    0.051557    0.095633   10.115981 ^ clkbuf_0_clk_i/X (sg13g2_buf_16)
                                                         clknet_0_clk_i (net)
                      0.051633    0.001232   10.117213 ^ clkbuf_3_4__f_clk_i/A (sg13g2_buf_16)
     4    0.014672    0.019278    0.074627   10.191839 ^ clkbuf_3_4__f_clk_i/X (sg13g2_buf_16)
                                                         clknet_3_4__leaf_clk_i (net)
                      0.019279    0.000168   10.192007 ^ _179_/CLK (sg13g2_dfrbpq_1)
                                 -0.250000    9.942007   clock uncertainty
                                  0.000000    9.942007   clock reconvergence pessimism
                                 -0.175680    9.766328   library recovery time
                                              9.766328   data required time
---------------------------------------------------------------------------------------------
                                              9.766328   data required time
                                             -2.379417   data arrival time
---------------------------------------------------------------------------------------------
                                              7.386910   slack (MET)


Startpoint: rst_ni (input port clocked by clk_i)
Endpoint: _180_ (recovery check against rising-edge clock clk_i)
Path Group: asynchronous
Path Type: max

Fanout         Cap        Slew       Delay        Time   Description
---------------------------------------------------------------------------------------------
                                  0.000000    0.000000   clock clk_i (rise edge)
                                  0.000000    0.000000   clock network delay (propagated)
                                  2.000000    2.000000 ^ input external delay
     1    0.003773    0.020945    0.003110    2.003110 ^ rst_ni (in)
                                                         rst_ni (net)
                      0.020945    0.000000    2.003110 ^ input1/A (sg13g2_buf_1)
     1    0.003069    0.022554    0.056755    2.059866 ^ input1/X (sg13g2_buf_1)
                                                         net1 (net)
                      0.022554    0.000029    2.059895 ^ fanout26/A (sg13g2_buf_1)
     4    0.019203    0.085576    0.104485    2.164380 ^ fanout26/X (sg13g2_buf_1)
                                                         net26 (net)
                      0.085607    0.000513    2.164894 ^ fanout24/A (sg13g2_buf_1)
     8    0.048402    0.201889    0.213562    2.378455 ^ fanout24/X (sg13g2_buf_1)
                                                         net24 (net)
                      0.201894    0.000889    2.379344 ^ _180_/RESET_B (sg13g2_dfrbpq_1)
                                              2.379344   data arrival time

                                 10.000000   10.000000   clock clk_i (rise edge)
                                  0.000000   10.000000   clock source latency
     1    0.024077    0.038967    0.020348   10.020349 ^ clk_i (in)
                                                         clk_i (net)
                      0.039068    0.000000   10.020349 ^ clkbuf_0_clk_i/A (sg13g2_buf_16)
     8    0.155975    0.051557    0.095633   10.115981 ^ clkbuf_0_clk_i/X (sg13g2_buf_16)
                                                         clknet_0_clk_i (net)
                      0.051633    0.001232   10.117213 ^ clkbuf_3_4__f_clk_i/A (sg13g2_buf_16)
     4    0.014672    0.019278    0.074627   10.191839 ^ clkbuf_3_4__f_clk_i/X (sg13g2_buf_16)
                                                         clknet_3_4__leaf_clk_i (net)
                      0.019279    0.000122   10.191961 ^ _180_/CLK (sg13g2_dfrbpq_1)
                                 -0.250000    9.941961   clock uncertainty
                                  0.000000    9.941961   clock reconvergence pessimism
                                 -0.175680    9.766281   library recovery time
                                              9.766281   data required time
---------------------------------------------------------------------------------------------
                                              9.766281   data required time
                                             -2.379344   data arrival time
---------------------------------------------------------------------------------------------
                                              7.386937   slack (MET)


Startpoint: rst_ni (input port clocked by clk_i)
Endpoint: _181_ (recovery check against rising-edge clock clk_i)
Path Group: asynchronous
Path Type: max

Fanout         Cap        Slew       Delay        Time   Description
---------------------------------------------------------------------------------------------
                                  0.000000    0.000000   clock clk_i (rise edge)
                                  0.000000    0.000000   clock network delay (propagated)
                                  2.000000    2.000000 ^ input external delay
     1    0.003773    0.020945    0.003110    2.003110 ^ rst_ni (in)
                                                         rst_ni (net)
                      0.020945    0.000000    2.003110 ^ input1/A (sg13g2_buf_1)
     1    0.003069    0.022554    0.056755    2.059866 ^ input1/X (sg13g2_buf_1)
                                                         net1 (net)
                      0.022554    0.000029    2.059895 ^ fanout26/A (sg13g2_buf_1)
     4    0.019203    0.085576    0.104485    2.164380 ^ fanout26/X (sg13g2_buf_1)
                                                         net26 (net)
                      0.085607    0.000513    2.164894 ^ fanout24/A (sg13g2_buf_1)
     8    0.048402    0.201889    0.213562    2.378455 ^ fanout24/X (sg13g2_buf_1)
                                                         net24 (net)
                      0.201894    0.000850    2.379305 ^ _181_/RESET_B (sg13g2_dfrbpq_1)
                                              2.379305   data arrival time

                                 10.000000   10.000000   clock clk_i (rise edge)
                                  0.000000   10.000000   clock source latency
     1    0.024077    0.038967    0.020348   10.020349 ^ clk_i (in)
                                                         clk_i (net)
                      0.039068    0.000000   10.020349 ^ clkbuf_0_clk_i/A (sg13g2_buf_16)
     8    0.155975    0.051557    0.095633   10.115981 ^ clkbuf_0_clk_i/X (sg13g2_buf_16)
                                                         clknet_0_clk_i (net)
                      0.051633    0.001232   10.117213 ^ clkbuf_3_4__f_clk_i/A (sg13g2_buf_16)
     4    0.014672    0.019278    0.074627   10.191839 ^ clkbuf_3_4__f_clk_i/X (sg13g2_buf_16)
                                                         clknet_3_4__leaf_clk_i (net)
                      0.019278    0.000097   10.191936 ^ _181_/CLK (sg13g2_dfrbpq_1)
                                 -0.250000    9.941936   clock uncertainty
                                  0.000000    9.941936   clock reconvergence pessimism
                                 -0.175680    9.766256   library recovery time
                                              9.766256   data required time
---------------------------------------------------------------------------------------------
                                              9.766256   data required time
                                             -2.379305   data arrival time
---------------------------------------------------------------------------------------------
                                              7.386951   slack (MET)


Startpoint: rst_ni (input port clocked by clk_i)
Endpoint: _202_ (recovery check against rising-edge clock clk_i)
Path Group: asynchronous
Path Type: max

Fanout         Cap        Slew       Delay        Time   Description
---------------------------------------------------------------------------------------------
                                  0.000000    0.000000   clock clk_i (rise edge)
                                  0.000000    0.000000   clock network delay (propagated)
                                  2.000000    2.000000 ^ input external delay
     1    0.003773    0.020945    0.003110    2.003110 ^ rst_ni (in)
                                                         rst_ni (net)
                      0.020945    0.000000    2.003110 ^ input1/A (sg13g2_buf_1)
     1    0.003069    0.022554    0.056755    2.059866 ^ input1/X (sg13g2_buf_1)
                                                         net1 (net)
                      0.022554    0.000029    2.059895 ^ fanout26/A (sg13g2_buf_1)
     4    0.019203    0.085576    0.104485    2.164380 ^ fanout26/X (sg13g2_buf_1)
                                                         net26 (net)
                      0.085607    0.000513    2.164894 ^ fanout24/A (sg13g2_buf_1)
     8    0.048402    0.201889    0.213562    2.378455 ^ fanout24/X (sg13g2_buf_1)
                                                         net24 (net)
                      0.201900    0.001279    2.379734 ^ _202_/RESET_B (sg13g2_dfrbpq_1)
                                              2.379734   data arrival time

                                 10.000000   10.000000   clock clk_i (rise edge)
                                  0.000000   10.000000   clock source latency
     1    0.024077    0.038967    0.020348   10.020349 ^ clk_i (in)
                                                         clk_i (net)
                      0.039068    0.000000   10.020349 ^ clkbuf_0_clk_i/A (sg13g2_buf_16)
     8    0.155975    0.051557    0.095633   10.115981 ^ clkbuf_0_clk_i/X (sg13g2_buf_16)
                                                         clknet_0_clk_i (net)
                      0.051670    0.001651   10.117632 ^ clkbuf_3_5__f_clk_i/A (sg13g2_buf_16)
     4    0.014812    0.019314    0.074669   10.192302 ^ clkbuf_3_5__f_clk_i/X (sg13g2_buf_16)
                                                         clknet_3_5__leaf_clk_i (net)
                      0.019315    0.000158   10.192460 ^ _202_/CLK (sg13g2_dfrbpq_1)
                                 -0.250000    9.942459   clock uncertainty
                                  0.000000    9.942459   clock reconvergence pessimism
                                 -0.175676    9.766783   library recovery time
                                              9.766783   data required time
---------------------------------------------------------------------------------------------
                                              9.766783   data required time
                                             -2.379734   data arrival time
---------------------------------------------------------------------------------------------
                                              7.387049   slack (MET)


Startpoint: rst_ni (input port clocked by clk_i)
Endpoint: _201_ (recovery check against rising-edge clock clk_i)
Path Group: asynchronous
Path Type: max

Fanout         Cap        Slew       Delay        Time   Description
---------------------------------------------------------------------------------------------
                                  0.000000    0.000000   clock clk_i (rise edge)
                                  0.000000    0.000000   clock network delay (propagated)
                                  2.000000    2.000000 ^ input external delay
     1    0.003773    0.020945    0.003110    2.003110 ^ rst_ni (in)
                                                         rst_ni (net)
                      0.020945    0.000000    2.003110 ^ input1/A (sg13g2_buf_1)
     1    0.003069    0.022554    0.056755    2.059866 ^ input1/X (sg13g2_buf_1)
                                                         net1 (net)
                      0.022554    0.000029    2.059895 ^ fanout26/A (sg13g2_buf_1)
     4    0.019203    0.085576    0.104485    2.164380 ^ fanout26/X (sg13g2_buf_1)
                                                         net26 (net)
                      0.085607    0.000513    2.164894 ^ fanout24/A (sg13g2_buf_1)
     8    0.048402    0.201889    0.213562    2.378455 ^ fanout24/X (sg13g2_buf_1)
                                                         net24 (net)
                      0.201900    0.001247    2.379703 ^ _201_/RESET_B (sg13g2_dfrbpq_1)
                                              2.379703   data arrival time

                                 10.000000   10.000000   clock clk_i (rise edge)
                                  0.000000   10.000000   clock source latency
     1    0.024077    0.038967    0.020348   10.020349 ^ clk_i (in)
                                                         clk_i (net)
                      0.039068    0.000000   10.020349 ^ clkbuf_0_clk_i/A (sg13g2_buf_16)
     8    0.155975    0.051557    0.095633   10.115981 ^ clkbuf_0_clk_i/X (sg13g2_buf_16)
                                                         clknet_0_clk_i (net)
                      0.051670    0.001651   10.117632 ^ clkbuf_3_5__f_clk_i/A (sg13g2_buf_16)
     4    0.014812    0.019314    0.074669   10.192302 ^ clkbuf_3_5__f_clk_i/X (sg13g2_buf_16)
                                                         clknet_3_5__leaf_clk_i (net)
                      0.019315    0.000139   10.192440 ^ _201_/CLK (sg13g2_dfrbpq_1)
                                 -0.250000    9.942440   clock uncertainty
                                  0.000000    9.942440   clock reconvergence pessimism
                                 -0.175676    9.766764   library recovery time
                                              9.766764   data required time
---------------------------------------------------------------------------------------------
                                              9.766764   data required time
                                             -2.379703   data arrival time
---------------------------------------------------------------------------------------------
                                              7.387061   slack (MET)


Startpoint: rst_ni (input port clocked by clk_i)
Endpoint: _197_ (recovery check against rising-edge clock clk_i)
Path Group: asynchronous
Path Type: max

Fanout         Cap        Slew       Delay        Time   Description
---------------------------------------------------------------------------------------------
                                  0.000000    0.000000   clock clk_i (rise edge)
                                  0.000000    0.000000   clock network delay (propagated)
                                  2.000000    2.000000 ^ input external delay
     1    0.003773    0.020945    0.003110    2.003110 ^ rst_ni (in)
                                                         rst_ni (net)
                      0.020945    0.000000    2.003110 ^ input1/A (sg13g2_buf_1)
     1    0.003069    0.022554    0.056755    2.059866 ^ input1/X (sg13g2_buf_1)
                                                         net1 (net)
                      0.022554    0.000029    2.059895 ^ fanout26/A (sg13g2_buf_1)
     4    0.019203    0.085576    0.104485    2.164380 ^ fanout26/X (sg13g2_buf_1)
                                                         net26 (net)
                      0.085607    0.000513    2.164894 ^ fanout24/A (sg13g2_buf_1)
     8    0.048402    0.201889    0.213562    2.378455 ^ fanout24/X (sg13g2_buf_1)
                                                         net24 (net)
                      0.201898    0.001140    2.379596 ^ _197_/RESET_B (sg13g2_dfrbpq_1)
                                              2.379596   data arrival time

                                 10.000000   10.000000   clock clk_i (rise edge)
                                  0.000000   10.000000   clock source latency
     1    0.024077    0.038967    0.020348   10.020349 ^ clk_i (in)
                                                         clk_i (net)
                      0.039068    0.000000   10.020349 ^ clkbuf_0_clk_i/A (sg13g2_buf_16)
     8    0.155975    0.051557    0.095633   10.115981 ^ clkbuf_0_clk_i/X (sg13g2_buf_16)
                                                         clknet_0_clk_i (net)
                      0.051670    0.001651   10.117632 ^ clkbuf_3_5__f_clk_i/A (sg13g2_buf_16)
     4    0.014812    0.019314    0.074669   10.192302 ^ clkbuf_3_5__f_clk_i/X (sg13g2_buf_16)
                                                         clknet_3_5__leaf_clk_i (net)
                      0.019315    0.000125   10.192427 ^ _197_/CLK (sg13g2_dfrbpq_1)
                                 -0.250000    9.942427   clock uncertainty
                                  0.000000    9.942427   clock reconvergence pessimism
                                 -0.175676    9.766751   library recovery time
                                              9.766751   data required time
---------------------------------------------------------------------------------------------
                                              9.766751   data required time
                                             -2.379596   data arrival time
---------------------------------------------------------------------------------------------
                                              7.387155   slack (MET)


Startpoint: rst_ni (input port clocked by clk_i)
Endpoint: _198_ (recovery check against rising-edge clock clk_i)
Path Group: asynchronous
Path Type: max

Fanout         Cap        Slew       Delay        Time   Description
---------------------------------------------------------------------------------------------
                                  0.000000    0.000000   clock clk_i (rise edge)
                                  0.000000    0.000000   clock network delay (propagated)
                                  2.000000    2.000000 ^ input external delay
     1    0.003773    0.020945    0.003110    2.003110 ^ rst_ni (in)
                                                         rst_ni (net)
                      0.020945    0.000000    2.003110 ^ input1/A (sg13g2_buf_1)
     1    0.003069    0.022554    0.056755    2.059866 ^ input1/X (sg13g2_buf_1)
                                                         net1 (net)
                      0.022554    0.000029    2.059895 ^ fanout26/A (sg13g2_buf_1)
     4    0.019203    0.085576    0.104485    2.164380 ^ fanout26/X (sg13g2_buf_1)
                                                         net26 (net)
                      0.085607    0.000513    2.164894 ^ fanout24/A (sg13g2_buf_1)
     8    0.048402    0.201889    0.213562    2.378455 ^ fanout24/X (sg13g2_buf_1)
                                                         net24 (net)
                      0.201898    0.001112    2.379567 ^ _198_/RESET_B (sg13g2_dfrbpq_1)
                                              2.379567   data arrival time

                                 10.000000   10.000000   clock clk_i (rise edge)
                                  0.000000   10.000000   clock source latency
     1    0.024077    0.038967    0.020348   10.020349 ^ clk_i (in)
                                                         clk_i (net)
                      0.039068    0.000000   10.020349 ^ clkbuf_0_clk_i/A (sg13g2_buf_16)
     8    0.155975    0.051557    0.095633   10.115981 ^ clkbuf_0_clk_i/X (sg13g2_buf_16)
                                                         clknet_0_clk_i (net)
                      0.051670    0.001651   10.117632 ^ clkbuf_3_5__f_clk_i/A (sg13g2_buf_16)
     4    0.014812    0.019314    0.074669   10.192302 ^ clkbuf_3_5__f_clk_i/X (sg13g2_buf_16)
                                                         clknet_3_5__leaf_clk_i (net)
                      0.019315    0.000107   10.192409 ^ _198_/CLK (sg13g2_dfrbpq_1)
                                 -0.250000    9.942409   clock uncertainty
                                  0.000000    9.942409   clock reconvergence pessimism
                                 -0.175675    9.766733   library recovery time
                                              9.766733   data required time
---------------------------------------------------------------------------------------------
                                              9.766733   data required time
                                             -2.379567   data arrival time
---------------------------------------------------------------------------------------------
                                              7.387167   slack (MET)


Startpoint: rst_ni (input port clocked by clk_i)
Endpoint: _182_ (recovery check against rising-edge clock clk_i)
Path Group: asynchronous
Path Type: max

Fanout         Cap        Slew       Delay        Time   Description
---------------------------------------------------------------------------------------------
                                  0.000000    0.000000   clock clk_i (rise edge)
                                  0.000000    0.000000   clock network delay (propagated)
                                  2.000000    2.000000 ^ input external delay
     1    0.003773    0.020945    0.003110    2.003110 ^ rst_ni (in)
                                                         rst_ni (net)
                      0.020945    0.000000    2.003110 ^ input1/A (sg13g2_buf_1)
     1    0.003069    0.022554    0.056755    2.059866 ^ input1/X (sg13g2_buf_1)
                                                         net1 (net)
                      0.022554    0.000029    2.059895 ^ fanout26/A (sg13g2_buf_1)
     4    0.019203    0.085576    0.104485    2.164380 ^ fanout26/X (sg13g2_buf_1)
                                                         net26 (net)
                      0.085607    0.000513    2.164894 ^ fanout24/A (sg13g2_buf_1)
     8    0.048402    0.201889    0.213562    2.378455 ^ fanout24/X (sg13g2_buf_1)
                                                         net24 (net)
                      0.201891    0.000499    2.378955 ^ _182_/RESET_B (sg13g2_dfrbpq_1)
                                              2.378955   data arrival time

                                 10.000000   10.000000   clock clk_i (rise edge)
                                  0.000000   10.000000   clock source latency
     1    0.024077    0.038967    0.020348   10.020349 ^ clk_i (in)
                                                         clk_i (net)
                      0.039068    0.000000   10.020349 ^ clkbuf_0_clk_i/A (sg13g2_buf_16)
     8    0.155975    0.051557    0.095633   10.115981 ^ clkbuf_0_clk_i/X (sg13g2_buf_16)
                                                         clknet_0_clk_i (net)
                      0.051633    0.001232   10.117213 ^ clkbuf_3_4__f_clk_i/A (sg13g2_buf_16)
     4    0.014672    0.019278    0.074627   10.191839 ^ clkbuf_3_4__f_clk_i/X (sg13g2_buf_16)
                                                         clknet_3_4__leaf_clk_i (net)
                      0.019278    0.000052   10.191891 ^ _182_/CLK (sg13g2_dfrbpq_1)
                                 -0.250000    9.941891   clock uncertainty
                                  0.000000    9.941891   clock reconvergence pessimism
                                 -0.175679    9.766212   library recovery time
                                              9.766212   data required time
---------------------------------------------------------------------------------------------
                                              9.766212   data required time
                                             -2.378955   data arrival time
---------------------------------------------------------------------------------------------
                                              7.387257   slack (MET)


Startpoint: rst_ni (input port clocked by clk_i)
Endpoint: _178_ (recovery check against rising-edge clock clk_i)
Path Group: asynchronous
Path Type: max

Fanout         Cap        Slew       Delay        Time   Description
---------------------------------------------------------------------------------------------
                                  0.000000    0.000000   clock clk_i (rise edge)
                                  0.000000    0.000000   clock network delay (propagated)
                                  2.000000    2.000000 ^ input external delay
     1    0.003773    0.020945    0.003110    2.003110 ^ rst_ni (in)
                                                         rst_ni (net)
                      0.020945    0.000000    2.003110 ^ input1/A (sg13g2_buf_1)
     1    0.003069    0.022554    0.056755    2.059866 ^ input1/X (sg13g2_buf_1)
                                                         net1 (net)
                      0.022554    0.000029    2.059895 ^ fanout26/A (sg13g2_buf_1)
     4    0.019203    0.085576    0.104485    2.164380 ^ fanout26/X (sg13g2_buf_1)
                                                         net26 (net)
                      0.085576    0.000127    2.164508 ^ fanout23/A (sg13g2_buf_1)
     8    0.048229    0.201221    0.212393    2.376900 ^ fanout23/X (sg13g2_buf_1)
                                                         net23 (net)
                      0.201264    0.002436    2.379336 ^ _178_/RESET_B (sg13g2_dfrbpq_1)
                                              2.379336   data arrival time

                                 10.000000   10.000000   clock clk_i (rise edge)
                                  0.000000   10.000000   clock source latency
     1    0.024077    0.038967    0.020348   10.020349 ^ clk_i (in)
                                                         clk_i (net)
                      0.039068    0.000000   10.020349 ^ clkbuf_0_clk_i/A (sg13g2_buf_16)
     8    0.155975    0.051557    0.095633   10.115981 ^ clkbuf_0_clk_i/X (sg13g2_buf_16)
                                                         clknet_0_clk_i (net)
                      0.051635    0.001259   10.117241 ^ clkbuf_3_1__f_clk_i/A (sg13g2_buf_16)
     4    0.016133    0.019597    0.074906   10.192147 ^ clkbuf_3_1__f_clk_i/X (sg13g2_buf_16)
                                                         clknet_3_1__leaf_clk_i (net)
                      0.019598    0.000226   10.192373 ^ _178_/CLK (sg13g2_dfrbpq_1)
                                 -0.250000    9.942373   clock uncertainty
                                  0.000000    9.942373   clock reconvergence pessimism
                                 -0.175440    9.766933   library recovery time
                                              9.766933   data required time
---------------------------------------------------------------------------------------------
                                              9.766933   data required time
                                             -2.379336   data arrival time
---------------------------------------------------------------------------------------------
                                              7.387598   slack (MET)


Startpoint: rst_ni (input port clocked by clk_i)
Endpoint: _177_ (recovery check against rising-edge clock clk_i)
Path Group: asynchronous
Path Type: max

Fanout         Cap        Slew       Delay        Time   Description
---------------------------------------------------------------------------------------------
                                  0.000000    0.000000   clock clk_i (rise edge)
                                  0.000000    0.000000   clock network delay (propagated)
                                  2.000000    2.000000 ^ input external delay
     1    0.003773    0.020945    0.003110    2.003110 ^ rst_ni (in)
                                                         rst_ni (net)
                      0.020945    0.000000    2.003110 ^ input1/A (sg13g2_buf_1)
     1    0.003069    0.022554    0.056755    2.059866 ^ input1/X (sg13g2_buf_1)
                                                         net1 (net)
                      0.022554    0.000029    2.059895 ^ fanout26/A (sg13g2_buf_1)
     4    0.019203    0.085576    0.104485    2.164380 ^ fanout26/X (sg13g2_buf_1)
                                                         net26 (net)
                      0.085576    0.000127    2.164508 ^ fanout23/A (sg13g2_buf_1)
     8    0.048229    0.201221    0.212393    2.376900 ^ fanout23/X (sg13g2_buf_1)
                                                         net23 (net)
                      0.201263    0.002396    2.379297 ^ _177_/RESET_B (sg13g2_dfrbpq_1)
                                              2.379297   data arrival time

                                 10.000000   10.000000   clock clk_i (rise edge)
                                  0.000000   10.000000   clock source latency
     1    0.024077    0.038967    0.020348   10.020349 ^ clk_i (in)
                                                         clk_i (net)
                      0.039068    0.000000   10.020349 ^ clkbuf_0_clk_i/A (sg13g2_buf_16)
     8    0.155975    0.051557    0.095633   10.115981 ^ clkbuf_0_clk_i/X (sg13g2_buf_16)
                                                         clknet_0_clk_i (net)
                      0.051635    0.001259   10.117241 ^ clkbuf_3_1__f_clk_i/A (sg13g2_buf_16)
     4    0.016133    0.019597    0.074906   10.192147 ^ clkbuf_3_1__f_clk_i/X (sg13g2_buf_16)
                                                         clknet_3_1__leaf_clk_i (net)
                      0.019598    0.000203   10.192349 ^ _177_/CLK (sg13g2_dfrbpq_1)
                                 -0.250000    9.942349   clock uncertainty
                                  0.000000    9.942349   clock reconvergence pessimism
                                 -0.175440    9.766911   library recovery time
                                              9.766911   data required time
---------------------------------------------------------------------------------------------
                                              9.766911   data required time
                                             -2.379297   data arrival time
---------------------------------------------------------------------------------------------
                                              7.387613   slack (MET)


Startpoint: rst_ni (input port clocked by clk_i)
Endpoint: _176_ (recovery check against rising-edge clock clk_i)
Path Group: asynchronous
Path Type: max

Fanout         Cap        Slew       Delay        Time   Description
---------------------------------------------------------------------------------------------
                                  0.000000    0.000000   clock clk_i (rise edge)
                                  0.000000    0.000000   clock network delay (propagated)
                                  2.000000    2.000000 ^ input external delay
     1    0.003773    0.020945    0.003110    2.003110 ^ rst_ni (in)
                                                         rst_ni (net)
                      0.020945    0.000000    2.003110 ^ input1/A (sg13g2_buf_1)
     1    0.003069    0.022554    0.056755    2.059866 ^ input1/X (sg13g2_buf_1)
                                                         net1 (net)
                      0.022554    0.000029    2.059895 ^ fanout26/A (sg13g2_buf_1)
     4    0.019203    0.085576    0.104485    2.164380 ^ fanout26/X (sg13g2_buf_1)
                                                         net26 (net)
                      0.085576    0.000127    2.164508 ^ fanout23/A (sg13g2_buf_1)
     8    0.048229    0.201221    0.212393    2.376900 ^ fanout23/X (sg13g2_buf_1)
                                                         net23 (net)
                      0.201260    0.002327    2.379227 ^ _176_/RESET_B (sg13g2_dfrbpq_1)
                                              2.379227   data arrival time

                                 10.000000   10.000000   clock clk_i (rise edge)
                                  0.000000   10.000000   clock source latency
     1    0.024077    0.038967    0.020348   10.020349 ^ clk_i (in)
                                                         clk_i (net)
                      0.039068    0.000000   10.020349 ^ clkbuf_0_clk_i/A (sg13g2_buf_16)
     8    0.155975    0.051557    0.095633   10.115981 ^ clkbuf_0_clk_i/X (sg13g2_buf_16)
                                                         clknet_0_clk_i (net)
                      0.051635    0.001259   10.117241 ^ clkbuf_3_1__f_clk_i/A (sg13g2_buf_16)
     4    0.016133    0.019597    0.074906   10.192147 ^ clkbuf_3_1__f_clk_i/X (sg13g2_buf_16)
                                                         clknet_3_1__leaf_clk_i (net)
                      0.019598    0.000186   10.192332 ^ _176_/CLK (sg13g2_dfrbpq_1)
                                 -0.250000    9.942332   clock uncertainty
                                  0.000000    9.942332   clock reconvergence pessimism
                                 -0.175439    9.766893   library recovery time
                                              9.766893   data required time
---------------------------------------------------------------------------------------------
                                              9.766893   data required time
                                             -2.379227   data arrival time
---------------------------------------------------------------------------------------------
                                              7.387666   slack (MET)


Startpoint: rst_ni (input port clocked by clk_i)
Endpoint: _175_ (recovery check against rising-edge clock clk_i)
Path Group: asynchronous
Path Type: max

Fanout         Cap        Slew       Delay        Time   Description
---------------------------------------------------------------------------------------------
                                  0.000000    0.000000   clock clk_i (rise edge)
                                  0.000000    0.000000   clock network delay (propagated)
                                  2.000000    2.000000 ^ input external delay
     1    0.003773    0.020945    0.003110    2.003110 ^ rst_ni (in)
                                                         rst_ni (net)
                      0.020945    0.000000    2.003110 ^ input1/A (sg13g2_buf_1)
     1    0.003069    0.022554    0.056755    2.059866 ^ input1/X (sg13g2_buf_1)
                                                         net1 (net)
                      0.022554    0.000029    2.059895 ^ fanout26/A (sg13g2_buf_1)
     4    0.019203    0.085576    0.104485    2.164380 ^ fanout26/X (sg13g2_buf_1)
                                                         net26 (net)
                      0.085576    0.000127    2.164508 ^ fanout23/A (sg13g2_buf_1)
     8    0.048229    0.201221    0.212393    2.376900 ^ fanout23/X (sg13g2_buf_1)
                                                         net23 (net)
                      0.201256    0.002198    2.379099 ^ _175_/RESET_B (sg13g2_dfrbpq_1)
                                              2.379099   data arrival time

                                 10.000000   10.000000   clock clk_i (rise edge)
                                  0.000000   10.000000   clock source latency
     1    0.024077    0.038967    0.020348   10.020349 ^ clk_i (in)
                                                         clk_i (net)
                      0.039068    0.000000   10.020349 ^ clkbuf_0_clk_i/A (sg13g2_buf_16)
     8    0.155975    0.051557    0.095633   10.115981 ^ clkbuf_0_clk_i/X (sg13g2_buf_16)
                                                         clknet_0_clk_i (net)
                      0.051686    0.001798   10.117779 ^ clkbuf_3_0__f_clk_i/A (sg13g2_buf_16)
     4    0.014672    0.019279    0.074654   10.192433 ^ clkbuf_3_0__f_clk_i/X (sg13g2_buf_16)
                                                         clknet_3_0__leaf_clk_i (net)
                      0.019279    0.000099   10.192532 ^ _175_/CLK (sg13g2_dfrbpq_1)
                                 -0.250000    9.942532   clock uncertainty
                                  0.000000    9.942532   clock reconvergence pessimism
                                 -0.175485    9.767047   library recovery time
                                              9.767047   data required time
---------------------------------------------------------------------------------------------
                                              9.767047   data required time
                                             -2.379099   data arrival time
---------------------------------------------------------------------------------------------
                                              7.387948   slack (MET)


Startpoint: rst_ni (input port clocked by clk_i)
Endpoint: _174_ (recovery check against rising-edge clock clk_i)
Path Group: asynchronous
Path Type: max

Fanout         Cap        Slew       Delay        Time   Description
---------------------------------------------------------------------------------------------
                                  0.000000    0.000000   clock clk_i (rise edge)
                                  0.000000    0.000000   clock network delay (propagated)
                                  2.000000    2.000000 ^ input external delay
     1    0.003773    0.020945    0.003110    2.003110 ^ rst_ni (in)
                                                         rst_ni (net)
                      0.020945    0.000000    2.003110 ^ input1/A (sg13g2_buf_1)
     1    0.003069    0.022554    0.056755    2.059866 ^ input1/X (sg13g2_buf_1)
                                                         net1 (net)
                      0.022554    0.000029    2.059895 ^ fanout26/A (sg13g2_buf_1)
     4    0.019203    0.085576    0.104485    2.164380 ^ fanout26/X (sg13g2_buf_1)
                                                         net26 (net)
                      0.085576    0.000127    2.164508 ^ fanout23/A (sg13g2_buf_1)
     8    0.048229    0.201221    0.212393    2.376900 ^ fanout23/X (sg13g2_buf_1)
                                                         net23 (net)
                      0.201252    0.002071    2.378971 ^ _174_/RESET_B (sg13g2_dfrbpq_1)
                                              2.378971   data arrival time

                                 10.000000   10.000000   clock clk_i (rise edge)
                                  0.000000   10.000000   clock source latency
     1    0.024077    0.038967    0.020348   10.020349 ^ clk_i (in)
                                                         clk_i (net)
                      0.039068    0.000000   10.020349 ^ clkbuf_0_clk_i/A (sg13g2_buf_16)
     8    0.155975    0.051557    0.095633   10.115981 ^ clkbuf_0_clk_i/X (sg13g2_buf_16)
                                                         clknet_0_clk_i (net)
                      0.051686    0.001798   10.117779 ^ clkbuf_3_0__f_clk_i/A (sg13g2_buf_16)
     4    0.014672    0.019279    0.074654   10.192433 ^ clkbuf_3_0__f_clk_i/X (sg13g2_buf_16)
                                                         clknet_3_0__leaf_clk_i (net)
                      0.019279    0.000068   10.192500 ^ _174_/CLK (sg13g2_dfrbpq_1)
                                 -0.250000    9.942500   clock uncertainty
                                  0.000000    9.942500   clock reconvergence pessimism
                                 -0.175484    9.767016   library recovery time
                                              9.767016   data required time
---------------------------------------------------------------------------------------------
                                              9.767016   data required time
                                             -2.378971   data arrival time
---------------------------------------------------------------------------------------------
                                              7.388045   slack (MET)


Startpoint: rst_ni (input port clocked by clk_i)
Endpoint: _185_ (recovery check against rising-edge clock clk_i)
Path Group: asynchronous
Path Type: max

Fanout         Cap        Slew       Delay        Time   Description
---------------------------------------------------------------------------------------------
                                  0.000000    0.000000   clock clk_i (rise edge)
                                  0.000000    0.000000   clock network delay (propagated)
                                  2.000000    2.000000 ^ input external delay
     1    0.003773    0.020945    0.003110    2.003110 ^ rst_ni (in)
                                                         rst_ni (net)
                      0.020945    0.000000    2.003110 ^ input1/A (sg13g2_buf_1)
     1    0.003069    0.022554    0.056755    2.059866 ^ input1/X (sg13g2_buf_1)
                                                         net1 (net)
                      0.022554    0.000029    2.059895 ^ fanout26/A (sg13g2_buf_1)
     4    0.019203    0.085576    0.104485    2.164380 ^ fanout26/X (sg13g2_buf_1)
                                                         net26 (net)
                      0.085576    0.000127    2.164508 ^ fanout23/A (sg13g2_buf_1)
     8    0.048229    0.201221    0.212393    2.376900 ^ fanout23/X (sg13g2_buf_1)
                                                         net23 (net)
                      0.201243    0.001759    2.378659 ^ _185_/RESET_B (sg13g2_dfrbpq_1)
                                              2.378659   data arrival time

                                 10.000000   10.000000   clock clk_i (rise edge)
                                  0.000000   10.000000   clock source latency
     1    0.024077    0.038967    0.020348   10.020349 ^ clk_i (in)
                                                         clk_i (net)
                      0.039068    0.000000   10.020349 ^ clkbuf_0_clk_i/A (sg13g2_buf_16)
     8    0.155975    0.051557    0.095633   10.115981 ^ clkbuf_0_clk_i/X (sg13g2_buf_16)
                                                         clknet_0_clk_i (net)
                      0.051635    0.001259   10.117241 ^ clkbuf_3_1__f_clk_i/A (sg13g2_buf_16)
     4    0.016133    0.019597    0.074906   10.192147 ^ clkbuf_3_1__f_clk_i/X (sg13g2_buf_16)
                                                         clknet_3_1__leaf_clk_i (net)
                      0.019598    0.000232   10.192379 ^ _185_/CLK (sg13g2_dfrbpq_1)
                                 -0.250000    9.942379   clock uncertainty
                                  0.000000    9.942379   clock reconvergence pessimism
                                 -0.175434    9.766945   library recovery time
                                              9.766945   data required time
---------------------------------------------------------------------------------------------
                                              9.766945   data required time
                                             -2.378659   data arrival time
---------------------------------------------------------------------------------------------
                                              7.388286   slack (MET)


Startpoint: rst_ni (input port clocked by clk_i)
Endpoint: _173_ (recovery check against rising-edge clock clk_i)
Path Group: asynchronous
Path Type: max

Fanout         Cap        Slew       Delay        Time   Description
---------------------------------------------------------------------------------------------
                                  0.000000    0.000000   clock clk_i (rise edge)
                                  0.000000    0.000000   clock network delay (propagated)
                                  2.000000    2.000000 ^ input external delay
     1    0.003773    0.020945    0.003110    2.003110 ^ rst_ni (in)
                                                         rst_ni (net)
                      0.020945    0.000000    2.003110 ^ input1/A (sg13g2_buf_1)
     1    0.003069    0.022554    0.056755    2.059866 ^ input1/X (sg13g2_buf_1)
                                                         net1 (net)
                      0.022554    0.000029    2.059895 ^ fanout26/A (sg13g2_buf_1)
     4    0.019203    0.085576    0.104485    2.164380 ^ fanout26/X (sg13g2_buf_1)
                                                         net26 (net)
                      0.085576    0.000127    2.164508 ^ fanout23/A (sg13g2_buf_1)
     8    0.048229    0.201221    0.212393    2.376900 ^ fanout23/X (sg13g2_buf_1)
                                                         net23 (net)
                      0.201245    0.001815    2.378716 ^ _173_/RESET_B (sg13g2_dfrbpq_1)
                                              2.378716   data arrival time

                                 10.000000   10.000000   clock clk_i (rise edge)
                                  0.000000   10.000000   clock source latency
     1    0.024077    0.038967    0.020348   10.020349 ^ clk_i (in)
                                                         clk_i (net)
                      0.039068    0.000000   10.020349 ^ clkbuf_0_clk_i/A (sg13g2_buf_16)
     8    0.155975    0.051557    0.095633   10.115981 ^ clkbuf_0_clk_i/X (sg13g2_buf_16)
                                                         clknet_0_clk_i (net)
                      0.051686    0.001798   10.117779 ^ clkbuf_3_0__f_clk_i/A (sg13g2_buf_16)
     4    0.014672    0.019279    0.074654   10.192433 ^ clkbuf_3_0__f_clk_i/X (sg13g2_buf_16)
                                                         clknet_3_0__leaf_clk_i (net)
                      0.019279    0.000075   10.192509 ^ _173_/CLK (sg13g2_dfrbpq_1)
                                 -0.250000    9.942509   clock uncertainty
                                  0.000000    9.942509   clock reconvergence pessimism
                                 -0.175481    9.767027   library recovery time
                                              9.767027   data required time
---------------------------------------------------------------------------------------------
                                              9.767027   data required time
                                             -2.378716   data arrival time
---------------------------------------------------------------------------------------------
                                              7.388311   slack (MET)


Startpoint: ui_PAD2CORE[0] (input port clocked by clk_i)
Endpoint: _200_ (rising edge-triggered flip-flop clocked by clk_i)
Path Group: clk_i
Path Type: max

Fanout         Cap        Slew       Delay        Time   Description
---------------------------------------------------------------------------------------------
                                  0.000000    0.000000   clock clk_i (rise edge)
                                  0.000000    0.000000   clock network delay (propagated)
                                  2.000000    2.000000 ^ input external delay
     1    0.003664    0.020844    0.003018    2.003018 ^ ui_PAD2CORE[0] (in)
                                                         ui_PAD2CORE[0] (net)
                      0.020844    0.000000    2.003018 ^ input2/A (sg13g2_buf_1)
     2    0.008097    0.041612    0.071401    2.074419 ^ input2/X (sg13g2_buf_1)
                                                         net2 (net)
                      0.041612    0.000054    2.074472 ^ fanout20/A (sg13g2_buf_1)
     8    0.033923    0.143833    0.154167    2.228639 ^ fanout20/X (sg13g2_buf_1)
                                                         net20 (net)
                      0.143835    0.000457    2.229096 ^ _162_/A (sg13g2_nand2_1)
     2    0.009494    0.083549    0.108717    2.337813 v _162_/Y (sg13g2_nand2_1)
                                                         _060_ (net)
                      0.083549    0.000065    2.337878 v _163_/B (sg13g2_nand2b_1)
     1    0.002550    0.038098    0.053396    2.391274 ^ _163_/Y (sg13g2_nand2b_1)
                                                         _016_ (net)
                      0.038098    0.000028    2.391301 ^ _200_/D (sg13g2_dfrbpq_1)
                                              2.391301   data arrival time

                                 10.000000   10.000000   clock clk_i (rise edge)
                                  0.000000   10.000000   clock source latency
     1    0.024077    0.038967    0.020348   10.020349 ^ clk_i (in)
                                                         clk_i (net)
                      0.039068    0.000000   10.020349 ^ clkbuf_0_clk_i/A (sg13g2_buf_16)
     8    0.155975    0.051557    0.095633   10.115981 ^ clkbuf_0_clk_i/X (sg13g2_buf_16)
                                                         clknet_0_clk_i (net)
                      0.051794    0.002590   10.118571 ^ clkbuf_3_2__f_clk_i/A (sg13g2_buf_16)
     4    0.015639    0.019493    0.074894   10.193465 ^ clkbuf_3_2__f_clk_i/X (sg13g2_buf_16)
                                                         clknet_3_2__leaf_clk_i (net)
                      0.019493    0.000105   10.193570 ^ _200_/CLK (sg13g2_dfrbpq_1)
                                 -0.250000    9.943570   clock uncertainty
                                  0.000000    9.943570   clock reconvergence pessimism
                                 -0.118687    9.824883   library setup time
                                              9.824883   data required time
---------------------------------------------------------------------------------------------
                                              9.824883   data required time
                                             -2.391301   data arrival time
---------------------------------------------------------------------------------------------
                                              7.433582   slack (MET)


Startpoint: rst_ni (input port clocked by clk_i)
Endpoint: _190_ (recovery check against rising-edge clock clk_i)
Path Group: asynchronous
Path Type: max

Fanout         Cap        Slew       Delay        Time   Description
---------------------------------------------------------------------------------------------
                                  0.000000    0.000000   clock clk_i (rise edge)
                                  0.000000    0.000000   clock network delay (propagated)
                                  2.000000    2.000000 ^ input external delay
     1    0.003773    0.020945    0.003110    2.003110 ^ rst_ni (in)
                                                         rst_ni (net)
                      0.020945    0.000000    2.003110 ^ input1/A (sg13g2_buf_1)
     1    0.003069    0.022554    0.056755    2.059866 ^ input1/X (sg13g2_buf_1)
                                                         net1 (net)
                      0.022554    0.000029    2.059895 ^ fanout26/A (sg13g2_buf_1)
     4    0.019203    0.085576    0.104485    2.164380 ^ fanout26/X (sg13g2_buf_1)
                                                         net26 (net)
                      0.085577    0.000383    2.164763 ^ _190_/RESET_B (sg13g2_dfrbpq_1)
                                              2.164763   data arrival time

                                 10.000000   10.000000   clock clk_i (rise edge)
                                  0.000000   10.000000   clock source latency
     1    0.024077    0.038967    0.020348   10.020349 ^ clk_i (in)
                                                         clk_i (net)
                      0.039068    0.000000   10.020349 ^ clkbuf_0_clk_i/A (sg13g2_buf_16)
     8    0.155975    0.051557    0.095633   10.115981 ^ clkbuf_0_clk_i/X (sg13g2_buf_16)
                                                         clknet_0_clk_i (net)
                      0.051690    0.001839   10.117821 ^ clkbuf_3_3__f_clk_i/A (sg13g2_buf_16)
     4    0.016313    0.019642    0.074969   10.192790 ^ clkbuf_3_3__f_clk_i/X (sg13g2_buf_16)
                                                         clknet_3_3__leaf_clk_i (net)
                      0.019642    0.000183   10.192973 ^ _190_/CLK (sg13g2_dfrbpq_1)
                                 -0.250000    9.942973   clock uncertainty
                                  0.000000    9.942973   clock reconvergence pessimism
                                 -0.140115    9.802857   library recovery time
                                              9.802857   data required time
---------------------------------------------------------------------------------------------
                                              9.802857   data required time
                                             -2.164763   data arrival time
---------------------------------------------------------------------------------------------
                                              7.638094   slack (MET)



%OL_END_REPORT
%OL_CREATE_REPORT checks.rpt

===========================================================================
report_checks -unconstrained
===========================================================================
======================= nom_typ_1p20V_25C Corner ===================================

Startpoint: rst_ni (input port clocked by clk_i)
Endpoint: _172_ (recovery check against rising-edge clock clk_i)
Path Group: asynchronous
Path Type: max

Fanout         Cap        Slew       Delay        Time   Description
---------------------------------------------------------------------------------------------
                                  0.000000    0.000000   clock clk_i (rise edge)
                                  0.000000    0.000000   clock network delay (propagated)
                                  2.000000    2.000000 ^ input external delay
     1    0.003773    0.020945    0.003110    2.003110 ^ rst_ni (in)
                                                         rst_ni (net)
                      0.020945    0.000000    2.003110 ^ input1/A (sg13g2_buf_1)
     1    0.003069    0.022554    0.056755    2.059866 ^ input1/X (sg13g2_buf_1)
                                                         net1 (net)
                      0.022554    0.000029    2.059895 ^ fanout26/A (sg13g2_buf_1)
     4    0.019203    0.085576    0.104485    2.164380 ^ fanout26/X (sg13g2_buf_1)
                                                         net26 (net)
                      0.085576    0.000127    2.164508 ^ fanout23/A (sg13g2_buf_1)
     8    0.048229    0.201221    0.212393    2.376900 ^ fanout23/X (sg13g2_buf_1)
                                                         net23 (net)
                      0.201221    0.000135    2.377036 ^ fanout22/A (sg13g2_buf_1)
     8    0.047831    0.199942    0.244051    2.621086 ^ fanout22/X (sg13g2_buf_1)
                                                         net22 (net)
                      0.199942    0.000645    2.621732 ^ _172_/RESET_B (sg13g2_dfrbpq_1)
                                              2.621732   data arrival time

                                 10.000000   10.000000   clock clk_i (rise edge)
                                  0.000000   10.000000   clock source latency
     1    0.024077    0.038967    0.020348   10.020349 ^ clk_i (in)
                                                         clk_i (net)
                      0.039068    0.000000   10.020349 ^ clkbuf_0_clk_i/A (sg13g2_buf_16)
     8    0.155975    0.051557    0.095633   10.115981 ^ clkbuf_0_clk_i/X (sg13g2_buf_16)
                                                         clknet_0_clk_i (net)
                      0.051686    0.001798   10.117779 ^ clkbuf_3_0__f_clk_i/A (sg13g2_buf_16)
     4    0.014672    0.019279    0.074654   10.192433 ^ clkbuf_3_0__f_clk_i/X (sg13g2_buf_16)
                                                         clknet_3_0__leaf_clk_i (net)
                      0.019279    0.000103   10.192536 ^ _172_/CLK (sg13g2_dfrbpq_1)
                                 -0.250000    9.942536   clock uncertainty
                                  0.000000    9.942536   clock reconvergence pessimism
                                 -0.175084    9.767452   library recovery time
                                              9.767452   data required time
---------------------------------------------------------------------------------------------
                                              9.767452   data required time
                                             -2.621732   data arrival time
---------------------------------------------------------------------------------------------
                                              7.145720   slack (MET)


Startpoint: _202_ (rising edge-triggered flip-flop clocked by clk_i)
Endpoint: uo_CORE2PAD[0] (output port clocked by clk_i)
Path Group: clk_i
Path Type: max

Fanout         Cap        Slew       Delay        Time   Description
---------------------------------------------------------------------------------------------
                                  0.000000    0.000000   clock clk_i (rise edge)
                                  0.000000    0.000000   clock source latency
     1    0.024077    0.038967    0.020348    0.020348 ^ clk_i (in)
                                                         clk_i (net)
                      0.039068    0.000000    0.020348 ^ clkbuf_0_clk_i/A (sg13g2_buf_16)
     8    0.155975    0.051557    0.095633    0.115981 ^ clkbuf_0_clk_i/X (sg13g2_buf_16)
                                                         clknet_0_clk_i (net)
                      0.051670    0.001651    0.117632 ^ clkbuf_3_5__f_clk_i/A (sg13g2_buf_16)
     4    0.014812    0.019314    0.074670    0.192301 ^ clkbuf_3_5__f_clk_i/X (sg13g2_buf_16)
                                                         clknet_3_5__leaf_clk_i (net)
                      0.019315    0.000158    0.192460 ^ _202_/CLK (sg13g2_dfrbpq_1)
     1    0.003033    0.024434    0.162572    0.355031 ^ _202_/Q (sg13g2_dfrbpq_1)
                                                         spm_inst.csa0.sum (net)
                      0.024434    0.000028    0.355060 ^ _219_/A (sg13g2_buf_1)
     1    0.003915    0.025807    0.060716    0.415775 ^ _219_/X (sg13g2_buf_1)
                                                         net19 (net)
                      0.025807    0.000059    0.415834 ^ output19/A (sg13g2_buf_1)
     1    0.006000    0.034912    0.067435    0.483268 ^ output19/X (sg13g2_buf_1)
                                                         uo_CORE2PAD[0] (net)
                      0.034912    0.000000    0.483268 ^ uo_CORE2PAD[0] (out)
                                              0.483268   data arrival time

                                 10.000000   10.000000   clock clk_i (rise edge)
                                  0.000000   10.000000   clock network delay (propagated)
                                 -0.250000    9.750000   clock uncertainty
                                  0.000000    9.750000   clock reconvergence pessimism
                                 -2.000000    7.750000   output external delay
                                              7.750000   data required time
---------------------------------------------------------------------------------------------
                                              7.750000   data required time
                                             -0.483268   data arrival time
---------------------------------------------------------------------------------------------
                                              7.266731   slack (MET)




===========================================================================
report_checks --slack_max -0.01
============================================================================
======================= nom_typ_1p20V_25C Corner ===================================

No paths found.


===========================================================================
 report_check_types -max_slew -max_cap -max_fanout -violators
============================================================================
======================= nom_typ_1p20V_25C Corner ===================================



===========================================================================
report_parasitic_annotation -report_unannotated
============================================================================
Found 0 unannotated drivers.
Found 17 partially unannotated drivers.
 output19/X
 user_project_example/L_LO
 user_project_example_27/L_LO
 user_project_example_28/L_LO
 user_project_example_29/L_LO
 user_project_example_30/L_LO
 user_project_example_31/L_LO
 user_project_example_32/L_LO
 user_project_example_33/L_LO
 user_project_example_34/L_LO
 user_project_example_35/L_LO
 user_project_example_36/L_LO
 user_project_example_37/L_LO
 user_project_example_38/L_LO
 user_project_example_39/L_LO
 user_project_example_40/L_LO
 user_project_example_41/L_HI

===========================================================================
max slew violation count 0
Writing metric design__max_slew_violation__count__corner:nom_typ_1p20V_25C: 0
max fanout violation count 0
Writing metric design__max_fanout_violation__count__corner:nom_typ_1p20V_25C: 0
max cap violation count 0
Writing metric design__max_cap_violation__count__corner:nom_typ_1p20V_25C: 0
============================================================================

===========================================================================
check_setup -verbose -unconstrained_endpoints -multiple_clock -no_clock -no_input_delay -loops -generated_clocks
===========================================================================
%OL_END_REPORT
%OL_CREATE_REPORT power.rpt

===========================================================================
 report_power
============================================================================
======================= nom_typ_1p20V_25C Corner ===================================

Group                    Internal    Switching      Leakage        Total
                            Power        Power        Power        Power (Watts)
------------------------------------------------------------------------
Sequential           2.542051e-04 2.584661e-05 1.610484e-08 2.800678e-04  53.2%
Combinational        4.688591e-05 2.974735e-05 1.581713e-08 7.664908e-05  14.6%
Clock                1.299952e-04 4.003820e-05 1.246849e-08 1.700459e-04  32.3%
Macro                0.000000e+00 0.000000e+00 0.000000e+00 0.000000e+00   0.0%
Pad                  0.000000e+00 0.000000e+00 0.000000e+00 0.000000e+00   0.0%
------------------------------------------------------------------------
Total                4.310862e-04 9.563215e-05 4.439051e-08 5.267627e-04 100.0%
                            81.8%        18.2%         0.0%
Writing metric power__internal__total: 0.00043108619865961373
Writing metric power__switching__total: 9.563214553054422e-5
Writing metric power__leakage__total: 4.439051082272272e-8
Writing metric power__total: 0.0005267627420835197

%OL_END_REPORT
%OL_CREATE_REPORT skew.min.rpt

===========================================================================
Clock Skew (Hold)
============================================================================
Writing metric clock__skew__worst_hold__corner:nom_typ_1p20V_25C: -0.25064762086415543
======================= nom_typ_1p20V_25C Corner ===================================

Clock clk_i
0.192379 source latency _185_/CLK ^
-0.193026 target latency _186_/CLK ^
-0.250000 clock uncertainty
0.000000 CRPR
--------------
-0.250648 hold skew

%OL_END_REPORT
%OL_CREATE_REPORT skew.max.rpt

===========================================================================
Clock Skew (Setup)
============================================================================
Writing metric clock__skew__worst_setup__corner:nom_typ_1p20V_25C: 0.2511033396730771
======================= nom_typ_1p20V_25C Corner ===================================

Clock clk_i
0.193639 source latency _171_/CLK ^
-0.192536 target latency _172_/CLK ^
0.250000 clock uncertainty
0.000000 CRPR
--------------
0.251103 setup skew

%OL_END_REPORT
%OL_CREATE_REPORT ws.min.rpt

===========================================================================
Worst Slack (Hold)
============================================================================
Writing metric timing__hold__ws__corner:nom_typ_1p20V_25C: 0.021473906594047718
nom_typ_1p20V_25C: 0.021473906594047718
%OL_END_REPORT
%OL_CREATE_REPORT ws.max.rpt

===========================================================================
Worst Slack (Setup)
============================================================================
Writing metric timing__setup__ws__corner:nom_typ_1p20V_25C: 7.1457206618838995
nom_typ_1p20V_25C: 7.1457206618838995
%OL_END_REPORT
%OL_CREATE_REPORT tns.min.rpt

===========================================================================
Total Negative Slack (Hold)
============================================================================
Writing metric timing__hold__tns__corner:nom_typ_1p20V_25C: 0.0
nom_typ_1p20V_25C: 0.0
%OL_END_REPORT
%OL_CREATE_REPORT tns.max.rpt

===========================================================================
Total Negative Slack (Setup)
============================================================================
Writing metric timing__setup__tns__corner:nom_typ_1p20V_25C: 0.0
nom_typ_1p20V_25C: 0.0
%OL_END_REPORT
%OL_CREATE_REPORT wns.min.rpt

===========================================================================
Worst Negative Slack (Hold)
============================================================================
Writing metric timing__hold__wns__corner:nom_typ_1p20V_25C: 0
nom_typ_1p20V_25C: 0
%OL_END_REPORT
%OL_CREATE_REPORT wns.max.rpt

===========================================================================
Worst Negative Slack (Setup)
============================================================================
Writing metric timing__setup__wns__corner:nom_typ_1p20V_25C: 0.0
nom_typ_1p20V_25C: 0.0
%OL_END_REPORT
%OL_CREATE_REPORT violator_list.rpt

===========================================================================
Violator List
============================================================================
Writing metric timing__hold_vio__count__corner:nom_typ_1p20V_25C: 0
Writing metric timing__hold_r2r__ws__corner:nom_typ_1p20V_25C: 0.021474
Writing metric timing__hold_r2r_vio__count__corner:nom_typ_1p20V_25C: 0
Writing metric timing__setup_vio__count__corner:nom_typ_1p20V_25C: 0
Writing metric timing__setup_r2r__ws__corner:nom_typ_1p20V_25C: 1e30
Writing metric timing__setup_r2r_vio__count__corner:nom_typ_1p20V_25C: 0
%OL_END_REPORT
%OL_CREATE_REPORT unpropagated.rpt
%OL_END_REPORT
%OL_CREATE_REPORT clock.rpt
Clock: clk_i
Sources: clk_i 
Generated: no
Virtual: yes
Propagated: no
Period: 10.000000

===========================================================================
report_clock_properties
============================================================================
Clock                   Period          Waveform
----------------------------------------------------
clk_i                10.000000    0.000000  5.000000

===========================================================================
report_clock_latency
============================================================================
Clock clk_i
rise -> rise
    min     max
0.000000 0.000000 source latency
0.191891         network latency _182_/CLK
        0.193639 network latency _171_/CLK
---------------
0.191891 0.193639 latency
        0.001748 skew

fall -> fall
    min     max
0.000000 0.000000 source latency
0.190239         network latency _182_/CLK
        0.191921 network latency _171_/CLK
---------------
0.190239 0.191921 latency
        0.001682 skew



===========================================================================
report_clock_min_period
============================================================================
clk_i period_min = 0.79 fmax = 1259.20
%OL_END_REPORT
