
===========================================================================
report_checks -path_delay min (Hold)
============================================================================
======================= nom_typ_1p20V_25C Corner ===================================

Startpoint: _200_ (rising edge-triggered flip-flop clocked by clk_i)
Endpoint: _199_ (rising edge-triggered flip-flop clocked by clk_i)
Path Group: clk_i
Path Type: min

Fanout         Cap        Slew       Delay        Time   Description
---------------------------------------------------------------------------------------------
                                  0.000000    0.000000   clock clk_i (rise edge)
                                  0.000000    0.000000   clock source latency
     1    0.029451    0.044082    0.025766    0.025766 ^ clk_i (in)
                                                         clk_i (net)
                      0.044431    0.000000    0.025766 ^ clkbuf_0_clk_i/A (sg13g2_buf_16)
     8    0.171793    0.056760    0.097119    0.122885 ^ clkbuf_0_clk_i/X (sg13g2_buf_16)
                                                         clknet_0_clk_i (net)
                      0.058421    0.007586    0.130470 ^ clkbuf_3_2__f_clk_i/A (sg13g2_buf_16)
     4    0.021648    0.021180    0.079236    0.209707 ^ clkbuf_3_2__f_clk_i/X (sg13g2_buf_16)
                                                         clknet_3_2__leaf_clk_i (net)
                      0.021183    0.000475    0.210182 ^ _200_/CLK (sg13g2_dfrbpq_1)
     1    0.002969    0.024203    0.163279    0.373461 ^ _200_/Q (sg13g2_dfrbpq_1)
                                                         spm_inst.tcmp.z (net)
                      0.024203    0.000058    0.373520 ^ hold42/A (sg13g2_dlygate4sd3_1)
     2    0.011456    0.065345    0.384223    0.757743 ^ hold42/X (sg13g2_dlygate4sd3_1)
                                                         net42 (net)
                      0.065345    0.000240    0.757983 ^ _164_/A (sg13g2_xnor2_1)
     1    0.002325    0.030672    0.071569    0.829553 v _164_/Y (sg13g2_xnor2_1)
                                                         _015_ (net)
                      0.030672    0.000032    0.829585 v _199_/D (sg13g2_dfrbpq_1)
                                              0.829585   data arrival time

                                  0.000000    0.000000   clock clk_i (rise edge)
                                  0.000000    0.000000   clock source latency
     1    0.029451    0.044082    0.025766    0.025766 ^ clk_i (in)
                                                         clk_i (net)
                      0.044431    0.000000    0.025766 ^ clkbuf_0_clk_i/A (sg13g2_buf_16)
     8    0.171793    0.056760    0.097119    0.122885 ^ clkbuf_0_clk_i/X (sg13g2_buf_16)
                                                         clknet_0_clk_i (net)
                      0.058421    0.007586    0.130470 ^ clkbuf_3_2__f_clk_i/A (sg13g2_buf_16)
     4    0.021648    0.021180    0.079236    0.209707 ^ clkbuf_3_2__f_clk_i/X (sg13g2_buf_16)
                                                         clknet_3_2__leaf_clk_i (net)
                      0.021184    0.000551    0.210258 ^ _199_/CLK (sg13g2_dfrbpq_1)
                                  0.250000    0.460258   clock uncertainty
                                  0.000000    0.460258   clock reconvergence pessimism
                                 -0.037519    0.422739   library hold time
                                              0.422739   data required time
---------------------------------------------------------------------------------------------
                                              0.422739   data required time
                                             -0.829585   data arrival time
---------------------------------------------------------------------------------------------
                                              0.406846   slack (MET)


Startpoint: _200_ (rising edge-triggered flip-flop clocked by clk_i)
Endpoint: _200_ (rising edge-triggered flip-flop clocked by clk_i)
Path Group: clk_i
Path Type: min

Fanout         Cap        Slew       Delay        Time   Description
---------------------------------------------------------------------------------------------
                                  0.000000    0.000000   clock clk_i (rise edge)
                                  0.000000    0.000000   clock source latency
     1    0.029451    0.044082    0.025766    0.025766 ^ clk_i (in)
                                                         clk_i (net)
                      0.044431    0.000000    0.025766 ^ clkbuf_0_clk_i/A (sg13g2_buf_16)
     8    0.171793    0.056760    0.097119    0.122885 ^ clkbuf_0_clk_i/X (sg13g2_buf_16)
                                                         clknet_0_clk_i (net)
                      0.058421    0.007586    0.130470 ^ clkbuf_3_2__f_clk_i/A (sg13g2_buf_16)
     4    0.021648    0.021180    0.079236    0.209707 ^ clkbuf_3_2__f_clk_i/X (sg13g2_buf_16)
                                                         clknet_3_2__leaf_clk_i (net)
                      0.021183    0.000475    0.210182 ^ _200_/CLK (sg13g2_dfrbpq_1)
     1    0.002969    0.024203    0.163279    0.373461 ^ _200_/Q (sg13g2_dfrbpq_1)
                                                         spm_inst.tcmp.z (net)
                      0.024203    0.000058    0.373520 ^ hold42/A (sg13g2_dlygate4sd3_1)
     2    0.011456    0.065345    0.384223    0.757743 ^ hold42/X (sg13g2_dlygate4sd3_1)
                                                         net42 (net)
                      0.065345    0.000131    0.757874 ^ _163_/A_N (sg13g2_nand2b_1)
     1    0.005045    0.033513    0.083914    0.841788 ^ _163_/Y (sg13g2_nand2b_1)
                                                         _016_ (net)
                      0.033513    0.000177    0.841965 ^ _200_/D (sg13g2_dfrbpq_1)
                                              0.841965   data arrival time

                                  0.000000    0.000000   clock clk_i (rise edge)
                                  0.000000    0.000000   clock source latency
     1    0.029451    0.044082    0.025766    0.025766 ^ clk_i (in)
                                                         clk_i (net)
                      0.044431    0.000000    0.025766 ^ clkbuf_0_clk_i/A (sg13g2_buf_16)
     8    0.171793    0.056760    0.097119    0.122885 ^ clkbuf_0_clk_i/X (sg13g2_buf_16)
                                                         clknet_0_clk_i (net)
                      0.058421    0.007586    0.130470 ^ clkbuf_3_2__f_clk_i/A (sg13g2_buf_16)
     4    0.021648    0.021180    0.079236    0.209707 ^ clkbuf_3_2__f_clk_i/X (sg13g2_buf_16)
                                                         clknet_3_2__leaf_clk_i (net)
                      0.021183    0.000475    0.210182 ^ _200_/CLK (sg13g2_dfrbpq_1)
                                  0.250000    0.460182   clock uncertainty
                                  0.000000    0.460182   clock reconvergence pessimism
                                 -0.062474    0.397708   library hold time
                                              0.397708   data required time
---------------------------------------------------------------------------------------------
                                              0.397708   data required time
                                             -0.841965   data arrival time
---------------------------------------------------------------------------------------------
                                              0.444257   slack (MET)


Startpoint: _188_ (rising edge-triggered flip-flop clocked by clk_i)
Endpoint: _189_ (rising edge-triggered flip-flop clocked by clk_i)
Path Group: clk_i
Path Type: min

Fanout         Cap        Slew       Delay        Time   Description
---------------------------------------------------------------------------------------------
                                  0.000000    0.000000   clock clk_i (rise edge)
                                  0.000000    0.000000   clock source latency
     1    0.029451    0.044082    0.025766    0.025766 ^ clk_i (in)
                                                         clk_i (net)
                      0.044431    0.000000    0.025766 ^ clkbuf_0_clk_i/A (sg13g2_buf_16)
     8    0.171793    0.056760    0.097119    0.122885 ^ clkbuf_0_clk_i/X (sg13g2_buf_16)
                                                         clknet_0_clk_i (net)
                      0.058916    0.008624    0.131508 ^ clkbuf_3_3__f_clk_i/A (sg13g2_buf_16)
     4    0.020712    0.020991    0.079248    0.210757 ^ clkbuf_3_3__f_clk_i/X (sg13g2_buf_16)
                                                         clknet_3_3__leaf_clk_i (net)
                      0.020999    0.000805    0.211562 ^ _188_/CLK (sg13g2_dfrbpq_1)
     3    0.014268    0.052044    0.187478    0.399040 v _188_/Q (sg13g2_dfrbpq_1)
                                                         spm_inst.genblk1[5].csa.y (net)
                      0.052056    0.000751    0.399791 v _134_/B (sg13g2_nor2_1)
     1    0.005385    0.065943    0.072173    0.471964 ^ _134_/Y (sg13g2_nor2_1)
                                                         _042_ (net)
                      0.065943    0.000142    0.472106 ^ _137_/A2 (sg13g2_o21ai_1)
     1    0.003940    0.038735    0.066728    0.538833 v _137_/Y (sg13g2_o21ai_1)
                                                         _010_ (net)
                      0.038735    0.000097    0.538930 v hold66/A (sg13g2_dlygate4sd3_1)
     1    0.002106    0.034484    0.373922    0.912852 v hold66/X (sg13g2_dlygate4sd3_1)
                                                         net66 (net)
                      0.034484    0.000025    0.912877 v _189_/D (sg13g2_dfrbpq_1)
                                              0.912877   data arrival time

                                  0.000000    0.000000   clock clk_i (rise edge)
                                  0.000000    0.000000   clock source latency
     1    0.029451    0.044082    0.025766    0.025766 ^ clk_i (in)
                                                         clk_i (net)
                      0.044431    0.000000    0.025766 ^ clkbuf_0_clk_i/A (sg13g2_buf_16)
     8    0.171793    0.056760    0.097119    0.122885 ^ clkbuf_0_clk_i/X (sg13g2_buf_16)
                                                         clknet_0_clk_i (net)
                      0.058421    0.007586    0.130470 ^ clkbuf_3_2__f_clk_i/A (sg13g2_buf_16)
     4    0.021648    0.021180    0.079236    0.209707 ^ clkbuf_3_2__f_clk_i/X (sg13g2_buf_16)
                                                         clknet_3_2__leaf_clk_i (net)
                      0.021183    0.000520    0.210226 ^ _189_/CLK (sg13g2_dfrbpq_1)
                                  0.250000    0.460226   clock uncertainty
                                  0.000000    0.460226   clock reconvergence pessimism
                                 -0.038727    0.421499   library hold time
                                              0.421499   data required time
---------------------------------------------------------------------------------------------
                                              0.421499   data required time
                                             -0.912877   data arrival time
---------------------------------------------------------------------------------------------
                                              0.491378   slack (MET)


Startpoint: _190_ (rising edge-triggered flip-flop clocked by clk_i)
Endpoint: _191_ (rising edge-triggered flip-flop clocked by clk_i)
Path Group: clk_i
Path Type: min

Fanout         Cap        Slew       Delay        Time   Description
---------------------------------------------------------------------------------------------
                                  0.000000    0.000000   clock clk_i (rise edge)
                                  0.000000    0.000000   clock source latency
     1    0.029451    0.044082    0.025766    0.025766 ^ clk_i (in)
                                                         clk_i (net)
                      0.044431    0.000000    0.025766 ^ clkbuf_0_clk_i/A (sg13g2_buf_16)
     8    0.171793    0.056760    0.097119    0.122885 ^ clkbuf_0_clk_i/X (sg13g2_buf_16)
                                                         clknet_0_clk_i (net)
                      0.058916    0.008624    0.131508 ^ clkbuf_3_3__f_clk_i/A (sg13g2_buf_16)
     4    0.020712    0.020991    0.079248    0.210757 ^ clkbuf_3_3__f_clk_i/X (sg13g2_buf_16)
                                                         clknet_3_3__leaf_clk_i (net)
                      0.020998    0.000718    0.211475 ^ _190_/CLK (sg13g2_dfrbpq_1)
     3    0.011182    0.042801    0.180186    0.391660 v _190_/Q (sg13g2_dfrbpq_1)
                                                         spm_inst.genblk1[4].csa.y (net)
                      0.042803    0.000370    0.392030 v _140_/B (sg13g2_nor2_1)
     1    0.005605    0.066156    0.070500    0.462530 ^ _140_/Y (sg13g2_nor2_1)
                                                         _046_ (net)
                      0.066156    0.000160    0.462690 ^ _143_/A2 (sg13g2_o21ai_1)
     1    0.004018    0.039141    0.067147    0.529836 v _143_/Y (sg13g2_o21ai_1)
                                                         _009_ (net)
                      0.039141    0.000102    0.529938 v hold51/A (sg13g2_dlygate4sd3_1)
     1    0.004779    0.041657    0.383435    0.913373 v hold51/X (sg13g2_dlygate4sd3_1)
                                                         net51 (net)
                      0.041657    0.000151    0.913524 v _191_/D (sg13g2_dfrbpq_1)
                                              0.913524   data arrival time

                                  0.000000    0.000000   clock clk_i (rise edge)
                                  0.000000    0.000000   clock source latency
     1    0.029451    0.044082    0.025766    0.025766 ^ clk_i (in)
                                                         clk_i (net)
                      0.044431    0.000000    0.025766 ^ clkbuf_0_clk_i/A (sg13g2_buf_16)
     8    0.171793    0.056760    0.097119    0.122885 ^ clkbuf_0_clk_i/X (sg13g2_buf_16)
                                                         clknet_0_clk_i (net)
                      0.059412    0.009559    0.132444 ^ clkbuf_3_6__f_clk_i/A (sg13g2_buf_16)
     4    0.020398    0.020942    0.079469    0.211913 ^ clkbuf_3_6__f_clk_i/X (sg13g2_buf_16)
                                                         clknet_3_6__leaf_clk_i (net)
                      0.020947    0.000611    0.212524 ^ _191_/CLK (sg13g2_dfrbpq_1)
                                  0.250000    0.462524   clock uncertainty
                                  0.000000    0.462524   clock reconvergence pessimism
                                 -0.041049    0.421475   library hold time
                                              0.421475   data required time
---------------------------------------------------------------------------------------------
                                              0.421475   data required time
                                             -0.913524   data arrival time
---------------------------------------------------------------------------------------------
                                              0.492049   slack (MET)


Startpoint: _178_ (rising edge-triggered flip-flop clocked by clk_i)
Endpoint: _179_ (rising edge-triggered flip-flop clocked by clk_i)
Path Group: clk_i
Path Type: min

Fanout         Cap        Slew       Delay        Time   Description
---------------------------------------------------------------------------------------------
                                  0.000000    0.000000   clock clk_i (rise edge)
                                  0.000000    0.000000   clock source latency
     1    0.029451    0.044082    0.025766    0.025766 ^ clk_i (in)
                                                         clk_i (net)
                      0.044431    0.000000    0.025766 ^ clkbuf_0_clk_i/A (sg13g2_buf_16)
     8    0.171793    0.056760    0.097119    0.122885 ^ clkbuf_0_clk_i/X (sg13g2_buf_16)
                                                         clknet_0_clk_i (net)
                      0.058962    0.008713    0.131598 ^ clkbuf_3_1__f_clk_i/A (sg13g2_buf_16)
     4    0.022658    0.021444    0.079580    0.211178 ^ clkbuf_3_1__f_clk_i/X (sg13g2_buf_16)
                                                         clknet_3_1__leaf_clk_i (net)
                      0.021461    0.001133    0.212311 ^ _178_/CLK (sg13g2_dfrbpq_1)
     3    0.014298    0.052077    0.187918    0.400229 v _178_/Q (sg13g2_dfrbpq_1)
                                                         spm_inst.genblk1[10].csa.y (net)
                      0.052081    0.000473    0.400702 v _104_/B (sg13g2_nor2_1)
     1    0.005015    0.063390    0.069915    0.470617 ^ _104_/Y (sg13g2_nor2_1)
                                                         _022_ (net)
                      0.063390    0.000112    0.470729 ^ _107_/A2 (sg13g2_o21ai_1)
     1    0.004197    0.039436    0.067072    0.537801 v _107_/Y (sg13g2_o21ai_1)
                                                         _001_ (net)
                      0.039438    0.000112    0.537913 v hold69/A (sg13g2_dlygate4sd3_1)
     1    0.004355    0.040640    0.382129    0.920042 v hold69/X (sg13g2_dlygate4sd3_1)
                                                         net69 (net)
                      0.040640    0.000125    0.920167 v _179_/D (sg13g2_dfrbpq_1)
                                              0.920167   data arrival time

                                  0.000000    0.000000   clock clk_i (rise edge)
                                  0.000000    0.000000   clock source latency
     1    0.029451    0.044082    0.025766    0.025766 ^ clk_i (in)
                                                         clk_i (net)
                      0.044431    0.000000    0.025766 ^ clkbuf_0_clk_i/A (sg13g2_buf_16)
     8    0.171793    0.056760    0.097119    0.122885 ^ clkbuf_0_clk_i/X (sg13g2_buf_16)
                                                         clknet_0_clk_i (net)
                      0.058490    0.007738    0.130623 ^ clkbuf_3_4__f_clk_i/A (sg13g2_buf_16)
     4    0.021455    0.021143    0.079155    0.209779 ^ clkbuf_3_4__f_clk_i/X (sg13g2_buf_16)
                                                         clknet_3_4__leaf_clk_i (net)
                      0.021167    0.001348    0.211126 ^ _179_/CLK (sg13g2_dfrbpq_1)
                                  0.250000    0.461126   clock uncertainty
                                  0.000000    0.461126   clock reconvergence pessimism
                                 -0.040681    0.420445   library hold time
                                              0.420445   data required time
---------------------------------------------------------------------------------------------
                                              0.420445   data required time
                                             -0.920167   data arrival time
---------------------------------------------------------------------------------------------
                                              0.499722   slack (MET)


Startpoint: _199_ (rising edge-triggered flip-flop clocked by clk_i)
Endpoint: _171_ (rising edge-triggered flip-flop clocked by clk_i)
Path Group: clk_i
Path Type: min

Fanout         Cap        Slew       Delay        Time   Description
---------------------------------------------------------------------------------------------
                                  0.000000    0.000000   clock clk_i (rise edge)
                                  0.000000    0.000000   clock source latency
     1    0.029451    0.044082    0.025766    0.025766 ^ clk_i (in)
                                                         clk_i (net)
                      0.044431    0.000000    0.025766 ^ clkbuf_0_clk_i/A (sg13g2_buf_16)
     8    0.171793    0.056760    0.097119    0.122885 ^ clkbuf_0_clk_i/X (sg13g2_buf_16)
                                                         clknet_0_clk_i (net)
                      0.058421    0.007586    0.130470 ^ clkbuf_3_2__f_clk_i/A (sg13g2_buf_16)
     4    0.021648    0.021180    0.079236    0.209707 ^ clkbuf_3_2__f_clk_i/X (sg13g2_buf_16)
                                                         clknet_3_2__leaf_clk_i (net)
                      0.021184    0.000551    0.210258 ^ _199_/CLK (sg13g2_dfrbpq_1)
     3    0.014488    0.052671    0.188176    0.398434 v _199_/Q (sg13g2_dfrbpq_1)
                                                         spm_inst.genblk1[14].csa.y (net)
                      0.052678    0.000635    0.399069 v _080_/B (sg13g2_nor2_1)
     1    0.004983    0.063261    0.069910    0.468979 ^ _080_/Y (sg13g2_nor2_1)
                                                         _067_ (net)
                      0.063261    0.000110    0.469089 ^ _083_/A2 (sg13g2_o21ai_1)
     1    0.005726    0.047627    0.073886    0.542975 v _083_/Y (sg13g2_o21ai_1)
                                                         _005_ (net)
                      0.047628    0.000224    0.543199 v hold45/A (sg13g2_dlygate4sd3_1)
     1    0.002042    0.034304    0.378617    0.921815 v hold45/X (sg13g2_dlygate4sd3_1)
                                                         net45 (net)
                      0.034304    0.000023    0.921839 v _171_/D (sg13g2_dfrbpq_1)
                                              0.921839   data arrival time

                                  0.000000    0.000000   clock clk_i (rise edge)
                                  0.000000    0.000000   clock source latency
     1    0.029451    0.044082    0.025766    0.025766 ^ clk_i (in)
                                                         clk_i (net)
                      0.044431    0.000000    0.025766 ^ clkbuf_0_clk_i/A (sg13g2_buf_16)
     8    0.171793    0.056760    0.097119    0.122885 ^ clkbuf_0_clk_i/X (sg13g2_buf_16)
                                                         clknet_0_clk_i (net)
                      0.058421    0.007586    0.130470 ^ clkbuf_3_2__f_clk_i/A (sg13g2_buf_16)
     4    0.021648    0.021180    0.079236    0.209707 ^ clkbuf_3_2__f_clk_i/X (sg13g2_buf_16)
                                                         clknet_3_2__leaf_clk_i (net)
                      0.021185    0.000637    0.210344 ^ _171_/CLK (sg13g2_dfrbpq_1)
                                  0.250000    0.460344   clock uncertainty
                                  0.000000    0.460344   clock reconvergence pessimism
                                 -0.038670    0.421674   library hold time
                                              0.421674   data required time
---------------------------------------------------------------------------------------------
                                              0.421674   data required time
                                             -0.921839   data arrival time
---------------------------------------------------------------------------------------------
                                              0.500164   slack (MET)


Startpoint: _192_ (rising edge-triggered flip-flop clocked by clk_i)
Endpoint: _194_ (rising edge-triggered flip-flop clocked by clk_i)
Path Group: clk_i
Path Type: min

Fanout         Cap        Slew       Delay        Time   Description
---------------------------------------------------------------------------------------------
                                  0.000000    0.000000   clock clk_i (rise edge)
                                  0.000000    0.000000   clock source latency
     1    0.029451    0.044082    0.025766    0.025766 ^ clk_i (in)
                                                         clk_i (net)
                      0.044431    0.000000    0.025766 ^ clkbuf_0_clk_i/A (sg13g2_buf_16)
     8    0.171793    0.056760    0.097119    0.122885 ^ clkbuf_0_clk_i/X (sg13g2_buf_16)
                                                         clknet_0_clk_i (net)
                      0.059412    0.009559    0.132444 ^ clkbuf_3_6__f_clk_i/A (sg13g2_buf_16)
     4    0.020398    0.020942    0.079469    0.211913 ^ clkbuf_3_6__f_clk_i/X (sg13g2_buf_16)
                                                         clknet_3_6__leaf_clk_i (net)
                      0.020948    0.000652    0.212566 ^ _192_/CLK (sg13g2_dfrbpq_1)
     1    0.002374    0.022083    0.161440    0.374006 ^ _192_/Q (sg13g2_dfrbpq_1)
                                                         spm_inst.genblk1[3].csa.y (net)
                      0.022083    0.000034    0.374040 ^ hold76/A (sg13g2_dlygate4sd3_1)
     3    0.018322    0.092749    0.406719    0.780759 ^ hold76/X (sg13g2_dlygate4sd3_1)
                                                         net76 (net)
                      0.092752    0.000659    0.781418 ^ _147_/B (sg13g2_xor2_1)
     1    0.005869    0.035156    0.090210    0.871628 v _147_/X (sg13g2_xor2_1)
                                                         _051_ (net)
                      0.035156    0.000088    0.871716 v _148_/B (sg13g2_xnor2_1)
     1    0.002286    0.028996    0.052796    0.924512 v _148_/Y (sg13g2_xnor2_1)
                                                         spm_inst.genblk1[3].csa.hsum2 (net)
                      0.028996    0.000031    0.924543 v _194_/D (sg13g2_dfrbpq_1)
                                              0.924543   data arrival time

                                  0.000000    0.000000   clock clk_i (rise edge)
                                  0.000000    0.000000   clock source latency
     1    0.029451    0.044082    0.025766    0.025766 ^ clk_i (in)
                                                         clk_i (net)
                      0.044431    0.000000    0.025766 ^ clkbuf_0_clk_i/A (sg13g2_buf_16)
     8    0.171793    0.056760    0.097119    0.122885 ^ clkbuf_0_clk_i/X (sg13g2_buf_16)
                                                         clknet_0_clk_i (net)
                      0.059378    0.009497    0.132382 ^ clkbuf_3_7__f_clk_i/A (sg13g2_buf_16)
     4    0.017560    0.020294    0.078926    0.211307 ^ clkbuf_3_7__f_clk_i/X (sg13g2_buf_16)
                                                         clknet_3_7__leaf_clk_i (net)
                      0.020295    0.000161    0.211468 ^ _194_/CLK (sg13g2_dfrbpq_1)
                                  0.250000    0.461468   clock uncertainty
                                  0.000000    0.461468   clock reconvergence pessimism
                                 -0.037173    0.424295   library hold time
                                              0.424295   data required time
---------------------------------------------------------------------------------------------
                                              0.424295   data required time
                                             -0.924543   data arrival time
---------------------------------------------------------------------------------------------
                                              0.500248   slack (MET)


Startpoint: _199_ (rising edge-triggered flip-flop clocked by clk_i)
Endpoint: _172_ (rising edge-triggered flip-flop clocked by clk_i)
Path Group: clk_i
Path Type: min

Fanout         Cap        Slew       Delay        Time   Description
---------------------------------------------------------------------------------------------
                                  0.000000    0.000000   clock clk_i (rise edge)
                                  0.000000    0.000000   clock source latency
     1    0.029451    0.044082    0.025766    0.025766 ^ clk_i (in)
                                                         clk_i (net)
                      0.044431    0.000000    0.025766 ^ clkbuf_0_clk_i/A (sg13g2_buf_16)
     8    0.171793    0.056760    0.097119    0.122885 ^ clkbuf_0_clk_i/X (sg13g2_buf_16)
                                                         clknet_0_clk_i (net)
                      0.058421    0.007586    0.130470 ^ clkbuf_3_2__f_clk_i/A (sg13g2_buf_16)
     4    0.021648    0.021180    0.079236    0.209707 ^ clkbuf_3_2__f_clk_i/X (sg13g2_buf_16)
                                                         clknet_3_2__leaf_clk_i (net)
                      0.021184    0.000551    0.210258 ^ _199_/CLK (sg13g2_dfrbpq_1)
     3    0.014488    0.052671    0.188176    0.398434 v _199_/Q (sg13g2_dfrbpq_1)
                                                         spm_inst.genblk1[14].csa.y (net)
                      0.052673    0.000419    0.398854 v hold95/A (sg13g2_dlygate4sd3_1)
     1    0.007075    0.048123    0.398877    0.797731 v hold95/X (sg13g2_dlygate4sd3_1)
                                                         net95 (net)
                      0.048123    0.000208    0.797939 v _081_/B (sg13g2_xor2_1)
     1    0.006125    0.036010    0.072969    0.870908 v _081_/X (sg13g2_xor2_1)
                                                         _068_ (net)
                      0.036010    0.000111    0.871019 v _082_/B (sg13g2_xnor2_1)
     1    0.002200    0.028630    0.052709    0.923728 v _082_/Y (sg13g2_xnor2_1)
                                                         spm_inst.genblk1[14].csa.hsum2 (net)
                      0.028630    0.000029    0.923757 v _172_/D (sg13g2_dfrbpq_1)
                                              0.923757   data arrival time

                                  0.000000    0.000000   clock clk_i (rise edge)
                                  0.000000    0.000000   clock source latency
     1    0.029451    0.044082    0.025766    0.025766 ^ clk_i (in)
                                                         clk_i (net)
                      0.044431    0.000000    0.025766 ^ clkbuf_0_clk_i/A (sg13g2_buf_16)
     8    0.171793    0.056760    0.097119    0.122885 ^ clkbuf_0_clk_i/X (sg13g2_buf_16)
                                                         clknet_0_clk_i (net)
                      0.058203    0.007086    0.129971 ^ clkbuf_3_0__f_clk_i/A (sg13g2_buf_16)
     4    0.020709    0.020956    0.078952    0.208922 ^ clkbuf_3_0__f_clk_i/X (sg13g2_buf_16)
                                                         clknet_3_0__leaf_clk_i (net)
                      0.020961    0.000589    0.209512 ^ _172_/CLK (sg13g2_dfrbpq_1)
                                  0.250000    0.459512   clock uncertainty
                                  0.000000    0.459512   clock reconvergence pessimism
                                 -0.036918    0.422593   library hold time
                                              0.422593   data required time
---------------------------------------------------------------------------------------------
                                              0.422593   data required time
                                             -0.923757   data arrival time
---------------------------------------------------------------------------------------------
                                              0.501164   slack (MET)


Startpoint: _172_ (rising edge-triggered flip-flop clocked by clk_i)
Endpoint: _174_ (rising edge-triggered flip-flop clocked by clk_i)
Path Group: clk_i
Path Type: min

Fanout         Cap        Slew       Delay        Time   Description
---------------------------------------------------------------------------------------------
                                  0.000000    0.000000   clock clk_i (rise edge)
                                  0.000000    0.000000   clock source latency
     1    0.029451    0.044082    0.025766    0.025766 ^ clk_i (in)
                                                         clk_i (net)
                      0.044431    0.000000    0.025766 ^ clkbuf_0_clk_i/A (sg13g2_buf_16)
     8    0.171793    0.056760    0.097119    0.122885 ^ clkbuf_0_clk_i/X (sg13g2_buf_16)
                                                         clknet_0_clk_i (net)
                      0.058203    0.007086    0.129971 ^ clkbuf_3_0__f_clk_i/A (sg13g2_buf_16)
     4    0.020709    0.020956    0.078952    0.208922 ^ clkbuf_3_0__f_clk_i/X (sg13g2_buf_16)
                                                         clknet_3_0__leaf_clk_i (net)
                      0.020961    0.000589    0.209512 ^ _172_/CLK (sg13g2_dfrbpq_1)
     3    0.012981    0.048144    0.184499    0.394011 v _172_/Q (sg13g2_dfrbpq_1)
                                                         spm_inst.genblk1[13].csa.y (net)
                      0.048146    0.000395    0.394405 v hold94/A (sg13g2_dlygate4sd3_1)
     1    0.008293    0.051824    0.400566    0.794972 v hold94/X (sg13g2_dlygate4sd3_1)
                                                         net94 (net)
                      0.051824    0.000318    0.795289 v _087_/B (sg13g2_xor2_1)
     1    0.006025    0.035830    0.074056    0.869345 v _087_/X (sg13g2_xor2_1)
                                                         _072_ (net)
                      0.035830    0.000102    0.869447 v _088_/B (sg13g2_xnor2_1)
     1    0.002586    0.030556    0.054326    0.923773 v _088_/Y (sg13g2_xnor2_1)
                                                         spm_inst.genblk1[13].csa.hsum2 (net)
                      0.030556    0.000043    0.923816 v _174_/D (sg13g2_dfrbpq_1)
                                              0.923816   data arrival time

                                  0.000000    0.000000   clock clk_i (rise edge)
                                  0.000000    0.000000   clock source latency
     1    0.029451    0.044082    0.025766    0.025766 ^ clk_i (in)
                                                         clk_i (net)
                      0.044431    0.000000    0.025766 ^ clkbuf_0_clk_i/A (sg13g2_buf_16)
     8    0.171793    0.056760    0.097119    0.122885 ^ clkbuf_0_clk_i/X (sg13g2_buf_16)
                                                         clknet_0_clk_i (net)
                      0.058203    0.007086    0.129971 ^ clkbuf_3_0__f_clk_i/A (sg13g2_buf_16)
     4    0.020709    0.020956    0.078952    0.208922 ^ clkbuf_3_0__f_clk_i/X (sg13g2_buf_16)
                                                         clknet_3_0__leaf_clk_i (net)
                      0.020958    0.000338    0.209261 ^ _174_/CLK (sg13g2_dfrbpq_1)
                                  0.250000    0.459261   clock uncertainty
                                  0.000000    0.459261   clock reconvergence pessimism
                                 -0.037529    0.421732   library hold time
                                              0.421732   data required time
---------------------------------------------------------------------------------------------
                                              0.421732   data required time
                                             -0.923816   data arrival time
---------------------------------------------------------------------------------------------
                                              0.502085   slack (MET)


Startpoint: _193_ (rising edge-triggered flip-flop clocked by clk_i)
Endpoint: _193_ (rising edge-triggered flip-flop clocked by clk_i)
Path Group: clk_i
Path Type: min

Fanout         Cap        Slew       Delay        Time   Description
---------------------------------------------------------------------------------------------
                                  0.000000    0.000000   clock clk_i (rise edge)
                                  0.000000    0.000000   clock source latency
     1    0.029451    0.044082    0.025766    0.025766 ^ clk_i (in)
                                                         clk_i (net)
                      0.044431    0.000000    0.025766 ^ clkbuf_0_clk_i/A (sg13g2_buf_16)
     8    0.171793    0.056760    0.097119    0.122885 ^ clkbuf_0_clk_i/X (sg13g2_buf_16)
                                                         clknet_0_clk_i (net)
                      0.059378    0.009497    0.132382 ^ clkbuf_3_7__f_clk_i/A (sg13g2_buf_16)
     4    0.017560    0.020294    0.078926    0.211307 ^ clkbuf_3_7__f_clk_i/X (sg13g2_buf_16)
                                                         clknet_3_7__leaf_clk_i (net)
                      0.020295    0.000251    0.211559 ^ _193_/CLK (sg13g2_dfrbpq_1)
     3    0.014115    0.065822    0.195143    0.406702 ^ _193_/Q (sg13g2_dfrbpq_1)
                                                         spm_inst.genblk1[3].csa.sc (net)
                      0.065822    0.000289    0.406990 ^ _146_/A (sg13g2_nor2_1)
     1    0.006669    0.038767    0.057127    0.464117 v _146_/Y (sg13g2_nor2_1)
                                                         _050_ (net)
                      0.038769    0.000253    0.464371 v _149_/A2 (sg13g2_o21ai_1)
     1    0.002580    0.028550    0.077331    0.541702 ^ _149_/Y (sg13g2_o21ai_1)
                                                         _008_ (net)
                      0.028550    0.000042    0.541743 ^ hold78/A (sg13g2_dlygate4sd3_1)
     1    0.003712    0.037037    0.359645    0.901388 ^ hold78/X (sg13g2_dlygate4sd3_1)
                                                         net78 (net)
                      0.037037    0.000099    0.901487 ^ _193_/D (sg13g2_dfrbpq_1)
                                              0.901487   data arrival time

                                  0.000000    0.000000   clock clk_i (rise edge)
                                  0.000000    0.000000   clock source latency
     1    0.029451    0.044082    0.025766    0.025766 ^ clk_i (in)
                                                         clk_i (net)
                      0.044431    0.000000    0.025766 ^ clkbuf_0_clk_i/A (sg13g2_buf_16)
     8    0.171793    0.056760    0.097119    0.122885 ^ clkbuf_0_clk_i/X (sg13g2_buf_16)
                                                         clknet_0_clk_i (net)
                      0.059378    0.009497    0.132382 ^ clkbuf_3_7__f_clk_i/A (sg13g2_buf_16)
     4    0.017560    0.020294    0.078926    0.211307 ^ clkbuf_3_7__f_clk_i/X (sg13g2_buf_16)
                                                         clknet_3_7__leaf_clk_i (net)
                      0.020295    0.000251    0.211559 ^ _193_/CLK (sg13g2_dfrbpq_1)
                                  0.250000    0.461559   clock uncertainty
                                  0.000000    0.461559   clock reconvergence pessimism
                                 -0.063530    0.398028   library hold time
                                              0.398028   data required time
---------------------------------------------------------------------------------------------
                                              0.398028   data required time
                                             -0.901487   data arrival time
---------------------------------------------------------------------------------------------
                                              0.503458   slack (MET)


Startpoint: _194_ (rising edge-triggered flip-flop clocked by clk_i)
Endpoint: _195_ (rising edge-triggered flip-flop clocked by clk_i)
Path Group: clk_i
Path Type: min

Fanout         Cap        Slew       Delay        Time   Description
---------------------------------------------------------------------------------------------
                                  0.000000    0.000000   clock clk_i (rise edge)
                                  0.000000    0.000000   clock source latency
     1    0.029451    0.044082    0.025766    0.025766 ^ clk_i (in)
                                                         clk_i (net)
                      0.044431    0.000000    0.025766 ^ clkbuf_0_clk_i/A (sg13g2_buf_16)
     8    0.171793    0.056760    0.097119    0.122885 ^ clkbuf_0_clk_i/X (sg13g2_buf_16)
                                                         clknet_0_clk_i (net)
                      0.059378    0.009497    0.132382 ^ clkbuf_3_7__f_clk_i/A (sg13g2_buf_16)
     4    0.017560    0.020294    0.078926    0.211307 ^ clkbuf_3_7__f_clk_i/X (sg13g2_buf_16)
                                                         clknet_3_7__leaf_clk_i (net)
                      0.020295    0.000161    0.211468 ^ _194_/CLK (sg13g2_dfrbpq_1)
     3    0.011593    0.044005    0.180870    0.392338 v _194_/Q (sg13g2_dfrbpq_1)
                                                         spm_inst.genblk1[2].csa.y (net)
                      0.044005    0.000161    0.392499 v _152_/B (sg13g2_nor2_1)
     1    0.006699    0.074680    0.077516    0.470014 ^ _152_/Y (sg13g2_nor2_1)
                                                         _054_ (net)
                      0.074682    0.000263    0.470277 ^ _155_/A2 (sg13g2_o21ai_1)
     1    0.005185    0.044179    0.075192    0.545469 v _155_/Y (sg13g2_o21ai_1)
                                                         _007_ (net)
                      0.044179    0.000178    0.545648 v hold57/A (sg13g2_dlygate4sd3_1)
     1    0.003308    0.037801    0.381117    0.926765 v hold57/X (sg13g2_dlygate4sd3_1)
                                                         net57 (net)
                      0.037801    0.000066    0.926830 v _195_/D (sg13g2_dfrbpq_1)
                                              0.926830   data arrival time

                                  0.000000    0.000000   clock clk_i (rise edge)
                                  0.000000    0.000000   clock source latency
     1    0.029451    0.044082    0.025766    0.025766 ^ clk_i (in)
                                                         clk_i (net)
                      0.044431    0.000000    0.025766 ^ clkbuf_0_clk_i/A (sg13g2_buf_16)
     8    0.171793    0.056760    0.097119    0.122885 ^ clkbuf_0_clk_i/X (sg13g2_buf_16)
                                                         clknet_0_clk_i (net)
                      0.059378    0.009497    0.132382 ^ clkbuf_3_7__f_clk_i/A (sg13g2_buf_16)
     4    0.017560    0.020294    0.078926    0.211307 ^ clkbuf_3_7__f_clk_i/X (sg13g2_buf_16)
                                                         clknet_3_7__leaf_clk_i (net)
                      0.020296    0.000293    0.211601 ^ _195_/CLK (sg13g2_dfrbpq_1)
                                  0.250000    0.461601   clock uncertainty
                                  0.000000    0.461601   clock reconvergence pessimism
                                 -0.039963    0.421638   library hold time
                                              0.421638   data required time
---------------------------------------------------------------------------------------------
                                              0.421638   data required time
                                             -0.926830   data arrival time
---------------------------------------------------------------------------------------------
                                              0.505193   slack (MET)


Startpoint: _189_ (rising edge-triggered flip-flop clocked by clk_i)
Endpoint: _190_ (rising edge-triggered flip-flop clocked by clk_i)
Path Group: clk_i
Path Type: min

Fanout         Cap        Slew       Delay        Time   Description
---------------------------------------------------------------------------------------------
                                  0.000000    0.000000   clock clk_i (rise edge)
                                  0.000000    0.000000   clock source latency
     1    0.029451    0.044082    0.025766    0.025766 ^ clk_i (in)
                                                         clk_i (net)
                      0.044431    0.000000    0.025766 ^ clkbuf_0_clk_i/A (sg13g2_buf_16)
     8    0.171793    0.056760    0.097119    0.122885 ^ clkbuf_0_clk_i/X (sg13g2_buf_16)
                                                         clknet_0_clk_i (net)
                      0.058421    0.007586    0.130470 ^ clkbuf_3_2__f_clk_i/A (sg13g2_buf_16)
     4    0.021648    0.021180    0.079236    0.209707 ^ clkbuf_3_2__f_clk_i/X (sg13g2_buf_16)
                                                         clknet_3_2__leaf_clk_i (net)
                      0.021183    0.000520    0.210226 ^ _189_/CLK (sg13g2_dfrbpq_1)
     1    0.003634    0.026491    0.165209    0.375435 ^ _189_/Q (sg13g2_dfrbpq_1)
                                                         spm_inst.genblk1[5].csa.sc (net)
                      0.026491    0.000092    0.375528 ^ hold64/A (sg13g2_dlygate4sd3_1)
     3    0.016498    0.085409    0.402699    0.778227 ^ hold64/X (sg13g2_dlygate4sd3_1)
                                                         net64 (net)
                      0.085412    0.000596    0.778822 ^ _135_/A (sg13g2_xor2_1)
     1    0.006319    0.036542    0.093277    0.872100 v _135_/X (sg13g2_xor2_1)
                                                         _043_ (net)
                      0.036542    0.000130    0.872229 v _136_/B (sg13g2_xnor2_1)
     1    0.003330    0.034351    0.057807    0.930036 v _136_/Y (sg13g2_xnor2_1)
                                                         spm_inst.genblk1[5].csa.hsum2 (net)
                      0.034351    0.000077    0.930113 v _190_/D (sg13g2_dfrbpq_1)
                                              0.930113   data arrival time

                                  0.000000    0.000000   clock clk_i (rise edge)
                                  0.000000    0.000000   clock source latency
     1    0.029451    0.044082    0.025766    0.025766 ^ clk_i (in)
                                                         clk_i (net)
                      0.044431    0.000000    0.025766 ^ clkbuf_0_clk_i/A (sg13g2_buf_16)
     8    0.171793    0.056760    0.097119    0.122885 ^ clkbuf_0_clk_i/X (sg13g2_buf_16)
                                                         clknet_0_clk_i (net)
                      0.058916    0.008624    0.131508 ^ clkbuf_3_3__f_clk_i/A (sg13g2_buf_16)
     4    0.020712    0.020991    0.079248    0.210757 ^ clkbuf_3_3__f_clk_i/X (sg13g2_buf_16)
                                                         clknet_3_3__leaf_clk_i (net)
                      0.020998    0.000718    0.211475 ^ _190_/CLK (sg13g2_dfrbpq_1)
                                  0.250000    0.461475   clock uncertainty
                                  0.000000    0.461475   clock reconvergence pessimism
                                 -0.038724    0.422751   library hold time
                                              0.422751   data required time
---------------------------------------------------------------------------------------------
                                              0.422751   data required time
                                             -0.930113   data arrival time
---------------------------------------------------------------------------------------------
                                              0.507362   slack (MET)


Startpoint: _182_ (rising edge-triggered flip-flop clocked by clk_i)
Endpoint: _184_ (rising edge-triggered flip-flop clocked by clk_i)
Path Group: clk_i
Path Type: min

Fanout         Cap        Slew       Delay        Time   Description
---------------------------------------------------------------------------------------------
                                  0.000000    0.000000   clock clk_i (rise edge)
                                  0.000000    0.000000   clock source latency
     1    0.029451    0.044082    0.025766    0.025766 ^ clk_i (in)
                                                         clk_i (net)
                      0.044431    0.000000    0.025766 ^ clkbuf_0_clk_i/A (sg13g2_buf_16)
     8    0.171793    0.056760    0.097119    0.122885 ^ clkbuf_0_clk_i/X (sg13g2_buf_16)
                                                         clknet_0_clk_i (net)
                      0.058490    0.007738    0.130623 ^ clkbuf_3_4__f_clk_i/A (sg13g2_buf_16)
     4    0.021455    0.021143    0.079155    0.209779 ^ clkbuf_3_4__f_clk_i/X (sg13g2_buf_16)
                                                         clknet_3_4__leaf_clk_i (net)
                      0.021150    0.000690    0.210468 ^ _182_/CLK (sg13g2_dfrbpq_1)
     3    0.014539    0.052811    0.188320    0.398788 v _182_/Q (sg13g2_dfrbpq_1)
                                                         spm_inst.genblk1[8].csa.y (net)
                      0.052815    0.000492    0.399280 v hold91/A (sg13g2_dlygate4sd3_1)
     1    0.006549    0.046609    0.397149    0.796429 v hold91/X (sg13g2_dlygate4sd3_1)
                                                         net91 (net)
                      0.046609    0.000153    0.796582 v _117_/B (sg13g2_xor2_1)
     1    0.007528    0.039754    0.078537    0.875118 v _117_/X (sg13g2_xor2_1)
                                                         _031_ (net)
                      0.039754    0.000228    0.875347 v _118_/B (sg13g2_xnor2_1)
     1    0.002986    0.032876    0.057412    0.932759 v _118_/Y (sg13g2_xnor2_1)
                                                         spm_inst.genblk1[8].csa.hsum2 (net)
                      0.032876    0.000060    0.932818 v _184_/D (sg13g2_dfrbpq_1)
                                              0.932818   data arrival time

                                  0.000000    0.000000   clock clk_i (rise edge)
                                  0.000000    0.000000   clock source latency
     1    0.029451    0.044082    0.025766    0.025766 ^ clk_i (in)
                                                         clk_i (net)
                      0.044431    0.000000    0.025766 ^ clkbuf_0_clk_i/A (sg13g2_buf_16)
     8    0.171793    0.056760    0.097119    0.122885 ^ clkbuf_0_clk_i/X (sg13g2_buf_16)
                                                         clknet_0_clk_i (net)
                      0.059412    0.009559    0.132444 ^ clkbuf_3_6__f_clk_i/A (sg13g2_buf_16)
     4    0.020398    0.020942    0.079469    0.211913 ^ clkbuf_3_6__f_clk_i/X (sg13g2_buf_16)
                                                         clknet_3_6__leaf_clk_i (net)
                      0.020945    0.000473    0.212386 ^ _184_/CLK (sg13g2_dfrbpq_1)
                                  0.250000    0.462386   clock uncertainty
                                  0.000000    0.462386   clock reconvergence pessimism
                                 -0.038267    0.424119   library hold time
                                              0.424119   data required time
---------------------------------------------------------------------------------------------
                                              0.424119   data required time
                                             -0.932818   data arrival time
---------------------------------------------------------------------------------------------
                                              0.508699   slack (MET)


Startpoint: _172_ (rising edge-triggered flip-flop clocked by clk_i)
Endpoint: _173_ (rising edge-triggered flip-flop clocked by clk_i)
Path Group: clk_i
Path Type: min

Fanout         Cap        Slew       Delay        Time   Description
---------------------------------------------------------------------------------------------
                                  0.000000    0.000000   clock clk_i (rise edge)
                                  0.000000    0.000000   clock source latency
     1    0.029451    0.044082    0.025766    0.025766 ^ clk_i (in)
                                                         clk_i (net)
                      0.044431    0.000000    0.025766 ^ clkbuf_0_clk_i/A (sg13g2_buf_16)
     8    0.171793    0.056760    0.097119    0.122885 ^ clkbuf_0_clk_i/X (sg13g2_buf_16)
                                                         clknet_0_clk_i (net)
                      0.058203    0.007086    0.129971 ^ clkbuf_3_0__f_clk_i/A (sg13g2_buf_16)
     4    0.020709    0.020956    0.078952    0.208922 ^ clkbuf_3_0__f_clk_i/X (sg13g2_buf_16)
                                                         clknet_3_0__leaf_clk_i (net)
                      0.020961    0.000589    0.209512 ^ _172_/CLK (sg13g2_dfrbpq_1)
     3    0.012981    0.048144    0.184499    0.394011 v _172_/Q (sg13g2_dfrbpq_1)
                                                         spm_inst.genblk1[13].csa.y (net)
                      0.048146    0.000360    0.394371 v _086_/B (sg13g2_nor2_1)
     1    0.007138    0.078687    0.081575    0.475946 ^ _086_/Y (sg13g2_nor2_1)
                                                         _071_ (net)
                      0.078688    0.000281    0.476228 ^ _089_/A2 (sg13g2_o21ai_1)
     1    0.005344    0.045183    0.077228    0.553455 v _089_/Y (sg13g2_o21ai_1)
                                                         _004_ (net)
                      0.045183    0.000192    0.553647 v hold54/A (sg13g2_dlygate4sd3_1)
     1    0.002375    0.035237    0.378424    0.932072 v hold54/X (sg13g2_dlygate4sd3_1)
                                                         net54 (net)
                      0.035237    0.000035    0.932107 v _173_/D (sg13g2_dfrbpq_1)
                                              0.932107   data arrival time

                                  0.000000    0.000000   clock clk_i (rise edge)
                                  0.000000    0.000000   clock source latency
     1    0.029451    0.044082    0.025766    0.025766 ^ clk_i (in)
                                                         clk_i (net)
                      0.044431    0.000000    0.025766 ^ clkbuf_0_clk_i/A (sg13g2_buf_16)
     8    0.171793    0.056760    0.097119    0.122885 ^ clkbuf_0_clk_i/X (sg13g2_buf_16)
                                                         clknet_0_clk_i (net)
                      0.058203    0.007086    0.129971 ^ clkbuf_3_0__f_clk_i/A (sg13g2_buf_16)
     4    0.020709    0.020956    0.078952    0.208922 ^ clkbuf_3_0__f_clk_i/X (sg13g2_buf_16)
                                                         clknet_3_0__leaf_clk_i (net)
                      0.020960    0.000514    0.209436 ^ _173_/CLK (sg13g2_dfrbpq_1)
                                  0.250000    0.459436   clock uncertainty
                                  0.000000    0.459436   clock reconvergence pessimism
                                 -0.039012    0.420424   library hold time
                                              0.420424   data required time
---------------------------------------------------------------------------------------------
                                              0.420424   data required time
                                             -0.932107   data arrival time
---------------------------------------------------------------------------------------------
                                              0.511682   slack (MET)


Startpoint: _176_ (rising edge-triggered flip-flop clocked by clk_i)
Endpoint: _177_ (rising edge-triggered flip-flop clocked by clk_i)
Path Group: clk_i
Path Type: min

Fanout         Cap        Slew       Delay        Time   Description
---------------------------------------------------------------------------------------------
                                  0.000000    0.000000   clock clk_i (rise edge)
                                  0.000000    0.000000   clock source latency
     1    0.029451    0.044082    0.025766    0.025766 ^ clk_i (in)
                                                         clk_i (net)
                      0.044431    0.000000    0.025766 ^ clkbuf_0_clk_i/A (sg13g2_buf_16)
     8    0.171793    0.056760    0.097119    0.122885 ^ clkbuf_0_clk_i/X (sg13g2_buf_16)
                                                         clknet_0_clk_i (net)
                      0.058962    0.008713    0.131598 ^ clkbuf_3_1__f_clk_i/A (sg13g2_buf_16)
     4    0.022658    0.021444    0.079580    0.211178 ^ clkbuf_3_1__f_clk_i/X (sg13g2_buf_16)
                                                         clknet_3_1__leaf_clk_i (net)
                      0.021474    0.001490    0.212668 ^ _176_/CLK (sg13g2_dfrbpq_1)
     3    0.015219    0.054862    0.190081    0.402749 v _176_/Q (sg13g2_dfrbpq_1)
                                                         spm_inst.genblk1[11].csa.y (net)
                      0.054867    0.000549    0.403298 v _098_/B (sg13g2_nor2_1)
     1    0.007246    0.080558    0.084503    0.487800 ^ _098_/Y (sg13g2_nor2_1)
                                                         _018_ (net)
                      0.080560    0.000294    0.488094 ^ _101_/A2 (sg13g2_o21ai_1)
     1    0.003957    0.038341    0.071447    0.559541 v _101_/Y (sg13g2_o21ai_1)
                                                         _002_ (net)
                      0.038341    0.000111    0.559652 v hold87/A (sg13g2_dlygate4sd3_1)
     1    0.002707    0.036154    0.375793    0.935445 v hold87/X (sg13g2_dlygate4sd3_1)
                                                         net87 (net)
                      0.036154    0.000048    0.935493 v _177_/D (sg13g2_dfrbpq_1)
                                              0.935493   data arrival time

                                  0.000000    0.000000   clock clk_i (rise edge)
                                  0.000000    0.000000   clock source latency
     1    0.029451    0.044082    0.025766    0.025766 ^ clk_i (in)
                                                         clk_i (net)
                      0.044431    0.000000    0.025766 ^ clkbuf_0_clk_i/A (sg13g2_buf_16)
     8    0.171793    0.056760    0.097119    0.122885 ^ clkbuf_0_clk_i/X (sg13g2_buf_16)
                                                         clknet_0_clk_i (net)
                      0.058962    0.008713    0.131598 ^ clkbuf_3_1__f_clk_i/A (sg13g2_buf_16)
     4    0.022658    0.021444    0.079580    0.211178 ^ clkbuf_3_1__f_clk_i/X (sg13g2_buf_16)
                                                         clknet_3_1__leaf_clk_i (net)
                      0.021467    0.001313    0.212491 ^ _177_/CLK (sg13g2_dfrbpq_1)
                                  0.250000    0.462491   clock uncertainty
                                  0.000000    0.462491   clock reconvergence pessimism
                                 -0.039197    0.423294   library hold time
                                              0.423294   data required time
---------------------------------------------------------------------------------------------
                                              0.423294   data required time
                                             -0.935493   data arrival time
---------------------------------------------------------------------------------------------
                                              0.512200   slack (MET)


Startpoint: _180_ (rising edge-triggered flip-flop clocked by clk_i)
Endpoint: _181_ (rising edge-triggered flip-flop clocked by clk_i)
Path Group: clk_i
Path Type: min

Fanout         Cap        Slew       Delay        Time   Description
---------------------------------------------------------------------------------------------
                                  0.000000    0.000000   clock clk_i (rise edge)
                                  0.000000    0.000000   clock source latency
     1    0.029451    0.044082    0.025766    0.025766 ^ clk_i (in)
                                                         clk_i (net)
                      0.044431    0.000000    0.025766 ^ clkbuf_0_clk_i/A (sg13g2_buf_16)
     8    0.171793    0.056760    0.097119    0.122885 ^ clkbuf_0_clk_i/X (sg13g2_buf_16)
                                                         clknet_0_clk_i (net)
                      0.058490    0.007738    0.130623 ^ clkbuf_3_4__f_clk_i/A (sg13g2_buf_16)
     4    0.021455    0.021143    0.079155    0.209779 ^ clkbuf_3_4__f_clk_i/X (sg13g2_buf_16)
                                                         clknet_3_4__leaf_clk_i (net)
                      0.021162    0.001192    0.210971 ^ _180_/CLK (sg13g2_dfrbpq_1)
     3    0.014786    0.068450    0.197353    0.408324 ^ _180_/Q (sg13g2_dfrbpq_1)
                                                         spm_inst.genblk1[10].csa.sum (net)
                      0.068452    0.000517    0.408841 ^ _110_/B (sg13g2_nor2_1)
     1    0.008678    0.042001    0.058511    0.467352 v _110_/Y (sg13g2_nor2_1)
                                                         _026_ (net)
                      0.042024    0.000428    0.467780 v _113_/A2 (sg13g2_o21ai_1)
     1    0.003606    0.033453    0.085886    0.553666 ^ _113_/Y (sg13g2_o21ai_1)
                                                         _014_ (net)
                      0.033453    0.000091    0.553757 ^ hold81/A (sg13g2_dlygate4sd3_1)
     1    0.002390    0.032444    0.357616    0.911373 ^ hold81/X (sg13g2_dlygate4sd3_1)
                                                         net81 (net)
                      0.032444    0.000036    0.911409 ^ _181_/D (sg13g2_dfrbpq_1)
                                              0.911409   data arrival time

                                  0.000000    0.000000   clock clk_i (rise edge)
                                  0.000000    0.000000   clock source latency
     1    0.029451    0.044082    0.025766    0.025766 ^ clk_i (in)
                                                         clk_i (net)
                      0.044431    0.000000    0.025766 ^ clkbuf_0_clk_i/A (sg13g2_buf_16)
     8    0.171793    0.056760    0.097119    0.122885 ^ clkbuf_0_clk_i/X (sg13g2_buf_16)
                                                         clknet_0_clk_i (net)
                      0.058490    0.007738    0.130623 ^ clkbuf_3_4__f_clk_i/A (sg13g2_buf_16)
     4    0.021455    0.021143    0.079155    0.209779 ^ clkbuf_3_4__f_clk_i/X (sg13g2_buf_16)
                                                         clknet_3_4__leaf_clk_i (net)
                      0.021160    0.001152    0.210931 ^ _181_/CLK (sg13g2_dfrbpq_1)
                                  0.250000    0.460931   clock uncertainty
                                  0.000000    0.460931   clock reconvergence pessimism
                                 -0.062185    0.398746   library hold time
                                              0.398746   data required time
---------------------------------------------------------------------------------------------
                                              0.398746   data required time
                                             -0.911409   data arrival time
---------------------------------------------------------------------------------------------
                                              0.512663   slack (MET)


Startpoint: _186_ (rising edge-triggered flip-flop clocked by clk_i)
Endpoint: _188_ (rising edge-triggered flip-flop clocked by clk_i)
Path Group: clk_i
Path Type: min

Fanout         Cap        Slew       Delay        Time   Description
---------------------------------------------------------------------------------------------
                                  0.000000    0.000000   clock clk_i (rise edge)
                                  0.000000    0.000000   clock source latency
     1    0.029451    0.044082    0.025766    0.025766 ^ clk_i (in)
                                                         clk_i (net)
                      0.044431    0.000000    0.025766 ^ clkbuf_0_clk_i/A (sg13g2_buf_16)
     8    0.171793    0.056760    0.097119    0.122885 ^ clkbuf_0_clk_i/X (sg13g2_buf_16)
                                                         clknet_0_clk_i (net)
                      0.058916    0.008624    0.131508 ^ clkbuf_3_3__f_clk_i/A (sg13g2_buf_16)
     4    0.020712    0.020991    0.079248    0.210757 ^ clkbuf_3_3__f_clk_i/X (sg13g2_buf_16)
                                                         clknet_3_3__leaf_clk_i (net)
                      0.021004    0.001035    0.211791 ^ _186_/CLK (sg13g2_dfrbpq_1)
     3    0.014566    0.052898    0.188296    0.400088 v _186_/Q (sg13g2_dfrbpq_1)
                                                         spm_inst.genblk1[6].csa.y (net)
                      0.052899    0.000329    0.400417 v hold98/A (sg13g2_dlygate4sd3_1)
     1    0.006374    0.046113    0.396589    0.797006 v hold98/X (sg13g2_dlygate4sd3_1)
                                                         net98 (net)
                      0.046113    0.000136    0.797142 v _129_/B (sg13g2_xor2_1)
     1    0.007671    0.040139    0.078955    0.876097 v _129_/X (sg13g2_xor2_1)
                                                         _039_ (net)
                      0.040140    0.000244    0.876341 v _130_/B (sg13g2_xnor2_1)
     1    0.003528    0.035625    0.059914    0.936255 v _130_/Y (sg13g2_xnor2_1)
                                                         spm_inst.genblk1[6].csa.hsum2 (net)
                      0.035625    0.000087    0.936342 v _188_/D (sg13g2_dfrbpq_1)
                                              0.936342   data arrival time

                                  0.000000    0.000000   clock clk_i (rise edge)
                                  0.000000    0.000000   clock source latency
     1    0.029451    0.044082    0.025766    0.025766 ^ clk_i (in)
                                                         clk_i (net)
                      0.044431    0.000000    0.025766 ^ clkbuf_0_clk_i/A (sg13g2_buf_16)
     8    0.171793    0.056760    0.097119    0.122885 ^ clkbuf_0_clk_i/X (sg13g2_buf_16)
                                                         clknet_0_clk_i (net)
                      0.058916    0.008624    0.131508 ^ clkbuf_3_3__f_clk_i/A (sg13g2_buf_16)
     4    0.020712    0.020991    0.079248    0.210757 ^ clkbuf_3_3__f_clk_i/X (sg13g2_buf_16)
                                                         clknet_3_3__leaf_clk_i (net)
                      0.020999    0.000805    0.211562 ^ _188_/CLK (sg13g2_dfrbpq_1)
                                  0.250000    0.461562   clock uncertainty
                                  0.000000    0.461562   clock reconvergence pessimism
                                 -0.039127    0.422435   library hold time
                                              0.422435   data required time
---------------------------------------------------------------------------------------------
                                              0.422435   data required time
                                             -0.936342   data arrival time
---------------------------------------------------------------------------------------------
                                              0.513907   slack (MET)


Startpoint: _190_ (rising edge-triggered flip-flop clocked by clk_i)
Endpoint: _192_ (rising edge-triggered flip-flop clocked by clk_i)
Path Group: clk_i
Path Type: min

Fanout         Cap        Slew       Delay        Time   Description
---------------------------------------------------------------------------------------------
                                  0.000000    0.000000   clock clk_i (rise edge)
                                  0.000000    0.000000   clock source latency
     1    0.029451    0.044082    0.025766    0.025766 ^ clk_i (in)
                                                         clk_i (net)
                      0.044431    0.000000    0.025766 ^ clkbuf_0_clk_i/A (sg13g2_buf_16)
     8    0.171793    0.056760    0.097119    0.122885 ^ clkbuf_0_clk_i/X (sg13g2_buf_16)
                                                         clknet_0_clk_i (net)
                      0.058916    0.008624    0.131508 ^ clkbuf_3_3__f_clk_i/A (sg13g2_buf_16)
     4    0.020712    0.020991    0.079248    0.210757 ^ clkbuf_3_3__f_clk_i/X (sg13g2_buf_16)
                                                         clknet_3_3__leaf_clk_i (net)
                      0.020998    0.000718    0.211475 ^ _190_/CLK (sg13g2_dfrbpq_1)
     3    0.011182    0.042801    0.180186    0.391660 v _190_/Q (sg13g2_dfrbpq_1)
                                                         spm_inst.genblk1[4].csa.y (net)
                      0.042801    0.000102    0.391762 v hold89/A (sg13g2_dlygate4sd3_1)
     1    0.007671    0.049914    0.395474    0.787237 v hold89/X (sg13g2_dlygate4sd3_1)
                                                         net89 (net)
                      0.049914    0.000245    0.787482 v _141_/B (sg13g2_xor2_1)
     1    0.008709    0.043128    0.085151    0.872632 v _141_/X (sg13g2_xor2_1)
                                                         _047_ (net)
                      0.043131    0.000374    0.873007 v _142_/B (sg13g2_xnor2_1)
     1    0.004422    0.040351    0.064872    0.937879 v _142_/Y (sg13g2_xnor2_1)
                                                         spm_inst.genblk1[4].csa.hsum2 (net)
                      0.040351    0.000143    0.938022 v _192_/D (sg13g2_dfrbpq_1)
                                              0.938022   data arrival time

                                  0.000000    0.000000   clock clk_i (rise edge)
                                  0.000000    0.000000   clock source latency
     1    0.029451    0.044082    0.025766    0.025766 ^ clk_i (in)
                                                         clk_i (net)
                      0.044431    0.000000    0.025766 ^ clkbuf_0_clk_i/A (sg13g2_buf_16)
     8    0.171793    0.056760    0.097119    0.122885 ^ clkbuf_0_clk_i/X (sg13g2_buf_16)
                                                         clknet_0_clk_i (net)
                      0.059412    0.009559    0.132444 ^ clkbuf_3_6__f_clk_i/A (sg13g2_buf_16)
     4    0.020398    0.020942    0.079469    0.211913 ^ clkbuf_3_6__f_clk_i/X (sg13g2_buf_16)
                                                         clknet_3_6__leaf_clk_i (net)
                      0.020948    0.000652    0.212566 ^ _192_/CLK (sg13g2_dfrbpq_1)
                                  0.250000    0.462566   clock uncertainty
                                  0.000000    0.462566   clock reconvergence pessimism
                                 -0.040635    0.421931   library hold time
                                              0.421931   data required time
---------------------------------------------------------------------------------------------
                                              0.421931   data required time
                                             -0.938022   data arrival time
---------------------------------------------------------------------------------------------
                                              0.516091   slack (MET)


Startpoint: _174_ (rising edge-triggered flip-flop clocked by clk_i)
Endpoint: _175_ (rising edge-triggered flip-flop clocked by clk_i)
Path Group: clk_i
Path Type: min

Fanout         Cap        Slew       Delay        Time   Description
---------------------------------------------------------------------------------------------
                                  0.000000    0.000000   clock clk_i (rise edge)
                                  0.000000    0.000000   clock source latency
     1    0.029451    0.044082    0.025766    0.025766 ^ clk_i (in)
                                                         clk_i (net)
                      0.044431    0.000000    0.025766 ^ clkbuf_0_clk_i/A (sg13g2_buf_16)
     8    0.171793    0.056760    0.097119    0.122885 ^ clkbuf_0_clk_i/X (sg13g2_buf_16)
                                                         clknet_0_clk_i (net)
                      0.058203    0.007086    0.129971 ^ clkbuf_3_0__f_clk_i/A (sg13g2_buf_16)
     4    0.020709    0.020956    0.078952    0.208922 ^ clkbuf_3_0__f_clk_i/X (sg13g2_buf_16)
                                                         clknet_3_0__leaf_clk_i (net)
                      0.020958    0.000338    0.209261 ^ _174_/CLK (sg13g2_dfrbpq_1)
     3    0.015945    0.072910    0.200679    0.409940 ^ _174_/Q (sg13g2_dfrbpq_1)
                                                         spm_inst.genblk1[12].csa.y (net)
                      0.072912    0.000508    0.410448 ^ _092_/B (sg13g2_nor2_1)
     1    0.007292    0.038644    0.056021    0.466469 v _092_/Y (sg13g2_nor2_1)
                                                         _075_ (net)
                      0.038645    0.000276    0.466744 v _095_/A2 (sg13g2_o21ai_1)
     1    0.003635    0.032723    0.084785    0.551529 ^ _095_/Y (sg13g2_o21ai_1)
                                                         _003_ (net)
                      0.032723    0.000092    0.551622 ^ hold48/A (sg13g2_dlygate4sd3_1)
     1    0.004082    0.038315    0.363097    0.914719 ^ hold48/X (sg13g2_dlygate4sd3_1)
                                                         net48 (net)
                      0.038315    0.000121    0.914840 ^ _175_/D (sg13g2_dfrbpq_1)
                                              0.914840   data arrival time

                                  0.000000    0.000000   clock clk_i (rise edge)
                                  0.000000    0.000000   clock source latency
     1    0.029451    0.044082    0.025766    0.025766 ^ clk_i (in)
                                                         clk_i (net)
                      0.044431    0.000000    0.025766 ^ clkbuf_0_clk_i/A (sg13g2_buf_16)
     8    0.171793    0.056760    0.097119    0.122885 ^ clkbuf_0_clk_i/X (sg13g2_buf_16)
                                                         clknet_0_clk_i (net)
                      0.058203    0.007086    0.129971 ^ clkbuf_3_0__f_clk_i/A (sg13g2_buf_16)
     4    0.020709    0.020956    0.078952    0.208922 ^ clkbuf_3_0__f_clk_i/X (sg13g2_buf_16)
                                                         clknet_3_0__leaf_clk_i (net)
                      0.020960    0.000533    0.209455 ^ _175_/CLK (sg13g2_dfrbpq_1)
                                  0.250000    0.459455   clock uncertainty
                                  0.000000    0.459455   clock reconvergence pessimism
                                 -0.063807    0.395648   library hold time
                                              0.395648   data required time
---------------------------------------------------------------------------------------------
                                              0.395648   data required time
                                             -0.914840   data arrival time
---------------------------------------------------------------------------------------------
                                              0.519192   slack (MET)


Startpoint: _176_ (rising edge-triggered flip-flop clocked by clk_i)
Endpoint: _178_ (rising edge-triggered flip-flop clocked by clk_i)
Path Group: clk_i
Path Type: min

Fanout         Cap        Slew       Delay        Time   Description
---------------------------------------------------------------------------------------------
                                  0.000000    0.000000   clock clk_i (rise edge)
                                  0.000000    0.000000   clock source latency
     1    0.029451    0.044082    0.025766    0.025766 ^ clk_i (in)
                                                         clk_i (net)
                      0.044431    0.000000    0.025766 ^ clkbuf_0_clk_i/A (sg13g2_buf_16)
     8    0.171793    0.056760    0.097119    0.122885 ^ clkbuf_0_clk_i/X (sg13g2_buf_16)
                                                         clknet_0_clk_i (net)
                      0.058962    0.008713    0.131598 ^ clkbuf_3_1__f_clk_i/A (sg13g2_buf_16)
     4    0.022658    0.021444    0.079580    0.211178 ^ clkbuf_3_1__f_clk_i/X (sg13g2_buf_16)
                                                         clknet_3_1__leaf_clk_i (net)
                      0.021474    0.001490    0.212668 ^ _176_/CLK (sg13g2_dfrbpq_1)
     3    0.015219    0.054862    0.190081    0.402749 v _176_/Q (sg13g2_dfrbpq_1)
                                                         spm_inst.genblk1[11].csa.y (net)
                      0.054870    0.000665    0.403414 v hold96/A (sg13g2_dlygate4sd3_1)
     1    0.006221    0.045687    0.397154    0.800568 v hold96/X (sg13g2_dlygate4sd3_1)
                                                         net96 (net)
                      0.045688    0.000121    0.800689 v _099_/B (sg13g2_xor2_1)
     1    0.007637    0.040035    0.078622    0.879311 v _099_/X (sg13g2_xor2_1)
                                                         _019_ (net)
                      0.040036    0.000240    0.879551 v _100_/B (sg13g2_xnor2_1)
     1    0.004116    0.038569    0.062448    0.941999 v _100_/Y (sg13g2_xnor2_1)
                                                         spm_inst.genblk1[11].csa.hsum2 (net)
                      0.038569    0.000122    0.942121 v _178_/D (sg13g2_dfrbpq_1)
                                              0.942121   data arrival time

                                  0.000000    0.000000   clock clk_i (rise edge)
                                  0.000000    0.000000   clock source latency
     1    0.029451    0.044082    0.025766    0.025766 ^ clk_i (in)
                                                         clk_i (net)
                      0.044431    0.000000    0.025766 ^ clkbuf_0_clk_i/A (sg13g2_buf_16)
     8    0.171793    0.056760    0.097119    0.122885 ^ clkbuf_0_clk_i/X (sg13g2_buf_16)
                                                         clknet_0_clk_i (net)
                      0.058962    0.008713    0.131598 ^ clkbuf_3_1__f_clk_i/A (sg13g2_buf_16)
     4    0.022658    0.021444    0.079580    0.211178 ^ clkbuf_3_1__f_clk_i/X (sg13g2_buf_16)
                                                         clknet_3_1__leaf_clk_i (net)
                      0.021461    0.001133    0.212311 ^ _178_/CLK (sg13g2_dfrbpq_1)
                                  0.250000    0.462311   clock uncertainty
                                  0.000000    0.462311   clock reconvergence pessimism
                                 -0.039964    0.422347   library hold time
                                              0.422347   data required time
---------------------------------------------------------------------------------------------
                                              0.422347   data required time
                                             -0.942121   data arrival time
---------------------------------------------------------------------------------------------
                                              0.519774   slack (MET)


Startpoint: _198_ (rising edge-triggered flip-flop clocked by clk_i)
Endpoint: _202_ (rising edge-triggered flip-flop clocked by clk_i)
Path Group: clk_i
Path Type: min

Fanout         Cap        Slew       Delay        Time   Description
---------------------------------------------------------------------------------------------
                                  0.000000    0.000000   clock clk_i (rise edge)
                                  0.000000    0.000000   clock source latency
     1    0.029451    0.044082    0.025766    0.025766 ^ clk_i (in)
                                                         clk_i (net)
                      0.044431    0.000000    0.025766 ^ clkbuf_0_clk_i/A (sg13g2_buf_16)
     8    0.171793    0.056760    0.097119    0.122885 ^ clkbuf_0_clk_i/X (sg13g2_buf_16)
                                                         clknet_0_clk_i (net)
                      0.059161    0.009095    0.131980 ^ clkbuf_3_5__f_clk_i/A (sg13g2_buf_16)
     4    0.018613    0.020523    0.079010    0.210990 ^ clkbuf_3_5__f_clk_i/X (sg13g2_buf_16)
                                                         clknet_3_5__leaf_clk_i (net)
                      0.020525    0.000418    0.211408 ^ _198_/CLK (sg13g2_dfrbpq_1)
     3    0.014998    0.054256    0.188948    0.400357 v _198_/Q (sg13g2_dfrbpq_1)
                                                         spm_inst.csa0.y (net)
                      0.054260    0.000480    0.400837 v hold100/A (sg13g2_dlygate4sd3_1)
     1    0.009003    0.054066    0.406373    0.807210 v hold100/X (sg13g2_dlygate4sd3_1)
                                                         net100 (net)
                      0.054066    0.000414    0.807624 v _168_/B (sg13g2_xor2_1)
     1    0.006535    0.037210    0.077258    0.884882 v _168_/X (sg13g2_xor2_1)
                                                         _064_ (net)
                      0.037211    0.000150    0.885032 v _169_/B (sg13g2_xnor2_1)
     1    0.003254    0.034021    0.057706    0.942738 v _169_/Y (sg13g2_xnor2_1)
                                                         spm_inst.csa0.hsum2 (net)
                      0.034021    0.000074    0.942812 v _202_/D (sg13g2_dfrbpq_1)
                                              0.942812   data arrival time

                                  0.000000    0.000000   clock clk_i (rise edge)
                                  0.000000    0.000000   clock source latency
     1    0.029451    0.044082    0.025766    0.025766 ^ clk_i (in)
                                                         clk_i (net)
                      0.044431    0.000000    0.025766 ^ clkbuf_0_clk_i/A (sg13g2_buf_16)
     8    0.171793    0.056760    0.097119    0.122885 ^ clkbuf_0_clk_i/X (sg13g2_buf_16)
                                                         clknet_0_clk_i (net)
                      0.059161    0.009095    0.131980 ^ clkbuf_3_5__f_clk_i/A (sg13g2_buf_16)
     4    0.018613    0.020523    0.079010    0.210990 ^ clkbuf_3_5__f_clk_i/X (sg13g2_buf_16)
                                                         clknet_3_5__leaf_clk_i (net)
                      0.020525    0.000382    0.211372 ^ _202_/CLK (sg13g2_dfrbpq_1)
                                  0.250000    0.461372   clock uncertainty
                                  0.000000    0.461372   clock reconvergence pessimism
                                 -0.038717    0.422655   library hold time
                                              0.422655   data required time
---------------------------------------------------------------------------------------------
                                              0.422655   data required time
                                             -0.942812   data arrival time
---------------------------------------------------------------------------------------------
                                              0.520157   slack (MET)


Startpoint: _182_ (rising edge-triggered flip-flop clocked by clk_i)
Endpoint: _183_ (rising edge-triggered flip-flop clocked by clk_i)
Path Group: clk_i
Path Type: min

Fanout         Cap        Slew       Delay        Time   Description
---------------------------------------------------------------------------------------------
                                  0.000000    0.000000   clock clk_i (rise edge)
                                  0.000000    0.000000   clock source latency
     1    0.029451    0.044082    0.025766    0.025766 ^ clk_i (in)
                                                         clk_i (net)
                      0.044431    0.000000    0.025766 ^ clkbuf_0_clk_i/A (sg13g2_buf_16)
     8    0.171793    0.056760    0.097119    0.122885 ^ clkbuf_0_clk_i/X (sg13g2_buf_16)
                                                         clknet_0_clk_i (net)
                      0.058490    0.007738    0.130623 ^ clkbuf_3_4__f_clk_i/A (sg13g2_buf_16)
     4    0.021455    0.021143    0.079155    0.209779 ^ clkbuf_3_4__f_clk_i/X (sg13g2_buf_16)
                                                         clknet_3_4__leaf_clk_i (net)
                      0.021150    0.000690    0.210468 ^ _182_/CLK (sg13g2_dfrbpq_1)
     3    0.014539    0.052811    0.188320    0.398788 v _182_/Q (sg13g2_dfrbpq_1)
                                                         spm_inst.genblk1[8].csa.y (net)
                      0.052817    0.000567    0.399356 v _116_/B (sg13g2_nor2_1)
     1    0.007381    0.081229    0.084649    0.484004 ^ _116_/Y (sg13g2_nor2_1)
                                                         _030_ (net)
                      0.081229    0.000262    0.484266 ^ _119_/A2 (sg13g2_o21ai_1)
     1    0.005789    0.049082    0.080104    0.564370 v _119_/Y (sg13g2_o21ai_1)
                                                         _013_ (net)
                      0.049082    0.000229    0.564599 v hold75/A (sg13g2_dlygate4sd3_1)
     1    0.002375    0.035237    0.380581    0.945180 v hold75/X (sg13g2_dlygate4sd3_1)
                                                         net75 (net)
                      0.035237    0.000035    0.945215 v _183_/D (sg13g2_dfrbpq_1)
                                              0.945215   data arrival time

                                  0.000000    0.000000   clock clk_i (rise edge)
                                  0.000000    0.000000   clock source latency
     1    0.029451    0.044082    0.025766    0.025766 ^ clk_i (in)
                                                         clk_i (net)
                      0.044431    0.000000    0.025766 ^ clkbuf_0_clk_i/A (sg13g2_buf_16)
     8    0.171793    0.056760    0.097119    0.122885 ^ clkbuf_0_clk_i/X (sg13g2_buf_16)
                                                         clknet_0_clk_i (net)
                      0.059412    0.009559    0.132444 ^ clkbuf_3_6__f_clk_i/A (sg13g2_buf_16)
     4    0.020398    0.020942    0.079469    0.211913 ^ clkbuf_3_6__f_clk_i/X (sg13g2_buf_16)
                                                         clknet_3_6__leaf_clk_i (net)
                      0.020945    0.000416    0.212330 ^ _183_/CLK (sg13g2_dfrbpq_1)
                                  0.250000    0.462330   clock uncertainty
                                  0.000000    0.462330   clock reconvergence pessimism
                                 -0.039015    0.423314   library hold time
                                              0.423314   data required time
---------------------------------------------------------------------------------------------
                                              0.423314   data required time
                                             -0.945215   data arrival time
---------------------------------------------------------------------------------------------
                                              0.521901   slack (MET)


Startpoint: _174_ (rising edge-triggered flip-flop clocked by clk_i)
Endpoint: _176_ (rising edge-triggered flip-flop clocked by clk_i)
Path Group: clk_i
Path Type: min

Fanout         Cap        Slew       Delay        Time   Description
---------------------------------------------------------------------------------------------
                                  0.000000    0.000000   clock clk_i (rise edge)
                                  0.000000    0.000000   clock source latency
     1    0.029451    0.044082    0.025766    0.025766 ^ clk_i (in)
                                                         clk_i (net)
                      0.044431    0.000000    0.025766 ^ clkbuf_0_clk_i/A (sg13g2_buf_16)
     8    0.171793    0.056760    0.097119    0.122885 ^ clkbuf_0_clk_i/X (sg13g2_buf_16)
                                                         clknet_0_clk_i (net)
                      0.058203    0.007086    0.129971 ^ clkbuf_3_0__f_clk_i/A (sg13g2_buf_16)
     4    0.020709    0.020956    0.078952    0.208922 ^ clkbuf_3_0__f_clk_i/X (sg13g2_buf_16)
                                                         clknet_3_0__leaf_clk_i (net)
                      0.020958    0.000338    0.209261 ^ _174_/CLK (sg13g2_dfrbpq_1)
     3    0.015599    0.055968    0.190824    0.400085 v _174_/Q (sg13g2_dfrbpq_1)
                                                         spm_inst.genblk1[12].csa.y (net)
                      0.055969    0.000356    0.400441 v hold93/A (sg13g2_dlygate4sd3_1)
     1    0.007433    0.049201    0.401940    0.802381 v hold93/X (sg13g2_dlygate4sd3_1)
                                                         net93 (net)
                      0.049201    0.000219    0.802600 v _093_/B (sg13g2_xor2_1)
     1    0.006834    0.037911    0.076565    0.879165 v _093_/X (sg13g2_xor2_1)
                                                         _076_ (net)
                      0.037912    0.000154    0.879319 v _094_/B (sg13g2_xnor2_1)
     1    0.004831    0.042066    0.064826    0.944146 v _094_/Y (sg13g2_xnor2_1)
                                                         spm_inst.genblk1[12].csa.hsum2 (net)
                      0.042066    0.000129    0.944275 v _176_/D (sg13g2_dfrbpq_1)
                                              0.944275   data arrival time

                                  0.000000    0.000000   clock clk_i (rise edge)
                                  0.000000    0.000000   clock source latency
     1    0.029451    0.044082    0.025766    0.025766 ^ clk_i (in)
                                                         clk_i (net)
                      0.044431    0.000000    0.025766 ^ clkbuf_0_clk_i/A (sg13g2_buf_16)
     8    0.171793    0.056760    0.097119    0.122885 ^ clkbuf_0_clk_i/X (sg13g2_buf_16)
                                                         clknet_0_clk_i (net)
                      0.058962    0.008713    0.131598 ^ clkbuf_3_1__f_clk_i/A (sg13g2_buf_16)
     4    0.022658    0.021444    0.079580    0.211178 ^ clkbuf_3_1__f_clk_i/X (sg13g2_buf_16)
                                                         clknet_3_1__leaf_clk_i (net)
                      0.021474    0.001490    0.212668 ^ _176_/CLK (sg13g2_dfrbpq_1)
                                  0.250000    0.462668   clock uncertainty
                                  0.000000    0.462668   clock reconvergence pessimism
                                 -0.041069    0.421598   library hold time
                                              0.421598   data required time
---------------------------------------------------------------------------------------------
                                              0.421598   data required time
                                             -0.944275   data arrival time
---------------------------------------------------------------------------------------------
                                              0.522677   slack (MET)


Startpoint: _186_ (rising edge-triggered flip-flop clocked by clk_i)
Endpoint: _187_ (rising edge-triggered flip-flop clocked by clk_i)
Path Group: clk_i
Path Type: min

Fanout         Cap        Slew       Delay        Time   Description
---------------------------------------------------------------------------------------------
                                  0.000000    0.000000   clock clk_i (rise edge)
                                  0.000000    0.000000   clock source latency
     1    0.029451    0.044082    0.025766    0.025766 ^ clk_i (in)
                                                         clk_i (net)
                      0.044431    0.000000    0.025766 ^ clkbuf_0_clk_i/A (sg13g2_buf_16)
     8    0.171793    0.056760    0.097119    0.122885 ^ clkbuf_0_clk_i/X (sg13g2_buf_16)
                                                         clknet_0_clk_i (net)
                      0.058916    0.008624    0.131508 ^ clkbuf_3_3__f_clk_i/A (sg13g2_buf_16)
     4    0.020712    0.020991    0.079248    0.210757 ^ clkbuf_3_3__f_clk_i/X (sg13g2_buf_16)
                                                         clknet_3_3__leaf_clk_i (net)
                      0.021004    0.001035    0.211791 ^ _186_/CLK (sg13g2_dfrbpq_1)
     3    0.014566    0.052898    0.188296    0.400088 v _186_/Q (sg13g2_dfrbpq_1)
                                                         spm_inst.genblk1[6].csa.y (net)
                      0.052906    0.000642    0.400730 v _128_/B (sg13g2_nor2_1)
     1    0.007051    0.078771    0.082637    0.483366 ^ _128_/Y (sg13g2_nor2_1)
                                                         _038_ (net)
                      0.078773    0.000301    0.483667 ^ _131_/A2 (sg13g2_o21ai_1)
     1    0.004395    0.041261    0.072898    0.556565 v _131_/Y (sg13g2_o21ai_1)
                                                         _011_ (net)
                      0.041261    0.000126    0.556691 v hold63/A (sg13g2_dlygate4sd3_1)
     1    0.005358    0.042980    0.386610    0.943301 v hold63/X (sg13g2_dlygate4sd3_1)
                                                         net63 (net)
                      0.042980    0.000201    0.943502 v _187_/D (sg13g2_dfrbpq_1)
                                              0.943502   data arrival time

                                  0.000000    0.000000   clock clk_i (rise edge)
                                  0.000000    0.000000   clock source latency
     1    0.029451    0.044082    0.025766    0.025766 ^ clk_i (in)
                                                         clk_i (net)
                      0.044431    0.000000    0.025766 ^ clkbuf_0_clk_i/A (sg13g2_buf_16)
     8    0.171793    0.056760    0.097119    0.122885 ^ clkbuf_0_clk_i/X (sg13g2_buf_16)
                                                         clknet_0_clk_i (net)
                      0.058916    0.008624    0.131508 ^ clkbuf_3_3__f_clk_i/A (sg13g2_buf_16)
     4    0.020712    0.020991    0.079248    0.210757 ^ clkbuf_3_3__f_clk_i/X (sg13g2_buf_16)
                                                         clknet_3_3__leaf_clk_i (net)
                      0.021003    0.000975    0.211732 ^ _187_/CLK (sg13g2_dfrbpq_1)
                                  0.250000    0.461732   clock uncertainty
                                  0.000000    0.461732   clock reconvergence pessimism
                                 -0.041457    0.420275   library hold time
                                              0.420275   data required time
---------------------------------------------------------------------------------------------
                                              0.420275   data required time
                                             -0.943502   data arrival time
---------------------------------------------------------------------------------------------
                                              0.523226   slack (MET)


Startpoint: _198_ (rising edge-triggered flip-flop clocked by clk_i)
Endpoint: _201_ (rising edge-triggered flip-flop clocked by clk_i)
Path Group: clk_i
Path Type: min

Fanout         Cap        Slew       Delay        Time   Description
---------------------------------------------------------------------------------------------
                                  0.000000    0.000000   clock clk_i (rise edge)
                                  0.000000    0.000000   clock source latency
     1    0.029451    0.044082    0.025766    0.025766 ^ clk_i (in)
                                                         clk_i (net)
                      0.044431    0.000000    0.025766 ^ clkbuf_0_clk_i/A (sg13g2_buf_16)
     8    0.171793    0.056760    0.097119    0.122885 ^ clkbuf_0_clk_i/X (sg13g2_buf_16)
                                                         clknet_0_clk_i (net)
                      0.059161    0.009095    0.131980 ^ clkbuf_3_5__f_clk_i/A (sg13g2_buf_16)
     4    0.018613    0.020523    0.079010    0.210990 ^ clkbuf_3_5__f_clk_i/X (sg13g2_buf_16)
                                                         clknet_3_5__leaf_clk_i (net)
                      0.020525    0.000418    0.211408 ^ _198_/CLK (sg13g2_dfrbpq_1)
     3    0.014998    0.054256    0.188948    0.400357 v _198_/Q (sg13g2_dfrbpq_1)
                                                         spm_inst.csa0.y (net)
                      0.054276    0.000973    0.401330 v _167_/B (sg13g2_nor2_1)
     1    0.006989    0.078515    0.082725    0.484055 ^ _167_/Y (sg13g2_nor2_1)
                                                         _063_ (net)
                      0.078517    0.000273    0.484328 ^ _170_/A2 (sg13g2_o21ai_1)
     1    0.004351    0.040775    0.072615    0.556944 v _170_/Y (sg13g2_o21ai_1)
                                                         _000_ (net)
                      0.040775    0.000120    0.557063 v hold72/A (sg13g2_dlygate4sd3_1)
     1    0.005560    0.043466    0.387042    0.944106 v hold72/X (sg13g2_dlygate4sd3_1)
                                                         net72 (net)
                      0.043466    0.000211    0.944317 v _201_/D (sg13g2_dfrbpq_1)
                                              0.944317   data arrival time

                                  0.000000    0.000000   clock clk_i (rise edge)
                                  0.000000    0.000000   clock source latency
     1    0.029451    0.044082    0.025766    0.025766 ^ clk_i (in)
                                                         clk_i (net)
                      0.044431    0.000000    0.025766 ^ clkbuf_0_clk_i/A (sg13g2_buf_16)
     8    0.171793    0.056760    0.097119    0.122885 ^ clkbuf_0_clk_i/X (sg13g2_buf_16)
                                                         clknet_0_clk_i (net)
                      0.059161    0.009095    0.131980 ^ clkbuf_3_5__f_clk_i/A (sg13g2_buf_16)
     4    0.018613    0.020523    0.079010    0.210990 ^ clkbuf_3_5__f_clk_i/X (sg13g2_buf_16)
                                                         clknet_3_5__leaf_clk_i (net)
                      0.020525    0.000429    0.211419 ^ _201_/CLK (sg13g2_dfrbpq_1)
                                  0.250000    0.461419   clock uncertainty
                                  0.000000    0.461419   clock reconvergence pessimism
                                 -0.041710    0.419709   library hold time
                                              0.419709   data required time
---------------------------------------------------------------------------------------------
                                              0.419709   data required time
                                             -0.944317   data arrival time
---------------------------------------------------------------------------------------------
                                              0.524608   slack (MET)


Startpoint: _196_ (rising edge-triggered flip-flop clocked by clk_i)
Endpoint: _197_ (rising edge-triggered flip-flop clocked by clk_i)
Path Group: clk_i
Path Type: min

Fanout         Cap        Slew       Delay        Time   Description
---------------------------------------------------------------------------------------------
                                  0.000000    0.000000   clock clk_i (rise edge)
                                  0.000000    0.000000   clock source latency
     1    0.029451    0.044082    0.025766    0.025766 ^ clk_i (in)
                                                         clk_i (net)
                      0.044431    0.000000    0.025766 ^ clkbuf_0_clk_i/A (sg13g2_buf_16)
     8    0.171793    0.056760    0.097119    0.122885 ^ clkbuf_0_clk_i/X (sg13g2_buf_16)
                                                         clknet_0_clk_i (net)
                      0.059378    0.009497    0.132382 ^ clkbuf_3_7__f_clk_i/A (sg13g2_buf_16)
     4    0.017560    0.020294    0.078926    0.211307 ^ clkbuf_3_7__f_clk_i/X (sg13g2_buf_16)
                                                         clknet_3_7__leaf_clk_i (net)
                      0.020296    0.000359    0.211666 ^ _196_/CLK (sg13g2_dfrbpq_1)
     3    0.018289    0.064174    0.196703    0.408369 v _196_/Q (sg13g2_dfrbpq_1)
                                                         spm_inst.genblk1[1].csa.y (net)
                      0.064197    0.001158    0.409527 v _158_/B (sg13g2_nor2_1)
     1    0.006833    0.078490    0.085109    0.494636 ^ _158_/Y (sg13g2_nor2_1)
                                                         _058_ (net)
                      0.078490    0.000209    0.494845 ^ _161_/A2 (sg13g2_o21ai_1)
     1    0.004663    0.042756    0.074036    0.568881 v _161_/Y (sg13g2_o21ai_1)
                                                         _006_ (net)
                      0.042756    0.000159    0.569040 v hold84/A (sg13g2_dlygate4sd3_1)
     1    0.003546    0.038447    0.381156    0.950195 v hold84/X (sg13g2_dlygate4sd3_1)
                                                         net84 (net)
                      0.038447    0.000077    0.950272 v _197_/D (sg13g2_dfrbpq_1)
                                              0.950272   data arrival time

                                  0.000000    0.000000   clock clk_i (rise edge)
                                  0.000000    0.000000   clock source latency
     1    0.029451    0.044082    0.025766    0.025766 ^ clk_i (in)
                                                         clk_i (net)
                      0.044431    0.000000    0.025766 ^ clkbuf_0_clk_i/A (sg13g2_buf_16)
     8    0.171793    0.056760    0.097119    0.122885 ^ clkbuf_0_clk_i/X (sg13g2_buf_16)
                                                         clknet_0_clk_i (net)
                      0.059161    0.009095    0.131980 ^ clkbuf_3_5__f_clk_i/A (sg13g2_buf_16)
     4    0.018613    0.020523    0.079010    0.210990 ^ clkbuf_3_5__f_clk_i/X (sg13g2_buf_16)
                                                         clknet_3_5__leaf_clk_i (net)
                      0.020526    0.000511    0.211501 ^ _197_/CLK (sg13g2_dfrbpq_1)
                                  0.250000    0.461501   clock uncertainty
                                  0.000000    0.461501   clock reconvergence pessimism
                                 -0.040120    0.421381   library hold time
                                              0.421381   data required time
---------------------------------------------------------------------------------------------
                                              0.421381   data required time
                                             -0.950272   data arrival time
---------------------------------------------------------------------------------------------
                                              0.528891   slack (MET)


Startpoint: _194_ (rising edge-triggered flip-flop clocked by clk_i)
Endpoint: _196_ (rising edge-triggered flip-flop clocked by clk_i)
Path Group: clk_i
Path Type: min

Fanout         Cap        Slew       Delay        Time   Description
---------------------------------------------------------------------------------------------
                                  0.000000    0.000000   clock clk_i (rise edge)
                                  0.000000    0.000000   clock source latency
     1    0.029451    0.044082    0.025766    0.025766 ^ clk_i (in)
                                                         clk_i (net)
                      0.044431    0.000000    0.025766 ^ clkbuf_0_clk_i/A (sg13g2_buf_16)
     8    0.171793    0.056760    0.097119    0.122885 ^ clkbuf_0_clk_i/X (sg13g2_buf_16)
                                                         clknet_0_clk_i (net)
                      0.059378    0.009497    0.132382 ^ clkbuf_3_7__f_clk_i/A (sg13g2_buf_16)
     4    0.017560    0.020294    0.078926    0.211307 ^ clkbuf_3_7__f_clk_i/X (sg13g2_buf_16)
                                                         clknet_3_7__leaf_clk_i (net)
                      0.020295    0.000161    0.211468 ^ _194_/CLK (sg13g2_dfrbpq_1)
     3    0.011593    0.044005    0.180870    0.392338 v _194_/Q (sg13g2_dfrbpq_1)
                                                         spm_inst.genblk1[2].csa.y (net)
                      0.044006    0.000278    0.392616 v hold90/A (sg13g2_dlygate4sd3_1)
     1    0.011749    0.063160    0.410034    0.802650 v hold90/X (sg13g2_dlygate4sd3_1)
                                                         net90 (net)
                      0.063253    0.000845    0.803495 v _153_/B (sg13g2_xor2_1)
     1    0.007924    0.041059    0.087370    0.890865 v _153_/X (sg13g2_xor2_1)
                                                         _055_ (net)
                      0.041061    0.000304    0.891169 v _154_/B (sg13g2_xnor2_1)
     1    0.003978    0.037951    0.062201    0.953369 v _154_/Y (sg13g2_xnor2_1)
                                                         spm_inst.genblk1[2].csa.hsum2 (net)
                      0.037952    0.000113    0.953482 v _196_/D (sg13g2_dfrbpq_1)
                                              0.953482   data arrival time

                                  0.000000    0.000000   clock clk_i (rise edge)
                                  0.000000    0.000000   clock source latency
     1    0.029451    0.044082    0.025766    0.025766 ^ clk_i (in)
                                                         clk_i (net)
                      0.044431    0.000000    0.025766 ^ clkbuf_0_clk_i/A (sg13g2_buf_16)
     8    0.171793    0.056760    0.097119    0.122885 ^ clkbuf_0_clk_i/X (sg13g2_buf_16)
                                                         clknet_0_clk_i (net)
                      0.059378    0.009497    0.132382 ^ clkbuf_3_7__f_clk_i/A (sg13g2_buf_16)
     4    0.017560    0.020294    0.078926    0.211307 ^ clkbuf_3_7__f_clk_i/X (sg13g2_buf_16)
                                                         clknet_3_7__leaf_clk_i (net)
                      0.020296    0.000359    0.211666 ^ _196_/CLK (sg13g2_dfrbpq_1)
                                  0.250000    0.461666   clock uncertainty
                                  0.000000    0.461666   clock reconvergence pessimism
                                 -0.040010    0.421655   library hold time
                                              0.421655   data required time
---------------------------------------------------------------------------------------------
                                              0.421655   data required time
                                             -0.953482   data arrival time
---------------------------------------------------------------------------------------------
                                              0.531827   slack (MET)


Startpoint: _180_ (rising edge-triggered flip-flop clocked by clk_i)
Endpoint: _182_ (rising edge-triggered flip-flop clocked by clk_i)
Path Group: clk_i
Path Type: min

Fanout         Cap        Slew       Delay        Time   Description
---------------------------------------------------------------------------------------------
                                  0.000000    0.000000   clock clk_i (rise edge)
                                  0.000000    0.000000   clock source latency
     1    0.029451    0.044082    0.025766    0.025766 ^ clk_i (in)
                                                         clk_i (net)
                      0.044431    0.000000    0.025766 ^ clkbuf_0_clk_i/A (sg13g2_buf_16)
     8    0.171793    0.056760    0.097119    0.122885 ^ clkbuf_0_clk_i/X (sg13g2_buf_16)
                                                         clknet_0_clk_i (net)
                      0.058490    0.007738    0.130623 ^ clkbuf_3_4__f_clk_i/A (sg13g2_buf_16)
     4    0.021455    0.021143    0.079155    0.209779 ^ clkbuf_3_4__f_clk_i/X (sg13g2_buf_16)
                                                         clknet_3_4__leaf_clk_i (net)
                      0.021162    0.001192    0.210971 ^ _180_/CLK (sg13g2_dfrbpq_1)
     3    0.014440    0.052534    0.188033    0.399004 v _180_/Q (sg13g2_dfrbpq_1)
                                                         spm_inst.genblk1[10].csa.sum (net)
                      0.052540    0.000587    0.399591 v hold92/A (sg13g2_dlygate4sd3_1)
     1    0.009958    0.057141    0.408704    0.808295 v hold92/X (sg13g2_dlygate4sd3_1)
                                                         net92 (net)
                      0.057141    0.000488    0.808783 v _111_/B (sg13g2_xor2_1)
     1    0.006981    0.038451    0.080535    0.889318 v _111_/X (sg13g2_xor2_1)
                                                         _027_ (net)
                      0.038452    0.000198    0.889516 v _112_/B (sg13g2_xnor2_1)
     1    0.004553    0.040672    0.063798    0.953314 v _112_/Y (sg13g2_xnor2_1)
                                                         spm_inst.genblk1[9].csa.hsum2 (net)
                      0.040672    0.000139    0.953453 v _182_/D (sg13g2_dfrbpq_1)
                                              0.953453   data arrival time

                                  0.000000    0.000000   clock clk_i (rise edge)
                                  0.000000    0.000000   clock source latency
     1    0.029451    0.044082    0.025766    0.025766 ^ clk_i (in)
                                                         clk_i (net)
                      0.044431    0.000000    0.025766 ^ clkbuf_0_clk_i/A (sg13g2_buf_16)
     8    0.171793    0.056760    0.097119    0.122885 ^ clkbuf_0_clk_i/X (sg13g2_buf_16)
                                                         clknet_0_clk_i (net)
                      0.058490    0.007738    0.130623 ^ clkbuf_3_4__f_clk_i/A (sg13g2_buf_16)
     4    0.021455    0.021143    0.079155    0.209779 ^ clkbuf_3_4__f_clk_i/X (sg13g2_buf_16)
                                                         clknet_3_4__leaf_clk_i (net)
                      0.021150    0.000690    0.210468 ^ _182_/CLK (sg13g2_dfrbpq_1)
                                  0.250000    0.460468   clock uncertainty
                                  0.000000    0.460468   clock reconvergence pessimism
                                 -0.040695    0.419774   library hold time
                                              0.419774   data required time
---------------------------------------------------------------------------------------------
                                              0.419774   data required time
                                             -0.953453   data arrival time
---------------------------------------------------------------------------------------------
                                              0.533679   slack (MET)


Startpoint: _184_ (rising edge-triggered flip-flop clocked by clk_i)
Endpoint: _186_ (rising edge-triggered flip-flop clocked by clk_i)
Path Group: clk_i
Path Type: min

Fanout         Cap        Slew       Delay        Time   Description
---------------------------------------------------------------------------------------------
                                  0.000000    0.000000   clock clk_i (rise edge)
                                  0.000000    0.000000   clock source latency
     1    0.029451    0.044082    0.025766    0.025766 ^ clk_i (in)
                                                         clk_i (net)
                      0.044431    0.000000    0.025766 ^ clkbuf_0_clk_i/A (sg13g2_buf_16)
     8    0.171793    0.056760    0.097119    0.122885 ^ clkbuf_0_clk_i/X (sg13g2_buf_16)
                                                         clknet_0_clk_i (net)
                      0.059412    0.009559    0.132444 ^ clkbuf_3_6__f_clk_i/A (sg13g2_buf_16)
     4    0.020398    0.020942    0.079469    0.211913 ^ clkbuf_3_6__f_clk_i/X (sg13g2_buf_16)
                                                         clknet_3_6__leaf_clk_i (net)
                      0.020945    0.000473    0.212386 ^ _184_/CLK (sg13g2_dfrbpq_1)
     3    0.013889    0.050838    0.186722    0.399108 v _184_/Q (sg13g2_dfrbpq_1)
                                                         spm_inst.genblk1[7].csa.y (net)
                      0.050839    0.000313    0.399421 v hold99/A (sg13g2_dlygate4sd3_1)
     1    0.009777    0.056564    0.407123    0.806544 v hold99/X (sg13g2_dlygate4sd3_1)
                                                         net99 (net)
                      0.056564    0.000521    0.807065 v _123_/B (sg13g2_xor2_1)
     1    0.009761    0.046301    0.092712    0.899776 v _123_/X (sg13g2_xor2_1)
                                                         _035_ (net)
                      0.046307    0.000522    0.900298 v _124_/B (sg13g2_xnor2_1)
     1    0.002887    0.032900    0.059224    0.959522 v _124_/Y (sg13g2_xnor2_1)
                                                         spm_inst.genblk1[7].csa.hsum2 (net)
                      0.032900    0.000055    0.959577 v _186_/D (sg13g2_dfrbpq_1)
                                              0.959577   data arrival time

                                  0.000000    0.000000   clock clk_i (rise edge)
                                  0.000000    0.000000   clock source latency
     1    0.029451    0.044082    0.025766    0.025766 ^ clk_i (in)
                                                         clk_i (net)
                      0.044431    0.000000    0.025766 ^ clkbuf_0_clk_i/A (sg13g2_buf_16)
     8    0.171793    0.056760    0.097119    0.122885 ^ clkbuf_0_clk_i/X (sg13g2_buf_16)
                                                         clknet_0_clk_i (net)
                      0.058916    0.008624    0.131508 ^ clkbuf_3_3__f_clk_i/A (sg13g2_buf_16)
     4    0.020712    0.020991    0.079248    0.210757 ^ clkbuf_3_3__f_clk_i/X (sg13g2_buf_16)
                                                         clknet_3_3__leaf_clk_i (net)
                      0.021004    0.001035    0.211791 ^ _186_/CLK (sg13g2_dfrbpq_1)
                                  0.250000    0.461791   clock uncertainty
                                  0.000000    0.461791   clock reconvergence pessimism
                                 -0.038262    0.423529   library hold time
                                              0.423529   data required time
---------------------------------------------------------------------------------------------
                                              0.423529   data required time
                                             -0.959577   data arrival time
---------------------------------------------------------------------------------------------
                                              0.536048   slack (MET)


Startpoint: _184_ (rising edge-triggered flip-flop clocked by clk_i)
Endpoint: _185_ (rising edge-triggered flip-flop clocked by clk_i)
Path Group: clk_i
Path Type: min

Fanout         Cap        Slew       Delay        Time   Description
---------------------------------------------------------------------------------------------
                                  0.000000    0.000000   clock clk_i (rise edge)
                                  0.000000    0.000000   clock source latency
     1    0.029451    0.044082    0.025766    0.025766 ^ clk_i (in)
                                                         clk_i (net)
                      0.044431    0.000000    0.025766 ^ clkbuf_0_clk_i/A (sg13g2_buf_16)
     8    0.171793    0.056760    0.097119    0.122885 ^ clkbuf_0_clk_i/X (sg13g2_buf_16)
                                                         clknet_0_clk_i (net)
                      0.059412    0.009559    0.132444 ^ clkbuf_3_6__f_clk_i/A (sg13g2_buf_16)
     4    0.020398    0.020942    0.079469    0.211913 ^ clkbuf_3_6__f_clk_i/X (sg13g2_buf_16)
                                                         clknet_3_6__leaf_clk_i (net)
                      0.020945    0.000473    0.212386 ^ _184_/CLK (sg13g2_dfrbpq_1)
     3    0.014236    0.066298    0.195774    0.408160 ^ _184_/Q (sg13g2_dfrbpq_1)
                                                         spm_inst.genblk1[7].csa.y (net)
                      0.066298    0.000324    0.408484 ^ _122_/B (sg13g2_nor2_1)
     1    0.008194    0.040141    0.056265    0.464749 v _122_/Y (sg13g2_nor2_1)
                                                         _034_ (net)
                      0.040162    0.000381    0.465131 v _125_/A2 (sg13g2_o21ai_1)
     1    0.005473    0.041826    0.098425    0.563555 ^ _125_/Y (sg13g2_o21ai_1)
                                                         _012_ (net)
                      0.041827    0.000209    0.563764 ^ hold60/A (sg13g2_dlygate4sd3_1)
     1    0.005720    0.043970    0.373500    0.937264 ^ hold60/X (sg13g2_dlygate4sd3_1)
                                                         net60 (net)
                      0.043970    0.000232    0.937496 ^ _185_/D (sg13g2_dfrbpq_1)
                                              0.937496   data arrival time

                                  0.000000    0.000000   clock clk_i (rise edge)
                                  0.000000    0.000000   clock source latency
     1    0.029451    0.044082    0.025766    0.025766 ^ clk_i (in)
                                                         clk_i (net)
                      0.044431    0.000000    0.025766 ^ clkbuf_0_clk_i/A (sg13g2_buf_16)
     8    0.171793    0.056760    0.097119    0.122885 ^ clkbuf_0_clk_i/X (sg13g2_buf_16)
                                                         clknet_0_clk_i (net)
                      0.058962    0.008713    0.131598 ^ clkbuf_3_1__f_clk_i/A (sg13g2_buf_16)
     4    0.022658    0.021444    0.079580    0.211178 ^ clkbuf_3_1__f_clk_i/X (sg13g2_buf_16)
                                                         clknet_3_1__leaf_clk_i (net)
                      0.021480    0.001626    0.212804 ^ _185_/CLK (sg13g2_dfrbpq_1)
                                  0.250000    0.462804   clock uncertainty
                                  0.000000    0.462804   clock reconvergence pessimism
                                 -0.065294    0.397510   library hold time
                                              0.397510   data required time
---------------------------------------------------------------------------------------------
                                              0.397510   data required time
                                             -0.937496   data arrival time
---------------------------------------------------------------------------------------------
                                              0.539986   slack (MET)


Startpoint: _196_ (rising edge-triggered flip-flop clocked by clk_i)
Endpoint: _198_ (rising edge-triggered flip-flop clocked by clk_i)
Path Group: clk_i
Path Type: min

Fanout         Cap        Slew       Delay        Time   Description
---------------------------------------------------------------------------------------------
                                  0.000000    0.000000   clock clk_i (rise edge)
                                  0.000000    0.000000   clock source latency
     1    0.029451    0.044082    0.025766    0.025766 ^ clk_i (in)
                                                         clk_i (net)
                      0.044431    0.000000    0.025766 ^ clkbuf_0_clk_i/A (sg13g2_buf_16)
     8    0.171793    0.056760    0.097119    0.122885 ^ clkbuf_0_clk_i/X (sg13g2_buf_16)
                                                         clknet_0_clk_i (net)
                      0.059378    0.009497    0.132382 ^ clkbuf_3_7__f_clk_i/A (sg13g2_buf_16)
     4    0.017560    0.020294    0.078926    0.211307 ^ clkbuf_3_7__f_clk_i/X (sg13g2_buf_16)
                                                         clknet_3_7__leaf_clk_i (net)
                      0.020296    0.000359    0.211666 ^ _196_/CLK (sg13g2_dfrbpq_1)
     3    0.018289    0.064174    0.196703    0.408369 v _196_/Q (sg13g2_dfrbpq_1)
                                                         spm_inst.genblk1[1].csa.y (net)
                      0.064175    0.000429    0.408798 v hold101/A (sg13g2_dlygate4sd3_1)
     1    0.007843    0.050448    0.407876    0.816673 v hold101/X (sg13g2_dlygate4sd3_1)
                                                         net101 (net)
                      0.050448    0.000295    0.816968 v _159_/B (sg13g2_xor2_1)
     1    0.007249    0.039063    0.078927    0.895895 v _159_/X (sg13g2_xor2_1)
                                                         _059_ (net)
                      0.039063    0.000198    0.896093 v _160_/B (sg13g2_xnor2_1)
     1    0.004903    0.042523    0.065540    0.961634 v _160_/Y (sg13g2_xnor2_1)
                                                         spm_inst.genblk1[1].csa.hsum2 (net)
                      0.042523    0.000160    0.961794 v _198_/D (sg13g2_dfrbpq_1)
                                              0.961794   data arrival time

                                  0.000000    0.000000   clock clk_i (rise edge)
                                  0.000000    0.000000   clock source latency
     1    0.029451    0.044082    0.025766    0.025766 ^ clk_i (in)
                                                         clk_i (net)
                      0.044431    0.000000    0.025766 ^ clkbuf_0_clk_i/A (sg13g2_buf_16)
     8    0.171793    0.056760    0.097119    0.122885 ^ clkbuf_0_clk_i/X (sg13g2_buf_16)
                                                         clknet_0_clk_i (net)
                      0.059161    0.009095    0.131980 ^ clkbuf_3_5__f_clk_i/A (sg13g2_buf_16)
     4    0.018613    0.020523    0.079010    0.210990 ^ clkbuf_3_5__f_clk_i/X (sg13g2_buf_16)
                                                         clknet_3_5__leaf_clk_i (net)
                      0.020525    0.000418    0.211408 ^ _198_/CLK (sg13g2_dfrbpq_1)
                                  0.250000    0.461408   clock uncertainty
                                  0.000000    0.461408   clock reconvergence pessimism
                                 -0.041411    0.419997   library hold time
                                              0.419997   data required time
---------------------------------------------------------------------------------------------
                                              0.419997   data required time
                                             -0.961794   data arrival time
---------------------------------------------------------------------------------------------
                                              0.541797   slack (MET)


Startpoint: _178_ (rising edge-triggered flip-flop clocked by clk_i)
Endpoint: _180_ (rising edge-triggered flip-flop clocked by clk_i)
Path Group: clk_i
Path Type: min

Fanout         Cap        Slew       Delay        Time   Description
---------------------------------------------------------------------------------------------
                                  0.000000    0.000000   clock clk_i (rise edge)
                                  0.000000    0.000000   clock source latency
     1    0.029451    0.044082    0.025766    0.025766 ^ clk_i (in)
                                                         clk_i (net)
                      0.044431    0.000000    0.025766 ^ clkbuf_0_clk_i/A (sg13g2_buf_16)
     8    0.171793    0.056760    0.097119    0.122885 ^ clkbuf_0_clk_i/X (sg13g2_buf_16)
                                                         clknet_0_clk_i (net)
                      0.058962    0.008713    0.131598 ^ clkbuf_3_1__f_clk_i/A (sg13g2_buf_16)
     4    0.022658    0.021444    0.079580    0.211178 ^ clkbuf_3_1__f_clk_i/X (sg13g2_buf_16)
                                                         clknet_3_1__leaf_clk_i (net)
                      0.021461    0.001133    0.212311 ^ _178_/CLK (sg13g2_dfrbpq_1)
     3    0.014298    0.052077    0.187918    0.400229 v _178_/Q (sg13g2_dfrbpq_1)
                                                         spm_inst.genblk1[10].csa.y (net)
                      0.052080    0.000405    0.400634 v hold102/A (sg13g2_dlygate4sd3_1)
     1    0.007899    0.050617    0.401378    0.802012 v hold102/X (sg13g2_dlygate4sd3_1)
                                                         net102 (net)
                      0.050617    0.000302    0.802314 v _105_/B (sg13g2_xor2_1)
     1    0.008075    0.041353    0.082657    0.884970 v _105_/X (sg13g2_xor2_1)
                                                         _023_ (net)
                      0.041354    0.000292    0.885262 v _106_/B (sg13g2_xnor2_1)
     1    0.008414    0.061506    0.081623    0.966885 v _106_/Y (sg13g2_xnor2_1)
                                                         spm_inst.genblk1[10].csa.hsum2 (net)
                      0.061537    0.000520    0.967405 v _180_/D (sg13g2_dfrbpq_1)
                                              0.967405   data arrival time

                                  0.000000    0.000000   clock clk_i (rise edge)
                                  0.000000    0.000000   clock source latency
     1    0.029451    0.044082    0.025766    0.025766 ^ clk_i (in)
                                                         clk_i (net)
                      0.044431    0.000000    0.025766 ^ clkbuf_0_clk_i/A (sg13g2_buf_16)
     8    0.171793    0.056760    0.097119    0.122885 ^ clkbuf_0_clk_i/X (sg13g2_buf_16)
                                                         clknet_0_clk_i (net)
                      0.058490    0.007738    0.130623 ^ clkbuf_3_4__f_clk_i/A (sg13g2_buf_16)
     4    0.021455    0.021143    0.079155    0.209779 ^ clkbuf_3_4__f_clk_i/X (sg13g2_buf_16)
                                                         clknet_3_4__leaf_clk_i (net)
                      0.021162    0.001192    0.210971 ^ _180_/CLK (sg13g2_dfrbpq_1)
                                  0.250000    0.460971   clock uncertainty
                                  0.000000    0.460971   clock reconvergence pessimism
                                 -0.047304    0.413667   library hold time
                                              0.413667   data required time
---------------------------------------------------------------------------------------------
                                              0.413667   data required time
                                             -0.967405   data arrival time
---------------------------------------------------------------------------------------------
                                              0.553738   slack (MET)


Startpoint: rst_ni (input port clocked by clk_i)
Endpoint: _190_ (removal check against rising-edge clock clk_i)
Path Group: asynchronous
Path Type: min

Fanout         Cap        Slew       Delay        Time   Description
---------------------------------------------------------------------------------------------
                                  0.000000    0.000000   clock clk_i (rise edge)
                                  0.000000    0.000000   clock network delay (propagated)
                                  2.000000    2.000000 ^ input external delay
     1    0.006073    0.023039    0.005100    2.005100 ^ rst_ni (in)
                                                         rst_ni (net)
                      0.023040    0.000000    2.005100 ^ input1/A (sg13g2_buf_1)
     1    0.003235    0.023246    0.058130    2.063230 ^ input1/X (sg13g2_buf_1)
                                                         net1 (net)
                      0.023246    0.000050    2.063280 ^ fanout26/A (sg13g2_buf_1)
     4    0.028891    0.123598    0.131759    2.195039 ^ fanout26/X (sg13g2_buf_1)
                                                         net26 (net)
                      0.123636    0.001793    2.196831 ^ _190_/RESET_B (sg13g2_dfrbpq_1)
                                              2.196831   data arrival time

                                  0.000000    0.000000   clock clk_i (rise edge)
                                  0.000000    0.000000   clock source latency
     1    0.029451    0.044082    0.025766    0.025766 ^ clk_i (in)
                                                         clk_i (net)
                      0.044431    0.000000    0.025766 ^ clkbuf_0_clk_i/A (sg13g2_buf_16)
     8    0.171793    0.056760    0.097119    0.122885 ^ clkbuf_0_clk_i/X (sg13g2_buf_16)
                                                         clknet_0_clk_i (net)
                      0.058916    0.008624    0.131508 ^ clkbuf_3_3__f_clk_i/A (sg13g2_buf_16)
     4    0.020712    0.020991    0.079248    0.210757 ^ clkbuf_3_3__f_clk_i/X (sg13g2_buf_16)
                                                         clknet_3_3__leaf_clk_i (net)
                      0.020998    0.000718    0.211475 ^ _190_/CLK (sg13g2_dfrbpq_1)
                                  0.250000    0.461475   clock uncertainty
                                  0.000000    0.461475   clock reconvergence pessimism
                                 -0.131402    0.330073   library removal time
                                              0.330073   data required time
---------------------------------------------------------------------------------------------
                                              0.330073   data required time
                                             -2.196831   data arrival time
---------------------------------------------------------------------------------------------
                                              1.866758   slack (MET)


Startpoint: rst_ni (input port clocked by clk_i)
Endpoint: _197_ (removal check against rising-edge clock clk_i)
Path Group: asynchronous
Path Type: min

Fanout         Cap        Slew       Delay        Time   Description
---------------------------------------------------------------------------------------------
                                  0.000000    0.000000   clock clk_i (rise edge)
                                  0.000000    0.000000   clock network delay (propagated)
                                  2.000000    2.000000 ^ input external delay
     1    0.006073    0.023039    0.005100    2.005100 ^ rst_ni (in)
                                                         rst_ni (net)
                      0.023040    0.000000    2.005100 ^ input1/A (sg13g2_buf_1)
     1    0.003235    0.023246    0.058130    2.063230 ^ input1/X (sg13g2_buf_1)
                                                         net1 (net)
                      0.023246    0.000050    2.063280 ^ fanout26/A (sg13g2_buf_1)
     4    0.028891    0.123598    0.131759    2.195039 ^ fanout26/X (sg13g2_buf_1)
                                                         net26 (net)
                      0.123645    0.001999    2.197038 ^ fanout24/A (sg13g2_buf_1)
     8    0.056740    0.235449    0.248387    2.445425 ^ fanout24/X (sg13g2_buf_1)
                                                         net24 (net)
                      0.235472    0.001943    2.447368 ^ _197_/RESET_B (sg13g2_dfrbpq_1)
                                              2.447368   data arrival time

                                  0.000000    0.000000   clock clk_i (rise edge)
                                  0.000000    0.000000   clock source latency
     1    0.029451    0.044082    0.025766    0.025766 ^ clk_i (in)
                                                         clk_i (net)
                      0.044431    0.000000    0.025766 ^ clkbuf_0_clk_i/A (sg13g2_buf_16)
     8    0.171793    0.056760    0.097119    0.122885 ^ clkbuf_0_clk_i/X (sg13g2_buf_16)
                                                         clknet_0_clk_i (net)
                      0.059161    0.009095    0.131980 ^ clkbuf_3_5__f_clk_i/A (sg13g2_buf_16)
     4    0.018613    0.020523    0.079010    0.210990 ^ clkbuf_3_5__f_clk_i/X (sg13g2_buf_16)
                                                         clknet_3_5__leaf_clk_i (net)
                      0.020526    0.000511    0.211501 ^ _197_/CLK (sg13g2_dfrbpq_1)
                                  0.250000    0.461501   clock uncertainty
                                  0.000000    0.461501   clock reconvergence pessimism
                                 -0.164951    0.296550   library removal time
                                              0.296550   data required time
---------------------------------------------------------------------------------------------
                                              0.296550   data required time
                                             -2.447368   data arrival time
---------------------------------------------------------------------------------------------
                                              2.150818   slack (MET)


Startpoint: rst_ni (input port clocked by clk_i)
Endpoint: _180_ (removal check against rising-edge clock clk_i)
Path Group: asynchronous
Path Type: min

Fanout         Cap        Slew       Delay        Time   Description
---------------------------------------------------------------------------------------------
                                  0.000000    0.000000   clock clk_i (rise edge)
                                  0.000000    0.000000   clock network delay (propagated)
                                  2.000000    2.000000 ^ input external delay
     1    0.006073    0.023039    0.005100    2.005100 ^ rst_ni (in)
                                                         rst_ni (net)
                      0.023040    0.000000    2.005100 ^ input1/A (sg13g2_buf_1)
     1    0.003235    0.023246    0.058130    2.063230 ^ input1/X (sg13g2_buf_1)
                                                         net1 (net)
                      0.023246    0.000050    2.063280 ^ fanout26/A (sg13g2_buf_1)
     4    0.028891    0.123598    0.131759    2.195039 ^ fanout26/X (sg13g2_buf_1)
                                                         net26 (net)
                      0.123645    0.001999    2.197038 ^ fanout24/A (sg13g2_buf_1)
     8    0.056740    0.235449    0.248387    2.445425 ^ fanout24/X (sg13g2_buf_1)
                                                         net24 (net)
                      0.235467    0.001707    2.447131 ^ _180_/RESET_B (sg13g2_dfrbpq_1)
                                              2.447131   data arrival time

                                  0.000000    0.000000   clock clk_i (rise edge)
                                  0.000000    0.000000   clock source latency
     1    0.029451    0.044082    0.025766    0.025766 ^ clk_i (in)
                                                         clk_i (net)
                      0.044431    0.000000    0.025766 ^ clkbuf_0_clk_i/A (sg13g2_buf_16)
     8    0.171793    0.056760    0.097119    0.122885 ^ clkbuf_0_clk_i/X (sg13g2_buf_16)
                                                         clknet_0_clk_i (net)
                      0.058490    0.007738    0.130623 ^ clkbuf_3_4__f_clk_i/A (sg13g2_buf_16)
     4    0.021455    0.021143    0.079155    0.209779 ^ clkbuf_3_4__f_clk_i/X (sg13g2_buf_16)
                                                         clknet_3_4__leaf_clk_i (net)
                      0.021162    0.001192    0.210971 ^ _180_/CLK (sg13g2_dfrbpq_1)
                                  0.250000    0.460971   clock uncertainty
                                  0.000000    0.460971   clock reconvergence pessimism
                                 -0.164865    0.296106   library removal time
                                              0.296106   data required time
---------------------------------------------------------------------------------------------
                                              0.296106   data required time
                                             -2.447131   data arrival time
---------------------------------------------------------------------------------------------
                                              2.151026   slack (MET)


Startpoint: rst_ni (input port clocked by clk_i)
Endpoint: _181_ (removal check against rising-edge clock clk_i)
Path Group: asynchronous
Path Type: min

Fanout         Cap        Slew       Delay        Time   Description
---------------------------------------------------------------------------------------------
                                  0.000000    0.000000   clock clk_i (rise edge)
                                  0.000000    0.000000   clock network delay (propagated)
                                  2.000000    2.000000 ^ input external delay
     1    0.006073    0.023039    0.005100    2.005100 ^ rst_ni (in)
                                                         rst_ni (net)
                      0.023040    0.000000    2.005100 ^ input1/A (sg13g2_buf_1)
     1    0.003235    0.023246    0.058130    2.063230 ^ input1/X (sg13g2_buf_1)
                                                         net1 (net)
                      0.023246    0.000050    2.063280 ^ fanout26/A (sg13g2_buf_1)
     4    0.028891    0.123598    0.131759    2.195039 ^ fanout26/X (sg13g2_buf_1)
                                                         net26 (net)
                      0.123645    0.001999    2.197038 ^ fanout24/A (sg13g2_buf_1)
     8    0.056740    0.235449    0.248387    2.445425 ^ fanout24/X (sg13g2_buf_1)
                                                         net24 (net)
                      0.235466    0.001669    2.447093 ^ _181_/RESET_B (sg13g2_dfrbpq_1)
                                              2.447093   data arrival time

                                  0.000000    0.000000   clock clk_i (rise edge)
                                  0.000000    0.000000   clock source latency
     1    0.029451    0.044082    0.025766    0.025766 ^ clk_i (in)
                                                         clk_i (net)
                      0.044431    0.000000    0.025766 ^ clkbuf_0_clk_i/A (sg13g2_buf_16)
     8    0.171793    0.056760    0.097119    0.122885 ^ clkbuf_0_clk_i/X (sg13g2_buf_16)
                                                         clknet_0_clk_i (net)
                      0.058490    0.007738    0.130623 ^ clkbuf_3_4__f_clk_i/A (sg13g2_buf_16)
     4    0.021455    0.021143    0.079155    0.209779 ^ clkbuf_3_4__f_clk_i/X (sg13g2_buf_16)
                                                         clknet_3_4__leaf_clk_i (net)
                      0.021160    0.001152    0.210931 ^ _181_/CLK (sg13g2_dfrbpq_1)
                                  0.250000    0.460931   clock uncertainty
                                  0.000000    0.460931   clock reconvergence pessimism
                                 -0.164865    0.296066   library removal time
                                              0.296066   data required time
---------------------------------------------------------------------------------------------
                                              0.296066   data required time
                                             -2.447093   data arrival time
---------------------------------------------------------------------------------------------
                                              2.151028   slack (MET)


Startpoint: rst_ni (input port clocked by clk_i)
Endpoint: _179_ (removal check against rising-edge clock clk_i)
Path Group: asynchronous
Path Type: min

Fanout         Cap        Slew       Delay        Time   Description
---------------------------------------------------------------------------------------------
                                  0.000000    0.000000   clock clk_i (rise edge)
                                  0.000000    0.000000   clock network delay (propagated)
                                  2.000000    2.000000 ^ input external delay
     1    0.006073    0.023039    0.005100    2.005100 ^ rst_ni (in)
                                                         rst_ni (net)
                      0.023040    0.000000    2.005100 ^ input1/A (sg13g2_buf_1)
     1    0.003235    0.023246    0.058130    2.063230 ^ input1/X (sg13g2_buf_1)
                                                         net1 (net)
                      0.023246    0.000050    2.063280 ^ fanout26/A (sg13g2_buf_1)
     4    0.028891    0.123598    0.131759    2.195039 ^ fanout26/X (sg13g2_buf_1)
                                                         net26 (net)
                      0.123645    0.001999    2.197038 ^ fanout24/A (sg13g2_buf_1)
     8    0.056740    0.235449    0.248387    2.445425 ^ fanout24/X (sg13g2_buf_1)
                                                         net24 (net)
                      0.235471    0.001904    2.447329 ^ _179_/RESET_B (sg13g2_dfrbpq_1)
                                              2.447329   data arrival time

                                  0.000000    0.000000   clock clk_i (rise edge)
                                  0.000000    0.000000   clock source latency
     1    0.029451    0.044082    0.025766    0.025766 ^ clk_i (in)
                                                         clk_i (net)
                      0.044431    0.000000    0.025766 ^ clkbuf_0_clk_i/A (sg13g2_buf_16)
     8    0.171793    0.056760    0.097119    0.122885 ^ clkbuf_0_clk_i/X (sg13g2_buf_16)
                                                         clknet_0_clk_i (net)
                      0.058490    0.007738    0.130623 ^ clkbuf_3_4__f_clk_i/A (sg13g2_buf_16)
     4    0.021455    0.021143    0.079155    0.209779 ^ clkbuf_3_4__f_clk_i/X (sg13g2_buf_16)
                                                         clknet_3_4__leaf_clk_i (net)
                      0.021167    0.001348    0.211126 ^ _179_/CLK (sg13g2_dfrbpq_1)
                                  0.250000    0.461126   clock uncertainty
                                  0.000000    0.461126   clock reconvergence pessimism
                                 -0.164866    0.296260   library removal time
                                              0.296260   data required time
---------------------------------------------------------------------------------------------
                                              0.296260   data required time
                                             -2.447329   data arrival time
---------------------------------------------------------------------------------------------
                                              2.151068   slack (MET)


Startpoint: rst_ni (input port clocked by clk_i)
Endpoint: _182_ (removal check against rising-edge clock clk_i)
Path Group: asynchronous
Path Type: min

Fanout         Cap        Slew       Delay        Time   Description
---------------------------------------------------------------------------------------------
                                  0.000000    0.000000   clock clk_i (rise edge)
                                  0.000000    0.000000   clock network delay (propagated)
                                  2.000000    2.000000 ^ input external delay
     1    0.006073    0.023039    0.005100    2.005100 ^ rst_ni (in)
                                                         rst_ni (net)
                      0.023040    0.000000    2.005100 ^ input1/A (sg13g2_buf_1)
     1    0.003235    0.023246    0.058130    2.063230 ^ input1/X (sg13g2_buf_1)
                                                         net1 (net)
                      0.023246    0.000050    2.063280 ^ fanout26/A (sg13g2_buf_1)
     4    0.028891    0.123598    0.131759    2.195039 ^ fanout26/X (sg13g2_buf_1)
                                                         net26 (net)
                      0.123645    0.001999    2.197038 ^ fanout24/A (sg13g2_buf_1)
     8    0.056740    0.235449    0.248387    2.445425 ^ fanout24/X (sg13g2_buf_1)
                                                         net24 (net)
                      0.235459    0.001270    2.446694 ^ _182_/RESET_B (sg13g2_dfrbpq_1)
                                              2.446694   data arrival time

                                  0.000000    0.000000   clock clk_i (rise edge)
                                  0.000000    0.000000   clock source latency
     1    0.029451    0.044082    0.025766    0.025766 ^ clk_i (in)
                                                         clk_i (net)
                      0.044431    0.000000    0.025766 ^ clkbuf_0_clk_i/A (sg13g2_buf_16)
     8    0.171793    0.056760    0.097119    0.122885 ^ clkbuf_0_clk_i/X (sg13g2_buf_16)
                                                         clknet_0_clk_i (net)
                      0.058490    0.007738    0.130623 ^ clkbuf_3_4__f_clk_i/A (sg13g2_buf_16)
     4    0.021455    0.021143    0.079155    0.209779 ^ clkbuf_3_4__f_clk_i/X (sg13g2_buf_16)
                                                         clknet_3_4__leaf_clk_i (net)
                      0.021150    0.000690    0.210468 ^ _182_/CLK (sg13g2_dfrbpq_1)
                                  0.250000    0.460468   clock uncertainty
                                  0.000000    0.460468   clock reconvergence pessimism
                                 -0.164864    0.295604   library removal time
                                              0.295604   data required time
---------------------------------------------------------------------------------------------
                                              0.295604   data required time
                                             -2.446694   data arrival time
---------------------------------------------------------------------------------------------
                                              2.151090   slack (MET)


Startpoint: rst_ni (input port clocked by clk_i)
Endpoint: _198_ (removal check against rising-edge clock clk_i)
Path Group: asynchronous
Path Type: min

Fanout         Cap        Slew       Delay        Time   Description
---------------------------------------------------------------------------------------------
                                  0.000000    0.000000   clock clk_i (rise edge)
                                  0.000000    0.000000   clock network delay (propagated)
                                  2.000000    2.000000 ^ input external delay
     1    0.006073    0.023039    0.005100    2.005100 ^ rst_ni (in)
                                                         rst_ni (net)
                      0.023040    0.000000    2.005100 ^ input1/A (sg13g2_buf_1)
     1    0.003235    0.023246    0.058130    2.063230 ^ input1/X (sg13g2_buf_1)
                                                         net1 (net)
                      0.023246    0.000050    2.063280 ^ fanout26/A (sg13g2_buf_1)
     4    0.028891    0.123598    0.131759    2.195039 ^ fanout26/X (sg13g2_buf_1)
                                                         net26 (net)
                      0.123645    0.001999    2.197038 ^ fanout24/A (sg13g2_buf_1)
     8    0.056740    0.235449    0.248387    2.445425 ^ fanout24/X (sg13g2_buf_1)
                                                         net24 (net)
                      0.235480    0.002236    2.447660 ^ _198_/RESET_B (sg13g2_dfrbpq_1)
                                              2.447660   data arrival time

                                  0.000000    0.000000   clock clk_i (rise edge)
                                  0.000000    0.000000   clock source latency
     1    0.029451    0.044082    0.025766    0.025766 ^ clk_i (in)
                                                         clk_i (net)
                      0.044431    0.000000    0.025766 ^ clkbuf_0_clk_i/A (sg13g2_buf_16)
     8    0.171793    0.056760    0.097119    0.122885 ^ clkbuf_0_clk_i/X (sg13g2_buf_16)
                                                         clknet_0_clk_i (net)
                      0.059161    0.009095    0.131980 ^ clkbuf_3_5__f_clk_i/A (sg13g2_buf_16)
     4    0.018613    0.020523    0.079010    0.210990 ^ clkbuf_3_5__f_clk_i/X (sg13g2_buf_16)
                                                         clknet_3_5__leaf_clk_i (net)
                      0.020525    0.000418    0.211408 ^ _198_/CLK (sg13g2_dfrbpq_1)
                                  0.250000    0.461408   clock uncertainty
                                  0.000000    0.461408   clock reconvergence pessimism
                                 -0.164954    0.296454   library removal time
                                              0.296454   data required time
---------------------------------------------------------------------------------------------
                                              0.296454   data required time
                                             -2.447660   data arrival time
---------------------------------------------------------------------------------------------
                                              2.151206   slack (MET)


Startpoint: rst_ni (input port clocked by clk_i)
Endpoint: _201_ (removal check against rising-edge clock clk_i)
Path Group: asynchronous
Path Type: min

Fanout         Cap        Slew       Delay        Time   Description
---------------------------------------------------------------------------------------------
                                  0.000000    0.000000   clock clk_i (rise edge)
                                  0.000000    0.000000   clock network delay (propagated)
                                  2.000000    2.000000 ^ input external delay
     1    0.006073    0.023039    0.005100    2.005100 ^ rst_ni (in)
                                                         rst_ni (net)
                      0.023040    0.000000    2.005100 ^ input1/A (sg13g2_buf_1)
     1    0.003235    0.023246    0.058130    2.063230 ^ input1/X (sg13g2_buf_1)
                                                         net1 (net)
                      0.023246    0.000050    2.063280 ^ fanout26/A (sg13g2_buf_1)
     4    0.028891    0.123598    0.131759    2.195039 ^ fanout26/X (sg13g2_buf_1)
                                                         net26 (net)
                      0.123645    0.001999    2.197038 ^ fanout24/A (sg13g2_buf_1)
     8    0.056740    0.235449    0.248387    2.445425 ^ fanout24/X (sg13g2_buf_1)
                                                         net24 (net)
                      0.235495    0.002726    2.448151 ^ _201_/RESET_B (sg13g2_dfrbpq_1)
                                              2.448151   data arrival time

                                  0.000000    0.000000   clock clk_i (rise edge)
                                  0.000000    0.000000   clock source latency
     1    0.029451    0.044082    0.025766    0.025766 ^ clk_i (in)
                                                         clk_i (net)
                      0.044431    0.000000    0.025766 ^ clkbuf_0_clk_i/A (sg13g2_buf_16)
     8    0.171793    0.056760    0.097119    0.122885 ^ clkbuf_0_clk_i/X (sg13g2_buf_16)
                                                         clknet_0_clk_i (net)
                      0.059161    0.009095    0.131980 ^ clkbuf_3_5__f_clk_i/A (sg13g2_buf_16)
     4    0.018613    0.020523    0.079010    0.210990 ^ clkbuf_3_5__f_clk_i/X (sg13g2_buf_16)
                                                         clknet_3_5__leaf_clk_i (net)
                      0.020525    0.000429    0.211419 ^ _201_/CLK (sg13g2_dfrbpq_1)
                                  0.250000    0.461419   clock uncertainty
                                  0.000000    0.461419   clock reconvergence pessimism
                                 -0.164958    0.296461   library removal time
                                              0.296461   data required time
---------------------------------------------------------------------------------------------
                                              0.296461   data required time
                                             -2.448151   data arrival time
---------------------------------------------------------------------------------------------
                                              2.151690   slack (MET)


Startpoint: rst_ni (input port clocked by clk_i)
Endpoint: _202_ (removal check against rising-edge clock clk_i)
Path Group: asynchronous
Path Type: min

Fanout         Cap        Slew       Delay        Time   Description
---------------------------------------------------------------------------------------------
                                  0.000000    0.000000   clock clk_i (rise edge)
                                  0.000000    0.000000   clock network delay (propagated)
                                  2.000000    2.000000 ^ input external delay
     1    0.006073    0.023039    0.005100    2.005100 ^ rst_ni (in)
                                                         rst_ni (net)
                      0.023040    0.000000    2.005100 ^ input1/A (sg13g2_buf_1)
     1    0.003235    0.023246    0.058130    2.063230 ^ input1/X (sg13g2_buf_1)
                                                         net1 (net)
                      0.023246    0.000050    2.063280 ^ fanout26/A (sg13g2_buf_1)
     4    0.028891    0.123598    0.131759    2.195039 ^ fanout26/X (sg13g2_buf_1)
                                                         net26 (net)
                      0.123645    0.001999    2.197038 ^ fanout24/A (sg13g2_buf_1)
     8    0.056740    0.235449    0.248387    2.445425 ^ fanout24/X (sg13g2_buf_1)
                                                         net24 (net)
                      0.235495    0.002738    2.448162 ^ _202_/RESET_B (sg13g2_dfrbpq_1)
                                              2.448162   data arrival time

                                  0.000000    0.000000   clock clk_i (rise edge)
                                  0.000000    0.000000   clock source latency
     1    0.029451    0.044082    0.025766    0.025766 ^ clk_i (in)
                                                         clk_i (net)
                      0.044431    0.000000    0.025766 ^ clkbuf_0_clk_i/A (sg13g2_buf_16)
     8    0.171793    0.056760    0.097119    0.122885 ^ clkbuf_0_clk_i/X (sg13g2_buf_16)
                                                         clknet_0_clk_i (net)
                      0.059161    0.009095    0.131980 ^ clkbuf_3_5__f_clk_i/A (sg13g2_buf_16)
     4    0.018613    0.020523    0.079010    0.210990 ^ clkbuf_3_5__f_clk_i/X (sg13g2_buf_16)
                                                         clknet_3_5__leaf_clk_i (net)
                      0.020525    0.000382    0.211372 ^ _202_/CLK (sg13g2_dfrbpq_1)
                                  0.250000    0.461372   clock uncertainty
                                  0.000000    0.461372   clock reconvergence pessimism
                                 -0.164958    0.296414   library removal time
                                              0.296414   data required time
---------------------------------------------------------------------------------------------
                                              0.296414   data required time
                                             -2.448162   data arrival time
---------------------------------------------------------------------------------------------
                                              2.151749   slack (MET)


Startpoint: rst_ni (input port clocked by clk_i)
Endpoint: _192_ (removal check against rising-edge clock clk_i)
Path Group: asynchronous
Path Type: min

Fanout         Cap        Slew       Delay        Time   Description
---------------------------------------------------------------------------------------------
                                  0.000000    0.000000   clock clk_i (rise edge)
                                  0.000000    0.000000   clock network delay (propagated)
                                  2.000000    2.000000 ^ input external delay
     1    0.006073    0.023039    0.005100    2.005100 ^ rst_ni (in)
                                                         rst_ni (net)
                      0.023040    0.000000    2.005100 ^ input1/A (sg13g2_buf_1)
     1    0.003235    0.023246    0.058130    2.063230 ^ input1/X (sg13g2_buf_1)
                                                         net1 (net)
                      0.023246    0.000050    2.063280 ^ fanout26/A (sg13g2_buf_1)
     4    0.028891    0.123598    0.131759    2.195039 ^ fanout26/X (sg13g2_buf_1)
                                                         net26 (net)
                      0.123620    0.001386    2.196424 ^ fanout25/A (sg13g2_buf_1)
     8    0.059325    0.246153    0.253622    2.450046 ^ fanout25/X (sg13g2_buf_1)
                                                         net25 (net)
                      0.246214    0.003235    2.453281 ^ _192_/RESET_B (sg13g2_dfrbpq_1)
                                              2.453281   data arrival time

                                  0.000000    0.000000   clock clk_i (rise edge)
                                  0.000000    0.000000   clock source latency
     1    0.029451    0.044082    0.025766    0.025766 ^ clk_i (in)
                                                         clk_i (net)
                      0.044431    0.000000    0.025766 ^ clkbuf_0_clk_i/A (sg13g2_buf_16)
     8    0.171793    0.056760    0.097119    0.122885 ^ clkbuf_0_clk_i/X (sg13g2_buf_16)
                                                         clknet_0_clk_i (net)
                      0.059412    0.009559    0.132444 ^ clkbuf_3_6__f_clk_i/A (sg13g2_buf_16)
     4    0.020398    0.020942    0.079469    0.211913 ^ clkbuf_3_6__f_clk_i/X (sg13g2_buf_16)
                                                         clknet_3_6__leaf_clk_i (net)
                      0.020948    0.000652    0.212566 ^ _192_/CLK (sg13g2_dfrbpq_1)
                                  0.250000    0.462566   clock uncertainty
                                  0.000000    0.462566   clock reconvergence pessimism
                                 -0.168112    0.294454   library removal time
                                              0.294454   data required time
---------------------------------------------------------------------------------------------
                                              0.294454   data required time
                                             -2.453281   data arrival time
---------------------------------------------------------------------------------------------
                                              2.158827   slack (MET)


Startpoint: rst_ni (input port clocked by clk_i)
Endpoint: _191_ (removal check against rising-edge clock clk_i)
Path Group: asynchronous
Path Type: min

Fanout         Cap        Slew       Delay        Time   Description
---------------------------------------------------------------------------------------------
                                  0.000000    0.000000   clock clk_i (rise edge)
                                  0.000000    0.000000   clock network delay (propagated)
                                  2.000000    2.000000 ^ input external delay
     1    0.006073    0.023039    0.005100    2.005100 ^ rst_ni (in)
                                                         rst_ni (net)
                      0.023040    0.000000    2.005100 ^ input1/A (sg13g2_buf_1)
     1    0.003235    0.023246    0.058130    2.063230 ^ input1/X (sg13g2_buf_1)
                                                         net1 (net)
                      0.023246    0.000050    2.063280 ^ fanout26/A (sg13g2_buf_1)
     4    0.028891    0.123598    0.131759    2.195039 ^ fanout26/X (sg13g2_buf_1)
                                                         net26 (net)
                      0.123620    0.001386    2.196424 ^ fanout25/A (sg13g2_buf_1)
     8    0.059325    0.246153    0.253622    2.450046 ^ fanout25/X (sg13g2_buf_1)
                                                         net25 (net)
                      0.246252    0.004113    2.454159 ^ _191_/RESET_B (sg13g2_dfrbpq_1)
                                              2.454159   data arrival time

                                  0.000000    0.000000   clock clk_i (rise edge)
                                  0.000000    0.000000   clock source latency
     1    0.029451    0.044082    0.025766    0.025766 ^ clk_i (in)
                                                         clk_i (net)
                      0.044431    0.000000    0.025766 ^ clkbuf_0_clk_i/A (sg13g2_buf_16)
     8    0.171793    0.056760    0.097119    0.122885 ^ clkbuf_0_clk_i/X (sg13g2_buf_16)
                                                         clknet_0_clk_i (net)
                      0.059412    0.009559    0.132444 ^ clkbuf_3_6__f_clk_i/A (sg13g2_buf_16)
     4    0.020398    0.020942    0.079469    0.211913 ^ clkbuf_3_6__f_clk_i/X (sg13g2_buf_16)
                                                         clknet_3_6__leaf_clk_i (net)
                      0.020947    0.000611    0.212524 ^ _191_/CLK (sg13g2_dfrbpq_1)
                                  0.250000    0.462524   clock uncertainty
                                  0.000000    0.462524   clock reconvergence pessimism
                                 -0.168123    0.294401   library removal time
                                              0.294401   data required time
---------------------------------------------------------------------------------------------
                                              0.294401   data required time
                                             -2.454159   data arrival time
---------------------------------------------------------------------------------------------
                                              2.159758   slack (MET)


Startpoint: rst_ni (input port clocked by clk_i)
Endpoint: _184_ (removal check against rising-edge clock clk_i)
Path Group: asynchronous
Path Type: min

Fanout         Cap        Slew       Delay        Time   Description
---------------------------------------------------------------------------------------------
                                  0.000000    0.000000   clock clk_i (rise edge)
                                  0.000000    0.000000   clock network delay (propagated)
                                  2.000000    2.000000 ^ input external delay
     1    0.006073    0.023039    0.005100    2.005100 ^ rst_ni (in)
                                                         rst_ni (net)
                      0.023040    0.000000    2.005100 ^ input1/A (sg13g2_buf_1)
     1    0.003235    0.023246    0.058130    2.063230 ^ input1/X (sg13g2_buf_1)
                                                         net1 (net)
                      0.023246    0.000050    2.063280 ^ fanout26/A (sg13g2_buf_1)
     4    0.028891    0.123598    0.131759    2.195039 ^ fanout26/X (sg13g2_buf_1)
                                                         net26 (net)
                      0.123620    0.001386    2.196424 ^ fanout25/A (sg13g2_buf_1)
     8    0.059325    0.246153    0.253622    2.450046 ^ fanout25/X (sg13g2_buf_1)
                                                         net25 (net)
                      0.246297    0.004933    2.454979 ^ _184_/RESET_B (sg13g2_dfrbpq_1)
                                              2.454979   data arrival time

                                  0.000000    0.000000   clock clk_i (rise edge)
                                  0.000000    0.000000   clock source latency
     1    0.029451    0.044082    0.025766    0.025766 ^ clk_i (in)
                                                         clk_i (net)
                      0.044431    0.000000    0.025766 ^ clkbuf_0_clk_i/A (sg13g2_buf_16)
     8    0.171793    0.056760    0.097119    0.122885 ^ clkbuf_0_clk_i/X (sg13g2_buf_16)
                                                         clknet_0_clk_i (net)
                      0.059412    0.009559    0.132444 ^ clkbuf_3_6__f_clk_i/A (sg13g2_buf_16)
     4    0.020398    0.020942    0.079469    0.211913 ^ clkbuf_3_6__f_clk_i/X (sg13g2_buf_16)
                                                         clknet_3_6__leaf_clk_i (net)
                      0.020945    0.000473    0.212386 ^ _184_/CLK (sg13g2_dfrbpq_1)
                                  0.250000    0.462386   clock uncertainty
                                  0.000000    0.462386   clock reconvergence pessimism
                                 -0.168137    0.294249   library removal time
                                              0.294249   data required time
---------------------------------------------------------------------------------------------
                                              0.294249   data required time
                                             -2.454979   data arrival time
---------------------------------------------------------------------------------------------
                                              2.160730   slack (MET)


Startpoint: rst_ni (input port clocked by clk_i)
Endpoint: _183_ (removal check against rising-edge clock clk_i)
Path Group: asynchronous
Path Type: min

Fanout         Cap        Slew       Delay        Time   Description
---------------------------------------------------------------------------------------------
                                  0.000000    0.000000   clock clk_i (rise edge)
                                  0.000000    0.000000   clock network delay (propagated)
                                  2.000000    2.000000 ^ input external delay
     1    0.006073    0.023039    0.005100    2.005100 ^ rst_ni (in)
                                                         rst_ni (net)
                      0.023040    0.000000    2.005100 ^ input1/A (sg13g2_buf_1)
     1    0.003235    0.023246    0.058130    2.063230 ^ input1/X (sg13g2_buf_1)
                                                         net1 (net)
                      0.023246    0.000050    2.063280 ^ fanout26/A (sg13g2_buf_1)
     4    0.028891    0.123598    0.131759    2.195039 ^ fanout26/X (sg13g2_buf_1)
                                                         net26 (net)
                      0.123620    0.001386    2.196424 ^ fanout25/A (sg13g2_buf_1)
     8    0.059325    0.246153    0.253622    2.450046 ^ fanout25/X (sg13g2_buf_1)
                                                         net25 (net)
                      0.246301    0.005001    2.455047 ^ _183_/RESET_B (sg13g2_dfrbpq_1)
                                              2.455047   data arrival time

                                  0.000000    0.000000   clock clk_i (rise edge)
                                  0.000000    0.000000   clock source latency
     1    0.029451    0.044082    0.025766    0.025766 ^ clk_i (in)
                                                         clk_i (net)
                      0.044431    0.000000    0.025766 ^ clkbuf_0_clk_i/A (sg13g2_buf_16)
     8    0.171793    0.056760    0.097119    0.122885 ^ clkbuf_0_clk_i/X (sg13g2_buf_16)
                                                         clknet_0_clk_i (net)
                      0.059412    0.009559    0.132444 ^ clkbuf_3_6__f_clk_i/A (sg13g2_buf_16)
     4    0.020398    0.020942    0.079469    0.211913 ^ clkbuf_3_6__f_clk_i/X (sg13g2_buf_16)
                                                         clknet_3_6__leaf_clk_i (net)
                      0.020945    0.000416    0.212330 ^ _183_/CLK (sg13g2_dfrbpq_1)
                                  0.250000    0.462330   clock uncertainty
                                  0.000000    0.462330   clock reconvergence pessimism
                                 -0.168138    0.294192   library removal time
                                              0.294192   data required time
---------------------------------------------------------------------------------------------
                                              0.294192   data required time
                                             -2.455047   data arrival time
---------------------------------------------------------------------------------------------
                                              2.160856   slack (MET)


Startpoint: rst_ni (input port clocked by clk_i)
Endpoint: _195_ (removal check against rising-edge clock clk_i)
Path Group: asynchronous
Path Type: min

Fanout         Cap        Slew       Delay        Time   Description
---------------------------------------------------------------------------------------------
                                  0.000000    0.000000   clock clk_i (rise edge)
                                  0.000000    0.000000   clock network delay (propagated)
                                  2.000000    2.000000 ^ input external delay
     1    0.006073    0.023039    0.005100    2.005100 ^ rst_ni (in)
                                                         rst_ni (net)
                      0.023040    0.000000    2.005100 ^ input1/A (sg13g2_buf_1)
     1    0.003235    0.023246    0.058130    2.063230 ^ input1/X (sg13g2_buf_1)
                                                         net1 (net)
                      0.023246    0.000050    2.063280 ^ fanout26/A (sg13g2_buf_1)
     4    0.028891    0.123598    0.131759    2.195039 ^ fanout26/X (sg13g2_buf_1)
                                                         net26 (net)
                      0.123620    0.001386    2.196424 ^ fanout25/A (sg13g2_buf_1)
     8    0.059325    0.246153    0.253622    2.450046 ^ fanout25/X (sg13g2_buf_1)
                                                         net25 (net)
                      0.246317    0.005267    2.455313 ^ _195_/RESET_B (sg13g2_dfrbpq_1)
                                              2.455313   data arrival time

                                  0.000000    0.000000   clock clk_i (rise edge)
                                  0.000000    0.000000   clock source latency
     1    0.029451    0.044082    0.025766    0.025766 ^ clk_i (in)
                                                         clk_i (net)
                      0.044431    0.000000    0.025766 ^ clkbuf_0_clk_i/A (sg13g2_buf_16)
     8    0.171793    0.056760    0.097119    0.122885 ^ clkbuf_0_clk_i/X (sg13g2_buf_16)
                                                         clknet_0_clk_i (net)
                      0.059378    0.009497    0.132382 ^ clkbuf_3_7__f_clk_i/A (sg13g2_buf_16)
     4    0.017560    0.020294    0.078926    0.211307 ^ clkbuf_3_7__f_clk_i/X (sg13g2_buf_16)
                                                         clknet_3_7__leaf_clk_i (net)
                      0.020296    0.000293    0.211601 ^ _195_/CLK (sg13g2_dfrbpq_1)
                                  0.250000    0.461601   clock uncertainty
                                  0.000000    0.461601   clock reconvergence pessimism
                                 -0.168230    0.293371   library removal time
                                              0.293371   data required time
---------------------------------------------------------------------------------------------
                                              0.293371   data required time
                                             -2.455313   data arrival time
---------------------------------------------------------------------------------------------
                                              2.161942   slack (MET)


Startpoint: rst_ni (input port clocked by clk_i)
Endpoint: _196_ (removal check against rising-edge clock clk_i)
Path Group: asynchronous
Path Type: min

Fanout         Cap        Slew       Delay        Time   Description
---------------------------------------------------------------------------------------------
                                  0.000000    0.000000   clock clk_i (rise edge)
                                  0.000000    0.000000   clock network delay (propagated)
                                  2.000000    2.000000 ^ input external delay
     1    0.006073    0.023039    0.005100    2.005100 ^ rst_ni (in)
                                                         rst_ni (net)
                      0.023040    0.000000    2.005100 ^ input1/A (sg13g2_buf_1)
     1    0.003235    0.023246    0.058130    2.063230 ^ input1/X (sg13g2_buf_1)
                                                         net1 (net)
                      0.023246    0.000050    2.063280 ^ fanout26/A (sg13g2_buf_1)
     4    0.028891    0.123598    0.131759    2.195039 ^ fanout26/X (sg13g2_buf_1)
                                                         net26 (net)
                      0.123620    0.001386    2.196424 ^ fanout25/A (sg13g2_buf_1)
     8    0.059325    0.246153    0.253622    2.450046 ^ fanout25/X (sg13g2_buf_1)
                                                         net25 (net)
                      0.246324    0.005374    2.455420 ^ _196_/RESET_B (sg13g2_dfrbpq_1)
                                              2.455420   data arrival time

                                  0.000000    0.000000   clock clk_i (rise edge)
                                  0.000000    0.000000   clock source latency
     1    0.029451    0.044082    0.025766    0.025766 ^ clk_i (in)
                                                         clk_i (net)
                      0.044431    0.000000    0.025766 ^ clkbuf_0_clk_i/A (sg13g2_buf_16)
     8    0.171793    0.056760    0.097119    0.122885 ^ clkbuf_0_clk_i/X (sg13g2_buf_16)
                                                         clknet_0_clk_i (net)
                      0.059378    0.009497    0.132382 ^ clkbuf_3_7__f_clk_i/A (sg13g2_buf_16)
     4    0.017560    0.020294    0.078926    0.211307 ^ clkbuf_3_7__f_clk_i/X (sg13g2_buf_16)
                                                         clknet_3_7__leaf_clk_i (net)
                      0.020296    0.000359    0.211666 ^ _196_/CLK (sg13g2_dfrbpq_1)
                                  0.250000    0.461666   clock uncertainty
                                  0.000000    0.461666   clock reconvergence pessimism
                                 -0.168232    0.293434   library removal time
                                              0.293434   data required time
---------------------------------------------------------------------------------------------
                                              0.293434   data required time
                                             -2.455420   data arrival time
---------------------------------------------------------------------------------------------
                                              2.161986   slack (MET)


Startpoint: rst_ni (input port clocked by clk_i)
Endpoint: _193_ (removal check against rising-edge clock clk_i)
Path Group: asynchronous
Path Type: min

Fanout         Cap        Slew       Delay        Time   Description
---------------------------------------------------------------------------------------------
                                  0.000000    0.000000   clock clk_i (rise edge)
                                  0.000000    0.000000   clock network delay (propagated)
                                  2.000000    2.000000 ^ input external delay
     1    0.006073    0.023039    0.005100    2.005100 ^ rst_ni (in)
                                                         rst_ni (net)
                      0.023040    0.000000    2.005100 ^ input1/A (sg13g2_buf_1)
     1    0.003235    0.023246    0.058130    2.063230 ^ input1/X (sg13g2_buf_1)
                                                         net1 (net)
                      0.023246    0.000050    2.063280 ^ fanout26/A (sg13g2_buf_1)
     4    0.028891    0.123598    0.131759    2.195039 ^ fanout26/X (sg13g2_buf_1)
                                                         net26 (net)
                      0.123620    0.001386    2.196424 ^ fanout25/A (sg13g2_buf_1)
     8    0.059325    0.246153    0.253622    2.450046 ^ fanout25/X (sg13g2_buf_1)
                                                         net25 (net)
                      0.246338    0.005588    2.455634 ^ _193_/RESET_B (sg13g2_dfrbpq_1)
                                              2.455634   data arrival time

                                  0.000000    0.000000   clock clk_i (rise edge)
                                  0.000000    0.000000   clock source latency
     1    0.029451    0.044082    0.025766    0.025766 ^ clk_i (in)
                                                         clk_i (net)
                      0.044431    0.000000    0.025766 ^ clkbuf_0_clk_i/A (sg13g2_buf_16)
     8    0.171793    0.056760    0.097119    0.122885 ^ clkbuf_0_clk_i/X (sg13g2_buf_16)
                                                         clknet_0_clk_i (net)
                      0.059378    0.009497    0.132382 ^ clkbuf_3_7__f_clk_i/A (sg13g2_buf_16)
     4    0.017560    0.020294    0.078926    0.211307 ^ clkbuf_3_7__f_clk_i/X (sg13g2_buf_16)
                                                         clknet_3_7__leaf_clk_i (net)
                      0.020295    0.000251    0.211559 ^ _193_/CLK (sg13g2_dfrbpq_1)
                                  0.250000    0.461559   clock uncertainty
                                  0.000000    0.461559   clock reconvergence pessimism
                                 -0.168236    0.293323   library removal time
                                              0.293323   data required time
---------------------------------------------------------------------------------------------
                                              0.293323   data required time
                                             -2.455634   data arrival time
---------------------------------------------------------------------------------------------
                                              2.162312   slack (MET)


Startpoint: rst_ni (input port clocked by clk_i)
Endpoint: _194_ (removal check against rising-edge clock clk_i)
Path Group: asynchronous
Path Type: min

Fanout         Cap        Slew       Delay        Time   Description
---------------------------------------------------------------------------------------------
                                  0.000000    0.000000   clock clk_i (rise edge)
                                  0.000000    0.000000   clock network delay (propagated)
                                  2.000000    2.000000 ^ input external delay
     1    0.006073    0.023039    0.005100    2.005100 ^ rst_ni (in)
                                                         rst_ni (net)
                      0.023040    0.000000    2.005100 ^ input1/A (sg13g2_buf_1)
     1    0.003235    0.023246    0.058130    2.063230 ^ input1/X (sg13g2_buf_1)
                                                         net1 (net)
                      0.023246    0.000050    2.063280 ^ fanout26/A (sg13g2_buf_1)
     4    0.028891    0.123598    0.131759    2.195039 ^ fanout26/X (sg13g2_buf_1)
                                                         net26 (net)
                      0.123620    0.001386    2.196424 ^ fanout25/A (sg13g2_buf_1)
     8    0.059325    0.246153    0.253622    2.450046 ^ fanout25/X (sg13g2_buf_1)
                                                         net25 (net)
                      0.246334    0.005519    2.455565 ^ _194_/RESET_B (sg13g2_dfrbpq_1)
                                              2.455565   data arrival time

                                  0.000000    0.000000   clock clk_i (rise edge)
                                  0.000000    0.000000   clock source latency
     1    0.029451    0.044082    0.025766    0.025766 ^ clk_i (in)
                                                         clk_i (net)
                      0.044431    0.000000    0.025766 ^ clkbuf_0_clk_i/A (sg13g2_buf_16)
     8    0.171793    0.056760    0.097119    0.122885 ^ clkbuf_0_clk_i/X (sg13g2_buf_16)
                                                         clknet_0_clk_i (net)
                      0.059378    0.009497    0.132382 ^ clkbuf_3_7__f_clk_i/A (sg13g2_buf_16)
     4    0.017560    0.020294    0.078926    0.211307 ^ clkbuf_3_7__f_clk_i/X (sg13g2_buf_16)
                                                         clknet_3_7__leaf_clk_i (net)
                      0.020295    0.000161    0.211468 ^ _194_/CLK (sg13g2_dfrbpq_1)
                                  0.250000    0.461468   clock uncertainty
                                  0.000000    0.461468   clock reconvergence pessimism
                                 -0.168235    0.293233   library removal time
                                              0.293233   data required time
---------------------------------------------------------------------------------------------
                                              0.293233   data required time
                                             -2.455565   data arrival time
---------------------------------------------------------------------------------------------
                                              2.162331   slack (MET)


Startpoint: rst_ni (input port clocked by clk_i)
Endpoint: _185_ (removal check against rising-edge clock clk_i)
Path Group: asynchronous
Path Type: min

Fanout         Cap        Slew       Delay        Time   Description
---------------------------------------------------------------------------------------------
                                  0.000000    0.000000   clock clk_i (rise edge)
                                  0.000000    0.000000   clock network delay (propagated)
                                  2.000000    2.000000 ^ input external delay
     1    0.006073    0.023039    0.005100    2.005100 ^ rst_ni (in)
                                                         rst_ni (net)
                      0.023040    0.000000    2.005100 ^ input1/A (sg13g2_buf_1)
     1    0.003235    0.023246    0.058130    2.063230 ^ input1/X (sg13g2_buf_1)
                                                         net1 (net)
                      0.023246    0.000050    2.063280 ^ fanout26/A (sg13g2_buf_1)
     4    0.028891    0.123598    0.131759    2.195039 ^ fanout26/X (sg13g2_buf_1)
                                                         net26 (net)
                      0.123600    0.000475    2.195514 ^ fanout23/A (sg13g2_buf_1)
     8    0.064036    0.265347    0.264943    2.460457 ^ fanout23/X (sg13g2_buf_1)
                                                         net23 (net)
                      0.265623    0.007081    2.467538 ^ _185_/RESET_B (sg13g2_dfrbpq_1)
                                              2.467538   data arrival time

                                  0.000000    0.000000   clock clk_i (rise edge)
                                  0.000000    0.000000   clock source latency
     1    0.029451    0.044082    0.025766    0.025766 ^ clk_i (in)
                                                         clk_i (net)
                      0.044431    0.000000    0.025766 ^ clkbuf_0_clk_i/A (sg13g2_buf_16)
     8    0.171793    0.056760    0.097119    0.122885 ^ clkbuf_0_clk_i/X (sg13g2_buf_16)
                                                         clknet_0_clk_i (net)
                      0.058962    0.008713    0.131598 ^ clkbuf_3_1__f_clk_i/A (sg13g2_buf_16)
     4    0.022658    0.021444    0.079580    0.211178 ^ clkbuf_3_1__f_clk_i/X (sg13g2_buf_16)
                                                         clknet_3_1__leaf_clk_i (net)
                      0.021480    0.001626    0.212804 ^ _185_/CLK (sg13g2_dfrbpq_1)
                                  0.250000    0.462804   clock uncertainty
                                  0.000000    0.462804   clock reconvergence pessimism
                                 -0.173852    0.288952   library removal time
                                              0.288952   data required time
---------------------------------------------------------------------------------------------
                                              0.288952   data required time
                                             -2.467538   data arrival time
---------------------------------------------------------------------------------------------
                                              2.178586   slack (MET)


Startpoint: rst_ni (input port clocked by clk_i)
Endpoint: _176_ (removal check against rising-edge clock clk_i)
Path Group: asynchronous
Path Type: min

Fanout         Cap        Slew       Delay        Time   Description
---------------------------------------------------------------------------------------------
                                  0.000000    0.000000   clock clk_i (rise edge)
                                  0.000000    0.000000   clock network delay (propagated)
                                  2.000000    2.000000 ^ input external delay
     1    0.006073    0.023039    0.005100    2.005100 ^ rst_ni (in)
                                                         rst_ni (net)
                      0.023040    0.000000    2.005100 ^ input1/A (sg13g2_buf_1)
     1    0.003235    0.023246    0.058130    2.063230 ^ input1/X (sg13g2_buf_1)
                                                         net1 (net)
                      0.023246    0.000050    2.063280 ^ fanout26/A (sg13g2_buf_1)
     4    0.028891    0.123598    0.131759    2.195039 ^ fanout26/X (sg13g2_buf_1)
                                                         net26 (net)
                      0.123600    0.000475    2.195514 ^ fanout23/A (sg13g2_buf_1)
     8    0.064036    0.265347    0.264943    2.460457 ^ fanout23/X (sg13g2_buf_1)
                                                         net23 (net)
                      0.265745    0.008471    2.468928 ^ _176_/RESET_B (sg13g2_dfrbpq_1)
                                              2.468928   data arrival time

                                  0.000000    0.000000   clock clk_i (rise edge)
                                  0.000000    0.000000   clock source latency
     1    0.029451    0.044082    0.025766    0.025766 ^ clk_i (in)
                                                         clk_i (net)
                      0.044431    0.000000    0.025766 ^ clkbuf_0_clk_i/A (sg13g2_buf_16)
     8    0.171793    0.056760    0.097119    0.122885 ^ clkbuf_0_clk_i/X (sg13g2_buf_16)
                                                         clknet_0_clk_i (net)
                      0.058962    0.008713    0.131598 ^ clkbuf_3_1__f_clk_i/A (sg13g2_buf_16)
     4    0.022658    0.021444    0.079580    0.211178 ^ clkbuf_3_1__f_clk_i/X (sg13g2_buf_16)
                                                         clknet_3_1__leaf_clk_i (net)
                      0.021474    0.001490    0.212668 ^ _176_/CLK (sg13g2_dfrbpq_1)
                                  0.250000    0.462668   clock uncertainty
                                  0.000000    0.462668   clock reconvergence pessimism
                                 -0.173889    0.288778   library removal time
                                              0.288778   data required time
---------------------------------------------------------------------------------------------
                                              0.288778   data required time
                                             -2.468928   data arrival time
---------------------------------------------------------------------------------------------
                                              2.180149   slack (MET)


Startpoint: rst_ni (input port clocked by clk_i)
Endpoint: _177_ (removal check against rising-edge clock clk_i)
Path Group: asynchronous
Path Type: min

Fanout         Cap        Slew       Delay        Time   Description
---------------------------------------------------------------------------------------------
                                  0.000000    0.000000   clock clk_i (rise edge)
                                  0.000000    0.000000   clock network delay (propagated)
                                  2.000000    2.000000 ^ input external delay
     1    0.006073    0.023039    0.005100    2.005100 ^ rst_ni (in)
                                                         rst_ni (net)
                      0.023040    0.000000    2.005100 ^ input1/A (sg13g2_buf_1)
     1    0.003235    0.023246    0.058130    2.063230 ^ input1/X (sg13g2_buf_1)
                                                         net1 (net)
                      0.023246    0.000050    2.063280 ^ fanout26/A (sg13g2_buf_1)
     4    0.028891    0.123598    0.131759    2.195039 ^ fanout26/X (sg13g2_buf_1)
                                                         net26 (net)
                      0.123600    0.000475    2.195514 ^ fanout23/A (sg13g2_buf_1)
     8    0.064036    0.265347    0.264943    2.460457 ^ fanout23/X (sg13g2_buf_1)
                                                         net23 (net)
                      0.265793    0.008945    2.469402 ^ _177_/RESET_B (sg13g2_dfrbpq_1)
                                              2.469402   data arrival time

                                  0.000000    0.000000   clock clk_i (rise edge)
                                  0.000000    0.000000   clock source latency
     1    0.029451    0.044082    0.025766    0.025766 ^ clk_i (in)
                                                         clk_i (net)
                      0.044431    0.000000    0.025766 ^ clkbuf_0_clk_i/A (sg13g2_buf_16)
     8    0.171793    0.056760    0.097119    0.122885 ^ clkbuf_0_clk_i/X (sg13g2_buf_16)
                                                         clknet_0_clk_i (net)
                      0.058962    0.008713    0.131598 ^ clkbuf_3_1__f_clk_i/A (sg13g2_buf_16)
     4    0.022658    0.021444    0.079580    0.211178 ^ clkbuf_3_1__f_clk_i/X (sg13g2_buf_16)
                                                         clknet_3_1__leaf_clk_i (net)
                      0.021467    0.001313    0.212491 ^ _177_/CLK (sg13g2_dfrbpq_1)
                                  0.250000    0.462491   clock uncertainty
                                  0.000000    0.462491   clock reconvergence pessimism
                                 -0.173904    0.288587   library removal time
                                              0.288587   data required time
---------------------------------------------------------------------------------------------
                                              0.288587   data required time
                                             -2.469402   data arrival time
---------------------------------------------------------------------------------------------
                                              2.180815   slack (MET)


Startpoint: rst_ni (input port clocked by clk_i)
Endpoint: _178_ (removal check against rising-edge clock clk_i)
Path Group: asynchronous
Path Type: min

Fanout         Cap        Slew       Delay        Time   Description
---------------------------------------------------------------------------------------------
                                  0.000000    0.000000   clock clk_i (rise edge)
                                  0.000000    0.000000   clock network delay (propagated)
                                  2.000000    2.000000 ^ input external delay
     1    0.006073    0.023039    0.005100    2.005100 ^ rst_ni (in)
                                                         rst_ni (net)
                      0.023040    0.000000    2.005100 ^ input1/A (sg13g2_buf_1)
     1    0.003235    0.023246    0.058130    2.063230 ^ input1/X (sg13g2_buf_1)
                                                         net1 (net)
                      0.023246    0.000050    2.063280 ^ fanout26/A (sg13g2_buf_1)
     4    0.028891    0.123598    0.131759    2.195039 ^ fanout26/X (sg13g2_buf_1)
                                                         net26 (net)
                      0.123600    0.000475    2.195514 ^ fanout23/A (sg13g2_buf_1)
     8    0.064036    0.265347    0.264943    2.460457 ^ fanout23/X (sg13g2_buf_1)
                                                         net23 (net)
                      0.265784    0.008858    2.469315 ^ _178_/RESET_B (sg13g2_dfrbpq_1)
                                              2.469315   data arrival time

                                  0.000000    0.000000   clock clk_i (rise edge)
                                  0.000000    0.000000   clock source latency
     1    0.029451    0.044082    0.025766    0.025766 ^ clk_i (in)
                                                         clk_i (net)
                      0.044431    0.000000    0.025766 ^ clkbuf_0_clk_i/A (sg13g2_buf_16)
     8    0.171793    0.056760    0.097119    0.122885 ^ clkbuf_0_clk_i/X (sg13g2_buf_16)
                                                         clknet_0_clk_i (net)
                      0.058962    0.008713    0.131598 ^ clkbuf_3_1__f_clk_i/A (sg13g2_buf_16)
     4    0.022658    0.021444    0.079580    0.211178 ^ clkbuf_3_1__f_clk_i/X (sg13g2_buf_16)
                                                         clknet_3_1__leaf_clk_i (net)
                      0.021461    0.001133    0.212311 ^ _178_/CLK (sg13g2_dfrbpq_1)
                                  0.250000    0.462311   clock uncertainty
                                  0.000000    0.462311   clock reconvergence pessimism
                                 -0.173902    0.288408   library removal time
                                              0.288408   data required time
---------------------------------------------------------------------------------------------
                                              0.288408   data required time
                                             -2.469315   data arrival time
---------------------------------------------------------------------------------------------
                                              2.180907   slack (MET)


Startpoint: rst_ni (input port clocked by clk_i)
Endpoint: _173_ (removal check against rising-edge clock clk_i)
Path Group: asynchronous
Path Type: min

Fanout         Cap        Slew       Delay        Time   Description
---------------------------------------------------------------------------------------------
                                  0.000000    0.000000   clock clk_i (rise edge)
                                  0.000000    0.000000   clock network delay (propagated)
                                  2.000000    2.000000 ^ input external delay
     1    0.006073    0.023039    0.005100    2.005100 ^ rst_ni (in)
                                                         rst_ni (net)
                      0.023040    0.000000    2.005100 ^ input1/A (sg13g2_buf_1)
     1    0.003235    0.023246    0.058130    2.063230 ^ input1/X (sg13g2_buf_1)
                                                         net1 (net)
                      0.023246    0.000050    2.063280 ^ fanout26/A (sg13g2_buf_1)
     4    0.028891    0.123598    0.131759    2.195039 ^ fanout26/X (sg13g2_buf_1)
                                                         net26 (net)
                      0.123600    0.000475    2.195514 ^ fanout23/A (sg13g2_buf_1)
     8    0.064036    0.265347    0.264943    2.460457 ^ fanout23/X (sg13g2_buf_1)
                                                         net23 (net)
                      0.265602    0.006818    2.467274 ^ _173_/RESET_B (sg13g2_dfrbpq_1)
                                              2.467274   data arrival time

                                  0.000000    0.000000   clock clk_i (rise edge)
                                  0.000000    0.000000   clock source latency
     1    0.029451    0.044082    0.025766    0.025766 ^ clk_i (in)
                                                         clk_i (net)
                      0.044431    0.000000    0.025766 ^ clkbuf_0_clk_i/A (sg13g2_buf_16)
     8    0.171793    0.056760    0.097119    0.122885 ^ clkbuf_0_clk_i/X (sg13g2_buf_16)
                                                         clknet_0_clk_i (net)
                      0.058203    0.007086    0.129971 ^ clkbuf_3_0__f_clk_i/A (sg13g2_buf_16)
     4    0.020709    0.020956    0.078952    0.208922 ^ clkbuf_3_0__f_clk_i/X (sg13g2_buf_16)
                                                         clknet_3_0__leaf_clk_i (net)
                      0.020960    0.000514    0.209436 ^ _173_/CLK (sg13g2_dfrbpq_1)
                                  0.250000    0.459436   clock uncertainty
                                  0.000000    0.459436   clock reconvergence pessimism
                                 -0.173915    0.285521   library removal time
                                              0.285521   data required time
---------------------------------------------------------------------------------------------
                                              0.285521   data required time
                                             -2.467274   data arrival time
---------------------------------------------------------------------------------------------
                                              2.181753   slack (MET)


Startpoint: rst_ni (input port clocked by clk_i)
Endpoint: _174_ (removal check against rising-edge clock clk_i)
Path Group: asynchronous
Path Type: min

Fanout         Cap        Slew       Delay        Time   Description
---------------------------------------------------------------------------------------------
                                  0.000000    0.000000   clock clk_i (rise edge)
                                  0.000000    0.000000   clock network delay (propagated)
                                  2.000000    2.000000 ^ input external delay
     1    0.006073    0.023039    0.005100    2.005100 ^ rst_ni (in)
                                                         rst_ni (net)
                      0.023040    0.000000    2.005100 ^ input1/A (sg13g2_buf_1)
     1    0.003235    0.023246    0.058130    2.063230 ^ input1/X (sg13g2_buf_1)
                                                         net1 (net)
                      0.023246    0.000050    2.063280 ^ fanout26/A (sg13g2_buf_1)
     4    0.028891    0.123598    0.131759    2.195039 ^ fanout26/X (sg13g2_buf_1)
                                                         net26 (net)
                      0.123600    0.000475    2.195514 ^ fanout23/A (sg13g2_buf_1)
     8    0.064036    0.265347    0.264943    2.460457 ^ fanout23/X (sg13g2_buf_1)
                                                         net23 (net)
                      0.265658    0.007507    2.467963 ^ _174_/RESET_B (sg13g2_dfrbpq_1)
                                              2.467963   data arrival time

                                  0.000000    0.000000   clock clk_i (rise edge)
                                  0.000000    0.000000   clock source latency
     1    0.029451    0.044082    0.025766    0.025766 ^ clk_i (in)
                                                         clk_i (net)
                      0.044431    0.000000    0.025766 ^ clkbuf_0_clk_i/A (sg13g2_buf_16)
     8    0.171793    0.056760    0.097119    0.122885 ^ clkbuf_0_clk_i/X (sg13g2_buf_16)
                                                         clknet_0_clk_i (net)
                      0.058203    0.007086    0.129971 ^ clkbuf_3_0__f_clk_i/A (sg13g2_buf_16)
     4    0.020709    0.020956    0.078952    0.208922 ^ clkbuf_3_0__f_clk_i/X (sg13g2_buf_16)
                                                         clknet_3_0__leaf_clk_i (net)
                      0.020958    0.000338    0.209261 ^ _174_/CLK (sg13g2_dfrbpq_1)
                                  0.250000    0.459261   clock uncertainty
                                  0.000000    0.459261   clock reconvergence pessimism
                                 -0.173932    0.285328   library removal time
                                              0.285328   data required time
---------------------------------------------------------------------------------------------
                                              0.285328   data required time
                                             -2.467963   data arrival time
---------------------------------------------------------------------------------------------
                                              2.182635   slack (MET)


Startpoint: rst_ni (input port clocked by clk_i)
Endpoint: _175_ (removal check against rising-edge clock clk_i)
Path Group: asynchronous
Path Type: min

Fanout         Cap        Slew       Delay        Time   Description
---------------------------------------------------------------------------------------------
                                  0.000000    0.000000   clock clk_i (rise edge)
                                  0.000000    0.000000   clock network delay (propagated)
                                  2.000000    2.000000 ^ input external delay
     1    0.006073    0.023039    0.005100    2.005100 ^ rst_ni (in)
                                                         rst_ni (net)
                      0.023040    0.000000    2.005100 ^ input1/A (sg13g2_buf_1)
     1    0.003235    0.023246    0.058130    2.063230 ^ input1/X (sg13g2_buf_1)
                                                         net1 (net)
                      0.023246    0.000050    2.063280 ^ fanout26/A (sg13g2_buf_1)
     4    0.028891    0.123598    0.131759    2.195039 ^ fanout26/X (sg13g2_buf_1)
                                                         net26 (net)
                      0.123600    0.000475    2.195514 ^ fanout23/A (sg13g2_buf_1)
     8    0.064036    0.265347    0.264943    2.460457 ^ fanout23/X (sg13g2_buf_1)
                                                         net23 (net)
                      0.265713    0.008125    2.468582 ^ _175_/RESET_B (sg13g2_dfrbpq_1)
                                              2.468582   data arrival time

                                  0.000000    0.000000   clock clk_i (rise edge)
                                  0.000000    0.000000   clock source latency
     1    0.029451    0.044082    0.025766    0.025766 ^ clk_i (in)
                                                         clk_i (net)
                      0.044431    0.000000    0.025766 ^ clkbuf_0_clk_i/A (sg13g2_buf_16)
     8    0.171793    0.056760    0.097119    0.122885 ^ clkbuf_0_clk_i/X (sg13g2_buf_16)
                                                         clknet_0_clk_i (net)
                      0.058203    0.007086    0.129971 ^ clkbuf_3_0__f_clk_i/A (sg13g2_buf_16)
     4    0.020709    0.020956    0.078952    0.208922 ^ clkbuf_3_0__f_clk_i/X (sg13g2_buf_16)
                                                         clknet_3_0__leaf_clk_i (net)
                      0.020960    0.000533    0.209455 ^ _175_/CLK (sg13g2_dfrbpq_1)
                                  0.250000    0.459455   clock uncertainty
                                  0.000000    0.459455   clock reconvergence pessimism
                                 -0.173948    0.285507   library removal time
                                              0.285507   data required time
---------------------------------------------------------------------------------------------
                                              0.285507   data required time
                                             -2.468582   data arrival time
---------------------------------------------------------------------------------------------
                                              2.183075   slack (MET)


Startpoint: _202_ (rising edge-triggered flip-flop clocked by clk_i)
Endpoint: uo_CORE2PAD[0] (output port clocked by clk_i)
Path Group: clk_i
Path Type: min

Fanout         Cap        Slew       Delay        Time   Description
---------------------------------------------------------------------------------------------
                                  0.000000    0.000000   clock clk_i (rise edge)
                                  0.000000    0.000000   clock source latency
     1    0.029451    0.044082    0.025766    0.025766 ^ clk_i (in)
                                                         clk_i (net)
                      0.044431    0.000000    0.025766 ^ clkbuf_0_clk_i/A (sg13g2_buf_16)
     8    0.171793    0.056760    0.097119    0.122885 ^ clkbuf_0_clk_i/X (sg13g2_buf_16)
                                                         clknet_0_clk_i (net)
                      0.059161    0.009095    0.131980 ^ clkbuf_3_5__f_clk_i/A (sg13g2_buf_16)
     4    0.018613    0.020523    0.079010    0.210990 ^ clkbuf_3_5__f_clk_i/X (sg13g2_buf_16)
                                                         clknet_3_5__leaf_clk_i (net)
                      0.020525    0.000382    0.211372 ^ _202_/CLK (sg13g2_dfrbpq_1)
     1    0.005815    0.027282    0.166927    0.378300 v _202_/Q (sg13g2_dfrbpq_1)
                                                         spm_inst.csa0.sum (net)
                      0.027282    0.000211    0.378510 v _219_/A (sg13g2_buf_1)
     1    0.004392    0.023679    0.064696    0.443206 v _219_/X (sg13g2_buf_1)
                                                         net19 (net)
                      0.023679    0.000106    0.443312 v output19/A (sg13g2_buf_1)
     1    0.009278    0.037592    0.075085    0.518397 v output19/X (sg13g2_buf_1)
                                                         uo_CORE2PAD[0] (net)
                      0.037594    0.000343    0.518740 v uo_CORE2PAD[0] (out)
                                              0.518740   data arrival time

                                  0.000000    0.000000   clock clk_i (rise edge)
                                  0.000000    0.000000   clock network delay (propagated)
                                  0.250000    0.250000   clock uncertainty
                                  0.000000    0.250000   clock reconvergence pessimism
                                 -2.000000   -1.750000   output external delay
                                             -1.750000   data required time
---------------------------------------------------------------------------------------------
                                             -1.750000   data required time
                                             -0.518740   data arrival time
---------------------------------------------------------------------------------------------
                                              2.268740   slack (MET)


Startpoint: rst_ni (input port clocked by clk_i)
Endpoint: _188_ (removal check against rising-edge clock clk_i)
Path Group: asynchronous
Path Type: min

Fanout         Cap        Slew       Delay        Time   Description
---------------------------------------------------------------------------------------------
                                  0.000000    0.000000   clock clk_i (rise edge)
                                  0.000000    0.000000   clock network delay (propagated)
                                  2.000000    2.000000 ^ input external delay
     1    0.006073    0.023039    0.005100    2.005100 ^ rst_ni (in)
                                                         rst_ni (net)
                      0.023040    0.000000    2.005100 ^ input1/A (sg13g2_buf_1)
     1    0.003235    0.023246    0.058130    2.063230 ^ input1/X (sg13g2_buf_1)
                                                         net1 (net)
                      0.023246    0.000050    2.063280 ^ fanout26/A (sg13g2_buf_1)
     4    0.028891    0.123598    0.131759    2.195039 ^ fanout26/X (sg13g2_buf_1)
                                                         net26 (net)
                      0.123600    0.000475    2.195514 ^ fanout23/A (sg13g2_buf_1)
     8    0.064036    0.265347    0.264943    2.460457 ^ fanout23/X (sg13g2_buf_1)
                                                         net23 (net)
                      0.265365    0.001859    2.462316 ^ fanout22/A (sg13g2_buf_1)
     8    0.057265    0.237890    0.282643    2.744959 ^ fanout22/X (sg13g2_buf_1)
                                                         net22 (net)
                      0.237985    0.002009    2.746967 ^ _188_/RESET_B (sg13g2_dfrbpq_1)
                                              2.746967   data arrival time

                                  0.000000    0.000000   clock clk_i (rise edge)
                                  0.000000    0.000000   clock source latency
     1    0.029451    0.044082    0.025766    0.025766 ^ clk_i (in)
                                                         clk_i (net)
                      0.044431    0.000000    0.025766 ^ clkbuf_0_clk_i/A (sg13g2_buf_16)
     8    0.171793    0.056760    0.097119    0.122885 ^ clkbuf_0_clk_i/X (sg13g2_buf_16)
                                                         clknet_0_clk_i (net)
                      0.058916    0.008624    0.131508 ^ clkbuf_3_3__f_clk_i/A (sg13g2_buf_16)
     4    0.020712    0.020991    0.079248    0.210757 ^ clkbuf_3_3__f_clk_i/X (sg13g2_buf_16)
                                                         clknet_3_3__leaf_clk_i (net)
                      0.020999    0.000805    0.211562 ^ _188_/CLK (sg13g2_dfrbpq_1)
                                  0.250000    0.461562   clock uncertainty
                                  0.000000    0.461562   clock reconvergence pessimism
                                 -0.165641    0.295921   library removal time
                                              0.295921   data required time
---------------------------------------------------------------------------------------------
                                              0.295921   data required time
                                             -2.746967   data arrival time
---------------------------------------------------------------------------------------------
                                              2.451046   slack (MET)


Startpoint: rst_ni (input port clocked by clk_i)
Endpoint: _187_ (removal check against rising-edge clock clk_i)
Path Group: asynchronous
Path Type: min

Fanout         Cap        Slew       Delay        Time   Description
---------------------------------------------------------------------------------------------
                                  0.000000    0.000000   clock clk_i (rise edge)
                                  0.000000    0.000000   clock network delay (propagated)
                                  2.000000    2.000000 ^ input external delay
     1    0.006073    0.023039    0.005100    2.005100 ^ rst_ni (in)
                                                         rst_ni (net)
                      0.023040    0.000000    2.005100 ^ input1/A (sg13g2_buf_1)
     1    0.003235    0.023246    0.058130    2.063230 ^ input1/X (sg13g2_buf_1)
                                                         net1 (net)
                      0.023246    0.000050    2.063280 ^ fanout26/A (sg13g2_buf_1)
     4    0.028891    0.123598    0.131759    2.195039 ^ fanout26/X (sg13g2_buf_1)
                                                         net26 (net)
                      0.123600    0.000475    2.195514 ^ fanout23/A (sg13g2_buf_1)
     8    0.064036    0.265347    0.264943    2.460457 ^ fanout23/X (sg13g2_buf_1)
                                                         net23 (net)
                      0.265365    0.001859    2.462316 ^ fanout22/A (sg13g2_buf_1)
     8    0.057265    0.237890    0.282643    2.744959 ^ fanout22/X (sg13g2_buf_1)
                                                         net22 (net)
                      0.237997    0.002456    2.747415 ^ _187_/RESET_B (sg13g2_dfrbpq_1)
                                              2.747415   data arrival time

                                  0.000000    0.000000   clock clk_i (rise edge)
                                  0.000000    0.000000   clock source latency
     1    0.029451    0.044082    0.025766    0.025766 ^ clk_i (in)
                                                         clk_i (net)
                      0.044431    0.000000    0.025766 ^ clkbuf_0_clk_i/A (sg13g2_buf_16)
     8    0.171793    0.056760    0.097119    0.122885 ^ clkbuf_0_clk_i/X (sg13g2_buf_16)
                                                         clknet_0_clk_i (net)
                      0.058916    0.008624    0.131508 ^ clkbuf_3_3__f_clk_i/A (sg13g2_buf_16)
     4    0.020712    0.020991    0.079248    0.210757 ^ clkbuf_3_3__f_clk_i/X (sg13g2_buf_16)
                                                         clknet_3_3__leaf_clk_i (net)
                      0.021003    0.000975    0.211732 ^ _187_/CLK (sg13g2_dfrbpq_1)
                                  0.250000    0.461732   clock uncertainty
                                  0.000000    0.461732   clock reconvergence pessimism
                                 -0.165644    0.296088   library removal time
                                              0.296088   data required time
---------------------------------------------------------------------------------------------
                                              0.296088   data required time
                                             -2.747415   data arrival time
---------------------------------------------------------------------------------------------
                                              2.451327   slack (MET)


Startpoint: rst_ni (input port clocked by clk_i)
Endpoint: _186_ (removal check against rising-edge clock clk_i)
Path Group: asynchronous
Path Type: min

Fanout         Cap        Slew       Delay        Time   Description
---------------------------------------------------------------------------------------------
                                  0.000000    0.000000   clock clk_i (rise edge)
                                  0.000000    0.000000   clock network delay (propagated)
                                  2.000000    2.000000 ^ input external delay
     1    0.006073    0.023039    0.005100    2.005100 ^ rst_ni (in)
                                                         rst_ni (net)
                      0.023040    0.000000    2.005100 ^ input1/A (sg13g2_buf_1)
     1    0.003235    0.023246    0.058130    2.063230 ^ input1/X (sg13g2_buf_1)
                                                         net1 (net)
                      0.023246    0.000050    2.063280 ^ fanout26/A (sg13g2_buf_1)
     4    0.028891    0.123598    0.131759    2.195039 ^ fanout26/X (sg13g2_buf_1)
                                                         net26 (net)
                      0.123600    0.000475    2.195514 ^ fanout23/A (sg13g2_buf_1)
     8    0.064036    0.265347    0.264943    2.460457 ^ fanout23/X (sg13g2_buf_1)
                                                         net23 (net)
                      0.265365    0.001859    2.462316 ^ fanout22/A (sg13g2_buf_1)
     8    0.057265    0.237890    0.282643    2.744959 ^ fanout22/X (sg13g2_buf_1)
                                                         net22 (net)
                      0.238001    0.002579    2.747537 ^ _186_/RESET_B (sg13g2_dfrbpq_1)
                                              2.747537   data arrival time

                                  0.000000    0.000000   clock clk_i (rise edge)
                                  0.000000    0.000000   clock source latency
     1    0.029451    0.044082    0.025766    0.025766 ^ clk_i (in)
                                                         clk_i (net)
                      0.044431    0.000000    0.025766 ^ clkbuf_0_clk_i/A (sg13g2_buf_16)
     8    0.171793    0.056760    0.097119    0.122885 ^ clkbuf_0_clk_i/X (sg13g2_buf_16)
                                                         clknet_0_clk_i (net)
                      0.058916    0.008624    0.131508 ^ clkbuf_3_3__f_clk_i/A (sg13g2_buf_16)
     4    0.020712    0.020991    0.079248    0.210757 ^ clkbuf_3_3__f_clk_i/X (sg13g2_buf_16)
                                                         clknet_3_3__leaf_clk_i (net)
                      0.021004    0.001035    0.211791 ^ _186_/CLK (sg13g2_dfrbpq_1)
                                  0.250000    0.461791   clock uncertainty
                                  0.000000    0.461791   clock reconvergence pessimism
                                 -0.165645    0.296146   library removal time
                                              0.296146   data required time
---------------------------------------------------------------------------------------------
                                              0.296146   data required time
                                             -2.747537   data arrival time
---------------------------------------------------------------------------------------------
                                              2.451391   slack (MET)


Startpoint: rst_ni (input port clocked by clk_i)
Endpoint: _199_ (removal check against rising-edge clock clk_i)
Path Group: asynchronous
Path Type: min

Fanout         Cap        Slew       Delay        Time   Description
---------------------------------------------------------------------------------------------
                                  0.000000    0.000000   clock clk_i (rise edge)
                                  0.000000    0.000000   clock network delay (propagated)
                                  2.000000    2.000000 ^ input external delay
     1    0.006073    0.023039    0.005100    2.005100 ^ rst_ni (in)
                                                         rst_ni (net)
                      0.023040    0.000000    2.005100 ^ input1/A (sg13g2_buf_1)
     1    0.003235    0.023246    0.058130    2.063230 ^ input1/X (sg13g2_buf_1)
                                                         net1 (net)
                      0.023246    0.000050    2.063280 ^ fanout26/A (sg13g2_buf_1)
     4    0.028891    0.123598    0.131759    2.195039 ^ fanout26/X (sg13g2_buf_1)
                                                         net26 (net)
                      0.123600    0.000475    2.195514 ^ fanout23/A (sg13g2_buf_1)
     8    0.064036    0.265347    0.264943    2.460457 ^ fanout23/X (sg13g2_buf_1)
                                                         net23 (net)
                      0.265365    0.001859    2.462316 ^ fanout22/A (sg13g2_buf_1)
     8    0.057265    0.237890    0.282643    2.744959 ^ fanout22/X (sg13g2_buf_1)
                                                         net22 (net)
                      0.237969    0.001137    2.746095 ^ _199_/RESET_B (sg13g2_dfrbpq_1)
                                              2.746095   data arrival time

                                  0.000000    0.000000   clock clk_i (rise edge)
                                  0.000000    0.000000   clock source latency
     1    0.029451    0.044082    0.025766    0.025766 ^ clk_i (in)
                                                         clk_i (net)
                      0.044431    0.000000    0.025766 ^ clkbuf_0_clk_i/A (sg13g2_buf_16)
     8    0.171793    0.056760    0.097119    0.122885 ^ clkbuf_0_clk_i/X (sg13g2_buf_16)
                                                         clknet_0_clk_i (net)
                      0.058421    0.007586    0.130470 ^ clkbuf_3_2__f_clk_i/A (sg13g2_buf_16)
     4    0.021648    0.021180    0.079236    0.209707 ^ clkbuf_3_2__f_clk_i/X (sg13g2_buf_16)
                                                         clknet_3_2__leaf_clk_i (net)
                      0.021184    0.000551    0.210258 ^ _199_/CLK (sg13g2_dfrbpq_1)
                                  0.250000    0.460258   clock uncertainty
                                  0.000000    0.460258   clock reconvergence pessimism
                                 -0.165611    0.294646   library removal time
                                              0.294646   data required time
---------------------------------------------------------------------------------------------
                                              0.294646   data required time
                                             -2.746095   data arrival time
---------------------------------------------------------------------------------------------
                                              2.451449   slack (MET)


Startpoint: rst_ni (input port clocked by clk_i)
Endpoint: _171_ (removal check against rising-edge clock clk_i)
Path Group: asynchronous
Path Type: min

Fanout         Cap        Slew       Delay        Time   Description
---------------------------------------------------------------------------------------------
                                  0.000000    0.000000   clock clk_i (rise edge)
                                  0.000000    0.000000   clock network delay (propagated)
                                  2.000000    2.000000 ^ input external delay
     1    0.006073    0.023039    0.005100    2.005100 ^ rst_ni (in)
                                                         rst_ni (net)
                      0.023040    0.000000    2.005100 ^ input1/A (sg13g2_buf_1)
     1    0.003235    0.023246    0.058130    2.063230 ^ input1/X (sg13g2_buf_1)
                                                         net1 (net)
                      0.023246    0.000050    2.063280 ^ fanout26/A (sg13g2_buf_1)
     4    0.028891    0.123598    0.131759    2.195039 ^ fanout26/X (sg13g2_buf_1)
                                                         net26 (net)
                      0.123600    0.000475    2.195514 ^ fanout23/A (sg13g2_buf_1)
     8    0.064036    0.265347    0.264943    2.460457 ^ fanout23/X (sg13g2_buf_1)
                                                         net23 (net)
                      0.265365    0.001859    2.462316 ^ fanout22/A (sg13g2_buf_1)
     8    0.057265    0.237890    0.282643    2.744959 ^ fanout22/X (sg13g2_buf_1)
                                                         net22 (net)
                      0.237973    0.001412    2.746370 ^ _171_/RESET_B (sg13g2_dfrbpq_1)
                                              2.746370   data arrival time

                                  0.000000    0.000000   clock clk_i (rise edge)
                                  0.000000    0.000000   clock source latency
     1    0.029451    0.044082    0.025766    0.025766 ^ clk_i (in)
                                                         clk_i (net)
                      0.044431    0.000000    0.025766 ^ clkbuf_0_clk_i/A (sg13g2_buf_16)
     8    0.171793    0.056760    0.097119    0.122885 ^ clkbuf_0_clk_i/X (sg13g2_buf_16)
                                                         clknet_0_clk_i (net)
                      0.058421    0.007586    0.130470 ^ clkbuf_3_2__f_clk_i/A (sg13g2_buf_16)
     4    0.021648    0.021180    0.079236    0.209707 ^ clkbuf_3_2__f_clk_i/X (sg13g2_buf_16)
                                                         clknet_3_2__leaf_clk_i (net)
                      0.021185    0.000637    0.210344 ^ _171_/CLK (sg13g2_dfrbpq_1)
                                  0.250000    0.460344   clock uncertainty
                                  0.000000    0.460344   clock reconvergence pessimism
                                 -0.165612    0.294731   library removal time
                                              0.294731   data required time
---------------------------------------------------------------------------------------------
                                              0.294731   data required time
                                             -2.746370   data arrival time
---------------------------------------------------------------------------------------------
                                              2.451639   slack (MET)


Startpoint: rst_ni (input port clocked by clk_i)
Endpoint: _200_ (removal check against rising-edge clock clk_i)
Path Group: asynchronous
Path Type: min

Fanout         Cap        Slew       Delay        Time   Description
---------------------------------------------------------------------------------------------
                                  0.000000    0.000000   clock clk_i (rise edge)
                                  0.000000    0.000000   clock network delay (propagated)
                                  2.000000    2.000000 ^ input external delay
     1    0.006073    0.023039    0.005100    2.005100 ^ rst_ni (in)
                                                         rst_ni (net)
                      0.023040    0.000000    2.005100 ^ input1/A (sg13g2_buf_1)
     1    0.003235    0.023246    0.058130    2.063230 ^ input1/X (sg13g2_buf_1)
                                                         net1 (net)
                      0.023246    0.000050    2.063280 ^ fanout26/A (sg13g2_buf_1)
     4    0.028891    0.123598    0.131759    2.195039 ^ fanout26/X (sg13g2_buf_1)
                                                         net26 (net)
                      0.123600    0.000475    2.195514 ^ fanout23/A (sg13g2_buf_1)
     8    0.064036    0.265347    0.264943    2.460457 ^ fanout23/X (sg13g2_buf_1)
                                                         net23 (net)
                      0.265365    0.001859    2.462316 ^ fanout22/A (sg13g2_buf_1)
     8    0.057265    0.237890    0.282643    2.744959 ^ fanout22/X (sg13g2_buf_1)
                                                         net22 (net)
                      0.237970    0.001249    2.746207 ^ _200_/RESET_B (sg13g2_dfrbpq_1)
                                              2.746207   data arrival time

                                  0.000000    0.000000   clock clk_i (rise edge)
                                  0.000000    0.000000   clock source latency
     1    0.029451    0.044082    0.025766    0.025766 ^ clk_i (in)
                                                         clk_i (net)
                      0.044431    0.000000    0.025766 ^ clkbuf_0_clk_i/A (sg13g2_buf_16)
     8    0.171793    0.056760    0.097119    0.122885 ^ clkbuf_0_clk_i/X (sg13g2_buf_16)
                                                         clknet_0_clk_i (net)
                      0.058421    0.007586    0.130470 ^ clkbuf_3_2__f_clk_i/A (sg13g2_buf_16)
     4    0.021648    0.021180    0.079236    0.209707 ^ clkbuf_3_2__f_clk_i/X (sg13g2_buf_16)
                                                         clknet_3_2__leaf_clk_i (net)
                      0.021183    0.000475    0.210182 ^ _200_/CLK (sg13g2_dfrbpq_1)
                                  0.250000    0.460182   clock uncertainty
                                  0.000000    0.460182   clock reconvergence pessimism
                                 -0.165612    0.294570   library removal time
                                              0.294570   data required time
---------------------------------------------------------------------------------------------
                                              0.294570   data required time
                                             -2.746207   data arrival time
---------------------------------------------------------------------------------------------
                                              2.451638   slack (MET)


Startpoint: rst_ni (input port clocked by clk_i)
Endpoint: _189_ (removal check against rising-edge clock clk_i)
Path Group: asynchronous
Path Type: min

Fanout         Cap        Slew       Delay        Time   Description
---------------------------------------------------------------------------------------------
                                  0.000000    0.000000   clock clk_i (rise edge)
                                  0.000000    0.000000   clock network delay (propagated)
                                  2.000000    2.000000 ^ input external delay
     1    0.006073    0.023039    0.005100    2.005100 ^ rst_ni (in)
                                                         rst_ni (net)
                      0.023040    0.000000    2.005100 ^ input1/A (sg13g2_buf_1)
     1    0.003235    0.023246    0.058130    2.063230 ^ input1/X (sg13g2_buf_1)
                                                         net1 (net)
                      0.023246    0.000050    2.063280 ^ fanout26/A (sg13g2_buf_1)
     4    0.028891    0.123598    0.131759    2.195039 ^ fanout26/X (sg13g2_buf_1)
                                                         net26 (net)
                      0.123600    0.000475    2.195514 ^ fanout23/A (sg13g2_buf_1)
     8    0.064036    0.265347    0.264943    2.460457 ^ fanout23/X (sg13g2_buf_1)
                                                         net23 (net)
                      0.265365    0.001859    2.462316 ^ fanout22/A (sg13g2_buf_1)
     8    0.057265    0.237890    0.282643    2.744959 ^ fanout22/X (sg13g2_buf_1)
                                                         net22 (net)
                      0.237977    0.001626    2.746584 ^ _189_/RESET_B (sg13g2_dfrbpq_1)
                                              2.746584   data arrival time

                                  0.000000    0.000000   clock clk_i (rise edge)
                                  0.000000    0.000000   clock source latency
     1    0.029451    0.044082    0.025766    0.025766 ^ clk_i (in)
                                                         clk_i (net)
                      0.044431    0.000000    0.025766 ^ clkbuf_0_clk_i/A (sg13g2_buf_16)
     8    0.171793    0.056760    0.097119    0.122885 ^ clkbuf_0_clk_i/X (sg13g2_buf_16)
                                                         clknet_0_clk_i (net)
                      0.058421    0.007586    0.130470 ^ clkbuf_3_2__f_clk_i/A (sg13g2_buf_16)
     4    0.021648    0.021180    0.079236    0.209707 ^ clkbuf_3_2__f_clk_i/X (sg13g2_buf_16)
                                                         clknet_3_2__leaf_clk_i (net)
                      0.021183    0.000520    0.210226 ^ _189_/CLK (sg13g2_dfrbpq_1)
                                  0.250000    0.460226   clock uncertainty
                                  0.000000    0.460226   clock reconvergence pessimism
                                 -0.165614    0.294612   library removal time
                                              0.294612   data required time
---------------------------------------------------------------------------------------------
                                              0.294612   data required time
                                             -2.746584   data arrival time
---------------------------------------------------------------------------------------------
                                              2.451972   slack (MET)


Startpoint: rst_ni (input port clocked by clk_i)
Endpoint: _172_ (removal check against rising-edge clock clk_i)
Path Group: asynchronous
Path Type: min

Fanout         Cap        Slew       Delay        Time   Description
---------------------------------------------------------------------------------------------
                                  0.000000    0.000000   clock clk_i (rise edge)
                                  0.000000    0.000000   clock network delay (propagated)
                                  2.000000    2.000000 ^ input external delay
     1    0.006073    0.023039    0.005100    2.005100 ^ rst_ni (in)
                                                         rst_ni (net)
                      0.023040    0.000000    2.005100 ^ input1/A (sg13g2_buf_1)
     1    0.003235    0.023246    0.058130    2.063230 ^ input1/X (sg13g2_buf_1)
                                                         net1 (net)
                      0.023246    0.000050    2.063280 ^ fanout26/A (sg13g2_buf_1)
     4    0.028891    0.123598    0.131759    2.195039 ^ fanout26/X (sg13g2_buf_1)
                                                         net26 (net)
                      0.123600    0.000475    2.195514 ^ fanout23/A (sg13g2_buf_1)
     8    0.064036    0.265347    0.264943    2.460457 ^ fanout23/X (sg13g2_buf_1)
                                                         net23 (net)
                      0.265365    0.001859    2.462316 ^ fanout22/A (sg13g2_buf_1)
     8    0.057265    0.237890    0.282643    2.744959 ^ fanout22/X (sg13g2_buf_1)
                                                         net22 (net)
                      0.237975    0.001535    2.746493 ^ _172_/RESET_B (sg13g2_dfrbpq_1)
                                              2.746493   data arrival time

                                  0.000000    0.000000   clock clk_i (rise edge)
                                  0.000000    0.000000   clock source latency
     1    0.029451    0.044082    0.025766    0.025766 ^ clk_i (in)
                                                         clk_i (net)
                      0.044431    0.000000    0.025766 ^ clkbuf_0_clk_i/A (sg13g2_buf_16)
     8    0.171793    0.056760    0.097119    0.122885 ^ clkbuf_0_clk_i/X (sg13g2_buf_16)
                                                         clknet_0_clk_i (net)
                      0.058203    0.007086    0.129971 ^ clkbuf_3_0__f_clk_i/A (sg13g2_buf_16)
     4    0.020709    0.020956    0.078952    0.208922 ^ clkbuf_3_0__f_clk_i/X (sg13g2_buf_16)
                                                         clknet_3_0__leaf_clk_i (net)
                      0.020961    0.000589    0.209512 ^ _172_/CLK (sg13g2_dfrbpq_1)
                                  0.250000    0.459512   clock uncertainty
                                  0.000000    0.459512   clock reconvergence pessimism
                                 -0.165643    0.293869   library removal time
                                              0.293869   data required time
---------------------------------------------------------------------------------------------
                                              0.293869   data required time
                                             -2.746493   data arrival time
---------------------------------------------------------------------------------------------
                                              2.452625   slack (MET)



