net,length_um
net382,1.18671mm
net1099,1.10688mm
net759,1.055055mm
net771,1.028435mm
_00042_,1.004465mm
net767,969.245µm
net755,943.86µm
net751,928.375µm
net775,906.29µm
net783,865.925µm
net789,851.275µm
net787,841.895µm
net763,834.42µm
net793,800.925µm
net791,781.265µm
net781,767.53µm
net765,761.53µm
_06053_,700.26µm
net1088,690.035µm
_01994_,681.525µm
net1098,669.22µm
net773,662.87µm
net769,661.87µm
net986,656.715µm
_06059_,647.705µm
net1097,634.485µm
net749,632.375µm
net777,615.935µm
net801,611.375µm
net877,601.935µm
net748,599.84µm
net795,595.805µm
net878,591.955µm
net192,584.09µm
_02062_,581.29µm
net797,578.34µm
net782,569.925µm
net757,561.32µm
net785,552.55µm
comm_mem_u0.spi_u0.image_shift\[28\],549.985µm
net803,548.875µm
net799,540.55µm
net4,527.245µm
_06068_,515.75µm
net614,514.23µm
net1109,514µm
net888,506.99µm
net774,502.18µm
net1096,483.795µm
net303,477.3µm
net761,475.78µm
net103,475.255µm
net20,473.85µm
net63,456.975µm
net779,455.39µm
net462,448.095µm
net688,447.555µm
net790,440.255µm
net678,437.915µm
net196,430.84µm
net640,430.55µm
comm_mem_u0.spi_u0.image_shift\[23\],427.16µm
net753,425.795µm
net273,425.28µm
net860,417.825µm
net215,417.25µm
net1114,414.46µm
comm_mem_u0.spi_u0.weight_shift\[12\],413.735µm
comm_mem_u0.spi_u0.image_shift\[25\],407.095µm
_01861_,395.01µm
comm_mem_u0.spi_u0.weight_shift\[6\],391.88µm
net115,388.95µm
net1030,388.185µm
net893,386.665µm
_01920_,386.475µm
net786,381.21µm
net208,378.985µm
net702,375.11µm
comm_mem_u0.spi_u0.image_shift\[19\],371.8µm
net754,370.565µm
_01877_,369.94µm
comm_mem_u0.spi_u0.weight_shift\[8\],369.88µm
net768,369.88µm
comm_mem_u0.spi_u0.image_shift\[27\],369.15µm
net58,368.09µm
net276,366.945µm
net776,363.175µm
_03126_,361.365µm
_02061_,361.175µm
_02059_,358.025µm
net638,356.93µm
net445,356.495µm
comm_mem_u0.spi_u0.image_shift\[17\],355.52µm
net55,355.225µm
net198,355.14µm
CNNver2_MISO,352.495µm
net794,350.99µm
net5,350.71µm
_06455_,350.495µm
net627,349.625µm
net15,348.635µm
net1,348.57µm
_01809_,348.215µm
comm_mem_u0.spi_u0.weight_shift\[11\],348.185µm
net288,347.67µm
net615,344.47µm
net606,344µm
net1087,343.3µm
_06055_,342.695µm
_06257_,342.63µm
net762,342.02µm
net221,338.96µm
comm_mem_u0.o_img_row04\[3\],336.44µm
net770,334.985µm
net529,331.645µm
comm_mem_u0.spi_u0.image_shift\[21\],329.795µm
net648,329.39µm
net1073,329.075µm
net1074,327.28µm
net617,327.265µm
_06678_,326.63µm
net464,324.67µm
net798,324.55µm
net764,324.37µm
net407,319.465µm
net827,318.34µm
comm_mem_u0.spi_u0.image_shift\[12\],317.465µm
comm_mem_u0.spi_u0.image_shift\[9\],317.08µm
net30,316.485µm
net112,316.39µm
net744,316.35µm
net772,313.465µm
net396,313.44µm
comm_mem_u0.spi_u0.image_shift\[11\],313.135µm
net867,310.665µm
net760,309.8µm
comm_mem_u0.spi_u0.weight_shift\[0\],308.285µm
net778,306.025µm
comm_mem_u0.o_img_row03\[29\],305.93µm
comm_mem_u0.o_img_row05\[7\],304.82µm
net784,304.31µm
net637,304.235µm
net188,304.08µm
net469,303.275µm
net792,302.53µm
comm_mem_u0.spi_u0.image_shift\[10\],302.39µm
net182,301.365µm
net270,301.305µm
net128,301.195µm
comm_mem_u0.spi_u0.weight_shift\[1\],300.91µm
net150,300.555µm
comm_mem_u0.spi_u0.image_shift\[26\],299.8µm
comm_mem_u0.o_img_row03\[3\],299.19µm
net14,298.405µm
comm_mem_u0.o_img_row05\[27\],296.455µm
proc_u0.cnn_ctrl_u0.cnn_inst.cnn_inst.kernel_flat\[41\],295.13µm
net405,294.89µm
net463,293.855µm
comm_mem_u0.spi_u0.image_shift\[8\],291.84µm
net788,291.8µm
comm_mem_u0.spi_u0.image_shift\[0\],291.315µm
comm_mem_u0.o_wgt_row00\[11\],290.95µm
net742,289.99µm
net756,289.945µm
_01812_,289.23µm
net603,289.15µm
_01874_,289.05µm
net287,288.6µm
net679,288.11µm
comm_mem_u0.spi_u0.weight_shift\[7\],287.505µm
_06643_,286.94µm
net592,286.885µm
net802,286.61µm
net325,286.4µm
net84,285.95µm
net453,285.575µm
comm_mem_u0.spi_u0.image_shift\[18\],285.25µm
net107,284.76µm
net1029,284.66µm
comm_mem_u0.spi_u0.image_shift\[2\],283.895µm
net659,283.41µm
comm_mem_u0.spi_u0.image_shift\[13\],283.34µm
net191,282.825µm
net780,282.36µm
comm_mem_u0.spi_u0.image_shift\[20\],281.91µm
comm_mem_u0.o_img_row03\[27\],280.795µm
net206,280.7µm
comm_mem_u0.o_img_row01\[2\],280.475µm
comm_mem_u0.o_img_row08\[0\],280.43µm
net190,280.185µm
net727,280.14µm
comm_mem_u0.spi_u0.image_shift\[22\],279.67µm
net408,279.035µm
comm_mem_u0.o_img_row06\[28\],278.945µm
net302,278.515µm
net326,277.56µm
net28,276.805µm
net177,275.635µm
_06061_,275.585µm
net766,275.565µm
comm_mem_u0.o_img_row05\[10\],273.465µm
comm_mem_u0.spi_u0.image_shift\[7\],273.31µm
net286,272.975µm
net395,272.42µm
comm_mem_u0.spi_u0.weight_shift\[10\],272.24µm
comm_mem_u0.o_img_row03\[2\],271.97µm
net224,271.905µm
net452,271.63µm
net513,270.65µm
net274,270.21µm
comm_mem_u0.o_img_row05\[14\],269.975µm
net849,269.345µm
_01315_,268.905µm
net272,268.52µm
net800,268.285µm
net649,268.205µm
net644,268.095µm
net53,266.685µm
_01832_,266.665µm
net1032,266.535µm
net680,266.295µm
net939,266.21µm
_01457_,264.89µm
comm_mem_u0.o_img_row06\[7\],264.38µm
comm_mem_u0.o_img_row04\[12\],263.92µm
comm_mem_u0.spi_u0.image_shift\[15\],263.695µm
net985,263.2µm
net442,262.71µm
comm_mem_u0.o_img_row06\[15\],262.47µm
net841,262.04µm
comm_mem_u0.spi_u0.image_shift\[6\],261.37µm
net507,261.18µm
comm_mem_u0.spi_u0.image_shift\[4\],261.155µm
net750,261.005µm
comm_mem_u0.spi_u0.image_shift\[24\],260.43µm
net7,259.69µm
net601,258.585µm
net477,258.415µm
comm_mem_u0.spi_u0.weight_shift\[13\],258.385µm
comm_mem_u0.o_img_row05\[11\],258.215µm
net528,258.12µm
net616,257.605µm
proc_u0.cnn_ctrl_u0.cnn_inst.cnn_inst.kernel_flat\[50\],257.07µm
net677,256.69µm
_02622_,256.43µm
net455,256.245µm
comm_mem_u0.spi_u0.image_shift\[14\],256.09µm
net353,256.04µm
_01505_,255.2µm
net607,254.65µm
proc_u0.cnn_ctrl_u0.cnn_inst.cnn_inst.kernel_flat\[45\],254.385µm
net752,253.125µm
comm_mem_u0.o_img_row02\[2\],252.035µm
net403,251.93µm
comm_mem_u0.spi_u0.weight_shift\[9\],251.705µm
_02249_,251.52µm
proc_u0.cnn_ctrl_u0.cnn_inst.frag_mux.frag_sel\[1\],250.84µm
net451,250.705µm
comm_mem_u0.o_wgt_row00\[10\],250.54µm
_01981_,250.28µm
net275,249.745µm
net650,248.755µm
_01808_,248.275µm
comm_mem_u0.o_img_row02\[23\],247.145µm
net612,246.565µm
comm_mem_u0.o_img_row05\[8\],246.35µm
_02280_,246.295µm
comm_mem_u0.o_img_row05\[24\],246.235µm
comm_mem_u0.spi_u0.weight_shift\[3\],245.7µm
_06641_,245.42µm
net401,245.205µm
net526,245.06µm
comm_mem_u0.o_img_row05\[15\],245.02µm
proc_u0.cnn_ctrl_u0.cnn_inst.cnn_inst.kernel_flat\[26\],244.665µm
_03284_,244.58µm
net446,244.445µm
net108,244.03µm
net547,242.77µm
net447,241.38µm
net636,241.11µm
net969,240.08µm
net172,239.525µm
_01598_,238.01µm
proc_u0.cnn_ctrl_u0.cnn_inst.cnn_inst.window_sel\[3\],237.97µm
comm_mem_u0.spi_u0.weight_shift\[5\],237.775µm
proc_u0.cnn_ctrl_u0.cnn_inst.cnn_inst.kernel_flat\[47\],237.67µm
comm_mem_u0.o_img_row05\[20\],237.6µm
comm_mem_u0.o_img_row04\[4\],236.12µm
proc_u0.cnn_ctrl_u0.cnn_inst.cnn_inst.kernel_flat\[21\],236.045µm
net402,235.6µm
comm_mem_u0.o_img_row05\[18\],235.32µm
net197,235.245µm
net1089,235.155µm
comm_mem_u0.o_img_row04\[24\],234.585µm
_03590_,234.495µm
net605,234.08µm
net1108,233.92µm
net277,233.785µm
net876,233.66µm
_04555_,233.24µm
net222,232.44µm
comm_mem_u0.o_img_row05\[22\],232.295µm
_01851_,232.235µm
_03573_,232.17µm
_02961_,231.94µm
_02105_,231.745µm
net595,231.4µm
_06651_,231.07µm
_05187_,230.855µm
_02196_,230.59µm
proc_u0.cnn_ctrl_u0.cnn_inst.cnn_inst.window_sel\[2\],230.455µm
comm_mem_u0.o_img_row04\[0\],230.395µm
net887,230.27µm
comm_mem_u0.spi_u0.image_shift\[1\],230.08µm
net669,229.69µm
net333,229.665µm
_03149_,229µm
net6,227.9µm
comm_mem_u0.spi_u0.image_shift\[16\],227.875µm
comm_mem_u0.spi_u0.weight_shift\[2\],226.995µm
comm_mem_u0.o_img_row05\[9\],226.985µm
comm_mem_u0.o_img_row04\[26\],226.455µm
net59,226.4µm
net284,226.255µm
net139,225.725µm
net724,225.405µm
net458,224.72µm
comm_mem_u0.o_img_row04\[7\],224.38µm
_06645_,224.05µm
net235,223.87µm
net468,222.655µm
net163,222.575µm
_03698_,222.23µm
_03909_,221.98µm
_01993_,221.455µm
_01879_,220.8µm
comm_mem_u0.spi_u0.image_shift\[5\],220.69µm
comm_mem_u0.o_wgt_row00\[14\],220.62µm
net193,220.515µm
net444,220.515µm
net1093,220.285µm
proc_u0.cnn_ctrl_u0.cnn_inst.cnn_inst.kernel_flat\[25\],220.025µm
comm_mem_u0.o_img_row04\[25\],219.88µm
comm_mem_u0.o_img_row00\[6\],219.115µm
net593,218.39µm
net349,218.12µm
net242,217.955µm
net143,217.75µm
net622,217.555µm
_01844_,217.545µm
net226,217.135µm
_01453_,216.97µm
_01456_,216.39µm
_01875_,216.15µm
net816,215.7µm
net599,215.16µm
_02074_,214.84µm
comm_mem_u0.o_wgt_row01\[3\],214.24µm
net110,214.14µm
net796,213.805µm
net398,212.83µm
_01804_,212.685µm
_01873_,212.645µm
_01459_,212.525µm
_01876_,212.105µm
comm_mem_u0.o_img_row03\[24\],212.055µm
comm_mem_u0.spi_u0.image_shift\[3\],211.94µm
_03506_,211.925µm
net244,211.915µm
comm_mem_u0.o_img_row04\[16\],211.895µm
comm_mem_u0.o_wgt_row01\[5\],211.87µm
proc_u0.cnn_ctrl_u0.cnn_inst.cnn_inst.kernel_flat\[48\],211.78µm
net826,211.76µm
net610,211.65µm
net804,211.18µm
net111,211µm
comm_mem_u0.o_img_row06\[6\],210.97µm
net422,210.61µm
net269,210.605µm
comm_mem_u0.o_wgt_row00\[8\],210.52µm
net260,210.42µm
_04369_,210.395µm
_03866_,210.265µm
net116,210.215µm
_06487_,210.185µm
_01949_,209.99µm
comm_mem_u0.spi_u0.weight_shift\[4\],209.955µm
comm_mem_u0.o_img_row06\[16\],209.895µm
comm_mem_u0.o_img_row01\[8\],209.56µm
comm_mem_u0.o_img_row02\[3\],208.93µm
proc_u0.cnn_ctrl_u0.cnn_inst.cnn_inst.kernel_flat\[29\],208.765µm
_01862_,208.725µm
net62,208.615µm
net285,208.61µm
net600,208.575µm
_04280_,208.51µm
_04537_,207.97µm
net1095,207.785µm
net289,207.695µm
comm_mem_u0.o_img_row04\[13\],207.395µm
net219,206.84µm
proc_u0.cnn_ctrl_u0.cnn_inst.cnn_inst.kernel_flat\[42\],206.635µm
_06324_,206.245µm
_03718_,206.135µm
net176,206.01µm
net623,205.91µm
net54,205.5µm
_02150_,205.385µm
net810,205.325µm
net393,204.465µm
_03811_,204.385µm
_06292_,203.965µm
net938,203.965µm
_05892_,203.795µm
_01980_,203.69µm
net129,203.66µm
net598,203.645µm
net1084,203.535µm
net872,202.86µm
net1085,202.72µm
_01978_,202.63µm
net65,202.6µm
net441,202.285µm
net255,202.205µm
comm_mem_u0.o_img_row01\[20\],202.12µm
proc_u0.cnn_ctrl_u0.cnn_inst.cnn_inst.kernel_flat\[56\],201.78µm
net26,201.71µm
comm_mem_u0.o_img_row02\[1\],201.645µm
_01621_,200.68µm
_03043_,200.44µm
net449,200.265µm
comm_mem_u0.o_img_row00\[5\],199.995µm
net1024,199.685µm
_02151_,199.405µm
net305,199.07µm
net604,199.005µm
net423,198.92µm
comm_mem_u0.o_img_row06\[13\],198.83µm
_03154_,198.415µm
net1090,198.19µm
net758,197.635µm
comm_mem_u0.o_img_row07\[18\],197.61µm
comm_mem_u0.o_img_row06\[12\],197.39µm
net662,197.145µm
comm_mem_u0.o_img_row09\[15\],197.06µm
net332,197.035µm
comm_mem_u0.o_img_row07\[19\],196.925µm
net842,196.85µm
comm_mem_u0.o_img_row05\[17\],196.73µm
comm_mem_u0.o_img_row03\[7\],196.465µm
net120,195.85µm
_04545_,195.76µm
comm_mem_u0.o_img_row04\[8\],195.405µm
net391,195.365µm
net457,195.355µm
net733,195.22µm
_01909_,194.915µm
net169,194.74µm
net718,194.49µm
proc_u0.cnn_ctrl_u0.cnn_inst.cnn_inst.kernel_flat\[35\],194.48µm
_05221_,194.415µm
_03829_,194.34µm
net181,194.285µm
_04490_,193.995µm
net645,193.735µm
_01458_,193.7µm
_04404_,193.61µm
_02428_,193.27µm
_01859_,193.235µm
comm_mem_u0.o_img_row05\[19\],193.155µm
_01982_,191.91µm
_05997_,191.53µm
net864,191.43µm
comm_mem_u0.o_img_row07\[10\],191.16µm
_02691_,190.34µm
net165,190.24µm
net674,190.145µm
net692,188.935µm
proc_u0.cnn_ctrl_u0.cnn_inst.cnn_inst.window_sel\[1\],188.635µm
comm_mem_u0.o_wgt_row01\[4\],188.625µm
net213,188.545µm
_04449_,188.185µm
net743,187.805µm
net160,187.73µm
_06653_,187.715µm
_04522_,187.605µm
net229,187.53µm
net387,187.505µm
net639,187.31µm
comm_mem_u0.o_img_row07\[0\],187.275µm
comm_mem_u0.o_img_row03\[26\],187.11µm
comm_mem_u0.o_img_row04\[27\],187.09µm
_05153_,186.66µm
net29,186.44µm
net1008,185.765µm
_04336_,185.21µm
net456,185.205µm
net852,184.83µm
_03814_,184.805µm
net503,184.795µm
net256,184.4µm
_01460_,184.34µm
net840,184.24µm
net34,183.9µm
net516,183.845µm
net613,182.895µm
_03679_,182.81µm
net257,182.575µm
net245,182.475µm
comm_mem_u0.o_img_row04\[28\],182.38µm
comm_mem_u0.o_img_row03\[23\],182.225µm
_03324_,181.89µm
comm_mem_u0.o_img_row03\[22\],181.595µm
_04860_,181.58µm
net22,181.58µm
_03795_,181.56µm
_03833_,181.435µm
net390,180.9µm
net153,180.85µm
net443,180.645µm
_01835_,180.51µm
_04787_,180.37µm
comm_mem_u0.o_img_row06\[9\],180.275µm
net611,179.755µm
comm_mem_u0.o_img_row08\[23\],179.29µm
net207,179.21µm
_01658_,178.965µm
comm_mem_u0.o_img_row03\[8\],178.945µm
_04486_,178.875µm
comm_mem_u0.o_img_row09\[13\],178.33µm
net394,178.01µm
net871,177.765µm
_06357_,177.71µm
net1106,177.63µm
comm_mem_u0.o_img_row07\[15\],177.57µm
net33,177.55µm
_02857_,177.545µm
comm_mem_u0.o_img_row02\[7\],177.335µm
comm_mem_u0.o_img_row04\[29\],176.995µm
net673,176.77µm
net1094,176.765µm
net676,176.67µm
net278,176.65µm
_01823_,176.57µm
_05051_,176.445µm
comm_mem_u0.o_img_row06\[0\],176.34µm
net508,176.195µm
net161,176.185µm
comm_mem_u0.o_img_row09\[11\],176.01µm
net725,175.875µm
net746,175.825µm
net741,175.805µm
_04285_,175.725µm
net246,175.625µm
net48,175.61µm
_03792_,175.485µm
comm_mem_u0.o_img_row08\[18\],175.31µm
proc_u0.cnn_ctrl_u0.cnn_inst.cnn_inst.kernel_flat\[52\],175.155µm
_01753_,175.065µm
net81,174.92µm
net815,174.415µm
net414,173.9µm
_05188_,173.78µm
comm_mem_u0.o_img_row03\[6\],173.695µm
_02919_,173.46µm
_01654_,173.35µm
net847,173.28µm
_05998_,173.17µm
net647,173.155µm
net502,173.005µm
net406,172.965µm
_02596_,172.96µm
comm_mem_u0.o_img_row05\[12\],172.78µm
net23,172.78µm
net885,172.76µm
net874,172.74µm
net180,172.3µm
_02475_,171.325µm
comm_mem_u0.o_img_row01\[12\],171.25µm
net281,171.145µm
net52,170.795µm
comm_mem_u0.o_img_row09\[27\],170.75µm
net745,170.74µm
net1091,170.37µm
proc_u0.cnn_ctrl_u0.cnn_inst.cnn_inst.kernel_flat\[62\],170.15µm
_01869_,169.89µm
net195,169.41µm
comm_mem_u0.o_img_row05\[6\],169.405µm
net668,169.19µm
net646,169.055µm
proc_u0.cnn_ctrl_u0.cnn_inst.cnn_inst.kernel_flat\[68\],168.91µm
comm_mem_u0.o_img_row08\[21\],168.665µm
proc_u0.cnn_ctrl_u0.cnn_inst.cnn_inst.kernel_flat\[32\],168.615µm
net632,168.31µm
net236,168.055µm
comm_mem_u0.o_img_row02\[15\],167.91µm
_04997_,167.865µm
net189,167.765µm
_01461_,167.73µm
_05209_,167.66µm
net633,167.345µm
net1023,166.69µm
comm_mem_u0.o_img_row02\[27\],166.68µm
_04794_,166.2µm
comm_mem_u0.o_img_row05\[3\],166.1µm
net642,165.925µm
_03104_,165.855µm
comm_mem_u0.o_img_row08\[15\],165.805µm
_04333_,165.64µm
net173,165.575µm
_02058_,165.225µm
net628,165.12µm
comm_mem_u0.o_img_row09\[16\],165.1µm
_03915_,165.09µm
net734,165.07µm
net1047,164.815µm
net836,164.495µm
_03712_,164.28µm
net837,164.125µm
net620,163.985µm
net10,163.86µm
net386,163.72µm
net12,163.585µm
comm_mem_u0.o_img_row01\[28\],163.575µm
net127,163.455µm
_02754_,163.38µm
_03854_,163.315µm
_06147_,163.105µm
_03870_,162.99µm
net682,162.81µm
_02758_,162.57µm
net148,162.52µm
_05214_,162.43µm
comm_mem_u0.o_img_row04\[22\],162.17µm
net624,162.095µm
net155,162.085µm
net868,161.895µm
comm_mem_u0.o_img_row04\[15\],161.81µm
net1002,161.73µm
net977,161.72µm
net138,161.71µm
net296,161.14µm
_03989_,161.135µm
net19,160.975µm
net635,160.96µm
_02094_,160.875µm
_01828_,160.86µm
net227,160.695µm
_02378_,160.63µm
net311,160.535µm
net665,160.44µm
net511,160.35µm
comm_mem_u0.o_img_row04\[18\],160.3µm
net27,160.27µm
net450,160.215µm
comm_mem_u0.o_wgt_row01\[9\],159.8µm
net16,159.795µm
comm_mem_u0.o_img_row04\[17\],159.74µm
_02270_,159.54µm
comm_mem_u0.o_img_row06\[8\],159.425µm
net125,159.41µm
comm_mem_u0.o_img_row06\[5\],159.345µm
_03285_,159.285µm
_03481_,159.115µm
_01791_,159.06µm
net460,159.03µm
comm_mem_u0.o_img_row01\[6\],158.825µm
net717,158.665µm
net472,158.64µm
net282,158.625µm
net726,158.485µm
net141,158.36µm
comm_mem_u0.o_img_row06\[1\],158.23µm
net854,158.015µm
net459,157.625µm
net666,157.35µm
net687,157.3µm
net608,157.265µm
net322,157.22µm
net106,157.095µm
_05041_,156.87µm
net237,156.675µm
net240,156.585µm
_01614_,156.57µm
net64,156.515µm
net331,156.29µm
net955,156.16µm
net482,156.04µm
comm_mem_u0.o_img_row02\[11\],156.01µm
_03887_,155.87µm
net643,155.675µm
_03697_,155.12µm
net884,155.11µm
comm_mem_u0.o_img_row03\[0\],154.99µm
comm_mem_u0.o_img_row07\[11\],154.945µm
net561,154.81µm
_01853_,154.65µm
_02703_,154.445µm
net146,154.345µm
net906,154.29µm
_02599_,154.265µm
_04880_,153.79µm
proc_u0.cnn_ctrl_u0.cnn_inst.cnn_inst.kernel_flat\[57\],153.63µm
comm_mem_u0.o_img_row08\[20\],153.59µm
net1105,153.59µm
comm_mem_u0.o_img_row08\[8\],153.53µm
_04779_,153.48µm
net18,153.475µm
net31,153.38µm
net619,153.3µm
_01450_,153.26µm
_06646_,153.09µm
comm_mem_u0.o_img_row07\[13\],153.085µm
net352,152.97µm
_03039_,152.915µm
_03997_,152.815µm
net949,152.755µm
net149,152.73µm
comm_mem_u0.o_wgt_row01\[0\],152.58µm
net140,152.56µm
net217,152.56µm
comm_mem_u0.o_img_row00\[27\],152.41µm
net899,152.105µm
_02114_,152.05µm
net185,151.98µm
_03969_,151.96µm
net831,151.745µm
_04282_,151.68µm
_01837_,151.655µm
net400,151.65µm
net626,151.61µm
net179,151.395µm
net740,151.36µm
comm_mem_u0.o_img_row02\[0\],151.31µm
_01546_,151.23µm
comm_mem_u0.o_img_row01\[22\],151.03µm
_03256_,150.955µm
_03952_,150.94µm
net362,150.925µm
_03614_,150.87µm
net433,150.835µm
_01680_,150.725µm
net114,150.725µm
net175,150.525µm
net471,150.28µm
net839,150.23µm
net183,150.125µm
_04521_,150.11µm
_06326_,149.975µm
_03888_,149.85µm
net92,149.83µm
_03549_,149.58µm
comm_mem_u0.o_img_row09\[19\],149.49µm
proc_u0.cnn_ctrl_u0.cnn_inst.cnn_inst.kernel_flat\[53\],149.43µm
net972,149.36µm
net249,149.22µm
net430,149.015µm
net857,148.745µm
net416,148.7µm
_03227_,148.635µm
_01833_,148.58µm
net271,148.49µm
_02067_,148.465µm
_05159_,148.23µm
_06007_,148.21µm
net299,148.205µm
net40,148.14µm
comm_mem_u0.o_img_row03\[4\],147.91µm
net703,147.885µm
comm_mem_u0.o_img_row06\[17\],147.59µm
comm_mem_u0.o_img_row09\[7\],147.375µm
net168,147.23µm
net937,147.075µm
net1050,146.945µm
comm_mem_u0.o_img_row05\[23\],146.83µm
comm_mem_u0.o_img_row05\[1\],146.8µm
net343,146.695µm
net216,146.645µm
_04996_,146.56µm
net832,146.45µm
net675,146.435µm
comm_mem_u0.o_img_row01\[23\],146.42µm
net42,146.305µm
comm_mem_u0.o_img_row01\[16\],146.235µm
_05155_,145.8µm
_02929_,145.785µm
net1048,145.48µm
comm_mem_u0.o_img_row00\[7\],145.315µm
net461,145.09µm
net609,145.015µm
net1062,145.005µm
net294,144.93µm
net697,144.75µm
net43,144.58µm
net134,144.565µm
net1083,144.56µm
net625,144.425µm
proc_u0.cnn_ctrl_u0.cnn_inst.cnn_inst.kernel_flat\[59\],144.38µm
net435,144.33µm
net439,144.22µm
_03007_,144.03µm
comm_mem_u0.o_img_row01\[18\],143.935µm
comm_mem_u0.o_img_row08\[9\],143.9µm
net809,143.835µm
comm_mem_u0.o_img_row08\[16\],143.66µm
comm_mem_u0.o_img_row09\[9\],143.625µm
net661,143.265µm
net253,143.215µm
net1072,143.025µm
comm_mem_u0.o_img_row08\[19\],143.01µm
_02152_,143µm
comm_mem_u0.o_img_row05\[13\],142.99µm
net399,142.73µm
net863,142.625µm
net512,142.475µm
net521,142.385µm
net691,142.315µm
net843,142.24µm
proc_u0.cnn_ctrl_u0.cnn_inst.cnn_inst.kernel_flat\[51\],142.125µm
comm_mem_u0.o_wgt_row01\[1\],141.715µm
net126,141.525µm
net3,141.5µm
net701,141.39µm
_05145_,141.36µm
net291,141.325µm
net156,141.22µm
_02813_,141.14µm
net591,140.975µm
net79,140.97µm
comm_mem_u0.o_img_row07\[12\],140.74µm
_01991_,140.7µm
_05994_,140.7µm
comm_mem_u0.o_img_row09\[22\],140.58µm
_01818_,140.425µm
comm_mem_u0.o_img_row02\[17\],140.395µm
_02495_,140.37µm
comm_mem_u0.o_img_row05\[25\],140.33µm
net258,140.175µm
net211,140.07µm
net266,139.89µm
net312,139.86µm
net594,139.795µm
net814,139.52µm
_01906_,139.28µm
_03026_,138.985µm
_04511_,138.98µm
net920,138.91µm
net50,138.825µm
_03542_,138.7µm
net383,138.58µm
net1058,138.525µm
comm_mem_u0.o_img_row06\[10\],137.955µm
_01637_,137.79µm
_05993_,137.77µm
net917,137.525µm
comm_mem_u0.o_img_row07\[5\],137.315µm
_02560_,137.27µm
_04292_,137.26µm
net732,137.2µm
net113,137.135µm
net859,137.045µm
net944,136.955µm
net1086,136.955µm
_01854_,136.88µm
net1080,136.86µm
_04824_,136.85µm
net911,136.82µm
net372,136.39µm
_06008_,136.3µm
net298,136.255µm
comm_mem_u0.o_img_row03\[17\],136.135µm
proc_u0.cnn_ctrl_u0.cnn_inst.cnn_inst.kernel_flat\[60\],135.995µm
net75,135.89µm
comm_mem_u0.o_img_row09\[21\],135.85µm
net921,135.68µm
net283,135.655µm
comm_mem_u0.o_img_row02\[29\],135.605µm
net152,135.495µm
net856,135.31µm
comm_mem_u0.o_img_row00\[22\],135.115µm
_02467_,135.02µm
comm_mem_u0.o_img_row02\[13\],134.895µm
net321,134.7µm
_04673_,134.26µm
net853,134.04µm
net714,133.895µm
_05020_,133.81µm
_03074_,133.73µm
net347,133.59µm
comm_mem_u0.o_img_row00\[21\],133.15µm
_06017_,132.61µm
_02097_,132.59µm
net835,132.575µm
comm_mem_u0.o_img_row01\[14\],132.19µm
_06649_,132.18µm
comm_mem_u0.o_wgt_row01\[12\],131.96µm
net355,131.83µm
_06640_,131.81µm
net711,131.745µm
net1110,131.705µm
_05662_,131.7µm
_02225_,131.645µm
_03548_,131.45µm
comm_mem_u0.o_img_row01\[4\],131.315µm
comm_mem_u0.spi_u0.loader_image_sm.row_latch\[0\],131.3µm
comm_mem_u0.spi_u0.loader_image_sm.row_latch\[1\],131.295µm
net418,131.255µm
net807,131.25µm
net855,131.175µm
net147,131.14µm
comm_mem_u0.o_img_row00\[18\],131.105µm
net203,130.87µm
net466,130.845µm
comm_mem_u0.o_img_row01\[26\],130.84µm
_05995_,130.765µm
_05754_,130.75µm
net136,130.61µm
net223,130.48µm
net233,130.43µm
net61,130.38µm
comm_mem_u0.o_img_row00\[28\],130.21µm
net838,130.16µm
_03908_,129.94µm
net1031,129.73µm
_00039_,129.605µm
_01872_,129.455µm
net501,129.32µm
net1069,128.71µm
comm_mem_u0.o_img_row02\[9\],128.49µm
net243,128.43µm
net38,128.395µm
_06724_,128.36µm
net109,128.18µm
net1082,128.1µm
net133,127.895µm
net268,127.81µm
net735,127.665µm
net72,127.65µm
net1039,127.55µm
comm_mem_u0.o_img_row02\[16\],127.51µm
_02551_,127.44µm
comm_mem_u0.o_img_row02\[26\],127.345µm
net465,127.23µm
net82,127.055µm
comm_mem_u0.o_img_row01\[19\],127.04µm
net811,127.02µm
_04879_,126.87µm
_01821_,126.695µm
net385,126.605µm
_02866_,126.53µm
_02041_,126.435µm
net824,126.4µm
net264,126.395µm
net421,126.385µm
_03151_,126.3µm
net889,126.19µm
net573,126.05µm
net555,125.975µm
net505,125.96µm
net157,125.91µm
net817,125.9µm
_03503_,125.84µm
net121,125.765µm
net137,125.675µm
_05724_,125.65µm
_05032_,125.615µm
net9,125.53µm
net577,125.31µm
comm_mem_u0.o_img_row09\[0\],125.29µm
net367,125.285µm
net69,125.21µm
net251,125.14µm
_01542_,125µm
net935,124.985µm
comm_mem_u0.o_img_row06\[26\],124.8µm
net225,124.765µm
net476,124.765µm
net919,124.575µm
net861,124.45µm
net86,124.405µm
comm_mem_u0.o_img_row03\[16\],124.35µm
comm_mem_u0.o_img_row07\[9\],124.275µm
net228,124.05µm
net1012,124.035µm
_01593_,123.74µm
proc_u0.cnn_ctrl_u0.cnn_inst.cnn_inst.kernel_flat\[7\],123.73µm
net419,123.72µm
net344,123.675µm
net936,123.655µm
net397,123.55µm
net1017,123.5µm
_04970_,123.48µm
_01820_,123.265µm
_01700_,123.215µm
net384,123.21µm
_02968_,123.1µm
net25,123.04µm
_03751_,122.865µm
net186,122.835µm
net1019,122.605µm
net470,122.38µm
net596,122.38µm
_03541_,122.325µm
net586,122.29µm
_04375_,122.265µm
_02134_,122.18µm
net411,122.07µm
comm_mem_u0.o_img_row00\[23\],122.05µm
net728,122.035µm
net522,121.97µm
_02478_,121.94µm
comm_mem_u0.o_img_row01\[29\],121.685µm
proc_u0.cnn_ctrl_u0.cnn_inst.cnn_inst.kernel_flat\[13\],121.665µm
net1049,121.36µm
net164,121.285µm
net41,121.25µm
comm_mem_u0.o_img_row01\[21\],121.12µm
_04706_,121.105µm
net96,120.81µm
_02694_,120.805µm
net47,120.74µm
_02289_,120.72µm
_04428_,120.655µm
_03523_,120.595µm
comm_mem_u0.o_img_row02\[24\],120.565µm
proc_u0.cnn_ctrl_u0.cnn_inst.cnn_inst.kernel_flat\[8\],120.5µm
comm_mem_u0.o_wgt_row00\[4\],120.49µm
net336,120.445µm
net722,120.325µm
comm_mem_u0.o_img_row09\[3\],120.195µm
net220,120.12µm
net819,120.09µm
net1079,120.08µm
_03949_,120.065µm
net1001,119.845µm
net1076,119.83µm
_00040_,119.76µm
comm_mem_u0.o_img_row08\[26\],119.695µm
net542,119.425µm
comm_mem_u0.o_img_row09\[25\],119.35µm
net822,119.34µm
net655,119.275µm
net654,119.26µm
net1092,119.175µm
net174,119.015µm
net962,118.895µm
net210,118.615µm
_02760_,118.41µm
net36,118.385µm
_05001_,118.38µm
net1005,118.3µm
_02820_,118.215µm
net850,118.005µm
net49,117.96µm
net166,117.935µm
net576,117.795µm
_03530_,117.76µm
_02801_,117.75µm
net846,117.725µm
_01645_,117.69µm
net35,117.525µm
net1028,117.46µm
net723,117.455µm
net265,117.375µm
net334,117.315µm
comm_mem_u0.o_img_row09\[10\],117.28µm
net351,117.2µm
net671,117.11µm
proc_u0.cnn_ctrl_u0.cnn_inst.cnn_inst.kernel_flat\[72\],117.085µm
comm_mem_u0.o_img_row03\[18\],117.025µm
comm_mem_u0.o_img_row08\[13\],116.995µm
net710,116.815µm
net1102,116.77µm
net618,116.615µm
net1009,116.575µm
net908,116.47µm
net361,116.44µm
net886,116.285µm
net263,116.27µm
net813,116.26µm
_04705_,116.225µm
net56,116.185µm
net922,116.17µm
comm_mem_u0.o_img_row06\[14\],115.86µm
net212,115.86µm
net214,115.84µm
comm_mem_u0.o_img_row05\[16\],115.835µm
net515,115.76µm
net1107,115.65µm
_03985_,115.585µm
net317,115.435µm
comm_mem_u0.o_img_row04\[2\],115.27µm
net1004,115.255µm
_05887_,115.245µm
net21,115.23µm
_06258_,115.15µm
comm_mem_u0.o_img_row00\[9\],115.11µm
net557,115.055µm
net517,115.035µm
_05983_,115.03µm
net694,114.99µm
_03618_,114.815µm
net681,114.785µm
_06223_,114.66µm
_04339_,114.5µm
comm_mem_u0.o_img_row09\[8\],114.5µm
net194,114.39µm
net218,114.15µm
net104,114.145µm
net602,114.085µm
_01846_,114.06µm
net323,114.04µm
_03138_,114.02µm
_01592_,113.84µm
net1027,113.785µm
_02554_,113.765µm
comm_mem_u0.o_img_row09\[24\],113.525µm
comm_mem_u0.o_img_row08\[24\],113.395µm
net1040,113.055µm
net1113,113.01µm
_05722_,112.92µm
net388,112.72µm
net427,112.49µm
comm_mem_u0.o_img_row04\[23\],112.44µm
net1016,112.41µm
net875,112.395µm
_01932_,112.345µm
net812,112.295µm
_03229_,112.22µm
net371,112.15µm
_04913_,112.135µm
_02018_,111.79µm
comm_mem_u0.o_img_row01\[17\],111.745µm
net292,111.71µm
net262,111.7µm
net631,111.405µm
comm_mem_u0.o_img_row04\[21\],111.4µm
net247,111.39µm
net1033,111.21µm
proc_u0.cnn_ctrl_u0.cnn_acc\[10\],111.185µm
comm_mem_u0.o_img_row06\[18\],111.145µm
net1044,111.07µm
proc_u0.cnn_ctrl_u0.cnn_inst.cnn_inst.kernel_flat\[6\],111.055µm
_01817_,111.03µm
_01845_,110.96µm
_01816_,110.91µm
_01990_,110.82µm
net712,110.77µm
_01822_,110.695µm
net102,110.67µm
_05837_,110.59µm
net279,110.445µm
net170,110.425µm
net1015,110.405µm
comm_mem_u0.o_img_row01\[7\],110.335µm
net119,110.32µm
_05893_,110.3µm
net523,110.29µm
net575,110.22µm
net436,110.17µm
_06293_,110.16µm
net953,110.04µm
_06225_,110µm
comm_mem_u0.o_img_row07\[8\],109.79µm
net950,109.735µm
net973,109.655µm
net925,109.61µm
_05069_,109.46µm
net881,109.37µm
_01600_,109.35µm
_06456_,109.28µm
_02719_,109.27µm
net348,109.27µm
net356,109.12µm
net118,109.025µm
comm_mem_u0.o_img_row05\[2\],109.01µm
net930,108.97µm
net670,108.66µm
_05003_,108.4µm
net536,108.24µm
_04982_,108.225µm
net117,108.22µm
comm_mem_u0.o_img_row01\[1\],108.2µm
net341,108.14µm
_06325_,107.95µm
net830,107.945µm
_01314_,107.91µm
net24,107.91µm
net239,107.78µm
net1061,107.565µm
_05030_,107.44µm
net1013,107.41µm
net672,107.38µm
net250,107.16µm
net905,107.13µm
net971,107.065µm
_02502_,107.05µm
_04807_,106.965µm
comm_mem_u0.o_img_row07\[14\],106.935µm
comm_mem_u0.o_img_row07\[25\],106.89µm
_01513_,106.83µm
_03160_,106.745µm
comm_mem_u0.o_img_row03\[12\],106.7µm
net629,106.65µm
net961,106.635µm
net543,106.565µm
net918,106.54µm
net497,106.53µm
net946,106.495µm
_03964_,106.44µm
net122,106.37µm
comm_mem_u0.o_img_row05\[5\],106.3µm
_03784_,106.23µm
_02706_,106.06µm
_04649_,105.85µm
_02335_,105.78µm
net389,105.75µm
_03743_,105.73µm
net1020,105.705µm
net651,105.7µm
net828,105.58µm
net870,105.5µm
net357,105.485µm
net995,105.48µm
net454,105.455µm
net297,105.37µm
net931,105.305µm
net432,105.28µm
_02433_,105.175µm
_04704_,105.14µm
_04505_,105.12µm
_02452_,105.08µm
net657,105.08µm
_04675_,105.06µm
net927,104.97µm
net232,104.965µm
_03240_,104.935µm
_03552_,104.91µm
net966,104.905µm
_05013_,104.79µm
net660,104.66µm
_05721_,104.575µm
net974,104.32µm
net404,104.29µm
net883,104.025µm
_03248_,104.015µm
net983,103.71µm
net981,103.66µm
comm_mem_u0.o_img_row03\[14\],103.56µm
_02803_,103.485µm
net71,103.41µm
net630,103.22µm
_06554_,103.195µm
_01856_,103.055µm
_04423_,103.04µm
_03637_,103.03µm
net989,103.005µm
comm_mem_u0.o_img_row09\[18\],102.99µm
net1010,102.98µm
net159,102.785µm
net709,102.73µm
net873,102.73µm
net546,102.695µm
net1046,102.56µm
_02969_,102.545µm
net11,102.505µm
_03001_,102.5µm
_04825_,102.495µm
_01757_,102.43µm
_04634_,102.28µm
comm_mem_u0.o_img_row07\[2\],102.27µm
comm_mem_u0.o_img_row09\[17\],102.16µm
_01719_,102.055µm
_03070_,101.93µm
net988,101.905µm
_02615_,101.9µm
net259,101.85µm
_03015_,101.77µm
_05448_,101.545µm
_06074_,101.535µm
comm_mem_u0.o_img_row09\[23\],101.495µm
_06520_,101.48µm
net409,101.45µm
net1014,101.295µm
net621,101.26µm
comm_mem_u0.o_img_row02\[8\],101.195µm
net915,101.075µm
_05540_,101.06µm
net70,101.05µm
_01661_,101.035µm
comm_mem_u0.o_img_row00\[25\],101.035µm
_02026_,100.93µm
net902,100.83µm
comm_mem_u0.o_wgt_row00\[7\],100.8µm
proc_u0.cnn_ctrl_u0.cnn_inst.cnn_inst.kernel_flat\[65\],100.69µm
net833,100.57µm
net158,100.545µm
comm_mem_u0.o_img_row00\[24\],100.42µm
net990,100.41µm
net478,100.315µm
net948,100.155µm
comm_mem_u0.o_img_row06\[29\],100.105µm
net475,100.06µm
comm_mem_u0.o_wgt_row01\[2\],99.98µm
comm_mem_u0.o_img_row03\[11\],99.72µm
proc_u0.cnn_ctrl_u0.cnn_acc\[5\],99.715µm
net747,99.675µm
net527,99.585µm
net370,99.52µm
net60,99.49µm
net80,99.455µm
comm_mem_u0.o_img_row04\[14\],99.445µm
net290,99.32µm
_05006_,99.28µm
comm_mem_u0.o_img_row02\[4\],99.26µm
net57,99.18µm
net975,99.18µm
proc_u0.cnn_ctrl_u0.cnn_inst.cnn_inst.kernel_flat\[12\],99.13µm
net78,99.08µm
net844,98.97µm
net345,98.875µm
_04894_,98.85µm
net700,98.845µm
_03486_,98.785µm
_03799_,98.645µm
net248,98.59µm
net77,98.43µm
_01597_,98.115µm
net829,98.115µm
_04377_,98.04µm
net845,98.02µm
net514,97.935µm
net900,97.905µm
_03334_,97.835µm
net413,97.83µm
net730,97.785µm
net568,97.73µm
comm_mem_u0.o_img_row03\[19\],97.695µm
net1052,97.685µm
comm_mem_u0.o_img_row02\[12\],97.585µm
_04974_,97.45µm
_02699_,97.39µm
_02161_,97.36µm
net45,97.35µm
net942,97.33µm
_01353_,97.32µm
net494,97.255µm
_05390_,97.09µm
comm_mem_u0.o_img_row06\[22\],97.09µm
_05991_,97.08µm
comm_mem_u0.o_img_row09\[29\],96.87µm
comm_mem_u0.o_img_row00\[11\],96.81µm
_03353_,96.66µm
comm_mem_u0.o_img_row02\[19\],96.66µm
net979,96.62µm
net634,96.575µm
net738,96.515µm
_01696_,96.405µm
_05053_,96.395µm
_02194_,96.38µm
net880,96.275µm
_03748_,96.24µm
_03524_,96.19µm
_01895_,96.18µm
net960,96.15µm
net1043,96.075µm
net13,96.06µm
comm_mem_u0.o_img_row07\[24\],95.96µm
net597,95.955µm
_04670_,95.83µm
comm_mem_u0.o_img_row08\[12\],95.785µm
net202,95.75µm
net504,95.56µm
_02786_,95.48µm
net101,95.415µm
comm_mem_u0.o_img_row08\[7\],95.405µm
_05064_,95.38µm
_03249_,95.36µm
_02763_,95.35µm
_02746_,95.29µm
_01789_,95.26µm
_02741_,95.23µm
_06391_,95.23µm
net695,95.215µm
net200,95.18µm
net848,95.12µm
_01473_,95.05µm
proc_u0.cnn_ctrl_u0.cnn_inst.cnn_inst.kernel_flat\[9\],95.025µm
net484,94.92µm
net924,94.835µm
_02302_,94.605µm
_02474_,94.58µm
_05073_,94.46µm
comm_mem_u0.o_img_row00\[10\],94.38µm
net994,94.355µm
comm_mem_u0.o_img_row01\[10\],94.35µm
net897,94.325µm
_04253_,94.32µm
_01840_,94.27µm
net993,94.265µm
comm_mem_u0.o_img_row05\[29\],94.19µm
_03192_,94.185µm
net708,94.18µm
net896,94.18µm
_02400_,94.135µm
net306,94.12µm
net907,94.095µm
net1053,94.03µm
_02485_,94.01µm
net892,93.925µm
_04651_,93.9µm
_01644_,93.88µm
comm_mem_u0.o_img_row09\[12\],93.875µm
_06015_,93.79µm
net241,93.68µm
_02576_,93.67µm
_04358_,93.53µm
net663,93.515µm
proc_u0.cnn_ctrl_u0.cnn_acc\[11\],93.445µm
net448,93.44µm
net578,93.335µm
net537,93.26µm
_03091_,93.235µm
net731,93.185µm
_05184_,93.13µm
net707,93.085µm
net1003,93.05µm
net1057,92.895µm
net957,92.855µm
net664,92.84µm
net420,92.78µm
net574,92.74µm
net380,92.68µm
net579,92.5µm
net304,92.435µm
net162,92.375µm
net956,92.37µm
net1055,92.35µm
_02602_,92.345µm
_04009_,92.31µm
net310,92.31µm
_03354_,92.29µm
net142,91.81µm
net970,91.77µm
_01583_,91.74µm
_05638_,91.74µm
net1101,91.735µm
net330,91.71µm
net144,91.655µm
proc_u0.cnn_ctrl_u0.cnn_inst.cnn_inst.kernel_flat\[69\],91.64µm
net510,91.44µm
net354,91.43µm
net582,91.39µm
_02593_,91.33µm
_01649_,91.28µm
_05668_,91.27µm
comm_mem_u0.o_img_row00\[8\],91.175µm
net976,91.165µm
net978,91.09µm
_04435_,91.05µm
net51,90.98µm
net541,90.92µm
_03146_,90.86µm
net866,90.835µm
_02154_,90.79µm
net339,90.735µm
net704,90.685µm
net963,90.6µm
_03582_,90.535µm
net37,90.535µm
net66,90.505µm
net1111,90.49µm
net904,90.44µm
net95,90.425µm
net467,90.38µm
net68,90.325µm
net254,90.285µm
net154,90.27µm
_03678_,90.26µm
net909,90.22µm
net959,90.19µm
net337,90.14µm
comm_mem_u0.o_img_row00\[19\],90µm
comm_mem_u0.o_img_row08\[11\],89.91µm
_04980_,89.86µm
net300,89.84µm
net1035,89.805µm
_02519_,89.73µm
net491,89.665µm
_02618_,89.445µm
net1042,89.25µm
net686,89.245µm
_01653_,89.24µm
net44,89.215µm
net1064,89.155µm
net204,89.045µm
net987,88.975µm
_02938_,88.9µm
_02779_,88.88µm
_04644_,88.82µm
_06144_,88.81µm
net879,88.8µm
_04852_,88.79µm
_05886_,88.75µm
net1021,88.655µm
net851,88.595µm
net945,88.59µm
_03755_,88.48µm
net965,88.44µm
_02451_,88.39µm
comm_mem_u0.o_img_row07\[17\],88.37µm
net996,88.355µm
comm_mem_u0.o_img_row03\[5\],88.34µm
net73,88.34µm
net238,88.24µm
net377,88.225µm
net359,88.15µm
net187,88.115µm
_01759_,88.05µm
_04916_,87.93µm
_04304_,87.91µm
_04671_,87.9µm
net715,87.89µm
net381,87.85µm
net901,87.84µm
net941,87.81µm
_05458_,87.75µm
_02633_,87.68µm
net199,87.67µm
proc_u0.cnn_ctrl_u0.cnn_acc\[8\],87.66µm
net834,87.63µm
net818,87.6µm
net230,87.445µm
_03087_,87.44µm
comm_mem_u0.o_img_row06\[4\],87.37µm
net1007,87.36µm
net1078,87.27µm
_03046_,87.225µm
net93,87.005µm
_03570_,86.905µm
comm_mem_u0.o_img_row06\[27\],86.865µm
comm_mem_u0.o_img_row09\[28\],86.85µm
net658,86.845µm
comm_mem_u0.o_img_row01\[9\],86.8µm
net1100,86.75µm
comm_mem_u0.o_img_row06\[3\],86.745µm
net821,86.72µm
_04007_,86.585µm
_03767_,86.575µm
_01512_,86.55µm
net1104,86.55µm
net327,86.28µm
net1059,86.275µm
_05434_,86.17µm
net958,86.15µm
net97,86.105µm
_05679_,86.1µm
_02193_,86.07µm
net417,86.03µm
_01912_,86.025µm
_02364_,85.965µm
net984,85.88µm
net524,85.865µm
net968,85.76µm
net481,85.695µm
_01509_,85.63µm
_02594_,85.62µm
net91,85.62µm
net913,85.565µm
_06155_,85.51µm
comm_mem_u0.o_img_row09\[26\],85.465µm
net1045,85.3µm
_03596_,85.27µm
net967,85.23µm
_01657_,85.065µm
net584,85.045µm
_04701_,85.03µm
net178,84.98µm
net565,84.94µm
comm_mem_u0.o_img_row06\[23\],84.895µm
_03622_,84.795µm
net641,84.725µm
net46,84.66µm
net736,84.645µm
net992,84.64µm
net739,84.61µm
net124,84.54µm
net1056,84.44µm
_02542_,84.425µm
_06424_,84.29µm
net431,84.26µm
net495,84.25µm
net890,84.18µm
_02627_,84.085µm
_05599_,84.08µm
_01580_,84.02µm
net1066,83.95µm
_02392_,83.91µm
net548,83.78µm
net318,83.715µm
_01847_,83.71µm
net378,83.7µm
net132,83.675µm
_05496_,83.65µm
_02402_,83.53µm
net997,83.4µm
_02054_,83.37µm
net374,83.25µm
_02338_,83.16µm
_02734_,83.11µm
net1060,82.94µm
net933,82.93µm
net480,82.88µm
_02056_,82.86µm
net340,82.82µm
net929,82.785µm
net982,82.765µm
net926,82.725µm
comm_mem_u0.o_img_row01\[11\],82.595µm
net338,82.555µm
net492,82.465µm
net364,82.355µm
net1067,82.3µm
comm_mem_u0.o_img_row08\[1\],82.28µm
net566,81.805µm
net964,81.63µm
net571,81.56µm
net519,81.5µm
_05671_,81.39µm
_03877_,81.32µm
net530,81.3µm
net689,81.23µm
comm_mem_u0.o_img_row08\[10\],81.225µm
_02006_,81.18µm
_01695_,81.15µm
_02663_,81.13µm
net1034,81.09µm
net295,80.975µm
_05675_,80.9µm
proc_u0.cnn_ctrl_u0.cnn_inst.frag_mux.frag_sel\[3\],80.88µm
_06171_,80.82µm
net652,80.815µm
net940,80.77µm
_02657_,80.75µm
_04850_,80.74µm
_04088_,80.53µm
_05674_,80.53µm
comm_mem_u0.o_img_row04\[11\],80.52µm
net8,80.505µm
comm_mem_u0.o_img_row02\[18\],80.5µm
proc_u0.cnn_ctrl_u0.cnn_inst.cnn_inst.kernel_flat\[73\],80.47µm
_03332_,80.29µm
net580,80.29µm
net545,80.275µm
_04484_,80.1µm
_02065_,80.095µm
net1070,80.055µm
net570,80µm
comm_mem_u0.o_img_row06\[21\],79.855µm
net94,79.8µm
comm_mem_u0.o_img_row07\[29\],79.75µm
_02030_,79.725µm
_01860_,79.655µm
_05576_,79.63µm
_03489_,79.56µm
net167,79.505µm
comm_mem_u0.o_img_row08\[3\],79.5µm
net1075,79.39µm
_03488_,79.33µm
net518,79.31µm
_01870_,79.27µm
_01904_,79.23µm
net894,79.23µm
net319,79.095µm
_05592_,79.09µm
net825,78.915µm
net32,78.905µm
net1038,78.855µm
net1051,78.815µm
net89,78.755µm
_04356_,78.75µm
net865,78.74µm
comm_mem_u0.o_wgt_row03\[9\],78.56µm
_03237_,78.49µm
net895,78.485µm
proc_u0.cnn_ctrl_u0.cnn_inst.cnn_inst.kernel_flat\[58\],78.315µm
net947,78.315µm
_04169_,78.26µm
net309,78.26µm
_05392_,78.24µm
net696,78.24µm
comm_mem_u0.o_img_row07\[22\],78.205µm
net1006,78.19µm
_05017_,77.95µm
net590,77.915µm
_03867_,77.91µm
_01723_,77.9µm
_03136_,77.76µm
net379,77.645µm
_04225_,77.64µm
net145,77.615µm
_05009_,77.52µm
net903,77.52µm
_04334_,77.42µm
_01587_,77.35µm
net151,77.25µm
_02877_,77.04µm
net67,76.91µm
net980,76.88µm
net171,76.845µm
net952,76.825µm
_03884_,76.77µm
_05248_,76.77µm
_04082_,76.62µm
_05493_,76.565µm
net1022,76.555µm
net1025,76.22µm
comm_mem_u0.o_img_row07\[21\],76.095µm
comm_mem_u0.o_img_row09\[2\],76.075µm
net493,76.025µm
net498,75.785µm
comm_mem_u0.o_img_row00\[15\],75.68µm
_01842_,75.56µm
comm_mem_u0.o_img_row06\[20\],75.3µm
_06226_,75.285µm
_03639_,75.24µm
_06773_,75.175µm
_05891_,75.12µm
net912,75.07µm
proc_u0.cnn_ctrl_u0.cnn_inst.cnn_inst.kernel_flat\[20\],75.055µm
net562,74.93µm
comm_mem_u0.o_wgt_row03\[3\],74.875µm
net910,74.865µm
_01992_,74.85µm
_02606_,74.835µm
proc_u0.cnn_ctrl_u0.cnn_acc\[1\],74.81µm
net369,74.805µm
_02996_,74.76µm
_05495_,74.72µm
_01718_,74.575µm
net858,74.475µm
proc_u0.cnn_ctrl_u0.cnn_inst.cnn_inst.kernel_flat\[33\],74.365µm
net415,74.225µm
_02521_,74.16µm
net100,74.02µm
_04254_,74.005µm
net17,73.69µm
_01369_,73.61µm
comm_mem_u0.o_img_row00\[12\],73.6µm
_01394_,73.45µm
net567,73.31µm
_01596_,73.245µm
_06359_,73.245µm
net705,73.245µm
_02238_,73.22µm
comm_mem_u0.o_img_row03\[13\],73.22µm
_01857_,73.11µm
net1000,73.055µm
net1054,73.015µm
comm_mem_u0.o_img_row09\[14\],72.955µm
comm_mem_u0.o_img_row05\[21\],72.925µm
net487,72.91µm
_03473_,72.81µm
_03660_,72.625µm
net315,72.56µm
net76,72.545µm
comm_mem_u0.o_img_row03\[25\],72.49µm
net424,72.465µm
net525,72.4µm
net90,72.365µm
_02326_,72.18µm
net862,72.175µm
_02218_,72.12µm
_04443_,72.1µm
comm_mem_u0.o_img_row02\[6\],72.09µm
_04184_,72.025µm
_05351_,71.95µm
_05729_,71.84µm
net560,71.825µm
net535,71.72µm
_05070_,71.7µm
net425,71.57µm
net261,71.48µm
_03653_,71.43µm
net808,71.36µm
_05543_,71.35µm
net87,71.325µm
comm_mem_u0.o_img_row03\[1\],71.31µm
net489,71.205µm
_04778_,71.1µm
_03277_,71.09µm
comm_mem_u0.o_img_row08\[2\],71.04µm
net534,71.03µm
_02914_,70.95µm
net434,70.93µm
comm_mem_u0.o_img_row07\[27\],70.835µm
net293,70.825µm
_02186_,70.81µm
net350,70.7µm
net98,70.645µm
_05088_,70.615µm
net280,70.4µm
comm_mem_u0.o_img_row03\[15\],70.375µm
_05600_,70.35µm
net891,70.32µm
_04806_,70.27µm
net485,70.175µm
_02358_,69.9µm
_03181_,69.875µm
net368,69.71µm
_04233_,69.67µm
_04798_,69.67µm
net685,69.66µm
net729,69.65µm
comm_mem_u0.o_img_row00\[16\],69.62µm
_05047_,69.605µm
_02374_,69.44µm
net308,69.42µm
_05614_,69.39µm
_01370_,69.355µm
_02971_,69.25µm
net1037,69.135µm
_02257_,69.13µm
net954,69.095µm
net83,69.08µm
net412,69.075µm
net500,69.015µm
comm_mem_u0.o_wgt_row01\[13\],68.9µm
_04776_,68.88µm
_03528_,68.83µm
_02509_,68.79µm
net581,68.76µm
proc_u0.cnn_ctrl_u0.cnn_inst.cnn_inst.kernel_flat\[5\],68.755µm
_03120_,68.7µm
net683,68.69µm
comm_mem_u0.o_img_row07\[7\],68.6µm
_04886_,68.59µm
_05433_,68.59µm
comm_mem_u0.o_img_row02\[28\],68.53µm
proc_u0.cnn_ctrl_u0.cnn_inst.cnn_inst.kernel_flat\[17\],68.495µm
proc_u0.cnn_ctrl_u0.cnn_acc\[9\],68.475µm
net684,68.295µm
net999,68.285µm
proc_u0.cnn_ctrl_u0.cnn_inst.cnn_inst.kernel_flat\[3\],68.255µm
net314,68.17µm
_04223_,68.155µm
_01449_,68.115µm
net869,68.105µm
_05605_,67.88µm
_02894_,67.8µm
net483,67.695µm
_02829_,67.64µm
_03178_,67.58µm
_00041_,67.4µm
net346,67.355µm
net720,67.355µm
_02223_,67.335µm
net209,67.335µm
_03676_,67.32µm
net569,67.23µm
_01664_,67.04µm
_01548_,67.02µm
_04908_,67.015µm
_01946_,67µm
net440,67µm
_04849_,66.9µm
net998,66.895µm
net1018,66.87µm
proc_u0.cnn_ctrl_u0.cnn_acc\[12\],66.855µm
proc_u0.cnn_ctrl_u0.cnn_inst.state\[1\],66.855µm
_04635_,66.84µm
_03978_,66.78µm
_05251_,66.75µm
comm_mem_u0.o_img_row09\[1\],66.695µm
_06358_,66.43µm
net823,66.37µm
net589,66.325µm
net39,66.15µm
_06488_,66.13µm
_04405_,66.12µm
net205,66.095µm
_05499_,66.07µm
_05572_,66.055µm
_04983_,66.045µm
_02317_,66.025µm
_05528_,66µm
_04646_,65.96µm
_05507_,65.95µm
_03233_,65.94µm
_05331_,65.88µm
_01913_,65.86µm
net1011,65.82µm
_02247_,65.76µm
net943,65.625µm
_05613_,65.52µm
net376,65.435µm
net506,65.375µm
_03886_,65.3µm
proc_u0.cnn_ctrl_u0.cnn_inst.cnn_inst.kernel_flat\[70\],65.295µm
_03011_,65.29µm
_03948_,65.28µm
net699,65.275µm
_04323_,65.2µm
comm_mem_u0.o_img_row08\[14\],65.17µm
_04657_,65.06µm
net1063,65.025µm
net486,65.015µm
_02248_,65.01µm
net328,64.94µm
_02027_,64.93µm
_03498_,64.9µm
_05663_,64.89µm
_03808_,64.81µm
net532,64.8µm
net360,64.79µm
net667,64.75µm
proc_u0.cnn_ctrl_u0.cnn_inst.cnn_inst.kernel_flat\[27\],64.725µm
_01754_,64.65µm
net653,64.615µm
net1112,64.585µm
_03502_,64.545µm
comm_mem_u0.o_wgt_row02\[4\],64.51µm
net428,64.445µm
net267,64.41µm
comm_mem_u0.o_img_row00\[3\],64.4µm
net549,64.355µm
_05036_,64.26µm
_05839_,64.175µm
_02850_,64.14µm
net426,63.795µm
net538,63.78µm
_02514_,63.74µm
_02845_,63.72µm
_06114_,63.66µm
_04841_,63.61µm
proc_u0.cnn_ctrl_u0.cnn_acc\[4\],63.435µm
net583,63.435µm
_04682_,63.37µm
proc_u0.cnn_ctrl_u0.cnn_acc\[6\],63.33µm
net656,63.3µm
_04581_,63.27µm
net85,63.26µm
net928,63.255µm
_02920_,63.19µm
proc_u0.cnn_ctrl_u0.cnn_acc\[15\],63.095µm
net916,63.09µm
net553,62.925µm
comm_mem_u0.o_img_row09\[20\],62.9µm
comm_mem_u0.o_img_row07\[28\],62.89µm
net135,62.855µm
_05359_,62.83µm
comm_mem_u0.o_img_row07\[3\],62.785µm
_01455_,62.78µm
_02265_,62.67µm
_05571_,62.65µm
_02940_,62.645µm
_05825_,62.64µm
proc_u0.cnn_ctrl_u0.cnn_inst.cnn_inst.kernel_flat\[18\],62.61µm
_03032_,62.52µm
net373,62.495µm
proc_u0.cnn_ctrl_u0.cnn_acc\[0\],62.49µm
_02432_,62.385µm
_02366_,62.37µm
_04235_,62.29µm
comm_mem_u0.o_img_row01\[15\],62.225µm
_02658_,62.085µm
_02405_,61.93µm
comm_mem_u0.o_img_row09\[4\],61.89µm
net559,61.875µm
_02202_,61.8µm
_04875_,61.785µm
net473,61.735µm
net1071,61.64µm
_02608_,61.56µm
_05996_,61.56µm
_04795_,61.44µm
_05355_,61.435µm
_03865_,61.2µm
comm_mem_u0.o_img_row05\[4\],61.145µm
net375,61.13µm
net201,61.1µm
_03935_,60.9µm
net719,60.855µm
_02492_,60.81µm
_05999_,60.6µm
net1068,60.515µm
_02600_,60.445µm
_02403_,60.4µm
net74,60.4µm
comm_mem_u0.o_img_row02\[14\],60.25µm
net438,60.165µm
_06010_,60.06µm
_05665_,59.76µm
_03152_,59.655µm
_05216_,59.47µm
_04303_,59.46µm
net585,59.435µm
_05175_,59.4µm
net130,59.35µm
net363,59.285µm
net698,59.145µm
net490,58.965µm
_03715_,58.94µm
_02885_,58.92µm
_01765_,58.895µm
_03851_,58.875µm
_03432_,58.69µm
_04090_,58.67µm
net693,58.665µm
_00038_,58.64µm
_05468_,58.585µm
net392,58.57µm
net550,58.545µm
_04400_,58.495µm
_02224_,58.44µm
_04994_,58.2µm
_03539_,58.17µm
net366,58.06µm
comm_mem_u0.o_img_row02\[10\],58.025µm
_03617_,57.84µm
_04363_,57.6µm
net558,57.44µm
net131,57.24µm
_01740_,57.185µm
_04694_,57.14µm
_06290_,57.13µm
comm_mem_u0.spi_u0.loader_weight_sm.i_WROW\[1\],57.045µm
_01819_,57µm
_01462_,56.96µm
proc_u0.cnn_ctrl_u0.cnn_inst.cnn_inst.kernel_flat\[16\],56.935µm
proc_u0.cnn_ctrl_u0.cnn_inst.cnn_inst.kernel_flat\[74\],56.83µm
_03813_,56.77µm
_03483_,56.765µm
_04366_,56.7µm
_04322_,56.61µm
net805,56.56µm
_04731_,56.405µm
comm_mem_u0.o_img_row02\[5\],56.29µm
_05890_,56.265µm
_05400_,56.205µm
comm_mem_u0.o_img_row03\[20\],56.18µm
_03355_,56.175µm
_01802_,56.05µm
_05987_,55.92µm
_02915_,55.915µm
net721,55.85µm
_04111_,55.745µm
_02183_,55.7µm
net587,55.6µm
_05594_,55.56µm
_05423_,55.545µm
net951,55.535µm
net932,55.53µm
comm_mem_u0.o_img_row00\[0\],55.51µm
comm_mem_u0.o_img_row08\[5\],55.51µm
_01815_,55.5µm
_03692_,55.39µm
_04695_,55.39µm
proc_u0.cnn_ctrl_u0.cnn_inst.cnn_inst.first_en,55.31µm
_03286_,55.26µm
_04630_,55.13µm
_01922_,55µm
net690,54.965µm
_02768_,54.96µm
_03253_,54.91µm
net934,54.895µm
_05375_,54.85µm
net437,54.85µm
_05432_,54.84µm
_06620_,54.8µm
_06423_,54.79µm
_05556_,54.69µm
net496,54.665µm
_01988_,54.66µm
_01378_,54.55µm
_04430_,54.54µm
net105,54.375µm
_03061_,54.36µm
net539,54.33µm
net316,54.32µm
_03265_,54.06µm
_05022_,53.95µm
_02586_,53.94µm
net820,53.935µm
proc_u0.cnn_ctrl_u0.cnn_inst.cnn_inst.kernel_flat\[11\],53.85µm
_04306_,53.825µm
_06164_,53.82µm
net563,53.815µm
_02678_,53.78µm
_01784_,53.755µm
net554,53.75µm
comm_mem_u0.spi_u0.cmd\[2\],53.74µm
_04305_,53.66µm
net231,53.62µm
_04962_,53.605µm
proc_u0.cnn_ctrl_u0.cnn_acc\[2\],53.605µm
net551,53.545µm
_03565_,53.48µm
_05063_,53.47µm
_03392_,53.42µm
_04666_,53.41µm
_05143_,53.4µm
_06079_,53.35µm
acc1\[3\],53.35µm
_05422_,53.305µm
_06158_,53.18µm
comm_mem_u0.spi_u0.data_count\[0\],53.175µm
_01379_,53.165µm
_02692_,53.16µm
_04690_,53.12µm
net914,53.12µm
_04491_,53.1µm
comm_mem_u0.reg_img_u5.Register_Imag_DataInBUS\[21\],53.065µm
_01810_,53.02µm
_05544_,53µm
_02974_,52.995µm
comm_mem_u0.o_img_row00\[14\],52.83µm
_05930_,52.82µm
net1081,52.82µm
_01346_,52.705µm
_02197_,52.705µm
_05506_,52.68µm
_05461_,52.6µm
_02735_,52.57µm
_05500_,52.52µm
proc_u0.cnn_ctrl_u0.cnn_inst.cnn_inst.conv_out\[9\],52.505µm
net1026,52.45µm
net234,52.36µm
_04990_,52.27µm
comm_mem_u0.spi_u0.loader_image_sm.i_ROW\[2\],52.26µm
net88,52.19µm
_01701_,52.125µm
net806,52.11µm
_02859_,52.06µm
_02718_,52.03µm
_01382_,52.025µm
_05416_,52.005µm
_05551_,52.005µm
_04628_,51.96µm
_03529_,51.85µm
_05989_,51.78µm
net335,51.74µm
net552,51.71µm
net564,51.655µm
comm_mem_u0.spi_u0.cmd\[0\],51.625µm
_01878_,51.615µm
_03162_,51.61µm
proc_u0.cnn_ctrl_u0.cnn_acc\[7\],51.6µm
_04637_,51.54µm
proc_u0.cnn_ctrl_u0.cnn_inst.cnn_inst.conv_out\[13\],51.455µm
_04624_,51.39µm
proc_u0.cnn_ctrl_u0.cnn_acc\[14\],51.38µm
net313,51.215µm
_02775_,51.01µm
_06294_,51µm
_02384_,50.95µm
comm_mem_u0.o_wgt_row00\[3\],50.89µm
_01507_,50.76µm
net365,50.705µm
net531,50.7µm
proc_u0.cnn_ctrl_u0.cnn_inst.cnn_inst.conv_out\[2\],50.63µm
_04222_,50.48µm
_03753_,50.4µm
_01954_,49.99µm
_01611_,49.97µm
_02168_,49.825µm
_02297_,49.81µm
proc_u0.cnn_ctrl_u0.cnn_inst.cnn_inst.kernel_flat\[22\],49.765µm
_01556_,49.75µm
comm_mem_u0.o_img_row05\[0\],49.625µm
_02111_,49.62µm
comm_mem_u0.o_img_row00\[2\],49.565µm
_02348_,49.56µm
net533,49.47µm
comm_mem_u0.o_img_row08\[25\],49.38µm
net706,49.335µm
_01894_,49.16µm
_02802_,49.15µm
net898,49.13µm
comm_mem_u0.reg_wgt_u4.Register_Weight_DataInBUS\[6\],49.005µm
_05075_,48.9µm
_05487_,48.68µm
net509,48.67µm
proc_u0.cnn_ctrl_u0.cnn_inst.cnn_inst.kernel_flat\[15\],48.505µm
_04200_,48.49µm
_03188_,48.42µm
_03815_,48.335µm
_01681_,48.265µm
net99,48.265µm
_01863_,48.23µm
_05626_,48.21µm
net301,48.165µm
_01728_,48.075µm
_01337_,48.055µm
comm_mem_u0.o_img_row03\[21\],48µm
_02323_,47.94µm
_03429_,47.88µm
_03069_,47.83µm
_05311_,47.77µm
_03554_,47.65µm
_04534_,47.65µm
_05412_,47.645µm
_04115_,47.505µm
net184,47.48µm
_03164_,47.345µm
proc_u0.cnn_ctrl_u0.cnn_inst.cnn_inst.kernel_flat\[36\],47.315µm
_01918_,47.25µm
_04469_,47.225µm
_04421_,47.22µm
comm_mem_u0.spi_u0.loader_image_sm.STATE_Signal,47.195µm
proc_u0.cnn_ctrl_u0.cnn_inst.cnn_inst.kernel_flat\[24\],47.18µm
_05738_,47.17µm
proc_u0.cnn_ctrl_u0.cnn_inst.cnn_inst.state\[2\],47.17µm
_06603_,47.16µm
proc_u0.cnn_ctrl_u0.cnn_inst.cnn_inst.kernel_flat\[71\],47.095µm
_04195_,46.965µm
_05538_,46.92µm
_01357_,46.84µm
_01539_,46.805µm
_03545_,46.625µm
_05564_,46.58µm
_04719_,46.57µm
_01938_,46.5µm
_04385_,46.39µm
_02149_,46.375µm
_06521_,46.36µm
_04813_,46.33µm
proc_u0.cnn_ctrl_u0.cnn_inst.cnn_inst.conv_out\[3\],46.33µm
_06104_,46.315µm
comm_mem_u0.spi_u0.loader_image_sm.row_latch\[2\],46.28µm
_02200_,46.245µm
_01488_,46.145µm
_04623_,46.07µm
_01371_,45.97µm
proc_u0.cnn_ctrl_u0.cnn_inst.cnn_inst.conv_out\[4\],45.91µm
_04308_,45.895µm
_01979_,45.855µm
_05007_,45.815µm
_05297_,45.78µm
_01374_,45.75µm
_05547_,45.6µm
_02529_,45.56µm
proc_u0.cnn_ctrl_u0.cnn_inst.cnn_inst.conv_out\[12\],45.545µm
_02817_,45.525µm
_05363_,45.49µm
_02465_,45.48µm
_02759_,45.48µm
_06001_,45.43µm
net1065,45.4µm
_06085_,45.39µm
_05801_,45.32µm
_02772_,45.12µm
_05086_,45.12µm
proc_u0.cnn_ctrl_u0.cnn_inst.cnn_inst.kernel_flat\[2\],45.085µm
_06291_,45µm
_05244_,44.965µm
net1077,44.925µm
_03845_,44.89µm
_03597_,44.875µm
acc0\[13\],44.775µm
_02468_,44.765µm
proc_u0.cnn_ctrl_u0.cnn_inst.cnn_inst.state\[5\],44.745µm
_03323_,44.71µm
comm_mem_u0.spi_u0.loader_weight_sm.i_WROW\[2\],44.71µm
_04310_,44.7µm
comm_mem_u0.o_img_row07\[26\],44.675µm
_04189_,44.58µm
_04165_,44.52µm
_02212_,44.49µm
_05165_,44.435µm
comm_mem_u0.o_img_row01\[3\],44.19µm
_05793_,44.16µm
_01355_,43.98µm
_05585_,43.98µm
_04439_,43.94µm
_03199_,43.855µm
net991,43.85µm
_04667_,43.84µm
proc_u0.cnn_ctrl_u0.cnn_inst.cnn_inst.conv_out\[14\],43.815µm
_04809_,43.81µm
_04973_,43.76µm
_03889_,43.72µm
_02897_,43.685µm
_02960_,43.68µm
_01638_,43.625µm
_05541_,43.62µm
net923,43.585µm
_05747_,43.57µm
_06570_,43.56µm
_04717_,43.53µm
_02173_,43.51µm
_02524_,43.39µm
_01545_,43.35µm
_03584_,43.26µm
proc_u0.cnn_ctrl_u0.cnn_inst.cnn_inst.conv_out\[6\],43.235µm
_04478_,43.2µm
_03950_,43.08µm
_05152_,43.08µm
_03734_,42.98µm
_03656_,42.97µm
comm_mem_u0.spi_u0.miso_count\[1\],42.855µm
_04688_,42.72µm
net479,42.72µm
_02387_,42.675µm
net572,42.675µm
_06140_,42.67µm
_03197_,42.66µm
proc_u0.cnn_ctrl_u0.cnn_inst.cnn_inst.conv_out\[11\],42.645µm
_05691_,42.55µm
_05986_,42.54µm
comm_mem_u0.o_img_row08\[28\],42.505µm
_02177_,42.49µm
_01377_,42.485µm
_06067_,42.435µm
_03568_,42.36µm
_03463_,42.31µm
comm_mem_u0.o_img_row08\[27\],42.28µm
_04750_,42.18µm
_02525_,42.12µm
_05853_,42.07µm
_04155_,42.06µm
_02821_,42.045µm
proc_u0.cnn_ctrl_u0.cnn_inst.cnn_inst.kernel_flat\[38\],42.02µm
_02522_,42.01µm
_02541_,42.01µm
_05990_,42.01µm
_02889_,42µm
proc_u0.cnn_ctrl_u0.cnn_acc\[13\],41.96µm
_01362_,41.95µm
proc_u0.cnn_ctrl_u0.cnn_inst.cnn_inst.kernel_flat\[34\],41.91µm
proc_u0.cnn_ctrl_u0.cnn_inst.cnn_inst.conv_out\[10\],41.89µm
_04759_,41.84µm
proc_u0.cnn_ctrl_u0.cnn_inst.cnn_inst.conv_out\[8\],41.81µm
_03221_,41.76µm
_02307_,41.735µm
_04571_,41.71µm
_02420_,41.625µm
_01568_,41.62µm
proc_u0.cnn_ctrl_u0.cnn_inst.cnn_inst.kernel_flat\[43\],41.575µm
_02781_,41.53µm
_04471_,41.53µm
net544,41.505µm
_01625_,41.495µm
net1036,41.48µm
_04442_,41.47µm
_02486_,41.44µm
_01340_,41.435µm
_01926_,41.43µm
_04039_,41.42µm
_03960_,41.35µm
_05584_,41.34µm
_02227_,41.3µm
proc_u0.cnn_ctrl_u0.cnn_inst.cnn_inst.kernel_flat\[10\],41.3µm
comm_mem_u0.o_img_row08\[4\],41.25µm
net1103,41.24µm
proc_u0.cnn_ctrl_u0.state\[3\],41.23µm
net882,41.195µm
_01574_,41.17µm
_05830_,41.16µm
_04401_,41.05µm
proc_u0.cnn_ctrl_u0.cnn_inst.cnn_inst.conv_out\[15\],41.045µm
_03911_,41.04µm
_02664_,41µm
_04031_,40.93µm
_01365_,40.86µm
_01834_,40.86µm
_03818_,40.84µm
_02039_,40.81µm
proc_u0.cnn_ctrl_u0.cnn_inst.cnn_inst.state\[9\],40.74µm
_02007_,40.68µm
_02219_,40.68µm
_04753_,40.62µm
_01381_,40.59µm
_05682_,40.57µm
_04210_,40.56µm
_01650_,40.46µm
_04488_,40.46µm
_05256_,40.46µm
_02171_,40.45µm
_05319_,40.45µm
comm_mem_u0.o_img_row06\[11\],40.39µm
_01836_,40.29µm
_05622_,40.225µm
_05690_,40.17µm
_03934_,40.14µm
comm_mem_u0.o_img_row08\[6\],40.11µm
_03180_,39.96µm
_05752_,39.9µm
_02118_,39.865µm
_02990_,39.85µm
_01813_,39.835µm
_04180_,39.8µm
_04530_,39.79µm
_02024_,39.74µm
_04249_,39.73µm
_02507_,39.67µm
_03198_,39.67µm
comm_mem_u0.o_img_row00\[13\],39.61µm
_01806_,39.505µm
proc_u0.cnn_ctrl_u0.cnn_inst.cnn_inst.conv_out\[7\],39.465µm
_02170_,39.45µm
_03337_,39.45µm
_02425_,39.435µm
comm_mem_u0.o_wgt_row04\[2\],39.345µm
_00101_,39.25µm
_01354_,39.25µm
_05249_,39.25µm
_03492_,39.24µm
_06119_,39.17µm
_01811_,39.1µm
_01951_,38.9µm
comm_mem_u0.o_img_row00\[4\],38.85µm
_04984_,38.835µm
_04992_,38.83µm
_05489_,38.76µm
comm_mem_u0.spi_u0.miso_count\[0\],38.76µm
_01976_,38.72µm
_05621_,38.71µm
proc_u0.cnn_ctrl_u0.cnn_inst.cnn_inst.conv_out\[0\],38.705µm
_03033_,38.66µm
_04274_,38.59µm
_03561_,38.55µm
_02880_,38.52µm
_05089_,38.515µm
_03213_,38.455µm
_04265_,38.335µm
_03431_,38.305µm
_06224_,38.28µm
_01356_,38.27µm
_01352_,38.265µm
_05851_,38.225µm
_05771_,38.19µm
_01814_,38.16µm
_01880_,38.16µm
_01615_,38.145µm
net737,38.105µm
proc_u0.cnn_ctrl_u0.cnn_inst.cnn_inst.conv_out\[5\],38.03µm
_01924_,37.99µm
_06117_,37.99µm
_04685_,37.94µm
_03507_,37.885µm
_03060_,37.785µm
_03990_,37.45µm
_04972_,37.45µm
_05274_,37.425µm
_02860_,37.27µm
_05772_,37.26µm
_03594_,37.2µm
_06172_,37.2µm
_03883_,37.15µm
_05688_,37.14µm
_01952_,37.125µm
_01343_,37.1µm
_02818_,37.08µm
_02156_,37.065µm
_03572_,36.98µm
net1041,36.935µm
proc_u0.cnn_ctrl_u0.cnn_inst.start,36.91µm
_05157_,36.84µm
_01517_,36.735µm
_04756_,36.66µm
proc_u0.cnn_ctrl_u0.cnn_inst.cnn_inst.kernel_flat\[1\],36.655µm
_05844_,36.6µm
_03235_,36.55µm
_02081_,36.545µm
_04725_,36.42µm
_02106_,36.31µm
_04228_,36.31µm
_03576_,36.285µm
_02769_,36.25µm
comm_mem_u0.spi_u0.loader_image_sm.i_ROW\[1\],36.24µm
_03090_,36.2µm
proc_u0.cnn_ctrl_u0.cnn_inst.cnn_inst.kernel_flat\[37\],36.17µm
_02090_,36.15µm
_03173_,36.13µm
_03702_,36.12µm
_05469_,36.07µm
comm_mem_u0.spi_u0.cmd\[1\],36.07µm
_01967_,36.06µm
_04716_,36.06µm
_05519_,36.06µm
_04768_,36.055µm
_04767_,36.025µm
_02163_,36.015µm
_02135_,36.01µm
_03231_,36.01µm
net429,36µm
comm_mem_u0.spi_u0.loader_image_sm.i_ROW\[3\],35.92µm
_02962_,35.79µm
_05411_,35.715µm
proc_u0.cnn_ctrl_u0.cnn_inst.cnn_inst.conv_out\[1\],35.58µm
_06124_,35.565µm
_02796_,35.525µm
comm_mem_u0.spi_u0.data_count\[4\],35.495µm
_03376_,35.47µm
_04797_,35.42µm
_04946_,35.34µm
_04131_,35.33µm
_05686_,35.215µm
_04145_,35.205µm
_02698_,35.11µm
_04877_,35.04µm
comm_mem_u0.o_img_row01\[5\],35.035µm
_02646_,34.985µm
_03214_,34.925µm
_02292_,34.92µm
proc_u0.cnn_ctrl_u0.cnn_acc\[3\],34.915µm
_02314_,34.88µm
_01345_,34.86µm
_03847_,34.825µm
_03555_,34.81µm
_03649_,34.81µm
_06772_,34.68µm
_01903_,34.63µm
_01328_,34.56µm
_05848_,34.56µm
_06051_,34.495µm
_04989_,34.45µm
_02825_,34.38µm
_06136_,34.38µm
net329,34.365µm
_03895_,34.315µm
_05533_,34.05µm
_05378_,33.96µm
_05689_,33.9µm
comm_mem_u0.spi_u0.bit_count\[0\],33.885µm
_06221_,33.76µm
_03296_,33.71µm
net474,33.64µm
_06071_,33.575µm
proc_u0.cnn_ctrl_u0.cnn_inst.cnn_inst.kernel_flat\[54\],33.53µm
proc_u0.cnn_ctrl_u0.cnn_inst.cnn_inst.kernel_flat\[63\],33.48µm
_02441_,33.36µm
_01319_,33.355µm
_03092_,33.345µm
_06392_,33.31µm
comm_mem_u0.spi_u0.bit_count\[2\],33.27µm
_02644_,33.18µm
_04226_,33.18µm
_05279_,33.14µm
_01838_,33.07µm
proc_u0.cnn_ctrl_u0.cnn_inst.cnn_inst.kernel_flat\[4\],33.02µm
_00006_,32.89µm
_04502_,32.805µm
_02778_,32.76µm
net716,32.76µm
_03800_,32.7µm
_02739_,32.65µm
_03944_,32.64µm
_02386_,32.52µm
_06161_,32.52µm
comm_mem_u0.spi_u0.data_count\[1\],32.355µm
_02632_,32.35µm
comm_mem_u0.o_img_row05\[26\],32.35µm
_03257_,32.275µm
_03731_,32.24µm
_05288_,32.185µm
_04425_,32.16µm
_02261_,32.125µm
_03132_,32.125µm
_06259_,32.11µm
_06740_,32.11µm
proc_u0.cnn_ctrl_u0.cnn_inst.cnn_inst.kernel_flat\[46\],32.11µm
_01970_,31.995µm
_03720_,31.98µm
_05318_,31.95µm
_03338_,31.92µm
_01829_,31.885µm
_01330_,31.87µm
_01442_,31.76µm
_01868_,31.75µm
net342,31.68µm
_03005_,31.64µm
_02793_,31.625µm
_04420_,31.59µm
_03077_,31.57µm
_02277_,31.51µm
comm_mem_u0.spi_u0.miso_count\[2\],31.455µm
_04696_,31.45µm
comm_mem_u0.mr1_out\[9\],31.39µm
_02848_,31.38µm
_06131_,31.33µm
_02713_,31.135µm
_03145_,31.09µm
_06011_,31.09µm
_05406_,31.065µm
comm_mem_u0.o_wgt_row00\[12\],30.995µm
net520,30.925µm
_05277_,30.895µm
comm_mem_u0.spi_u0.loader_weight_sm.i_WROW\[0\],30.89µm
_03998_,30.73µm
_03768_,30.725µm
_05647_,30.72µm
_05139_,30.67µm
_04728_,30.64µm
_06176_,30.635µm
_02501_,30.585µm
_02231_,30.58µm
net488,30.55µm
_05407_,30.54µm
_02031_,30.51µm
_02088_,30.495µm
proc_u0.cnn_ctrl_u0.cnn_inst.cnn_inst.kernel_flat\[19\],30.49µm
_04181_,30.465µm
_03689_,30.43µm
_02153_,30.415µm
_01368_,30.37µm
_04462_,30.36µm
_04509_,30.36µm
_05222_,30.355µm
_02505_,30.31µm
_03601_,30.31µm
net588,30.28µm
_02498_,30.26µm
comm_mem_u0.spi_u0.loader_weight_sm.weight_latch\[0\],30.24µm
_05624_,30.2µm
_05617_,30.175µm
_05878_,30.12µm
_03452_,30.08µm
_03924_,30.08µm
_06120_,30.03µm
_02911_,30µm
_06126_,29.94µm
_03167_,29.935µm
_03683_,29.89µm
_02879_,29.88µm
_04893_,29.88µm
_06115_,29.855µm
proc_u0.cnn_ctrl_u0.cnn_inst.cnn_inst.kernel_flat\[28\],29.6µm
comm_mem_u0.spi_u0.bit_count\[5\],29.59µm
_04179_,29.575µm
_06360_,29.54µm
_01385_,29.52µm
_04552_,29.52µm
_03916_,29.505µm
_05988_,29.46µm
proc_u0.cnn_ctrl_u0.cnn_inst.cnn_inst.kernel_flat\[49\],29.41µm
_03014_,29.4µm
_02582_,29.395µm
_04257_,29.35µm
_01334_,29.32µm
_02372_,29.29µm
_03700_,29.29µm
_02804_,29.245µm
_02385_,29.195µm
comm_mem_u0.o_img_row06\[25\],29.195µm
comm_mem_u0.spi_u0.loader_image_sm.i_ROW\[0\],29.105µm
_02753_,29.1µm
_03267_,29.08µm
_03929_,29.075µm
_04904_,29.055µm
_04221_,29.045µm
_06057_,29.01µm
_05620_,29µm
_01359_,28.93µm
_04267_,28.93µm
_03996_,28.905µm
_02155_,28.88µm
proc_u0.cnn_ctrl_u0.cnn_inst.cnn_inst.kernel_flat\[14\],28.88µm
proc_u0.cnn_ctrl_u0.cnn_inst.frag_mux.frag_sel\[2\],28.88µm
_02208_,28.87µm
net123,28.87µm
_04353_,28.86µm
_01463_,28.825µm
_04264_,28.81µm
_03252_,28.8µm
_01366_,28.775µm
_03443_,28.76µm
_04566_,28.69µm
_02406_,28.66µm
proc_u0.cnn_ctrl_u0.cnn_inst.cnn_inst.kernel_flat\[31\],28.63µm
_03207_,28.58µm
net252,28.58µm
comm_mem_u0.spi_u0.bit_count\[3\],28.575µm
_04929_,28.57µm
_03828_,28.56µm
_04387_,28.56µm
_05667_,28.56µm
_04448_,28.44µm
_02959_,28.38µm
_03853_,28.32µm
_02287_,28.285µm
_05792_,28.27µm
_02045_,28.235µm
_02748_,28.195µm
_02295_,28.12µm
_05815_,28.115µm
_05527_,28.11µm
proc_u0.cnn_ctrl_u0.cnn_inst.frag_mux.frag_sel\[0\],28.1µm
comm_mem_u0.o_img_row02\[21\],28.09µm
_05755_,28.06µm
_02830_,28.025µm
_01338_,27.96µm
_04848_,27.945µm
_03243_,27.91µm
_04202_,27.91µm
_05817_,27.91µm
_04494_,27.9µm
_01668_,27.885µm
_02550_,27.84µm
_06299_,27.84µm
comm_mem_u0.reg_img_u5.Register_Imag_DataInBUS\[27\],27.805µm
_06013_,27.73µm
_06106_,27.73µm
_02164_,27.675µm
comm_mem_u0.reg_wgt_u4.Register_Weight_DataInBUS\[7\],27.665µm
_03820_,27.655µm
_02975_,27.65µm
_03297_,27.645µm
_04722_,27.61µm
_04723_,27.61µm
net556,27.6µm
_02049_,27.585µm
_01830_,27.545µm
_02032_,27.54µm
_01983_,27.49µm
_03103_,27.49µm
comm_mem_u0.reg_img_u1.Register_Imag_DataInBUS\[1\],27.49µm
_02169_,27.485µm
_02913_,27.48µm
comm_mem_u0.reg_img_u7.Register_Imag_DataInBUS\[14\],27.48µm
_03375_,27.45µm
_05135_,27.38µm
_04460_,27.305µm
comm_mem_u0.spi_u0.data_count\[2\],27.275µm
_02609_,27.25µm
_01916_,27.235µm
_06648_,27.235µm
comm_mem_u0.reg_img_u3.Register_Imag_DataInBUS\[9\],27.2µm
_03262_,27.19µm
proc_u0.cnn_ctrl_u0.cnn_inst.cnn_inst.state\[7\],27.19µm
_05460_,27.185µm
_03756_,27.18µm
_03456_,27.13µm
_03675_,27.095µm
_02707_,27.07µm
net358,27.07µm
_03482_,27.06µm
_06069_,27µm
_05099_,26.96µm
_05727_,26.95µm
_02926_,26.925µm
proc_u0.cnn_ctrl_u0.cnn_inst.cnn_inst.kernel_flat\[39\],26.92µm
_03494_,26.91µm
comm_mem_u0.o_wgt_row00\[6\],26.9µm
comm_mem_u0.o_img_row01\[13\],26.89µm
_01790_,26.885µm
_03605_,26.88µm
proc_u0.cnn_ctrl_u0.cnn_inst.cnn_inst.kernel_flat\[40\],26.83µm
_02093_,26.775µm
_05418_,26.715µm
_01826_,26.705µm
_05369_,26.7µm
_02941_,26.685µm
_02445_,26.67µm
_02107_,26.66µm
_04912_,26.66µm
_01953_,26.65µm
_02089_,26.65µm
comm_mem_u0.reg_img_u3.Register_Imag_DataInBUS\[24\],26.64µm
_02110_,26.635µm
_01380_,26.585µm
_02854_,26.58µm
_06489_,26.58µm
comm_mem_u0.spi_u0.bit_count\[4\],26.575µm
_03721_,26.455µm
_04828_,26.445µm
_02294_,26.41µm
_02022_,26.4µm
_02115_,26.4µm
_03740_,26.36µm
_05189_,26.32µm
acc0\[9\],26.3µm
_02304_,26.245µm
_05174_,26.23µm
_06100_,26.225µm
_02284_,26.22µm
_03118_,26.215µm
comm_mem_u0.reg_img_u3.Register_Imag_DataInBUS\[20\],26.175µm
_04472_,26.16µm
_06096_,26.16µm
_06650_,26.16µm
_06708_,26.16µm
comm_mem_u0.reg_img_u5.Register_Imag_DataInBUS\[16\],26.135µm
_02978_,26.11µm
comm_mem_u0.o_img_row03\[9\],26.11µm
_03991_,26.1µm
net320,26.08µm
_03796_,26.075µm
_02991_,26.06µm
proc_u0.cnn_ctrl_u0.cnn_inst.cnn_inst.kernel_flat\[67\],26.01µm
_01383_,25.99µm
proc_u0.cnn_ctrl_u0.cnn_inst.cnn_done,25.98µm
_04166_,25.94µm
_02259_,25.93µm
_04556_,25.92µm
_03850_,25.895µm
_06121_,25.86µm
_03706_,25.82µm
_05240_,25.78µm
_02077_,25.765µm
_03623_,25.715µm
_02660_,25.7µm
_03898_,25.69µm
_04365_,25.68µm
_05255_,25.64µm
_01316_,25.585µm
_02832_,25.58µm
_03196_,25.58µm
_05488_,25.57µm
_04450_,25.565µm
net499,25.53µm
_01567_,25.5µm
_02362_,25.495µm
_01959_,25.455µm
_01387_,25.45µm
_06076_,25.27µm
_03942_,25.26µm
_02958_,25.15µm
_04765_,25.105µm
_02109_,25.09µm
_03642_,25.09µm
_04603_,25.02µm
_05265_,24.96µm
_03733_,24.84µm
_05733_,24.8µm
_05526_,24.79µm
_02490_,24.73µm
_05257_,24.73µm
_05505_,24.72µm
_05888_,24.685µm
_05426_,24.675µm
_05077_,24.66µm
_05737_,24.66µm
comm_mem_u0.spi_u0.loader_weight_sm.weight_latch\[1\],24.625µm
comm_mem_u0.o_img_row07\[4\],24.61µm
_04910_,24.6µm
_05453_,24.56µm
_02099_,24.555µm
_03282_,24.52µm
_06081_,24.51µm
_05880_,24.43µm
comm_mem_u0.o_wgt_row02\[12\],24.38µm
_03830_,24.375µm
_04740_,24.36µm
_06110_,24.36µm
_02488_,24.31µm
_05757_,24.31µm
_04544_,24.3µm
comm_mem_u0.o_img_row07\[6\],24.27µm
_02011_,24.25µm
_03089_,24.24µm
_03810_,24.24µm
_05509_,24.24µm
comm_mem_u0.reg_img_u2.Register_Imag_DataInBUS\[1\],24.2µm
_01496_,24.14µm
_03520_,24.13µm
_04163_,24.13µm
_01705_,24.12µm
_01801_,24.12µm
_03842_,24.095µm
_05583_,24.08µm
_03566_,24.07µm
comm_mem_u0.reg_img_u7.Register_Imag_DataInBUS\[17\],24.07µm
_04100_,24.06µm
comm_mem_u0.spi_u0.loader_weight_sm.STATE_Register,24.045µm
_04301_,24.02µm
_02147_,23.995µm
comm_mem_u0.reg_wgt_u4.Register_Weight_DataInBUS\[2\],23.95µm
_04313_,23.94µm
_02211_,23.91µm
_04245_,23.905µm
_04324_,23.9µm
_06175_,23.89µm
comm_mem_u0.reg_img_u6.Register_Imag_DataInBUS\[4\],23.875µm
proc_u0.cnn_ctrl_u0.cnn_inst.cnn_inst.kernel_flat\[23\],23.84µm
_05312_,23.835µm
_03134_,23.82µm
comm_mem_u0.mr2_out\[14\],23.78µm
comm_mem_u0.reg_img_u5.Register_Imag_DataInBUS\[17\],23.77µm
_03831_,23.76µm
_06163_,23.71µm
_03190_,23.67µm
_03127_,23.64µm
_06642_,23.635µm
_01427_,23.575µm
_01428_,23.535µm
_03195_,23.515µm
comm_mem_u0.reg_img_u3.Register_Imag_DataInBUS\[18\],23.505µm
comm_mem_u0.o_wgt_row03\[2\],23.485µm
_05192_,23.47µm
net410,23.43µm
_03413_,23.41µm
_05090_,23.4µm
_04132_,23.395µm
_06181_,23.375µm
comm_mem_u0.reg_wgt_u4.Register_Weight_DataInBUS\[10\],23.35µm
comm_mem_u0.reg_wgt_u4.Register_Weight_DataInBUS\[4\],23.35µm
_02015_,23.325µm
comm_mem_u0.reg_img_u5.Register_Imag_DataInBUS\[12\],23.31µm
comm_mem_u0.reg_img_u1.Register_Imag_DataInBUS\[16\],23.29µm
comm_mem_u0.o_img_row04\[19\],23.275µm
comm_mem_u0.o_wgt_row03\[0\],23.275µm
_01908_,23.23µm
_05163_,23.22µm
_02918_,23.205µm
_02352_,23.17µm
_02895_,23.17µm
_04793_,23.17µm
comm_mem_u0.reg_img_u2.Register_Imag_DataInBUS\[25\],23.17µm
_02670_,23.125µm
_04882_,23.12µm
_02181_,23.085µm
_04601_,22.99µm
comm_mem_u0.reg_img_u3.Register_Imag_DataInBUS\[25\],22.965µm
_05398_,22.945µm
_05838_,22.87µm
_02377_,22.86µm
_01440_,22.825µm
_01526_,22.81µm
comm_mem_u0.o_img_row07\[23\],22.81µm
comm_mem_u0.reg_img_u5.Register_Imag_DataInBUS\[9\],22.8µm
_04474_,22.74µm
_03003_,22.68µm
_03955_,22.64µm
_05148_,22.64µm
_01361_,22.58µm
_04194_,22.575µm
_02125_,22.51µm
_04325_,22.51µm
_06647_,22.5µm
_01341_,22.435µm
_02162_,22.435µm
_02905_,22.41µm
_00003_,22.39µm
_01871_,22.39µm
_03526_,22.39µm
_05095_,22.39µm
comm_mem_u0.reg_img_u1.Register_Imag_DataInBUS\[0\],22.39µm
_05238_,22.385µm
_05005_,22.375µm
comm_mem_u0.reg_img_u3.Register_Imag_DataInBUS\[17\],22.35µm
comm_mem_u0.reg_img_u3.Register_Imag_DataInBUS\[29\],22.33µm
_01329_,22.29µm
comm_mem_u0.reg_img_u7.Register_Imag_DataInBUS\[20\],22.29µm
_03953_,22.27µm
_05646_,22.26µm
_04539_,22.235µm
proc_u0.cnn_ctrl_u0.cnn_inst.cnn_inst.kernel_flat\[30\],22.225µm
_01848_,22.22µm
_05632_,22.2µm
_04068_,22.15µm
_02021_,22.105µm
proc_u0.cnn_ctrl_u0.cnn_inst.cnn_inst.kernel_flat\[61\],22.105µm
_01886_,22.09µm
comm_mem_u0.reg_img_u4.Register_Imag_DataInBUS\[8\],22.09µm
_03105_,22.08µm
_03397_,22.08µm
_02480_,22.075µm
_06183_,22.07µm
net713,22.02µm
comm_mem_u0.spi_u0.loader_weight_sm.weight_latch\[2\],22µm
_05452_,21.9µm
_01467_,21.86µm
_02697_,21.85µm
_04721_,21.85µm
_06101_,21.85µm
_06167_,21.85µm
_03592_,21.845µm
_02052_,21.835µm
_05820_,21.835µm
_04287_,21.815µm
_02528_,21.79µm
comm_mem_u0.reg_img_u3.Register_Imag_DataInBUS\[10\],21.785µm
_02276_,21.775µm
comm_mem_u0.reg_wgt_u4.Register_Weight_DataInBUS\[0\],21.745µm
_05775_,21.74µm
comm_mem_u0.mr2_out\[0\],21.73µm
_02379_,21.72µm
_02381_,21.72µm
_04167_,21.68µm
comm_mem_u0.reg_img_u0.Register_Imag_DataInBUS\[24\],21.625µm
_02575_,21.61µm
_02743_,21.6µm
_04947_,21.56µm
comm_mem_u0.reg_img_u3.Register_Imag_DataInBUS\[2\],21.55µm
net307,21.535µm
comm_mem_u0.reg_img_u1.Register_Imag_DataInBUS\[11\],21.49µm
_01839_,21.48µm
_05045_,21.48µm
comm_mem_u0.mr1_out\[7\],21.475µm
_05066_,21.465µm
comm_mem_u0.mr2_out\[2\],21.465µm
_01849_,21.43µm
_05706_,21.42µm
comm_mem_u0.reg_img_u5.Register_Imag_DataInBUS\[20\],21.415µm
_02666_,21.37µm
_04296_,21.37µm
comm_mem_u0.reg_img_u5.Register_Imag_DataInBUS\[13\],21.37µm
_02437_,21.36µm
_03205_,21.36µm
_04107_,21.36µm
_04833_,21.31µm
_03662_,21.305µm
comm_mem_u0.o_wgt_row03\[1\],21.305µm
_01768_,21.26µm
_06287_,21.24µm
_02543_,21.2µm
comm_mem_u0.reg_img_u2.Register_Imag_DataInBUS\[26\],21.19µm
comm_mem_u0.reg_img_u1.Register_Imag_DataInBUS\[22\],21.18µm
comm_mem_u0.reg_img_u7.Register_Imag_DataInBUS\[23\],21.145µm
_05778_,21.14µm
_02413_,21.12µm
_04650_,21.115µm
_05779_,21.115µm
proc_u0.cnn_ctrl_u0.cnn_inst.cnn_inst.kernel_flat\[64\],21.04µm
_04724_,21.02µm
comm_mem_u0.mr1_out\[11\],21.02µm
_04799_,21.005µm
_01950_,21µm
_02178_,20.96µm
_05476_,20.95µm
comm_mem_u0.reg_img_u5.Register_Imag_DataInBUS\[10\],20.95µm
_02457_,20.94µm
comm_mem_u0.o_wgt_row01\[6\],20.9µm
comm_mem_u0.reg_img_u1.Register_Imag_DataInBUS\[3\],20.9µm
comm_mem_u0.mr2_out\[1\],20.89µm
_02127_,20.855µm
_05516_,20.85µm
comm_mem_u0.mr2_out\[9\],20.845µm
comm_mem_u0.o_wgt_row01\[11\],20.84µm
_05582_,20.83µm
_02393_,20.82µm
_02893_,20.815µm
comm_mem_u0.reg_img_u6.Register_Imag_DataInBUS\[21\],20.815µm
_01323_,20.805µm
comm_mem_u0.reg_img_u4.Register_Imag_DataInBUS\[14\],20.8µm
_02014_,20.77µm
comm_mem_u0.reg_img_u0.Register_Imag_DataInBUS\[21\],20.77µm
_02799_,20.76µm
_06352_,20.76µm
comm_mem_u0.reg_img_u7.Register_Imag_DataInBUS\[26\],20.71µm
_05748_,20.7µm
_01434_,20.67µm
_01748_,20.67µm
acc1\[12\],20.67µm
_05449_,20.665µm
_01413_,20.66µm
_01431_,20.66µm
_04866_,20.66µm
comm_mem_u0.mr1_out\[8\],20.66µm
comm_mem_u0.o_wgt_row00\[13\],20.65µm
_05289_,20.635µm
_04173_,20.625µm
_05702_,20.6µm
_02610_,20.59µm
comm_mem_u0.reg_img_u4.Register_Imag_DataInBUS\[22\],20.59µm
comm_mem_u0.o_wgt_row03\[5\],20.54µm
_03264_,20.53µm
comm_mem_u0.reg_img_u5.Register_Imag_DataInBUS\[23\],20.53µm
comm_mem_u0.reg_img_u5.Register_Imag_DataInBUS\[8\],20.53µm
_03130_,20.52µm
_04290_,20.52µm
comm_mem_u0.reg_img_u6.Register_Imag_DataInBUS\[11\],20.505µm
_05386_,20.5µm
_00037_,20.47µm
_04432_,20.46µm
_03108_,20.455µm
_01322_,20.44µm
_02934_,20.44µm
_04846_,20.42µm
_03834_,20.41µm
_06128_,20.41µm
comm_mem_u0.o_img_row00\[17\],20.41µm
_04026_,20.385µm
_05797_,20.385µm
_02213_,20.38µm
_01491_,20.36µm
_04475_,20.36µm
_06134_,20.35µm
_06107_,20.335µm
_01729_,20.32µm
_02301_,20.32µm
comm_mem_u0.mr1_out\[14\],20.3µm
comm_mem_u0.o_wgt_row04\[10\],20.3µm
comm_mem_u0.reg_img_u1.Register_Imag_DataInBUS\[8\],20.3µm
comm_mem_u0.reg_img_u3.Register_Imag_DataInBUS\[22\],20.29µm
comm_mem_u0.reg_img_u3.Register_Imag_DataInBUS\[6\],20.29µm
proc_u0.cnn_ctrl_u0.cnn_inst.cnn_inst.state\[3\],20.29µm
_06298_,20.28µm
_04945_,20.24µm
proc_u0.cnn_ctrl_u0.cnn_done,20.19µm
_01416_,20.18µm
comm_mem_u0.o_wgt_row01\[10\],20.18µm
net324,20.155µm
_04446_,20.145µm
comm_mem_u0.o_wgt_row00\[5\],20.11µm
comm_mem_u0.reg_img_u0.Register_Imag_DataInBUS\[27\],20.11µm
_02993_,20.1µm
_01372_,20.065µm
_02587_,20.04µm
_02936_,19.99µm
_04441_,19.98µm
_04979_,19.98µm
_05440_,19.975µm
_04720_,19.96µm
_04466_,19.94µm
_03255_,19.92µm
_03515_,19.895µm
proc_u0.cnn_ctrl_u0.cnn_inst.cnn_inst.kernel_flat\[44\],19.895µm
comm_mem_u0.mr2_out\[12\],19.89µm
_04829_,19.82µm
_05897_,19.81µm
_03016_,19.77µm
_06082_,19.735µm
_05118_,19.71µm
comm_mem_u0.reg_img_u2.Register_Imag_DataInBUS\[12\],19.71µm
_02695_,19.7µm
_01518_,19.69µm
_03244_,19.68µm
_01888_,19.63µm
_02165_,19.63µm
_03434_,19.63µm
_05644_,19.62µm
_00035_,19.57µm
_05566_,19.57µm
proc_u0.cnn_ctrl_u0.cnn_inst.state\[2\],19.57µm
_04297_,19.56µm
_02275_,19.555µm
comm_mem_u0.reg_img_u2.Register_Imag_DataInBUS\[7\],19.555µm
comm_mem_u0.reg_img_u5.Register_Imag_DataInBUS\[11\],19.555µm
_05059_,19.52µm
_01969_,19.51µm
_02309_,19.51µm
_05808_,19.51µm
comm_mem_u0.reg_img_u1.Register_Imag_DataInBUS\[20\],19.51µm
_05811_,19.5µm
_02538_,19.495µm
_05714_,19.495µm
comm_mem_u0.reg_img_u1.Register_Imag_DataInBUS\[14\],19.495µm
comm_mem_u0.reg_img_u3.Register_Imag_DataInBUS\[3\],19.495µm
_04459_,19.485µm
_03122_,19.465µm
comm_mem_u0.reg_img_u3.Register_Imag_DataInBUS\[1\],19.46µm
comm_mem_u0.reg_img_u1.Register_Imag_DataInBUS\[4\],19.45µm
comm_mem_u0.reg_img_u1.Register_Imag_DataInBUS\[7\],19.45µm
comm_mem_u0.reg_img_u2.Register_Imag_DataInBUS\[0\],19.45µm
comm_mem_u0.reg_img_u2.Register_Imag_DataInBUS\[27\],19.45µm
comm_mem_u0.reg_img_u3.Register_Imag_DataInBUS\[19\],19.45µm
comm_mem_u0.reg_wgt_u4.Register_Weight_DataInBUS\[3\],19.45µm
comm_mem_u0.reg_img_u3.Register_Imag_DataInBUS\[26\],19.445µm
_05773_,19.44µm
_05823_,19.44µm
_06111_,19.435µm
comm_mem_u0.reg_img_u1.Register_Imag_DataInBUS\[29\],19.395µm
_03330_,19.365µm
_05479_,19.36µm
comm_mem_u0.mr2_out\[8\],19.345µm
comm_mem_u0.reg_img_u5.Register_Imag_DataInBUS\[25\],19.345µm
_01529_,19.34µm
_05115_,19.33µm
_05364_,19.33µm
_01351_,19.32µm
_02340_,19.28µm
acc1\[0\],19.265µm
_01889_,19.255µm
_03512_,19.24µm
_02203_,19.23µm
_01425_,19.225µm
_04889_,19.22µm
_05798_,19.22µm
_03433_,19.21µm
_04112_,19.21µm
comm_mem_u0.o_img_row00\[26\],19.16µm
_02471_,19.15µm
_01702_,19.12µm
comm_mem_u0.reg_img_u1.Register_Imag_DataInBUS\[10\],19.105µm
_03261_,19.09µm
_02029_,19.08µm
_02332_,19.08µm
_03062_,19.08µm
_03204_,19.08µm
_03634_,19.08µm
_05028_,19.08µm
comm_mem_u0.reg_img_u3.Register_Imag_DataInBUS\[14\],19.075µm
comm_mem_u0.reg_img_u3.Register_Imag_DataInBUS\[8\],19.075µm
comm_mem_u0.reg_img_u5.Register_Imag_DataInBUS\[24\],19.075µm
comm_mem_u0.reg_img_u1.Register_Imag_DataInBUS\[18\],19.06µm
_04569_,19.04µm
_01724_,19.02µm
_02580_,19.02µm
_04837_,19.02µm
_05781_,19.02µm
_01364_,19.015µm
_00036_,19.01µm
_03390_,18.995µm
comm_mem_u0.mr1_out\[3\],18.99µm
_05625_,18.98µm
_05180_,18.97µm
comm_mem_u0.reg_img_u6.Register_Imag_DataInBUS\[25\],18.97µm
comm_mem_u0.o_wgt_row00\[1\],18.965µm
_01907_,18.96µm
_02319_,18.96µm
_05302_,18.955µm
comm_mem_u0.reg_img_u1.Register_Imag_DataInBUS\[12\],18.95µm
_04072_,18.945µm
comm_mem_u0.reg_wgt_u4.Register_Weight_DataInBUS\[1\],18.93µm
_01827_,18.91µm
_02957_,18.91µm
_01479_,18.865µm
_04546_,18.86µm
comm_mem_u0.reg_img_u3.Register_Imag_DataInBUS\[7\],18.825µm
_01433_,18.81µm
_05726_,18.81µm
comm_mem_u0.spi_u0.bit_count\[7\],18.8µm
comm_mem_u0.reg_img_u3.Register_Imag_DataInBUS\[11\],18.78µm
_05101_,18.75µm
comm_mem_u0.mr1_out\[6\],18.745µm
comm_mem_u0.o_wgt_row04\[13\],18.745µm
_05746_,18.73µm
_05300_,18.705µm
_02676_,18.685µm
_04788_,18.67µm
_04819_,18.67µm
_04206_,18.66µm
_05767_,18.66µm
_01930_,18.645µm
_01591_,18.62µm
_01441_,18.61µm
comm_mem_u0.reg_img_u2.Register_Imag_DataInBUS\[21\],18.61µm
comm_mem_u0.reg_img_u2.Register_Imag_DataInBUS\[2\],18.61µm
comm_mem_u0.reg_img_u3.Register_Imag_DataInBUS\[12\],18.61µm
comm_mem_u0.reg_img_u3.Register_Imag_DataInBUS\[21\],18.61µm
comm_mem_u0.o_wgt_row00\[2\],18.585µm
_01514_,18.575µm
_02948_,18.57µm
_05857_,18.565µm
_01384_,18.56µm
_01313_,18.55µm
_05332_,18.55µm
comm_mem_u0.mr1_out\[4\],18.55µm
_03258_,18.51µm
_02823_,18.505µm
_05940_,18.505µm
_01409_,18.49µm
_03821_,18.49µm
comm_mem_u0.mr2_out\[13\],18.49µm
comm_mem_u0.reg_img_u0.Register_Imag_DataInBUS\[8\],18.49µm
_06552_,18.485µm
_06166_,18.48µm
comm_mem_u0.reg_img_u7.Register_Imag_DataInBUS\[19\],18.45µm
_02812_,18.44µm
_04937_,18.44µm
_02167_,18.43µm
_04741_,18.43µm
_02836_,18.42µm
_05943_,18.405µm
comm_mem_u0.reg_img_u2.Register_Imag_DataInBUS\[23\],18.385µm
_01501_,18.38µm
_03383_,18.36µm
_04436_,18.345µm
_02952_,18.34µm
_04791_,18.285µm
comm_mem_u0.reg_img_u5.Register_Imag_DataInBUS\[0\],18.27µm
_05112_,18.255µm
_02356_,18.25µm
_06137_,18.25µm
_01855_,18.24µm
_02192_,18.24µm
_02882_,18.24µm
_06756_,18.24µm
comm_mem_u0.o_wgt_row03\[4\],18.145µm
comm_mem_u0.reg_img_u4.Register_Imag_DataInBUS\[25\],18.145µm
_04077_,18.13µm
_04299_,18.13µm
comm_mem_u0.reg_img_u1.Register_Imag_DataInBUS\[26\],18.13µm
_03366_,18.125µm
_02064_,18.12µm
_04782_,18.12µm
_02727_,18.115µm
_01807_,18.105µm
_05923_,18.07µm
_02555_,18.04µm
_03263_,18.04µm
_03513_,18.04µm
_02536_,18.01µm
_05896_,18.01µm
comm_mem_u0.reg_img_u1.Register_Imag_DataInBUS\[17\],18.01µm
comm_mem_u0.reg_img_u8.Register_Imag_DataInBUS\[17\],18.01µm
comm_mem_u0.reg_img_u8.Register_Imag_DataInBUS\[29\],18.01µm
_03583_,18µm
comm_mem_u0.reg_img_u5.Register_Imag_DataInBUS\[2\],17.995µm
_02650_,17.96µm
comm_mem_u0.o_img_row06\[19\],17.96µm
_05055_,17.95µm
_04523_,17.945µm
comm_mem_u0.spi_u0.loader_image_sm.row_latch\[3\],17.945µm
_06148_,17.94µm
comm_mem_u0.reg_img_u3.Register_Imag_DataInBUS\[23\],17.905µm
comm_mem_u0.reg_img_u6.Register_Imag_DataInBUS\[24\],17.905µm
_04116_,17.9µm
_05520_,17.845µm
_03398_,17.83µm
proc_u0.cnn_ctrl_u0.state\[6\],17.83µm
_05875_,17.815µm
comm_mem_u0.reg_img_u1.Register_Imag_DataInBUS\[23\],17.8µm
_01478_,17.795µm
comm_mem_u0.reg_img_u4.Register_Imag_DataInBUS\[0\],17.79µm
_05228_,17.785µm
_03369_,17.77µm
_05374_,17.77µm
_04281_,17.76µm
_04708_,17.725µm
_01367_,17.72µm
_01321_,17.71µm
proc_u0.cnn_ctrl_u0.cnn_inst.cnn_inst.kernel_flat\[0\],17.705µm
_04934_,17.685µm
_00401_,17.65µm
_01292_,17.65µm
_05372_,17.65µm
_05806_,17.635µm
_01358_,17.625µm
_02174_,17.625µm
_04564_,17.6µm
acc0\[5\],17.6µm
_04812_,17.59µm
comm_mem_u0.reg_img_u3.Register_Imag_DataInBUS\[13\],17.55µm
_01404_,17.54µm
_02396_,17.54µm
_04156_,17.54µm
_04815_,17.53µm
comm_mem_u0.reg_wgt_u4.Register_Weight_DataInBUS\[5\],17.53µm
_05742_,17.52µm
comm_mem_u0.reg_img_u2.Register_Imag_DataInBUS\[15\],17.52µm
_01508_,17.49µm
comm_mem_u0.o_wgt_row04\[1\],17.49µm
_01408_,17.475µm
_03027_,17.47µm
_03458_,17.47µm
_04061_,17.445µm
comm_mem_u0.o_wgt_row04\[5\],17.43µm
comm_mem_u0.reg_img_u7.Register_Imag_DataInBUS\[6\],17.425µm
_01447_,17.42µm
_03532_,17.42µm
_05250_,17.415µm
_01158_,17.41µm
_03052_,17.41µm
_05933_,17.41µm
comm_mem_u0.o_wgt_row00\[0\],17.41µm
_02285_,17.4µm
_04961_,17.4µm
_02456_,17.375µm
_05559_,17.36µm
comm_mem_u0.reg_img_u0.Register_Imag_DataInBUS\[0\],17.35µm
comm_mem_u0.reg_img_u0.Register_Imag_DataInBUS\[28\],17.35µm
_02253_,17.34µm
_02613_,17.305µm
_05655_,17.305µm
_01435_,17.29µm
comm_mem_u0.o_wgt_row02\[6\],17.29µm
_01911_,17.28µm
_06587_,17.28µm
_03266_,17.255µm
_01438_,17.23µm
_03691_,17.23µm
_02814_,17.22µm
_06080_,17.22µm
_03627_,17.205µm
_02141_,17.17µm
_05657_,17.16µm
_01486_,17.155µm
_05306_,17.155µm
comm_mem_u0.reg_img_u5.Register_Imag_DataInBUS\[14\],17.155µm
_04928_,17.12µm
comm_mem_u0.reg_img_u3.Register_Imag_DataInBUS\[16\],17.12µm
_04614_,17.105µm
_05537_,17.07µm
_04707_,17.065µm
_04020_,17.06µm
acc0\[10\],17.06µm
_01798_,17.05µm
_03671_,17.05µm
_03977_,17.05µm
_05117_,17.05µm
comm_mem_u0.reg_img_u1.Register_Imag_DataInBUS\[6\],17.05µm
comm_mem_u0.reg_img_u5.Register_Imag_DataInBUS\[5\],17.05µm
comm_mem_u0.reg_img_u6.Register_Imag_DataInBUS\[0\],17.05µm
comm_mem_u0.reg_img_u8.Register_Imag_DataInBUS\[27\],17.05µm
comm_mem_u0.reg_img_u8.Register_Imag_DataInBUS\[6\],17.05µm
_04594_,17.045µm
comm_mem_u0.reg_img_u1.Register_Imag_DataInBUS\[5\],17.045µm
comm_mem_u0.reg_img_u2.Register_Imag_DataInBUS\[10\],17.045µm
comm_mem_u0.reg_img_u4.Register_Imag_DataInBUS\[5\],17.045µm
comm_mem_u0.reg_img_u6.Register_Imag_DataInBUS\[3\],17.045µm
_01231_,17.04µm
_02333_,17.04µm
_03025_,17.04µm
_05262_,17.04µm
_05441_,17.04µm
_04902_,17.035µm
_04585_,17.025µm
_05764_,16.98µm
_05800_,16.98µm
comm_mem_u0.reg_img_u0.Register_Imag_DataInBUS\[1\],16.98µm
_01414_,16.945µm
comm_mem_u0.o_wgt_row04\[8\],16.945µm
comm_mem_u0.reg_img_u0.Register_Imag_DataInBUS\[22\],16.945µm
comm_mem_u0.reg_img_u1.Register_Imag_DataInBUS\[28\],16.945µm
comm_mem_u0.reg_img_u2.Register_Imag_DataInBUS\[6\],16.945µm
comm_mem_u0.reg_img_u7.Register_Imag_DataInBUS\[25\],16.945µm
comm_mem_u0.reg_img_u6.Register_Imag_DataInBUS\[14\],16.94µm
_02635_,16.93µm
_04751_,16.92µm
_04816_,16.92µm
_03386_,16.87µm
_04032_,16.87µm
comm_mem_u0.reg_img_u0.Register_Imag_DataInBUS\[26\],16.87µm
comm_mem_u0.reg_img_u0.Register_Imag_DataInBUS\[4\],16.87µm
comm_mem_u0.reg_img_u5.Register_Imag_DataInBUS\[4\],16.87µm
_05637_,16.83µm
_01824_,16.82µm
_03098_,16.82µm
_02709_,16.81µm
_05281_,16.77µm
_02647_,16.755µm
_05833_,16.74µm
_01914_,16.71µm
_02750_,16.705µm
_05927_,16.705µm
comm_mem_u0.reg_img_u5.Register_Imag_DataInBUS\[15\],16.7µm
_00033_,16.69µm
_02246_,16.69µm
_05920_,16.69µm
proc_u0.cnn_ctrl_u0.cnn_inst.cnn_inst.kernel_flat\[55\],16.69µm
_02640_,16.68µm
_04679_,16.68µm
_02976_,16.645µm
comm_mem_u0.reg_img_u7.Register_Imag_DataInBUS\[10\],16.645µm
_02315_,16.63µm
_02503_,16.63µm
_03329_,16.63µm
_04120_,16.63µm
_04373_,16.63µm
_04733_,16.63µm
_06094_,16.63µm
comm_mem_u0.reg_img_u7.Register_Imag_DataInBUS\[8\],16.625µm
_02530_,16.615µm
_05439_,16.615µm
_03208_,16.6µm
comm_mem_u0.o_img_row04\[5\],16.585µm
_00514_,16.58µm
_01417_,16.58µm
_01484_,16.58µm
_02950_,16.58µm
_04830_,16.58µm
comm_mem_u0.mr2_out\[7\],16.58µm
_00705_,16.57µm
_03892_,16.57µm
comm_mem_u0.mr2_out\[3\],16.57µm
comm_mem_u0.reg_img_u7.Register_Imag_DataInBUS\[3\],16.565µm
_02002_,16.56µm
_04371_,16.56µm
_03763_,16.555µm
_04789_,16.53µm
_02649_,16.52µm
_04066_,16.5µm
_04926_,16.5µm
_02354_,16.495µm
_04047_,16.495µm
_01451_,16.465µm
comm_mem_u0.reg_img_u0.Register_Imag_DataInBUS\[7\],16.465µm
comm_mem_u0.reg_img_u2.Register_Imag_DataInBUS\[22\],16.465µm
comm_mem_u0.reg_img_u2.Register_Imag_DataInBUS\[5\],16.465µm
_03327_,16.46µm
_05894_,16.46µm
comm_mem_u0.o_wgt_row03\[14\],16.46µm
_02565_,16.45µm
_02873_,16.45µm
_04014_,16.45µm
_04487_,16.45µm
_05119_,16.45µm
_05326_,16.45µm
_05456_,16.45µm
net540,16.45µm
_02567_,16.425µm
_04172_,16.425µm
comm_mem_u0.reg_img_u6.Register_Imag_DataInBUS\[18\],16.425µm
_05546_,16.41µm
comm_mem_u0.reg_img_u4.Register_Imag_DataInBUS\[20\],16.39µm
comm_mem_u0.reg_img_u6.Register_Imag_DataInBUS\[6\],16.39µm
_03736_,16.38µm
_04896_,16.38µm
comm_mem_u0.reg_img_u5.Register_Imag_DataInBUS\[6\],16.38µm
_01212_,16.37µm
_05482_,16.365µm
comm_mem_u0.o_wgt_row02\[3\],16.365µm
proc_u0.cnn_ctrl_u0.cnn_inst.state\[5\],16.365µm
comm_mem_u0.reg_img_u7.Register_Imag_DataInBUS\[13\],16.36µm
_05091_,16.35µm
comm_mem_u0.reg_img_u2.Register_Imag_DataInBUS\[16\],16.35µm
_04917_,16.34µm
_04326_,16.335µm
_01360_,16.33µm
_05780_,16.33µm
comm_mem_u0.o_wgt_row04\[3\],16.33µm
_03414_,16.32µm
_05471_,16.32µm
_04201_,16.305µm
_02716_,16.295µm
comm_mem_u0.o_wgt_row03\[7\],16.27µm
_05761_,16.26µm
_02783_,16.255µm
_03631_,16.225µm
_05370_,16.22µm
comm_mem_u0.reg_img_u4.Register_Imag_DataInBUS\[24\],16.215µm
_01892_,16.2µm
_02283_,16.2µm
_02578_,16.2µm
_05389_,16.2µm
comm_mem_u0.reg_img_u5.Register_Imag_DataInBUS\[7\],16.2µm
_04590_,16.195µm
_05805_,16.195µm
_01497_,16.16µm
_01977_,16.16µm
comm_mem_u0.reg_img_u2.Register_Imag_DataInBUS\[20\],16.16µm
_03067_,16.15µm
_03580_,16.15µm
_05104_,16.15µm
comm_mem_u0.o_img_row07\[20\],16.15µm
_02531_,16.145µm
comm_mem_u0.reg_img_u7.Register_Imag_DataInBUS\[29\],16.145µm
_04918_,16.105µm
comm_mem_u0.o_wgt_row03\[13\],16.105µm
comm_mem_u0.reg_img_u2.Register_Imag_DataInBUS\[11\],16.105µm
comm_mem_u0.reg_img_u6.Register_Imag_DataInBUS\[15\],16.105µm
_01406_,16.1µm
comm_mem_u0.reg_img_u6.Register_Imag_DataInBUS\[9\],16.1µm
_01466_,16.09µm
comm_mem_u0.reg_img_u0.Register_Imag_DataInBUS\[12\],16.09µm
comm_mem_u0.reg_img_u4.Register_Imag_DataInBUS\[13\],16.09µm
comm_mem_u0.reg_img_u4.Register_Imag_DataInBUS\[18\],16.09µm
comm_mem_u0.reg_img_u4.Register_Imag_DataInBUS\[6\],16.09µm
_01499_,16.08µm
_02080_,16.075µm
_02552_,16.065µm
comm_mem_u0.reg_img_u0.Register_Imag_DataInBUS\[23\],16.065µm
proc_u0.cnn_ctrl_u0.state\[2\],16.055µm
acc1\[6\],16.045µm
_00392_,16.03µm
_02460_,16.03µm
comm_mem_u0.reg_img_u6.Register_Imag_DataInBUS\[22\],15.985µm
_02272_,15.98µm
_03437_,15.98µm
_04580_,15.97µm
_05315_,15.92µm
_03436_,15.91µm
comm_mem_u0.reg_img_u6.Register_Imag_DataInBUS\[19\],15.875µm
_03499_,15.86µm
_00016_,15.85µm
_01530_,15.85µm
_01971_,15.85µm
comm_mem_u0.o_wgt_row02\[9\],15.85µm
_02819_,15.84µm
_05928_,15.84µm
_05936_,15.84µm
_04148_,15.81µm
comm_mem_u0.reg_img_u1.Register_Imag_DataInBUS\[25\],15.78µm
_04124_,15.755µm
_05918_,15.74µm
_04093_,15.73µm
_05921_,15.73µm
comm_mem_u0.o_wgt_row02\[1\],15.73µm
_01726_,15.72µm
_05790_,15.72µm
_05701_,15.7µm
_04262_,15.68µm
_05716_,15.68µm
_01474_,15.66µm
proc_u0.cnn_ctrl_u0.state\[10\],15.655µm
_04110_,15.625µm
_05570_,15.62µm
_05868_,15.62µm
_03410_,15.61µm
_04144_,15.61µm
_04205_,15.61µm
_06135_,15.61µm
comm_mem_u0.reg_img_u4.Register_Imag_DataInBUS\[19\],15.61µm
_05653_,15.6µm
comm_mem_u0.reg_img_u4.Register_Imag_DataInBUS\[7\],15.6µm
comm_mem_u0.reg_img_u1.Register_Imag_DataInBUS\[21\],15.58µm
_01506_,15.575µm
comm_mem_u0.spi_u0.bit_count\[1\],15.57µm
_03340_,15.56µm
proc_u0.cnn_ctrl_u0.state\[12\],15.56µm
_05261_,15.545µm
_06151_,15.545µm
_05199_,15.54µm
_03514_,15.535µm
_02954_,15.53µm
_02722_,15.51µm
_06065_,15.51µm
_01349_,15.505µm
comm_mem_u0.reg_img_u0.Register_Imag_DataInBUS\[13\],15.505µm
comm_mem_u0.reg_img_u2.Register_Imag_DataInBUS\[9\],15.505µm
_02717_,15.5µm
_05517_,15.5µm
_05518_,15.5µm
comm_mem_u0.reg_wgt_u4.Register_Weight_DataInBUS\[8\],15.5µm
_01420_,15.49µm
_05862_,15.49µm
_06187_,15.48µm
_05705_,15.45µm
comm_mem_u0.mr1_out\[12\],15.44µm
_01917_,15.435µm
_01986_,15.43µm
_03534_,15.425µm
_05670_,15.42µm
_04616_,15.415µm
_05082_,15.38µm
_03356_,15.37µm
_05113_,15.37µm
comm_mem_u0.o_img_row02\[20\],15.37µm
_01415_,15.36µm
_02686_,15.36µm
_05938_,15.36µm
_05483_,15.355µm
_01902_,15.31µm
comm_mem_u0.o_wgt_row04\[4\],15.31µm
comm_mem_u0.reg_img_u0.Register_Imag_DataInBUS\[5\],15.31µm
_03794_,15.3µm
_04582_,15.3µm
_05301_,15.3µm
_04887_,15.285µm
comm_mem_u0.o_img_row07\[1\],15.26µm
comm_mem_u0.reg_img_u5.Register_Imag_DataInBUS\[19\],15.26µm
comm_mem_u0.reg_img_u7.Register_Imag_DataInBUS\[12\],15.26µm
_02864_,15.25µm
_05356_,15.25µm
_05521_,15.25µm
comm_mem_u0.reg_img_u1.Register_Imag_DataInBUS\[13\],15.25µm
comm_mem_u0.reg_img_u7.Register_Imag_DataInBUS\[1\],15.25µm
comm_mem_u0.reg_img_u8.Register_Imag_DataInBUS\[25\],15.25µm
_01412_,15.24µm
_05026_,15.24µm
_02409_,15.21µm
_01495_,15.2µm
_02382_,15.19µm
comm_mem_u0.mr2_out\[4\],15.19µm
_05097_,15.185µm
comm_mem_u0.reg_img_u2.Register_Imag_DataInBUS\[24\],15.175µm
comm_mem_u0.reg_img_u4.Register_Imag_DataInBUS\[16\],15.15µm
_01026_,15.14µm
_01403_,15.14µm
_01410_,15.14µm
_03394_,15.14µm
_01429_,15.13µm
_03946_,15.13µm
_04227_,15.13µm
comm_mem_u0.reg_img_u2.Register_Imag_DataInBUS\[8\],15.13µm
_01635_,15.12µm
_03163_,15.12µm
_04492_,15.1µm
_01943_,15.09µm
_03396_,15.085µm
comm_mem_u0.reg_img_u4.Register_Imag_DataInBUS\[23\],15.08µm
_01311_,15.07µm
_05293_,15.07µm
_04212_,15.06µm
_03781_,15.03µm
comm_mem_u0.reg_img_u6.Register_Imag_DataInBUS\[26\],15.03µm
_03701_,15.025µm
comm_mem_u0.reg_img_u6.Register_Imag_DataInBUS\[7\],15.025µm
_02900_,15.02µm
_03367_,15.02µm
_04089_,15.02µm
comm_mem_u0.o_wgt_row04\[14\],15.02µm
_03497_,15.01µm
_04956_,15.01µm
_03470_,15µm
_06652_,15µm
acc1\[1\],14.975µm
_03454_,14.965µm
_04527_,14.96µm
comm_mem_u0.reg_img_u0.Register_Imag_DataInBUS\[20\],14.96µm
_01376_,14.95µm
comm_mem_u0.spi_u0.bit_count\[6\],14.945µm
_01439_,14.94µm
comm_mem_u0.reg_img_u6.Register_Imag_DataInBUS\[23\],14.91µm
_01480_,14.9µm
_02562_,14.89µm
_01392_,14.88µm
_05841_,14.88µm
_03919_,14.875µm
comm_mem_u0.reg_img_u6.Register_Imag_DataInBUS\[2\],14.85µm
_05827_,14.845µm
comm_mem_u0.o_wgt_row03\[8\],14.83µm
comm_mem_u0.reg_img_u3.Register_Imag_DataInBUS\[28\],14.825µm
_01905_,14.82µm
_03579_,14.82µm
_04802_,14.82µm
_03739_,14.815µm
_04927_,14.815µm
_04538_,14.795µm
_05275_,14.79µm
_05393_,14.77µm
acc0\[7\],14.77µm
_04808_,14.755µm
_02928_,14.745µm
comm_mem_u0.mr1_out\[10\],14.745µm
_05308_,14.74µm
_02132_,14.73µm
comm_mem_u0.reg_img_u2.Register_Imag_DataInBUS\[3\],14.72µm
comm_mem_u0.reg_img_u4.Register_Imag_DataInBUS\[10\],14.72µm
_03685_,14.7µm
_05717_,14.7µm
_05865_,14.7µm
_06005_,14.7µm
_02986_,14.695µm
_04073_,14.665µm
_01244_,14.66µm
_01472_,14.65µm
_01477_,14.65µm
_02016_,14.65µm
_03059_,14.65µm
_03993_,14.65µm
comm_mem_u0.reg_img_u0.Register_Imag_DataInBUS\[11\],14.65µm
comm_mem_u0.reg_img_u7.Register_Imag_DataInBUS\[24\],14.65µm
_03194_,14.645µm
_00000_,14.64µm
_02189_,14.64µm
_02591_,14.64µm
_03980_,14.64µm
_06639_,14.64µm
_04370_,14.635µm
_01483_,14.61µm
comm_mem_u0.spi_u0.miso_count\[4\],14.605µm
_01527_,14.6µm
_06178_,14.6µm
_04899_,14.59µm
_03350_,14.58µm
_02544_,14.575µm
comm_mem_u0.reg_img_u0.Register_Imag_DataInBUS\[25\],14.575µm
_03082_,14.56µm
_02807_,14.53µm
_04130_,14.53µm
_02278_,14.52µm
_05100_,14.515µm
_01858_,14.505µm
comm_mem_u0.reg_img_u7.Register_Imag_DataInBUS\[4\],14.49µm
_05588_,14.48µm
_00722_,14.47µm
_04579_,14.47µm
_05431_,14.47µm
_04541_,14.46µm
_03193_,14.445µm
_04399_,14.44µm
_02176_,14.425µm
_05629_,14.425µm
_03445_,14.4µm
_05114_,14.4µm
_05260_,14.4µm
_05276_,14.395µm
_02973_,14.35µm
_03527_,14.35µm
_03705_,14.35µm
_04396_,14.35µm
comm_mem_u0.reg_img_u7.Register_Imag_DataInBUS\[28\],14.35µm
_04342_,14.34µm
comm_mem_u0.reg_img_u6.Register_Imag_DataInBUS\[29\],14.335µm
_05429_,14.325µm
acc0\[4\],14.325µm
_05054_,14.32µm
comm_mem_u0.reg_img_u3.Register_Imag_DataInBUS\[0\],14.3µm
comm_mem_u0.reg_img_u5.Register_Imag_DataInBUS\[22\],14.3µm
comm_mem_u0.mr2_out\[10\],14.29µm
comm_mem_u0.reg_img_u2.Register_Imag_DataInBUS\[29\],14.29µm
comm_mem_u0.reg_img_u6.Register_Imag_DataInBUS\[17\],14.29µm
comm_mem_u0.reg_img_u7.Register_Imag_DataInBUS\[22\],14.29µm
_02983_,14.275µm
_03080_,14.275µm
_05409_,14.275µm
_05109_,14.265µm
comm_mem_u0.reg_img_u4.Register_Imag_DataInBUS\[2\],14.24µm
comm_mem_u0.reg_img_u4.Register_Imag_DataInBUS\[4\],14.24µm
comm_mem_u0.reg_wgt_u4.Register_Weight_DataInBUS\[14\],14.24µm
_02398_,14.23µm
_05129_,14.215µm
comm_mem_u0.spi_u0.data_count\[5\],14.215µm
comm_mem_u0.reg_img_u2.Register_Imag_DataInBUS\[13\],14.19µm
_01805_,14.185µm
_01202_,14.18µm
_02005_,14.18µm
_03412_,14.18µm
comm_mem_u0.spi_u0.loader_image_sm.STATE_Register,14.18µm
_02310_,14.17µm
_02867_,14.17µm
_02932_,14.17µm
_03553_,14.17µm
_03732_,14.17µm
_05373_,14.17µm
comm_mem_u0.reg_img_u7.Register_Imag_DataInBUS\[11\],14.17µm
_03608_,14.16µm
_05648_,14.16µm
_06463_,14.16µm
comm_mem_u0.reg_img_u0.Register_Imag_DataInBUS\[14\],14.16µm
_06052_,14.125µm
_02902_,14.11µm
_05327_,14.1µm
_01490_,14.095µm
_02720_,14.095µm
_02906_,14.07µm
_03719_,14.07µm
comm_mem_u0.mr1_out\[2\],14.065µm
comm_mem_u0.reg_img_u5.Register_Imag_DataInBUS\[3\],14.065µm
_02980_,14.06µm
_06222_,14.06µm
_04727_,14.05µm
comm_mem_u0.reg_img_u7.Register_Imag_DataInBUS\[15\],14.045µm
_05361_,14.04µm
_05562_,14.04µm
_01411_,13.99µm
comm_mem_u0.reg_img_u7.Register_Imag_DataInBUS\[18\],13.99µm
_04999_,13.985µm
_03094_,13.98µm
_06694_,13.98µm
_02130_,13.96µm
_01448_,13.955µm
_03065_,13.94µm
_05263_,13.93µm
_05889_,13.93µm
_05204_,13.92µm
_05882_,13.92µm
comm_mem_u0.o_wgt_row04\[11\],13.91µm
_03166_,13.9µm
_02523_,13.895µm
_04757_,13.885µm
_01317_,13.88µm
_00399_,13.87µm
comm_mem_u0.o_wgt_row01\[7\],13.87µm
comm_mem_u0.o_wgt_row02\[14\],13.87µm
_01910_,13.86µm
_02442_,13.86µm
_03268_,13.86µm
_04939_,13.86µm
_05225_,13.84µm
_05314_,13.825µm
comm_mem_u0.o_img_row08\[22\],13.825µm
comm_mem_u0.reg_img_u6.Register_Imag_DataInBUS\[28\],13.82µm
_03453_,13.81µm
_04485_,13.81µm
comm_mem_u0.reg_img_u3.Register_Imag_DataInBUS\[27\],13.81µm
comm_mem_u0.reg_img_u6.Register_Imag_DataInBUS\[8\],13.81µm
_05871_,13.8µm
_04796_,13.795µm
_05333_,13.795µm
_01931_,13.76µm
comm_mem_u0.reg_img_u2.Register_Imag_DataInBUS\[19\],13.76µm
comm_mem_u0.reg_img_u7.Register_Imag_DataInBUS\[16\],13.76µm
_04578_,13.755µm
_04046_,13.74µm
_01915_,13.72µm
comm_mem_u0.reg_img_u4.Register_Imag_DataInBUS\[27\],13.715µm
_05419_,13.71µm
comm_mem_u0.reg_img_u6.Register_Imag_DataInBUS\[20\],13.71µm
_04602_,13.705µm
_00255_,13.7µm
_00781_,13.7µm
_01197_,13.7µm
_01519_,13.7µm
_01643_,13.69µm
_03373_,13.69µm
_03746_,13.69µm
_05105_,13.69µm
comm_mem_u0.mr2_out\[5\],13.69µm
_02258_,13.68µm
_03672_,13.68µm
_03987_,13.68µm
_04513_,13.68µm
_06617_,13.68µm
_02369_,13.675µm
_05106_,13.675µm
_01831_,13.66µm
_04403_,13.655µm
_03562_,13.645µm
_04622_,13.64µm
acc0\[6\],13.635µm
_03364_,13.63µm
_04175_,13.63µm
_04861_,13.63µm
_05639_,13.63µm
_05824_,13.63µm
_05611_,13.62µm
_02639_,13.6µm
_01350_,13.59µm
_05711_,13.59µm
_03357_,13.585µm
_03835_,13.58µm
_04069_,13.58µm
_04792_,13.58µm
_06707_,13.58µm
_03611_,13.57µm
_04922_,13.57µm
_05777_,13.57µm
proc_u0.cnn_ctrl_u0.cnn_inst.cnn_inst.state\[6\],13.57µm
_04607_,13.545µm
_04573_,13.525µm
_05232_,13.525µm
_01493_,13.52µm
_03343_,13.52µm
_01405_,13.5µm
_02410_,13.47µm
_03215_,13.465µm
_02899_,13.44µm
comm_mem_u0.reg_img_u6.Register_Imag_DataInBUS\[13\],13.44µm
_04123_,13.42µm
_02564_,13.415µm
_03182_,13.4µm
_03446_,13.4µm
_00660_,13.39µm
_02652_,13.39µm
comm_mem_u0.o_wgt_row02\[0\],13.39µm
_03789_,13.365µm
_02023_,13.36µm
_05447_,13.355µm
_02472_,13.345µm
_05822_,13.34µm
comm_mem_u0.reg_img_u5.Register_Imag_DataInBUS\[18\],13.34µm
comm_mem_u0.reg_img_u8.Register_Imag_DataInBUS\[14\],13.34µm
proc_u0.cnn_ctrl_u0.state\[5\],13.34µm
_00657_,13.33µm
_02322_,13.33µm
comm_mem_u0.reg_wgt_u4.Register_Weight_DataInBUS\[12\],13.33µm
proc_u0.cnn_ctrl_u0.state\[9\],13.33µm
_04231_,13.325µm
_02342_,13.32µm
_02497_,13.32µm
_04995_,13.315µm
_06109_,13.315µm
_04951_,13.305µm
acc1\[2\],13.3µm
comm_mem_u0.mr1_out\[1\],13.285µm
_02013_,13.28µm
_04106_,13.28µm
comm_mem_u0.reg_img_u0.Register_Imag_DataInBUS\[17\],13.28µm
comm_mem_u0.reg_img_u1.Register_Imag_DataInBUS\[2\],13.28µm
_02784_,13.27µm
_04454_,13.27µm
_01418_,13.255µm
comm_mem_u0.o_wgt_row02\[10\],13.23µm
_01452_,13.22µm
_02874_,13.22µm
_03012_,13.22µm
_05477_,13.22µm
_05712_,13.22µm
_02051_,13.21µm
_02429_,13.21µm
_03035_,13.21µm
_04154_,13.21µm
_04337_,13.21µm
comm_mem_u0.reg_img_u0.Register_Imag_DataInBUS\[16\],13.21µm
_04244_,13.2µm
acc1\[8\],13.2µm
_04542_,13.195µm
_01944_,13.175µm
comm_mem_u0.o_wgt_row04\[0\],13.175µm
comm_mem_u0.reg_img_u2.Register_Imag_DataInBUS\[4\],13.16µm
_02076_,13.15µm
_03111_,13.15µm
_04568_,13.15µm
_05437_,13.15µm
_05427_,13.14µm
_01363_,13.1µm
_01443_,13.1µm
_03407_,13.1µm
comm_mem_u0.o_wgt_row03\[6\],13.1µm
_02367_,13.09µm
_03170_,13.09µm
_04345_,13.09µm
_02133_,13.05µm
_02668_,13.04µm
_04044_,13.04µm
_04451_,13.04µm
_04938_,13.04µm
_05198_,13.04µm
_03363_,13.025µm
_01140_,13.02µm
_01332_,13.01µm
_01424_,12.995µm
comm_mem_u0.reg_img_u0.Register_Imag_DataInBUS\[19\],12.97µm
_02251_,12.96µm
_04458_,12.955µm
_02641_,12.945µm
_00520_,12.91µm
_00717_,12.91µm
_01157_,12.91µm
_01309_,12.91µm
_01841_,12.91µm
_02837_,12.91µm
_02852_,12.91µm
_03474_,12.91µm
_03724_,12.91µm
_04207_,12.91µm
_04676_,12.91µm
_01803_,12.9µm
comm_mem_u0.reg_img_u4.Register_Imag_DataInBUS\[17\],12.9µm
_02557_,12.895µm
_04941_,12.895µm
_05785_,12.875µm
_04040_,12.86µm
comm_mem_u0.reg_img_u3.Register_Imag_DataInBUS\[15\],12.86µm
comm_mem_u0.reg_img_u3.Register_Imag_DataInBUS\[5\],12.86µm
comm_mem_u0.reg_img_u7.Register_Imag_DataInBUS\[0\],12.86µm
_03455_,12.85µm
_04560_,12.85µm
_06139_,12.85µm
acc1\[5\],12.85µm
_03536_,12.84µm
_06517_,12.84µm
_03841_,12.82µm
_04955_,12.82µm
_05193_,12.8µm
_05339_,12.8µm
comm_mem_u0.o_wgt_row02\[13\],12.8µm
comm_mem_u0.reg_img_u7.Register_Imag_DataInBUS\[2\],12.8µm
proc_u0.cnn_ctrl_u0.cnn_inst.state\[4\],12.8µm
_03093_,12.795µm
_03558_,12.79µm
_03586_,12.78µm
comm_mem_u0.reg_img_u2.Register_Imag_DataInBUS\[28\],12.75µm
comm_mem_u0.reg_img_u7.Register_Imag_DataInBUS\[27\],12.75µm
_01531_,12.74µm
_02363_,12.74µm
_03695_,12.74µm
_04746_,12.74µm
_04067_,12.73µm
_06211_,12.73µm
_06446_,12.73µm
_01375_,12.725µm
_00965_,12.72µm
_02476_,12.72µm
_04060_,12.72µm
_05023_,12.72µm
_06198_,12.72µm
_06270_,12.72µm
_06306_,12.72µm
comm_mem_u0.reg_img_u7.Register_Imag_DataInBUS\[5\],12.69µm
comm_mem_u0.reg_img_u9.Register_Imag_DataInBUS\[1\],12.69µm
_05906_,12.685µm
_04192_,12.67µm
_05200_,12.67µm
_06450_,12.645µm
_01454_,12.63µm
_01333_,12.62µm
_01516_,12.62µm
_04084_,12.62µm
_05769_,12.62µm
_01606_,12.615µm
_03161_,12.61µm
_02339_,12.56µm
_00659_,12.55µm
_00691_,12.55µm
_01288_,12.55µm
_02440_,12.55µm
_05391_,12.54µm
_05937_,12.54µm
_04540_,12.515µm
_03931_,12.51µm
_05919_,12.5µm
_03839_,12.49µm
_03971_,12.49µm
_01800_,12.48µm
_02263_,12.48µm
_02892_,12.48µm
_03389_,12.48µm
_04135_,12.48µm
_04329_,12.48µm
_05687_,12.48µm
_06192_,12.48µm
_02116_,12.455µm
_01633_,12.43µm
_04864_,12.43µm
comm_mem_u0.reg_img_u8.Register_Imag_DataInBUS\[22\],12.43µm
_03809_,12.42µm
_04380_,12.42µm
_05548_,12.42µm
_05759_,12.42µm
_05804_,12.42µm
comm_mem_u0.reg_img_u4.Register_Imag_DataInBUS\[9\],12.42µm
comm_mem_u0.reg_img_u7.Register_Imag_DataInBUS\[9\],12.38µm
_01134_,12.37µm
_01397_,12.37µm
_01630_,12.37µm
_01937_,12.37µm
_03448_,12.37µm
_05490_,12.37µm
comm_mem_u0.reg_img_u4.Register_Imag_DataInBUS\[29\],12.37µm
_05741_,12.36µm
comm_mem_u0.o_wgt_row03\[12\],12.36µm
_04865_,12.355µm
_05619_,12.355µm
comm_mem_u0.o_img_row05\[28\],12.35µm
_01373_,12.345µm
_03723_,12.345µm
_04362_,12.345µm
_03893_,12.32µm
comm_mem_u0.reg_img_u0.Register_Imag_DataInBUS\[3\],12.32µm
comm_mem_u0.reg_img_u2.Register_Imag_DataInBUS\[17\],12.32µm
comm_mem_u0.reg_img_u4.Register_Imag_DataInBUS\[21\],12.32µm
comm_mem_u0.reg_img_u5.Register_Imag_DataInBUS\[26\],12.32µm
comm_mem_u0.reg_img_u6.Register_Imag_DataInBUS\[16\],12.32µm
_03714_,12.315µm
_01464_,12.31µm
_01594_,12.31µm
_02696_,12.31µm
comm_mem_u0.o_img_row00\[20\],12.31µm
_02876_,12.305µm
_01258_,12.3µm
_02535_,12.3µm
_05672_,12.285µm
proc_u0.cnn_ctrl_u0.cnn_inst.cnn_inst.start,12.285µm
comm_mem_u0.mr2_out\[15\],12.265µm
_01940_,12.25µm
_03216_,12.25µm
_03874_,12.25µm
_05354_,12.25µm
_05502_,12.25µm
_05881_,12.25µm
net1862,12.25µm
comm_mem_u0.o_wgt_row02\[5\],12.25µm
_03940_,12.24µm
_04958_,12.24µm
_05554_,12.24µm
_06075_,12.24µm
_06315_,12.24µm
_06591_,12.24µm
net1747,12.24µm
_05236_,12.23µm
_01929_,12.205µm
_02447_,12.205µm
_04414_,12.205µm
acc0\[12\],12.205µm
_05555_,12.18µm
_01422_,12.15µm
comm_mem_u0.o_img_row08\[29\],12.145µm
_01419_,12.14µm
_01510_,12.14µm
_02036_,12.14µm
_02477_,12.14µm
_04524_,12.13µm
_04576_,12.13µm
_05083_,12.13µm
_05475_,12.13µm
_02229_,12.12µm
_05290_,12.12µm
_01388_,12.09µm
_06097_,12.09µm
_03778_,12.08µm
_05134_,12.08µm
comm_mem_u0.reg_img_u8.Register_Imag_DataInBUS\[1\],12.065µm
_00525_,12.06µm
_01259_,12.06µm
_04208_,12.035µm
_02371_,12.03µm
_05459_,12.025µm
_05365_,12.02µm
_02117_,12.01µm
_03625_,12.01µm
_04186_,12.01µm
_04463_,12.01µm
_01693_,12µm
_02916_,12µm
_03417_,12µm
_04162_,12µm
_04959_,12µm
_05140_,12µm
_05234_,12µm
_05652_,12µm
_03176_,11.975µm
_00658_,11.95µm
_00716_,11.95µm
_00991_,11.95µm
_01595_,11.95µm
_03467_,11.95µm
_05034_,11.95µm
_05641_,11.95µm
_05917_,11.95µm
_01237_,11.94µm
_01391_,11.94µm
_01522_,11.94µm
_01642_,11.94µm
_01744_,11.94µm
_02573_,11.94µm
_04300_,11.94µm
_04868_,11.94µm
_05660_,11.94µm
_05952_,11.94µm
_05957_,11.94µm
_02422_,11.935µm
_05577_,11.92µm
_02904_,11.91µm
comm_mem_u0.reg_img_u0.Register_Imag_DataInBUS\[2\],11.9µm
comm_mem_u0.reg_img_u1.Register_Imag_DataInBUS\[27\],11.9µm
comm_mem_u0.reg_img_u5.Register_Imag_DataInBUS\[28\],11.9µm
_01613_,11.89µm
_03875_,11.89µm
_04993_,11.89µm
_06433_,11.89µm
comm_mem_u0.reg_img_u9.Register_Imag_DataInBUS\[17\],11.89µm
_03101_,11.885µm
_01318_,11.88µm
_01324_,11.88µm
_01533_,11.88µm
_02731_,11.88µm
_02843_,11.88µm
_03478_,11.88µm
_04395_,11.88µm
_05058_,11.88µm
_05352_,11.88µm
_06462_,11.88µm
CNNver2_Reset_InHigh,11.865µm
_02140_,11.845µm
_02397_,11.845µm
_03384_,11.84µm
_03391_,11.84µm
comm_mem_u0.reg_img_u0.Register_Imag_DataInBUS\[9\],11.84µm
comm_mem_u0.reg_img_u4.Register_Imag_DataInBUS\[1\],11.84µm
_01155_,11.83µm
_01393_,11.83µm
_02858_,11.83µm
_03444_,11.83µm
comm_mem_u0.reg_img_u6.Register_Imag_DataInBUS\[10\],11.825µm
_04517_,11.82µm
_03435_,11.815µm
_02612_,11.8µm
comm_mem_u0.reg_img_u1.Register_Imag_DataInBUS\[24\],11.79µm
_00182_,11.78µm
_03465_,11.78µm
_04019_,11.78µm
_01471_,11.77µm
_01489_,11.77µm
_01502_,11.77µm
_02742_,11.77µm
_02901_,11.77µm
_05760_,11.77µm
_06583_,11.77µm
_04076_,11.76µm
_04147_,11.76µm
_04372_,11.76µm
_04500_,11.76µm
_04611_,11.76µm
_02136_,11.725µm
_04563_,11.72µm
_05553_,11.72µm
_05643_,11.72µm
_02572_,11.71µm
comm_mem_u0.o_img_row01\[24\],11.695µm
_01884_,11.67µm
_01963_,11.67µm
_04211_,11.67µm
_01475_,11.665µm
_00926_,11.65µm
_04161_,11.65µm
_04562_,11.65µm
_04693_,11.65µm
_06143_,11.64µm
_03769_,11.62µm
_00397_,11.59µm
_01171_,11.59µm
_06636_,11.59µm
_03849_,11.585µm
_03780_,11.58µm
_05618_,11.58µm
_05847_,11.58µm
_04949_,11.55µm
_05226_,11.55µm
_00518_,11.53µm
_02343_,11.53µm
_03037_,11.53µm
_04034_,11.53µm
comm_mem_u0.reg_img_u0.Register_Imag_DataInBUS\[15\],11.53µm
_01734_,11.52µm
_01795_,11.52µm
_02500_,11.52µm
_03279_,11.52µm
_04134_,11.52µm
net1830,11.52µm
comm_mem_u0.reg_img_u3.Register_Imag_DataInBUS\[4\],11.515µm
_02092_,11.505µm
_02255_,11.505µm
_04898_,11.495µm
_01564_,11.475µm
_00009_,11.47µm
_01565_,11.47µm
_03096_,11.47µm
_03346_,11.47µm
_03587_,11.47µm
acc1\[11\],11.47µm
comm_mem_u0.mr1_out\[15\],11.47µm
proc_u0.cnn_ctrl_u0.state\[11\],11.47µm
_00072_,11.46µm
_03106_,11.46µm
_03840_,11.46µm
_05935_,11.455µm
_05278_,11.445µm
_02012_,11.43µm
_02833_,11.425µm
_01867_,11.42µm
comm_mem_u0.reg_img_u0.Register_Imag_DataInBUS\[18\],11.42µm
comm_mem_u0.reg_img_u1.Register_Imag_DataInBUS\[15\],11.42µm
acc1\[9\],11.41µm
comm_mem_u0.o_wgt_row04\[6\],11.41µm
_00064_,11.4µm
_02872_,11.4µm
_04639_,11.4µm
_05973_,11.4µm
_06429_,11.4µm
_06486_,11.4µm
_06593_,11.4µm
_04588_,11.395µm
_06050_,11.395µm
_05081_,11.38µm
_05247_,11.38µm
_06123_,11.38µm
_03294_,11.36µm
_05080_,11.36µm
_05206_,11.36µm
comm_mem_u0.reg_img_u1.Register_Imag_DataInBUS\[19\],11.36µm
_01432_,11.35µm
_01485_,11.35µm
_04692_,11.35µm
_02577_,11.33µm
_02964_,11.325µm
_05103_,11.325µm
_00025_,11.31µm
_05451_,11.31µm
_05531_,11.3µm
_01172_,11.29µm
_02499_,11.29µm
_02546_,11.29µm
_04121_,11.29µm
_04152_,11.29µm
_05172_,11.29µm
_05349_,11.29µm
_05360_,11.29µm
_05480_,11.29µm
_06127_,11.29µm
_06508_,11.29µm
net1385,11.29µm
net1647,11.29µm
net1800,11.29µm
net1809,11.29µm
_01144_,11.28µm
_04030_,11.28µm
_04593_,11.28µm
_05266_,11.28µm
net1188,11.28µm
_02300_,11.275µm
_04586_,11.275µm
_05320_,11.275µm
_03406_,11.27µm
_05915_,11.25µm
comm_mem_u0.reg_img_u4.Register_Imag_DataInBUS\[15\],11.25µm
_05602_,11.245µm
_04957_,11.23µm
_05227_,11.23µm
_06060_,11.22µm
_02205_,11.195µm
_05664_,11.195µm
_01532_,11.19µm
_04288_,11.19µm
_05707_,11.175µm
_04010_,11.17µm
_04101_,11.17µm
_04136_,11.17µm
_05486_,11.17µm
_05676_,11.17µm
_02267_,11.165µm
_05254_,11.16µm
_05873_,11.16µm
_01608_,11.145µm
_05466_,11.13µm
_00673_,11.11µm
_04883_,11.1µm
comm_mem_u0.mr1_out\[0\],11.1µm
_02286_,11.075µm
_00533_,11.07µm
_02898_,11.065µm
_03704_,11.06µm
_05395_,11.06µm
_04150_,11.05µm
_05317_,11.05µm
_05467_,11.05µm
_05568_,11.05µm
_01899_,11.04µm
_02260_,11.04µm
_02927_,11.04µm
_04036_,11.04µm
_06631_,11.04µm
_00698_,10.99µm
_00719_,10.99µm
_01027_,10.99µm
_03189_,10.99µm
_03910_,10.99µm
_04140_,10.99µm
_04631_,10.99µm
_05836_,10.99µm
_01601_,10.98µm
_02730_,10.98µm
_03655_,10.98µm
_04158_,10.98µm
_05954_,10.98µm
_06029_,10.98µm
_06722_,10.98µm
_03370_,10.975µm
_04940_,10.975µm
_02416_,10.955µm
_05932_,10.94µm
_01236_,10.93µm
_01344_,10.93µm
_01396_,10.93µm
_01535_,10.93µm
_01897_,10.93µm
_02191_,10.93µm
_03674_,10.93µm
_04196_,10.93µm
_04213_,10.93µm
_04465_,10.93µm
_05233_,10.93µm
_05381_,10.93µm
_02985_,10.92µm
_03495_,10.92µm
_06200_,10.92µm
net1169,10.92µm
_02234_,10.905µm
comm_mem_u0.reg_img_u0.Register_Imag_DataInBUS\[29\],10.905µm
_03114_,10.88µm
comm_mem_u0.o_img_row09\[5\],10.88µm
comm_mem_u0.reg_img_u1.Register_Imag_DataInBUS\[9\],10.88µm
comm_mem_u0.reg_img_u2.Register_Imag_DataInBUS\[14\],10.88µm
_03047_,10.87µm
_05939_,10.865µm
_00023_,10.86µm
_02390_,10.86µm
_03107_,10.86µm
_05699_,10.86µm
_05709_,10.86µm
_04232_,10.835µm
_03085_,10.825µm
_03202_,10.82µm
_04577_,10.82µm
_04862_,10.82µm
_03352_,10.81µm
_03788_,10.81µm
_05745_,10.81µm
_06130_,10.81µm
_06322_,10.81µm
_06588_,10.81µm
_03519_,10.805µm
_00811_,10.8µm
_04258_,10.8µm
_04613_,10.8µm
_05698_,10.8µm
_06329_,10.8µm
net1533,10.8µm
_05719_,10.76µm
_04052_,10.75µm
_05981_,10.75µm
_04691_,10.74µm
_04713_,10.735µm
_03770_,10.72µm
_02951_,10.715µm
_01421_,10.7µm
_01523_,10.7µm
_04011_,10.7µm
_04127_,10.7µm
_05201_,10.695µm
_01782_,10.69µm
_02250_,10.69µm
_02944_,10.69µm
_03141_,10.69µm
_03816_,10.69µm
_05849_,10.69µm
net1143,10.69µm
net1291,10.69µm
comm_mem_u0.reg_wgt_u4.Register_Weight_DataInBUS\[11\],10.69µm
_01945_,10.68µm
_02945_,10.68µm
_03360_,10.68µm
_05120_,10.665µm
_02446_,10.655µm
_03440_,10.65µm
_04005_,10.64µm
_00651_,10.63µm
_04033_,10.62µm
_05484_,10.59µm
net2,10.57µm
_01407_,10.57µm
_01500_,10.57µm
_02185_,10.57µm
_03958_,10.57µm
_05628_,10.57µm
_01537_,10.56µm
_01552_,10.56µm
_01555_,10.56µm
_01691_,10.56µm
_02856_,10.56µm
_03349_,10.56µm
_03404_,10.56µm
_03466_,10.56µm
_04312_,10.56µm
_04592_,10.56µm
_05229_,10.56µm
_05678_,10.56µm
_05895_,10.56µm
_06248_,10.56µm
_06768_,10.56µm
net1333,10.56µm
_02458_,10.52µm
_06638_,10.515µm
_00732_,10.51µm
_00790_,10.51µm
_00813_,10.51µm
_00833_,10.51µm
_01247_,10.51µm
_04965_,10.51µm
_05450_,10.51µm
_05580_,10.51µm
_05596_,10.51µm
_06105_,10.51µm
_01646_,10.5µm
_02651_,10.5µm
_02399_,10.495µm
_01792_,10.485µm
_01948_,10.46µm
_05078_,10.46µm
_05170_,10.46µm
comm_mem_u0.reg_img_u4.Register_Imag_DataInBUS\[28\],10.46µm
comm_mem_u0.reg_img_u5.Register_Imag_DataInBUS\[29\],10.46µm
comm_mem_u0.reg_img_u6.Register_Imag_DataInBUS\[5\],10.46µm
comm_mem_u0.reg_img_u7.Register_Imag_DataInBUS\[21\],10.46µm
comm_mem_u0.reg_img_u7.Register_Imag_DataInBUS\[7\],10.46µm
_01934_,10.455µm
_01252_,10.45µm
_01672_,10.45µm
_02534_,10.45µm
_02583_,10.45µm
_03422_,10.45µm
_04473_,10.45µm
_05346_,10.45µm
_06376_,10.45µm
net1313,10.45µm
net1511,10.45µm
net1793,10.45µm
net1795,10.45µm
net1814,10.45µm
net1815,10.45µm
net1820,10.45µm
net1846,10.45µm
net1858,10.45µm
comm_mem_u0.o_img_row01\[25\],10.45µm
_03405_,10.445µm
_00591_,10.44µm
_01226_,10.44µm
_05728_,10.44µm
_02434_,10.435µm
_02896_,10.435µm
_04892_,10.435µm
_05210_,10.435µm
_02232_,10.425µm
_04028_,10.42µm
_04079_,10.42µm
_04618_,10.42µm
_05814_,10.405µm
_02634_,10.4µm
_03426_,10.4µm
_04525_,10.4µm
_05732_,10.4µm
_06637_,10.4µm
comm_mem_u0.o_wgt_row02\[2\],10.4µm
_02239_,10.395µm
net1828,10.395µm
_00862_,10.39µm
_00935_,10.39µm
_01240_,10.39µm
_01399_,10.39µm
_01955_,10.39µm
_04185_,10.39µm
_04784_,10.39µm
_06087_,10.39µm
_01294_,10.38µm
_02931_,10.37µm
comm_mem_u0.reg_wgt_u4.Register_Weight_DataInBUS\[9\],10.35µm
_05809_,10.34µm
_06749_,10.335µm
_01036_,10.33µm
_01067_,10.33µm
_01928_,10.33µm
_01997_,10.33µm
_03335_,10.33µm
_03361_,10.33µm
_04452_,10.33µm
_04558_,10.33µm
_05125_,10.33µm
_05869_,10.33µm
_06195_,10.33µm
_06234_,10.33µm
_06295_,10.33µm
_06310_,10.33µm
_06384_,10.33µm
_06482_,10.33µm
_06483_,10.33µm
net1669,10.33µm
comm_mem_u0.o_img_row04\[9\],10.33µm
_00012_,10.32µm
_00760_,10.32µm
_01257_,10.32µm
_01745_,10.32µm
_03824_,10.32µm
_06657_,10.32µm
net1139,10.32µm
_03686_,10.315µm
_04003_,10.315µm
_05595_,10.315µm
_01942_,10.305µm
comm_mem_u0.reg_img_u6.Register_Imag_DataInBUS\[12\],10.305µm
_05828_,10.295µm
comm_mem_u0.reg_img_u0.Register_Imag_DataInBUS\[10\],10.29µm
_00338_,10.27µm
_00545_,10.27µm
_03418_,10.27µm
_03578_,10.27µm
_04050_,10.27µm
_05343_,10.27µm
_04599_,10.26µm
_04647_,10.26µm
_06748_,10.26µm
_01974_,10.255µm
_05156_,10.255µm
_02890_,10.235µm
_04596_,10.235µm
_01465_,10.23µm
_04643_,10.23µm
_05366_,10.23µm
_03415_,10.225µm
_05925_,10.22µm
_02491_,10.21µm
_02665_,10.21µm
_03018_,10.21µm
_03871_,10.21µm
_04931_,10.21µm
_05924_,10.21µm
_06170_,10.21µm
proc_u0.cnn_ctrl_u0.cnn_inst.cnn_inst.kernel_flat\[66\],10.185µm
_03084_,10.17µm
_05405_,10.16µm
_00723_,10.15µm
_04059_,10.145µm
_03645_,10.14µm
_04102_,10.14µm
_04261_,10.14µm
_05329_,10.14µm
_00308_,10.125µm
net1860,10.125µm
_02439_,10.1µm
_03022_,10.1µm
_03708_,10.09µm
_04752_,10.09µm
comm_mem_u0.reg_wgt_u2.Register_Weight_DataInBUS\[9\],10.09µm
_01604_,10.08µm
_01678_,10.08µm
_01767_,10.08µm
_01985_,10.08µm
_02559_,10.08µm
_03936_,10.08µm
_04664_,10.08µm
_04697_,10.08µm
_05522_,10.08µm
_05578_,10.08µm
comm_mem_u0.reg_img_u8.Register_Imag_DataInBUS\[18\],10.08µm
_02737_,10.075µm
_03684_,10.07µm
_03081_,10.065µm
_00007_,10.03µm
_00721_,10.03µm
_01707_,10.03µm
_01788_,10.03µm
_04151_,10.03µm
_05503_,10.03µm
_02139_,10.02µm
_04857_,10.02µm
_05382_,10.02µm
_03075_,10.015µm
_04022_,10.01µm
net1587,9.99µm
_01348_,9.98µm
_02121_,9.98µm
_04595_,9.98µm
_01132_,9.97µm
_01541_,9.97µm
_02435_,9.97µm
_03588_,9.97µm
_04064_,9.97µm
_04985_,9.97µm
_05799_,9.97µm
_05971_,9.97µm
_06220_,9.97µm
comm_mem_u0.spi_u0.data_count\[3\],9.97µm
_05593_,9.965µm
_05934_,9.965µm
_00707_,9.96µm
_02146_,9.96µm
_02395_,9.96µm
_02841_,9.96µm
_04536_,9.96µm
_05852_,9.96µm
_06440_,9.96µm
acc1\[15\],9.96µm
comm_mem_u0.o_wgt_row04\[12\],9.96µm
_03260_,9.955µm
_04456_,9.955µm
_05116_,9.955µm
_02336_,9.92µm
_03403_,9.92µm
comm_mem_u0.o_wgt_row02\[7\],9.92µm
_00337_,9.91µm
_00915_,9.91µm
_00920_,9.91µm
_01669_,9.91µm
_02359_,9.91µm
_02504_,9.91µm
_05421_,9.91µm
_06524_,9.91µm
_00390_,9.9µm
_02001_,9.9µm
_05085_,9.9µm
_02046_,9.895µm
_03575_,9.885µm
_02558_,9.88µm
_01521_,9.87µm
_03599_,9.87µm
comm_mem_u0.spi_u0.bit_count\[8\],9.87µm
_01347_,9.86µm
_03393_,9.86µm
_04352_,9.86µm
_02085_,9.85µm
_02702_,9.85µm
_02792_,9.85µm
_03654_,9.85µm
_04143_,9.85µm
_04836_,9.85µm
_05786_,9.85µm
_05946_,9.85µm
_06098_,9.85µm
_06537_,9.85µm
net1485,9.85µm
net1503,9.85µm
net1822,9.85µm
_05929_,9.845µm
_00301_,9.84µm
_00881_,9.84µm
_02481_,9.84µm
_03423_,9.84µm
_04219_,9.84µm
_05512_,9.84µm
_06089_,9.84µm
net1199,9.84µm
net1347,9.84µm
net1639,9.84µm
net1771,9.84µm
net1892,9.84µm
_05271_,9.835µm
_01469_,9.81µm
_04071_,9.81µm
_04998_,9.79µm
_03427_,9.78µm
_03844_,9.78µm
_05197_,9.78µm
_02987_,9.775µm
_03574_,9.775µm
_04141_,9.775µm
_04923_,9.775µm
_05673_,9.775µm
_04561_,9.77µm
_00087_,9.76µm
_03245_,9.745µm
_01430_,9.74µm
_02982_,9.74µm
_02143_,9.73µm
_02312_,9.73µm
_05642_,9.73µm
_05907_,9.73µm
_05942_,9.73µm
_06539_,9.72µm
_05504_,9.7µm
_03387_,9.69µm
_02087_,9.68µm
_05202_,9.68µm
_00713_,9.67µm
_01890_,9.66µm
_03782_,9.66µm
_04164_,9.66µm
_05692_,9.66µm
_01965_,9.655µm
_02683_,9.635µm
_01253_,9.61µm
_03776_,9.61µm
_05530_,9.61µm
_06184_,9.61µm
_06304_,9.61µm
_01673_,9.6µm
_01739_,9.6µm
_01781_,9.6µm
_02424_,9.6µm
_02767_,9.6µm
_03031_,9.6µm
_04017_,9.6µm
_05128_,9.6µm
_05840_,9.6µm
_06600_,9.6µm
proc_u0.cnn_ctrl_u0.state\[7\],9.6µm
_04037_,9.585µm
_05196_,9.57µm
_00724_,9.55µm
_02414_,9.55µm
_02487_,9.55µm
_03044_,9.55µm
_03316_,9.55µm
_03546_,9.55µm
_03758_,9.55µm
_05000_,9.55µm
_05012_,9.55µm
_05791_,9.55µm
_05968_,9.55µm
_06073_,9.55µm
_03837_,9.54µm
_04565_,9.54µm
_04658_,9.54µm
_05704_,9.54µm
_05784_,9.54µm
_05950_,9.54µm
_06027_,9.54µm
_02035_,9.535µm
_05763_,9.535µm
_05604_,9.525µm
acc0\[15\],9.5µm
_03287_,9.495µm
_00589_,9.49µm
_04098_,9.49µm
_05586_,9.49µm
_05608_,9.49µm
net1376,9.49µm
comm_mem_u0.mr1_out\[5\],9.485µm
_02408_,9.48µm
_02540_,9.48µm
_03010_,9.48µm
_04919_,9.48µm
_04954_,9.48µm
_06210_,9.48µm
_06281_,9.48µm
_06536_,9.48µm
comm_mem_u0.o_img_row04\[6\],9.48µm
comm_mem_u0.o_start_cnn,9.48µm
_04081_,9.475µm
_04805_,9.475µm
_04981_,9.475µm
_02037_,9.47µm
_05218_,9.47µm
_05514_,9.46µm
_04058_,9.44µm
_05307_,9.44µm
comm_mem_u0.o_wgt_row02\[8\],9.44µm
_00976_,9.43µm
_04621_,9.43µm
_04677_,9.43µm
_04770_,9.43µm
_05908_,9.43µm
_06037_,9.43µm
_06666_,9.43µm
_05606_,9.425µm
_04422_,9.42µm
_04800_,9.42µm
_05864_,9.42µm
_02988_,9.385µm
_01445_,9.38µm
_03351_,9.38µm
_01188_,9.37µm
_02214_,9.37µm
_03603_,9.37µm
_03876_,9.37µm
_04094_,9.37µm
_04754_,9.37µm
_05654_,9.37µm
_06425_,9.37µm
_06442_,9.37µm
_06445_,9.37µm
_06452_,9.37µm
_06562_,9.37µm
net1402,9.37µm
net1433,9.37µm
_00943_,9.36µm
_02242_,9.36µm
_02878_,9.36µm
_03102_,9.36µm
_03472_,9.36µm
_04241_,9.36µm
_05287_,9.36µm
_05914_,9.36µm
net1294,9.36µm
net1310,9.36µm
net1344,9.36µm
net1649,9.36µm
net1890,9.36µm
_03304_,9.355µm
_05680_,9.355µm
_02869_,9.33µm
_05768_,9.33µm
comm_mem_u0.reg_img_u4.Register_Imag_DataInBUS\[26\],9.33µm
_00656_,9.31µm
_03428_,9.31µm
_04953_,9.3µm
_01444_,9.275µm
_03577_,9.275µm
_04146_,9.275µm
_02884_,9.265µm
_02788_,9.26µm
_04612_,9.26µm
_02539_,9.25µm
_03468_,9.25µm
_05697_,9.25µm
_05789_,9.25µm
_02430_,9.24µm
_04855_,9.24µm
_04589_,9.225µm
_05334_,9.21µm
_06063_,9.21µm
_01923_,9.205µm
_00032_,9.19µm
_00650_,9.19µm
_01031_,9.19µm
_04743_,9.19µm
_02264_,9.18µm
_02607_,9.18µm
_04903_,9.18µm
_05974_,9.18µm
_06118_,9.18µm
acc1\[7\],9.18µm
proc_u0.cnn_ctrl_u0.cnn_inst.cnn_inst.state\[4\],9.16µm
_01964_,9.14µm
_01697_,9.13µm
_02078_,9.13µm
_03054_,9.13µm
_04567_,9.13µm
_05127_,9.13µm
_05428_,9.13µm
_05977_,9.13µm
_06369_,9.13µm
_06458_,9.13µm
_06505_,9.13µm
comm_mem_u0.reg_img_u9.Register_Imag_DataInBUS\[24\],9.13µm
_00020_,9.12µm
_00246_,9.12µm
_00386_,9.12µm
_00537_,9.12µm
_01738_,9.12µm
_02569_,9.12µm
_02827_,9.12µm
_03665_,9.12µm
_03878_,9.12µm
_04187_,9.12µm
_04209_,9.12µm
_04758_,9.12µm
_05832_,9.12µm
_05978_,9.12µm
net1120,9.12µm
comm_mem_u0.reg_img_u8.Register_Imag_DataInBUS\[4\],9.12µm
comm_mem_u0.reg_img_u8.Register_Imag_DataInBUS\[8\],9.12µm
comm_mem_u0.reg_img_u9.Register_Imag_DataInBUS\[23\],9.12µm
_03752_,9.11µm
_02040_,9.085µm
_00460_,9.07µm
_00679_,9.07µm
_00907_,9.07µm
_00916_,9.07µm
_01694_,9.07µm
_03165_,9.07µm
_03447_,9.07µm
_03725_,9.07µm
_03956_,9.07µm
_03970_,9.07µm
_04178_,9.07µm
_04314_,9.07µm
_05010_,9.07µm
_05309_,9.07µm
_05324_,9.07µm
_05603_,9.07µm
_06012_,9.07µm
_06018_,9.07µm
_06042_,9.07µm
_06086_,9.07µm
comm_mem_u0.reg_img_u9.Register_Imag_DataInBUS\[12\],9.07µm
_01331_,9.06µm
_02000_,9.06µm
_03242_,9.06µm
_03563_,9.06µm
_04008_,9.06µm
_05627_,9.06µm
_06043_,9.06µm
_06046_,9.06µm
_06747_,9.06µm
_04712_,9.055µm
_04114_,9.045µm
_03000_,9.04µm
_05384_,9.02µm
_05922_,9.02µm
comm_mem_u0.mr1_out\[13\],9.02µm
_01528_,9.015µm
_00333_,9.01µm
_01310_,9.01µm
_01426_,9.01µm
_01553_,9.01µm
_04054_,9.01µm
_05072_,9.01µm
_05107_,9.01µm
_05545_,9.01µm
_06132_,9.01µm
_06500_,9.01µm
net1507,9.01µm
_02773_,9µm
_03358_,9µm
_03420_,9µm
_04013_,9µm
_04269_,9µm
_04874_,9µm
_05350_,9µm
_06196_,9µm
_02095_,8.995µm
_03359_,8.995µm
_05123_,8.99µm
_02123_,8.98µm
_05589_,8.965µm
_02579_,8.96µm
_05294_,8.96µm
_05730_,8.96µm
comm_mem_u0.reg_img_u9.Register_Imag_DataInBUS\[6\],8.96µm
_00558_,8.95µm
_00694_,8.95µm
comm_mem_u0.reg_wgt_u2.Register_Weight_DataInBUS\[10\],8.95µm
comm_mem_u0.reg_wgt_u2.Register_Weight_DataInBUS\[2\],8.95µm
_00330_,8.94µm
_02216_,8.94µm
_03315_,8.94µm
_03518_,8.94µm
_03988_,8.94µm
comm_mem_u0.reg_img_u6.Register_Imag_DataInBUS\[27\],8.94µm
_01423_,8.935µm
_04715_,8.935µm
_02010_,8.915µm
_02050_,8.91µm
_04117_,8.905µm
_00447_,8.9µm
_04930_,8.9µm
_05335_,8.9µm
_00089_,8.89µm
_01057_,8.89µm
_01062_,8.89µm
_01900_,8.89µm
_02838_,8.89µm
_03079_,8.89µm
_03616_,8.89µm
_03773_,8.89µm
_04105_,8.89µm
_04214_,8.89µm
_05133_,8.89µm
_05213_,8.89µm
_05237_,8.89µm
_05821_,8.89µm
_06243_,8.89µm
_06264_,8.89µm
_06426_,8.89µm
_06492_,8.89µm
_06503_,8.89µm
_06518_,8.89µm
_06581_,8.89µm
_06621_,8.89µm
net1269,8.89µm
net1840,8.89µm
_00331_,8.88µm
_00954_,8.88µm
_01233_,8.88µm
_02057_,8.88µm
_02288_,8.88µm
_03300_,8.88µm
_03726_,8.88µm
_03992_,8.88µm
_04383_,8.88µm
_04966_,8.88µm
_06173_,8.88µm
_06595_,8.88µm
net1153,8.88µm
net1162,8.88µm
net1214,8.88µm
net1261,8.88µm
net1286,8.88µm
net1370,8.88µm
net1438,8.88µm
net1478,8.88µm
net1489,8.88µm
net1498,8.88µm
net1586,8.88µm
net1691,8.88µm
net1727,8.88µm
net1730,8.88µm
net1761,8.88µm
_05161_,8.865µm
_00485_,8.86µm
_03722_,8.86µm
_01958_,8.855µm
_01852_,8.85µm
_03254_,8.85µm
_05649_,8.84µm
_01139_,8.83µm
_03306_,8.83µm
proc_u0.cnn_ctrl_u0.state\[4\],8.83µm
_04426_,8.82µm
_04660_,8.82µm
_04338_,8.805µm
_03416_,8.78µm
_03464_,8.77µm
_03963_,8.77µm
_05024_,8.77µm
_05074_,8.77µm
_05430_,8.77µm
_05436_,8.77µm
_02828_,8.765µm
_00327_,8.76µm
_00825_,8.76µm
_01275_,8.76µm
_03339_,8.76µm
_04099_,8.76µm
_05132_,8.745µm
_04735_,8.72µm
_05455_,8.72µm
_05587_,8.72µm
_05635_,8.72µm
_00336_,8.71µm
_00341_,8.71µm
_01238_,8.71µm
_04920_,8.71µm
_01551_,8.7µm
_01651_,8.7µm
_01708_,8.7µm
_02009_,8.7µm
_02454_,8.7µm
_05984_,8.7µm
_06108_,8.7µm
_06700_,8.7µm
net1834,8.7µm
acc1\[14\],8.7µm
CNNver2_CMD_Reset,8.7µm
_02131_,8.695µm
_04153_,8.685µm
_05282_,8.67µm
comm_mem_u0.reg_img_u2.Register_Imag_DataInBUS\[18\],8.67µm
acc0\[14\],8.665µm
_03461_,8.66µm
_00234_,8.65µm
_00277_,8.65µm
_00683_,8.65µm
_01273_,8.65µm
_03200_,8.65µm
_03806_,8.65µm
_04048_,8.65µm
_04277_,8.65µm
_04531_,8.65µm
_04683_,8.65µm
_04763_,8.65µm
_05158_,8.65µm
_05725_,8.65µm
_05813_,8.65µm
_05959_,8.65µm
_06499_,8.65µm
comm_mem_u0.reg_wgt_u0.Register_Weight_DataInBUS\[11\],8.65µm
comm_mem_u0.reg_wgt_u1.Register_Weight_DataInBUS\[1\],8.65µm
comm_mem_u0.reg_wgt_u2.Register_Weight_DataInBUS\[12\],8.65µm
_01721_,8.64µm
_01796_,8.64µm
_02268_,8.64µm
_02313_,8.64µm
_02711_,8.64µm
_04275_,8.64µm
_04413_,8.64µm
_05219_,8.64µm
_05623_,8.64µm
_05855_,8.64µm
_06149_,8.64µm
_06379_,8.64µm
net1322,8.64µm
net1375,8.64µm
net1787,8.64µm
_06665_,8.625µm
_00729_,8.59µm
_00789_,8.59µm
_00809_,8.59µm
_02279_,8.59µm
_02614_,8.59µm
_02977_,8.59µm
_03303_,8.59µm
_03589_,8.59µm
_03666_,8.59µm
_04086_,8.59µm
_04159_,8.59µm
_04856_,8.59µm
_05846_,8.59µm
comm_mem_u0.reg_wgt_u1.Register_Weight_DataInBUS\[10\],8.59µm
comm_mem_u0.reg_wgt_u2.Register_Weight_DataInBUS\[14\],8.59µm
_02510_,8.58µm
_03288_,8.58µm
_03345_,8.58µm
_03480_,8.58µm
_03848_,8.58µm
_04781_,8.58µm
_05284_,8.58µm
_05858_,8.58µm
acc0\[8\],8.58µm
_04598_,8.565µm
_02511_,8.555µm
_02483_,8.545µm
_04002_,8.54µm
comm_mem_u0.mr2_out\[11\],8.54µm
comm_mem_u0.o_img_row01\[0\],8.54µm
comm_mem_u0.o_wgt_row01\[14\],8.54µm
_03017_,8.53µm
_03121_,8.53µm
_03648_,8.53µm
_05042_,8.53µm
_06337_,8.53µm
_06477_,8.53µm
net1171,8.53µm
net1452,8.53µm
net1564,8.53µm
net1853,8.53µm
comm_mem_u0.reg_wgt_u3.Register_Weight_DataInBUS\[3\],8.53µm
_01178_,8.52µm
_02415_,8.52µm
_02738_,8.52µm
_02787_,8.52µm
_03179_,8.52µm
_04016_,8.52µm
_04038_,8.52µm
_04351_,8.52µm
_04689_,8.52µm
_04884_,8.52µm
_05561_,8.52µm
_05826_,8.52µm
_05962_,8.52µm
_06217_,8.52µm
_06313_,8.52µm
_06317_,8.52µm
_06590_,8.52µm
_06622_,8.52µm
net1565,8.52µm
_04467_,8.515µm
_02789_,8.5µm
_03926_,8.5µm
_05136_,8.5µm
_05615_,8.5µm
_01109_,8.49µm
_01662_,8.49µm
_02079_,8.48µm
_04411_,8.48µm
_04656_,8.48µm
_05126_,8.48µm
_05160_,8.48µm
_05443_,8.48µm
_00798_,8.47µm
_00928_,8.47µm
_00937_,8.47µm
_04057_,8.47µm
_04933_,8.47µm
_05110_,8.47µm
comm_mem_u0.reg_wgt_u0.Register_Weight_DataInBUS\[10\],8.47µm
_06494_,8.465µm
_03006_,8.46µm
_03019_,8.46µm
_04482_,8.46µm
_05230_,8.46µm
CNNver2_MOSI,8.46µm
_03058_,8.455µm
_03728_,8.455µm
_04943_,8.455µm
_05377_,8.45µm
_01962_,8.43µm
_03377_,8.43µm
_01648_,8.42µm
_02033_,8.42µm
_04349_,8.42µm
_04662_,8.42µm
_04319_,8.415µm
_00232_,8.41µm
_00528_,8.41µm
_01035_,8.41µm
_01056_,8.41µm
_01995_,8.41µm
_02160_,8.41µm
_03559_,8.41µm
_04074_,8.41µm
_04243_,8.41µm
_04508_,8.41µm
_05396_,8.41µm
_05681_,8.41µm
_06538_,8.41µm
_06580_,8.41µm
_06594_,8.41µm
_06630_,8.41µm
net1335,8.41µm
net1342,8.41µm
net1651,8.41µm
net1784,8.41µm
_01024_,8.4µm
_01097_,8.4µm
_01214_,8.4µm
_02942_,8.4µm
_03172_,8.4µm
net1479,8.4µm
net1806,8.4µm
net1867,8.4µm
_04967_,8.36µm
_05368_,8.36µm
_06529_,8.355µm
_00598_,8.35µm
_04535_,8.35µm
_05096_,8.35µm
_01446_,8.345µm
_04095_,8.345µm
_05296_,8.34µm
_06451_,8.335µm
_01436_,8.31µm
_01470_,8.31µm
_03760_,8.31µm
_06427_,8.31µm
_05751_,8.305µm
_02886_,8.3µm
_03309_,8.3µm
_04737_,8.3µm
_05782_,8.3µm
_01153_,8.295µm
_01326_,8.29µm
_04091_,8.29µm
_05108_,8.29µm
_05310_,8.29µm
_05810_,8.285µm
_00372_,8.28µm
_04012_,8.28µm
_04418_,8.28µm
_05203_,8.28µm
_05413_,8.28µm
_05542_,8.28µm
_06318_,8.28µm
_02144_,8.265µm
_04332_,8.265µm
_05062_,8.265µm
_01941_,8.245µm
_04137_,8.24µm
_05344_,8.24µm
_05774_,8.24µm
_01034_,8.23µm
_01264_,8.23µm
_02120_,8.225µm
_03371_,8.225µm
_01336_,8.22µm
_01588_,8.22µm
_02453_,8.22µm
_03487_,8.22µm
_03538_,8.22µm
_03979_,8.22µm
_04360_,8.22µm
_04447_,8.22µm
_04764_,8.22µm
_05695_,8.22µm
_05703_,8.22µm
_06083_,8.22µm
_06553_,8.22µm
comm_mem_u0.reg_img_u9.Register_Imag_DataInBUS\[18\],8.22µm
proc_u0.cnn_ctrl_u0.cnn_inst.state\[3\],8.22µm
comm_mem_u0.mr2_out\[6\],8.21µm
_05609_,8.205µm
_03819_,8.18µm
_02082_,8.17µm
_03344_,8.17µm
_03388_,8.17µm
_03912_,8.17µm
_04018_,8.17µm
_04489_,8.17µm
_04832_,8.17µm
_05295_,8.17µm
_05383_,8.17µm
_05758_,8.17µm
_06188_,8.17µm
_06443_,8.17µm
_06454_,8.17µm
_06548_,8.17µm
comm_mem_u0.reg_wgt_u3.Register_Weight_DataInBUS\[9\],8.17µm
_00057_,8.16µm
_00400_,8.16µm
_00631_,8.16µm
_00639_,8.16µm
_01639_,8.16µm
_01716_,8.16µm
_01758_,8.16µm
_01843_,8.16µm
_02230_,8.16µm
_02662_,8.16µm
_02667_,8.16µm
_03918_,8.16µm
_04335_,8.16µm
_04427_,8.16µm
_04826_,8.16µm
_05408_,8.16µm
_05523_,8.16µm
_05860_,8.16µm
_05980_,8.16µm
_06116_,8.16µm
_06274_,8.16µm
_06284_,8.16µm
_06344_,8.16µm
_06416_,8.16µm
_06497_,8.16µm
_06575_,8.16µm
_06607_,8.16µm
net1704,8.16µm
net1855,8.16µm
_05900_,8.15µm
_04617_,8.145µm
_05425_,8.125µm
_00021_,8.11µm
_00256_,8.11µm
_00921_,8.11µm
_00930_,8.11µm
_01622_,8.11µm
_01797_,8.11µm
_02930_,8.11µm
_03028_,8.11µm
_03290_,8.11µm
_03365_,8.11µm
_04991_,8.11µm
_05947_,8.11µm
_06660_,8.11µm
_06696_,8.11µm
comm_mem_u0.o_img_row03\[10\],8.11µm
comm_mem_u0.reg_img_u9.Register_Imag_DataInBUS\[5\],8.11µm
comm_mem_u0.reg_wgt_u0.Register_Weight_DataInBUS\[0\],8.11µm
comm_mem_u0.reg_wgt_u0.Register_Weight_DataInBUS\[7\],8.11µm
comm_mem_u0.reg_wgt_u1.Register_Weight_DataInBUS\[7\],8.11µm
comm_mem_u0.reg_wgt_u1.Register_Weight_DataInBUS\[8\],8.11µm
comm_mem_u0.reg_wgt_u3.Register_Weight_DataInBUS\[12\],8.11µm
comm_mem_u0.reg_wgt_u3.Register_Weight_DataInBUS\[4\],8.11µm
_03516_,8.1µm
_03600_,8.1µm
_04986_,8.1µm
_05963_,8.1µm
_02172_,8.095µm
_03381_,8.095µm
_05111_,8.095µm
comm_mem_u0.reg_img_u4.Register_Imag_DataInBUS\[12\],8.095µm
proc_u0.cnn_ctrl_u0.cnn_inst.cnn_inst.state\[1\],8.095µm
_03124_,8.085µm
net1522,8.085µm
_00532_,8.07µm
_01481_,8.06µm
_01520_,8.06µm
_03217_,8.06µm
_03471_,8.06µm
_04042_,8.06µm
_04149_,8.06µm
comm_mem_u0.reg_img_u4.Register_Imag_DataInBUS\[11\],8.06µm
comm_mem_u0.reg_img_u5.Register_Imag_DataInBUS\[1\],8.06µm
_04239_,8.055µm
_00022_,8.05µm
_01265_,8.05µm
_05640_,8.05µm
_06016_,8.05µm
_06478_,8.05µm
net1217,8.05µm
net1265,8.05µm
net1319,8.05µm
net1821,8.05µm
net1854,8.05µm
net1856,8.05µm
_01121_,8.04µm
_02956_,8.04µm
_03557_,8.04µm
_04811_,8.04µm
_05031_,8.04µm
_05715_,8.04µm
_06265_,8.04µm
_06278_,8.04µm
_06280_,8.04µm
_06311_,8.04µm
_06338_,8.04µm
_06362_,8.04µm
_06411_,8.04µm
_06465_,8.04µm
_06566_,8.04µm
_06579_,8.04µm
_06582_,8.04µm
_06597_,8.04µm
_06613_,8.04µm
_06624_,8.04µm
net1893,8.04µm
_03147_,8.035µm
_04108_,8.02µm
_02585_,8.01µm
_06754_,8.01µm
_04053_,8.005µm
_01476_,8µm
_01511_,8µm
_04157_,8µm
_05669_,8µm
comm_mem_u0.o_wgt_row04\[9\],8µm
comm_mem_u0.reg_img_u4.Register_Imag_DataInBUS\[3\],8µm
_02044_,7.995µm
_02175_,7.99µm
_04831_,7.99µm
comm_mem_u0.reg_img_u8.Register_Imag_DataInBUS\[19\],7.99µm
comm_mem_u0.reg_wgt_u0.Register_Weight_DataInBUS\[13\],7.99µm
_01143_,7.98µm
_02459_,7.98µm
_02979_,7.98µm
_04783_,7.98µm
net1215,7.98µm
_02625_,7.975µm
_05445_,7.97µm
_01761_,7.96µm
_02198_,7.95µm
_01554_,7.94µm
_02179_,7.94µm
_02545_,7.94µm
_02645_,7.94µm
_03517_,7.94µm
_04041_,7.94µm
_05371_,7.94µm
_05631_,7.94µm
_05870_,7.94µm
_01033_,7.93µm
_01312_,7.93µm
_02330_,7.93µm
_02331_,7.93µm
_02368_,7.93µm
_03348_,7.93µm
_03670_,7.93µm
_04641_,7.93µm
_04915_,7.93µm
_05065_,7.93µm
_05162_,7.93µm
_05220_,7.93µm
_06515_,7.93µm
_06516_,7.93µm
net1232,7.93µm
net1359,7.93µm
net1367,7.93µm
net1448,7.93µm
net1488,7.93µm
net1535,7.93µm
net1664,7.93µm
net1665,7.93µm
net1693,7.93µm
net1865,7.93µm
comm_mem_u0.o_wgt_row03\[10\],7.93µm
_03095_,7.925µm
_04528_,7.925µm
_03186_,7.92µm
_05529_,7.92µm
_02981_,7.915µm
_04554_,7.905µm
comm_mem_u0.o_img_row06\[24\],7.905µm
_03775_,7.88µm
_06601_,7.875µm
_01973_,7.87µm
_01047_,7.86µm
_02682_,7.86µm
_04433_,7.86µm
_05491_,7.855µm
_01482_,7.83µm
_02782_,7.83µm
_04738_,7.83µm
_02318_,7.825µm
_04025_,7.82µm
_01025_,7.81µm
_03727_,7.81µm
_05651_,7.81µm
_00422_,7.8µm
_03299_,7.8µm
_03408_,7.8µm
_04199_,7.8µm
_05723_,7.8µm
_06138_,7.8µm
_02946_,7.785µm
_04760_,7.785µm
_04572_,7.765µm
_05581_,7.76µm
_00419_,7.75µm
_00493_,7.75µm
_00567_,7.75µm
_00734_,7.75µm
_01040_,7.75µm
_04260_,7.75µm
_00303_,7.74µm
_01060_,7.74µm
_01524_,7.74µm
_01688_,7.74µm
_02101_,7.74µm
_02822_,7.74µm
_03036_,7.74µm
_03100_,7.74µm
_03646_,7.74µm
_03798_,7.74µm
_04847_,7.74µm
_05094_,7.74µm
_05130_,7.74µm
_05442_,7.74µm
_05658_,7.74µm
_06048_,7.74µm
_06072_,7.74µm
_06710_,7.74µm
comm_mem_u0.o_img_row07\[16\],7.74µm
comm_mem_u0.reg_img_u8.Register_Imag_DataInBUS\[11\],7.74µm
comm_mem_u0.reg_wgt_u1.Register_Weight_DataInBUS\[6\],7.74µm
comm_mem_u0.reg_wgt_u3.Register_Weight_DataInBUS\[2\],7.74µm
comm_mem_u0.reg_wgt_u4.Register_Weight_DataInBUS\[13\],7.74µm
_05645_,7.73µm
_05948_,7.73µm
_04397_,7.71µm
_04434_,7.705µm
_01557_,7.69µm
_03002_,7.69µm
_03292_,7.69µm
_03442_,7.69µm
_05259_,7.69µm
_05362_,7.69µm
_05677_,7.69µm
_06233_,7.69µm
_06308_,7.69µm
_06388_,7.69µm
_06430_,7.69µm
_06434_,7.69µm
_06435_,7.69µm
_06495_,7.69µm
_06501_,7.69µm
_06546_,7.69µm
acc1\[10\],7.69µm
comm_mem_u0.reg_wgt_u0.Register_Weight_DataInBUS\[2\],7.69µm
comm_mem_u0.reg_wgt_u0.Register_Weight_DataInBUS\[8\],7.69µm
comm_mem_u0.reg_wgt_u2.Register_Weight_DataInBUS\[13\],7.69µm
_00061_,7.68µm
_00720_,7.68µm
_01291_,7.68µm
_01562_,7.68µm
_01618_,7.68µm
_01725_,7.68µm
_01783_,7.68µm
_02201_,7.68µm
_02419_,7.68µm
_02450_,7.68µm
_02949_,7.68µm
_03185_,7.68µm
_03234_,7.68µm
_03451_,7.68µm
_03730_,7.68µm
_04415_,7.68µm
_04416_,7.68µm
_04640_,7.68µm
_04718_,7.68µm
_05195_,7.68µm
_05207_,7.68µm
_05340_,7.68µm
_05376_,7.68µm
_05435_,7.68µm
_05630_,7.68µm
_05765_,7.68µm
_05859_,7.68µm
_05885_,7.68µm
_05967_,7.68µm
_06064_,7.68µm
_06113_,7.68µm
_06268_,7.68µm
_06289_,7.68µm
_06333_,7.68µm
_06428_,7.68µm
_06466_,7.68µm
_06510_,7.68µm
_06573_,7.68µm
_06635_,7.68µm
_06712_,7.68µm
_06739_,7.68µm
_06766_,7.68µm
_06767_,7.68µm
net1126,7.68µm
net1682,7.68µm
net1839,7.68µm
net1871,7.68µm
_04024_,7.675µm
_05474_,7.675µm
_00233_,7.63µm
_00319_,7.63µm
_00322_,7.63µm
_00380_,7.63µm
_00469_,7.63µm
_00663_,7.63µm
_00782_,7.63µm
_00852_,7.63µm
_01152_,7.63µm
_01610_,7.63µm
_02245_,7.63µm
_02533_,7.63µm
_03379_,7.63µm
_04138_,7.63µm
_04234_,7.63µm
_04263_,7.63µm
_04654_,7.63µm
_04780_,7.63µm
_05033_,7.63µm
_06077_,7.63µm
_06670_,7.63µm
_06759_,7.63µm
comm_mem_u0.reg_img_u8.Register_Imag_DataInBUS\[23\],7.63µm
comm_mem_u0.reg_img_u9.Register_Imag_DataInBUS\[19\],7.63µm
comm_mem_u0.reg_wgt_u0.Register_Weight_DataInBUS\[12\],7.63µm
comm_mem_u0.reg_wgt_u0.Register_Weight_DataInBUS\[3\],7.63µm
comm_mem_u0.reg_wgt_u1.Register_Weight_DataInBUS\[13\],7.63µm
_06202_,7.625µm
_00084_,7.62µm
_01131_,7.62µm
_01169_,7.62µm
_02532_,7.62µm
_02764_,7.62µm
_02881_,7.62µm
_03307_,7.62µm
_03764_,7.62µm
_03894_,7.62µm
_04188_,7.62µm
_04950_,7.62µm
_05043_,7.62µm
_06019_,7.62µm
_06035_,7.62µm
_06047_,7.62µm
_06654_,7.62µm
CNNver2_SS_N,7.62µm
_03729_,7.615µm
_06519_,7.605µm
net1573,7.605µm
_05245_,7.58µm
_05740_,7.58µm
comm_mem_u0.o_wgt_row03\[11\],7.58µm
proc_u0.cnn_ctrl_u0.state\[8\],7.58µm
_00343_,7.57µm
_01549_,7.57µm
_02638_,7.57µm
_05283_,7.57µm
_05965_,7.57µm
net1255,7.57µm
net1368,7.57µm
net1710,7.57µm
comm_mem_u0.reg_wgt_u1.Register_Weight_DataInBUS\[2\],7.57µm
_00609_,7.56µm
_00622_,7.56µm
_01787_,7.56µm
_03183_,7.56µm
_03613_,7.56µm
_03827_,7.56µm
_03995_,7.56µm
_04859_,7.56µm
_04901_,7.56µm
_05015_,7.56µm
_05267_,7.56µm
_05866_,7.56µm
_06320_,7.56µm
_06331_,7.56µm
_06602_,7.56µm
_06608_,7.56µm
_06625_,7.56µm
net1175,7.56µm
net1521,7.56µm
net1683,7.56µm
net1720,7.56µm
_01961_,7.555µm
_04863_,7.555µm
_05700_,7.555µm
_05834_,7.555µm
_03068_,7.55µm
_04217_,7.55µm
_04549_,7.545µm
_02075_,7.54µm
_05342_,7.54µm
_02537_,7.52µm
_04455_,7.52µm
_05205_,7.52µm
_05684_,7.52µm
comm_mem_u0.reg_img_u0.Register_Imag_DataInBUS\[6\],7.52µm
_03681_,7.515µm
_00612_,7.51µm
_00971_,7.51µm
_00972_,7.51µm
_00992_,7.51µm
_02684_,7.51µm
_03158_,7.51µm
comm_mem_u0.reg_wgt_u3.Register_Weight_DataInBUS\[6\],7.51µm
_04620_,7.5µm
_05901_,7.5µm
comm_mem_u0.reg_img_u6.Register_Imag_DataInBUS\[1\],7.5µm
_02943_,7.485µm
_05191_,7.485µm
_01289_,7.47µm
_04340_,7.47µm
_00147_,7.46µm
_02316_,7.46µm
_04174_,7.46µm
_04242_,7.46µm
_05492_,7.46µm
_05590_,7.46µm
_05616_,7.46µm
_06031_,7.46µm
_01046_,7.45µm
_01063_,7.45µm
_01066_,7.45µm
_02553_,7.45µm
_03585_,7.45µm
_03664_,7.45µm
_03925_,7.45µm
_04636_,7.45µm
_05102_,7.45µm
_06340_,7.45µm
_06460_,7.45µm
_06469_,7.45µm
_06491_,7.45µm
_06550_,7.45µm
net1147,7.45µm
net1156,7.45µm
net1323,7.45µm
net1526,7.45µm
comm_mem_u0.o_wgt_row00\[9\],7.45µm
_03109_,7.445µm
_03289_,7.445µm
_03923_,7.445µm
_04453_,7.445µm
_05812_,7.445µm
_00262_,7.44µm
_01072_,7.44µm
_01135_,7.44µm
_03021_,7.44µm
_03762_,7.44µm
_04570_,7.44µm
_05472_,7.44µm
_05511_,7.44µm
_05731_,7.44µm
comm_mem_u0.o_img_row02\[22\],7.44µm
_03247_,7.41µm
_01227_,7.4µm
_02412_,7.4µm
_03298_,7.4µm
_03419_,7.4µm
_04142_,7.4µm
_05048_,7.4µm
_00703_,7.39µm
_02394_,7.39µm
_02549_,7.39µm
_06441_,7.39µm
_03110_,7.385µm
_03661_,7.385µm
_05910_,7.38µm
_05912_,7.375µm
_03187_,7.365µm
_04804_,7.35µm
_05659_,7.35µm
_05549_,7.345µm
_05415_,7.34µm
_01975_,7.33µm
_01161_,7.32µm
_02937_,7.32µm
_03825_,7.32µm
_04834_,7.32µm
_06203_,7.32µm
_06232_,7.32µm
_06720_,7.32µm
net1650,7.32µm
net1731,7.32µm
net1766,7.32µm
comm_mem_u0.reg_wgt_u2.Register_Weight_DataInBUS\[1\],7.32µm
_02797_,7.305µm
_04661_,7.3µm
_04035_,7.295µm
_05337_,7.285µm
_02517_,7.28µm
_00339_,7.27µm
_00345_,7.27µm
_00733_,7.27µm
_01232_,7.27µm
_05166_,7.27µm
_00228_,7.26µm
_01576_,7.26µm
_01623_,7.26µm
_01750_,7.26µm
_01785_,7.26µm
_02047_,7.26µm
_02826_,7.26µm
_03640_,7.26µm
_04218_,7.26µm
_04381_,7.26µm
_05076_,7.26µm
_05357_,7.26µm
_05696_,7.26µm
_05854_,7.26µm
_06009_,7.26µm
comm_mem_u0.o_img_row03\[28\],7.26µm
comm_mem_u0.reg_wgt_u1.Register_Weight_DataInBUS\[11\],7.26µm
CNNver2_MR1_Load,7.245µm
_03537_,7.23µm
_05945_,7.22µm
_02274_,7.21µm
_02436_,7.21µm
_02908_,7.21µm
_04216_,7.21µm
_04394_,7.21µm
_04775_,7.21µm
_05299_,7.21µm
_05303_,7.21µm
_05753_,7.21µm
_06368_,7.21µm
_06387_,7.21µm
_06532_,7.21µm
_06556_,7.21µm
_06769_,7.21µm
comm_mem_u0.o_wgt_row04\[7\],7.21µm
comm_mem_u0.reg_img_u9.Register_Imag_DataInBUS\[7\],7.21µm
comm_mem_u0.reg_wgt_u0.Register_Weight_DataInBUS\[5\],7.21µm
comm_mem_u0.reg_wgt_u1.Register_Weight_DataInBUS\[4\],7.21µm
comm_mem_u0.reg_wgt_u2.Register_Weight_DataInBUS\[7\],7.21µm
comm_mem_u0.reg_wgt_u3.Register_Weight_DataInBUS\[5\],7.21µm
_00229_,7.2µm
_00231_,7.2µm
_00243_,7.2µm
_00247_,7.2µm
_00468_,7.2µm
_00570_,7.2µm
_01068_,7.2µm
_01402_,7.2µm
_01714_,7.2µm
_02266_,7.2µm
_02305_,7.2µm
_03581_,7.2µm
_03651_,7.2µm
_03869_,7.2µm
_03900_,7.2µm
_04204_,7.2µm
_04215_,7.2µm
_04464_,7.2µm
_04605_,7.2µm
_04655_,7.2µm
_05057_,7.2µm
_05347_,7.2µm
_05446_,7.2µm
_05666_,7.2µm
_05926_,7.2µm
_06040_,7.2µm
_06049_,7.2µm
_06099_,7.2µm
_06201_,7.2µm
_06276_,7.2µm
_06314_,7.2µm
_06355_,7.2µm
_06413_,7.2µm
_06417_,7.2µm
_06422_,7.2µm
_06473_,7.2µm
_06534_,7.2µm
_06563_,7.2µm
_06568_,7.2µm
_06585_,7.2µm
_06598_,7.2µm
_06627_,7.2µm
_06628_,7.2µm
_06632_,7.2µm
_06723_,7.2µm
_06727_,7.2µm
net1127,7.2µm
net1138,7.2µm
net1140,7.2µm
net1234,7.2µm
net1272,7.2µm
net1320,7.2µm
net1321,7.2µm
net1365,7.2µm
net1392,7.2µm
net1405,7.2µm
net1496,7.2µm
net1518,7.2µm
net1530,7.2µm
net1532,7.2µm
net1545,7.2µm
net1575,7.2µm
net1599,7.2µm
net1621,7.2µm
net1714,7.2µm
net1717,7.2µm
net1759,7.2µm
net1767,7.2µm
net1829,7.2µm
net1842,7.2µm
net,7.2µm
_01865_,7.195µm
_03112_,7.185µm
_03342_,7.165µm
_06676_,7.155µm
_00266_,7.15µm
_00396_,7.15µm
_00697_,7.15µm
_00794_,7.15µm
_02375_,7.15µm
_02755_,7.15µm
_03368_,7.15µm
_04045_,7.15µm
_04259_,7.15µm
_04851_,7.15µm
_05061_,7.15µm
_05322_,7.15µm
_05323_,7.15µm
_05341_,7.15µm
_05953_,7.15µm
_06045_,7.15µm
_06644_,7.15µm
_06658_,7.15µm
_06770_,7.15µm
comm_mem_u0.reg_wgt_u0.Register_Weight_DataInBUS\[6\],7.15µm
comm_mem_u0.reg_wgt_u1.Register_Weight_DataInBUS\[3\],7.15µm
comm_mem_u0.reg_wgt_u2.Register_Weight_DataInBUS\[3\],7.15µm
_00410_,7.14µm
_02351_,7.14µm
_03004_,7.14µm
_04744_,7.14µm
_04769_,7.14µm
_04771_,7.14µm
_05736_,7.14µm
_06021_,7.14µm
_06066_,7.14µm
_06662_,7.14µm
_06671_,7.14µm
_06674_,7.14µm
_06746_,7.14µm
_06763_,7.14µm
_01709_,7.13µm
_03239_,7.125µm
_04501_,7.125µm
_06633_,7.12µm
_04109_,7.11µm
_03024_,7.1µm
_00328_,7.09µm
_00982_,7.09µm
_01504_,7.09µm
_02444_,7.09µm
_02494_,7.09µm
_03550_,7.09µm
_04457_,7.09µm
_05181_,7.09µm
_05269_,7.09µm
_05710_,7.09µm
net1122,7.09µm
net1161,7.09µm
net1230,7.09µm
net1277,7.09µm
net1468,7.09µm
net1492,7.09µm
net1558,7.09µm
net1635,7.09µm
net1696,7.09µm
net1739,7.09µm
net1765,7.09µm
net1788,7.09µm
_00204_,7.08µm
_00318_,7.08µm
_00690_,7.08µm
_01073_,7.08µm
_01122_,7.08µm
_03402_,7.08µm
_03636_,7.08µm
_03713_,7.08µm
_04520_,7.08µm
_05124_,7.08µm
_05457_,7.08µm
_06547_,7.08µm
_06565_,7.08µm
net1832,7.08µm
_02870_,7.075µm
_02947_,7.075µm
_03761_,7.075µm
_03838_,7.075µm
_04176_,7.075µm
_05465_,7.075µm
_05743_,7.075µm
_03305_,7.06µm
_04532_,7.06µm
_00614_,7.05µm
_01156_,7.05µm
_05579_,7.05µm
_05404_,7.04µm
_00815_,7.03µm
_00973_,7.03µm
_00990_,7.03µm
_01015_,7.03µm
_01249_,7.03µm
_02086_,7.03µm
_02861_,7.03µm
_04255_,7.03µm
_04734_,7.03µm
comm_mem_u0.reg_wgt_u3.Register_Weight_DataInBUS\[11\],7.03µm
_02516_,7.025µm
_00216_,7.02µm
_00349_,7.02µm
_01096_,7.02µm
_01102_,7.02µm
_01129_,7.02µm
_03283_,7.02µm
_05388_,7.02µm
_05916_,7.02µm
_02680_,7.015µm
_03460_,7.015µm
_05273_,7.015µm
_02766_,7µm
_04001_,6.995µm
_03812_,6.985µm
_03754_,6.98µm
_04559_,6.98µm
_04702_,6.98µm
_05316_,6.98µm
_05607_,6.98µm
_05787_,6.98µm
_05850_,6.98µm
_06474_,6.98µm
_01342_,6.97µm
_03191_,6.97µm
_03493_,6.97µm
_04113_,6.97µm
_04391_,6.97µm
_04921_,6.97µm
_05951_,6.97µm
_06279_,6.97µm
_06375_,6.97µm
_06390_,6.97µm
_06479_,6.97µm
net1211,6.97µm
net1233,6.97µm
net1378,6.97µm
net1411,6.97µm
net1836,6.97µm
_03774_,6.965µm
_04087_,6.965µm
_00227_,6.96µm
_00418_,6.96µm
_00580_,6.96µm
_00593_,6.96µm
_00604_,6.96µm
_02568_,6.96µm
_02672_,6.96µm
_03008_,6.96µm
_03917_,6.96µm
_04736_,6.96µm
_05285_,6.96µm
_05718_,6.96µm
_00633_,6.91µm
_04078_,6.91µm
_05122_,6.91µm
net1222,6.9µm
comm_mem_u0.spi_u0.miso_count\[3\],6.9µm
_04888_,6.885µm
_04609_,6.875µm
_01558_,6.87µm
_02654_,6.87µm
_04710_,6.87µm
_03049_,6.855µm
_01487_,6.85µm
_01327_,6.845µm
_00840_,6.84µm
_01577_,6.84µm
_02204_,6.84µm
_01769_,6.82µm
_01437_,6.815µm
_02129_,6.815µm
_01882_,6.81µm
_04653_,6.805µm
_06406_,6.795µm
_00344_,6.79µm
_00654_,6.79µm
_00701_,6.79µm
_00706_,6.79µm
_00714_,6.79µm
_01075_,6.79µm
_01080_,6.79µm
_01217_,6.79µm
_01228_,6.79µm
_02355_,6.79µm
_04283_,6.79µm
_00051_,6.78µm
_00092_,6.78µm
_00126_,6.78µm
_00200_,6.78µm
_00268_,6.78µm
_01735_,6.78µm
_01771_,6.78µm
_02344_,6.78µm
_02489_,6.78µm
_03175_,6.78µm
_03291_,6.78µm
_03374_,6.78µm
_03425_,6.78µm
_03738_,6.78µm
_03804_,6.78µm
_03863_,6.78µm
_04122_,6.78µm
_04125_,6.78µm
_04129_,6.78µm
_04504_,6.78µm
_04858_,6.78µm
_04944_,6.78µm
_04948_,6.78µm
_05473_,6.78µm
_05899_,6.78µm
_06006_,6.78µm
_06092_,6.78µm
_06667_,6.78µm
_06668_,6.78µm
_06698_,6.78µm
_06703_,6.78µm
_06742_,6.78µm
_06750_,6.78µm
_06751_,6.78µm
_06752_,6.78µm
comm_mem_u0.reg_wgt_u0.Register_Weight_DataInBUS\[1\],6.78µm
comm_mem_u0.reg_wgt_u1.Register_Weight_DataInBUS\[9\],6.78µm
CNNver2_MR2_Load,6.775µm
_00385_,6.73µm
_01631_,6.73µm
_01732_,6.73µm
_01996_,6.73µm
_02341_,6.73µm
_02473_,6.73µm
_02636_,6.73µm
_02984_,6.73µm
_03624_,6.73µm
_03922_,6.73µm
_04029_,6.73µm
_04097_,6.73µm
_04126_,6.73µm
_04477_,6.73µm
_04827_,6.73µm
_04978_,6.73µm
_05071_,6.73µm
_05330_,6.73µm
_05802_,6.73µm
_06330_,6.73µm
_06361_,6.73µm
_06459_,6.73µm
_06564_,6.73µm
comm_mem_u0.reg_img_u8.Register_Imag_DataInBUS\[26\],6.73µm
comm_mem_u0.reg_wgt_u0.Register_Weight_DataInBUS\[4\],6.73µm
_00364_,6.72µm
_00617_,6.72µm
_01599_,6.72µm
_02616_,6.72µm
_03476_,6.72µm
_05176_,6.72µm
_05949_,6.72µm
_06000_,6.72µm
_06090_,6.72µm
_06533_,6.72µm
_06535_,6.72µm
_06561_,6.72µm
_06629_,6.72µm
net1624,6.72µm
net1660,6.72µm
net1745,6.72µm
_04191_,6.715µm
_02933_,6.705µm
_01919_,6.695µm
_05776_,6.685µm
_00482_,6.67µm
_00536_,6.67µm
_00543_,6.67µm
_00688_,6.67µm
_00993_,6.67µm
_01130_,6.67µm
_01136_,6.67µm
_01682_,6.67µm
_02875_,6.67µm
_02883_,6.67µm
_02907_,6.67µm
_03129_,6.67µm
_04119_,6.67µm
_04177_,6.67µm
_04386_,6.67µm
_04645_,6.67µm
_05149_,6.67µm
_05444_,6.67µm
_05960_,6.67µm
_06672_,6.67µm
_06687_,6.67µm
_06693_,6.67µm
comm_mem_u0.reg_wgt_u1.Register_Weight_DataInBUS\[5\],6.67µm
comm_mem_u0.reg_wgt_u2.Register_Weight_DataInBUS\[6\],6.67µm
_00010_,6.66µm
_00689_,6.66µm
_00853_,6.66µm
_00871_,6.66µm
_00874_,6.66µm
_00875_,6.66µm
_00932_,6.66µm
_00963_,6.66µm
_00969_,6.66µm
_01001_,6.66µm
_04083_,6.66µm
_04785_,6.655µm
_06283_,6.645µm
_06419_,6.645µm
_02725_,6.625µm
_04168_,6.62µm
_05380_,6.62µm
_03097_,6.615µm
_00672_,6.61µm
_00911_,6.61µm
_00914_,6.61µm
_00927_,6.61µm
_01677_,6.61µm
_02853_,6.61µm
_03042_,6.61µm
_03430_,6.61µm
_03984_,6.61µm
net1467,6.61µm
net1818,6.61µm
comm_mem_u0.o_wgt_row01\[8\],6.61µm
_00045_,6.6µm
_00093_,6.6µm
_00421_,6.6µm
_01042_,6.6µm
_01070_,6.6µm
_02199_,6.6µm
_02715_,6.6µm
_03040_,6.6µm
_03595_,6.6µm
_03641_,6.6µm
_03976_,6.6µm
_04468_,6.6µm
_04820_,6.6µm
_04843_,6.6µm
_05016_,6.6µm
_05417_,6.6µm
_06235_,6.6µm
_06574_,6.6µm
net1142,6.6µm
net1146,6.6µm
net1239,6.6µm
net1252,6.6µm
net1339,6.6µm
net1351,6.6µm
net1356,6.6µm
net1408,6.6µm
net1515,6.6µm
net1757,6.6µm
net1763,6.6µm
net1768,6.6µm
comm_mem_u0.o_wgt_row02\[11\],6.6µm
_03779_,6.595µm
_04293_,6.595µm
_05167_,6.595µm
_03759_,6.58µm
_04574_,6.56µm
_00088_,6.55µm
_00786_,6.55µm
_00827_,6.55µm
_00933_,6.55µm
_00986_,6.55µm
_01111_,6.54µm
_03116_,6.54µm
_04932_,6.54µm
_05291_,6.54µm
_05955_,6.54µm
_05956_,6.54µm
_06605_,6.54µm
_03757_,6.535µm
net1703,6.51µm
_03382_,6.505µm
_01389_,6.5µm
_05038_,6.5µm
_05194_,6.5µm
_05567_,6.5µm
_00043_,6.49µm
_00221_,6.49µm
_01079_,6.49µm
_02138_,6.49µm
_02380_,6.49µm
_02659_,6.49µm
_02805_,6.49µm
_03920_,6.49µm
_04346_,6.49µm
_04412_,6.49µm
_04584_,6.49µm
_06249_,6.49µm
_06366_,6.49µm
_06558_,6.49µm
net1274,6.49µm
net1429,6.49µm
net1457,6.49µm
net1539,6.49µm
net1713,6.49µm
_03302_,6.485µm
_00134_,6.48µm
_00220_,6.48µm
_00226_,6.48µm
_00352_,6.48µm
_01168_,6.48µm
_01196_,6.48µm
_01776_,6.48µm
_02303_,6.48µm
_02597_,6.48µm
_03051_,6.48µm
_03399_,6.48µm
_03626_,6.48µm
_04698_,6.48µm
_05560_,6.48µm
_05905_,6.48µm
_00529_,6.43µm
_05470_,6.43µm
_00034_,6.42µm
_00700_,6.42µm
_02207_,6.42µm
comm_mem_u0.o_img_row01\[27\],6.42µm
_01390_,6.405µm
_05756_,6.39µm
_00404_,6.38µm
_00442_,6.36µm
_00616_,6.36µm
_00761_,6.36µm
_00957_,6.36µm
_02166_,6.36µm
_02182_,6.36µm
_06301_,6.36µm
comm_mem_u0.reg_img_u9.Register_Imag_DataInBUS\[25\],6.36µm
comm_mem_u0.reg_wgt_u1.Register_Weight_DataInBUS\[0\],6.36µm
CNNver2_SPICLOCK_50,6.355µm
_04963_,6.345µm
_04320_,6.325µm
_00429_,6.31µm
_00661_,6.31µm
_00711_,6.31µm
_00725_,6.31µm
_01229_,6.31µm
_00097_,6.3µm
_00107_,6.3µm
_00576_,6.3µm
_01293_,6.3µm
_01703_,6.3µm
_01720_,6.3µm
_02740_,6.3µm
_02791_,6.3µm
_03238_,6.3µm
_03280_,6.3µm
_03511_,6.3µm
_03547_,6.3µm
_03857_,6.3µm
_04043_,6.3µm
_04248_,6.3µm
_04327_,6.3µm
_06002_,6.3µm
_06041_,6.3µm
_06679_,6.3µm
_06692_,6.3µm
_06704_,6.3µm
_06730_,6.3µm
comm_mem_u0.reg_img_u8.Register_Imag_DataInBUS\[16\],6.3µm
comm_mem_u0.reg_wgt_u3.Register_Weight_DataInBUS\[1\],6.3µm
_03785_,6.285µm
_04315_,6.265µm
_00178_,6.25µm
_00305_,6.25µm
_01624_,6.25µm
_02306_,6.25µm
_02417_,6.25µm
_02518_,6.25µm
_02700_,6.25µm
_02917_,6.25µm
_03591_,6.25µm
_03688_,6.25µm
_03897_,6.25µm
_03982_,6.25µm
_04190_,6.25µm
_04317_,6.25µm
_04687_,6.25µm
_04911_,6.25µm
_05060_,6.25µm
_05186_,6.25µm
_05367_,6.25µm
_05750_,6.25µm
_05783_,6.25µm
_05909_,6.25µm
_06129_,6.25µm
_06189_,6.25µm
_06567_,6.25µm
_06577_,6.25µm
_06765_,6.25µm
comm_mem_u0.reg_wgt_u2.Register_Weight_DataInBUS\[11\],6.25µm
_01210_,6.24µm
_02098_,6.24µm
_03790_,6.24µm
_03793_,6.24µm
_05025_,6.24µm
_05720_,6.24µm
net1133,6.24µm
net1186,6.24µm
net1258,6.24µm
net1421,6.24µm
net1454,6.24µm
_05795_,6.215µm
_04284_,6.2µm
_05803_,6.2µm
_00008_,6.19µm
_00165_,6.19µm
_00326_,6.19µm
_00371_,6.19µm
_00467_,6.19µm
_00590_,6.19µm
_00684_,6.19µm
_00797_,6.19µm
_00919_,6.19µm
_01098_,6.19µm
_01675_,6.19µm
_01780_,6.19µm
_01891_,6.19µm
_02383_,6.19µm
_02411_,6.19µm
_02590_,6.19µm
_03169_,6.19µm
_04470_,6.19µm
_05958_,6.19µm
_05976_,6.19µm
_06721_,6.19µm
comm_mem_u0.reg_wgt_u2.Register_Weight_DataInBUS\[8\],6.19µm
comm_mem_u0.reg_wgt_u3.Register_Weight_DataInBUS\[10\],6.19µm
_00681_,6.18µm
_00869_,6.18µm
_00981_,6.18µm
_01267_,6.18µm
_04075_,6.18µm
_04591_,6.18µm
_05084_,6.18µm
_05535_,6.18µm
_03341_,6.14µm
_03439_,6.14µm
_04755_,6.14µm
_04987_,6.14µm
_05131_,6.14µm
_05239_,6.14µm
_05345_,6.14µm
_05525_,6.14µm
_02347_,6.13µm
_02967_,6.13µm
_03450_,6.13µm
_03843_,6.13µm
_03986_,6.13µm
_04139_,6.13µm
net1151,6.13µm
net1289,6.13µm
net1584,6.13µm
net1656,6.13µm
_01029_,6.12µm
_01037_,6.12µm
_01044_,6.12µm
_01058_,6.12µm
_01059_,6.12µm
_01137_,6.12µm
_01180_,6.12µm
_01193_,6.12µm
_01320_,6.12µm
_01339_,6.12µm
_02345_,6.12µm
_02628_,6.12µm
_03203_,6.12µm
_03271_,6.12µm
_03469_,6.12µm
_03544_,6.12µm
_04256_,6.12µm
_04515_,6.12µm
_05766_,6.12µm
_05903_,6.12µm
_06328_,6.12µm
_06335_,6.12µm
_06401_,6.12µm
_06471_,6.12µm
_06543_,6.12µm
net1219,6.12µm
net1315,6.12µm
net1350,6.12µm
net1352,6.12µm
net1366,6.12µm
net1476,6.12µm
net1493,6.12µm
net1500,6.12µm
net1582,6.12µm
net1588,6.12µm
net1636,6.12µm
net1760,6.12µm
net1804,6.12µm
net1833,6.12µm
_02642_,6.115µm
_04318_,6.115µm
_05463_,6.115µm
_05634_,6.115µm
_05796_,6.115µm
_03994_,6.105µm
_04085_,6.08µm
_05231_,6.08µm
_05325_,6.08µm
_00791_,6.07µm
_00838_,6.07µm
_00878_,6.07µm
_00997_,6.07µm
_01269_,6.07µm
_01276_,6.07µm
_03509_,6.07µm
_05029_,6.07µm
comm_mem_u0.reg_wgt_u3.Register_Weight_DataInBUS\[14\],6.07µm
_06504_,6.065µm
_00031_,6.06µm
_01087_,6.06µm
_01090_,6.06µm
_01850_,6.06µm
_03142_,6.06µm
_03658_,6.06µm
_03668_,6.06µm
_03859_,6.06µm
_04273_,6.06µm
_04608_,6.06µm
_04869_,6.06µm
_05573_,6.055µm
net1334,6.055µm
_02777_,6.045µm
_03113_,6.035µm
_00119_,6.02µm
_00138_,6.02µm
_00176_,6.02µm
_00184_,6.02µm
_00210_,6.02µm
_00307_,6.02µm
_02159_,6.02µm
_02479_,6.02µm
_02648_,6.02µm
_03325_,6.02µm
_03485_,6.02µm
_03521_,6.02µm
_04049_,6.02µm
_04407_,6.02µm
_05137_,6.02µm
_05286_,6.02µm
_05494_,6.02µm
_06112_,6.02µm
_00317_,6.01µm
_00979_,6.01µm
_02391_,6.01µm
_02448_,6.01µm
_02728_,6.01µm
_03073_,6.01µm
_03078_,6.01µm
_03823_,6.01µm
_04604_,6.01µm
_04669_,6.01µm
_05879_,6.01µm
_06246_,6.01µm
_06296_,6.01µm
_06572_,6.01µm
net1167,6.01µm
net1216,6.01µm
net1282,6.01µm
net1502,6.01µm
net1557,6.01µm
net1632,6.01µm
_00947_,6µm
_01984_,6µm
_04389_,6µm
_05601_,5.98µm
_05610_,5.955µm
_01989_,5.95µm
_02566_,5.95µm
_03983_,5.95µm
_01054_,5.94µm
_05598_,5.94µm
_01395_,5.925µm
_01779_,5.925µm
_04506_,5.915µm
_00252_,5.88µm
_00587_,5.88µm
_01752_,5.88µm
_03496_,5.88µm
_03771_,5.88µm
_04392_,5.88µm
_05399_,5.88µm
_01632_,5.87µm
_01082_,5.865µm
_06024_,5.865µm
_03556_,5.84µm
_00019_,5.83µm
_00323_,5.83µm
_00436_,5.83µm
_00437_,5.83µm
_00565_,5.83µm
_00606_,5.83µm
_00682_,5.83µm
_00687_,5.83µm
_00704_,5.83µm
_01039_,5.83µm
_01043_,5.83µm
_01085_,5.83µm
_01141_,5.83µm
_01175_,5.83µm
_01189_,5.83µm
_01220_,5.83µm
_00191_,5.82µm
_00329_,5.82µm
_00406_,5.82µm
_00678_,5.82µm
_00823_,5.82µm
_00858_,5.82µm
_00978_,5.82µm
_01142_,5.82µm
_01263_,5.82µm
_03475_,5.82µm
_03533_,5.82µm
_04626_,5.82µm
_06025_,5.82µm
_05501_,5.79µm
_03612_,5.78µm
_00568_,5.77µm
_03717_,5.77µm
_04220_,5.77µm
_04410_,5.77µm
_04659_,5.77µm
_04766_,5.77µm
_05872_,5.77µm
_06241_,5.77µm
_06256_,5.77µm
_06282_,5.77µm
_06714_,5.77µm
comm_mem_u0.reg_wgt_u3.Register_Weight_DataInBUS\[0\],5.77µm
_03551_,5.76µm
_03772_,5.76µm
_03999_,5.76µm
_04070_,5.76µm
_05749_,5.76µm
net1176,5.76µm
net1209,5.76µm
net1391,5.76µm
net1432,5.76µm
net1461,5.76µm
net1464,5.76µm
net1690,5.76µm
net1794,5.76µm
net1843,5.76µm
_03777_,5.755µm
_04942_,5.745µm
_06142_,5.745µm
_06569_,5.74µm
_03862_,5.72µm
_00394_,5.71µm
_00613_,5.71µm
_00776_,5.71µm
_00800_,5.71µm
_00860_,5.71µm
_00925_,5.71µm
_00950_,5.71µm
_00974_,5.71µm
_00980_,5.71µm
_01271_,5.71µm
_01550_,5.71µm
_01866_,5.71µm
_02034_,5.71µm
_02757_,5.71µm
_02855_,5.71µm
_02912_,5.71µm
_03228_,5.71µm
_04382_,5.71µm
_04867_,5.71µm
_05093_,5.71µm
_05424_,5.71µm
_06014_,5.71µm
_06028_,5.71µm
_06032_,5.71µm
_06755_,5.71µm
comm_mem_u0.reg_img_u9.Register_Imag_DataInBUS\[14\],5.71µm
comm_mem_u0.reg_img_u9.Register_Imag_DataInBUS\[28\],5.71µm
comm_mem_u0.reg_wgt_u3.Register_Weight_DataInBUS\[8\],5.71µm
_00265_,5.7µm
_00379_,5.7µm
_00402_,5.7µm
_00677_,5.7µm
_00802_,5.7µm
_00822_,5.7µm
_00829_,5.7µm
_00891_,5.7µm
_00953_,5.7µm
_01006_,5.7µm
_01268_,5.7µm
_01299_,5.7µm
_02595_,5.7µm
_04925_,5.7µm
_05242_,5.7µm
_05762_,5.7µm
_05944_,5.7µm
_06399_,5.695µm
_02675_,5.685µm
_05835_,5.67µm
_03400_,5.66µm
_05633_,5.66µm
_00905_,5.65µm
_02449_,5.65µm
_06020_,5.65µm
net1152,5.65µm
net1226,5.65µm
net1270,5.65µm
net1283,5.65µm
net1396,5.65µm
net1506,5.65µm
net1687,5.65µm
net1748,5.65µm
_00082_,5.64µm
_00090_,5.64µm
_01045_,5.64µm
_01064_,5.64µm
_01120_,5.64µm
_01127_,5.64µm
_01174_,5.64µm
_01186_,5.64µm
_01825_,5.64µm
_02072_,5.64µm
_02244_,5.64µm
_02373_,5.64µm
_02570_,5.64µm
_02846_,5.64µm
_02939_,5.64µm
_03020_,5.64µm
_03629_,5.64µm
_04055_,5.64µm
_05235_,5.64µm
_05591_,5.64µm
_06254_,5.64µm
_06272_,5.64µm
_06346_,5.64µm
_06363_,5.64µm
_06403_,5.64µm
_06420_,5.64µm
_06444_,5.64µm
_06461_,5.64µm
_06484_,5.64µm
net1208,5.64µm
net1224,5.64µm
net1259,5.64µm
net1275,5.64µm
net1302,5.64µm
net1318,5.64µm
net1357,5.64µm
net1540,5.64µm
net1576,5.64µm
net1611,5.64µm
net1733,5.64µm
net1775,5.64µm
net1783,5.64µm
net1811,5.64µm
net1835,5.64µm
net1874,5.64µm
_04004_,5.635µm
_04663_,5.635µm
_06162_,5.635µm
_02671_,5.625µm
_04897_,5.62µm
_05138_,5.62µm
_05403_,5.61µm
_04237_,5.6µm
_05224_,5.6µm
comm_mem_u0.spi_u0.data_count\[6\],5.6µm
_00085_,5.59µm
_00803_,5.59µm
_00805_,5.59µm
_00913_,5.59µm
_02455_,5.59µm
_04557_,5.59µm
_03826_,5.58µm
_04384_,5.58µm
_04429_,5.58µm
_05911_,5.58µm
_01972_,5.565µm
_05305_,5.565µm
_06204_,5.565µm
_01793_,5.55µm
_00128_,5.54µm
_00148_,5.54µm
_01498_,5.54µm
_01887_,5.54µm
_02142_,5.54µm
_02401_,5.54µm
_03099_,5.54µm
_05861_,5.54µm
_06157_,5.54µm
_06261_,5.54µm
_06263_,5.54µm
_06436_,5.54µm
_00445_,5.53µm
_03135_,5.53µm
_03787_,5.53µm
_04496_,5.53µm
_04906_,5.53µm
_05087_,5.53µm
net1397,5.53µm
_02237_,5.52µm
_02679_,5.52µm
_02705_,5.52µm
_03961_,5.52µm
_05565_,5.52µm
_04062_,5.51µm
_02042_,5.5µm
_04350_,5.47µm
_05794_,5.47µm
_00391_,5.46µm
_01607_,5.46µm
_04224_,5.445µm
_04835_,5.445µm
_05004_,5.445µm
_01885_,5.42µm
_02308_,5.42µm
_02311_,5.42µm
_02273_,5.405µm
_00091_,5.4µm
_00190_,5.4µm
_01704_,5.4µm
_02922_,5.4µm
_03500_,5.4µm
_04935_,5.4µm
_04936_,5.4µm
_05011_,5.4µm
_05348_,5.4µm
_05913_,5.4µm
_06275_,5.4µm
_06557_,5.4µm
net1236,5.4µm
net1666,5.4µm
net1776,5.4µm
net1780,5.4µm
comm_mem_u0.o_img_row02\[25\],5.4µm
_02723_,5.395µm
_01076_,5.385µm
_02221_,5.385µm
_03803_,5.385µm
_04907_,5.385µm
_00462_,5.37µm
_01000_,5.37µm
net1413,5.37µm
_00004_,5.35µm
_00398_,5.35µm
_00662_,5.35µm
_00676_,5.35µm
_01061_,5.35µm
_01230_,5.35µm
_03765_,5.35µm
_00011_,5.34µm
_00374_,5.34µm
_00474_,5.34µm
_00577_,5.34µm
_00625_,5.34µm
_01609_,5.34µm
_02466_,5.34µm
_02749_,5.34µm
_02774_,5.34µm
_03259_,5.34µm
_03274_,5.34µm
_03593_,5.34µm
_03673_,5.34µm
_03690_,5.34µm
_04512_,5.34µm
_04548_,5.34µm
_05182_,5.34µm
_05661_,5.34µm
comm_mem_u0.reg_wgt_u0.Register_Weight_DataInBUS\[14\],5.34µm
comm_mem_u0.reg_wgt_u2.Register_Weight_DataInBUS\[4\],5.34µm
_05019_,5.31µm
_00623_,5.29µm
_01400_,5.29µm
_01566_,5.29µm
_01571_,5.29µm
_01655_,5.29µm
_02066_,5.29µm
_02100_,5.29µm
_02808_,5.29µm
_03490_,5.29µm
_03846_,5.29µm
_03947_,5.29µm
_03967_,5.29µm
_04065_,5.29µm
_04197_,5.29µm
_05321_,5.29µm
_05843_,5.29µm
_06054_,5.29µm
_06218_,5.29µm
_06244_,5.29µm
_06247_,5.29µm
_06576_,5.29µm
_06716_,5.29µm
comm_mem_u0.o_img_row04\[20\],5.29µm
comm_mem_u0.reg_img_u9.Register_Imag_DataInBUS\[20\],5.29µm
comm_mem_u0.reg_img_u9.Register_Imag_DataInBUS\[22\],5.29µm
_02157_,5.28µm
_02690_,5.28µm
_03336_,5.28µm
_03921_,5.28µm
_04193_,5.28µm
_05211_,5.28µm
_05353_,5.28µm
_05612_,5.28µm
_06699_,5.28µm
net1201,5.28µm
net1229,5.28µm
net1241,5.28µm
net1267,5.28µm
net1337,5.28µm
net1338,5.28µm
net1400,5.28µm
net1404,5.28µm
net1437,5.28µm
net1463,5.28µm
net1517,5.28µm
net1614,5.28µm
net1725,5.28µm
net1773,5.28µm
_02298_,5.27µm
_02620_,5.24µm
_00062_,5.23µm
_00095_,5.23µm
_00173_,5.23µm
_00291_,5.23µm
_00490_,5.23µm
_00566_,5.23µm
_00583_,5.23µm
_00929_,5.23µm
_00964_,5.23µm
_01113_,5.23µm
_01133_,5.23µm
_01287_,5.23µm
_02526_,5.23µm
_02619_,5.23µm
_02842_,5.23µm
_03125_,5.23µm
_03128_,5.23µm
_03421_,5.23µm
_03647_,5.23µm
_03868_,5.23µm
_04786_,5.23µm
_05550_,5.23µm
_06039_,5.23µm
_06663_,5.23µm
_06753_,5.23µm
comm_mem_u0.reg_img_u8.Register_Imag_DataInBUS\[2\],5.23µm
comm_mem_u0.reg_img_u9.Register_Imag_DataInBUS\[2\],5.23µm
_00014_,5.22µm
_00018_,5.22µm
_00360_,5.22µm
_00799_,5.22µm
_00806_,5.22µm
_00841_,5.22µm
_00842_,5.22µm
_00850_,5.22µm
_00855_,5.22µm
_00941_,5.22µm
_00962_,5.22µm
_01204_,5.22µm
_01281_,5.22µm
_01283_,5.22µm
_01302_,5.22µm
_05485_,5.22µm
_05863_,5.22µm
_05597_,5.18µm
_01685_,5.17µm
_03540_,5.17µm
_05961_,5.17µm
net1525,5.17µm
net1612,5.17µm
net1879,5.17µm
_01179_,5.16µm
_01194_,5.16µm
_02180_,5.16µm
_02605_,5.16µm
_02637_,5.16µm
_02714_,5.16µm
_03088_,5.16µm
_03223_,5.16µm
_03295_,5.16µm
_03328_,5.16µm
_03638_,5.16µm
_03663_,5.16µm
_04681_,5.16µm
_04762_,5.16µm
_04845_,5.16µm
_05735_,5.16µm
_05770_,5.16µm
_06103_,5.16µm
net1129,5.16µm
net1144,5.16µm
net1191,5.16µm
net1220,5.16µm
net1243,5.16µm
net1247,5.16µm
net1257,5.16µm
net1262,5.16µm
net1273,5.16µm
net1325,5.16µm
net1360,5.16µm
net1380,5.16µm
net1381,5.16µm
net1389,5.16µm
net1394,5.16µm
net1401,5.16µm
net1417,5.16µm
net1484,5.16µm
net1551,5.16µm
net1653,5.16µm
net1655,5.16µm
net1673,5.16µm
net1674,5.16µm
net1677,5.16µm
net1752,5.16µm
net1779,5.16µm
net1792,5.16µm
net1844,5.16µm
net1857,5.16µm
net1875,5.16µm
_04745_,5.145µm
_00784_,5.14µm
_01215_,5.14µm
_02761_,5.14µm
_02762_,5.14µm
_02673_,5.13µm
_04398_,5.11µm
_00387_,5.1µm
_00708_,5.1µm
_03168_,5.1µm
_03401_,5.1µm
_04730_,5.1µm
_02655_,5.095µm
_05552_,5.095µm
_03604_,5.085µm
_04390_,5.065µm
_00304_,5.06µm
_01543_,5.06µm
_01683_,5.06µm
_01747_,5.06µm
_01777_,5.06µm
_02329_,5.06µm
_02431_,5.06µm
_02809_,5.06µm
_03632_,5.06µm
_04230_,5.06µm
_05304_,5.06µm
_06191_,5.06µm
_06439_,5.06µm
_06506_,5.06µm
_06525_,5.06µm
_01939_,5.05µm
_02324_,5.05µm
_02427_,5.05µm
_03230_,5.05µm
_03707_,5.05µm
_03906_,5.05µm
_04497_,5.05µm
_04749_,5.05µm
_05037_,5.05µm
_06003_,5.05µm
_06154_,5.05µm
_06530_,5.05µm
_06736_,5.05µm
net1307,5.05µm
_00156_,5.04µm
_03930_,5.04µm
_04507_,5.04µm
_04684_,5.04µm
_06485_,5.04µm
_04056_,5µm
_00642_,4.99µm
_04023_,4.99µm
_00585_,4.98µm
_00645_,4.98µm
_02512_,4.98µm
_04096_,4.965µm
_04499_,4.965µm
_06309_,4.965µm
_03505_,4.95µm
_05575_,4.95µm
net1495,4.95µm
_02048_,4.94µm
_03745_,4.935µm
_01525_,4.93µm
_01671_,4.92µm
_01687_,4.92µm
_01898_,4.92µm
_02736_,4.92µm
_03057_,4.92µm
_03117_,4.92µm
_04104_,4.92µm
_04823_,4.92µm
_05708_,4.92µm
_05734_,4.92µm
_05739_,4.92µm
_05744_,4.92µm
_05964_,4.92µm
_05966_,4.92µm
_06307_,4.92µm
_06382_,4.92µm
_06541_,4.92µm
_06599_,4.92µm
net1459,4.92µm
acc0\[3\],4.92µm
comm_mem_u0.reg_img_u8.Register_Imag_DataInBUS\[15\],4.92µm
comm_mem_u0.reg_img_u8.Register_Imag_DataInBUS\[7\],4.92µm
_01101_,4.905µm
net1316,4.89µm
_04379_,4.885µm
_00001_,4.87µm
_00335_,4.87µm
_00351_,4.87µm
_00368_,4.87µm
_01078_,4.87µm
_01191_,4.87µm
_00077_,4.86µm
_00280_,4.86µm
_00312_,4.86µm
_00354_,4.86µm
_00405_,4.86µm
_00488_,4.86µm
_00793_,4.86µm
_00849_,4.86µm
_00866_,4.86µm
_00922_,4.86µm
_01012_,4.86µm
_01148_,4.86µm
_01218_,4.86µm
_01301_,4.86µm
_01674_,4.86µm
_01775_,4.86µm
_02158_,4.86µm
_02360_,4.86µm
_02834_,4.86µm
_02863_,4.86µm
_03115_,4.86µm
_03155_,4.86µm
_03174_,4.86µm
_03311_,4.86µm
_03322_,4.86µm
_03395_,4.86µm
_04378_,4.86µm
_04665_,4.86µm
_04960_,4.86µm
_05079_,4.86µm
_05328_,4.86µm
_05558_,4.86µm
_06044_,4.86µm
_06715_,4.86µm
_06719_,4.86µm
net1510,4.83µm
_00143_,4.81µm
_00174_,4.81µm
_01935_,4.81µm
_02228_,4.81µm
_02561_,4.81µm
_02661_,4.81µm
_03153_,4.81µm
_04368_,4.81µm
_04437_,4.81µm
_04575_,4.81µm
_04625_,4.81µm
_04952_,4.81µm
_05243_,4.81µm
_05253_,4.81µm
_05513_,4.81µm
_06255_,4.81µm
_06408_,4.81µm
_06523_,4.81µm
comm_mem_u0.reg_img_u9.Register_Imag_DataInBUS\[21\],4.81µm
comm_mem_u0.reg_img_u9.Register_Imag_DataInBUS\[3\],4.81µm
comm_mem_u0.reg_wgt_u1.Register_Weight_DataInBUS\[14\],4.81µm
_00140_,4.8µm
_03034_,4.8µm
_03066_,4.8µm
_03250_,4.8µm
_03293_,4.8µm
_04709_,4.8µm
net1117,4.8µm
net1141,4.8µm
net1221,4.8µm
net1227,4.8µm
net1228,4.8µm
net1299,4.8µm
net1301,4.8µm
net1324,4.8µm
net1451,4.8µm
net1501,4.8µm
net1561,4.8µm
net1585,4.8µm
net1708,4.8µm
net1817,4.8µm
net1891,4.8µm
_04182_,4.775µm
_00110_,4.75µm
_00342_,4.75µm
_00359_,4.75µm
_00363_,4.75µm
_00376_,4.75µm
_00602_,4.75µm
_00624_,4.75µm
_00864_,4.75µm
_00894_,4.75µm
_01222_,4.75µm
_01656_,4.75µm
_03083_,4.75µm
_03269_,4.75µm
_03858_,4.75µm
_03861_,4.75µm
_04461_,4.75µm
_04606_,4.75µm
_05092_,4.75µm
_00013_,4.74µm
_00069_,4.74µm
_00346_,4.74µm
_00407_,4.74µm
_00748_,4.74µm
_00759_,4.74µm
_00766_,4.74µm
_00785_,4.74µm
_00817_,4.74µm
_00870_,4.74µm
_00872_,4.74µm
_00892_,4.74µm
_00901_,4.74µm
_00902_,4.74µm
_00904_,4.74µm
_00931_,4.74µm
_00936_,4.74µm
_00948_,4.74µm
_00956_,4.74µm
_00959_,4.74µm
_00977_,4.74µm
_00983_,4.74µm
_01003_,4.74µm
_01020_,4.74µm
_01021_,4.74µm
_01051_,4.74µm
_01201_,4.74µm
_01207_,4.74µm
_01280_,4.74µm
_02084_,4.74µm
_02271_,4.74µm
_02325_,4.74µm
_03380_,4.74µm
_03630_,4.74µm
_03873_,4.74µm
_04063_,4.74µm
_05336_,4.74µm
_05387_,4.74µm
_01778_,4.71µm
_02548_,4.7µm
net1816,4.69µm
_00086_,4.68µm
_01083_,4.68µm
_01921_,4.68µm
_02055_,4.68µm
_02070_,4.68µm
_02681_,4.68µm
_02963_,4.68µm
_03246_,4.68µm
_03275_,4.68µm
_03606_,4.68µm
_03741_,4.68µm
_03742_,4.68µm
_03797_,4.68µm
_03805_,4.68µm
_03860_,4.68µm
_03899_,4.68µm
_04103_,4.68µm
_04330_,4.68µm
_04364_,4.68µm
_04376_,4.68µm
_04518_,4.68µm
_04703_,4.68µm
_06262_,4.68µm
_06269_,4.68µm
_06348_,4.68µm
_06367_,4.68µm
_06404_,4.68µm
_06410_,4.68µm
_06560_,4.68µm
net1115,4.68µm
net1119,4.68µm
net1128,4.68µm
net1130,4.68µm
net1148,4.68µm
net1150,4.68µm
net1157,4.68µm
net1158,4.68µm
net1163,4.68µm
net1164,4.68µm
net1165,4.68µm
net1168,4.68µm
net1172,4.68µm
net1174,4.68µm
net1178,4.68µm
net1183,4.68µm
net1184,4.68µm
net1185,4.68µm
net1195,4.68µm
net1203,4.68µm
net1205,4.68µm
net1206,4.68µm
net1207,4.68µm
net1210,4.68µm
net1212,4.68µm
net1218,4.68µm
net1223,4.68µm
net1231,4.68µm
net1238,4.68µm
net1245,4.68µm
net1249,4.68µm
net1250,4.68µm
net1254,4.68µm
net1256,4.68µm
net1284,4.68µm
net1295,4.68µm
net1296,4.68µm
net1300,4.68µm
net1308,4.68µm
net1326,4.68µm
net1327,4.68µm
net1332,4.68µm
net1336,4.68µm
net1340,4.68µm
net1345,4.68µm
net1348,4.68µm
net1353,4.68µm
net1363,4.68µm
net1369,4.68µm
net1372,4.68µm
net1379,4.68µm
net1384,4.68µm
net1386,4.68µm
net1387,4.68µm
net1393,4.68µm
net1398,4.68µm
net1399,4.68µm
net1403,4.68µm
net1406,4.68µm
net1407,4.68µm
net1409,4.68µm
net1415,4.68µm
net1416,4.68µm
net1422,4.68µm
net1423,4.68µm
net1424,4.68µm
net1425,4.68µm
net1426,4.68µm
net1427,4.68µm
net1430,4.68µm
net1439,4.68µm
net1440,4.68µm
net1441,4.68µm
net1442,4.68µm
net1450,4.68µm
net1456,4.68µm
net1462,4.68µm
net1472,4.68µm
net1486,4.68µm
net1487,4.68µm
net1490,4.68µm
net1494,4.68µm
net1499,4.68µm
net1512,4.68µm
net1519,4.68µm
net1520,4.68µm
net1527,4.68µm
net1528,4.68µm
net1537,4.68µm
net1542,4.68µm
net1543,4.68µm
net1549,4.68µm
net1553,4.68µm
net1554,4.68µm
net1556,4.68µm
net1560,4.68µm
net1566,4.68µm
net1568,4.68µm
net1577,4.68µm
net1579,4.68µm
net1581,4.68µm
net1583,4.68µm
net1590,4.68µm
net1597,4.68µm
net1598,4.68µm
net1601,4.68µm
net1602,4.68µm
net1606,4.68µm
net1607,4.68µm
net1616,4.68µm
net1617,4.68µm
net1618,4.68µm
net1620,4.68µm
net1623,4.68µm
net1630,4.68µm
net1631,4.68µm
net1633,4.68µm
net1638,4.68µm
net1640,4.68µm
net1642,4.68µm
net1643,4.68µm
net1644,4.68µm
net1645,4.68µm
net1646,4.68µm
net1672,4.68µm
net1685,4.68µm
net1686,4.68µm
net1689,4.68µm
net1692,4.68µm
net1695,4.68µm
net1697,4.68µm
net1705,4.68µm
net1706,4.68µm
net1707,4.68µm
net1709,4.68µm
net1711,4.68µm
net1729,4.68µm
net1735,4.68µm
net1738,4.68µm
net1741,4.68µm
net1749,4.68µm
net1754,4.68µm
net1755,4.68µm
net1756,4.68µm
net1758,4.68µm
net1762,4.68µm
net1764,4.68µm
net1774,4.68µm
net1786,4.68µm
net1790,4.68µm
net1796,4.68µm
net1797,4.68µm
net1801,4.68µm
net1802,4.68µm
net1803,4.68µm
net1805,4.68µm
net1808,4.68µm
net1825,4.68µm
net1826,4.68µm
net1827,4.68µm
net1849,4.68µm
net1851,4.68µm
net1864,4.68µm
net1868,4.68µm
net1878,4.68µm
net1881,4.68µm
net1882,4.68µm
net1883,4.68µm
net1884,4.68µm
net1885,4.68µm
net1886,4.68µm
net1887,4.68µm
net1888,4.68µm
net1889,4.68µm
_03139_,4.675µm
_03567_,4.675µm
_03602_,4.675µm
_03716_,4.675µm
_02083_,4.665µm
_00765_,4.66µm
proc_u0.cnn_ctrl_u0.state\[1\],4.66µm
_03543_,4.65µm
_03508_,4.62µm
_05462_,4.62µm
_02815_,4.595µm
_00505_,4.58µm
_01335_,4.58µm
_01689_,4.58µm
_01698_,4.58µm
_01764_,4.58µm
_02921_,4.58µm
_03212_,4.58µm
_03314_,4.58µm
_03317_,4.58µm
_03693_,4.58µm
_03766_,4.58µm
_04878_,4.58µm
_06150_,4.58µm
_06312_,4.58µm
_06374_,4.58µm
_06383_,4.58µm
_06405_,4.58µm
_00275_,4.57µm
_00299_,4.57µm
_00573_,4.57µm
_00643_,4.57µm
_01690_,4.57µm
_02053_,4.57µm
_02063_,4.57µm
_03038_,4.57µm
_03144_,4.57µm
_03241_,4.57µm
_03333_,4.57µm
_03615_,4.57µm
_03954_,4.57µm
_03973_,4.57µm
_04118_,4.57µm
_04160_,4.57µm
_04251_,4.57µm
_04302_,4.57µm
_04732_,4.57µm
_05856_,4.57µm
_02243_,4.56µm
_03737_,4.56µm
_05877_,4.56µm
_06386_,4.56µm
_06498_,4.56µm
net1559,4.56µm
_01163_,4.545µm
_05819_,4.52µm
_00046_,4.51µm
_01987_,4.51µm
_03053_,4.51µm
_04444_,4.51µm
_00026_,4.5µm
_00320_,4.5µm
_00334_,4.5µm
_00413_,4.5µm
_00415_,4.5µm
_00431_,4.5µm
_00541_,4.5µm
_00685_,4.5µm
_01028_,4.5µm
_01065_,4.5µm
_01081_,4.5µm
_01999_,4.5µm
_02361_,4.5µm
_03409_,4.495µm
_04638_,4.485µm
_06393_,4.485µm
_01468_,4.47µm
net1469,4.47µm
acc0\[2\],4.46µm
_04900_,4.45µm
_00177_,4.44µm
_00235_,4.44µm
_00267_,4.44µm
_01573_,4.44µm
_01620_,4.44µm
_01710_,4.44µm
_01893_,4.44µm
_02357_,4.44µm
_02407_,4.44µm
_02643_,4.44µm
_03219_,4.44µm
_03424_,4.44µm
_03477_,4.44µm
_03735_,4.44µm
_03932_,4.44µm
_04357_,4.44µm
_04714_,4.44µm
_04838_,4.44µm
_05292_,4.44µm
_05402_,4.44µm
_05454_,4.44µm
_05515_,4.44µm
_05539_,4.44µm
_05931_,4.44µm
_06145_,4.44µm
_06174_,4.44µm
_06297_,4.44µm
acc0\[11\],4.44µm
comm_mem_u0.reg_img_u8.Register_Imag_DataInBUS\[9\],4.44µm
comm_mem_u0.reg_wgt_u2.Register_Weight_DataInBUS\[0\],4.44µm
_00373_,4.425µm
_00403_,4.425µm
_04551_,4.425µm
_03148_,4.41µm
_05068_,4.41µm
_00024_,4.39µm
_00347_,4.39µm
_00350_,4.39µm
_00367_,4.39µm
_00494_,4.39µm
_00503_,4.39µm
_00564_,4.39µm
_00699_,4.39µm
_01077_,4.39µm
_04417_,4.385µm
_00027_,4.38µm
_00074_,4.38µm
_00136_,4.38µm
_00163_,4.38µm
_00276_,4.38µm
_00321_,4.38µm
_00408_,4.38µm
_00432_,4.38µm
_00451_,4.38µm
_00457_,4.38µm
_00484_,4.38µm
_00491_,4.38µm
_00523_,4.38µm
_00538_,4.38µm
_00597_,4.38µm
_00600_,4.38µm
_00610_,4.38µm
_00669_,4.38µm
_00709_,4.38µm
_00756_,4.38µm
_00787_,4.38µm
_00839_,4.38µm
_00845_,4.38µm
_00848_,4.38µm
_00859_,4.38µm
_00861_,4.38µm
_00876_,4.38µm
_00955_,4.38µm
_00960_,4.38µm
_00999_,4.38µm
_01005_,4.38µm
_01007_,4.38µm
_01014_,4.38µm
_01019_,4.38µm
_01023_,4.38µm
_01053_,4.38µm
_01055_,4.38µm
_01103_,4.38µm
_01154_,4.38µm
_01241_,4.38µm
_01278_,4.38µm
_01284_,4.38µm
_01286_,4.38µm
_01307_,4.38µm
_01492_,4.38µm
_01538_,4.38µm
_01547_,4.38µm
_01561_,4.38µm
_01590_,4.38µm
_01742_,4.38µm
_01755_,4.38µm
_01786_,4.38µm
_01936_,4.38µm
_02293_,4.38µm
_02299_,4.38µm
_02835_,4.38µm
_02839_,4.38µm
_02844_,4.38µm
_02955_,4.38µm
_03029_,4.38µm
_03041_,4.38µm
_03211_,4.38µm
_03522_,4.38µm
_03699_,4.38µm
_03750_,4.38µm
_03801_,4.38µm
_03974_,4.38µm
_04021_,4.38µm
_04343_,4.38µm
_04510_,4.38µm
_04600_,4.38µm
_04742_,4.38µm
_05027_,4.38µm
_05414_,4.38µm
_06022_,4.38µm
_06034_,4.38µm
_06744_,4.38µm
comm_mem_u0.reg_img_u8.Register_Imag_DataInBUS\[28\],4.38µm
_01563_,4.33µm
_01799_,4.33µm
_02328_,4.33µm
_02811_,4.33µm
_02888_,4.33µm
_03569_,4.33µm
_04286_,4.33µm
_06260_,4.33µm
_06339_,4.33µm
_06542_,4.33µm
comm_mem_u0.reg_wgt_u0.Register_Weight_DataInBUS\[9\],4.33µm
_03218_,4.325µm
_00480_,4.32µm
_02462_,4.32µm
_02994_,4.32µm
_03137_,4.32µm
_03832_,4.32µm
_06618_,4.32µm
net1123,4.32µm
net1131,4.32µm
net1149,4.32µm
net1179,4.32µm
net1180,4.32µm
net1182,4.32µm
net1189,4.32µm
net1200,4.32µm
net1271,4.32µm
net1285,4.32µm
net1287,4.32µm
net1288,4.32µm
net1305,4.32µm
net1312,4.32µm
net1420,4.32µm
net1434,4.32µm
net1465,4.32µm
net1475,4.32µm
net1491,4.32µm
net1548,4.32µm
net1580,4.32µm
net1634,4.32µm
net1652,4.32µm
net1658,4.32µm
net1676,4.32µm
net1728,4.32µm
net1737,4.32µm
net1740,4.32µm
net1810,4.32µm
net1847,4.32µm
net1872,4.32µm
_02611_,4.295µm
_00124_,4.27µm
_00446_,4.27µm
_00696_,4.27µm
_01213_,4.27µm
_03571_,4.27µm
_03968_,4.27µm
_04529_,4.27µm
_00145_,4.26µm
_00835_,4.26µm
_00857_,4.26µm
_00868_,4.26µm
_00879_,4.26µm
_00897_,4.26µm
_00912_,4.26µm
_00934_,4.26µm
_00938_,4.26µm
_00949_,4.26µm
_00970_,4.26µm
_00994_,4.26µm
_01008_,4.26µm
_01016_,4.26µm
_01049_,4.26µm
_01104_,4.26µm
_01205_,4.26µm
_01211_,4.26µm
_01216_,4.26µm
_01279_,4.26µm
_01296_,4.26µm
_01300_,4.26µm
_01306_,4.26µm
_03501_,4.26µm
_05173_,4.26µm
_06177_,4.26µm
_06733_,4.26µm
_04672_,4.24µm
_02965_,4.23µm
_05574_,4.23µm
_05039_,4.21µm
_00157_,4.2µm
_00206_,4.2µm
_01711_,4.2µm
_02621_,4.2µm
_02674_,4.2µm
_02710_,4.2µm
_02865_,4.2µm
_03802_,4.2µm
_03881_,4.2µm
_04747_,4.2µm
_05818_,4.2µm
_05842_,4.2µm
_06267_,4.2µm
net1137,4.2µm
net1159,4.2µm
net1190,4.2µm
net1192,4.2µm
net1204,4.2µm
net1225,4.2µm
net1329,4.2µm
net1419,4.2µm
net1428,4.2µm
net1431,4.2µm
net1446,4.2µm
net1619,4.2µm
net1627,4.2µm
net1681,4.2µm
net1723,4.2µm
net1724,4.2µm
net1819,4.2µm
net1838,4.2µm
net1850,4.2µm
net1877,4.2µm
_00073_,4.195µm
_00287_,4.195µm
_03150_,4.195µm
_04128_,4.195µm
_04844_,4.195µm
_02320_,4.19µm
_02069_,4.175µm
_00555_,4.17µm
_05397_,4.14µm
comm_mem_u0.reg_img_u9.Register_Imag_DataInBUS\[29\],4.14µm
_02376_,4.135µm
_01881_,4.13µm
_02795_,4.13µm
_02513_,4.125µm
_03484_,4.125µm
_05338_,4.125µm
_02226_,4.11µm
_04773_,4.11µm
_00104_,4.1µm
_00122_,4.1µm
_00131_,4.1µm
_00205_,4.1µm
_00259_,4.1µm
_00309_,4.1µm
_01666_,4.1µm
_01794_,4.1µm
_02003_,4.1µm
_02073_,4.1µm
_02404_,4.1µm
_02689_,4.1µm
_02794_,4.1µm
_03171_,4.1µm
_03504_,4.1µm
_03749_,4.1µm
_04361_,4.1µm
_04839_,4.1µm
_05146_,4.1µm
_05177_,4.1µm
_05845_,4.1µm
_06238_,4.1µm
_06239_,4.1µm
_06372_,4.1µm
_06394_,4.1µm
_06551_,4.1µm
_00048_,4.09µm
_00049_,4.09µm
_00053_,4.09µm
_00054_,4.09µm
_00080_,4.09µm
_00083_,4.09µm
_00098_,4.09µm
_00100_,4.09µm
_00186_,4.09µm
_00215_,4.09µm
_00217_,4.09µm
_00218_,4.09µm
_00222_,4.09µm
_00223_,4.09µm
_00230_,4.09µm
_00238_,4.09µm
_00249_,4.09µm
_00279_,4.09µm
_00281_,4.09µm
_00283_,4.09µm
_00285_,4.09µm
_00292_,4.09µm
_00294_,4.09µm
_00300_,4.09µm
_00314_,4.09µm
_02469_,4.09µm
_02733_,4.09µm
_02840_,4.09µm
_03321_,4.09µm
_03659_,4.09µm
_03913_,4.09µm
_05358_,4.09µm
_06726_,4.09µm
net1145,4.09µm
net1155,4.09µm
net1173,4.09µm
net1341,4.09µm
net1358,4.09µm
net1362,4.09µm
net1388,4.09µm
net1418,4.09µm
net1447,4.09µm
net1466,4.09µm
net1480,4.09µm
net1482,4.09µm
net1509,4.09µm
net1516,4.09µm
net1536,4.09µm
net1544,4.09µm
net1550,4.09µm
net1552,4.09µm
net1569,4.09µm
net1648,4.09µm
net1663,4.09µm
net1668,4.09µm
net1694,4.09µm
net1698,4.09µm
net1734,4.09µm
net1746,4.09µm
net1769,4.09µm
net1777,4.09µm
net1785,4.09µm
net1798,4.09µm
net1807,4.09µm
net1831,4.09µm
net1841,4.09µm
_01167_,4.08µm
_02346_,4.08µm
_02752_,4.08µm
_03009_,4.08µm
_03411_,4.08µm
_03710_,4.08µm
_04854_,4.08µm
_05241_,4.08µm
_06237_,4.08µm
_06245_,4.08µm
_06273_,4.08µm
_06467_,4.08µm
_06615_,4.08µm
_06634_,4.08µm
net1641,4.08µm
_04814_,4.07µm
_00501_,4.065µm
_01190_,4.065µm
_01262_,4.065µm
_01198_,4.06µm
_03222_,4.04µm
_03313_,4.04µm
_00479_,4.03µm
_02004_,4.03µm
_02145_,4.03µm
_03628_,4.03µm
_03901_,4.03µm
_03914_,4.03µm
_05693_,4.03µm
_00370_,4.02µm
_00383_,4.02µm
_00435_,4.02µm
_00438_,4.02µm
_00455_,4.02µm
_00458_,4.02µm
_00487_,4.02µm
_00506_,4.02µm
_00534_,4.02µm
_00549_,4.02µm
_00641_,4.02µm
_00680_,4.02µm
_01032_,4.02µm
_01074_,4.02µm
_01089_,4.02µm
_06702_,4.02µm
_03817_,4.005µm
_02233_,3.965µm
_00060_,3.96µm
_00116_,3.96µm
_00260_,3.96µm
_01177_,3.96µm
_01540_,3.96µm
_01605_,3.96µm
_01706_,3.96µm
_01730_,3.96µm
_02443_,3.96µm
_02563_,3.96µm
_02656_,3.96µm
_03457_,3.96µm
_03479_,3.96µm
_03791_,3.96µm
_03855_,3.96µm
_03872_,3.96µm
_04027_,3.96µm
_04328_,3.96µm
_04408_,3.96µm
_04483_,3.96µm
_04818_,3.96µm
_04891_,3.96µm
_05008_,3.96µm
_05014_,3.96µm
_05121_,3.96µm
_05151_,3.96µm
_05557_,3.96µm
_06133_,3.96µm
_06153_,3.96µm
_06169_,3.96µm
_06341_,3.96µm
_06540_,3.96µm
_06571_,3.96µm
_06709_,3.96µm
comm_mem_u0.reg_wgt_u3.Register_Weight_DataInBUS\[7\],3.96µm
_00361_,3.945µm
_04615_,3.94µm
_00495_,3.91µm
_00578_,3.91µm
_01114_,3.91µm
_01192_,3.91µm
net1567,3.905µm
_00002_,3.9µm
_00125_,3.9µm
_00127_,3.9µm
_00142_,3.9µm
_00257_,3.9µm
_00284_,3.9µm
_00381_,3.9µm
_00412_,3.9µm
_00439_,3.9µm
_00444_,3.9µm
_00502_,3.9µm
_00569_,3.9µm
_00584_,3.9µm
_00588_,3.9µm
_00611_,3.9µm
_00626_,3.9µm
_00629_,3.9µm
_00649_,3.9µm
_00702_,3.9µm
_00715_,3.9µm
_00778_,3.9µm
_00795_,3.9µm
_00808_,3.9µm
_00812_,3.9µm
_00820_,3.9µm
_00824_,3.9µm
_00847_,3.9µm
_00885_,3.9µm
_00966_,3.9µm
_00985_,3.9µm
_00987_,3.9µm
_00996_,3.9µm
_01013_,3.9µm
_01018_,3.9µm
_01110_,3.9µm
_01149_,3.9µm
_01162_,3.9µm
_01245_,3.9µm
_01248_,3.9µm
_01277_,3.9µm
_01285_,3.9µm
_01297_,3.9µm
_01325_,3.9µm
_01536_,3.9µm
_01585_,3.9µm
_01628_,3.9µm
_01968_,3.9µm
_02148_,3.9µm
_02206_,3.9µm
_02515_,3.9µm
_02520_,3.9µm
_02584_,3.9µm
_02624_,3.9µm
_02849_,3.9µm
_02871_,3.9µm
_02992_,3.9µm
_03071_,3.9µm
_03272_,3.9µm
_03378_,3.9µm
_03441_,3.9µm
_03744_,3.9µm
_03890_,3.9µm
_03904_,3.9µm
_03928_,3.9µm
_03941_,3.9µm
_03951_,3.9µm
_03981_,3.9µm
_04198_,3.9µm
_04266_,3.9µm
_04739_,3.9µm
_04871_,3.9µm
_04890_,3.9µm
_05049_,3.9µm
_05185_,3.9µm
_05208_,3.9µm
_05268_,3.9µm
_06036_,3.9µm
_06093_,3.9µm
_06095_,3.9µm
_06159_,3.9µm
_06185_,3.9µm
_06682_,3.9µm
_06691_,3.9µm
_06731_,3.9µm
_06762_,3.9µm
acc1\[13\],3.9µm
_00058_,3.85µm
_02903_,3.85µm
comm_mem_u0.reg_img_u9.Register_Imag_DataInBUS\[27\],3.85µm
_00132_,3.84µm
_02999_,3.84µm
_03177_,3.84µm
_05867_,3.84µm
net1116,3.84µm
net1118,3.84µm
net1124,3.84µm
net1125,3.84µm
net1132,3.84µm
net1134,3.84µm
net1135,3.84µm
net1136,3.84µm
net1154,3.84µm
net1160,3.84µm
net1170,3.84µm
net1177,3.84µm
net1181,3.84µm
net1187,3.84µm
net1193,3.84µm
net1194,3.84µm
net1197,3.84µm
net1202,3.84µm
net1213,3.84µm
net1235,3.84µm
net1237,3.84µm
net1240,3.84µm
net1242,3.84µm
net1244,3.84µm
net1248,3.84µm
net1251,3.84µm
net1263,3.84µm
net1264,3.84µm
net1266,3.84µm
net1268,3.84µm
net1276,3.84µm
net1278,3.84µm
net1279,3.84µm
net1281,3.84µm
net1290,3.84µm
net1292,3.84µm
net1293,3.84µm
net1297,3.84µm
net1298,3.84µm
net1303,3.84µm
net1306,3.84µm
net1309,3.84µm
net1311,3.84µm
net1314,3.84µm
net1328,3.84µm
net1331,3.84µm
net1343,3.84µm
net1346,3.84µm
net1349,3.84µm
net1354,3.84µm
net1355,3.84µm
net1361,3.84µm
net1371,3.84µm
net1373,3.84µm
net1374,3.84µm
net1377,3.84µm
net1383,3.84µm
net1390,3.84µm
net1410,3.84µm
net1412,3.84µm
net1414,3.84µm
net1435,3.84µm
net1436,3.84µm
net1443,3.84µm
net1445,3.84µm
net1449,3.84µm
net1453,3.84µm
net1455,3.84µm
net1460,3.84µm
net1470,3.84µm
net1471,3.84µm
net1474,3.84µm
net1477,3.84µm
net1481,3.84µm
net1483,3.84µm
net1497,3.84µm
net1504,3.84µm
net1505,3.84µm
net1514,3.84µm
net1524,3.84µm
net1531,3.84µm
net1534,3.84µm
net1541,3.84µm
net1546,3.84µm
net1547,3.84µm
net1555,3.84µm
net1562,3.84µm
net1570,3.84µm
net1571,3.84µm
net1572,3.84µm
net1574,3.84µm
net1578,3.84µm
net1589,3.84µm
net1591,3.84µm
net1592,3.84µm
net1593,3.84µm
net1594,3.84µm
net1595,3.84µm
net1596,3.84µm
net1603,3.84µm
net1604,3.84µm
net1605,3.84µm
net1609,3.84µm
net1610,3.84µm
net1613,3.84µm
net1625,3.84µm
net1626,3.84µm
net1628,3.84µm
net1629,3.84µm
net1637,3.84µm
net1657,3.84µm
net1659,3.84µm
net1662,3.84µm
net1670,3.84µm
net1675,3.84µm
net1678,3.84µm
net1679,3.84µm
net1680,3.84µm
net1684,3.84µm
net1688,3.84µm
net1699,3.84µm
net1700,3.84µm
net1701,3.84µm
net1702,3.84µm
net1712,3.84µm
net1715,3.84µm
net1716,3.84µm
net1718,3.84µm
net1719,3.84µm
net1721,3.84µm
net1722,3.84µm
net1726,3.84µm
net1732,3.84µm
net1736,3.84µm
net1742,3.84µm
net1743,3.84µm
net1744,3.84µm
net1750,3.84µm
net1751,3.84µm
net1753,3.84µm
net1770,3.84µm
net1772,3.84µm
net1781,3.84µm
net1782,3.84µm
net1789,3.84µm
net1791,3.84µm
net1812,3.84µm
net1845,3.84µm
net1848,3.84µm
net1859,3.84µm
net1861,3.84µm
net1863,3.84µm
net1866,3.84µm
net1869,3.84µm
net1870,3.84µm
net1876,3.84µm
net1880,3.84µm
net1894,3.84µm
net1895,3.84µm
_02195_,3.825µm
_03635_,3.825µm
_00117_,3.815µm
_04526_,3.815µm
_00094_,3.78µm
_00096_,3.78µm
_00296_,3.78µm
_00763_,3.78µm
_00826_,3.78µm
_00856_,3.78µm
_00887_,3.78µm
_00924_,3.78µm
_00952_,3.78µm
_00975_,3.78µm
_00984_,3.78µm
_01009_,3.78µm
_01038_,3.78µm
_01206_,3.78µm
_01239_,3.78µm
_01308_,3.78µm
_03206_,3.78µm
_04872_,3.78µm
_02493_,3.765µm
_02334_,3.73µm
_03220_,3.73µm
_00120_,3.72µm
_00130_,3.72µm
_00139_,3.72µm
_00154_,3.72µm
_00189_,3.72µm
_00219_,3.72µm
_00236_,3.72µm
_00241_,3.72µm
_00242_,3.72µm
_00250_,3.72µm
_00269_,3.72µm
_00270_,3.72µm
_00272_,3.72µm
_00274_,3.72µm
_00278_,3.72µm
_00286_,3.72µm
_00293_,3.72µm
_00313_,3.72µm
_00316_,3.72µm
_01760_,3.72µm
_04051_,3.72µm
net1196,3.72µm
net1198,3.72µm
net1280,3.72µm
net1382,3.72µm
net1395,3.72µm
net1444,3.72µm
net1473,3.72µm
net1508,3.72µm
net1523,3.72µm
net1538,3.72µm
net1608,3.72µm
net1661,3.72µm
net1667,3.72µm
net1671,3.72µm
net1813,3.72µm
net1824,3.72µm
_00105_,3.715µm
_00146_,3.715µm
_00149_,3.715µm
_00195_,3.715µm
_00207_,3.715µm
_02970_,3.715µm
_03276_,3.715µm
_04133_,3.715µm
_04817_,3.715µm
_06396_,3.715µm
_06761_,3.715µm
comm_mem_u0.reg_img_u8.Register_Imag_DataInBUS\[3\],3.715µm
_01124_,3.705µm
_03045_,3.705µm
_00989_,3.69µm
_00521_,3.66µm
_02103_,3.66µm
_02806_,3.66µm
_04726_,3.66µm
_05098_,3.66µm
net1458,3.66µm
_04321_,3.655µm
_02240_,3.645µm
net1600,3.63µm
_00102_,3.62µm
_00111_,3.62µm
_00133_,3.62µm
_00135_,3.62µm
_00153_,3.62µm
_00155_,3.62µm
_00161_,3.62µm
_00166_,3.62µm
_00168_,3.62µm
_00171_,3.62µm
_00172_,3.62µm
_00180_,3.62µm
_00181_,3.62µm
_00187_,3.62µm
_00201_,3.62µm
_00202_,3.62µm
_00212_,3.62µm
_00213_,3.62µm
_00302_,3.62µm
_01737_,3.62µm
_01766_,3.62µm
_02631_,3.62µm
_04633_,3.62µm
_05252_,3.62µm
_05464_,3.62µm
_06231_,3.62µm
_06242_,3.62µm
_06251_,3.62µm
_06252_,3.62µm
_06464_,3.62µm
_06612_,3.62µm
_04914_,3.615µm
_01234_,3.61µm
_01925_,3.61µm
_01933_,3.61µm
_02252_,3.61µm
_02388_,3.61µm
_02461_,3.61µm
_02506_,3.61µm
_02747_,3.61µm
_02798_,3.61µm
_02810_,3.61µm
_03159_,3.61µm
_03224_,3.61µm
_03270_,3.61µm
_03310_,3.61µm
_04183_,3.61µm
_04203_,3.61µm
_04246_,3.61µm
_04354_,3.61µm
_04587_,3.61µm
_04840_,3.61µm
_05018_,3.61µm
_05046_,3.61µm
_05144_,3.61µm
_05179_,3.61µm
_05217_,3.61µm
_05264_,3.61µm
_05788_,3.61µm
_06141_,3.61µm
_06186_,3.61µm
_06365_,3.61µm
_06611_,3.61µm
_06718_,3.61µm
_01746_,3.6µm
_03123_,3.6µm
_03667_,3.6µm
_04476_,3.6µm
net1253,3.6µm
_02581_,3.56µm
_03281_,3.56µm
_05379_,3.56µm
_03372_,3.55µm
_03972_,3.55µm
_06689_,3.55µm
_00251_,3.54µm
_00365_,3.54µm
_00428_,3.54µm
_00433_,3.54µm
_00473_,3.54µm
_00498_,3.54µm
_00500_,3.54µm
_00515_,3.54µm
_00542_,3.54µm
_00552_,3.54µm
_00571_,3.54µm
_00607_,3.54µm
_00621_,3.54µm
_00653_,3.54µm
_01048_,3.54µm
_01050_,3.54µm
_01069_,3.54µm
_01125_,3.54µm
_01166_,3.54µm
_05002_,3.54µm
_05883_,3.54µm
_05569_,3.53µm
_01686_,3.525µm
comm_mem_u0.reg_img_u8.Register_Imag_DataInBUS\[12\],3.49µm
_00055_,3.48µm
_00059_,3.48µm
_00066_,3.48µm
_00068_,3.48µm
_00112_,3.48µm
_00115_,3.48µm
_00123_,3.48µm
_00141_,3.48µm
_00144_,3.48µm
_00152_,3.48µm
_00159_,3.48µm
_00160_,3.48µm
_00164_,3.48µm
_00188_,3.48µm
_00245_,3.48µm
_00254_,3.48µm
_00264_,3.48µm
_00289_,3.48µm
_01581_,3.48µm
_01602_,3.48µm
_01774_,3.48µm
_02113_,3.48µm
_02122_,3.48µm
_02137_,3.48µm
_02188_,3.48µm
_02751_,3.48µm
_02995_,3.48µm
_03703_,3.48µm
_03905_,3.48µm
_03975_,3.48µm
_04092_,3.48µm
_04355_,3.48µm
_04440_,3.48µm
_04480_,3.48µm
_04619_,3.48µm
_04686_,3.48µm
_04977_,3.48µm
_05169_,3.48µm
_05190_,3.48µm
_05534_,3.48µm
_06078_,3.48µm
_06219_,3.48µm
_06327_,3.48µm
_06350_,3.48µm
_06412_,3.48µm
_06415_,3.48µm
_06432_,3.48µm
_06738_,3.48µm
comm_mem_u0.reg_img_u9.Register_Imag_DataInBUS\[11\],3.48µm
comm_mem_u0.reg_wgt_u2.Register_Weight_DataInBUS\[5\],3.48µm
_03157_,3.475µm
_06680_,3.45µm
_00504_,3.43µm
_01071_,3.43µm
_01123_,3.43µm
_02744_,3.43µm
_00015_,3.42µm
_00047_,3.42µm
_00050_,3.42µm
_00052_,3.42µm
_00063_,3.42µm
_00078_,3.42µm
_00079_,3.42µm
_00099_,3.42µm
_00114_,3.42µm
_00158_,3.42µm
_00295_,3.42µm
_00298_,3.42µm
_00306_,3.42µm
_00325_,3.42µm
_00362_,3.42µm
_00382_,3.42µm
_00389_,3.42µm
_00441_,3.42µm
_00453_,3.42µm
_00459_,3.42µm
_00489_,3.42µm
_00492_,3.42µm
_00510_,3.42µm
_00511_,3.42µm
_00516_,3.42µm
_00517_,3.42µm
_00560_,3.42µm
_00664_,3.42µm
_00666_,3.42µm
_00726_,3.42µm
_00736_,3.42µm
_00737_,3.42µm
_00747_,3.42µm
_00783_,3.42µm
_00788_,3.42µm
_00792_,3.42µm
_00796_,3.42µm
_00801_,3.42µm
_00804_,3.42µm
_00807_,3.42µm
_00810_,3.42µm
_00816_,3.42µm
_00843_,3.42µm
_00890_,3.42µm
_00899_,3.42µm
_00906_,3.42µm
_00908_,3.42µm
_00910_,3.42µm
_00917_,3.42µm
_00918_,3.42µm
_00939_,3.42µm
_00944_,3.42µm
_00951_,3.42µm
_00968_,3.42µm
_00988_,3.42µm
_00995_,3.42µm
_00998_,3.42µm
_01002_,3.42µm
_01004_,3.42µm
_01022_,3.42µm
_01041_,3.42µm
_01091_,3.42µm
_01138_,3.42µm
_01150_,3.42µm
_01160_,3.42µm
_01164_,3.42µm
_01209_,3.42µm
_01223_,3.42µm
_01224_,3.42µm
_01246_,3.42µm
_01274_,3.42µm
_01295_,3.42µm
_01559_,3.42µm
_01569_,3.42µm
_01715_,3.42µm
_01722_,3.42µm
_01896_,3.42µm
_01927_,3.42µm
_01947_,3.42µm
_02060_,3.42µm
_02126_,3.42µm
_02222_,3.42µm
_02235_,3.42µm
_02508_,3.42µm
_02623_,3.42µm
_02685_,3.42µm
_02701_,3.42µm
_02790_,3.42µm
_02800_,3.42µm
_02923_,3.42µm
_03055_,3.42µm
_03056_,3.42µm
_03156_,3.42µm
_03184_,3.42µm
_03278_,3.42µm
_03308_,3.42µm
_03319_,3.42µm
_03331_,3.42µm
_03677_,3.42µm
_03891_,3.42µm
_03957_,3.42µm
_04309_,3.42µm
_04374_,3.42µm
_04409_,3.42µm
_04583_,3.42µm
_04632_,3.42µm
_04674_,3.42µm
_04975_,3.42µm
_05050_,3.42µm
_05067_,3.42µm
_05178_,3.42µm
_05563_,3.42µm
_05713_,3.42µm
_06168_,3.42µm
_06179_,3.42µm
_06619_,3.42µm
_06734_,3.42µm
comm_mem_u0.reg_img_u8.Register_Imag_DataInBUS\[0\],3.42µm
comm_mem_u0.spi_u0.miso_active,3.42µm
_00017_,3.36µm
_02966_,3.36µm
_03225_,3.36µm
_03669_,3.36µm
_03937_,3.36µm
_06512_,3.36µm
net1121,3.36µm
net1166,3.36µm
net1246,3.36µm
net1260,3.36µm
net1304,3.36µm
net1317,3.36µm
net1330,3.36µm
net1364,3.36µm
net1513,3.36µm
net1529,3.36µm
net1563,3.36µm
net1615,3.36µm
net1622,3.36µm
net1654,3.36µm
net1778,3.36µm
net1799,3.36µm
net1823,3.36µm
net1837,3.36µm
net1852,3.36µm
net1873,3.36µm
_02256_,3.345µm
_03236_,3.34µm
_03560_,3.34µm
_04289_,3.34µm
_00108_,3.3µm
_00113_,3.3µm
_00170_,3.3µm
_00194_,3.3µm
_00209_,3.3µm
_00258_,3.3µm
_00263_,3.3µm
_00513_,3.3µm
_06616_,3.3µm
_03320_,3.27µm
_06230_,3.25µm
_00449_,3.24µm
_00771_,3.24µm
_01616_,3.24µm
_01731_,3.24µm
_02721_,3.24µm
_02972_,3.24µm
_04367_,3.24µm
_04842_,3.24µm
_06160_,3.24µm
_06208_,3.24µm
_06216_,3.24µm
_06480_,3.24µm
_01626_,3.235µm
_02604_,3.235µm
_02770_,3.235µm
_03491_,3.235µm
_03962_,3.235µm
_04015_,3.235µm
_04777_,3.235µm
_04801_,3.235µm
_04924_,3.235µm
_06664_,3.235µm
_06684_,3.235µm
_06690_,3.235µm
_03140_,3.225µm
_05141_,3.21µm
_01647_,3.18µm
_01741_,3.18µm
_02290_,3.18µm
_04359_,3.18µm
_06102_,3.18µm
_06695_,3.18µm
_06531_,3.175µm
_06705_,3.175µm
_04870_,3.165µm
_02337_,3.145µm
_01117_,3.14µm
_01118_,3.14µm
_01398_,3.14µm
_02028_,3.14µm
_02038_,3.14µm
_02365_,3.14µm
_02598_,3.14µm
_02617_,3.14µm
_02785_,3.14µm
_03048_,3.14µm
_03201_,3.14µm
_03657_,3.14µm
_03907_,3.14µm
_03966_,3.14µm
_05272_,3.14µm
_05410_,3.14µm
_05898_,3.14µm
_05902_,3.14µm
_06026_,3.14µm
_06030_,3.14µm
_06038_,3.14µm
_06212_,3.14µm
_06303_,3.14µm
_06397_,3.14µm
_06447_,3.14µm
_06526_,3.14µm
_00770_,3.13µm
_01957_,3.13µm
_01960_,3.13µm
_02217_,3.13µm
_02353_,3.13µm
_02370_,3.13µm
_02463_,3.13µm
_02527_,3.13µm
_02732_,3.13µm
_02924_,3.13µm
_03251_,3.13µm
_03438_,3.13µm
_03609_,3.13µm
_03852_,3.13µm
_03945_,3.13µm
_04238_,3.13µm
_04294_,3.13µm
_04424_,3.13µm
_04445_,3.13µm
_04519_,3.13µm
_04553_,3.13µm
_04774_,3.13µm
_04876_,3.13µm
_05044_,3.13µm
_05524_,3.13µm
_05685_,3.13µm
_05969_,3.13µm
_06229_,3.13µm
_06656_,3.13µm
_06701_,3.13µm
_02862_,3.12µm
_03030_,3.12µm
_03783_,3.12µm
_05040_,3.12µm
_03644_,3.08µm
_05683_,3.08µm
_01629_,3.07µm
_03927_,3.07µm
_00353_,3.06µm
_00375_,3.06µm
_00414_,3.06µm
_00452_,3.06µm
_00579_,3.06µm
_00620_,3.06µm
_00728_,3.06µm
_00730_,3.06µm
_01116_,3.06µm
_01200_,3.06µm
_02128_,3.06µm
_02291_,3.06µm
_02726_,3.06µm
_03226_,3.06µm
_04438_,3.06µm
_04652_,3.03µm
_00067_,3µm
_00071_,3µm
_00075_,3µm
_00076_,3µm
_00106_,3µm
_00129_,3µm
_00162_,3µm
_00193_,3µm
_00197_,3µm
_00198_,3µm
_00203_,3µm
_00208_,3µm
_00214_,3µm
_00224_,3µm
_00225_,3µm
_00239_,3µm
_00244_,3µm
_00248_,3µm
_00253_,3µm
_00273_,3µm
_00288_,3µm
_00297_,3µm
_00311_,3µm
_01503_,3µm
_01617_,3µm
_01751_,3µm
_01883_,3µm
_02068_,3µm
_02124_,3µm
_02190_,3µm
_02389_,3µm
_02438_,3µm
_02470_,3µm
_02601_,3µm
_02729_,3µm
_02824_,3µm
_02910_,3µm
_03013_,3µm
_03143_,3µm
_03209_,3µm
_03535_,3µm
_03598_,3µm
_03807_,3µm
_03856_,3µm
_03882_,3µm
_03903_,3µm
_04247_,3µm
_04250_,3µm
_04298_,3µm
_04311_,3µm
_04347_,3µm
_04495_,3µm
_04550_,3µm
_04627_,3µm
_04642_,3µm
_04699_,3µm
_04821_,3µm
_04822_,3µm
_04971_,3µm
_04988_,3µm
_05183_,3µm
_05258_,3µm
_05532_,3µm
_05656_,3µm
_06122_,3µm
_06146_,3µm
_06165_,3µm
_06321_,3µm
_06336_,3µm
_06353_,3µm
_06380_,3µm
_06395_,3µm
_06496_,3µm
_06604_,3µm
_06623_,3µm
acc0\[0\],3µm
comm_mem_u0.o_img_row08\[17\],3µm
comm_mem_u0.o_img_row09\[6\],3µm
comm_mem_u0.reg_img_u8.Register_Imag_DataInBUS\[24\],3µm
comm_mem_u0.reg_img_u9.Register_Imag_DataInBUS\[13\],3µm
comm_mem_u0.reg_img_u9.Register_Imag_DataInBUS\[15\],3µm
comm_mem_u0.reg_wgt_u3.Register_Weight_DataInBUS\[13\],3µm
_03210_,2.98µm
_05985_,2.96µm
_00044_,2.94µm
_00065_,2.94µm
_00070_,2.94µm
_00081_,2.94µm
_00103_,2.94µm
_00109_,2.94µm
_00118_,2.94µm
_00121_,2.94µm
_00137_,2.94µm
_00169_,2.94µm
_00192_,2.94µm
_00211_,2.94µm
_00240_,2.94µm
_00282_,2.94µm
_00358_,2.94µm
_00369_,2.94µm
_00388_,2.94µm
_00507_,2.94µm
_00526_,2.94µm
_00544_,2.94µm
_00553_,2.94µm
_00554_,2.94µm
_00628_,2.94µm
_00667_,2.94µm
_00668_,2.94µm
_00692_,2.94µm
_00731_,2.94µm
_00774_,2.94µm
_00780_,2.94µm
_00831_,2.94µm
_00837_,2.94µm
_00863_,2.94µm
_00867_,2.94µm
_00883_,2.94µm
_00903_,2.94µm
_00923_,2.94µm
_01010_,2.94µm
_01030_,2.94µm
_01145_,2.94µm
_01146_,2.94µm
_01151_,2.94µm
_01219_,2.94µm
_01401_,2.94µm
_01612_,2.94µm
_01665_,2.94µm
_01736_,2.94µm
_01864_,2.94µm
_02096_,2.94µm
_02241_,2.94µm
_02296_,2.94µm
_02421_,2.94µm
_02592_,2.94µm
_02603_,2.94µm
_02909_,2.94µm
_02953_,2.94µm
_03050_,2.94µm
_03119_,2.94µm
_03610_,2.94µm
_03643_,2.94µm
_03682_,2.94µm
_03687_,2.94µm
_03880_,2.94µm
_04006_,2.94µm
_04278_,2.94µm
_04481_,2.94µm
_04678_,2.94µm
_04772_,2.94µm
_04790_,2.94µm
_04969_,2.94µm
_05497_,2.94µm
_05510_,2.94µm
_05636_,2.94µm
_05972_,2.94µm
comm_mem_u0.reg_img_u9.Register_Imag_DataInBUS\[0\],2.94µm
comm_mem_u0.reg_img_u9.Register_Imag_DataInBUS\[16\],2.94µm
_01998_,2.92µm
_06213_,2.92µm
_04295_,2.91µm
_02669_,2.895µm
_06502_,2.88µm
_06511_,2.88µm
comm_mem_u0.reg_img_u9.Register_Imag_DataInBUS\[4\],2.875µm
_00946_,2.85µm
_01270_,2.85µm
_02220_,2.83µm
_01119_,2.82µm
_01182_,2.82µm
_03459_,2.82µm
_05694_,2.82µm
_00261_,2.76µm
_00773_,2.76µm
_01106_,2.76µm
_01303_,2.76µm
_01586_,2.76µm
_01636_,2.76µm
_01679_,2.76µm
_01699_,2.76µm
_02108_,2.76µm
_02282_,2.76µm
_02321_,2.76µm
_02589_,2.76µm
_03023_,2.76µm
_03385_,2.76µm
_03633_,2.76µm
_04276_,2.76µm
_04388_,2.76µm
_04629_,2.76µm
_04909_,2.76µm
_05168_,2.76µm
_05874_,2.76µm
_05941_,2.76µm
_05975_,2.76µm
_05982_,2.76µm
_06033_,2.76µm
_06156_,2.76µm
_06655_,2.76µm
_06675_,2.76µm
_06677_,2.76µm
_06681_,2.76µm
_06685_,2.76µm
_06743_,2.76µm
_06745_,2.76µm
_01088_,2.755µm
_01092_,2.755µm
_01619_,2.755µm
_01663_,2.755µm
_03064_,2.755µm
_03362_,2.755µm
_04000_,2.755µm
_06023_,2.755µm
_06058_,2.755µm
_06661_,2.755µm
_06673_,2.755µm
_06683_,2.755µm
_06697_,2.755µm
_06706_,2.755µm
proc_u0.cnn_ctrl_u0.cnn_inst.cnn_inst.en_maxpool,2.755µm
_00450_,2.745µm
_02629_,2.73µm
_03711_,2.73µm
_04272_,2.73µm
_02935_,2.7µm
_03933_,2.7µm
_05035_,2.7µm
_05481_,2.7µm
_06182_,2.7µm
_02868_,2.695µm
_06472_,2.685µm
_06610_,2.685µm
_00640_,2.68µm
_06180_,2.68µm
_02071_,2.665µm
_00464_,2.66µm
_00483_,2.66µm
_00596_,2.66µm
_01099_,2.66µm
_01105_,2.66µm
_01235_,2.66µm
_01534_,2.66µm
_01589_,2.66µm
_01743_,2.66µm
_02104_,2.66µm
_02496_,2.66µm
_02724_,2.66µm
_02816_,2.66µm
_02851_,2.66µm
_03510_,2.66µm
_03525_,2.66µm
_04080_,2.66µm
_04711_,2.66µm
_04761_,2.66µm
_04873_,2.66µm
_06091_,2.66µm
_06205_,2.66µm
_06431_,2.66µm
_06437_,2.66µm
_06522_,2.66µm
_06596_,2.66µm
_06659_,2.66µm
_06669_,2.66µm
_06686_,2.66µm
_06688_,2.66µm
_06741_,2.66µm
_01515_,2.65µm
_01578_,2.65µm
_01727_,2.65µm
_01762_,2.65µm
_02017_,2.65µm
_02020_,2.65µm
_02327_,2.65µm
_02482_,2.65µm
_03232_,2.65µm
_03318_,2.65µm
_02989_,2.64µm
_06227_,2.64µm
_03747_,2.605µm
_04341_,2.605µm
_06421_,2.605µm
_00461_,2.6µm
_04748_,2.6µm
_00961_,2.59µm
_02091_,2.59µm
_00005_,2.58µm
_00310_,2.58µm
_00315_,2.58µm
_00423_,2.58µm
_00440_,2.58µm
_00463_,2.58µm
_00481_,2.58µm
_00486_,2.58µm
_00512_,2.58µm
_00519_,2.58µm
_00522_,2.58µm
_00638_,2.58µm
_01052_,2.58µm
_01086_,2.58µm
_01100_,2.58µm
_01115_,2.58µm
_02464_,2.58µm
_02677_,2.58µm
_03621_,2.58µm
_04240_,2.57µm
_02019_,2.535µm
_00056_,2.52µm
_00150_,2.52µm
_00151_,2.52µm
_00167_,2.52µm
_00175_,2.52µm
_00179_,2.52µm
_00183_,2.52µm
_00185_,2.52µm
_00196_,2.52µm
_00199_,2.52µm
_00237_,2.52µm
_00271_,2.52µm
_00290_,2.52µm
_01652_,2.52µm
_01670_,2.52µm
_01712_,2.52µm
_01773_,2.52µm
_01956_,2.52µm
_02236_,2.52µm
_02418_,2.52µm
_02423_,2.52µm
_02426_,2.52µm
_02588_,2.52µm
_02626_,2.52µm
_02687_,2.52µm
_03063_,2.52µm
_03133_,2.52µm
_03273_,2.52µm
_03607_,2.52µm
_03620_,2.52µm
_03652_,2.52µm
_03822_,2.52µm
_03959_,2.52µm
_03965_,2.52µm
_04171_,2.52µm
_04268_,2.52µm
_04493_,2.52µm
_04516_,2.52µm
_04680_,2.52µm
_04964_,2.52µm
_05150_,2.52µm
_05246_,2.52µm
_05394_,2.52µm
_05401_,2.52µm
_05420_,2.52µm
_05816_,2.52µm
_05829_,2.52µm
_06056_,2.52µm
_06088_,2.52µm
_06402_,2.52µm
_06764_,2.52µm
comm_mem_u0.reg_img_u9.Register_Imag_DataInBUS\[8\],2.52µm
comm_mem_u0.reg_img_u9.Register_Imag_DataInBUS\[9\],2.52µm
_05164_,2.42µm
_06481_,2.4µm
_00873_,2.37µm
_00889_,2.37µm
_00940_,2.37µm
_01260_,2.37µm
_00456_,2.34µm
_00575_,2.34µm
_03449_,2.34µm
_03680_,2.34µm
_04610_,2.34µm
_06197_,2.34µm
_02254_,2.315µm
_02209_,2.29µm
_00594_,2.28µm
_00772_,2.28µm
_01304_,2.28µm
_01494_,2.28µm
_01560_,2.28µm
_01570_,2.28µm
_01579_,2.28µm
_01603_,2.28µm
_01634_,2.28µm
_01640_,2.28µm
_01659_,2.28µm
_01713_,2.28µm
_01749_,2.28µm
_01763_,2.28µm
_02630_,2.28µm
_02688_,2.28µm
_02708_,2.28µm
_02712_,2.28µm
_02776_,2.28µm
_03072_,2.28µm
_03076_,2.28µm
_03086_,2.28µm
_03462_,2.28µm
_03694_,2.28µm
_04307_,2.28µm
_04479_,2.28µm
_04533_,2.28µm
_04905_,2.28µm
_05056_,2.28µm
_05212_,2.28µm
_05223_,2.28µm
_05904_,2.28µm
_06084_,2.28µm
_06586_,2.28µm
_06735_,2.28µm
_01386_,2.275µm
_01572_,2.275µm
_01627_,2.275µm
_01641_,2.275µm
_01676_,2.275µm
_03696_,2.275µm
_03786_,2.275µm
_03885_,2.275µm
_03896_,2.275µm
_05478_,2.275µm
_05876_,2.275µm
_05979_,2.275µm
_06070_,2.275µm
_04700_,2.225µm
_00603_,2.22µm
_02547_,2.22µm
_02756_,2.22µm
_04271_,2.22µm
_04402_,2.22µm
_04514_,2.22µm
_06152_,2.22µm
_01667_,2.21µm
_03619_,2.195µm
_00601_,2.18µm
_01108_,2.18µm
_01544_,2.18µm
_01575_,2.18µm
_01582_,2.18µm
_01584_,2.18µm
_01660_,2.18µm
_01684_,2.18µm
_01692_,2.18µm
_01717_,2.18µm
_01733_,2.18µm
_01770_,2.18µm
_01772_,2.18µm
_02693_,2.18µm
_02765_,2.18µm
_03943_,2.18µm
_04498_,2.18µm
_04543_,2.18µm
_04547_,2.18µm
_06240_,2.18µm
_06323_,2.18µm
_06438_,2.18µm
_06475_,2.18µm
_06527_,2.18µm
_00355_,2.17µm
_00366_,2.17µm
_00465_,2.17µm
_00472_,2.17µm
_00475_,2.17µm
_00477_,2.17µm
_00559_,2.17µm
_00572_,2.17µm
_00627_,2.17µm
_00745_,2.17µm
_00880_,2.17µm
_02349_,2.17µm
_02998_,2.17µm
_03531_,2.17µm
_03939_,2.17µm
_04236_,2.17µm
_05270_,2.17µm
_05298_,2.17µm
_05650_,2.17µm
_06343_,2.17µm
_06725_,2.17µm
_02281_,2.165µm
_06732_,2.125µm
_04803_,2.12µm
_00377_,2.1µm
_00378_,2.1µm
_00416_,2.1µm
_00466_,2.1µm
_00647_,2.1µm
_00695_,2.1µm
_01282_,1.92µm
_04170_,1.92µm
_06490_,1.92µm
_06549_,1.92µm
_04668_,1.91µm
_02043_,1.9µm
_02187_,1.87µm
_04885_,1.87µm
_05385_,1.87µm
_00420_,1.86µm
_00524_,1.86µm
_00531_,1.86µm
_00546_,1.86µm
_00548_,1.86µm
_00556_,1.86µm
_00599_,1.86µm
_00615_,1.86µm
_00655_,1.86µm
_00693_,1.86µm
_00718_,1.86µm
_01094_,1.86µm
_03326_,1.86µm
_03709_,1.86µm
_03938_,1.86µm
_05498_,1.86µm
_01756_,1.81µm
_06389_,1.81µm
_00324_,1.8µm
_00332_,1.8µm
_00340_,1.8µm
_00348_,1.8µm
_00356_,1.8µm
_00357_,1.8µm
_00384_,1.8µm
_00393_,1.8µm
_00395_,1.8µm
_00409_,1.8µm
_00411_,1.8µm
_00417_,1.8µm
_00424_,1.8µm
_00425_,1.8µm
_00426_,1.8µm
_00427_,1.8µm
_00434_,1.8µm
_00443_,1.8µm
_00448_,1.8µm
_00454_,1.8µm
_00470_,1.8µm
_00471_,1.8µm
_00476_,1.8µm
_00478_,1.8µm
_00496_,1.8µm
_00497_,1.8µm
_00499_,1.8µm
_00508_,1.8µm
_00509_,1.8µm
_00527_,1.8µm
_00530_,1.8µm
_00535_,1.8µm
_00539_,1.8µm
_00540_,1.8µm
_00547_,1.8µm
_00550_,1.8µm
_00551_,1.8µm
_00557_,1.8µm
_00561_,1.8µm
_00562_,1.8µm
_00563_,1.8µm
_00574_,1.8µm
_00581_,1.8µm
_00582_,1.8µm
_00586_,1.8µm
_00592_,1.8µm
_00595_,1.8µm
_00608_,1.8µm
_00618_,1.8µm
_00619_,1.8µm
_00630_,1.8µm
_00632_,1.8µm
_00634_,1.8µm
_00635_,1.8µm
_00636_,1.8µm
_00637_,1.8µm
_00644_,1.8µm
_00646_,1.8µm
_00648_,1.8µm
_00652_,1.8µm
_00665_,1.8µm
_00670_,1.8µm
_00671_,1.8µm
_00674_,1.8µm
_00675_,1.8µm
_00686_,1.8µm
_00710_,1.8µm
_00712_,1.8µm
_00727_,1.8µm
_00735_,1.8µm
_00738_,1.8µm
_00739_,1.8µm
_00743_,1.8µm
_00744_,1.8µm
_00746_,1.8µm
_00749_,1.8µm
_00750_,1.8µm
_00751_,1.8µm
_00752_,1.8µm
_00753_,1.8µm
_00757_,1.8µm
_00758_,1.8µm
_00762_,1.8µm
_00764_,1.8µm
_00767_,1.8µm
_00768_,1.8µm
_00769_,1.8µm
_00775_,1.8µm
_00777_,1.8µm
_00814_,1.8µm
_00818_,1.8µm
_00819_,1.8µm
_00828_,1.8µm
_00830_,1.8µm
_00832_,1.8µm
_00834_,1.8µm
_00836_,1.8µm
_00844_,1.8µm
_00846_,1.8µm
_00851_,1.8µm
_00854_,1.8µm
_00865_,1.8µm
_00877_,1.8µm
_00882_,1.8µm
_00884_,1.8µm
_00886_,1.8µm
_00888_,1.8µm
_00893_,1.8µm
_00895_,1.8µm
_00896_,1.8µm
_00898_,1.8µm
_00900_,1.8µm
_00909_,1.8µm
_00942_,1.8µm
_00945_,1.8µm
_00958_,1.8µm
_00967_,1.8µm
_01011_,1.8µm
_01017_,1.8µm
_01084_,1.8µm
_01093_,1.8µm
_01095_,1.8µm
_01107_,1.8µm
_01112_,1.8µm
_01147_,1.8µm
_01159_,1.8µm
_01165_,1.8µm
_01199_,1.8µm
_01203_,1.8µm
_01208_,1.8µm
_01221_,1.8µm
_01225_,1.8µm
_01242_,1.8µm
_01243_,1.8µm
_01250_,1.8µm
_01251_,1.8µm
_01254_,1.8µm
_01255_,1.8µm
_01256_,1.8µm
_01261_,1.8µm
_01266_,1.8µm
_01272_,1.8µm
_01298_,1.8µm
_01305_,1.8µm
_01901_,1.8µm
_02008_,1.8µm
_02112_,1.8µm
_02184_,1.8µm
_02210_,1.8µm
_02215_,1.8µm
_02269_,1.8µm
_02350_,1.8µm
_02556_,1.8µm
_02571_,1.8µm
_02574_,1.8µm
_02653_,1.8µm
_02704_,1.8µm
_02745_,1.8µm
_02780_,1.8µm
_02831_,1.8µm
_02997_,1.8µm
_03301_,1.8µm
_03312_,1.8µm
_03347_,1.8µm
_03564_,1.8µm
_03836_,1.8µm
_03902_,1.8µm
_04229_,1.8µm
_04270_,1.8µm
_04279_,1.8µm
_04291_,1.8µm
_04331_,1.8µm
_04344_,1.8µm
_04348_,1.8µm
_04406_,1.8µm
_04503_,1.8µm
_04597_,1.8µm
_04648_,1.8µm
_04729_,1.8µm
_04976_,1.8µm
_05142_,1.8µm
_05147_,1.8µm
_05313_,1.8µm
_05438_,1.8µm
_05508_,1.8µm
_05536_,1.8µm
_05807_,1.8µm
_05831_,1.8µm
_05884_,1.8µm
_05970_,1.8µm
_05992_,1.8µm
_06004_,1.8µm
_06711_,1.8µm
_06713_,1.8µm
_06717_,1.8µm
_06728_,1.8µm
_06729_,1.8µm
_06737_,1.8µm
_06757_,1.8µm
_06758_,1.8µm
_06760_,1.8µm
_06771_,1.8µm
_04419_,1.795µm
_04853_,1.795µm
_05021_,1.795µm
_06277_,1.795µm
_06385_,1.795µm
comm_mem_u0.o_img_row00\[29\],1.795µm
comm_mem_u0.spi_u0.loader_weight_sm.STATE_Signal,1.795µm
_02025_,1.74µm
_05171_,1.74µm
_06381_,1.73µm
_06125_,1.705µm
_02887_,1.7µm
_03864_,1.7µm
_04968_,1.7µm
_06589_,1.7µm
_00430_,1.59µm
_00605_,1.59µm
_00740_,1.59µm
_00741_,1.59µm
_00742_,1.59µm
_00754_,1.59µm
_00755_,1.59µm
_00821_,1.59µm
_02925_,1.51µm
_02484_,1.495µm
_00028_,1.44µm
_01185_,1.44µm
_03650_,1.44µm
_06190_,1.44µm
_06193_,1.44µm
_06194_,1.44µm
_06206_,1.44µm
_06302_,1.44µm
_06305_,1.44µm
_06356_,1.44µm
_06371_,1.44µm
_06378_,1.44µm
_06449_,1.44µm
_02891_,1.435µm
_00030_,1.38µm
_00779_,1.38µm
_01966_,1.38µm
_02119_,1.38µm
_02771_,1.38µm
_03131_,1.38µm
_04252_,1.38µm
_04316_,1.38µm
_04810_,1.38µm
_04881_,1.38µm
_05052_,1.38µm
_05154_,1.38µm
_06207_,1.38µm
_06364_,1.38µm
_06370_,1.38µm
_06373_,1.38µm
_06470_,1.38µm
_06545_,1.38µm
_06559_,1.38µm
acc0\[1\],1.38µm
acc1\[4\],1.38µm
comm_mem_u0.o_img_row00\[1\],1.38µm
comm_mem_u0.o_img_row04\[10\],1.38µm
comm_mem_u0.o_img_row04\[1\],1.38µm
comm_mem_u0.o_img_row06\[2\],1.38µm
comm_mem_u0.reg_img_u8.Register_Imag_DataInBUS\[10\],1.38µm
comm_mem_u0.reg_img_u8.Register_Imag_DataInBUS\[13\],1.38µm
comm_mem_u0.reg_img_u8.Register_Imag_DataInBUS\[20\],1.38µm
comm_mem_u0.reg_img_u8.Register_Imag_DataInBUS\[21\],1.38µm
comm_mem_u0.reg_img_u8.Register_Imag_DataInBUS\[5\],1.38µm
comm_mem_u0.reg_img_u9.Register_Imag_DataInBUS\[10\],1.38µm
comm_mem_u0.reg_img_u9.Register_Imag_DataInBUS\[26\],1.38µm
comm_mem_u0.reg_wgt_u1.Register_Weight_DataInBUS\[12\],1.38µm
_04895_,1.315µm
_00029_,0.96µm
_01126_,0.96µm
_01128_,0.96µm
_01170_,0.96µm
_01173_,0.96µm
_01176_,0.96µm
_01181_,0.96µm
_01183_,0.96µm
_01184_,0.96µm
_01187_,0.96µm
_01195_,0.96µm
_01290_,0.96µm
_02102_,0.96µm
_02262_,0.96µm
_02847_,0.96µm
_03879_,0.96µm
_04393_,0.96µm
_04431_,0.96µm
_05215_,0.96µm
_05280_,0.96µm
_06062_,0.96µm
_06199_,0.96µm
_06209_,0.96µm
_06214_,0.96µm
_06215_,0.96µm
_06228_,0.96µm
_06236_,0.96µm
_06250_,0.96µm
_06253_,0.96µm
_06266_,0.96µm
_06271_,0.96µm
_06285_,0.96µm
_06286_,0.96µm
_06288_,0.96µm
_06300_,0.96µm
_06316_,0.96µm
_06319_,0.96µm
_06332_,0.96µm
_06334_,0.96µm
_06342_,0.96µm
_06345_,0.96µm
_06347_,0.96µm
_06349_,0.96µm
_06351_,0.96µm
_06354_,0.96µm
_06377_,0.96µm
_06398_,0.96µm
_06400_,0.96µm
_06407_,0.96µm
_06409_,0.96µm
_06414_,0.96µm
_06418_,0.96µm
_06448_,0.96µm
_06453_,0.96µm
_06457_,0.96µm
_06468_,0.96µm
_06476_,0.96µm
_06493_,0.96µm
_06507_,0.96µm
_06509_,0.96µm
_06513_,0.96µm
_06514_,0.96µm
_06528_,0.96µm
_06544_,0.96µm
_06555_,0.96µm
_06578_,0.96µm
_06584_,0.96µm
_06592_,0.96µm
_06606_,0.96µm
_06609_,0.96µm
_06614_,0.96µm
_06626_,0.96µm
